# animatediff run 20260529_080644
# cmd: /home/ttuser/tt-metal/python_env/bin/python /home/ttuser/code/tt-local-generator/app/animatediff/examples/generate_blackhole_v2.py --prompt [A child narrating events in third person, moving through a crowded room, handheld follow, and Yellow Submarine animation style.] --negative-prompt blurry, low quality --frames 8 --steps 40 --seed 42 --temporal-alpha 0.35 --output /home/ttuser/.local/share/tt-video-gen/videos/20260529_150644_0b9ca517.gif

AnimateDiff Phase 2.5 — Blackhole TTNN UNet + cross-frame temporal attention
  Prompt         : [A child narrating events in third person, moving through a crowded room, handheld follow, and Yellow Submarine animation style.]
  Frames         : 8  Steps: 40  Seed: 42
  Temporal alpha : 0.35

Opening Blackhole device...
2026-05-29 08:06:46.685 | DEBUG    | ttnn:<module>:77 - Initial ttnn.CONFIG:
Config{cache_path=/home/ttuser/.cache/ttnn,model_cache_path=/home/ttuser/.cache/ttnn/models,tmp_dir=/tmp/ttnn,enable_model_cache=false,enable_fast_runtime_mode=true,throw_exception_on_fallback=false,enable_logging=false,enable_graph_report=false,enable_detailed_buffer_report=false,enable_detailed_tensor_report=false,enable_comparison_mode=false,comparison_mode_should_raise_exception=false,comparison_mode_pcc=0.9999,root_report_path=generated/ttnn/reports,report_name=std::nullopt,std::nullopt}
2026-05-29 08:06:46.765 | warning  |             UMD | File size 56 is not as expected 48 for mutex ARC_MSG_0_PCIe. This could be due to new pthread library version, or some other external factor. (robust_mutex.cpp:185)
2026-05-29 08:06:46.765 | warning  |             UMD | The file was resized, but the initialized flag is correct. This is an unexpected case, the mutex might fail. Mutex name: ARC_MSG_0_PCIe (robust_mutex.cpp:139)
2026-05-29 08:06:46.765 | warning  |             UMD | File size 56 is not as expected 48 for mutex REMOTE_ARC_MSG_0_PCIe. This could be due to new pthread library version, or some other external factor. (robust_mutex.cpp:185)
2026-05-29 08:06:46.765 | warning  |             UMD | The file was resized, but the initialized flag is correct. This is an unexpected case, the mutex might fail. Mutex name: REMOTE_ARC_MSG_0_PCIe (robust_mutex.cpp:139)
2026-05-29 08:06:46.765 | warning  |             UMD | File size 56 is not as expected 48 for mutex ARC_MSG. This could be due to new pthread library version, or some other external factor. (robust_mutex.cpp:185)
2026-05-29 08:06:46.765 | warning  |             UMD | The file was resized, but the initialized flag is correct. This is an unexpected case, the mutex might fail. Mutex name: ARC_MSG (robust_mutex.cpp:139)
2026-05-29 08:06:47.291 | warning  |             UMD | File size 56 is not as expected 48 for mutex ARC_MSG_1_PCIe. This could be due to new pthread library version, or some other external factor. (robust_mutex.cpp:185)
2026-05-29 08:06:47.291 | warning  |             UMD | The file was resized, but the initialized flag is correct. This is an unexpected case, the mutex might fail. Mutex name: ARC_MSG_1_PCIe (robust_mutex.cpp:139)
2026-05-29 08:06:47.291 | warning  |             UMD | File size 56 is not as expected 48 for mutex REMOTE_ARC_MSG_1_PCIe. This could be due to new pthread library version, or some other external factor. (robust_mutex.cpp:185)
2026-05-29 08:06:47.291 | warning  |             UMD | The file was resized, but the initialized flag is correct. This is an unexpected case, the mutex might fail. Mutex name: REMOTE_ARC_MSG_1_PCIe (robust_mutex.cpp:139)
2026-05-29 08:06:47.716 | warning  |             UMD | File size 56 is not as expected 48 for mutex ARC_MSG_2_PCIe. This could be due to new pthread library version, or some other external factor. (robust_mutex.cpp:185)
2026-05-29 08:06:47.716 | warning  |             UMD | The file was resized, but the initialized flag is correct. This is an unexpected case, the mutex might fail. Mutex name: ARC_MSG_2_PCIe (robust_mutex.cpp:139)
2026-05-29 08:06:47.716 | warning  |             UMD | File size 56 is not as expected 48 for mutex REMOTE_ARC_MSG_2_PCIe. This could be due to new pthread library version, or some other external factor. (robust_mutex.cpp:185)
2026-05-29 08:06:47.716 | warning  |             UMD | The file was resized, but the initialized flag is correct. This is an unexpected case, the mutex might fail. Mutex name: REMOTE_ARC_MSG_2_PCIe (robust_mutex.cpp:139)
2026-05-29 08:06:47.716 | warning  |             UMD | File size 56 is not as expected 48 for mutex ARC_MSG. This could be due to new pthread library version, or some other external factor. (robust_mutex.cpp:185)
2026-05-29 08:06:47.716 | warning  |             UMD | The file was resized, but the initialized flag is correct. This is an unexpected case, the mutex might fail. Mutex name: ARC_MSG (robust_mutex.cpp:139)
2026-05-29 08:06:48.142 | warning  |             UMD | File size 56 is not as expected 48 for mutex ARC_MSG_3_PCIe. This could be due to new pthread library version, or some other external factor. (robust_mutex.cpp:185)
2026-05-29 08:06:48.142 | warning  |             UMD | The file was resized, but the initialized flag is correct. This is an unexpected case, the mutex might fail. Mutex name: ARC_MSG_3_PCIe (robust_mutex.cpp:139)
2026-05-29 08:06:48.142 | warning  |             UMD | File size 56 is not as expected 48 for mutex REMOTE_ARC_MSG_3_PCIe. This could be due to new pthread library version, or some other external factor. (robust_mutex.cpp:185)
2026-05-29 08:06:48.142 | warning  |             UMD | The file was resized, but the initialized flag is correct. This is an unexpected case, the mutex might fail. Mutex name: REMOTE_ARC_MSG_3_PCIe (robust_mutex.cpp:139)
2026-05-29 08:06:48.829 | info     |          Device | Opening user mode device driver (tt_cluster.cpp:213)
2026-05-29 08:06:48.862 | warning  |             UMD | File size 56 is not as expected 48 for mutex ARC_MSG_0_PCIe. This could be due to new pthread library version, or some other external factor. (robust_mutex.cpp:185)
2026-05-29 08:06:48.862 | warning  |             UMD | The file was resized, but the initialized flag is correct. This is an unexpected case, the mutex might fail. Mutex name: ARC_MSG_0_PCIe (robust_mutex.cpp:139)
2026-05-29 08:06:48.862 | warning  |             UMD | File size 56 is not as expected 48 for mutex REMOTE_ARC_MSG_0_PCIe. This could be due to new pthread library version, or some other external factor. (robust_mutex.cpp:185)
2026-05-29 08:06:48.862 | warning  |             UMD | The file was resized, but the initialized flag is correct. This is an unexpected case, the mutex might fail. Mutex name: REMOTE_ARC_MSG_0_PCIe (robust_mutex.cpp:139)
2026-05-29 08:06:49.384 | warning  |             UMD | File size 56 is not as expected 48 for mutex ARC_MSG_1_PCIe. This could be due to new pthread library version, or some other external factor. (robust_mutex.cpp:185)
2026-05-29 08:06:49.384 | warning  |             UMD | The file was resized, but the initialized flag is correct. This is an unexpected case, the mutex might fail. Mutex name: ARC_MSG_1_PCIe (robust_mutex.cpp:139)
2026-05-29 08:06:49.384 | warning  |             UMD | File size 56 is not as expected 48 for mutex REMOTE_ARC_MSG_1_PCIe. This could be due to new pthread library version, or some other external factor. (robust_mutex.cpp:185)
2026-05-29 08:06:49.384 | warning  |             UMD | The file was resized, but the initialized flag is correct. This is an unexpected case, the mutex might fail. Mutex name: REMOTE_ARC_MSG_1_PCIe (robust_mutex.cpp:139)
2026-05-29 08:06:53.035 | info     |             UMD | Harvesting mask for chip 3 is 0x1100 (NOC0: 0x1100, simulated harvesting mask: 0x0). (cluster.cpp:399)
2026-05-29 08:06:53.067 | info     |             UMD | Initializing iommu for sysmem (size: 0x100000000). (sysmem_manager.cpp:300)
2026-05-29 08:06:53.067 | info     |             UMD | Allocating sysmem without hugepages (size: 0x100000000). (sysmem_manager.cpp:306)
2026-05-29 08:06:53.540 | info     |             UMD | Harvesting mask for chip 2 is 0x101 (NOC0: 0x101, simulated harvesting mask: 0x0). (cluster.cpp:399)
2026-05-29 08:06:53.568 | info     |             UMD | Initializing iommu for sysmem (size: 0x100000000). (sysmem_manager.cpp:300)
2026-05-29 08:06:53.568 | info     |             UMD | Allocating sysmem without hugepages (size: 0x100000000). (sysmem_manager.cpp:306)
2026-05-29 08:06:53.964 | info     |             UMD | Harvesting mask for chip 1 is 0x810 (NOC0: 0x810, simulated harvesting mask: 0x0). (cluster.cpp:399)
2026-05-29 08:06:53.992 | info     |             UMD | Initializing iommu for sysmem (size: 0x100000000). (sysmem_manager.cpp:300)
2026-05-29 08:06:53.992 | info     |             UMD | Allocating sysmem without hugepages (size: 0x100000000). (sysmem_manager.cpp:306)
2026-05-29 08:06:54.377 | info     |             UMD | Harvesting mask for chip 0 is 0x2800 (NOC0: 0x2800, simulated harvesting mask: 0x0). (cluster.cpp:399)
2026-05-29 08:06:54.405 | info     |             UMD | Initializing iommu for sysmem (size: 0x100000000). (sysmem_manager.cpp:300)
2026-05-29 08:06:54.405 | info     |             UMD | Allocating sysmem without hugepages (size: 0x100000000). (sysmem_manager.cpp:306)
2026-05-29 08:06:54.787 | info     |             UMD | Opening local chip ids/PCIe ids: {0, 1, 2, 3}/[3, 2, 1, 0] and remote chip ids {} (cluster.cpp:251)
2026-05-29 08:06:54.787 | warning  |             UMD | Firmware version 19.8.0 on the system is newer than the maximum supported version 18.10.0 for blackhole architecture. New features may not be supported. (cluster.cpp:211)
2026-05-29 08:06:54.787 | info     |             UMD | All devices in cluster running firmware version: 19.8.0 (cluster.cpp:231)
2026-05-29 08:06:54.787 | info     |             UMD | IOMMU: enabled (cluster.cpp:173)
2026-05-29 08:06:54.787 | info     |             UMD | KMD version: 2.8.0 (cluster.cpp:176)
2026-05-29 08:06:54.814 | info     |             UMD | Pinning pages for DMA: virtual address 0x7fd15b600000 and size 0x100000000 pinned to physical address 0xfffffffe00000000 without mapping to noc (pci_device.cpp:678)
2026-05-29 08:06:54.814 | info     |             UMD | Mapped sysmem without hugepages to IOVA 0xfffffffe00000000; NOC address 0x4ac846f8 (sysmem_manager.cpp:354)
2026-05-29 08:06:54.814 | info     |             UMD | Device: 3 Mapped iATU region 0 from 0x0 to 0x3fffffff to 0xfffffffe00000000 (blackhole_tt_device.cpp:92)
2026-05-29 08:06:54.814 | info     |             UMD | Device: 3 Mapped iATU region 1 from 0x40000000 to 0x7fffffff to 0xfffffffe40000000 (blackhole_tt_device.cpp:92)
2026-05-29 08:06:54.814 | info     |             UMD | Device: 3 Mapped iATU region 2 from 0x80000000 to 0xbfffffff to 0xfffffffe80000000 (blackhole_tt_device.cpp:92)
2026-05-29 08:06:54.814 | info     |             UMD | Device: 3 Mapped iATU region 3 from 0xc0000000 to 0xffffffff to 0xfffffffec0000000 (blackhole_tt_device.cpp:92)
2026-05-29 08:06:54.841 | info     |             UMD | Pinning pages for DMA: virtual address 0x7fda7b600000 and size 0x100000000 pinned to physical address 0xfffffffe00000000 without mapping to noc (pci_device.cpp:678)
2026-05-29 08:06:54.841 | info     |             UMD | Mapped sysmem without hugepages to IOVA 0xfffffffe00000000; NOC address 0x4ac848c8 (sysmem_manager.cpp:354)
2026-05-29 08:06:54.841 | info     |             UMD | Device: 2 Mapped iATU region 0 from 0x0 to 0x3fffffff to 0xfffffffe00000000 (blackhole_tt_device.cpp:92)
2026-05-29 08:06:54.841 | info     |             UMD | Device: 2 Mapped iATU region 1 from 0x40000000 to 0x7fffffff to 0xfffffffe40000000 (blackhole_tt_device.cpp:92)
2026-05-29 08:06:54.841 | info     |             UMD | Device: 2 Mapped iATU region 2 from 0x80000000 to 0xbfffffff to 0xfffffffe80000000 (blackhole_tt_device.cpp:92)
2026-05-29 08:06:54.841 | info     |             UMD | Device: 2 Mapped iATU region 3 from 0xc0000000 to 0xffffffff to 0xfffffffec0000000 (blackhole_tt_device.cpp:92)
2026-05-29 08:06:54.871 | info     |             UMD | Pinning pages for DMA: virtual address 0x7fe39b800000 and size 0x100000000 pinned to physical address 0xfffffffe00000000 without mapping to noc (pci_device.cpp:678)
2026-05-29 08:06:54.871 | info     |             UMD | Mapped sysmem without hugepages to IOVA 0xfffffffe00000000; NOC address 0x4abe2948 (sysmem_manager.cpp:354)
2026-05-29 08:06:54.871 | info     |             UMD | Device: 1 Mapped iATU region 0 from 0x0 to 0x3fffffff to 0xfffffffe00000000 (blackhole_tt_device.cpp:92)
2026-05-29 08:06:54.871 | info     |             UMD | Device: 1 Mapped iATU region 1 from 0x40000000 to 0x7fffffff to 0xfffffffe40000000 (blackhole_tt_device.cpp:92)
2026-05-29 08:06:54.871 | info     |             UMD | Device: 1 Mapped iATU region 2 from 0x80000000 to 0xbfffffff to 0xfffffffe80000000 (blackhole_tt_device.cpp:92)
2026-05-29 08:06:54.871 | info     |             UMD | Device: 1 Mapped iATU region 3 from 0xc0000000 to 0xffffffff to 0xfffffffec0000000 (blackhole_tt_device.cpp:92)
2026-05-29 08:06:54.943 | info     |             UMD | Pinning pages for DMA: virtual address 0x7fecbb800000 and size 0x100000000 pinned to physical address 0xfffffffe00000000 without mapping to noc (pci_device.cpp:678)
2026-05-29 08:06:54.943 | info     |             UMD | Mapped sysmem without hugepages to IOVA 0xfffffffe00000000; NOC address 0x0 (sysmem_manager.cpp:354)
2026-05-29 08:06:54.943 | info     |             UMD | Device: 0 Mapped iATU region 0 from 0x0 to 0x3fffffff to 0xfffffffe00000000 (blackhole_tt_device.cpp:92)
2026-05-29 08:06:54.943 | info     |             UMD | Device: 0 Mapped iATU region 1 from 0x40000000 to 0x7fffffff to 0xfffffffe40000000 (blackhole_tt_device.cpp:92)
2026-05-29 08:06:54.943 | info     |             UMD | Device: 0 Mapped iATU region 2 from 0x80000000 to 0xbfffffff to 0xfffffffe80000000 (blackhole_tt_device.cpp:92)
2026-05-29 08:06:54.943 | info     |             UMD | Device: 0 Mapped iATU region 3 from 0xc0000000 to 0xffffffff to 0xfffffffec0000000 (blackhole_tt_device.cpp:92)
2026-05-29 08:06:55.274 | DEBUG    | ttnn.device:__init__:150 - Using default dispatch core type for this system: DispatchCoreType.WORKER
2026-05-29 08:06:55.274 | DEBUG    | ttnn.device:__init__:152 - Using default dispatch core axis for this system: DispatchCoreAxis.COL
2026-05-29 08:06:55.275 | warning  |          Fabric | Ethernet between chip 0 and chip 1 have 4 expected ethernet ports, but only 2 present (control_plane.cpp:115)
2026-05-29 08:06:55.275 | warning  |          Fabric | Ethernet between chip 0 and chip 3 have 4 expected ethernet ports, but only 2 present (control_plane.cpp:115)
2026-05-29 08:06:55.275 | warning  |          Fabric | Ethernet between chip 1 and chip 0 have 4 expected ethernet ports, but only 2 present (control_plane.cpp:115)
2026-05-29 08:06:55.275 | warning  |          Fabric | Ethernet between chip 1 and chip 2 have 4 expected ethernet ports, but only 2 present (control_plane.cpp:115)
2026-05-29 08:06:55.275 | warning  |          Fabric | Ethernet between chip 3 and chip 0 have 4 expected ethernet ports, but only 2 present (control_plane.cpp:115)
2026-05-29 08:06:55.275 | warning  |          Fabric | Ethernet between chip 3 and chip 2 have 4 expected ethernet ports, but only 2 present (control_plane.cpp:115)
2026-05-29 08:06:55.275 | warning  |          Fabric | Ethernet between chip 2 and chip 1 have 4 expected ethernet ports, but only 2 present (control_plane.cpp:115)
2026-05-29 08:06:55.275 | warning  |          Fabric | Ethernet between chip 2 and chip 3 have 4 expected ethernet ports, but only 2 present (control_plane.cpp:115)
2026-05-29 08:06:55.740 | warning  |           Metal | Opening subset of mmio devices slows down UMD read/write to remote chips. If opening more devices, consider using CreateDevices API. (device_pool.cpp:303)

Loading SD 1.4 models onto Blackhole...
  Loading PyTorch VAE (CPU decode)...
  Loading PyTorch UNet (for config and time_proj)...
  Building TTNN UNet on Blackhole (~2-3 min first run, cached after)...
2026-05-29 08:06:57.493 | DEBUG    | ttnn:manage_config:85 - Set ttnn.CONFIG.enable_logging to False
2026-05-29 08:06:57.494 | DEBUG    | ttnn:manage_config:85 - Set ttnn.CONFIG.enable_comparison_mode to False
2026-05-29 08:06:57.494 | WARNING  | ttnn.model_preprocessing:from_torch:533 - ttnn: model cache can be enabled by passing model_name argument to preprocess_model[_parameters] and setting env variable TTNN_CONFIG_OVERRIDES='{"enable_model_cache": true}'
/home/ttuser/tt-metal/models/demos/wormhole/stable_diffusion/custom_preprocessing.py:33: UserWarning: The use of `x.T` on tensors of dimension other than 2 to reverse their shape is deprecated and it will throw an error in a future release. Consider `x.mT` to transpose batches of matrices or `x.permute(*torch.arange(x.ndim - 1, -1, -1))` to reverse the dimensions of a tensor. (Triggered internally at /pytorch/aten/src/ATen/native/TensorShape.cpp:4413.)
  weight = model.weight.T.contiguous()
2026-05-29 08:06:58.971 | DEBUG    | ttnn.model_preprocessing:from_torch:612 - Moving model weights to device
2026-05-29 08:06:59.119 | DEBUG    | ttnn.model_preprocessing:from_torch:614 - Moved model weights to device
2026-05-29 08:06:59.120 | DEBUG    | ttnn:manage_config:88 - Restored ttnn.CONFIG.enable_comparison_mode to False
2026-05-29 08:06:59.120 | DEBUG    | ttnn:manage_config:88 - Restored ttnn.CONFIG.enable_logging to False
2026-05-29 08:06:59.142 | INFO     | models.demos.wormhole.stable_diffusion.tt.ttnn_functional_unet_2d_condition_model_new_conv:__init__:99 - CIN: height: 64, width: 64, dim: 8192
2026-05-29 08:06:59.142 | INFO     | models.demos.wormhole.stable_diffusion.tt.ttnn_functional_unet_2d_condition_model_new_conv:__init__:105 - D-1: height: 64, width: 64, dim: 8192
2026-05-29 08:07:00.522 | INFO     | models.demos.wormhole.stable_diffusion.tt.ttnn_functional_cross_attention_down_block_2d_new_conv:__init__:36 - Cross Attention Down Block Input = 64x64 Output = 32x32
2026-05-29 08:07:00.522 | INFO     | models.demos.wormhole.stable_diffusion.tt.ttnn_functional_unet_2d_condition_model_new_conv:__init__:132 - D0:  height: 32, width: 32, dim: 2048
2026-05-29 08:07:01.287 | INFO     | models.demos.wormhole.stable_diffusion.tt.ttnn_functional_cross_attention_down_block_2d_new_conv:__init__:36 - Cross Attention Down Block Input = 32x32 Output = 16x16
2026-05-29 08:07:01.287 | INFO     | models.demos.wormhole.stable_diffusion.tt.ttnn_functional_unet_2d_condition_model_new_conv:__init__:132 - D1:  height: 16, width: 16, dim: 512
2026-05-29 08:07:01.996 | INFO     | models.demos.wormhole.stable_diffusion.tt.ttnn_functional_cross_attention_down_block_2d_new_conv:__init__:36 - Cross Attention Down Block Input = 16x16 Output = 8x8
2026-05-29 08:07:01.996 | INFO     | models.demos.wormhole.stable_diffusion.tt.ttnn_functional_unet_2d_condition_model_new_conv:__init__:132 - D2:  height: 8, width: 8, dim: 128
2026-05-29 08:07:02.078 | INFO     | models.demos.wormhole.stable_diffusion.tt.ttnn_functional_unet_2d_condition_model_new_conv:__init__:132 - D3:  height: 8, width: 8, dim: 128
2026-05-29 08:07:02.339 | INFO     | models.demos.wormhole.stable_diffusion.tt.ttnn_functional_unet_2d_condition_model_new_conv:__init__:145 - MID: height: 8, width: 8, dim: 128
2026-05-29 08:07:02.588 | INFO     | models.demos.wormhole.stable_diffusion.tt.ttnn_functional_upsample_2d_new_conv:__init__:68 - Upsample Output = 16x16
2026-05-29 08:07:02.589 | INFO     | models.demos.wormhole.stable_diffusion.tt.ttnn_functional_upblock_2d_new_conv:__init__:31 - Upblock Input = 8x8 Output = 16x16
2026-05-29 08:07:02.589 | INFO     | models.demos.wormhole.stable_diffusion.tt.ttnn_functional_unet_2d_condition_model_new_conv:__init__:174 - UP0: height: 16, width: 16, dim: 512
2026-05-29 08:07:03.380 | INFO     | models.demos.wormhole.stable_diffusion.tt.ttnn_functional_upsample_2d_new_conv:__init__:68 - Upsample Output = 32x32
2026-05-29 08:07:03.380 | INFO     | models.demos.wormhole.stable_diffusion.tt.ttnn_functional_cross_attn_upblock_new_conv:__init__:42 - Cross Attention UpBlock Input = 16x16 Output = 32x32
2026-05-29 08:07:03.380 | INFO     | models.demos.wormhole.stable_diffusion.tt.ttnn_functional_unet_2d_condition_model_new_conv:__init__:174 - UP1: height: 32, width: 32, dim: 2048
2026-05-29 08:07:03.768 | INFO     | models.demos.wormhole.stable_diffusion.tt.ttnn_functional_upsample_2d_new_conv:__init__:68 - Upsample Output = 64x64
2026-05-29 08:07:03.768 | INFO     | models.demos.wormhole.stable_diffusion.tt.ttnn_functional_cross_attn_upblock_new_conv:__init__:42 - Cross Attention UpBlock Input = 32x32 Output = 64x64
2026-05-29 08:07:03.768 | INFO     | models.demos.wormhole.stable_diffusion.tt.ttnn_functional_unet_2d_condition_model_new_conv:__init__:174 - UP2: height: 64, width: 64, dim: 8192
2026-05-29 08:07:04.538 | INFO     | models.demos.wormhole.stable_diffusion.tt.ttnn_functional_cross_attn_upblock_new_conv:__init__:42 - Cross Attention UpBlock Input = 64x64 Output = 64x64
2026-05-29 08:07:04.538 | INFO     | models.demos.wormhole.stable_diffusion.tt.ttnn_functional_unet_2d_condition_model_new_conv:__init__:174 - UP3: height: 64, width: 64, dim: 8192
2026-05-29 08:07:04.538 | INFO     | models.demos.wormhole.stable_diffusion.tt.ttnn_functional_unet_2d_condition_model_new_conv:__init__:190 - COU: height: 64, width: 64, dim: 8192
  Models loaded in 7.7s

Encoding prompts with CLIP...
  Embeddings shape: torch.Size([2, 96, 768])

Generating 8 frames with temporal attention on Blackhole...
2026-05-29 08:07:08.706 | INFO     | models.demos.wormhole.stable_diffusion.tt.ttnn_functional_unet_2d_condition_model_new_conv:__call__:406 - Down block 0
2026-05-29 08:07:22.871 | info     |              Op | act_block_h_override 2 is not a valid override for padded_output_height_ntiles_per_core 7, instead 1 was selected as closest valid option! (conv2d_utils.cpp:401)
2026-05-29 08:07:23.516 | INFO     | models.demos.wormhole.stable_diffusion.tt.ttnn_functional_unet_2d_condition_model_new_conv:__call__:406 - Down block 1
2026-05-29 08:07:37.863 | INFO     | models.demos.wormhole.stable_diffusion.tt.ttnn_functional_unet_2d_condition_model_new_conv:__call__:406 - Down block 2
2026-05-29 08:07:52.572 | INFO     | models.demos.wormhole.stable_diffusion.tt.ttnn_functional_unet_2d_condition_model_new_conv:__call__:406 - Down block 3
2026-05-29 08:07:55.176 | INFO     | models.demos.wormhole.stable_diffusion.tt.ttnn_functional_unet_2d_condition_model_new_conv:__call__:460 - Mid block
2026-05-29 08:07:56.011 | warning  |              Op | Mismatch between computed MemoryConfig(memory_layout=TensorMemoryLayout::BLOCK_SHARDED,buffer_type=BufferType::L1,shard_spec=ShardSpec(grid={[(x=0,y=0) - (x=7,y=3)]},shape={32, 160},orientation=ShardOrientation::ROW_MAJOR),nd_shard_spec=NdShardSpec(shard_shape=Shape([32, 160]),grid={[(x=0,y=0) - (x=7,y=3)]},orientation=ShardOrientation::ROW_MAJOR,shard_distribution_strategy=ShardDistributionStrategy::GRID_2D),created_with_nd_shard_spec=0) and provided MemoryConfig(memory_layout=TensorMemoryLayout::BLOCK_SHARDED,buffer_type=BufferType::L1,shard_spec=ShardSpec(grid={[(x=0,y=0) - (x=7,y=7)]},shape={32, 160},orientation=ShardOrientation::ROW_MAJOR),nd_shard_spec=std::nullopt,created_with_nd_shard_spec=0) mem config. Using computed config. (matmul_op.cpp:1674)
2026-05-29 08:08:02.964 | INFO     | models.demos.wormhole.stable_diffusion.tt.ttnn_functional_unet_2d_condition_model_new_conv:__call__:491 - Up block 0
2026-05-29 08:08:08.123 | INFO     | models.demos.wormhole.stable_diffusion.tt.ttnn_functional_unet_2d_condition_model_new_conv:__call__:491 - Up block 1
2026-05-29 08:08:15.776 | INFO     | models.demos.wormhole.stable_diffusion.tt.ttnn_functional_unet_2d_condition_model_new_conv:__call__:491 - Up block 2
2026-05-29 08:08:24.417 | INFO     | models.demos.wormhole.stable_diffusion.tt.ttnn_functional_unet_2d_condition_model_new_conv:__call__:491 - Up block 3
2026-05-29 08:08:35.155 | INFO     | models.demos.wormhole.stable_diffusion.tt.ttnn_functional_unet_2d_condition_model_new_conv:__call__:406 - Down block 0
2026-05-29 08:08:35.163 | info     |              Op | act_block_h_override 2 is not a valid override for padded_output_height_ntiles_per_core 7, instead 1 was selected as closest valid option! (conv2d_utils.cpp:401)
2026-05-29 08:08:35.163 | INFO     | models.demos.wormhole.stable_diffusion.tt.ttnn_functional_unet_2d_condition_model_new_conv:__call__:406 - Down block 1
2026-05-29 08:08:35.169 | INFO     | models.demos.wormhole.stable_diffusion.tt.ttnn_functional_unet_2d_condition_model_new_conv:__call__:406 - Down block 2
2026-05-29 08:08:35.173 | INFO     | models.demos.wormhole.stable_diffusion.tt.ttnn_functional_unet_2d_condition_model_new_conv:__call__:406 - Down block 3
2026-05-29 08:08:35.174 | INFO     | models.demos.wormhole.stable_diffusion.tt.ttnn_functional_unet_2d_condition_model_new_conv:__call__:460 - Mid block
2026-05-29 08:08:35.174 | warning  |              Op | Mismatch between computed MemoryConfig(memory_layout=TensorMemoryLayout::BLOCK_SHARDED,buffer_type=BufferType::L1,shard_spec=ShardSpec(grid={[(x=0,y=0) - (x=7,y=3)]},shape={32, 160},orientation=ShardOrientation::ROW_MAJOR),nd_shard_spec=NdShardSpec(shard_shape=Shape([32, 160]),grid={[(x=0,y=0) - (x=7,y=3)]},orientation=ShardOrientation::ROW_MAJOR,shard_distribution_strategy=ShardDistributionStrategy::GRID_2D),created_with_nd_shard_spec=0) and provided MemoryConfig(memory_layout=TensorMemoryLayout::BLOCK_SHARDED,buffer_type=BufferType::L1,shard_spec=ShardSpec(grid={[(x=0,y=0) - (x=7,y=7)]},shape={32, 160},orientation=ShardOrientation::ROW_MAJOR),nd_shard_spec=std::nullopt,created_with_nd_shard_spec=0) mem config. Using computed config. (matmul_op.cpp:1674)
2026-05-29 08:08:35.176 | INFO     | models.demos.wormhole.stable_diffusion.tt.ttnn_functional_unet_2d_condition_model_new_conv:__call__:491 - Up block 0
2026-05-29 08:08:35.177 | INFO     | models.demos.wormhole.stable_diffusion.tt.ttnn_functional_unet_2d_condition_model_new_conv:__call__:491 - Up block 1
2026-05-29 08:08:35.182 | INFO     | models.demos.wormhole.stable_diffusion.tt.ttnn_functional_unet_2d_condition_model_new_conv:__call__:491 - Up block 2
2026-05-29 08:08:35.191 | INFO     | models.demos.wormhole.stable_diffusion.tt.ttnn_functional_unet_2d_condition_model_new_conv:__call__:491 - Up block 3
2026-05-29 08:08:35.211 | INFO     | models.demos.wormhole.stable_diffusion.tt.ttnn_functional_unet_2d_condition_model_new_conv:__call__:406 - Down block 0
2026-05-29 08:08:35.216 | info     |              Op | act_block_h_override 2 is not a valid override for padded_output_height_ntiles_per_core 7, instead 1 was selected as closest valid option! (conv2d_utils.cpp:401)
2026-05-29 08:08:35.217 | INFO     | models.demos.wormhole.stable_diffusion.tt.ttnn_functional_unet_2d_condition_model_new_conv:__call__:406 - Down block 1
2026-05-29 08:08:35.222 | INFO     | models.demos.wormhole.stable_diffusion.tt.ttnn_functional_unet_2d_condition_model_new_conv:__call__:406 - Down block 2
2026-05-29 08:08:35.225 | INFO     | models.demos.wormhole.stable_diffusion.tt.ttnn_functional_unet_2d_condition_model_new_conv:__call__:406 - Down block 3
2026-05-29 08:08:35.226 | INFO     | models.demos.wormhole.stable_diffusion.tt.ttnn_functional_unet_2d_condition_model_new_conv:__call__:460 - Mid block
2026-05-29 08:08:35.226 | warning  |              Op | Mismatch between computed MemoryConfig(memory_layout=TensorMemoryLayout::BLOCK_SHARDED,buffer_type=BufferType::L1,shard_spec=ShardSpec(grid={[(x=0,y=0) - (x=7,y=3)]},shape={32, 160},orientation=ShardOrientation::ROW_MAJOR),nd_shard_spec=NdShardSpec(shard_shape=Shape([32, 160]),grid={[(x=0,y=0) - (x=7,y=3)]},orientation=ShardOrientation::ROW_MAJOR,shard_distribution_strategy=ShardDistributionStrategy::GRID_2D),created_with_nd_shard_spec=0) and provided MemoryConfig(memory_layout=TensorMemoryLayout::BLOCK_SHARDED,buffer_type=BufferType::L1,shard_spec=ShardSpec(grid={[(x=0,y=0) - (x=7,y=7)]},shape={32, 160},orientation=ShardOrientation::ROW_MAJOR),nd_shard_spec=std::nullopt,created_with_nd_shard_spec=0) mem config. Using computed config. (matmul_op.cpp:1674)
2026-05-29 08:08:35.228 | INFO     | models.demos.wormhole.stable_diffusion.tt.ttnn_functional_unet_2d_condition_model_new_conv:__call__:491 - Up block 0
2026-05-29 08:08:35.229 | INFO     | models.demos.wormhole.stable_diffusion.tt.ttnn_functional_unet_2d_condition_model_new_conv:__call__:491 - Up block 1
2026-05-29 08:08:35.234 | INFO     | models.demos.wormhole.stable_diffusion.tt.ttnn_functional_unet_2d_condition_model_new_conv:__call__:491 - Up block 2
2026-05-29 08:08:35.242 | INFO     | models.demos.wormhole.stable_diffusion.tt.ttnn_functional_unet_2d_condition_model_new_conv:__call__:491 - Up block 3
2026-05-29 08:08:35.263 | INFO     | models.demos.wormhole.stable_diffusion.tt.ttnn_functional_unet_2d_condition_model_new_conv:__call__:406 - Down block 0
2026-05-29 08:08:35.269 | info     |              Op | act_block_h_override 2 is not a valid override for padded_output_height_ntiles_per_core 7, instead 1 was selected as closest valid option! (conv2d_utils.cpp:401)
2026-05-29 08:08:35.269 | INFO     | models.demos.wormhole.stable_diffusion.tt.ttnn_functional_unet_2d_condition_model_new_conv:__call__:406 - Down block 1
2026-05-29 08:08:35.274 | INFO     | models.demos.wormhole.stable_diffusion.tt.ttnn_functional_unet_2d_condition_model_new_conv:__call__:406 - Down block 2
2026-05-29 08:08:35.277 | INFO     | models.demos.wormhole.stable_diffusion.tt.ttnn_functional_unet_2d_condition_model_new_conv:__call__:406 - Down block 3
2026-05-29 08:08:35.278 | INFO     | models.demos.wormhole.stable_diffusion.tt.ttnn_functional_unet_2d_condition_model_new_conv:__call__:460 - Mid block
2026-05-29 08:08:35.278 | warning  |              Op | Mismatch between computed MemoryConfig(memory_layout=TensorMemoryLayout::BLOCK_SHARDED,buffer_type=BufferType::L1,shard_spec=ShardSpec(grid={[(x=0,y=0) - (x=7,y=3)]},shape={32, 160},orientation=ShardOrientation::ROW_MAJOR),nd_shard_spec=NdShardSpec(shard_shape=Shape([32, 160]),grid={[(x=0,y=0) - (x=7,y=3)]},orientation=ShardOrientation::ROW_MAJOR,shard_distribution_strategy=ShardDistributionStrategy::GRID_2D),created_with_nd_shard_spec=0) and provided MemoryConfig(memory_layout=TensorMemoryLayout::BLOCK_SHARDED,buffer_type=BufferType::L1,shard_spec=ShardSpec(grid={[(x=0,y=0) - (x=7,y=7)]},shape={32, 160},orientation=ShardOrientation::ROW_MAJOR),nd_shard_spec=std::nullopt,created_with_nd_shard_spec=0) mem config. Using computed config. (matmul_op.cpp:1674)
2026-05-29 08:08:35.280 | INFO     | models.demos.wormhole.stable_diffusion.tt.ttnn_functional_unet_2d_condition_model_new_conv:__call__:491 - Up block 0
2026-05-29 08:08:35.281 | INFO     | models.demos.wormhole.stable_diffusion.tt.ttnn_functional_unet_2d_condition_model_new_conv:__call__:491 - Up block 1
2026-05-29 08:08:35.286 | INFO     | models.demos.wormhole.stable_diffusion.tt.ttnn_functional_unet_2d_condition_model_new_conv:__call__:491 - Up block 2
2026-05-29 08:08:35.294 | INFO     | models.demos.wormhole.stable_diffusion.tt.ttnn_functional_unet_2d_condition_model_new_conv:__call__:491 - Up block 3
2026-05-29 08:08:35.315 | INFO     | models.demos.wormhole.stable_diffusion.tt.ttnn_functional_unet_2d_condition_model_new_conv:__call__:406 - Down block 0
2026-05-29 08:08:35.320 | info     |              Op | act_block_h_override 2 is not a valid override for padded_output_height_ntiles_per_core 7, instead 1 was selected as closest valid option! (conv2d_utils.cpp:401)
2026-05-29 08:08:35.320 | INFO     | models.demos.wormhole.stable_diffusion.tt.ttnn_functional_unet_2d_condition_model_new_conv:__call__:406 - Down block 1
2026-05-29 08:08:35.326 | INFO     | models.demos.wormhole.stable_diffusion.tt.ttnn_functional_unet_2d_condition_model_new_conv:__call__:406 - Down block 2
2026-05-29 08:08:35.329 | INFO     | models.demos.wormhole.stable_diffusion.tt.ttnn_functional_unet_2d_condition_model_new_conv:__call__:406 - Down block 3
2026-05-29 08:08:35.330 | INFO     | models.demos.wormhole.stable_diffusion.tt.ttnn_functional_unet_2d_condition_model_new_conv:__call__:460 - Mid block
2026-05-29 08:08:35.330 | warning  |              Op | Mismatch between computed MemoryConfig(memory_layout=TensorMemoryLayout::BLOCK_SHARDED,buffer_type=BufferType::L1,shard_spec=ShardSpec(grid={[(x=0,y=0) - (x=7,y=3)]},shape={32, 160},orientation=ShardOrientation::ROW_MAJOR),nd_shard_spec=NdShardSpec(shard_shape=Shape([32, 160]),grid={[(x=0,y=0) - (x=7,y=3)]},orientation=ShardOrientation::ROW_MAJOR,shard_distribution_strategy=ShardDistributionStrategy::GRID_2D),created_with_nd_shard_spec=0) and provided MemoryConfig(memory_layout=TensorMemoryLayout::BLOCK_SHARDED,buffer_type=BufferType::L1,shard_spec=ShardSpec(grid={[(x=0,y=0) - (x=7,y=7)]},shape={32, 160},orientation=ShardOrientation::ROW_MAJOR),nd_shard_spec=std::nullopt,created_with_nd_shard_spec=0) mem config. Using computed config. (matmul_op.cpp:1674)
2026-05-29 08:08:35.332 | INFO     | models.demos.wormhole.stable_diffusion.tt.ttnn_functional_unet_2d_condition_model_new_conv:__call__:491 - Up block 0
2026-05-29 08:08:35.333 | INFO     | models.demos.wormhole.stable_diffusion.tt.ttnn_functional_unet_2d_condition_model_new_conv:__call__:491 - Up block 1
2026-05-29 08:08:35.338 | INFO     | models.demos.wormhole.stable_diffusion.tt.ttnn_functional_unet_2d_condition_model_new_conv:__call__:491 - Up block 2
2026-05-29 08:08:35.346 | INFO     | models.demos.wormhole.stable_diffusion.tt.ttnn_functional_unet_2d_condition_model_new_conv:__call__:491 - Up block 3
2026-05-29 08:08:35.366 | INFO     | models.demos.wormhole.stable_diffusion.tt.ttnn_functional_unet_2d_condition_model_new_conv:__call__:406 - Down block 0
2026-05-29 08:08:35.372 | info     |              Op | act_block_h_override 2 is not a valid override for padded_output_height_ntiles_per_core 7, instead 1 was selected as closest valid option! (conv2d_utils.cpp:401)
2026-05-29 08:08:35.372 | INFO     | models.demos.wormhole.stable_diffusion.tt.ttnn_functional_unet_2d_condition_model_new_conv:__call__:406 - Down block 1
2026-05-29 08:08:35.378 | INFO     | models.demos.wormhole.stable_diffusion.tt.ttnn_functional_unet_2d_condition_model_new_conv:__call__:406 - Down block 2
2026-05-29 08:08:35.381 | INFO     | models.demos.wormhole.stable_diffusion.tt.ttnn_functional_unet_2d_condition_model_new_conv:__call__:406 - Down block 3
2026-05-29 08:08:35.382 | INFO     | models.demos.wormhole.stable_diffusion.tt.ttnn_functional_unet_2d_condition_model_new_conv:__call__:460 - Mid block
2026-05-29 08:08:35.382 | warning  |              Op | Mismatch between computed MemoryConfig(memory_layout=TensorMemoryLayout::BLOCK_SHARDED,buffer_type=BufferType::L1,shard_spec=ShardSpec(grid={[(x=0,y=0) - (x=7,y=3)]},shape={32, 160},orientation=ShardOrientation::ROW_MAJOR),nd_shard_spec=NdShardSpec(shard_shape=Shape([32, 160]),grid={[(x=0,y=0) - (x=7,y=3)]},orientation=ShardOrientation::ROW_MAJOR,shard_distribution_strategy=ShardDistributionStrategy::GRID_2D),created_with_nd_shard_spec=0) and provided MemoryConfig(memory_layout=TensorMemoryLayout::BLOCK_SHARDED,buffer_type=BufferType::L1,shard_spec=ShardSpec(grid={[(x=0,y=0) - (x=7,y=7)]},shape={32, 160},orientation=ShardOrientation::ROW_MAJOR),nd_shard_spec=std::nullopt,created_with_nd_shard_spec=0) mem config. Using computed config. (matmul_op.cpp:1674)
2026-05-29 08:08:35.384 | INFO     | models.demos.wormhole.stable_diffusion.tt.ttnn_functional_unet_2d_condition_model_new_conv:__call__:491 - Up block 0
2026-05-29 08:08:35.385 | INFO     | models.demos.wormhole.stable_diffusion.tt.ttnn_functional_unet_2d_condition_model_new_conv:__call__:491 - Up block 1
2026-05-29 08:08:35.390 | INFO     | models.demos.wormhole.stable_diffusion.tt.ttnn_functional_unet_2d_condition_model_new_conv:__call__:491 - Up block 2
2026-05-29 08:08:35.398 | INFO     | models.demos.wormhole.stable_diffusion.tt.ttnn_functional_unet_2d_condition_model_new_conv:__call__:491 - Up block 3
2026-05-29 08:08:35.418 | INFO     | models.demos.wormhole.stable_diffusion.tt.ttnn_functional_unet_2d_condition_model_new_conv:__call__:406 - Down block 0
2026-05-29 08:08:35.424 | info     |              Op | act_block_h_override 2 is not a valid override for padded_output_height_ntiles_per_core 7, instead 1 was selected as closest valid option! (conv2d_utils.cpp:401)
2026-05-29 08:08:35.424 | INFO     | models.demos.wormhole.stable_diffusion.tt.ttnn_functional_unet_2d_condition_model_new_conv:__call__:406 - Down block 1
2026-05-29 08:08:35.429 | INFO     | models.demos.wormhole.stable_diffusion.tt.ttnn_functional_unet_2d_condition_model_new_conv:__call__:406 - Down block 2
2026-05-29 08:08:35.433 | INFO     | models.demos.wormhole.stable_diffusion.tt.ttnn_functional_unet_2d_condition_model_new_conv:__call__:406 - Down block 3
2026-05-29 08:08:35.433 | INFO     | models.demos.wormhole.stable_diffusion.tt.ttnn_functional_unet_2d_condition_model_new_conv:__call__:460 - Mid block
2026-05-29 08:08:35.434 | warning  |              Op | Mismatch between computed MemoryConfig(memory_layout=TensorMemoryLayout::BLOCK_SHARDED,buffer_type=BufferType::L1,shard_spec=ShardSpec(grid={[(x=0,y=0) - (x=7,y=3)]},shape={32, 160},orientation=ShardOrientation::ROW_MAJOR),nd_shard_spec=NdShardSpec(shard_shape=Shape([32, 160]),grid={[(x=0,y=0) - (x=7,y=3)]},orientation=ShardOrientation::ROW_MAJOR,shard_distribution_strategy=ShardDistributionStrategy::GRID_2D),created_with_nd_shard_spec=0) and provided MemoryConfig(memory_layout=TensorMemoryLayout::BLOCK_SHARDED,buffer_type=BufferType::L1,shard_spec=ShardSpec(grid={[(x=0,y=0) - (x=7,y=7)]},shape={32, 160},orientation=ShardOrientation::ROW_MAJOR),nd_shard_spec=std::nullopt,created_with_nd_shard_spec=0) mem config. Using computed config. (matmul_op.cpp:1674)
2026-05-29 08:08:35.435 | INFO     | models.demos.wormhole.stable_diffusion.tt.ttnn_functional_unet_2d_condition_model_new_conv:__call__:491 - Up block 0
2026-05-29 08:08:35.436 | INFO     | models.demos.wormhole.stable_diffusion.tt.ttnn_functional_unet_2d_condition_model_new_conv:__call__:491 - Up block 1
2026-05-29 08:08:35.441 | INFO     | models.demos.wormhole.stable_diffusion.tt.ttnn_functional_unet_2d_condition_model_new_conv:__call__:491 - Up block 2
2026-05-29 08:08:35.449 | INFO     | models.demos.wormhole.stable_diffusion.tt.ttnn_functional_unet_2d_condition_model_new_conv:__call__:491 - Up block 3
2026-05-29 08:08:35.470 | INFO     | models.demos.wormhole.stable_diffusion.tt.ttnn_functional_unet_2d_condition_model_new_conv:__call__:406 - Down block 0
2026-05-29 08:08:35.476 | info     |              Op | act_block_h_override 2 is not a valid override for padded_output_height_ntiles_per_core 7, instead 1 was selected as closest valid option! (conv2d_utils.cpp:401)
2026-05-29 08:08:35.476 | INFO     | models.demos.wormhole.stable_diffusion.tt.ttnn_functional_unet_2d_condition_model_new_conv:__call__:406 - Down block 1
2026-05-29 08:08:35.481 | INFO     | models.demos.wormhole.stable_diffusion.tt.ttnn_functional_unet_2d_condition_model_new_conv:__call__:406 - Down block 2
2026-05-29 08:08:35.485 | INFO     | models.demos.wormhole.stable_diffusion.tt.ttnn_functional_unet_2d_condition_model_new_conv:__call__:406 - Down block 3
2026-05-29 08:08:35.485 | INFO     | models.demos.wormhole.stable_diffusion.tt.ttnn_functional_unet_2d_condition_model_new_conv:__call__:460 - Mid block
2026-05-29 08:08:35.486 | warning  |              Op | Mismatch between computed MemoryConfig(memory_layout=TensorMemoryLayout::BLOCK_SHARDED,buffer_type=BufferType::L1,shard_spec=ShardSpec(grid={[(x=0,y=0) - (x=7,y=3)]},shape={32, 160},orientation=ShardOrientation::ROW_MAJOR),nd_shard_spec=NdShardSpec(shard_shape=Shape([32, 160]),grid={[(x=0,y=0) - (x=7,y=3)]},orientation=ShardOrientation::ROW_MAJOR,shard_distribution_strategy=ShardDistributionStrategy::GRID_2D),created_with_nd_shard_spec=0) and provided MemoryConfig(memory_layout=TensorMemoryLayout::BLOCK_SHARDED,buffer_type=BufferType::L1,shard_spec=ShardSpec(grid={[(x=0,y=0) - (x=7,y=7)]},shape={32, 160},orientation=ShardOrientation::ROW_MAJOR),nd_shard_spec=std::nullopt,created_with_nd_shard_spec=0) mem config. Using computed config. (matmul_op.cpp:1674)
2026-05-29 08:08:35.487 | INFO     | models.demos.wormhole.stable_diffusion.tt.ttnn_functional_unet_2d_condition_model_new_conv:__call__:491 - Up block 0
2026-05-29 08:08:35.489 | INFO     | models.demos.wormhole.stable_diffusion.tt.ttnn_functional_unet_2d_condition_model_new_conv:__call__:491 - Up block 1
2026-05-29 08:08:35.494 | INFO     | models.demos.wormhole.stable_diffusion.tt.ttnn_functional_unet_2d_condition_model_new_conv:__call__:491 - Up block 2
2026-05-29 08:08:35.502 | INFO     | models.demos.wormhole.stable_diffusion.tt.ttnn_functional_unet_2d_condition_model_new_conv:__call__:491 - Up block 3
  Step 1/41
2026-05-29 08:08:35.524 | INFO     | models.demos.wormhole.stable_diffusion.tt.ttnn_functional_unet_2d_condition_model_new_conv:__call__:406 - Down block 0
2026-05-29 08:08:35.530 | info     |              Op | act_block_h_override 2 is not a valid override for padded_output_height_ntiles_per_core 7, instead 1 was selected as closest valid option! (conv2d_utils.cpp:401)
2026-05-29 08:08:35.530 | INFO     | models.demos.wormhole.stable_diffusion.tt.ttnn_functional_unet_2d_condition_model_new_conv:__call__:406 - Down block 1
2026-05-29 08:08:35.535 | INFO     | models.demos.wormhole.stable_diffusion.tt.ttnn_functional_unet_2d_condition_model_new_conv:__call__:406 - Down block 2
2026-05-29 08:08:35.539 | INFO     | models.demos.wormhole.stable_diffusion.tt.ttnn_functional_unet_2d_condition_model_new_conv:__call__:406 - Down block 3
2026-05-29 08:08:35.540 | INFO     | models.demos.wormhole.stable_diffusion.tt.ttnn_functional_unet_2d_condition_model_new_conv:__call__:460 - Mid block
2026-05-29 08:08:35.540 | warning  |              Op | Mismatch between computed MemoryConfig(memory_layout=TensorMemoryLayout::BLOCK_SHARDED,buffer_type=BufferType::L1,shard_spec=ShardSpec(grid={[(x=0,y=0) - (x=7,y=3)]},shape={32, 160},orientation=ShardOrientation::ROW_MAJOR),nd_shard_spec=NdShardSpec(shard_shape=Shape([32, 160]),grid={[(x=0,y=0) - (x=7,y=3)]},orientation=ShardOrientation::ROW_MAJOR,shard_distribution_strategy=ShardDistributionStrategy::GRID_2D),created_with_nd_shard_spec=0) and provided MemoryConfig(memory_layout=TensorMemoryLayout::BLOCK_SHARDED,buffer_type=BufferType::L1,shard_spec=ShardSpec(grid={[(x=0,y=0) - (x=7,y=7)]},shape={32, 160},orientation=ShardOrientation::ROW_MAJOR),nd_shard_spec=std::nullopt,created_with_nd_shard_spec=0) mem config. Using computed config. (matmul_op.cpp:1674)
2026-05-29 08:08:35.542 | INFO     | models.demos.wormhole.stable_diffusion.tt.ttnn_functional_unet_2d_condition_model_new_conv:__call__:491 - Up block 0
2026-05-29 08:08:35.543 | INFO     | models.demos.wormhole.stable_diffusion.tt.ttnn_functional_unet_2d_condition_model_new_conv:__call__:491 - Up block 1
2026-05-29 08:08:35.548 | INFO     | models.demos.wormhole.stable_diffusion.tt.ttnn_functional_unet_2d_condition_model_new_conv:__call__:491 - Up block 2
2026-05-29 08:08:35.556 | INFO     | models.demos.wormhole.stable_diffusion.tt.ttnn_functional_unet_2d_condition_model_new_conv:__call__:491 - Up block 3
2026-05-29 08:08:35.576 | INFO     | models.demos.wormhole.stable_diffusion.tt.ttnn_functional_unet_2d_condition_model_new_conv:__call__:406 - Down block 0
2026-05-29 08:08:35.582 | info     |              Op | act_block_h_override 2 is not a valid override for padded_output_height_ntiles_per_core 7, instead 1 was selected as closest valid option! (conv2d_utils.cpp:401)
2026-05-29 08:08:35.582 | INFO     | models.demos.wormhole.stable_diffusion.tt.ttnn_functional_unet_2d_condition_model_new_conv:__call__:406 - Down block 1
2026-05-29 08:08:35.588 | INFO     | models.demos.wormhole.stable_diffusion.tt.ttnn_functional_unet_2d_condition_model_new_conv:__call__:406 - Down block 2
2026-05-29 08:08:35.591 | INFO     | models.demos.wormhole.stable_diffusion.tt.ttnn_functional_unet_2d_condition_model_new_conv:__call__:406 - Down block 3
2026-05-29 08:08:35.592 | INFO     | models.demos.wormhole.stable_diffusion.tt.ttnn_functional_unet_2d_condition_model_new_conv:__call__:460 - Mid block
2026-05-29 08:08:35.593 | warning  |              Op | Mismatch between computed MemoryConfig(memory_layout=TensorMemoryLayout::BLOCK_SHARDED,buffer_type=BufferType::L1,shard_spec=ShardSpec(grid={[(x=0,y=0) - (x=7,y=3)]},shape={32, 160},orientation=ShardOrientation::ROW_MAJOR),nd_shard_spec=NdShardSpec(shard_shape=Shape([32, 160]),grid={[(x=0,y=0) - (x=7,y=3)]},orientation=ShardOrientation::ROW_MAJOR,shard_distribution_strategy=ShardDistributionStrategy::GRID_2D),created_with_nd_shard_spec=0) and provided MemoryConfig(memory_layout=TensorMemoryLayout::BLOCK_SHARDED,buffer_type=BufferType::L1,shard_spec=ShardSpec(grid={[(x=0,y=0) - (x=7,y=7)]},shape={32, 160},orientation=ShardOrientation::ROW_MAJOR),nd_shard_spec=std::nullopt,created_with_nd_shard_spec=0) mem config. Using computed config. (matmul_op.cpp:1674)
2026-05-29 08:08:35.594 | INFO     | models.demos.wormhole.stable_diffusion.tt.ttnn_functional_unet_2d_condition_model_new_conv:__call__:491 - Up block 0
2026-05-29 08:08:35.595 | INFO     | models.demos.wormhole.stable_diffusion.tt.ttnn_functional_unet_2d_condition_model_new_conv:__call__:491 - Up block 1
2026-05-29 08:08:35.600 | INFO     | models.demos.wormhole.stable_diffusion.tt.ttnn_functional_unet_2d_condition_model_new_conv:__call__:491 - Up block 2
2026-05-29 08:08:35.609 | INFO     | models.demos.wormhole.stable_diffusion.tt.ttnn_functional_unet_2d_condition_model_new_conv:__call__:491 - Up block 3
2026-05-29 08:08:35.629 | INFO     | models.demos.wormhole.stable_diffusion.tt.ttnn_functional_unet_2d_condition_model_new_conv:__call__:406 - Down block 0
2026-05-29 08:08:35.634 | info     |              Op | act_block_h_override 2 is not a valid override for padded_output_height_ntiles_per_core 7, instead 1 was selected as closest valid option! (conv2d_utils.cpp:401)
2026-05-29 08:08:35.634 | INFO     | models.demos.wormhole.stable_diffusion.tt.ttnn_functional_unet_2d_condition_model_new_conv:__call__:406 - Down block 1
2026-05-29 08:08:35.640 | INFO     | models.demos.wormhole.stable_diffusion.tt.ttnn_functional_unet_2d_condition_model_new_conv:__call__:406 - Down block 2
2026-05-29 08:08:35.644 | INFO     | models.demos.wormhole.stable_diffusion.tt.ttnn_functional_unet_2d_condition_model_new_conv:__call__:406 - Down block 3
2026-05-29 08:08:35.645 | INFO     | models.demos.wormhole.stable_diffusion.tt.ttnn_functional_unet_2d_condition_model_new_conv:__call__:460 - Mid block
2026-05-29 08:08:35.645 | warning  |              Op | Mismatch between computed MemoryConfig(memory_layout=TensorMemoryLayout::BLOCK_SHARDED,buffer_type=BufferType::L1,shard_spec=ShardSpec(grid={[(x=0,y=0) - (x=7,y=3)]},shape={32, 160},orientation=ShardOrientation::ROW_MAJOR),nd_shard_spec=NdShardSpec(shard_shape=Shape([32, 160]),grid={[(x=0,y=0) - (x=7,y=3)]},orientation=ShardOrientation::ROW_MAJOR,shard_distribution_strategy=ShardDistributionStrategy::GRID_2D),created_with_nd_shard_spec=0) and provided MemoryConfig(memory_layout=TensorMemoryLayout::BLOCK_SHARDED,buffer_type=BufferType::L1,shard_spec=ShardSpec(grid={[(x=0,y=0) - (x=7,y=7)]},shape={32, 160},orientation=ShardOrientation::ROW_MAJOR),nd_shard_spec=std::nullopt,created_with_nd_shard_spec=0) mem config. Using computed config. (matmul_op.cpp:1674)
2026-05-29 08:08:35.646 | INFO     | models.demos.wormhole.stable_diffusion.tt.ttnn_functional_unet_2d_condition_model_new_conv:__call__:491 - Up block 0
2026-05-29 08:08:35.648 | INFO     | models.demos.wormhole.stable_diffusion.tt.ttnn_functional_unet_2d_condition_model_new_conv:__call__:491 - Up block 1
2026-05-29 08:08:35.653 | INFO     | models.demos.wormhole.stable_diffusion.tt.ttnn_functional_unet_2d_condition_model_new_conv:__call__:491 - Up block 2
2026-05-29 08:08:35.661 | INFO     | models.demos.wormhole.stable_diffusion.tt.ttnn_functional_unet_2d_condition_model_new_conv:__call__:491 - Up block 3
2026-05-29 08:08:35.681 | INFO     | models.demos.wormhole.stable_diffusion.tt.ttnn_functional_unet_2d_condition_model_new_conv:__call__:406 - Down block 0
2026-05-29 08:08:35.687 | info     |              Op | act_block_h_override 2 is not a valid override for padded_output_height_ntiles_per_core 7, instead 1 was selected as closest valid option! (conv2d_utils.cpp:401)
2026-05-29 08:08:35.687 | INFO     | models.demos.wormhole.stable_diffusion.tt.ttnn_functional_unet_2d_condition_model_new_conv:__call__:406 - Down block 1
2026-05-29 08:08:35.692 | INFO     | models.demos.wormhole.stable_diffusion.tt.ttnn_functional_unet_2d_condition_model_new_conv:__call__:406 - Down block 2
2026-05-29 08:08:35.695 | INFO     | models.demos.wormhole.stable_diffusion.tt.ttnn_functional_unet_2d_condition_model_new_conv:__call__:406 - Down block 3
2026-05-29 08:08:35.696 | INFO     | models.demos.wormhole.stable_diffusion.tt.ttnn_functional_unet_2d_condition_model_new_conv:__call__:460 - Mid block
2026-05-29 08:08:35.697 | warning  |              Op | Mismatch between computed MemoryConfig(memory_layout=TensorMemoryLayout::BLOCK_SHARDED,buffer_type=BufferType::L1,shard_spec=ShardSpec(grid={[(x=0,y=0) - (x=7,y=3)]},shape={32, 160},orientation=ShardOrientation::ROW_MAJOR),nd_shard_spec=NdShardSpec(shard_shape=Shape([32, 160]),grid={[(x=0,y=0) - (x=7,y=3)]},orientation=ShardOrientation::ROW_MAJOR,shard_distribution_strategy=ShardDistributionStrategy::GRID_2D),created_with_nd_shard_spec=0) and provided MemoryConfig(memory_layout=TensorMemoryLayout::BLOCK_SHARDED,buffer_type=BufferType::L1,shard_spec=ShardSpec(grid={[(x=0,y=0) - (x=7,y=7)]},shape={32, 160},orientation=ShardOrientation::ROW_MAJOR),nd_shard_spec=std::nullopt,created_with_nd_shard_spec=0) mem config. Using computed config. (matmul_op.cpp:1674)
2026-05-29 08:08:35.698 | INFO     | models.demos.wormhole.stable_diffusion.tt.ttnn_functional_unet_2d_condition_model_new_conv:__call__:491 - Up block 0
2026-05-29 08:08:35.699 | INFO     | models.demos.wormhole.stable_diffusion.tt.ttnn_functional_unet_2d_condition_model_new_conv:__call__:491 - Up block 1
2026-05-29 08:08:35.704 | INFO     | models.demos.wormhole.stable_diffusion.tt.ttnn_functional_unet_2d_condition_model_new_conv:__call__:491 - Up block 2
2026-05-29 08:08:35.712 | INFO     | models.demos.wormhole.stable_diffusion.tt.ttnn_functional_unet_2d_condition_model_new_conv:__call__:491 - Up block 3
2026-05-29 08:08:35.733 | INFO     | models.demos.wormhole.stable_diffusion.tt.ttnn_functional_unet_2d_condition_model_new_conv:__call__:406 - Down block 0
2026-05-29 08:08:35.739 | info     |              Op | act_block_h_override 2 is not a valid override for padded_output_height_ntiles_per_core 7, instead 1 was selected as closest valid option! (conv2d_utils.cpp:401)
2026-05-29 08:08:35.739 | INFO     | models.demos.wormhole.stable_diffusion.tt.ttnn_functional_unet_2d_condition_model_new_conv:__call__:406 - Down block 1
2026-05-29 08:08:35.744 | INFO     | models.demos.wormhole.stable_diffusion.tt.ttnn_functional_unet_2d_condition_model_new_conv:__call__:406 - Down block 2
2026-05-29 08:08:35.747 | INFO     | models.demos.wormhole.stable_diffusion.tt.ttnn_functional_unet_2d_condition_model_new_conv:__call__:406 - Down block 3
2026-05-29 08:08:35.748 | INFO     | models.demos.wormhole.stable_diffusion.tt.ttnn_functional_unet_2d_condition_model_new_conv:__call__:460 - Mid block
2026-05-29 08:08:35.749 | warning  |              Op | Mismatch between computed MemoryConfig(memory_layout=TensorMemoryLayout::BLOCK_SHARDED,buffer_type=BufferType::L1,shard_spec=ShardSpec(grid={[(x=0,y=0) - (x=7,y=3)]},shape={32, 160},orientation=ShardOrientation::ROW_MAJOR),nd_shard_spec=NdShardSpec(shard_shape=Shape([32, 160]),grid={[(x=0,y=0) - (x=7,y=3)]},orientation=ShardOrientation::ROW_MAJOR,shard_distribution_strategy=ShardDistributionStrategy::GRID_2D),created_with_nd_shard_spec=0) and provided MemoryConfig(memory_layout=TensorMemoryLayout::BLOCK_SHARDED,buffer_type=BufferType::L1,shard_spec=ShardSpec(grid={[(x=0,y=0) - (x=7,y=7)]},shape={32, 160},orientation=ShardOrientation::ROW_MAJOR),nd_shard_spec=std::nullopt,created_with_nd_shard_spec=0) mem config. Using computed config. (matmul_op.cpp:1674)
2026-05-29 08:08:35.750 | INFO     | models.demos.wormhole.stable_diffusion.tt.ttnn_functional_unet_2d_condition_model_new_conv:__call__:491 - Up block 0
2026-05-29 08:08:35.751 | INFO     | models.demos.wormhole.stable_diffusion.tt.ttnn_functional_unet_2d_condition_model_new_conv:__call__:491 - Up block 1
2026-05-29 08:08:35.756 | INFO     | models.demos.wormhole.stable_diffusion.tt.ttnn_functional_unet_2d_condition_model_new_conv:__call__:491 - Up block 2
2026-05-29 08:08:35.764 | INFO     | models.demos.wormhole.stable_diffusion.tt.ttnn_functional_unet_2d_condition_model_new_conv:__call__:491 - Up block 3
2026-05-29 08:08:35.785 | INFO     | models.demos.wormhole.stable_diffusion.tt.ttnn_functional_unet_2d_condition_model_new_conv:__call__:406 - Down block 0
2026-05-29 08:08:35.790 | info     |              Op | act_block_h_override 2 is not a valid override for padded_output_height_ntiles_per_core 7, instead 1 was selected as closest valid option! (conv2d_utils.cpp:401)
2026-05-29 08:08:35.791 | INFO     | models.demos.wormhole.stable_diffusion.tt.ttnn_functional_unet_2d_condition_model_new_conv:__call__:406 - Down block 1
2026-05-29 08:08:35.796 | INFO     | models.demos.wormhole.stable_diffusion.tt.ttnn_functional_unet_2d_condition_model_new_conv:__call__:406 - Down block 2
2026-05-29 08:08:35.799 | INFO     | models.demos.wormhole.stable_diffusion.tt.ttnn_functional_unet_2d_condition_model_new_conv:__call__:406 - Down block 3
2026-05-29 08:08:35.800 | INFO     | models.demos.wormhole.stable_diffusion.tt.ttnn_functional_unet_2d_condition_model_new_conv:__call__:460 - Mid block
2026-05-29 08:08:35.800 | warning  |              Op | Mismatch between computed MemoryConfig(memory_layout=TensorMemoryLayout::BLOCK_SHARDED,buffer_type=BufferType::L1,shard_spec=ShardSpec(grid={[(x=0,y=0) - (x=7,y=3)]},shape={32, 160},orientation=ShardOrientation::ROW_MAJOR),nd_shard_spec=NdShardSpec(shard_shape=Shape([32, 160]),grid={[(x=0,y=0) - (x=7,y=3)]},orientation=ShardOrientation::ROW_MAJOR,shard_distribution_strategy=ShardDistributionStrategy::GRID_2D),created_with_nd_shard_spec=0) and provided MemoryConfig(memory_layout=TensorMemoryLayout::BLOCK_SHARDED,buffer_type=BufferType::L1,shard_spec=ShardSpec(grid={[(x=0,y=0) - (x=7,y=7)]},shape={32, 160},orientation=ShardOrientation::ROW_MAJOR),nd_shard_spec=std::nullopt,created_with_nd_shard_spec=0) mem config. Using computed config. (matmul_op.cpp:1674)
2026-05-29 08:08:35.802 | INFO     | models.demos.wormhole.stable_diffusion.tt.ttnn_functional_unet_2d_condition_model_new_conv:__call__:491 - Up block 0
2026-05-29 08:08:35.803 | INFO     | models.demos.wormhole.stable_diffusion.tt.ttnn_functional_unet_2d_condition_model_new_conv:__call__:491 - Up block 1
2026-05-29 08:08:35.808 | INFO     | models.demos.wormhole.stable_diffusion.tt.ttnn_functional_unet_2d_condition_model_new_conv:__call__:491 - Up block 2
2026-05-29 08:08:35.816 | INFO     | models.demos.wormhole.stable_diffusion.tt.ttnn_functional_unet_2d_condition_model_new_conv:__call__:491 - Up block 3
2026-05-29 08:08:35.837 | INFO     | models.demos.wormhole.stable_diffusion.tt.ttnn_functional_unet_2d_condition_model_new_conv:__call__:406 - Down block 0
2026-05-29 08:08:35.842 | info     |              Op | act_block_h_override 2 is not a valid override for padded_output_height_ntiles_per_core 7, instead 1 was selected as closest valid option! (conv2d_utils.cpp:401)
2026-05-29 08:08:35.842 | INFO     | models.demos.wormhole.stable_diffusion.tt.ttnn_functional_unet_2d_condition_model_new_conv:__call__:406 - Down block 1
2026-05-29 08:08:35.848 | INFO     | models.demos.wormhole.stable_diffusion.tt.ttnn_functional_unet_2d_condition_model_new_conv:__call__:406 - Down block 2
2026-05-29 08:08:35.851 | INFO     | models.demos.wormhole.stable_diffusion.tt.ttnn_functional_unet_2d_condition_model_new_conv:__call__:406 - Down block 3
2026-05-29 08:08:35.852 | INFO     | models.demos.wormhole.stable_diffusion.tt.ttnn_functional_unet_2d_condition_model_new_conv:__call__:460 - Mid block
2026-05-29 08:08:35.852 | warning  |              Op | Mismatch between computed MemoryConfig(memory_layout=TensorMemoryLayout::BLOCK_SHARDED,buffer_type=BufferType::L1,shard_spec=ShardSpec(grid={[(x=0,y=0) - (x=7,y=3)]},shape={32, 160},orientation=ShardOrientation::ROW_MAJOR),nd_shard_spec=NdShardSpec(shard_shape=Shape([32, 160]),grid={[(x=0,y=0) - (x=7,y=3)]},orientation=ShardOrientation::ROW_MAJOR,shard_distribution_strategy=ShardDistributionStrategy::GRID_2D),created_with_nd_shard_spec=0) and provided MemoryConfig(memory_layout=TensorMemoryLayout::BLOCK_SHARDED,buffer_type=BufferType::L1,shard_spec=ShardSpec(grid={[(x=0,y=0) - (x=7,y=7)]},shape={32, 160},orientation=ShardOrientation::ROW_MAJOR),nd_shard_spec=std::nullopt,created_with_nd_shard_spec=0) mem config. Using computed config. (matmul_op.cpp:1674)
2026-05-29 08:08:35.854 | INFO     | models.demos.wormhole.stable_diffusion.tt.ttnn_functional_unet_2d_condition_model_new_conv:__call__:491 - Up block 0
2026-05-29 08:08:35.855 | INFO     | models.demos.wormhole.stable_diffusion.tt.ttnn_functional_unet_2d_condition_model_new_conv:__call__:491 - Up block 1
2026-05-29 08:08:35.860 | INFO     | models.demos.wormhole.stable_diffusion.tt.ttnn_functional_unet_2d_condition_model_new_conv:__call__:491 - Up block 2
2026-05-29 08:08:35.868 | INFO     | models.demos.wormhole.stable_diffusion.tt.ttnn_functional_unet_2d_condition_model_new_conv:__call__:491 - Up block 3
2026-05-29 08:08:35.888 | INFO     | models.demos.wormhole.stable_diffusion.tt.ttnn_functional_unet_2d_condition_model_new_conv:__call__:406 - Down block 0
2026-05-29 08:08:35.894 | info     |              Op | act_block_h_override 2 is not a valid override for padded_output_height_ntiles_per_core 7, instead 1 was selected as closest valid option! (conv2d_utils.cpp:401)
2026-05-29 08:08:35.894 | INFO     | models.demos.wormhole.stable_diffusion.tt.ttnn_functional_unet_2d_condition_model_new_conv:__call__:406 - Down block 1
2026-05-29 08:08:35.899 | INFO     | models.demos.wormhole.stable_diffusion.tt.ttnn_functional_unet_2d_condition_model_new_conv:__call__:406 - Down block 2
2026-05-29 08:08:35.903 | INFO     | models.demos.wormhole.stable_diffusion.tt.ttnn_functional_unet_2d_condition_model_new_conv:__call__:406 - Down block 3
2026-05-29 08:08:35.903 | INFO     | models.demos.wormhole.stable_diffusion.tt.ttnn_functional_unet_2d_condition_model_new_conv:__call__:460 - Mid block
2026-05-29 08:08:35.904 | warning  |              Op | Mismatch between computed MemoryConfig(memory_layout=TensorMemoryLayout::BLOCK_SHARDED,buffer_type=BufferType::L1,shard_spec=ShardSpec(grid={[(x=0,y=0) - (x=7,y=3)]},shape={32, 160},orientation=ShardOrientation::ROW_MAJOR),nd_shard_spec=NdShardSpec(shard_shape=Shape([32, 160]),grid={[(x=0,y=0) - (x=7,y=3)]},orientation=ShardOrientation::ROW_MAJOR,shard_distribution_strategy=ShardDistributionStrategy::GRID_2D),created_with_nd_shard_spec=0) and provided MemoryConfig(memory_layout=TensorMemoryLayout::BLOCK_SHARDED,buffer_type=BufferType::L1,shard_spec=ShardSpec(grid={[(x=0,y=0) - (x=7,y=7)]},shape={32, 160},orientation=ShardOrientation::ROW_MAJOR),nd_shard_spec=std::nullopt,created_with_nd_shard_spec=0) mem config. Using computed config. (matmul_op.cpp:1674)
2026-05-29 08:08:35.905 | INFO     | models.demos.wormhole.stable_diffusion.tt.ttnn_functional_unet_2d_condition_model_new_conv:__call__:491 - Up block 0
2026-05-29 08:08:35.907 | INFO     | models.demos.wormhole.stable_diffusion.tt.ttnn_functional_unet_2d_condition_model_new_conv:__call__:491 - Up block 1
2026-05-29 08:08:35.911 | INFO     | models.demos.wormhole.stable_diffusion.tt.ttnn_functional_unet_2d_condition_model_new_conv:__call__:491 - Up block 2
2026-05-29 08:08:35.919 | INFO     | models.demos.wormhole.stable_diffusion.tt.ttnn_functional_unet_2d_condition_model_new_conv:__call__:491 - Up block 3
  Step 2/41
2026-05-29 08:08:35.942 | INFO     | models.demos.wormhole.stable_diffusion.tt.ttnn_functional_unet_2d_condition_model_new_conv:__call__:406 - Down block 0
2026-05-29 08:08:35.948 | info     |              Op | act_block_h_override 2 is not a valid override for padded_output_height_ntiles_per_core 7, instead 1 was selected as closest valid option! (conv2d_utils.cpp:401)
2026-05-29 08:08:35.948 | INFO     | models.demos.wormhole.stable_diffusion.tt.ttnn_functional_unet_2d_condition_model_new_conv:__call__:406 - Down block 1
2026-05-29 08:08:35.954 | INFO     | models.demos.wormhole.stable_diffusion.tt.ttnn_functional_unet_2d_condition_model_new_conv:__call__:406 - Down block 2
2026-05-29 08:08:35.957 | INFO     | models.demos.wormhole.stable_diffusion.tt.ttnn_functional_unet_2d_condition_model_new_conv:__call__:406 - Down block 3
2026-05-29 08:08:35.958 | INFO     | models.demos.wormhole.stable_diffusion.tt.ttnn_functional_unet_2d_condition_model_new_conv:__call__:460 - Mid block
2026-05-29 08:08:35.959 | warning  |              Op | Mismatch between computed MemoryConfig(memory_layout=TensorMemoryLayout::BLOCK_SHARDED,buffer_type=BufferType::L1,shard_spec=ShardSpec(grid={[(x=0,y=0) - (x=7,y=3)]},shape={32, 160},orientation=ShardOrientation::ROW_MAJOR),nd_shard_spec=NdShardSpec(shard_shape=Shape([32, 160]),grid={[(x=0,y=0) - (x=7,y=3)]},orientation=ShardOrientation::ROW_MAJOR,shard_distribution_strategy=ShardDistributionStrategy::GRID_2D),created_with_nd_shard_spec=0) and provided MemoryConfig(memory_layout=TensorMemoryLayout::BLOCK_SHARDED,buffer_type=BufferType::L1,shard_spec=ShardSpec(grid={[(x=0,y=0) - (x=7,y=7)]},shape={32, 160},orientation=ShardOrientation::ROW_MAJOR),nd_shard_spec=std::nullopt,created_with_nd_shard_spec=0) mem config. Using computed config. (matmul_op.cpp:1674)
2026-05-29 08:08:35.960 | INFO     | models.demos.wormhole.stable_diffusion.tt.ttnn_functional_unet_2d_condition_model_new_conv:__call__:491 - Up block 0
2026-05-29 08:08:35.961 | INFO     | models.demos.wormhole.stable_diffusion.tt.ttnn_functional_unet_2d_condition_model_new_conv:__call__:491 - Up block 1
2026-05-29 08:08:35.966 | INFO     | models.demos.wormhole.stable_diffusion.tt.ttnn_functional_unet_2d_condition_model_new_conv:__call__:491 - Up block 2
2026-05-29 08:08:35.974 | INFO     | models.demos.wormhole.stable_diffusion.tt.ttnn_functional_unet_2d_condition_model_new_conv:__call__:491 - Up block 3
2026-05-29 08:08:35.994 | INFO     | models.demos.wormhole.stable_diffusion.tt.ttnn_functional_unet_2d_condition_model_new_conv:__call__:406 - Down block 0
2026-05-29 08:08:36.000 | info     |              Op | act_block_h_override 2 is not a valid override for padded_output_height_ntiles_per_core 7, instead 1 was selected as closest valid option! (conv2d_utils.cpp:401)
2026-05-29 08:08:36.000 | INFO     | models.demos.wormhole.stable_diffusion.tt.ttnn_functional_unet_2d_condition_model_new_conv:__call__:406 - Down block 1
2026-05-29 08:08:36.006 | INFO     | models.demos.wormhole.stable_diffusion.tt.ttnn_functional_unet_2d_condition_model_new_conv:__call__:406 - Down block 2
2026-05-29 08:08:36.009 | INFO     | models.demos.wormhole.stable_diffusion.tt.ttnn_functional_unet_2d_condition_model_new_conv:__call__:406 - Down block 3
2026-05-29 08:08:36.010 | INFO     | models.demos.wormhole.stable_diffusion.tt.ttnn_functional_unet_2d_condition_model_new_conv:__call__:460 - Mid block
2026-05-29 08:08:36.011 | warning  |              Op | Mismatch between computed MemoryConfig(memory_layout=TensorMemoryLayout::BLOCK_SHARDED,buffer_type=BufferType::L1,shard_spec=ShardSpec(grid={[(x=0,y=0) - (x=7,y=3)]},shape={32, 160},orientation=ShardOrientation::ROW_MAJOR),nd_shard_spec=NdShardSpec(shard_shape=Shape([32, 160]),grid={[(x=0,y=0) - (x=7,y=3)]},orientation=ShardOrientation::ROW_MAJOR,shard_distribution_strategy=ShardDistributionStrategy::GRID_2D),created_with_nd_shard_spec=0) and provided MemoryConfig(memory_layout=TensorMemoryLayout::BLOCK_SHARDED,buffer_type=BufferType::L1,shard_spec=ShardSpec(grid={[(x=0,y=0) - (x=7,y=7)]},shape={32, 160},orientation=ShardOrientation::ROW_MAJOR),nd_shard_spec=std::nullopt,created_with_nd_shard_spec=0) mem config. Using computed config. (matmul_op.cpp:1674)
2026-05-29 08:08:36.012 | INFO     | models.demos.wormhole.stable_diffusion.tt.ttnn_functional_unet_2d_condition_model_new_conv:__call__:491 - Up block 0
2026-05-29 08:08:36.013 | INFO     | models.demos.wormhole.stable_diffusion.tt.ttnn_functional_unet_2d_condition_model_new_conv:__call__:491 - Up block 1
2026-05-29 08:08:36.018 | INFO     | models.demos.wormhole.stable_diffusion.tt.ttnn_functional_unet_2d_condition_model_new_conv:__call__:491 - Up block 2
2026-05-29 08:08:36.026 | INFO     | models.demos.wormhole.stable_diffusion.tt.ttnn_functional_unet_2d_condition_model_new_conv:__call__:491 - Up block 3
2026-05-29 08:08:36.046 | INFO     | models.demos.wormhole.stable_diffusion.tt.ttnn_functional_unet_2d_condition_model_new_conv:__call__:406 - Down block 0
2026-05-29 08:08:36.052 | info     |              Op | act_block_h_override 2 is not a valid override for padded_output_height_ntiles_per_core 7, instead 1 was selected as closest valid option! (conv2d_utils.cpp:401)
2026-05-29 08:08:36.052 | INFO     | models.demos.wormhole.stable_diffusion.tt.ttnn_functional_unet_2d_condition_model_new_conv:__call__:406 - Down block 1
2026-05-29 08:08:36.057 | INFO     | models.demos.wormhole.stable_diffusion.tt.ttnn_functional_unet_2d_condition_model_new_conv:__call__:406 - Down block 2
2026-05-29 08:08:36.061 | INFO     | models.demos.wormhole.stable_diffusion.tt.ttnn_functional_unet_2d_condition_model_new_conv:__call__:406 - Down block 3
2026-05-29 08:08:36.061 | INFO     | models.demos.wormhole.stable_diffusion.tt.ttnn_functional_unet_2d_condition_model_new_conv:__call__:460 - Mid block
2026-05-29 08:08:36.062 | warning  |              Op | Mismatch between computed MemoryConfig(memory_layout=TensorMemoryLayout::BLOCK_SHARDED,buffer_type=BufferType::L1,shard_spec=ShardSpec(grid={[(x=0,y=0) - (x=7,y=3)]},shape={32, 160},orientation=ShardOrientation::ROW_MAJOR),nd_shard_spec=NdShardSpec(shard_shape=Shape([32, 160]),grid={[(x=0,y=0) - (x=7,y=3)]},orientation=ShardOrientation::ROW_MAJOR,shard_distribution_strategy=ShardDistributionStrategy::GRID_2D),created_with_nd_shard_spec=0) and provided MemoryConfig(memory_layout=TensorMemoryLayout::BLOCK_SHARDED,buffer_type=BufferType::L1,shard_spec=ShardSpec(grid={[(x=0,y=0) - (x=7,y=7)]},shape={32, 160},orientation=ShardOrientation::ROW_MAJOR),nd_shard_spec=std::nullopt,created_with_nd_shard_spec=0) mem config. Using computed config. (matmul_op.cpp:1674)
2026-05-29 08:08:36.063 | INFO     | models.demos.wormhole.stable_diffusion.tt.ttnn_functional_unet_2d_condition_model_new_conv:__call__:491 - Up block 0
2026-05-29 08:08:36.065 | INFO     | models.demos.wormhole.stable_diffusion.tt.ttnn_functional_unet_2d_condition_model_new_conv:__call__:491 - Up block 1
2026-05-29 08:08:36.070 | INFO     | models.demos.wormhole.stable_diffusion.tt.ttnn_functional_unet_2d_condition_model_new_conv:__call__:491 - Up block 2
2026-05-29 08:08:36.078 | INFO     | models.demos.wormhole.stable_diffusion.tt.ttnn_functional_unet_2d_condition_model_new_conv:__call__:491 - Up block 3
2026-05-29 08:08:36.098 | INFO     | models.demos.wormhole.stable_diffusion.tt.ttnn_functional_unet_2d_condition_model_new_conv:__call__:406 - Down block 0
2026-05-29 08:08:36.104 | info     |              Op | act_block_h_override 2 is not a valid override for padded_output_height_ntiles_per_core 7, instead 1 was selected as closest valid option! (conv2d_utils.cpp:401)
2026-05-29 08:08:36.104 | INFO     | models.demos.wormhole.stable_diffusion.tt.ttnn_functional_unet_2d_condition_model_new_conv:__call__:406 - Down block 1
2026-05-29 08:08:36.109 | INFO     | models.demos.wormhole.stable_diffusion.tt.ttnn_functional_unet_2d_condition_model_new_conv:__call__:406 - Down block 2
2026-05-29 08:08:36.112 | INFO     | models.demos.wormhole.stable_diffusion.tt.ttnn_functional_unet_2d_condition_model_new_conv:__call__:406 - Down block 3
2026-05-29 08:08:36.113 | INFO     | models.demos.wormhole.stable_diffusion.tt.ttnn_functional_unet_2d_condition_model_new_conv:__call__:460 - Mid block
2026-05-29 08:08:36.114 | warning  |              Op | Mismatch between computed MemoryConfig(memory_layout=TensorMemoryLayout::BLOCK_SHARDED,buffer_type=BufferType::L1,shard_spec=ShardSpec(grid={[(x=0,y=0) - (x=7,y=3)]},shape={32, 160},orientation=ShardOrientation::ROW_MAJOR),nd_shard_spec=NdShardSpec(shard_shape=Shape([32, 160]),grid={[(x=0,y=0) - (x=7,y=3)]},orientation=ShardOrientation::ROW_MAJOR,shard_distribution_strategy=ShardDistributionStrategy::GRID_2D),created_with_nd_shard_spec=0) and provided MemoryConfig(memory_layout=TensorMemoryLayout::BLOCK_SHARDED,buffer_type=BufferType::L1,shard_spec=ShardSpec(grid={[(x=0,y=0) - (x=7,y=7)]},shape={32, 160},orientation=ShardOrientation::ROW_MAJOR),nd_shard_spec=std::nullopt,created_with_nd_shard_spec=0) mem config. Using computed config. (matmul_op.cpp:1674)
2026-05-29 08:08:36.115 | INFO     | models.demos.wormhole.stable_diffusion.tt.ttnn_functional_unet_2d_condition_model_new_conv:__call__:491 - Up block 0
2026-05-29 08:08:36.116 | INFO     | models.demos.wormhole.stable_diffusion.tt.ttnn_functional_unet_2d_condition_model_new_conv:__call__:491 - Up block 1
2026-05-29 08:08:36.121 | INFO     | models.demos.wormhole.stable_diffusion.tt.ttnn_functional_unet_2d_condition_model_new_conv:__call__:491 - Up block 2
2026-05-29 08:08:36.129 | INFO     | models.demos.wormhole.stable_diffusion.tt.ttnn_functional_unet_2d_condition_model_new_conv:__call__:491 - Up block 3
2026-05-29 08:08:36.150 | INFO     | models.demos.wormhole.stable_diffusion.tt.ttnn_functional_unet_2d_condition_model_new_conv:__call__:406 - Down block 0
2026-05-29 08:08:36.156 | info     |              Op | act_block_h_override 2 is not a valid override for padded_output_height_ntiles_per_core 7, instead 1 was selected as closest valid option! (conv2d_utils.cpp:401)
2026-05-29 08:08:36.156 | INFO     | models.demos.wormhole.stable_diffusion.tt.ttnn_functional_unet_2d_condition_model_new_conv:__call__:406 - Down block 1
2026-05-29 08:08:36.161 | INFO     | models.demos.wormhole.stable_diffusion.tt.ttnn_functional_unet_2d_condition_model_new_conv:__call__:406 - Down block 2
2026-05-29 08:08:36.164 | INFO     | models.demos.wormhole.stable_diffusion.tt.ttnn_functional_unet_2d_condition_model_new_conv:__call__:406 - Down block 3
2026-05-29 08:08:36.165 | INFO     | models.demos.wormhole.stable_diffusion.tt.ttnn_functional_unet_2d_condition_model_new_conv:__call__:460 - Mid block
2026-05-29 08:08:36.166 | warning  |              Op | Mismatch between computed MemoryConfig(memory_layout=TensorMemoryLayout::BLOCK_SHARDED,buffer_type=BufferType::L1,shard_spec=ShardSpec(grid={[(x=0,y=0) - (x=7,y=3)]},shape={32, 160},orientation=ShardOrientation::ROW_MAJOR),nd_shard_spec=NdShardSpec(shard_shape=Shape([32, 160]),grid={[(x=0,y=0) - (x=7,y=3)]},orientation=ShardOrientation::ROW_MAJOR,shard_distribution_strategy=ShardDistributionStrategy::GRID_2D),created_with_nd_shard_spec=0) and provided MemoryConfig(memory_layout=TensorMemoryLayout::BLOCK_SHARDED,buffer_type=BufferType::L1,shard_spec=ShardSpec(grid={[(x=0,y=0) - (x=7,y=7)]},shape={32, 160},orientation=ShardOrientation::ROW_MAJOR),nd_shard_spec=std::nullopt,created_with_nd_shard_spec=0) mem config. Using computed config. (matmul_op.cpp:1674)
2026-05-29 08:08:36.167 | INFO     | models.demos.wormhole.stable_diffusion.tt.ttnn_functional_unet_2d_condition_model_new_conv:__call__:491 - Up block 0
2026-05-29 08:08:36.168 | INFO     | models.demos.wormhole.stable_diffusion.tt.ttnn_functional_unet_2d_condition_model_new_conv:__call__:491 - Up block 1
2026-05-29 08:08:36.173 | INFO     | models.demos.wormhole.stable_diffusion.tt.ttnn_functional_unet_2d_condition_model_new_conv:__call__:491 - Up block 2
2026-05-29 08:08:36.181 | INFO     | models.demos.wormhole.stable_diffusion.tt.ttnn_functional_unet_2d_condition_model_new_conv:__call__:491 - Up block 3
2026-05-29 08:08:36.202 | INFO     | models.demos.wormhole.stable_diffusion.tt.ttnn_functional_unet_2d_condition_model_new_conv:__call__:406 - Down block 0
2026-05-29 08:08:36.207 | info     |              Op | act_block_h_override 2 is not a valid override for padded_output_height_ntiles_per_core 7, instead 1 was selected as closest valid option! (conv2d_utils.cpp:401)
2026-05-29 08:08:36.208 | INFO     | models.demos.wormhole.stable_diffusion.tt.ttnn_functional_unet_2d_condition_model_new_conv:__call__:406 - Down block 1
2026-05-29 08:08:36.213 | INFO     | models.demos.wormhole.stable_diffusion.tt.ttnn_functional_unet_2d_condition_model_new_conv:__call__:406 - Down block 2
2026-05-29 08:08:36.216 | INFO     | models.demos.wormhole.stable_diffusion.tt.ttnn_functional_unet_2d_condition_model_new_conv:__call__:406 - Down block 3
2026-05-29 08:08:36.217 | INFO     | models.demos.wormhole.stable_diffusion.tt.ttnn_functional_unet_2d_condition_model_new_conv:__call__:460 - Mid block
2026-05-29 08:08:36.217 | warning  |              Op | Mismatch between computed MemoryConfig(memory_layout=TensorMemoryLayout::BLOCK_SHARDED,buffer_type=BufferType::L1,shard_spec=ShardSpec(grid={[(x=0,y=0) - (x=7,y=3)]},shape={32, 160},orientation=ShardOrientation::ROW_MAJOR),nd_shard_spec=NdShardSpec(shard_shape=Shape([32, 160]),grid={[(x=0,y=0) - (x=7,y=3)]},orientation=ShardOrientation::ROW_MAJOR,shard_distribution_strategy=ShardDistributionStrategy::GRID_2D),created_with_nd_shard_spec=0) and provided MemoryConfig(memory_layout=TensorMemoryLayout::BLOCK_SHARDED,buffer_type=BufferType::L1,shard_spec=ShardSpec(grid={[(x=0,y=0) - (x=7,y=7)]},shape={32, 160},orientation=ShardOrientation::ROW_MAJOR),nd_shard_spec=std::nullopt,created_with_nd_shard_spec=0) mem config. Using computed config. (matmul_op.cpp:1674)
2026-05-29 08:08:36.219 | INFO     | models.demos.wormhole.stable_diffusion.tt.ttnn_functional_unet_2d_condition_model_new_conv:__call__:491 - Up block 0
2026-05-29 08:08:36.220 | INFO     | models.demos.wormhole.stable_diffusion.tt.ttnn_functional_unet_2d_condition_model_new_conv:__call__:491 - Up block 1
2026-05-29 08:08:36.225 | INFO     | models.demos.wormhole.stable_diffusion.tt.ttnn_functional_unet_2d_condition_model_new_conv:__call__:491 - Up block 2
2026-05-29 08:08:36.233 | INFO     | models.demos.wormhole.stable_diffusion.tt.ttnn_functional_unet_2d_condition_model_new_conv:__call__:491 - Up block 3
2026-05-29 08:08:36.254 | INFO     | models.demos.wormhole.stable_diffusion.tt.ttnn_functional_unet_2d_condition_model_new_conv:__call__:406 - Down block 0
2026-05-29 08:08:36.259 | info     |              Op | act_block_h_override 2 is not a valid override for padded_output_height_ntiles_per_core 7, instead 1 was selected as closest valid option! (conv2d_utils.cpp:401)
2026-05-29 08:08:36.259 | INFO     | models.demos.wormhole.stable_diffusion.tt.ttnn_functional_unet_2d_condition_model_new_conv:__call__:406 - Down block 1
2026-05-29 08:08:36.265 | INFO     | models.demos.wormhole.stable_diffusion.tt.ttnn_functional_unet_2d_condition_model_new_conv:__call__:406 - Down block 2
2026-05-29 08:08:36.268 | INFO     | models.demos.wormhole.stable_diffusion.tt.ttnn_functional_unet_2d_condition_model_new_conv:__call__:406 - Down block 3
2026-05-29 08:08:36.269 | INFO     | models.demos.wormhole.stable_diffusion.tt.ttnn_functional_unet_2d_condition_model_new_conv:__call__:460 - Mid block
2026-05-29 08:08:36.269 | warning  |              Op | Mismatch between computed MemoryConfig(memory_layout=TensorMemoryLayout::BLOCK_SHARDED,buffer_type=BufferType::L1,shard_spec=ShardSpec(grid={[(x=0,y=0) - (x=7,y=3)]},shape={32, 160},orientation=ShardOrientation::ROW_MAJOR),nd_shard_spec=NdShardSpec(shard_shape=Shape([32, 160]),grid={[(x=0,y=0) - (x=7,y=3)]},orientation=ShardOrientation::ROW_MAJOR,shard_distribution_strategy=ShardDistributionStrategy::GRID_2D),created_with_nd_shard_spec=0) and provided MemoryConfig(memory_layout=TensorMemoryLayout::BLOCK_SHARDED,buffer_type=BufferType::L1,shard_spec=ShardSpec(grid={[(x=0,y=0) - (x=7,y=7)]},shape={32, 160},orientation=ShardOrientation::ROW_MAJOR),nd_shard_spec=std::nullopt,created_with_nd_shard_spec=0) mem config. Using computed config. (matmul_op.cpp:1674)
2026-05-29 08:08:36.271 | INFO     | models.demos.wormhole.stable_diffusion.tt.ttnn_functional_unet_2d_condition_model_new_conv:__call__:491 - Up block 0
2026-05-29 08:08:36.272 | INFO     | models.demos.wormhole.stable_diffusion.tt.ttnn_functional_unet_2d_condition_model_new_conv:__call__:491 - Up block 1
2026-05-29 08:08:36.277 | INFO     | models.demos.wormhole.stable_diffusion.tt.ttnn_functional_unet_2d_condition_model_new_conv:__call__:491 - Up block 2
2026-05-29 08:08:36.285 | INFO     | models.demos.wormhole.stable_diffusion.tt.ttnn_functional_unet_2d_condition_model_new_conv:__call__:491 - Up block 3
2026-05-29 08:08:36.305 | INFO     | models.demos.wormhole.stable_diffusion.tt.ttnn_functional_unet_2d_condition_model_new_conv:__call__:406 - Down block 0
2026-05-29 08:08:36.311 | info     |              Op | act_block_h_override 2 is not a valid override for padded_output_height_ntiles_per_core 7, instead 1 was selected as closest valid option! (conv2d_utils.cpp:401)
2026-05-29 08:08:36.311 | INFO     | models.demos.wormhole.stable_diffusion.tt.ttnn_functional_unet_2d_condition_model_new_conv:__call__:406 - Down block 1
2026-05-29 08:08:36.317 | INFO     | models.demos.wormhole.stable_diffusion.tt.ttnn_functional_unet_2d_condition_model_new_conv:__call__:406 - Down block 2
2026-05-29 08:08:36.320 | INFO     | models.demos.wormhole.stable_diffusion.tt.ttnn_functional_unet_2d_condition_model_new_conv:__call__:406 - Down block 3
2026-05-29 08:08:36.321 | INFO     | models.demos.wormhole.stable_diffusion.tt.ttnn_functional_unet_2d_condition_model_new_conv:__call__:460 - Mid block
2026-05-29 08:08:36.321 | warning  |              Op | Mismatch between computed MemoryConfig(memory_layout=TensorMemoryLayout::BLOCK_SHARDED,buffer_type=BufferType::L1,shard_spec=ShardSpec(grid={[(x=0,y=0) - (x=7,y=3)]},shape={32, 160},orientation=ShardOrientation::ROW_MAJOR),nd_shard_spec=NdShardSpec(shard_shape=Shape([32, 160]),grid={[(x=0,y=0) - (x=7,y=3)]},orientation=ShardOrientation::ROW_MAJOR,shard_distribution_strategy=ShardDistributionStrategy::GRID_2D),created_with_nd_shard_spec=0) and provided MemoryConfig(memory_layout=TensorMemoryLayout::BLOCK_SHARDED,buffer_type=BufferType::L1,shard_spec=ShardSpec(grid={[(x=0,y=0) - (x=7,y=7)]},shape={32, 160},orientation=ShardOrientation::ROW_MAJOR),nd_shard_spec=std::nullopt,created_with_nd_shard_spec=0) mem config. Using computed config. (matmul_op.cpp:1674)
2026-05-29 08:08:36.322 | INFO     | models.demos.wormhole.stable_diffusion.tt.ttnn_functional_unet_2d_condition_model_new_conv:__call__:491 - Up block 0
2026-05-29 08:08:36.324 | INFO     | models.demos.wormhole.stable_diffusion.tt.ttnn_functional_unet_2d_condition_model_new_conv:__call__:491 - Up block 1
2026-05-29 08:08:36.329 | INFO     | models.demos.wormhole.stable_diffusion.tt.ttnn_functional_unet_2d_condition_model_new_conv:__call__:491 - Up block 2
2026-05-29 08:08:36.337 | INFO     | models.demos.wormhole.stable_diffusion.tt.ttnn_functional_unet_2d_condition_model_new_conv:__call__:491 - Up block 3
  Step 3/41
2026-05-29 08:08:36.359 | INFO     | models.demos.wormhole.stable_diffusion.tt.ttnn_functional_unet_2d_condition_model_new_conv:__call__:406 - Down block 0
2026-05-29 08:08:36.365 | info     |              Op | act_block_h_override 2 is not a valid override for padded_output_height_ntiles_per_core 7, instead 1 was selected as closest valid option! (conv2d_utils.cpp:401)
2026-05-29 08:08:36.365 | INFO     | models.demos.wormhole.stable_diffusion.tt.ttnn_functional_unet_2d_condition_model_new_conv:__call__:406 - Down block 1
2026-05-29 08:08:36.371 | INFO     | models.demos.wormhole.stable_diffusion.tt.ttnn_functional_unet_2d_condition_model_new_conv:__call__:406 - Down block 2
2026-05-29 08:08:36.374 | INFO     | models.demos.wormhole.stable_diffusion.tt.ttnn_functional_unet_2d_condition_model_new_conv:__call__:406 - Down block 3
2026-05-29 08:08:36.375 | INFO     | models.demos.wormhole.stable_diffusion.tt.ttnn_functional_unet_2d_condition_model_new_conv:__call__:460 - Mid block
2026-05-29 08:08:36.375 | warning  |              Op | Mismatch between computed MemoryConfig(memory_layout=TensorMemoryLayout::BLOCK_SHARDED,buffer_type=BufferType::L1,shard_spec=ShardSpec(grid={[(x=0,y=0) - (x=7,y=3)]},shape={32, 160},orientation=ShardOrientation::ROW_MAJOR),nd_shard_spec=NdShardSpec(shard_shape=Shape([32, 160]),grid={[(x=0,y=0) - (x=7,y=3)]},orientation=ShardOrientation::ROW_MAJOR,shard_distribution_strategy=ShardDistributionStrategy::GRID_2D),created_with_nd_shard_spec=0) and provided MemoryConfig(memory_layout=TensorMemoryLayout::BLOCK_SHARDED,buffer_type=BufferType::L1,shard_spec=ShardSpec(grid={[(x=0,y=0) - (x=7,y=7)]},shape={32, 160},orientation=ShardOrientation::ROW_MAJOR),nd_shard_spec=std::nullopt,created_with_nd_shard_spec=0) mem config. Using computed config. (matmul_op.cpp:1674)
2026-05-29 08:08:36.377 | INFO     | models.demos.wormhole.stable_diffusion.tt.ttnn_functional_unet_2d_condition_model_new_conv:__call__:491 - Up block 0
2026-05-29 08:08:36.378 | INFO     | models.demos.wormhole.stable_diffusion.tt.ttnn_functional_unet_2d_condition_model_new_conv:__call__:491 - Up block 1
2026-05-29 08:08:36.383 | INFO     | models.demos.wormhole.stable_diffusion.tt.ttnn_functional_unet_2d_condition_model_new_conv:__call__:491 - Up block 2
2026-05-29 08:08:36.391 | INFO     | models.demos.wormhole.stable_diffusion.tt.ttnn_functional_unet_2d_condition_model_new_conv:__call__:491 - Up block 3
2026-05-29 08:08:36.411 | INFO     | models.demos.wormhole.stable_diffusion.tt.ttnn_functional_unet_2d_condition_model_new_conv:__call__:406 - Down block 0
2026-05-29 08:08:36.417 | info     |              Op | act_block_h_override 2 is not a valid override for padded_output_height_ntiles_per_core 7, instead 1 was selected as closest valid option! (conv2d_utils.cpp:401)
2026-05-29 08:08:36.417 | INFO     | models.demos.wormhole.stable_diffusion.tt.ttnn_functional_unet_2d_condition_model_new_conv:__call__:406 - Down block 1
2026-05-29 08:08:36.422 | INFO     | models.demos.wormhole.stable_diffusion.tt.ttnn_functional_unet_2d_condition_model_new_conv:__call__:406 - Down block 2
2026-05-29 08:08:36.425 | INFO     | models.demos.wormhole.stable_diffusion.tt.ttnn_functional_unet_2d_condition_model_new_conv:__call__:406 - Down block 3
2026-05-29 08:08:36.426 | INFO     | models.demos.wormhole.stable_diffusion.tt.ttnn_functional_unet_2d_condition_model_new_conv:__call__:460 - Mid block
2026-05-29 08:08:36.427 | warning  |              Op | Mismatch between computed MemoryConfig(memory_layout=TensorMemoryLayout::BLOCK_SHARDED,buffer_type=BufferType::L1,shard_spec=ShardSpec(grid={[(x=0,y=0) - (x=7,y=3)]},shape={32, 160},orientation=ShardOrientation::ROW_MAJOR),nd_shard_spec=NdShardSpec(shard_shape=Shape([32, 160]),grid={[(x=0,y=0) - (x=7,y=3)]},orientation=ShardOrientation::ROW_MAJOR,shard_distribution_strategy=ShardDistributionStrategy::GRID_2D),created_with_nd_shard_spec=0) and provided MemoryConfig(memory_layout=TensorMemoryLayout::BLOCK_SHARDED,buffer_type=BufferType::L1,shard_spec=ShardSpec(grid={[(x=0,y=0) - (x=7,y=7)]},shape={32, 160},orientation=ShardOrientation::ROW_MAJOR),nd_shard_spec=std::nullopt,created_with_nd_shard_spec=0) mem config. Using computed config. (matmul_op.cpp:1674)
2026-05-29 08:08:36.428 | INFO     | models.demos.wormhole.stable_diffusion.tt.ttnn_functional_unet_2d_condition_model_new_conv:__call__:491 - Up block 0
2026-05-29 08:08:36.429 | INFO     | models.demos.wormhole.stable_diffusion.tt.ttnn_functional_unet_2d_condition_model_new_conv:__call__:491 - Up block 1
2026-05-29 08:08:36.434 | INFO     | models.demos.wormhole.stable_diffusion.tt.ttnn_functional_unet_2d_condition_model_new_conv:__call__:491 - Up block 2
2026-05-29 08:08:36.442 | INFO     | models.demos.wormhole.stable_diffusion.tt.ttnn_functional_unet_2d_condition_model_new_conv:__call__:491 - Up block 3
2026-05-29 08:08:36.463 | INFO     | models.demos.wormhole.stable_diffusion.tt.ttnn_functional_unet_2d_condition_model_new_conv:__call__:406 - Down block 0
2026-05-29 08:08:36.469 | info     |              Op | act_block_h_override 2 is not a valid override for padded_output_height_ntiles_per_core 7, instead 1 was selected as closest valid option! (conv2d_utils.cpp:401)
2026-05-29 08:08:36.469 | INFO     | models.demos.wormhole.stable_diffusion.tt.ttnn_functional_unet_2d_condition_model_new_conv:__call__:406 - Down block 1
2026-05-29 08:08:36.474 | INFO     | models.demos.wormhole.stable_diffusion.tt.ttnn_functional_unet_2d_condition_model_new_conv:__call__:406 - Down block 2
2026-05-29 08:08:36.477 | INFO     | models.demos.wormhole.stable_diffusion.tt.ttnn_functional_unet_2d_condition_model_new_conv:__call__:406 - Down block 3
2026-05-29 08:08:36.478 | INFO     | models.demos.wormhole.stable_diffusion.tt.ttnn_functional_unet_2d_condition_model_new_conv:__call__:460 - Mid block
2026-05-29 08:08:36.479 | warning  |              Op | Mismatch between computed MemoryConfig(memory_layout=TensorMemoryLayout::BLOCK_SHARDED,buffer_type=BufferType::L1,shard_spec=ShardSpec(grid={[(x=0,y=0) - (x=7,y=3)]},shape={32, 160},orientation=ShardOrientation::ROW_MAJOR),nd_shard_spec=NdShardSpec(shard_shape=Shape([32, 160]),grid={[(x=0,y=0) - (x=7,y=3)]},orientation=ShardOrientation::ROW_MAJOR,shard_distribution_strategy=ShardDistributionStrategy::GRID_2D),created_with_nd_shard_spec=0) and provided MemoryConfig(memory_layout=TensorMemoryLayout::BLOCK_SHARDED,buffer_type=BufferType::L1,shard_spec=ShardSpec(grid={[(x=0,y=0) - (x=7,y=7)]},shape={32, 160},orientation=ShardOrientation::ROW_MAJOR),nd_shard_spec=std::nullopt,created_with_nd_shard_spec=0) mem config. Using computed config. (matmul_op.cpp:1674)
2026-05-29 08:08:36.480 | INFO     | models.demos.wormhole.stable_diffusion.tt.ttnn_functional_unet_2d_condition_model_new_conv:__call__:491 - Up block 0
2026-05-29 08:08:36.481 | INFO     | models.demos.wormhole.stable_diffusion.tt.ttnn_functional_unet_2d_condition_model_new_conv:__call__:491 - Up block 1
2026-05-29 08:08:36.486 | INFO     | models.demos.wormhole.stable_diffusion.tt.ttnn_functional_unet_2d_condition_model_new_conv:__call__:491 - Up block 2
2026-05-29 08:08:36.494 | INFO     | models.demos.wormhole.stable_diffusion.tt.ttnn_functional_unet_2d_condition_model_new_conv:__call__:491 - Up block 3
2026-05-29 08:08:36.515 | INFO     | models.demos.wormhole.stable_diffusion.tt.ttnn_functional_unet_2d_condition_model_new_conv:__call__:406 - Down block 0
2026-05-29 08:08:36.520 | info     |              Op | act_block_h_override 2 is not a valid override for padded_output_height_ntiles_per_core 7, instead 1 was selected as closest valid option! (conv2d_utils.cpp:401)
2026-05-29 08:08:36.521 | INFO     | models.demos.wormhole.stable_diffusion.tt.ttnn_functional_unet_2d_condition_model_new_conv:__call__:406 - Down block 1
2026-05-29 08:08:36.526 | INFO     | models.demos.wormhole.stable_diffusion.tt.ttnn_functional_unet_2d_condition_model_new_conv:__call__:406 - Down block 2
2026-05-29 08:08:36.529 | INFO     | models.demos.wormhole.stable_diffusion.tt.ttnn_functional_unet_2d_condition_model_new_conv:__call__:406 - Down block 3
2026-05-29 08:08:36.530 | INFO     | models.demos.wormhole.stable_diffusion.tt.ttnn_functional_unet_2d_condition_model_new_conv:__call__:460 - Mid block
2026-05-29 08:08:36.530 | warning  |              Op | Mismatch between computed MemoryConfig(memory_layout=TensorMemoryLayout::BLOCK_SHARDED,buffer_type=BufferType::L1,shard_spec=ShardSpec(grid={[(x=0,y=0) - (x=7,y=3)]},shape={32, 160},orientation=ShardOrientation::ROW_MAJOR),nd_shard_spec=NdShardSpec(shard_shape=Shape([32, 160]),grid={[(x=0,y=0) - (x=7,y=3)]},orientation=ShardOrientation::ROW_MAJOR,shard_distribution_strategy=ShardDistributionStrategy::GRID_2D),created_with_nd_shard_spec=0) and provided MemoryConfig(memory_layout=TensorMemoryLayout::BLOCK_SHARDED,buffer_type=BufferType::L1,shard_spec=ShardSpec(grid={[(x=0,y=0) - (x=7,y=7)]},shape={32, 160},orientation=ShardOrientation::ROW_MAJOR),nd_shard_spec=std::nullopt,created_with_nd_shard_spec=0) mem config. Using computed config. (matmul_op.cpp:1674)
2026-05-29 08:08:36.532 | INFO     | models.demos.wormhole.stable_diffusion.tt.ttnn_functional_unet_2d_condition_model_new_conv:__call__:491 - Up block 0
2026-05-29 08:08:36.533 | INFO     | models.demos.wormhole.stable_diffusion.tt.ttnn_functional_unet_2d_condition_model_new_conv:__call__:491 - Up block 1
2026-05-29 08:08:36.538 | INFO     | models.demos.wormhole.stable_diffusion.tt.ttnn_functional_unet_2d_condition_model_new_conv:__call__:491 - Up block 2
2026-05-29 08:08:36.546 | INFO     | models.demos.wormhole.stable_diffusion.tt.ttnn_functional_unet_2d_condition_model_new_conv:__call__:491 - Up block 3
2026-05-29 08:08:36.567 | INFO     | models.demos.wormhole.stable_diffusion.tt.ttnn_functional_unet_2d_condition_model_new_conv:__call__:406 - Down block 0
2026-05-29 08:08:36.572 | info     |              Op | act_block_h_override 2 is not a valid override for padded_output_height_ntiles_per_core 7, instead 1 was selected as closest valid option! (conv2d_utils.cpp:401)
2026-05-29 08:08:36.572 | INFO     | models.demos.wormhole.stable_diffusion.tt.ttnn_functional_unet_2d_condition_model_new_conv:__call__:406 - Down block 1
2026-05-29 08:08:36.578 | INFO     | models.demos.wormhole.stable_diffusion.tt.ttnn_functional_unet_2d_condition_model_new_conv:__call__:406 - Down block 2
2026-05-29 08:08:36.582 | INFO     | models.demos.wormhole.stable_diffusion.tt.ttnn_functional_unet_2d_condition_model_new_conv:__call__:406 - Down block 3
2026-05-29 08:08:36.582 | INFO     | models.demos.wormhole.stable_diffusion.tt.ttnn_functional_unet_2d_condition_model_new_conv:__call__:460 - Mid block
2026-05-29 08:08:36.583 | warning  |              Op | Mismatch between computed MemoryConfig(memory_layout=TensorMemoryLayout::BLOCK_SHARDED,buffer_type=BufferType::L1,shard_spec=ShardSpec(grid={[(x=0,y=0) - (x=7,y=3)]},shape={32, 160},orientation=ShardOrientation::ROW_MAJOR),nd_shard_spec=NdShardSpec(shard_shape=Shape([32, 160]),grid={[(x=0,y=0) - (x=7,y=3)]},orientation=ShardOrientation::ROW_MAJOR,shard_distribution_strategy=ShardDistributionStrategy::GRID_2D),created_with_nd_shard_spec=0) and provided MemoryConfig(memory_layout=TensorMemoryLayout::BLOCK_SHARDED,buffer_type=BufferType::L1,shard_spec=ShardSpec(grid={[(x=0,y=0) - (x=7,y=7)]},shape={32, 160},orientation=ShardOrientation::ROW_MAJOR),nd_shard_spec=std::nullopt,created_with_nd_shard_spec=0) mem config. Using computed config. (matmul_op.cpp:1674)
2026-05-29 08:08:36.584 | INFO     | models.demos.wormhole.stable_diffusion.tt.ttnn_functional_unet_2d_condition_model_new_conv:__call__:491 - Up block 0
2026-05-29 08:08:36.586 | INFO     | models.demos.wormhole.stable_diffusion.tt.ttnn_functional_unet_2d_condition_model_new_conv:__call__:491 - Up block 1
2026-05-29 08:08:36.591 | INFO     | models.demos.wormhole.stable_diffusion.tt.ttnn_functional_unet_2d_condition_model_new_conv:__call__:491 - Up block 2
2026-05-29 08:08:36.599 | INFO     | models.demos.wormhole.stable_diffusion.tt.ttnn_functional_unet_2d_condition_model_new_conv:__call__:491 - Up block 3
2026-05-29 08:08:36.619 | INFO     | models.demos.wormhole.stable_diffusion.tt.ttnn_functional_unet_2d_condition_model_new_conv:__call__:406 - Down block 0
2026-05-29 08:08:36.625 | info     |              Op | act_block_h_override 2 is not a valid override for padded_output_height_ntiles_per_core 7, instead 1 was selected as closest valid option! (conv2d_utils.cpp:401)
2026-05-29 08:08:36.625 | INFO     | models.demos.wormhole.stable_diffusion.tt.ttnn_functional_unet_2d_condition_model_new_conv:__call__:406 - Down block 1
2026-05-29 08:08:36.630 | INFO     | models.demos.wormhole.stable_diffusion.tt.ttnn_functional_unet_2d_condition_model_new_conv:__call__:406 - Down block 2
2026-05-29 08:08:36.633 | INFO     | models.demos.wormhole.stable_diffusion.tt.ttnn_functional_unet_2d_condition_model_new_conv:__call__:406 - Down block 3
2026-05-29 08:08:36.634 | INFO     | models.demos.wormhole.stable_diffusion.tt.ttnn_functional_unet_2d_condition_model_new_conv:__call__:460 - Mid block
2026-05-29 08:08:36.635 | warning  |              Op | Mismatch between computed MemoryConfig(memory_layout=TensorMemoryLayout::BLOCK_SHARDED,buffer_type=BufferType::L1,shard_spec=ShardSpec(grid={[(x=0,y=0) - (x=7,y=3)]},shape={32, 160},orientation=ShardOrientation::ROW_MAJOR),nd_shard_spec=NdShardSpec(shard_shape=Shape([32, 160]),grid={[(x=0,y=0) - (x=7,y=3)]},orientation=ShardOrientation::ROW_MAJOR,shard_distribution_strategy=ShardDistributionStrategy::GRID_2D),created_with_nd_shard_spec=0) and provided MemoryConfig(memory_layout=TensorMemoryLayout::BLOCK_SHARDED,buffer_type=BufferType::L1,shard_spec=ShardSpec(grid={[(x=0,y=0) - (x=7,y=7)]},shape={32, 160},orientation=ShardOrientation::ROW_MAJOR),nd_shard_spec=std::nullopt,created_with_nd_shard_spec=0) mem config. Using computed config. (matmul_op.cpp:1674)
2026-05-29 08:08:36.636 | INFO     | models.demos.wormhole.stable_diffusion.tt.ttnn_functional_unet_2d_condition_model_new_conv:__call__:491 - Up block 0
2026-05-29 08:08:36.637 | INFO     | models.demos.wormhole.stable_diffusion.tt.ttnn_functional_unet_2d_condition_model_new_conv:__call__:491 - Up block 1
2026-05-29 08:08:36.642 | INFO     | models.demos.wormhole.stable_diffusion.tt.ttnn_functional_unet_2d_condition_model_new_conv:__call__:491 - Up block 2
2026-05-29 08:08:36.650 | INFO     | models.demos.wormhole.stable_diffusion.tt.ttnn_functional_unet_2d_condition_model_new_conv:__call__:491 - Up block 3
2026-05-29 08:08:36.671 | INFO     | models.demos.wormhole.stable_diffusion.tt.ttnn_functional_unet_2d_condition_model_new_conv:__call__:406 - Down block 0
2026-05-29 08:08:36.676 | info     |              Op | act_block_h_override 2 is not a valid override for padded_output_height_ntiles_per_core 7, instead 1 was selected as closest valid option! (conv2d_utils.cpp:401)
2026-05-29 08:08:36.677 | INFO     | models.demos.wormhole.stable_diffusion.tt.ttnn_functional_unet_2d_condition_model_new_conv:__call__:406 - Down block 1
2026-05-29 08:08:36.682 | INFO     | models.demos.wormhole.stable_diffusion.tt.ttnn_functional_unet_2d_condition_model_new_conv:__call__:406 - Down block 2
2026-05-29 08:08:36.685 | INFO     | models.demos.wormhole.stable_diffusion.tt.ttnn_functional_unet_2d_condition_model_new_conv:__call__:406 - Down block 3
2026-05-29 08:08:36.686 | INFO     | models.demos.wormhole.stable_diffusion.tt.ttnn_functional_unet_2d_condition_model_new_conv:__call__:460 - Mid block
2026-05-29 08:08:36.687 | warning  |              Op | Mismatch between computed MemoryConfig(memory_layout=TensorMemoryLayout::BLOCK_SHARDED,buffer_type=BufferType::L1,shard_spec=ShardSpec(grid={[(x=0,y=0) - (x=7,y=3)]},shape={32, 160},orientation=ShardOrientation::ROW_MAJOR),nd_shard_spec=NdShardSpec(shard_shape=Shape([32, 160]),grid={[(x=0,y=0) - (x=7,y=3)]},orientation=ShardOrientation::ROW_MAJOR,shard_distribution_strategy=ShardDistributionStrategy::GRID_2D),created_with_nd_shard_spec=0) and provided MemoryConfig(memory_layout=TensorMemoryLayout::BLOCK_SHARDED,buffer_type=BufferType::L1,shard_spec=ShardSpec(grid={[(x=0,y=0) - (x=7,y=7)]},shape={32, 160},orientation=ShardOrientation::ROW_MAJOR),nd_shard_spec=std::nullopt,created_with_nd_shard_spec=0) mem config. Using computed config. (matmul_op.cpp:1674)
2026-05-29 08:08:36.688 | INFO     | models.demos.wormhole.stable_diffusion.tt.ttnn_functional_unet_2d_condition_model_new_conv:__call__:491 - Up block 0
2026-05-29 08:08:36.689 | INFO     | models.demos.wormhole.stable_diffusion.tt.ttnn_functional_unet_2d_condition_model_new_conv:__call__:491 - Up block 1
2026-05-29 08:08:36.694 | INFO     | models.demos.wormhole.stable_diffusion.tt.ttnn_functional_unet_2d_condition_model_new_conv:__call__:491 - Up block 2
2026-05-29 08:08:36.702 | INFO     | models.demos.wormhole.stable_diffusion.tt.ttnn_functional_unet_2d_condition_model_new_conv:__call__:491 - Up block 3
2026-05-29 08:08:36.723 | INFO     | models.demos.wormhole.stable_diffusion.tt.ttnn_functional_unet_2d_condition_model_new_conv:__call__:406 - Down block 0
2026-05-29 08:08:36.729 | info     |              Op | act_block_h_override 2 is not a valid override for padded_output_height_ntiles_per_core 7, instead 1 was selected as closest valid option! (conv2d_utils.cpp:401)
2026-05-29 08:08:36.729 | INFO     | models.demos.wormhole.stable_diffusion.tt.ttnn_functional_unet_2d_condition_model_new_conv:__call__:406 - Down block 1
2026-05-29 08:08:36.735 | INFO     | models.demos.wormhole.stable_diffusion.tt.ttnn_functional_unet_2d_condition_model_new_conv:__call__:406 - Down block 2
2026-05-29 08:08:36.739 | INFO     | models.demos.wormhole.stable_diffusion.tt.ttnn_functional_unet_2d_condition_model_new_conv:__call__:406 - Down block 3
2026-05-29 08:08:36.739 | INFO     | models.demos.wormhole.stable_diffusion.tt.ttnn_functional_unet_2d_condition_model_new_conv:__call__:460 - Mid block
2026-05-29 08:08:36.740 | warning  |              Op | Mismatch between computed MemoryConfig(memory_layout=TensorMemoryLayout::BLOCK_SHARDED,buffer_type=BufferType::L1,shard_spec=ShardSpec(grid={[(x=0,y=0) - (x=7,y=3)]},shape={32, 160},orientation=ShardOrientation::ROW_MAJOR),nd_shard_spec=NdShardSpec(shard_shape=Shape([32, 160]),grid={[(x=0,y=0) - (x=7,y=3)]},orientation=ShardOrientation::ROW_MAJOR,shard_distribution_strategy=ShardDistributionStrategy::GRID_2D),created_with_nd_shard_spec=0) and provided MemoryConfig(memory_layout=TensorMemoryLayout::BLOCK_SHARDED,buffer_type=BufferType::L1,shard_spec=ShardSpec(grid={[(x=0,y=0) - (x=7,y=7)]},shape={32, 160},orientation=ShardOrientation::ROW_MAJOR),nd_shard_spec=std::nullopt,created_with_nd_shard_spec=0) mem config. Using computed config. (matmul_op.cpp:1674)
2026-05-29 08:08:36.741 | INFO     | models.demos.wormhole.stable_diffusion.tt.ttnn_functional_unet_2d_condition_model_new_conv:__call__:491 - Up block 0
2026-05-29 08:08:36.742 | INFO     | models.demos.wormhole.stable_diffusion.tt.ttnn_functional_unet_2d_condition_model_new_conv:__call__:491 - Up block 1
2026-05-29 08:08:36.747 | INFO     | models.demos.wormhole.stable_diffusion.tt.ttnn_functional_unet_2d_condition_model_new_conv:__call__:491 - Up block 2
2026-05-29 08:08:36.756 | INFO     | models.demos.wormhole.stable_diffusion.tt.ttnn_functional_unet_2d_condition_model_new_conv:__call__:491 - Up block 3
  Step 4/41
2026-05-29 08:08:36.778 | INFO     | models.demos.wormhole.stable_diffusion.tt.ttnn_functional_unet_2d_condition_model_new_conv:__call__:406 - Down block 0
2026-05-29 08:08:36.784 | info     |              Op | act_block_h_override 2 is not a valid override for padded_output_height_ntiles_per_core 7, instead 1 was selected as closest valid option! (conv2d_utils.cpp:401)
2026-05-29 08:08:36.785 | INFO     | models.demos.wormhole.stable_diffusion.tt.ttnn_functional_unet_2d_condition_model_new_conv:__call__:406 - Down block 1
2026-05-29 08:08:36.791 | INFO     | models.demos.wormhole.stable_diffusion.tt.ttnn_functional_unet_2d_condition_model_new_conv:__call__:406 - Down block 2
2026-05-29 08:08:36.794 | INFO     | models.demos.wormhole.stable_diffusion.tt.ttnn_functional_unet_2d_condition_model_new_conv:__call__:406 - Down block 3
2026-05-29 08:08:36.795 | INFO     | models.demos.wormhole.stable_diffusion.tt.ttnn_functional_unet_2d_condition_model_new_conv:__call__:460 - Mid block
2026-05-29 08:08:36.795 | warning  |              Op | Mismatch between computed MemoryConfig(memory_layout=TensorMemoryLayout::BLOCK_SHARDED,buffer_type=BufferType::L1,shard_spec=ShardSpec(grid={[(x=0,y=0) - (x=7,y=3)]},shape={32, 160},orientation=ShardOrientation::ROW_MAJOR),nd_shard_spec=NdShardSpec(shard_shape=Shape([32, 160]),grid={[(x=0,y=0) - (x=7,y=3)]},orientation=ShardOrientation::ROW_MAJOR,shard_distribution_strategy=ShardDistributionStrategy::GRID_2D),created_with_nd_shard_spec=0) and provided MemoryConfig(memory_layout=TensorMemoryLayout::BLOCK_SHARDED,buffer_type=BufferType::L1,shard_spec=ShardSpec(grid={[(x=0,y=0) - (x=7,y=7)]},shape={32, 160},orientation=ShardOrientation::ROW_MAJOR),nd_shard_spec=std::nullopt,created_with_nd_shard_spec=0) mem config. Using computed config. (matmul_op.cpp:1674)
2026-05-29 08:08:36.797 | INFO     | models.demos.wormhole.stable_diffusion.tt.ttnn_functional_unet_2d_condition_model_new_conv:__call__:491 - Up block 0
2026-05-29 08:08:36.798 | INFO     | models.demos.wormhole.stable_diffusion.tt.ttnn_functional_unet_2d_condition_model_new_conv:__call__:491 - Up block 1
2026-05-29 08:08:36.803 | INFO     | models.demos.wormhole.stable_diffusion.tt.ttnn_functional_unet_2d_condition_model_new_conv:__call__:491 - Up block 2
2026-05-29 08:08:36.811 | INFO     | models.demos.wormhole.stable_diffusion.tt.ttnn_functional_unet_2d_condition_model_new_conv:__call__:491 - Up block 3
2026-05-29 08:08:36.831 | INFO     | models.demos.wormhole.stable_diffusion.tt.ttnn_functional_unet_2d_condition_model_new_conv:__call__:406 - Down block 0
2026-05-29 08:08:36.837 | info     |              Op | act_block_h_override 2 is not a valid override for padded_output_height_ntiles_per_core 7, instead 1 was selected as closest valid option! (conv2d_utils.cpp:401)
2026-05-29 08:08:36.837 | INFO     | models.demos.wormhole.stable_diffusion.tt.ttnn_functional_unet_2d_condition_model_new_conv:__call__:406 - Down block 1
2026-05-29 08:08:36.843 | INFO     | models.demos.wormhole.stable_diffusion.tt.ttnn_functional_unet_2d_condition_model_new_conv:__call__:406 - Down block 2
2026-05-29 08:08:36.847 | INFO     | models.demos.wormhole.stable_diffusion.tt.ttnn_functional_unet_2d_condition_model_new_conv:__call__:406 - Down block 3
2026-05-29 08:08:36.848 | INFO     | models.demos.wormhole.stable_diffusion.tt.ttnn_functional_unet_2d_condition_model_new_conv:__call__:460 - Mid block
2026-05-29 08:08:36.848 | warning  |              Op | Mismatch between computed MemoryConfig(memory_layout=TensorMemoryLayout::BLOCK_SHARDED,buffer_type=BufferType::L1,shard_spec=ShardSpec(grid={[(x=0,y=0) - (x=7,y=3)]},shape={32, 160},orientation=ShardOrientation::ROW_MAJOR),nd_shard_spec=NdShardSpec(shard_shape=Shape([32, 160]),grid={[(x=0,y=0) - (x=7,y=3)]},orientation=ShardOrientation::ROW_MAJOR,shard_distribution_strategy=ShardDistributionStrategy::GRID_2D),created_with_nd_shard_spec=0) and provided MemoryConfig(memory_layout=TensorMemoryLayout::BLOCK_SHARDED,buffer_type=BufferType::L1,shard_spec=ShardSpec(grid={[(x=0,y=0) - (x=7,y=7)]},shape={32, 160},orientation=ShardOrientation::ROW_MAJOR),nd_shard_spec=std::nullopt,created_with_nd_shard_spec=0) mem config. Using computed config. (matmul_op.cpp:1674)
2026-05-29 08:08:36.850 | INFO     | models.demos.wormhole.stable_diffusion.tt.ttnn_functional_unet_2d_condition_model_new_conv:__call__:491 - Up block 0
2026-05-29 08:08:36.851 | INFO     | models.demos.wormhole.stable_diffusion.tt.ttnn_functional_unet_2d_condition_model_new_conv:__call__:491 - Up block 1
2026-05-29 08:08:36.856 | INFO     | models.demos.wormhole.stable_diffusion.tt.ttnn_functional_unet_2d_condition_model_new_conv:__call__:491 - Up block 2
2026-05-29 08:08:36.864 | INFO     | models.demos.wormhole.stable_diffusion.tt.ttnn_functional_unet_2d_condition_model_new_conv:__call__:491 - Up block 3
2026-05-29 08:08:36.884 | INFO     | models.demos.wormhole.stable_diffusion.tt.ttnn_functional_unet_2d_condition_model_new_conv:__call__:406 - Down block 0
2026-05-29 08:08:36.890 | info     |              Op | act_block_h_override 2 is not a valid override for padded_output_height_ntiles_per_core 7, instead 1 was selected as closest valid option! (conv2d_utils.cpp:401)
2026-05-29 08:08:36.890 | INFO     | models.demos.wormhole.stable_diffusion.tt.ttnn_functional_unet_2d_condition_model_new_conv:__call__:406 - Down block 1
2026-05-29 08:08:36.895 | INFO     | models.demos.wormhole.stable_diffusion.tt.ttnn_functional_unet_2d_condition_model_new_conv:__call__:406 - Down block 2
2026-05-29 08:08:36.898 | INFO     | models.demos.wormhole.stable_diffusion.tt.ttnn_functional_unet_2d_condition_model_new_conv:__call__:406 - Down block 3
2026-05-29 08:08:36.899 | INFO     | models.demos.wormhole.stable_diffusion.tt.ttnn_functional_unet_2d_condition_model_new_conv:__call__:460 - Mid block
2026-05-29 08:08:36.900 | warning  |              Op | Mismatch between computed MemoryConfig(memory_layout=TensorMemoryLayout::BLOCK_SHARDED,buffer_type=BufferType::L1,shard_spec=ShardSpec(grid={[(x=0,y=0) - (x=7,y=3)]},shape={32, 160},orientation=ShardOrientation::ROW_MAJOR),nd_shard_spec=NdShardSpec(shard_shape=Shape([32, 160]),grid={[(x=0,y=0) - (x=7,y=3)]},orientation=ShardOrientation::ROW_MAJOR,shard_distribution_strategy=ShardDistributionStrategy::GRID_2D),created_with_nd_shard_spec=0) and provided MemoryConfig(memory_layout=TensorMemoryLayout::BLOCK_SHARDED,buffer_type=BufferType::L1,shard_spec=ShardSpec(grid={[(x=0,y=0) - (x=7,y=7)]},shape={32, 160},orientation=ShardOrientation::ROW_MAJOR),nd_shard_spec=std::nullopt,created_with_nd_shard_spec=0) mem config. Using computed config. (matmul_op.cpp:1674)
2026-05-29 08:08:36.901 | INFO     | models.demos.wormhole.stable_diffusion.tt.ttnn_functional_unet_2d_condition_model_new_conv:__call__:491 - Up block 0
2026-05-29 08:08:36.902 | INFO     | models.demos.wormhole.stable_diffusion.tt.ttnn_functional_unet_2d_condition_model_new_conv:__call__:491 - Up block 1
2026-05-29 08:08:36.907 | INFO     | models.demos.wormhole.stable_diffusion.tt.ttnn_functional_unet_2d_condition_model_new_conv:__call__:491 - Up block 2
2026-05-29 08:08:36.915 | INFO     | models.demos.wormhole.stable_diffusion.tt.ttnn_functional_unet_2d_condition_model_new_conv:__call__:491 - Up block 3
2026-05-29 08:08:36.936 | INFO     | models.demos.wormhole.stable_diffusion.tt.ttnn_functional_unet_2d_condition_model_new_conv:__call__:406 - Down block 0
2026-05-29 08:08:36.942 | info     |              Op | act_block_h_override 2 is not a valid override for padded_output_height_ntiles_per_core 7, instead 1 was selected as closest valid option! (conv2d_utils.cpp:401)
2026-05-29 08:08:36.942 | INFO     | models.demos.wormhole.stable_diffusion.tt.ttnn_functional_unet_2d_condition_model_new_conv:__call__:406 - Down block 1
2026-05-29 08:08:36.947 | INFO     | models.demos.wormhole.stable_diffusion.tt.ttnn_functional_unet_2d_condition_model_new_conv:__call__:406 - Down block 2
2026-05-29 08:08:36.951 | INFO     | models.demos.wormhole.stable_diffusion.tt.ttnn_functional_unet_2d_condition_model_new_conv:__call__:406 - Down block 3
2026-05-29 08:08:36.951 | INFO     | models.demos.wormhole.stable_diffusion.tt.ttnn_functional_unet_2d_condition_model_new_conv:__call__:460 - Mid block
2026-05-29 08:08:36.952 | warning  |              Op | Mismatch between computed MemoryConfig(memory_layout=TensorMemoryLayout::BLOCK_SHARDED,buffer_type=BufferType::L1,shard_spec=ShardSpec(grid={[(x=0,y=0) - (x=7,y=3)]},shape={32, 160},orientation=ShardOrientation::ROW_MAJOR),nd_shard_spec=NdShardSpec(shard_shape=Shape([32, 160]),grid={[(x=0,y=0) - (x=7,y=3)]},orientation=ShardOrientation::ROW_MAJOR,shard_distribution_strategy=ShardDistributionStrategy::GRID_2D),created_with_nd_shard_spec=0) and provided MemoryConfig(memory_layout=TensorMemoryLayout::BLOCK_SHARDED,buffer_type=BufferType::L1,shard_spec=ShardSpec(grid={[(x=0,y=0) - (x=7,y=7)]},shape={32, 160},orientation=ShardOrientation::ROW_MAJOR),nd_shard_spec=std::nullopt,created_with_nd_shard_spec=0) mem config. Using computed config. (matmul_op.cpp:1674)
2026-05-29 08:08:36.953 | INFO     | models.demos.wormhole.stable_diffusion.tt.ttnn_functional_unet_2d_condition_model_new_conv:__call__:491 - Up block 0
2026-05-29 08:08:36.955 | INFO     | models.demos.wormhole.stable_diffusion.tt.ttnn_functional_unet_2d_condition_model_new_conv:__call__:491 - Up block 1
2026-05-29 08:08:36.960 | INFO     | models.demos.wormhole.stable_diffusion.tt.ttnn_functional_unet_2d_condition_model_new_conv:__call__:491 - Up block 2
2026-05-29 08:08:36.968 | INFO     | models.demos.wormhole.stable_diffusion.tt.ttnn_functional_unet_2d_condition_model_new_conv:__call__:491 - Up block 3
2026-05-29 08:08:36.988 | INFO     | models.demos.wormhole.stable_diffusion.tt.ttnn_functional_unet_2d_condition_model_new_conv:__call__:406 - Down block 0
2026-05-29 08:08:36.994 | info     |              Op | act_block_h_override 2 is not a valid override for padded_output_height_ntiles_per_core 7, instead 1 was selected as closest valid option! (conv2d_utils.cpp:401)
2026-05-29 08:08:36.994 | INFO     | models.demos.wormhole.stable_diffusion.tt.ttnn_functional_unet_2d_condition_model_new_conv:__call__:406 - Down block 1
2026-05-29 08:08:36.999 | INFO     | models.demos.wormhole.stable_diffusion.tt.ttnn_functional_unet_2d_condition_model_new_conv:__call__:406 - Down block 2
2026-05-29 08:08:37.003 | INFO     | models.demos.wormhole.stable_diffusion.tt.ttnn_functional_unet_2d_condition_model_new_conv:__call__:406 - Down block 3
2026-05-29 08:08:37.004 | INFO     | models.demos.wormhole.stable_diffusion.tt.ttnn_functional_unet_2d_condition_model_new_conv:__call__:460 - Mid block
2026-05-29 08:08:37.004 | warning  |              Op | Mismatch between computed MemoryConfig(memory_layout=TensorMemoryLayout::BLOCK_SHARDED,buffer_type=BufferType::L1,shard_spec=ShardSpec(grid={[(x=0,y=0) - (x=7,y=3)]},shape={32, 160},orientation=ShardOrientation::ROW_MAJOR),nd_shard_spec=NdShardSpec(shard_shape=Shape([32, 160]),grid={[(x=0,y=0) - (x=7,y=3)]},orientation=ShardOrientation::ROW_MAJOR,shard_distribution_strategy=ShardDistributionStrategy::GRID_2D),created_with_nd_shard_spec=0) and provided MemoryConfig(memory_layout=TensorMemoryLayout::BLOCK_SHARDED,buffer_type=BufferType::L1,shard_spec=ShardSpec(grid={[(x=0,y=0) - (x=7,y=7)]},shape={32, 160},orientation=ShardOrientation::ROW_MAJOR),nd_shard_spec=std::nullopt,created_with_nd_shard_spec=0) mem config. Using computed config. (matmul_op.cpp:1674)
2026-05-29 08:08:37.005 | INFO     | models.demos.wormhole.stable_diffusion.tt.ttnn_functional_unet_2d_condition_model_new_conv:__call__:491 - Up block 0
2026-05-29 08:08:37.007 | INFO     | models.demos.wormhole.stable_diffusion.tt.ttnn_functional_unet_2d_condition_model_new_conv:__call__:491 - Up block 1
2026-05-29 08:08:37.012 | INFO     | models.demos.wormhole.stable_diffusion.tt.ttnn_functional_unet_2d_condition_model_new_conv:__call__:491 - Up block 2
2026-05-29 08:08:37.020 | INFO     | models.demos.wormhole.stable_diffusion.tt.ttnn_functional_unet_2d_condition_model_new_conv:__call__:491 - Up block 3
2026-05-29 08:08:37.040 | INFO     | models.demos.wormhole.stable_diffusion.tt.ttnn_functional_unet_2d_condition_model_new_conv:__call__:406 - Down block 0
2026-05-29 08:08:37.046 | info     |              Op | act_block_h_override 2 is not a valid override for padded_output_height_ntiles_per_core 7, instead 1 was selected as closest valid option! (conv2d_utils.cpp:401)
2026-05-29 08:08:37.046 | INFO     | models.demos.wormhole.stable_diffusion.tt.ttnn_functional_unet_2d_condition_model_new_conv:__call__:406 - Down block 1
2026-05-29 08:08:37.052 | INFO     | models.demos.wormhole.stable_diffusion.tt.ttnn_functional_unet_2d_condition_model_new_conv:__call__:406 - Down block 2
2026-05-29 08:08:37.055 | INFO     | models.demos.wormhole.stable_diffusion.tt.ttnn_functional_unet_2d_condition_model_new_conv:__call__:406 - Down block 3
2026-05-29 08:08:37.056 | INFO     | models.demos.wormhole.stable_diffusion.tt.ttnn_functional_unet_2d_condition_model_new_conv:__call__:460 - Mid block
2026-05-29 08:08:37.056 | warning  |              Op | Mismatch between computed MemoryConfig(memory_layout=TensorMemoryLayout::BLOCK_SHARDED,buffer_type=BufferType::L1,shard_spec=ShardSpec(grid={[(x=0,y=0) - (x=7,y=3)]},shape={32, 160},orientation=ShardOrientation::ROW_MAJOR),nd_shard_spec=NdShardSpec(shard_shape=Shape([32, 160]),grid={[(x=0,y=0) - (x=7,y=3)]},orientation=ShardOrientation::ROW_MAJOR,shard_distribution_strategy=ShardDistributionStrategy::GRID_2D),created_with_nd_shard_spec=0) and provided MemoryConfig(memory_layout=TensorMemoryLayout::BLOCK_SHARDED,buffer_type=BufferType::L1,shard_spec=ShardSpec(grid={[(x=0,y=0) - (x=7,y=7)]},shape={32, 160},orientation=ShardOrientation::ROW_MAJOR),nd_shard_spec=std::nullopt,created_with_nd_shard_spec=0) mem config. Using computed config. (matmul_op.cpp:1674)
2026-05-29 08:08:37.058 | INFO     | models.demos.wormhole.stable_diffusion.tt.ttnn_functional_unet_2d_condition_model_new_conv:__call__:491 - Up block 0
2026-05-29 08:08:37.059 | INFO     | models.demos.wormhole.stable_diffusion.tt.ttnn_functional_unet_2d_condition_model_new_conv:__call__:491 - Up block 1
2026-05-29 08:08:37.064 | INFO     | models.demos.wormhole.stable_diffusion.tt.ttnn_functional_unet_2d_condition_model_new_conv:__call__:491 - Up block 2
2026-05-29 08:08:37.072 | INFO     | models.demos.wormhole.stable_diffusion.tt.ttnn_functional_unet_2d_condition_model_new_conv:__call__:491 - Up block 3
2026-05-29 08:08:37.092 | INFO     | models.demos.wormhole.stable_diffusion.tt.ttnn_functional_unet_2d_condition_model_new_conv:__call__:406 - Down block 0
2026-05-29 08:08:37.098 | info     |              Op | act_block_h_override 2 is not a valid override for padded_output_height_ntiles_per_core 7, instead 1 was selected as closest valid option! (conv2d_utils.cpp:401)
2026-05-29 08:08:37.098 | INFO     | models.demos.wormhole.stable_diffusion.tt.ttnn_functional_unet_2d_condition_model_new_conv:__call__:406 - Down block 1
2026-05-29 08:08:37.103 | INFO     | models.demos.wormhole.stable_diffusion.tt.ttnn_functional_unet_2d_condition_model_new_conv:__call__:406 - Down block 2
2026-05-29 08:08:37.107 | INFO     | models.demos.wormhole.stable_diffusion.tt.ttnn_functional_unet_2d_condition_model_new_conv:__call__:406 - Down block 3
2026-05-29 08:08:37.107 | INFO     | models.demos.wormhole.stable_diffusion.tt.ttnn_functional_unet_2d_condition_model_new_conv:__call__:460 - Mid block
2026-05-29 08:08:37.108 | warning  |              Op | Mismatch between computed MemoryConfig(memory_layout=TensorMemoryLayout::BLOCK_SHARDED,buffer_type=BufferType::L1,shard_spec=ShardSpec(grid={[(x=0,y=0) - (x=7,y=3)]},shape={32, 160},orientation=ShardOrientation::ROW_MAJOR),nd_shard_spec=NdShardSpec(shard_shape=Shape([32, 160]),grid={[(x=0,y=0) - (x=7,y=3)]},orientation=ShardOrientation::ROW_MAJOR,shard_distribution_strategy=ShardDistributionStrategy::GRID_2D),created_with_nd_shard_spec=0) and provided MemoryConfig(memory_layout=TensorMemoryLayout::BLOCK_SHARDED,buffer_type=BufferType::L1,shard_spec=ShardSpec(grid={[(x=0,y=0) - (x=7,y=7)]},shape={32, 160},orientation=ShardOrientation::ROW_MAJOR),nd_shard_spec=std::nullopt,created_with_nd_shard_spec=0) mem config. Using computed config. (matmul_op.cpp:1674)
2026-05-29 08:08:37.109 | INFO     | models.demos.wormhole.stable_diffusion.tt.ttnn_functional_unet_2d_condition_model_new_conv:__call__:491 - Up block 0
2026-05-29 08:08:37.111 | INFO     | models.demos.wormhole.stable_diffusion.tt.ttnn_functional_unet_2d_condition_model_new_conv:__call__:491 - Up block 1
2026-05-29 08:08:37.115 | INFO     | models.demos.wormhole.stable_diffusion.tt.ttnn_functional_unet_2d_condition_model_new_conv:__call__:491 - Up block 2
2026-05-29 08:08:37.123 | INFO     | models.demos.wormhole.stable_diffusion.tt.ttnn_functional_unet_2d_condition_model_new_conv:__call__:491 - Up block 3
2026-05-29 08:08:37.144 | INFO     | models.demos.wormhole.stable_diffusion.tt.ttnn_functional_unet_2d_condition_model_new_conv:__call__:406 - Down block 0
2026-05-29 08:08:37.150 | info     |              Op | act_block_h_override 2 is not a valid override for padded_output_height_ntiles_per_core 7, instead 1 was selected as closest valid option! (conv2d_utils.cpp:401)
2026-05-29 08:08:37.150 | INFO     | models.demos.wormhole.stable_diffusion.tt.ttnn_functional_unet_2d_condition_model_new_conv:__call__:406 - Down block 1
2026-05-29 08:08:37.156 | INFO     | models.demos.wormhole.stable_diffusion.tt.ttnn_functional_unet_2d_condition_model_new_conv:__call__:406 - Down block 2
2026-05-29 08:08:37.159 | INFO     | models.demos.wormhole.stable_diffusion.tt.ttnn_functional_unet_2d_condition_model_new_conv:__call__:406 - Down block 3
2026-05-29 08:08:37.160 | INFO     | models.demos.wormhole.stable_diffusion.tt.ttnn_functional_unet_2d_condition_model_new_conv:__call__:460 - Mid block
2026-05-29 08:08:37.160 | warning  |              Op | Mismatch between computed MemoryConfig(memory_layout=TensorMemoryLayout::BLOCK_SHARDED,buffer_type=BufferType::L1,shard_spec=ShardSpec(grid={[(x=0,y=0) - (x=7,y=3)]},shape={32, 160},orientation=ShardOrientation::ROW_MAJOR),nd_shard_spec=NdShardSpec(shard_shape=Shape([32, 160]),grid={[(x=0,y=0) - (x=7,y=3)]},orientation=ShardOrientation::ROW_MAJOR,shard_distribution_strategy=ShardDistributionStrategy::GRID_2D),created_with_nd_shard_spec=0) and provided MemoryConfig(memory_layout=TensorMemoryLayout::BLOCK_SHARDED,buffer_type=BufferType::L1,shard_spec=ShardSpec(grid={[(x=0,y=0) - (x=7,y=7)]},shape={32, 160},orientation=ShardOrientation::ROW_MAJOR),nd_shard_spec=std::nullopt,created_with_nd_shard_spec=0) mem config. Using computed config. (matmul_op.cpp:1674)
2026-05-29 08:08:37.162 | INFO     | models.demos.wormhole.stable_diffusion.tt.ttnn_functional_unet_2d_condition_model_new_conv:__call__:491 - Up block 0
2026-05-29 08:08:37.163 | INFO     | models.demos.wormhole.stable_diffusion.tt.ttnn_functional_unet_2d_condition_model_new_conv:__call__:491 - Up block 1
2026-05-29 08:08:37.168 | INFO     | models.demos.wormhole.stable_diffusion.tt.ttnn_functional_unet_2d_condition_model_new_conv:__call__:491 - Up block 2
2026-05-29 08:08:37.176 | INFO     | models.demos.wormhole.stable_diffusion.tt.ttnn_functional_unet_2d_condition_model_new_conv:__call__:491 - Up block 3
  Step 5/41
2026-05-29 08:08:37.199 | INFO     | models.demos.wormhole.stable_diffusion.tt.ttnn_functional_unet_2d_condition_model_new_conv:__call__:406 - Down block 0
2026-05-29 08:08:37.205 | info     |              Op | act_block_h_override 2 is not a valid override for padded_output_height_ntiles_per_core 7, instead 1 was selected as closest valid option! (conv2d_utils.cpp:401)
2026-05-29 08:08:37.205 | INFO     | models.demos.wormhole.stable_diffusion.tt.ttnn_functional_unet_2d_condition_model_new_conv:__call__:406 - Down block 1
2026-05-29 08:08:37.211 | INFO     | models.demos.wormhole.stable_diffusion.tt.ttnn_functional_unet_2d_condition_model_new_conv:__call__:406 - Down block 2
2026-05-29 08:08:37.214 | INFO     | models.demos.wormhole.stable_diffusion.tt.ttnn_functional_unet_2d_condition_model_new_conv:__call__:406 - Down block 3
2026-05-29 08:08:37.215 | INFO     | models.demos.wormhole.stable_diffusion.tt.ttnn_functional_unet_2d_condition_model_new_conv:__call__:460 - Mid block
2026-05-29 08:08:37.215 | warning  |              Op | Mismatch between computed MemoryConfig(memory_layout=TensorMemoryLayout::BLOCK_SHARDED,buffer_type=BufferType::L1,shard_spec=ShardSpec(grid={[(x=0,y=0) - (x=7,y=3)]},shape={32, 160},orientation=ShardOrientation::ROW_MAJOR),nd_shard_spec=NdShardSpec(shard_shape=Shape([32, 160]),grid={[(x=0,y=0) - (x=7,y=3)]},orientation=ShardOrientation::ROW_MAJOR,shard_distribution_strategy=ShardDistributionStrategy::GRID_2D),created_with_nd_shard_spec=0) and provided MemoryConfig(memory_layout=TensorMemoryLayout::BLOCK_SHARDED,buffer_type=BufferType::L1,shard_spec=ShardSpec(grid={[(x=0,y=0) - (x=7,y=7)]},shape={32, 160},orientation=ShardOrientation::ROW_MAJOR),nd_shard_spec=std::nullopt,created_with_nd_shard_spec=0) mem config. Using computed config. (matmul_op.cpp:1674)
2026-05-29 08:08:37.217 | INFO     | models.demos.wormhole.stable_diffusion.tt.ttnn_functional_unet_2d_condition_model_new_conv:__call__:491 - Up block 0
2026-05-29 08:08:37.218 | INFO     | models.demos.wormhole.stable_diffusion.tt.ttnn_functional_unet_2d_condition_model_new_conv:__call__:491 - Up block 1
2026-05-29 08:08:37.223 | INFO     | models.demos.wormhole.stable_diffusion.tt.ttnn_functional_unet_2d_condition_model_new_conv:__call__:491 - Up block 2
2026-05-29 08:08:37.231 | INFO     | models.demos.wormhole.stable_diffusion.tt.ttnn_functional_unet_2d_condition_model_new_conv:__call__:491 - Up block 3
2026-05-29 08:08:37.251 | INFO     | models.demos.wormhole.stable_diffusion.tt.ttnn_functional_unet_2d_condition_model_new_conv:__call__:406 - Down block 0
2026-05-29 08:08:37.257 | info     |              Op | act_block_h_override 2 is not a valid override for padded_output_height_ntiles_per_core 7, instead 1 was selected as closest valid option! (conv2d_utils.cpp:401)
2026-05-29 08:08:37.257 | INFO     | models.demos.wormhole.stable_diffusion.tt.ttnn_functional_unet_2d_condition_model_new_conv:__call__:406 - Down block 1
2026-05-29 08:08:37.263 | INFO     | models.demos.wormhole.stable_diffusion.tt.ttnn_functional_unet_2d_condition_model_new_conv:__call__:406 - Down block 2
2026-05-29 08:08:37.266 | INFO     | models.demos.wormhole.stable_diffusion.tt.ttnn_functional_unet_2d_condition_model_new_conv:__call__:406 - Down block 3
2026-05-29 08:08:37.267 | INFO     | models.demos.wormhole.stable_diffusion.tt.ttnn_functional_unet_2d_condition_model_new_conv:__call__:460 - Mid block
2026-05-29 08:08:37.267 | warning  |              Op | Mismatch between computed MemoryConfig(memory_layout=TensorMemoryLayout::BLOCK_SHARDED,buffer_type=BufferType::L1,shard_spec=ShardSpec(grid={[(x=0,y=0) - (x=7,y=3)]},shape={32, 160},orientation=ShardOrientation::ROW_MAJOR),nd_shard_spec=NdShardSpec(shard_shape=Shape([32, 160]),grid={[(x=0,y=0) - (x=7,y=3)]},orientation=ShardOrientation::ROW_MAJOR,shard_distribution_strategy=ShardDistributionStrategy::GRID_2D),created_with_nd_shard_spec=0) and provided MemoryConfig(memory_layout=TensorMemoryLayout::BLOCK_SHARDED,buffer_type=BufferType::L1,shard_spec=ShardSpec(grid={[(x=0,y=0) - (x=7,y=7)]},shape={32, 160},orientation=ShardOrientation::ROW_MAJOR),nd_shard_spec=std::nullopt,created_with_nd_shard_spec=0) mem config. Using computed config. (matmul_op.cpp:1674)
2026-05-29 08:08:37.269 | INFO     | models.demos.wormhole.stable_diffusion.tt.ttnn_functional_unet_2d_condition_model_new_conv:__call__:491 - Up block 0
2026-05-29 08:08:37.270 | INFO     | models.demos.wormhole.stable_diffusion.tt.ttnn_functional_unet_2d_condition_model_new_conv:__call__:491 - Up block 1
2026-05-29 08:08:37.275 | INFO     | models.demos.wormhole.stable_diffusion.tt.ttnn_functional_unet_2d_condition_model_new_conv:__call__:491 - Up block 2
2026-05-29 08:08:37.283 | INFO     | models.demos.wormhole.stable_diffusion.tt.ttnn_functional_unet_2d_condition_model_new_conv:__call__:491 - Up block 3
2026-05-29 08:08:37.304 | INFO     | models.demos.wormhole.stable_diffusion.tt.ttnn_functional_unet_2d_condition_model_new_conv:__call__:406 - Down block 0
2026-05-29 08:08:37.309 | info     |              Op | act_block_h_override 2 is not a valid override for padded_output_height_ntiles_per_core 7, instead 1 was selected as closest valid option! (conv2d_utils.cpp:401)
2026-05-29 08:08:37.309 | INFO     | models.demos.wormhole.stable_diffusion.tt.ttnn_functional_unet_2d_condition_model_new_conv:__call__:406 - Down block 1
2026-05-29 08:08:37.315 | INFO     | models.demos.wormhole.stable_diffusion.tt.ttnn_functional_unet_2d_condition_model_new_conv:__call__:406 - Down block 2
2026-05-29 08:08:37.318 | INFO     | models.demos.wormhole.stable_diffusion.tt.ttnn_functional_unet_2d_condition_model_new_conv:__call__:406 - Down block 3
2026-05-29 08:08:37.319 | INFO     | models.demos.wormhole.stable_diffusion.tt.ttnn_functional_unet_2d_condition_model_new_conv:__call__:460 - Mid block
2026-05-29 08:08:37.319 | warning  |              Op | Mismatch between computed MemoryConfig(memory_layout=TensorMemoryLayout::BLOCK_SHARDED,buffer_type=BufferType::L1,shard_spec=ShardSpec(grid={[(x=0,y=0) - (x=7,y=3)]},shape={32, 160},orientation=ShardOrientation::ROW_MAJOR),nd_shard_spec=NdShardSpec(shard_shape=Shape([32, 160]),grid={[(x=0,y=0) - (x=7,y=3)]},orientation=ShardOrientation::ROW_MAJOR,shard_distribution_strategy=ShardDistributionStrategy::GRID_2D),created_with_nd_shard_spec=0) and provided MemoryConfig(memory_layout=TensorMemoryLayout::BLOCK_SHARDED,buffer_type=BufferType::L1,shard_spec=ShardSpec(grid={[(x=0,y=0) - (x=7,y=7)]},shape={32, 160},orientation=ShardOrientation::ROW_MAJOR),nd_shard_spec=std::nullopt,created_with_nd_shard_spec=0) mem config. Using computed config. (matmul_op.cpp:1674)
2026-05-29 08:08:37.321 | INFO     | models.demos.wormhole.stable_diffusion.tt.ttnn_functional_unet_2d_condition_model_new_conv:__call__:491 - Up block 0
2026-05-29 08:08:37.322 | INFO     | models.demos.wormhole.stable_diffusion.tt.ttnn_functional_unet_2d_condition_model_new_conv:__call__:491 - Up block 1
2026-05-29 08:08:37.327 | INFO     | models.demos.wormhole.stable_diffusion.tt.ttnn_functional_unet_2d_condition_model_new_conv:__call__:491 - Up block 2
2026-05-29 08:08:37.335 | INFO     | models.demos.wormhole.stable_diffusion.tt.ttnn_functional_unet_2d_condition_model_new_conv:__call__:491 - Up block 3
2026-05-29 08:08:37.356 | INFO     | models.demos.wormhole.stable_diffusion.tt.ttnn_functional_unet_2d_condition_model_new_conv:__call__:406 - Down block 0
2026-05-29 08:08:37.361 | info     |              Op | act_block_h_override 2 is not a valid override for padded_output_height_ntiles_per_core 7, instead 1 was selected as closest valid option! (conv2d_utils.cpp:401)
2026-05-29 08:08:37.362 | INFO     | models.demos.wormhole.stable_diffusion.tt.ttnn_functional_unet_2d_condition_model_new_conv:__call__:406 - Down block 1
2026-05-29 08:08:37.367 | INFO     | models.demos.wormhole.stable_diffusion.tt.ttnn_functional_unet_2d_condition_model_new_conv:__call__:406 - Down block 2
2026-05-29 08:08:37.370 | INFO     | models.demos.wormhole.stable_diffusion.tt.ttnn_functional_unet_2d_condition_model_new_conv:__call__:406 - Down block 3
2026-05-29 08:08:37.371 | INFO     | models.demos.wormhole.stable_diffusion.tt.ttnn_functional_unet_2d_condition_model_new_conv:__call__:460 - Mid block
2026-05-29 08:08:37.371 | warning  |              Op | Mismatch between computed MemoryConfig(memory_layout=TensorMemoryLayout::BLOCK_SHARDED,buffer_type=BufferType::L1,shard_spec=ShardSpec(grid={[(x=0,y=0) - (x=7,y=3)]},shape={32, 160},orientation=ShardOrientation::ROW_MAJOR),nd_shard_spec=NdShardSpec(shard_shape=Shape([32, 160]),grid={[(x=0,y=0) - (x=7,y=3)]},orientation=ShardOrientation::ROW_MAJOR,shard_distribution_strategy=ShardDistributionStrategy::GRID_2D),created_with_nd_shard_spec=0) and provided MemoryConfig(memory_layout=TensorMemoryLayout::BLOCK_SHARDED,buffer_type=BufferType::L1,shard_spec=ShardSpec(grid={[(x=0,y=0) - (x=7,y=7)]},shape={32, 160},orientation=ShardOrientation::ROW_MAJOR),nd_shard_spec=std::nullopt,created_with_nd_shard_spec=0) mem config. Using computed config. (matmul_op.cpp:1674)
2026-05-29 08:08:37.373 | INFO     | models.demos.wormhole.stable_diffusion.tt.ttnn_functional_unet_2d_condition_model_new_conv:__call__:491 - Up block 0
2026-05-29 08:08:37.374 | INFO     | models.demos.wormhole.stable_diffusion.tt.ttnn_functional_unet_2d_condition_model_new_conv:__call__:491 - Up block 1
2026-05-29 08:08:37.379 | INFO     | models.demos.wormhole.stable_diffusion.tt.ttnn_functional_unet_2d_condition_model_new_conv:__call__:491 - Up block 2
2026-05-29 08:08:37.387 | INFO     | models.demos.wormhole.stable_diffusion.tt.ttnn_functional_unet_2d_condition_model_new_conv:__call__:491 - Up block 3
2026-05-29 08:08:37.408 | INFO     | models.demos.wormhole.stable_diffusion.tt.ttnn_functional_unet_2d_condition_model_new_conv:__call__:406 - Down block 0
2026-05-29 08:08:37.413 | info     |              Op | act_block_h_override 2 is not a valid override for padded_output_height_ntiles_per_core 7, instead 1 was selected as closest valid option! (conv2d_utils.cpp:401)
2026-05-29 08:08:37.413 | INFO     | models.demos.wormhole.stable_diffusion.tt.ttnn_functional_unet_2d_condition_model_new_conv:__call__:406 - Down block 1
2026-05-29 08:08:37.419 | INFO     | models.demos.wormhole.stable_diffusion.tt.ttnn_functional_unet_2d_condition_model_new_conv:__call__:406 - Down block 2
2026-05-29 08:08:37.422 | INFO     | models.demos.wormhole.stable_diffusion.tt.ttnn_functional_unet_2d_condition_model_new_conv:__call__:406 - Down block 3
2026-05-29 08:08:37.423 | INFO     | models.demos.wormhole.stable_diffusion.tt.ttnn_functional_unet_2d_condition_model_new_conv:__call__:460 - Mid block
2026-05-29 08:08:37.423 | warning  |              Op | Mismatch between computed MemoryConfig(memory_layout=TensorMemoryLayout::BLOCK_SHARDED,buffer_type=BufferType::L1,shard_spec=ShardSpec(grid={[(x=0,y=0) - (x=7,y=3)]},shape={32, 160},orientation=ShardOrientation::ROW_MAJOR),nd_shard_spec=NdShardSpec(shard_shape=Shape([32, 160]),grid={[(x=0,y=0) - (x=7,y=3)]},orientation=ShardOrientation::ROW_MAJOR,shard_distribution_strategy=ShardDistributionStrategy::GRID_2D),created_with_nd_shard_spec=0) and provided MemoryConfig(memory_layout=TensorMemoryLayout::BLOCK_SHARDED,buffer_type=BufferType::L1,shard_spec=ShardSpec(grid={[(x=0,y=0) - (x=7,y=7)]},shape={32, 160},orientation=ShardOrientation::ROW_MAJOR),nd_shard_spec=std::nullopt,created_with_nd_shard_spec=0) mem config. Using computed config. (matmul_op.cpp:1674)
2026-05-29 08:08:37.425 | INFO     | models.demos.wormhole.stable_diffusion.tt.ttnn_functional_unet_2d_condition_model_new_conv:__call__:491 - Up block 0
2026-05-29 08:08:37.426 | INFO     | models.demos.wormhole.stable_diffusion.tt.ttnn_functional_unet_2d_condition_model_new_conv:__call__:491 - Up block 1
2026-05-29 08:08:37.431 | INFO     | models.demos.wormhole.stable_diffusion.tt.ttnn_functional_unet_2d_condition_model_new_conv:__call__:491 - Up block 2
2026-05-29 08:08:37.439 | INFO     | models.demos.wormhole.stable_diffusion.tt.ttnn_functional_unet_2d_condition_model_new_conv:__call__:491 - Up block 3
2026-05-29 08:08:37.459 | INFO     | models.demos.wormhole.stable_diffusion.tt.ttnn_functional_unet_2d_condition_model_new_conv:__call__:406 - Down block 0
2026-05-29 08:08:37.465 | info     |              Op | act_block_h_override 2 is not a valid override for padded_output_height_ntiles_per_core 7, instead 1 was selected as closest valid option! (conv2d_utils.cpp:401)
2026-05-29 08:08:37.465 | INFO     | models.demos.wormhole.stable_diffusion.tt.ttnn_functional_unet_2d_condition_model_new_conv:__call__:406 - Down block 1
2026-05-29 08:08:37.470 | INFO     | models.demos.wormhole.stable_diffusion.tt.ttnn_functional_unet_2d_condition_model_new_conv:__call__:406 - Down block 2
2026-05-29 08:08:37.474 | INFO     | models.demos.wormhole.stable_diffusion.tt.ttnn_functional_unet_2d_condition_model_new_conv:__call__:406 - Down block 3
2026-05-29 08:08:37.474 | INFO     | models.demos.wormhole.stable_diffusion.tt.ttnn_functional_unet_2d_condition_model_new_conv:__call__:460 - Mid block
2026-05-29 08:08:37.475 | warning  |              Op | Mismatch between computed MemoryConfig(memory_layout=TensorMemoryLayout::BLOCK_SHARDED,buffer_type=BufferType::L1,shard_spec=ShardSpec(grid={[(x=0,y=0) - (x=7,y=3)]},shape={32, 160},orientation=ShardOrientation::ROW_MAJOR),nd_shard_spec=NdShardSpec(shard_shape=Shape([32, 160]),grid={[(x=0,y=0) - (x=7,y=3)]},orientation=ShardOrientation::ROW_MAJOR,shard_distribution_strategy=ShardDistributionStrategy::GRID_2D),created_with_nd_shard_spec=0) and provided MemoryConfig(memory_layout=TensorMemoryLayout::BLOCK_SHARDED,buffer_type=BufferType::L1,shard_spec=ShardSpec(grid={[(x=0,y=0) - (x=7,y=7)]},shape={32, 160},orientation=ShardOrientation::ROW_MAJOR),nd_shard_spec=std::nullopt,created_with_nd_shard_spec=0) mem config. Using computed config. (matmul_op.cpp:1674)
2026-05-29 08:08:37.476 | INFO     | models.demos.wormhole.stable_diffusion.tt.ttnn_functional_unet_2d_condition_model_new_conv:__call__:491 - Up block 0
2026-05-29 08:08:37.478 | INFO     | models.demos.wormhole.stable_diffusion.tt.ttnn_functional_unet_2d_condition_model_new_conv:__call__:491 - Up block 1
2026-05-29 08:08:37.482 | INFO     | models.demos.wormhole.stable_diffusion.tt.ttnn_functional_unet_2d_condition_model_new_conv:__call__:491 - Up block 2
2026-05-29 08:08:37.490 | INFO     | models.demos.wormhole.stable_diffusion.tt.ttnn_functional_unet_2d_condition_model_new_conv:__call__:491 - Up block 3
2026-05-29 08:08:37.511 | INFO     | models.demos.wormhole.stable_diffusion.tt.ttnn_functional_unet_2d_condition_model_new_conv:__call__:406 - Down block 0
2026-05-29 08:08:37.517 | info     |              Op | act_block_h_override 2 is not a valid override for padded_output_height_ntiles_per_core 7, instead 1 was selected as closest valid option! (conv2d_utils.cpp:401)
2026-05-29 08:08:37.517 | INFO     | models.demos.wormhole.stable_diffusion.tt.ttnn_functional_unet_2d_condition_model_new_conv:__call__:406 - Down block 1
2026-05-29 08:08:37.523 | INFO     | models.demos.wormhole.stable_diffusion.tt.ttnn_functional_unet_2d_condition_model_new_conv:__call__:406 - Down block 2
2026-05-29 08:08:37.527 | INFO     | models.demos.wormhole.stable_diffusion.tt.ttnn_functional_unet_2d_condition_model_new_conv:__call__:406 - Down block 3
2026-05-29 08:08:37.527 | INFO     | models.demos.wormhole.stable_diffusion.tt.ttnn_functional_unet_2d_condition_model_new_conv:__call__:460 - Mid block
2026-05-29 08:08:37.528 | warning  |              Op | Mismatch between computed MemoryConfig(memory_layout=TensorMemoryLayout::BLOCK_SHARDED,buffer_type=BufferType::L1,shard_spec=ShardSpec(grid={[(x=0,y=0) - (x=7,y=3)]},shape={32, 160},orientation=ShardOrientation::ROW_MAJOR),nd_shard_spec=NdShardSpec(shard_shape=Shape([32, 160]),grid={[(x=0,y=0) - (x=7,y=3)]},orientation=ShardOrientation::ROW_MAJOR,shard_distribution_strategy=ShardDistributionStrategy::GRID_2D),created_with_nd_shard_spec=0) and provided MemoryConfig(memory_layout=TensorMemoryLayout::BLOCK_SHARDED,buffer_type=BufferType::L1,shard_spec=ShardSpec(grid={[(x=0,y=0) - (x=7,y=7)]},shape={32, 160},orientation=ShardOrientation::ROW_MAJOR),nd_shard_spec=std::nullopt,created_with_nd_shard_spec=0) mem config. Using computed config. (matmul_op.cpp:1674)
2026-05-29 08:08:37.529 | INFO     | models.demos.wormhole.stable_diffusion.tt.ttnn_functional_unet_2d_condition_model_new_conv:__call__:491 - Up block 0
2026-05-29 08:08:37.531 | INFO     | models.demos.wormhole.stable_diffusion.tt.ttnn_functional_unet_2d_condition_model_new_conv:__call__:491 - Up block 1
2026-05-29 08:08:37.536 | INFO     | models.demos.wormhole.stable_diffusion.tt.ttnn_functional_unet_2d_condition_model_new_conv:__call__:491 - Up block 2
2026-05-29 08:08:37.544 | INFO     | models.demos.wormhole.stable_diffusion.tt.ttnn_functional_unet_2d_condition_model_new_conv:__call__:491 - Up block 3
2026-05-29 08:08:37.564 | INFO     | models.demos.wormhole.stable_diffusion.tt.ttnn_functional_unet_2d_condition_model_new_conv:__call__:406 - Down block 0
2026-05-29 08:08:37.570 | info     |              Op | act_block_h_override 2 is not a valid override for padded_output_height_ntiles_per_core 7, instead 1 was selected as closest valid option! (conv2d_utils.cpp:401)
2026-05-29 08:08:37.570 | INFO     | models.demos.wormhole.stable_diffusion.tt.ttnn_functional_unet_2d_condition_model_new_conv:__call__:406 - Down block 1
2026-05-29 08:08:37.575 | INFO     | models.demos.wormhole.stable_diffusion.tt.ttnn_functional_unet_2d_condition_model_new_conv:__call__:406 - Down block 2
2026-05-29 08:08:37.579 | INFO     | models.demos.wormhole.stable_diffusion.tt.ttnn_functional_unet_2d_condition_model_new_conv:__call__:406 - Down block 3
2026-05-29 08:08:37.580 | INFO     | models.demos.wormhole.stable_diffusion.tt.ttnn_functional_unet_2d_condition_model_new_conv:__call__:460 - Mid block
2026-05-29 08:08:37.580 | warning  |              Op | Mismatch between computed MemoryConfig(memory_layout=TensorMemoryLayout::BLOCK_SHARDED,buffer_type=BufferType::L1,shard_spec=ShardSpec(grid={[(x=0,y=0) - (x=7,y=3)]},shape={32, 160},orientation=ShardOrientation::ROW_MAJOR),nd_shard_spec=NdShardSpec(shard_shape=Shape([32, 160]),grid={[(x=0,y=0) - (x=7,y=3)]},orientation=ShardOrientation::ROW_MAJOR,shard_distribution_strategy=ShardDistributionStrategy::GRID_2D),created_with_nd_shard_spec=0) and provided MemoryConfig(memory_layout=TensorMemoryLayout::BLOCK_SHARDED,buffer_type=BufferType::L1,shard_spec=ShardSpec(grid={[(x=0,y=0) - (x=7,y=7)]},shape={32, 160},orientation=ShardOrientation::ROW_MAJOR),nd_shard_spec=std::nullopt,created_with_nd_shard_spec=0) mem config. Using computed config. (matmul_op.cpp:1674)
2026-05-29 08:08:37.581 | INFO     | models.demos.wormhole.stable_diffusion.tt.ttnn_functional_unet_2d_condition_model_new_conv:__call__:491 - Up block 0
2026-05-29 08:08:37.583 | INFO     | models.demos.wormhole.stable_diffusion.tt.ttnn_functional_unet_2d_condition_model_new_conv:__call__:491 - Up block 1
2026-05-29 08:08:37.588 | INFO     | models.demos.wormhole.stable_diffusion.tt.ttnn_functional_unet_2d_condition_model_new_conv:__call__:491 - Up block 2
2026-05-29 08:08:37.596 | INFO     | models.demos.wormhole.stable_diffusion.tt.ttnn_functional_unet_2d_condition_model_new_conv:__call__:491 - Up block 3
  Step 6/41
2026-05-29 08:08:37.618 | INFO     | models.demos.wormhole.stable_diffusion.tt.ttnn_functional_unet_2d_condition_model_new_conv:__call__:406 - Down block 0
2026-05-29 08:08:37.624 | info     |              Op | act_block_h_override 2 is not a valid override for padded_output_height_ntiles_per_core 7, instead 1 was selected as closest valid option! (conv2d_utils.cpp:401)
2026-05-29 08:08:37.624 | INFO     | models.demos.wormhole.stable_diffusion.tt.ttnn_functional_unet_2d_condition_model_new_conv:__call__:406 - Down block 1
2026-05-29 08:08:37.630 | INFO     | models.demos.wormhole.stable_diffusion.tt.ttnn_functional_unet_2d_condition_model_new_conv:__call__:406 - Down block 2
2026-05-29 08:08:37.633 | INFO     | models.demos.wormhole.stable_diffusion.tt.ttnn_functional_unet_2d_condition_model_new_conv:__call__:406 - Down block 3
2026-05-29 08:08:37.634 | INFO     | models.demos.wormhole.stable_diffusion.tt.ttnn_functional_unet_2d_condition_model_new_conv:__call__:460 - Mid block
2026-05-29 08:08:37.635 | warning  |              Op | Mismatch between computed MemoryConfig(memory_layout=TensorMemoryLayout::BLOCK_SHARDED,buffer_type=BufferType::L1,shard_spec=ShardSpec(grid={[(x=0,y=0) - (x=7,y=3)]},shape={32, 160},orientation=ShardOrientation::ROW_MAJOR),nd_shard_spec=NdShardSpec(shard_shape=Shape([32, 160]),grid={[(x=0,y=0) - (x=7,y=3)]},orientation=ShardOrientation::ROW_MAJOR,shard_distribution_strategy=ShardDistributionStrategy::GRID_2D),created_with_nd_shard_spec=0) and provided MemoryConfig(memory_layout=TensorMemoryLayout::BLOCK_SHARDED,buffer_type=BufferType::L1,shard_spec=ShardSpec(grid={[(x=0,y=0) - (x=7,y=7)]},shape={32, 160},orientation=ShardOrientation::ROW_MAJOR),nd_shard_spec=std::nullopt,created_with_nd_shard_spec=0) mem config. Using computed config. (matmul_op.cpp:1674)
2026-05-29 08:08:37.636 | INFO     | models.demos.wormhole.stable_diffusion.tt.ttnn_functional_unet_2d_condition_model_new_conv:__call__:491 - Up block 0
2026-05-29 08:08:37.637 | INFO     | models.demos.wormhole.stable_diffusion.tt.ttnn_functional_unet_2d_condition_model_new_conv:__call__:491 - Up block 1
2026-05-29 08:08:37.642 | INFO     | models.demos.wormhole.stable_diffusion.tt.ttnn_functional_unet_2d_condition_model_new_conv:__call__:491 - Up block 2
2026-05-29 08:08:37.650 | INFO     | models.demos.wormhole.stable_diffusion.tt.ttnn_functional_unet_2d_condition_model_new_conv:__call__:491 - Up block 3
2026-05-29 08:08:37.670 | INFO     | models.demos.wormhole.stable_diffusion.tt.ttnn_functional_unet_2d_condition_model_new_conv:__call__:406 - Down block 0
2026-05-29 08:08:37.676 | info     |              Op | act_block_h_override 2 is not a valid override for padded_output_height_ntiles_per_core 7, instead 1 was selected as closest valid option! (conv2d_utils.cpp:401)
2026-05-29 08:08:37.676 | INFO     | models.demos.wormhole.stable_diffusion.tt.ttnn_functional_unet_2d_condition_model_new_conv:__call__:406 - Down block 1
2026-05-29 08:08:37.682 | INFO     | models.demos.wormhole.stable_diffusion.tt.ttnn_functional_unet_2d_condition_model_new_conv:__call__:406 - Down block 2
2026-05-29 08:08:37.685 | INFO     | models.demos.wormhole.stable_diffusion.tt.ttnn_functional_unet_2d_condition_model_new_conv:__call__:406 - Down block 3
2026-05-29 08:08:37.686 | INFO     | models.demos.wormhole.stable_diffusion.tt.ttnn_functional_unet_2d_condition_model_new_conv:__call__:460 - Mid block
2026-05-29 08:08:37.687 | warning  |              Op | Mismatch between computed MemoryConfig(memory_layout=TensorMemoryLayout::BLOCK_SHARDED,buffer_type=BufferType::L1,shard_spec=ShardSpec(grid={[(x=0,y=0) - (x=7,y=3)]},shape={32, 160},orientation=ShardOrientation::ROW_MAJOR),nd_shard_spec=NdShardSpec(shard_shape=Shape([32, 160]),grid={[(x=0,y=0) - (x=7,y=3)]},orientation=ShardOrientation::ROW_MAJOR,shard_distribution_strategy=ShardDistributionStrategy::GRID_2D),created_with_nd_shard_spec=0) and provided MemoryConfig(memory_layout=TensorMemoryLayout::BLOCK_SHARDED,buffer_type=BufferType::L1,shard_spec=ShardSpec(grid={[(x=0,y=0) - (x=7,y=7)]},shape={32, 160},orientation=ShardOrientation::ROW_MAJOR),nd_shard_spec=std::nullopt,created_with_nd_shard_spec=0) mem config. Using computed config. (matmul_op.cpp:1674)
2026-05-29 08:08:37.688 | INFO     | models.demos.wormhole.stable_diffusion.tt.ttnn_functional_unet_2d_condition_model_new_conv:__call__:491 - Up block 0
2026-05-29 08:08:37.689 | INFO     | models.demos.wormhole.stable_diffusion.tt.ttnn_functional_unet_2d_condition_model_new_conv:__call__:491 - Up block 1
2026-05-29 08:08:37.694 | INFO     | models.demos.wormhole.stable_diffusion.tt.ttnn_functional_unet_2d_condition_model_new_conv:__call__:491 - Up block 2
2026-05-29 08:08:37.703 | INFO     | models.demos.wormhole.stable_diffusion.tt.ttnn_functional_unet_2d_condition_model_new_conv:__call__:491 - Up block 3
2026-05-29 08:08:37.723 | INFO     | models.demos.wormhole.stable_diffusion.tt.ttnn_functional_unet_2d_condition_model_new_conv:__call__:406 - Down block 0
2026-05-29 08:08:37.728 | info     |              Op | act_block_h_override 2 is not a valid override for padded_output_height_ntiles_per_core 7, instead 1 was selected as closest valid option! (conv2d_utils.cpp:401)
2026-05-29 08:08:37.728 | INFO     | models.demos.wormhole.stable_diffusion.tt.ttnn_functional_unet_2d_condition_model_new_conv:__call__:406 - Down block 1
2026-05-29 08:08:37.734 | INFO     | models.demos.wormhole.stable_diffusion.tt.ttnn_functional_unet_2d_condition_model_new_conv:__call__:406 - Down block 2
2026-05-29 08:08:37.737 | INFO     | models.demos.wormhole.stable_diffusion.tt.ttnn_functional_unet_2d_condition_model_new_conv:__call__:406 - Down block 3
2026-05-29 08:08:37.738 | INFO     | models.demos.wormhole.stable_diffusion.tt.ttnn_functional_unet_2d_condition_model_new_conv:__call__:460 - Mid block
2026-05-29 08:08:37.738 | warning  |              Op | Mismatch between computed MemoryConfig(memory_layout=TensorMemoryLayout::BLOCK_SHARDED,buffer_type=BufferType::L1,shard_spec=ShardSpec(grid={[(x=0,y=0) - (x=7,y=3)]},shape={32, 160},orientation=ShardOrientation::ROW_MAJOR),nd_shard_spec=NdShardSpec(shard_shape=Shape([32, 160]),grid={[(x=0,y=0) - (x=7,y=3)]},orientation=ShardOrientation::ROW_MAJOR,shard_distribution_strategy=ShardDistributionStrategy::GRID_2D),created_with_nd_shard_spec=0) and provided MemoryConfig(memory_layout=TensorMemoryLayout::BLOCK_SHARDED,buffer_type=BufferType::L1,shard_spec=ShardSpec(grid={[(x=0,y=0) - (x=7,y=7)]},shape={32, 160},orientation=ShardOrientation::ROW_MAJOR),nd_shard_spec=std::nullopt,created_with_nd_shard_spec=0) mem config. Using computed config. (matmul_op.cpp:1674)
2026-05-29 08:08:37.740 | INFO     | models.demos.wormhole.stable_diffusion.tt.ttnn_functional_unet_2d_condition_model_new_conv:__call__:491 - Up block 0
2026-05-29 08:08:37.741 | INFO     | models.demos.wormhole.stable_diffusion.tt.ttnn_functional_unet_2d_condition_model_new_conv:__call__:491 - Up block 1
2026-05-29 08:08:37.746 | INFO     | models.demos.wormhole.stable_diffusion.tt.ttnn_functional_unet_2d_condition_model_new_conv:__call__:491 - Up block 2
2026-05-29 08:08:37.755 | INFO     | models.demos.wormhole.stable_diffusion.tt.ttnn_functional_unet_2d_condition_model_new_conv:__call__:491 - Up block 3
2026-05-29 08:08:37.775 | INFO     | models.demos.wormhole.stable_diffusion.tt.ttnn_functional_unet_2d_condition_model_new_conv:__call__:406 - Down block 0
2026-05-29 08:08:37.780 | info     |              Op | act_block_h_override 2 is not a valid override for padded_output_height_ntiles_per_core 7, instead 1 was selected as closest valid option! (conv2d_utils.cpp:401)
2026-05-29 08:08:37.780 | INFO     | models.demos.wormhole.stable_diffusion.tt.ttnn_functional_unet_2d_condition_model_new_conv:__call__:406 - Down block 1
2026-05-29 08:08:37.786 | INFO     | models.demos.wormhole.stable_diffusion.tt.ttnn_functional_unet_2d_condition_model_new_conv:__call__:406 - Down block 2
2026-05-29 08:08:37.789 | INFO     | models.demos.wormhole.stable_diffusion.tt.ttnn_functional_unet_2d_condition_model_new_conv:__call__:406 - Down block 3
2026-05-29 08:08:37.790 | INFO     | models.demos.wormhole.stable_diffusion.tt.ttnn_functional_unet_2d_condition_model_new_conv:__call__:460 - Mid block
2026-05-29 08:08:37.790 | warning  |              Op | Mismatch between computed MemoryConfig(memory_layout=TensorMemoryLayout::BLOCK_SHARDED,buffer_type=BufferType::L1,shard_spec=ShardSpec(grid={[(x=0,y=0) - (x=7,y=3)]},shape={32, 160},orientation=ShardOrientation::ROW_MAJOR),nd_shard_spec=NdShardSpec(shard_shape=Shape([32, 160]),grid={[(x=0,y=0) - (x=7,y=3)]},orientation=ShardOrientation::ROW_MAJOR,shard_distribution_strategy=ShardDistributionStrategy::GRID_2D),created_with_nd_shard_spec=0) and provided MemoryConfig(memory_layout=TensorMemoryLayout::BLOCK_SHARDED,buffer_type=BufferType::L1,shard_spec=ShardSpec(grid={[(x=0,y=0) - (x=7,y=7)]},shape={32, 160},orientation=ShardOrientation::ROW_MAJOR),nd_shard_spec=std::nullopt,created_with_nd_shard_spec=0) mem config. Using computed config. (matmul_op.cpp:1674)
2026-05-29 08:08:37.792 | INFO     | models.demos.wormhole.stable_diffusion.tt.ttnn_functional_unet_2d_condition_model_new_conv:__call__:491 - Up block 0
2026-05-29 08:08:37.793 | INFO     | models.demos.wormhole.stable_diffusion.tt.ttnn_functional_unet_2d_condition_model_new_conv:__call__:491 - Up block 1
2026-05-29 08:08:37.798 | INFO     | models.demos.wormhole.stable_diffusion.tt.ttnn_functional_unet_2d_condition_model_new_conv:__call__:491 - Up block 2
2026-05-29 08:08:37.806 | INFO     | models.demos.wormhole.stable_diffusion.tt.ttnn_functional_unet_2d_condition_model_new_conv:__call__:491 - Up block 3
2026-05-29 08:08:37.826 | INFO     | models.demos.wormhole.stable_diffusion.tt.ttnn_functional_unet_2d_condition_model_new_conv:__call__:406 - Down block 0
2026-05-29 08:08:37.832 | info     |              Op | act_block_h_override 2 is not a valid override for padded_output_height_ntiles_per_core 7, instead 1 was selected as closest valid option! (conv2d_utils.cpp:401)
2026-05-29 08:08:37.832 | INFO     | models.demos.wormhole.stable_diffusion.tt.ttnn_functional_unet_2d_condition_model_new_conv:__call__:406 - Down block 1
2026-05-29 08:08:37.838 | INFO     | models.demos.wormhole.stable_diffusion.tt.ttnn_functional_unet_2d_condition_model_new_conv:__call__:406 - Down block 2
2026-05-29 08:08:37.841 | INFO     | models.demos.wormhole.stable_diffusion.tt.ttnn_functional_unet_2d_condition_model_new_conv:__call__:406 - Down block 3
2026-05-29 08:08:37.842 | INFO     | models.demos.wormhole.stable_diffusion.tt.ttnn_functional_unet_2d_condition_model_new_conv:__call__:460 - Mid block
2026-05-29 08:08:37.842 | warning  |              Op | Mismatch between computed MemoryConfig(memory_layout=TensorMemoryLayout::BLOCK_SHARDED,buffer_type=BufferType::L1,shard_spec=ShardSpec(grid={[(x=0,y=0) - (x=7,y=3)]},shape={32, 160},orientation=ShardOrientation::ROW_MAJOR),nd_shard_spec=NdShardSpec(shard_shape=Shape([32, 160]),grid={[(x=0,y=0) - (x=7,y=3)]},orientation=ShardOrientation::ROW_MAJOR,shard_distribution_strategy=ShardDistributionStrategy::GRID_2D),created_with_nd_shard_spec=0) and provided MemoryConfig(memory_layout=TensorMemoryLayout::BLOCK_SHARDED,buffer_type=BufferType::L1,shard_spec=ShardSpec(grid={[(x=0,y=0) - (x=7,y=7)]},shape={32, 160},orientation=ShardOrientation::ROW_MAJOR),nd_shard_spec=std::nullopt,created_with_nd_shard_spec=0) mem config. Using computed config. (matmul_op.cpp:1674)
2026-05-29 08:08:37.844 | INFO     | models.demos.wormhole.stable_diffusion.tt.ttnn_functional_unet_2d_condition_model_new_conv:__call__:491 - Up block 0
2026-05-29 08:08:37.845 | INFO     | models.demos.wormhole.stable_diffusion.tt.ttnn_functional_unet_2d_condition_model_new_conv:__call__:491 - Up block 1
2026-05-29 08:08:37.850 | INFO     | models.demos.wormhole.stable_diffusion.tt.ttnn_functional_unet_2d_condition_model_new_conv:__call__:491 - Up block 2
2026-05-29 08:08:37.858 | INFO     | models.demos.wormhole.stable_diffusion.tt.ttnn_functional_unet_2d_condition_model_new_conv:__call__:491 - Up block 3
2026-05-29 08:08:37.878 | INFO     | models.demos.wormhole.stable_diffusion.tt.ttnn_functional_unet_2d_condition_model_new_conv:__call__:406 - Down block 0
2026-05-29 08:08:37.884 | info     |              Op | act_block_h_override 2 is not a valid override for padded_output_height_ntiles_per_core 7, instead 1 was selected as closest valid option! (conv2d_utils.cpp:401)
2026-05-29 08:08:37.884 | INFO     | models.demos.wormhole.stable_diffusion.tt.ttnn_functional_unet_2d_condition_model_new_conv:__call__:406 - Down block 1
2026-05-29 08:08:37.890 | INFO     | models.demos.wormhole.stable_diffusion.tt.ttnn_functional_unet_2d_condition_model_new_conv:__call__:406 - Down block 2
2026-05-29 08:08:37.893 | INFO     | models.demos.wormhole.stable_diffusion.tt.ttnn_functional_unet_2d_condition_model_new_conv:__call__:406 - Down block 3
2026-05-29 08:08:37.894 | INFO     | models.demos.wormhole.stable_diffusion.tt.ttnn_functional_unet_2d_condition_model_new_conv:__call__:460 - Mid block
2026-05-29 08:08:37.894 | warning  |              Op | Mismatch between computed MemoryConfig(memory_layout=TensorMemoryLayout::BLOCK_SHARDED,buffer_type=BufferType::L1,shard_spec=ShardSpec(grid={[(x=0,y=0) - (x=7,y=3)]},shape={32, 160},orientation=ShardOrientation::ROW_MAJOR),nd_shard_spec=NdShardSpec(shard_shape=Shape([32, 160]),grid={[(x=0,y=0) - (x=7,y=3)]},orientation=ShardOrientation::ROW_MAJOR,shard_distribution_strategy=ShardDistributionStrategy::GRID_2D),created_with_nd_shard_spec=0) and provided MemoryConfig(memory_layout=TensorMemoryLayout::BLOCK_SHARDED,buffer_type=BufferType::L1,shard_spec=ShardSpec(grid={[(x=0,y=0) - (x=7,y=7)]},shape={32, 160},orientation=ShardOrientation::ROW_MAJOR),nd_shard_spec=std::nullopt,created_with_nd_shard_spec=0) mem config. Using computed config. (matmul_op.cpp:1674)
2026-05-29 08:08:37.896 | INFO     | models.demos.wormhole.stable_diffusion.tt.ttnn_functional_unet_2d_condition_model_new_conv:__call__:491 - Up block 0
2026-05-29 08:08:37.897 | INFO     | models.demos.wormhole.stable_diffusion.tt.ttnn_functional_unet_2d_condition_model_new_conv:__call__:491 - Up block 1
2026-05-29 08:08:37.902 | INFO     | models.demos.wormhole.stable_diffusion.tt.ttnn_functional_unet_2d_condition_model_new_conv:__call__:491 - Up block 2
2026-05-29 08:08:37.910 | INFO     | models.demos.wormhole.stable_diffusion.tt.ttnn_functional_unet_2d_condition_model_new_conv:__call__:491 - Up block 3
2026-05-29 08:08:37.930 | INFO     | models.demos.wormhole.stable_diffusion.tt.ttnn_functional_unet_2d_condition_model_new_conv:__call__:406 - Down block 0
2026-05-29 08:08:37.936 | info     |              Op | act_block_h_override 2 is not a valid override for padded_output_height_ntiles_per_core 7, instead 1 was selected as closest valid option! (conv2d_utils.cpp:401)
2026-05-29 08:08:37.936 | INFO     | models.demos.wormhole.stable_diffusion.tt.ttnn_functional_unet_2d_condition_model_new_conv:__call__:406 - Down block 1
2026-05-29 08:08:37.941 | INFO     | models.demos.wormhole.stable_diffusion.tt.ttnn_functional_unet_2d_condition_model_new_conv:__call__:406 - Down block 2
2026-05-29 08:08:37.945 | INFO     | models.demos.wormhole.stable_diffusion.tt.ttnn_functional_unet_2d_condition_model_new_conv:__call__:406 - Down block 3
2026-05-29 08:08:37.946 | INFO     | models.demos.wormhole.stable_diffusion.tt.ttnn_functional_unet_2d_condition_model_new_conv:__call__:460 - Mid block
2026-05-29 08:08:37.946 | warning  |              Op | Mismatch between computed MemoryConfig(memory_layout=TensorMemoryLayout::BLOCK_SHARDED,buffer_type=BufferType::L1,shard_spec=ShardSpec(grid={[(x=0,y=0) - (x=7,y=3)]},shape={32, 160},orientation=ShardOrientation::ROW_MAJOR),nd_shard_spec=NdShardSpec(shard_shape=Shape([32, 160]),grid={[(x=0,y=0) - (x=7,y=3)]},orientation=ShardOrientation::ROW_MAJOR,shard_distribution_strategy=ShardDistributionStrategy::GRID_2D),created_with_nd_shard_spec=0) and provided MemoryConfig(memory_layout=TensorMemoryLayout::BLOCK_SHARDED,buffer_type=BufferType::L1,shard_spec=ShardSpec(grid={[(x=0,y=0) - (x=7,y=7)]},shape={32, 160},orientation=ShardOrientation::ROW_MAJOR),nd_shard_spec=std::nullopt,created_with_nd_shard_spec=0) mem config. Using computed config. (matmul_op.cpp:1674)
2026-05-29 08:08:37.947 | INFO     | models.demos.wormhole.stable_diffusion.tt.ttnn_functional_unet_2d_condition_model_new_conv:__call__:491 - Up block 0
2026-05-29 08:08:37.949 | INFO     | models.demos.wormhole.stable_diffusion.tt.ttnn_functional_unet_2d_condition_model_new_conv:__call__:491 - Up block 1
2026-05-29 08:08:37.954 | INFO     | models.demos.wormhole.stable_diffusion.tt.ttnn_functional_unet_2d_condition_model_new_conv:__call__:491 - Up block 2
2026-05-29 08:08:37.962 | INFO     | models.demos.wormhole.stable_diffusion.tt.ttnn_functional_unet_2d_condition_model_new_conv:__call__:491 - Up block 3
2026-05-29 08:08:37.982 | INFO     | models.demos.wormhole.stable_diffusion.tt.ttnn_functional_unet_2d_condition_model_new_conv:__call__:406 - Down block 0
2026-05-29 08:08:37.988 | info     |              Op | act_block_h_override 2 is not a valid override for padded_output_height_ntiles_per_core 7, instead 1 was selected as closest valid option! (conv2d_utils.cpp:401)
2026-05-29 08:08:37.988 | INFO     | models.demos.wormhole.stable_diffusion.tt.ttnn_functional_unet_2d_condition_model_new_conv:__call__:406 - Down block 1
2026-05-29 08:08:37.993 | INFO     | models.demos.wormhole.stable_diffusion.tt.ttnn_functional_unet_2d_condition_model_new_conv:__call__:406 - Down block 2
2026-05-29 08:08:37.997 | INFO     | models.demos.wormhole.stable_diffusion.tt.ttnn_functional_unet_2d_condition_model_new_conv:__call__:406 - Down block 3
2026-05-29 08:08:37.998 | INFO     | models.demos.wormhole.stable_diffusion.tt.ttnn_functional_unet_2d_condition_model_new_conv:__call__:460 - Mid block
2026-05-29 08:08:37.998 | warning  |              Op | Mismatch between computed MemoryConfig(memory_layout=TensorMemoryLayout::BLOCK_SHARDED,buffer_type=BufferType::L1,shard_spec=ShardSpec(grid={[(x=0,y=0) - (x=7,y=3)]},shape={32, 160},orientation=ShardOrientation::ROW_MAJOR),nd_shard_spec=NdShardSpec(shard_shape=Shape([32, 160]),grid={[(x=0,y=0) - (x=7,y=3)]},orientation=ShardOrientation::ROW_MAJOR,shard_distribution_strategy=ShardDistributionStrategy::GRID_2D),created_with_nd_shard_spec=0) and provided MemoryConfig(memory_layout=TensorMemoryLayout::BLOCK_SHARDED,buffer_type=BufferType::L1,shard_spec=ShardSpec(grid={[(x=0,y=0) - (x=7,y=7)]},shape={32, 160},orientation=ShardOrientation::ROW_MAJOR),nd_shard_spec=std::nullopt,created_with_nd_shard_spec=0) mem config. Using computed config. (matmul_op.cpp:1674)
2026-05-29 08:08:38.000 | INFO     | models.demos.wormhole.stable_diffusion.tt.ttnn_functional_unet_2d_condition_model_new_conv:__call__:491 - Up block 0
2026-05-29 08:08:38.001 | INFO     | models.demos.wormhole.stable_diffusion.tt.ttnn_functional_unet_2d_condition_model_new_conv:__call__:491 - Up block 1
2026-05-29 08:08:38.006 | INFO     | models.demos.wormhole.stable_diffusion.tt.ttnn_functional_unet_2d_condition_model_new_conv:__call__:491 - Up block 2
2026-05-29 08:08:38.014 | INFO     | models.demos.wormhole.stable_diffusion.tt.ttnn_functional_unet_2d_condition_model_new_conv:__call__:491 - Up block 3
  Step 7/41
2026-05-29 08:08:38.037 | INFO     | models.demos.wormhole.stable_diffusion.tt.ttnn_functional_unet_2d_condition_model_new_conv:__call__:406 - Down block 0
2026-05-29 08:08:38.043 | info     |              Op | act_block_h_override 2 is not a valid override for padded_output_height_ntiles_per_core 7, instead 1 was selected as closest valid option! (conv2d_utils.cpp:401)
2026-05-29 08:08:38.043 | INFO     | models.demos.wormhole.stable_diffusion.tt.ttnn_functional_unet_2d_condition_model_new_conv:__call__:406 - Down block 1
2026-05-29 08:08:38.049 | INFO     | models.demos.wormhole.stable_diffusion.tt.ttnn_functional_unet_2d_condition_model_new_conv:__call__:406 - Down block 2
2026-05-29 08:08:38.052 | INFO     | models.demos.wormhole.stable_diffusion.tt.ttnn_functional_unet_2d_condition_model_new_conv:__call__:406 - Down block 3
2026-05-29 08:08:38.053 | INFO     | models.demos.wormhole.stable_diffusion.tt.ttnn_functional_unet_2d_condition_model_new_conv:__call__:460 - Mid block
2026-05-29 08:08:38.053 | warning  |              Op | Mismatch between computed MemoryConfig(memory_layout=TensorMemoryLayout::BLOCK_SHARDED,buffer_type=BufferType::L1,shard_spec=ShardSpec(grid={[(x=0,y=0) - (x=7,y=3)]},shape={32, 160},orientation=ShardOrientation::ROW_MAJOR),nd_shard_spec=NdShardSpec(shard_shape=Shape([32, 160]),grid={[(x=0,y=0) - (x=7,y=3)]},orientation=ShardOrientation::ROW_MAJOR,shard_distribution_strategy=ShardDistributionStrategy::GRID_2D),created_with_nd_shard_spec=0) and provided MemoryConfig(memory_layout=TensorMemoryLayout::BLOCK_SHARDED,buffer_type=BufferType::L1,shard_spec=ShardSpec(grid={[(x=0,y=0) - (x=7,y=7)]},shape={32, 160},orientation=ShardOrientation::ROW_MAJOR),nd_shard_spec=std::nullopt,created_with_nd_shard_spec=0) mem config. Using computed config. (matmul_op.cpp:1674)
2026-05-29 08:08:38.055 | INFO     | models.demos.wormhole.stable_diffusion.tt.ttnn_functional_unet_2d_condition_model_new_conv:__call__:491 - Up block 0
2026-05-29 08:08:38.056 | INFO     | models.demos.wormhole.stable_diffusion.tt.ttnn_functional_unet_2d_condition_model_new_conv:__call__:491 - Up block 1
2026-05-29 08:08:38.061 | INFO     | models.demos.wormhole.stable_diffusion.tt.ttnn_functional_unet_2d_condition_model_new_conv:__call__:491 - Up block 2
2026-05-29 08:08:38.069 | INFO     | models.demos.wormhole.stable_diffusion.tt.ttnn_functional_unet_2d_condition_model_new_conv:__call__:491 - Up block 3
2026-05-29 08:08:38.089 | INFO     | models.demos.wormhole.stable_diffusion.tt.ttnn_functional_unet_2d_condition_model_new_conv:__call__:406 - Down block 0
2026-05-29 08:08:38.095 | info     |              Op | act_block_h_override 2 is not a valid override for padded_output_height_ntiles_per_core 7, instead 1 was selected as closest valid option! (conv2d_utils.cpp:401)
2026-05-29 08:08:38.095 | INFO     | models.demos.wormhole.stable_diffusion.tt.ttnn_functional_unet_2d_condition_model_new_conv:__call__:406 - Down block 1
2026-05-29 08:08:38.100 | INFO     | models.demos.wormhole.stable_diffusion.tt.ttnn_functional_unet_2d_condition_model_new_conv:__call__:406 - Down block 2
2026-05-29 08:08:38.104 | INFO     | models.demos.wormhole.stable_diffusion.tt.ttnn_functional_unet_2d_condition_model_new_conv:__call__:406 - Down block 3
2026-05-29 08:08:38.104 | INFO     | models.demos.wormhole.stable_diffusion.tt.ttnn_functional_unet_2d_condition_model_new_conv:__call__:460 - Mid block
2026-05-29 08:08:38.105 | warning  |              Op | Mismatch between computed MemoryConfig(memory_layout=TensorMemoryLayout::BLOCK_SHARDED,buffer_type=BufferType::L1,shard_spec=ShardSpec(grid={[(x=0,y=0) - (x=7,y=3)]},shape={32, 160},orientation=ShardOrientation::ROW_MAJOR),nd_shard_spec=NdShardSpec(shard_shape=Shape([32, 160]),grid={[(x=0,y=0) - (x=7,y=3)]},orientation=ShardOrientation::ROW_MAJOR,shard_distribution_strategy=ShardDistributionStrategy::GRID_2D),created_with_nd_shard_spec=0) and provided MemoryConfig(memory_layout=TensorMemoryLayout::BLOCK_SHARDED,buffer_type=BufferType::L1,shard_spec=ShardSpec(grid={[(x=0,y=0) - (x=7,y=7)]},shape={32, 160},orientation=ShardOrientation::ROW_MAJOR),nd_shard_spec=std::nullopt,created_with_nd_shard_spec=0) mem config. Using computed config. (matmul_op.cpp:1674)
2026-05-29 08:08:38.106 | INFO     | models.demos.wormhole.stable_diffusion.tt.ttnn_functional_unet_2d_condition_model_new_conv:__call__:491 - Up block 0
2026-05-29 08:08:38.108 | INFO     | models.demos.wormhole.stable_diffusion.tt.ttnn_functional_unet_2d_condition_model_new_conv:__call__:491 - Up block 1
2026-05-29 08:08:38.112 | INFO     | models.demos.wormhole.stable_diffusion.tt.ttnn_functional_unet_2d_condition_model_new_conv:__call__:491 - Up block 2
2026-05-29 08:08:38.120 | INFO     | models.demos.wormhole.stable_diffusion.tt.ttnn_functional_unet_2d_condition_model_new_conv:__call__:491 - Up block 3
2026-05-29 08:08:38.141 | INFO     | models.demos.wormhole.stable_diffusion.tt.ttnn_functional_unet_2d_condition_model_new_conv:__call__:406 - Down block 0
2026-05-29 08:08:38.147 | info     |              Op | act_block_h_override 2 is not a valid override for padded_output_height_ntiles_per_core 7, instead 1 was selected as closest valid option! (conv2d_utils.cpp:401)
2026-05-29 08:08:38.147 | INFO     | models.demos.wormhole.stable_diffusion.tt.ttnn_functional_unet_2d_condition_model_new_conv:__call__:406 - Down block 1
2026-05-29 08:08:38.152 | INFO     | models.demos.wormhole.stable_diffusion.tt.ttnn_functional_unet_2d_condition_model_new_conv:__call__:406 - Down block 2
2026-05-29 08:08:38.156 | INFO     | models.demos.wormhole.stable_diffusion.tt.ttnn_functional_unet_2d_condition_model_new_conv:__call__:406 - Down block 3
2026-05-29 08:08:38.156 | INFO     | models.demos.wormhole.stable_diffusion.tt.ttnn_functional_unet_2d_condition_model_new_conv:__call__:460 - Mid block
2026-05-29 08:08:38.157 | warning  |              Op | Mismatch between computed MemoryConfig(memory_layout=TensorMemoryLayout::BLOCK_SHARDED,buffer_type=BufferType::L1,shard_spec=ShardSpec(grid={[(x=0,y=0) - (x=7,y=3)]},shape={32, 160},orientation=ShardOrientation::ROW_MAJOR),nd_shard_spec=NdShardSpec(shard_shape=Shape([32, 160]),grid={[(x=0,y=0) - (x=7,y=3)]},orientation=ShardOrientation::ROW_MAJOR,shard_distribution_strategy=ShardDistributionStrategy::GRID_2D),created_with_nd_shard_spec=0) and provided MemoryConfig(memory_layout=TensorMemoryLayout::BLOCK_SHARDED,buffer_type=BufferType::L1,shard_spec=ShardSpec(grid={[(x=0,y=0) - (x=7,y=7)]},shape={32, 160},orientation=ShardOrientation::ROW_MAJOR),nd_shard_spec=std::nullopt,created_with_nd_shard_spec=0) mem config. Using computed config. (matmul_op.cpp:1674)
2026-05-29 08:08:38.158 | INFO     | models.demos.wormhole.stable_diffusion.tt.ttnn_functional_unet_2d_condition_model_new_conv:__call__:491 - Up block 0
2026-05-29 08:08:38.159 | INFO     | models.demos.wormhole.stable_diffusion.tt.ttnn_functional_unet_2d_condition_model_new_conv:__call__:491 - Up block 1
2026-05-29 08:08:38.164 | INFO     | models.demos.wormhole.stable_diffusion.tt.ttnn_functional_unet_2d_condition_model_new_conv:__call__:491 - Up block 2
2026-05-29 08:08:38.172 | INFO     | models.demos.wormhole.stable_diffusion.tt.ttnn_functional_unet_2d_condition_model_new_conv:__call__:491 - Up block 3
2026-05-29 08:08:38.193 | INFO     | models.demos.wormhole.stable_diffusion.tt.ttnn_functional_unet_2d_condition_model_new_conv:__call__:406 - Down block 0
2026-05-29 08:08:38.199 | info     |              Op | act_block_h_override 2 is not a valid override for padded_output_height_ntiles_per_core 7, instead 1 was selected as closest valid option! (conv2d_utils.cpp:401)
2026-05-29 08:08:38.199 | INFO     | models.demos.wormhole.stable_diffusion.tt.ttnn_functional_unet_2d_condition_model_new_conv:__call__:406 - Down block 1
2026-05-29 08:08:38.204 | INFO     | models.demos.wormhole.stable_diffusion.tt.ttnn_functional_unet_2d_condition_model_new_conv:__call__:406 - Down block 2
2026-05-29 08:08:38.207 | INFO     | models.demos.wormhole.stable_diffusion.tt.ttnn_functional_unet_2d_condition_model_new_conv:__call__:406 - Down block 3
2026-05-29 08:08:38.208 | INFO     | models.demos.wormhole.stable_diffusion.tt.ttnn_functional_unet_2d_condition_model_new_conv:__call__:460 - Mid block
2026-05-29 08:08:38.208 | warning  |              Op | Mismatch between computed MemoryConfig(memory_layout=TensorMemoryLayout::BLOCK_SHARDED,buffer_type=BufferType::L1,shard_spec=ShardSpec(grid={[(x=0,y=0) - (x=7,y=3)]},shape={32, 160},orientation=ShardOrientation::ROW_MAJOR),nd_shard_spec=NdShardSpec(shard_shape=Shape([32, 160]),grid={[(x=0,y=0) - (x=7,y=3)]},orientation=ShardOrientation::ROW_MAJOR,shard_distribution_strategy=ShardDistributionStrategy::GRID_2D),created_with_nd_shard_spec=0) and provided MemoryConfig(memory_layout=TensorMemoryLayout::BLOCK_SHARDED,buffer_type=BufferType::L1,shard_spec=ShardSpec(grid={[(x=0,y=0) - (x=7,y=7)]},shape={32, 160},orientation=ShardOrientation::ROW_MAJOR),nd_shard_spec=std::nullopt,created_with_nd_shard_spec=0) mem config. Using computed config. (matmul_op.cpp:1674)
2026-05-29 08:08:38.210 | INFO     | models.demos.wormhole.stable_diffusion.tt.ttnn_functional_unet_2d_condition_model_new_conv:__call__:491 - Up block 0
2026-05-29 08:08:38.211 | INFO     | models.demos.wormhole.stable_diffusion.tt.ttnn_functional_unet_2d_condition_model_new_conv:__call__:491 - Up block 1
2026-05-29 08:08:38.216 | INFO     | models.demos.wormhole.stable_diffusion.tt.ttnn_functional_unet_2d_condition_model_new_conv:__call__:491 - Up block 2
2026-05-29 08:08:38.224 | INFO     | models.demos.wormhole.stable_diffusion.tt.ttnn_functional_unet_2d_condition_model_new_conv:__call__:491 - Up block 3
2026-05-29 08:08:38.245 | INFO     | models.demos.wormhole.stable_diffusion.tt.ttnn_functional_unet_2d_condition_model_new_conv:__call__:406 - Down block 0
2026-05-29 08:08:38.250 | info     |              Op | act_block_h_override 2 is not a valid override for padded_output_height_ntiles_per_core 7, instead 1 was selected as closest valid option! (conv2d_utils.cpp:401)
2026-05-29 08:08:38.250 | INFO     | models.demos.wormhole.stable_diffusion.tt.ttnn_functional_unet_2d_condition_model_new_conv:__call__:406 - Down block 1
2026-05-29 08:08:38.256 | INFO     | models.demos.wormhole.stable_diffusion.tt.ttnn_functional_unet_2d_condition_model_new_conv:__call__:406 - Down block 2
2026-05-29 08:08:38.259 | INFO     | models.demos.wormhole.stable_diffusion.tt.ttnn_functional_unet_2d_condition_model_new_conv:__call__:406 - Down block 3
2026-05-29 08:08:38.260 | INFO     | models.demos.wormhole.stable_diffusion.tt.ttnn_functional_unet_2d_condition_model_new_conv:__call__:460 - Mid block
2026-05-29 08:08:38.260 | warning  |              Op | Mismatch between computed MemoryConfig(memory_layout=TensorMemoryLayout::BLOCK_SHARDED,buffer_type=BufferType::L1,shard_spec=ShardSpec(grid={[(x=0,y=0) - (x=7,y=3)]},shape={32, 160},orientation=ShardOrientation::ROW_MAJOR),nd_shard_spec=NdShardSpec(shard_shape=Shape([32, 160]),grid={[(x=0,y=0) - (x=7,y=3)]},orientation=ShardOrientation::ROW_MAJOR,shard_distribution_strategy=ShardDistributionStrategy::GRID_2D),created_with_nd_shard_spec=0) and provided MemoryConfig(memory_layout=TensorMemoryLayout::BLOCK_SHARDED,buffer_type=BufferType::L1,shard_spec=ShardSpec(grid={[(x=0,y=0) - (x=7,y=7)]},shape={32, 160},orientation=ShardOrientation::ROW_MAJOR),nd_shard_spec=std::nullopt,created_with_nd_shard_spec=0) mem config. Using computed config. (matmul_op.cpp:1674)
2026-05-29 08:08:38.262 | INFO     | models.demos.wormhole.stable_diffusion.tt.ttnn_functional_unet_2d_condition_model_new_conv:__call__:491 - Up block 0
2026-05-29 08:08:38.263 | INFO     | models.demos.wormhole.stable_diffusion.tt.ttnn_functional_unet_2d_condition_model_new_conv:__call__:491 - Up block 1
2026-05-29 08:08:38.268 | INFO     | models.demos.wormhole.stable_diffusion.tt.ttnn_functional_unet_2d_condition_model_new_conv:__call__:491 - Up block 2
2026-05-29 08:08:38.276 | INFO     | models.demos.wormhole.stable_diffusion.tt.ttnn_functional_unet_2d_condition_model_new_conv:__call__:491 - Up block 3
2026-05-29 08:08:38.296 | INFO     | models.demos.wormhole.stable_diffusion.tt.ttnn_functional_unet_2d_condition_model_new_conv:__call__:406 - Down block 0
2026-05-29 08:08:38.302 | info     |              Op | act_block_h_override 2 is not a valid override for padded_output_height_ntiles_per_core 7, instead 1 was selected as closest valid option! (conv2d_utils.cpp:401)
2026-05-29 08:08:38.302 | INFO     | models.demos.wormhole.stable_diffusion.tt.ttnn_functional_unet_2d_condition_model_new_conv:__call__:406 - Down block 1
2026-05-29 08:08:38.308 | INFO     | models.demos.wormhole.stable_diffusion.tt.ttnn_functional_unet_2d_condition_model_new_conv:__call__:406 - Down block 2
2026-05-29 08:08:38.311 | INFO     | models.demos.wormhole.stable_diffusion.tt.ttnn_functional_unet_2d_condition_model_new_conv:__call__:406 - Down block 3
2026-05-29 08:08:38.311 | INFO     | models.demos.wormhole.stable_diffusion.tt.ttnn_functional_unet_2d_condition_model_new_conv:__call__:460 - Mid block
2026-05-29 08:08:38.312 | warning  |              Op | Mismatch between computed MemoryConfig(memory_layout=TensorMemoryLayout::BLOCK_SHARDED,buffer_type=BufferType::L1,shard_spec=ShardSpec(grid={[(x=0,y=0) - (x=7,y=3)]},shape={32, 160},orientation=ShardOrientation::ROW_MAJOR),nd_shard_spec=NdShardSpec(shard_shape=Shape([32, 160]),grid={[(x=0,y=0) - (x=7,y=3)]},orientation=ShardOrientation::ROW_MAJOR,shard_distribution_strategy=ShardDistributionStrategy::GRID_2D),created_with_nd_shard_spec=0) and provided MemoryConfig(memory_layout=TensorMemoryLayout::BLOCK_SHARDED,buffer_type=BufferType::L1,shard_spec=ShardSpec(grid={[(x=0,y=0) - (x=7,y=7)]},shape={32, 160},orientation=ShardOrientation::ROW_MAJOR),nd_shard_spec=std::nullopt,created_with_nd_shard_spec=0) mem config. Using computed config. (matmul_op.cpp:1674)
2026-05-29 08:08:38.313 | INFO     | models.demos.wormhole.stable_diffusion.tt.ttnn_functional_unet_2d_condition_model_new_conv:__call__:491 - Up block 0
2026-05-29 08:08:38.314 | INFO     | models.demos.wormhole.stable_diffusion.tt.ttnn_functional_unet_2d_condition_model_new_conv:__call__:491 - Up block 1
2026-05-29 08:08:38.319 | INFO     | models.demos.wormhole.stable_diffusion.tt.ttnn_functional_unet_2d_condition_model_new_conv:__call__:491 - Up block 2
2026-05-29 08:08:38.327 | INFO     | models.demos.wormhole.stable_diffusion.tt.ttnn_functional_unet_2d_condition_model_new_conv:__call__:491 - Up block 3
2026-05-29 08:08:38.348 | INFO     | models.demos.wormhole.stable_diffusion.tt.ttnn_functional_unet_2d_condition_model_new_conv:__call__:406 - Down block 0
2026-05-29 08:08:38.354 | info     |              Op | act_block_h_override 2 is not a valid override for padded_output_height_ntiles_per_core 7, instead 1 was selected as closest valid option! (conv2d_utils.cpp:401)
2026-05-29 08:08:38.354 | INFO     | models.demos.wormhole.stable_diffusion.tt.ttnn_functional_unet_2d_condition_model_new_conv:__call__:406 - Down block 1
2026-05-29 08:08:38.359 | INFO     | models.demos.wormhole.stable_diffusion.tt.ttnn_functional_unet_2d_condition_model_new_conv:__call__:406 - Down block 2
2026-05-29 08:08:38.363 | INFO     | models.demos.wormhole.stable_diffusion.tt.ttnn_functional_unet_2d_condition_model_new_conv:__call__:406 - Down block 3
2026-05-29 08:08:38.364 | INFO     | models.demos.wormhole.stable_diffusion.tt.ttnn_functional_unet_2d_condition_model_new_conv:__call__:460 - Mid block
2026-05-29 08:08:38.364 | warning  |              Op | Mismatch between computed MemoryConfig(memory_layout=TensorMemoryLayout::BLOCK_SHARDED,buffer_type=BufferType::L1,shard_spec=ShardSpec(grid={[(x=0,y=0) - (x=7,y=3)]},shape={32, 160},orientation=ShardOrientation::ROW_MAJOR),nd_shard_spec=NdShardSpec(shard_shape=Shape([32, 160]),grid={[(x=0,y=0) - (x=7,y=3)]},orientation=ShardOrientation::ROW_MAJOR,shard_distribution_strategy=ShardDistributionStrategy::GRID_2D),created_with_nd_shard_spec=0) and provided MemoryConfig(memory_layout=TensorMemoryLayout::BLOCK_SHARDED,buffer_type=BufferType::L1,shard_spec=ShardSpec(grid={[(x=0,y=0) - (x=7,y=7)]},shape={32, 160},orientation=ShardOrientation::ROW_MAJOR),nd_shard_spec=std::nullopt,created_with_nd_shard_spec=0) mem config. Using computed config. (matmul_op.cpp:1674)
2026-05-29 08:08:38.365 | INFO     | models.demos.wormhole.stable_diffusion.tt.ttnn_functional_unet_2d_condition_model_new_conv:__call__:491 - Up block 0
2026-05-29 08:08:38.367 | INFO     | models.demos.wormhole.stable_diffusion.tt.ttnn_functional_unet_2d_condition_model_new_conv:__call__:491 - Up block 1
2026-05-29 08:08:38.372 | INFO     | models.demos.wormhole.stable_diffusion.tt.ttnn_functional_unet_2d_condition_model_new_conv:__call__:491 - Up block 2
2026-05-29 08:08:38.380 | INFO     | models.demos.wormhole.stable_diffusion.tt.ttnn_functional_unet_2d_condition_model_new_conv:__call__:491 - Up block 3
2026-05-29 08:08:38.400 | INFO     | models.demos.wormhole.stable_diffusion.tt.ttnn_functional_unet_2d_condition_model_new_conv:__call__:406 - Down block 0
2026-05-29 08:08:38.406 | info     |              Op | act_block_h_override 2 is not a valid override for padded_output_height_ntiles_per_core 7, instead 1 was selected as closest valid option! (conv2d_utils.cpp:401)
2026-05-29 08:08:38.406 | INFO     | models.demos.wormhole.stable_diffusion.tt.ttnn_functional_unet_2d_condition_model_new_conv:__call__:406 - Down block 1
2026-05-29 08:08:38.411 | INFO     | models.demos.wormhole.stable_diffusion.tt.ttnn_functional_unet_2d_condition_model_new_conv:__call__:406 - Down block 2
2026-05-29 08:08:38.415 | INFO     | models.demos.wormhole.stable_diffusion.tt.ttnn_functional_unet_2d_condition_model_new_conv:__call__:406 - Down block 3
2026-05-29 08:08:38.415 | INFO     | models.demos.wormhole.stable_diffusion.tt.ttnn_functional_unet_2d_condition_model_new_conv:__call__:460 - Mid block
2026-05-29 08:08:38.416 | warning  |              Op | Mismatch between computed MemoryConfig(memory_layout=TensorMemoryLayout::BLOCK_SHARDED,buffer_type=BufferType::L1,shard_spec=ShardSpec(grid={[(x=0,y=0) - (x=7,y=3)]},shape={32, 160},orientation=ShardOrientation::ROW_MAJOR),nd_shard_spec=NdShardSpec(shard_shape=Shape([32, 160]),grid={[(x=0,y=0) - (x=7,y=3)]},orientation=ShardOrientation::ROW_MAJOR,shard_distribution_strategy=ShardDistributionStrategy::GRID_2D),created_with_nd_shard_spec=0) and provided MemoryConfig(memory_layout=TensorMemoryLayout::BLOCK_SHARDED,buffer_type=BufferType::L1,shard_spec=ShardSpec(grid={[(x=0,y=0) - (x=7,y=7)]},shape={32, 160},orientation=ShardOrientation::ROW_MAJOR),nd_shard_spec=std::nullopt,created_with_nd_shard_spec=0) mem config. Using computed config. (matmul_op.cpp:1674)
2026-05-29 08:08:38.417 | INFO     | models.demos.wormhole.stable_diffusion.tt.ttnn_functional_unet_2d_condition_model_new_conv:__call__:491 - Up block 0
2026-05-29 08:08:38.418 | INFO     | models.demos.wormhole.stable_diffusion.tt.ttnn_functional_unet_2d_condition_model_new_conv:__call__:491 - Up block 1
2026-05-29 08:08:38.423 | INFO     | models.demos.wormhole.stable_diffusion.tt.ttnn_functional_unet_2d_condition_model_new_conv:__call__:491 - Up block 2
2026-05-29 08:08:38.431 | INFO     | models.demos.wormhole.stable_diffusion.tt.ttnn_functional_unet_2d_condition_model_new_conv:__call__:491 - Up block 3
  Step 8/41
2026-05-29 08:08:38.455 | INFO     | models.demos.wormhole.stable_diffusion.tt.ttnn_functional_unet_2d_condition_model_new_conv:__call__:406 - Down block 0
2026-05-29 08:08:38.460 | info     |              Op | act_block_h_override 2 is not a valid override for padded_output_height_ntiles_per_core 7, instead 1 was selected as closest valid option! (conv2d_utils.cpp:401)
2026-05-29 08:08:38.461 | INFO     | models.demos.wormhole.stable_diffusion.tt.ttnn_functional_unet_2d_condition_model_new_conv:__call__:406 - Down block 1
2026-05-29 08:08:38.466 | INFO     | models.demos.wormhole.stable_diffusion.tt.ttnn_functional_unet_2d_condition_model_new_conv:__call__:406 - Down block 2
2026-05-29 08:08:38.470 | INFO     | models.demos.wormhole.stable_diffusion.tt.ttnn_functional_unet_2d_condition_model_new_conv:__call__:406 - Down block 3
2026-05-29 08:08:38.470 | INFO     | models.demos.wormhole.stable_diffusion.tt.ttnn_functional_unet_2d_condition_model_new_conv:__call__:460 - Mid block
2026-05-29 08:08:38.471 | warning  |              Op | Mismatch between computed MemoryConfig(memory_layout=TensorMemoryLayout::BLOCK_SHARDED,buffer_type=BufferType::L1,shard_spec=ShardSpec(grid={[(x=0,y=0) - (x=7,y=3)]},shape={32, 160},orientation=ShardOrientation::ROW_MAJOR),nd_shard_spec=NdShardSpec(shard_shape=Shape([32, 160]),grid={[(x=0,y=0) - (x=7,y=3)]},orientation=ShardOrientation::ROW_MAJOR,shard_distribution_strategy=ShardDistributionStrategy::GRID_2D),created_with_nd_shard_spec=0) and provided MemoryConfig(memory_layout=TensorMemoryLayout::BLOCK_SHARDED,buffer_type=BufferType::L1,shard_spec=ShardSpec(grid={[(x=0,y=0) - (x=7,y=7)]},shape={32, 160},orientation=ShardOrientation::ROW_MAJOR),nd_shard_spec=std::nullopt,created_with_nd_shard_spec=0) mem config. Using computed config. (matmul_op.cpp:1674)
2026-05-29 08:08:38.472 | INFO     | models.demos.wormhole.stable_diffusion.tt.ttnn_functional_unet_2d_condition_model_new_conv:__call__:491 - Up block 0
2026-05-29 08:08:38.474 | INFO     | models.demos.wormhole.stable_diffusion.tt.ttnn_functional_unet_2d_condition_model_new_conv:__call__:491 - Up block 1
2026-05-29 08:08:38.479 | INFO     | models.demos.wormhole.stable_diffusion.tt.ttnn_functional_unet_2d_condition_model_new_conv:__call__:491 - Up block 2
2026-05-29 08:08:38.487 | INFO     | models.demos.wormhole.stable_diffusion.tt.ttnn_functional_unet_2d_condition_model_new_conv:__call__:491 - Up block 3
2026-05-29 08:08:38.507 | INFO     | models.demos.wormhole.stable_diffusion.tt.ttnn_functional_unet_2d_condition_model_new_conv:__call__:406 - Down block 0
2026-05-29 08:08:38.513 | info     |              Op | act_block_h_override 2 is not a valid override for padded_output_height_ntiles_per_core 7, instead 1 was selected as closest valid option! (conv2d_utils.cpp:401)
2026-05-29 08:08:38.513 | INFO     | models.demos.wormhole.stable_diffusion.tt.ttnn_functional_unet_2d_condition_model_new_conv:__call__:406 - Down block 1
2026-05-29 08:08:38.519 | INFO     | models.demos.wormhole.stable_diffusion.tt.ttnn_functional_unet_2d_condition_model_new_conv:__call__:406 - Down block 2
2026-05-29 08:08:38.522 | INFO     | models.demos.wormhole.stable_diffusion.tt.ttnn_functional_unet_2d_condition_model_new_conv:__call__:406 - Down block 3
2026-05-29 08:08:38.523 | INFO     | models.demos.wormhole.stable_diffusion.tt.ttnn_functional_unet_2d_condition_model_new_conv:__call__:460 - Mid block
2026-05-29 08:08:38.524 | warning  |              Op | Mismatch between computed MemoryConfig(memory_layout=TensorMemoryLayout::BLOCK_SHARDED,buffer_type=BufferType::L1,shard_spec=ShardSpec(grid={[(x=0,y=0) - (x=7,y=3)]},shape={32, 160},orientation=ShardOrientation::ROW_MAJOR),nd_shard_spec=NdShardSpec(shard_shape=Shape([32, 160]),grid={[(x=0,y=0) - (x=7,y=3)]},orientation=ShardOrientation::ROW_MAJOR,shard_distribution_strategy=ShardDistributionStrategy::GRID_2D),created_with_nd_shard_spec=0) and provided MemoryConfig(memory_layout=TensorMemoryLayout::BLOCK_SHARDED,buffer_type=BufferType::L1,shard_spec=ShardSpec(grid={[(x=0,y=0) - (x=7,y=7)]},shape={32, 160},orientation=ShardOrientation::ROW_MAJOR),nd_shard_spec=std::nullopt,created_with_nd_shard_spec=0) mem config. Using computed config. (matmul_op.cpp:1674)
2026-05-29 08:08:38.525 | INFO     | models.demos.wormhole.stable_diffusion.tt.ttnn_functional_unet_2d_condition_model_new_conv:__call__:491 - Up block 0
2026-05-29 08:08:38.526 | INFO     | models.demos.wormhole.stable_diffusion.tt.ttnn_functional_unet_2d_condition_model_new_conv:__call__:491 - Up block 1
2026-05-29 08:08:38.531 | INFO     | models.demos.wormhole.stable_diffusion.tt.ttnn_functional_unet_2d_condition_model_new_conv:__call__:491 - Up block 2
2026-05-29 08:08:38.540 | INFO     | models.demos.wormhole.stable_diffusion.tt.ttnn_functional_unet_2d_condition_model_new_conv:__call__:491 - Up block 3
2026-05-29 08:08:38.559 | INFO     | models.demos.wormhole.stable_diffusion.tt.ttnn_functional_unet_2d_condition_model_new_conv:__call__:406 - Down block 0
2026-05-29 08:08:38.565 | info     |              Op | act_block_h_override 2 is not a valid override for padded_output_height_ntiles_per_core 7, instead 1 was selected as closest valid option! (conv2d_utils.cpp:401)
2026-05-29 08:08:38.565 | INFO     | models.demos.wormhole.stable_diffusion.tt.ttnn_functional_unet_2d_condition_model_new_conv:__call__:406 - Down block 1
2026-05-29 08:08:38.571 | INFO     | models.demos.wormhole.stable_diffusion.tt.ttnn_functional_unet_2d_condition_model_new_conv:__call__:406 - Down block 2
2026-05-29 08:08:38.574 | INFO     | models.demos.wormhole.stable_diffusion.tt.ttnn_functional_unet_2d_condition_model_new_conv:__call__:406 - Down block 3
2026-05-29 08:08:38.575 | INFO     | models.demos.wormhole.stable_diffusion.tt.ttnn_functional_unet_2d_condition_model_new_conv:__call__:460 - Mid block
2026-05-29 08:08:38.575 | warning  |              Op | Mismatch between computed MemoryConfig(memory_layout=TensorMemoryLayout::BLOCK_SHARDED,buffer_type=BufferType::L1,shard_spec=ShardSpec(grid={[(x=0,y=0) - (x=7,y=3)]},shape={32, 160},orientation=ShardOrientation::ROW_MAJOR),nd_shard_spec=NdShardSpec(shard_shape=Shape([32, 160]),grid={[(x=0,y=0) - (x=7,y=3)]},orientation=ShardOrientation::ROW_MAJOR,shard_distribution_strategy=ShardDistributionStrategy::GRID_2D),created_with_nd_shard_spec=0) and provided MemoryConfig(memory_layout=TensorMemoryLayout::BLOCK_SHARDED,buffer_type=BufferType::L1,shard_spec=ShardSpec(grid={[(x=0,y=0) - (x=7,y=7)]},shape={32, 160},orientation=ShardOrientation::ROW_MAJOR),nd_shard_spec=std::nullopt,created_with_nd_shard_spec=0) mem config. Using computed config. (matmul_op.cpp:1674)
2026-05-29 08:08:38.577 | INFO     | models.demos.wormhole.stable_diffusion.tt.ttnn_functional_unet_2d_condition_model_new_conv:__call__:491 - Up block 0
2026-05-29 08:08:38.578 | INFO     | models.demos.wormhole.stable_diffusion.tt.ttnn_functional_unet_2d_condition_model_new_conv:__call__:491 - Up block 1
2026-05-29 08:08:38.583 | INFO     | models.demos.wormhole.stable_diffusion.tt.ttnn_functional_unet_2d_condition_model_new_conv:__call__:491 - Up block 2
2026-05-29 08:08:38.591 | INFO     | models.demos.wormhole.stable_diffusion.tt.ttnn_functional_unet_2d_condition_model_new_conv:__call__:491 - Up block 3
2026-05-29 08:08:38.611 | INFO     | models.demos.wormhole.stable_diffusion.tt.ttnn_functional_unet_2d_condition_model_new_conv:__call__:406 - Down block 0
2026-05-29 08:08:38.617 | info     |              Op | act_block_h_override 2 is not a valid override for padded_output_height_ntiles_per_core 7, instead 1 was selected as closest valid option! (conv2d_utils.cpp:401)
2026-05-29 08:08:38.617 | INFO     | models.demos.wormhole.stable_diffusion.tt.ttnn_functional_unet_2d_condition_model_new_conv:__call__:406 - Down block 1
2026-05-29 08:08:38.622 | INFO     | models.demos.wormhole.stable_diffusion.tt.ttnn_functional_unet_2d_condition_model_new_conv:__call__:406 - Down block 2
2026-05-29 08:08:38.626 | INFO     | models.demos.wormhole.stable_diffusion.tt.ttnn_functional_unet_2d_condition_model_new_conv:__call__:406 - Down block 3
2026-05-29 08:08:38.627 | INFO     | models.demos.wormhole.stable_diffusion.tt.ttnn_functional_unet_2d_condition_model_new_conv:__call__:460 - Mid block
2026-05-29 08:08:38.627 | warning  |              Op | Mismatch between computed MemoryConfig(memory_layout=TensorMemoryLayout::BLOCK_SHARDED,buffer_type=BufferType::L1,shard_spec=ShardSpec(grid={[(x=0,y=0) - (x=7,y=3)]},shape={32, 160},orientation=ShardOrientation::ROW_MAJOR),nd_shard_spec=NdShardSpec(shard_shape=Shape([32, 160]),grid={[(x=0,y=0) - (x=7,y=3)]},orientation=ShardOrientation::ROW_MAJOR,shard_distribution_strategy=ShardDistributionStrategy::GRID_2D),created_with_nd_shard_spec=0) and provided MemoryConfig(memory_layout=TensorMemoryLayout::BLOCK_SHARDED,buffer_type=BufferType::L1,shard_spec=ShardSpec(grid={[(x=0,y=0) - (x=7,y=7)]},shape={32, 160},orientation=ShardOrientation::ROW_MAJOR),nd_shard_spec=std::nullopt,created_with_nd_shard_spec=0) mem config. Using computed config. (matmul_op.cpp:1674)
2026-05-29 08:08:38.628 | INFO     | models.demos.wormhole.stable_diffusion.tt.ttnn_functional_unet_2d_condition_model_new_conv:__call__:491 - Up block 0
2026-05-29 08:08:38.630 | INFO     | models.demos.wormhole.stable_diffusion.tt.ttnn_functional_unet_2d_condition_model_new_conv:__call__:491 - Up block 1
2026-05-29 08:08:38.635 | INFO     | models.demos.wormhole.stable_diffusion.tt.ttnn_functional_unet_2d_condition_model_new_conv:__call__:491 - Up block 2
2026-05-29 08:08:38.643 | INFO     | models.demos.wormhole.stable_diffusion.tt.ttnn_functional_unet_2d_condition_model_new_conv:__call__:491 - Up block 3
2026-05-29 08:08:38.663 | INFO     | models.demos.wormhole.stable_diffusion.tt.ttnn_functional_unet_2d_condition_model_new_conv:__call__:406 - Down block 0
2026-05-29 08:08:38.669 | info     |              Op | act_block_h_override 2 is not a valid override for padded_output_height_ntiles_per_core 7, instead 1 was selected as closest valid option! (conv2d_utils.cpp:401)
2026-05-29 08:08:38.669 | INFO     | models.demos.wormhole.stable_diffusion.tt.ttnn_functional_unet_2d_condition_model_new_conv:__call__:406 - Down block 1
2026-05-29 08:08:38.674 | INFO     | models.demos.wormhole.stable_diffusion.tt.ttnn_functional_unet_2d_condition_model_new_conv:__call__:406 - Down block 2
2026-05-29 08:08:38.677 | INFO     | models.demos.wormhole.stable_diffusion.tt.ttnn_functional_unet_2d_condition_model_new_conv:__call__:406 - Down block 3
2026-05-29 08:08:38.678 | INFO     | models.demos.wormhole.stable_diffusion.tt.ttnn_functional_unet_2d_condition_model_new_conv:__call__:460 - Mid block
2026-05-29 08:08:38.679 | warning  |              Op | Mismatch between computed MemoryConfig(memory_layout=TensorMemoryLayout::BLOCK_SHARDED,buffer_type=BufferType::L1,shard_spec=ShardSpec(grid={[(x=0,y=0) - (x=7,y=3)]},shape={32, 160},orientation=ShardOrientation::ROW_MAJOR),nd_shard_spec=NdShardSpec(shard_shape=Shape([32, 160]),grid={[(x=0,y=0) - (x=7,y=3)]},orientation=ShardOrientation::ROW_MAJOR,shard_distribution_strategy=ShardDistributionStrategy::GRID_2D),created_with_nd_shard_spec=0) and provided MemoryConfig(memory_layout=TensorMemoryLayout::BLOCK_SHARDED,buffer_type=BufferType::L1,shard_spec=ShardSpec(grid={[(x=0,y=0) - (x=7,y=7)]},shape={32, 160},orientation=ShardOrientation::ROW_MAJOR),nd_shard_spec=std::nullopt,created_with_nd_shard_spec=0) mem config. Using computed config. (matmul_op.cpp:1674)
2026-05-29 08:08:38.680 | INFO     | models.demos.wormhole.stable_diffusion.tt.ttnn_functional_unet_2d_condition_model_new_conv:__call__:491 - Up block 0
2026-05-29 08:08:38.681 | INFO     | models.demos.wormhole.stable_diffusion.tt.ttnn_functional_unet_2d_condition_model_new_conv:__call__:491 - Up block 1
2026-05-29 08:08:38.686 | INFO     | models.demos.wormhole.stable_diffusion.tt.ttnn_functional_unet_2d_condition_model_new_conv:__call__:491 - Up block 2
2026-05-29 08:08:38.694 | INFO     | models.demos.wormhole.stable_diffusion.tt.ttnn_functional_unet_2d_condition_model_new_conv:__call__:491 - Up block 3
2026-05-29 08:08:38.715 | INFO     | models.demos.wormhole.stable_diffusion.tt.ttnn_functional_unet_2d_condition_model_new_conv:__call__:406 - Down block 0
2026-05-29 08:08:38.721 | info     |              Op | act_block_h_override 2 is not a valid override for padded_output_height_ntiles_per_core 7, instead 1 was selected as closest valid option! (conv2d_utils.cpp:401)
2026-05-29 08:08:38.721 | INFO     | models.demos.wormhole.stable_diffusion.tt.ttnn_functional_unet_2d_condition_model_new_conv:__call__:406 - Down block 1
2026-05-29 08:08:38.726 | INFO     | models.demos.wormhole.stable_diffusion.tt.ttnn_functional_unet_2d_condition_model_new_conv:__call__:406 - Down block 2
2026-05-29 08:08:38.730 | INFO     | models.demos.wormhole.stable_diffusion.tt.ttnn_functional_unet_2d_condition_model_new_conv:__call__:406 - Down block 3
2026-05-29 08:08:38.730 | INFO     | models.demos.wormhole.stable_diffusion.tt.ttnn_functional_unet_2d_condition_model_new_conv:__call__:460 - Mid block
2026-05-29 08:08:38.731 | warning  |              Op | Mismatch between computed MemoryConfig(memory_layout=TensorMemoryLayout::BLOCK_SHARDED,buffer_type=BufferType::L1,shard_spec=ShardSpec(grid={[(x=0,y=0) - (x=7,y=3)]},shape={32, 160},orientation=ShardOrientation::ROW_MAJOR),nd_shard_spec=NdShardSpec(shard_shape=Shape([32, 160]),grid={[(x=0,y=0) - (x=7,y=3)]},orientation=ShardOrientation::ROW_MAJOR,shard_distribution_strategy=ShardDistributionStrategy::GRID_2D),created_with_nd_shard_spec=0) and provided MemoryConfig(memory_layout=TensorMemoryLayout::BLOCK_SHARDED,buffer_type=BufferType::L1,shard_spec=ShardSpec(grid={[(x=0,y=0) - (x=7,y=7)]},shape={32, 160},orientation=ShardOrientation::ROW_MAJOR),nd_shard_spec=std::nullopt,created_with_nd_shard_spec=0) mem config. Using computed config. (matmul_op.cpp:1674)
2026-05-29 08:08:38.732 | INFO     | models.demos.wormhole.stable_diffusion.tt.ttnn_functional_unet_2d_condition_model_new_conv:__call__:491 - Up block 0
2026-05-29 08:08:38.733 | INFO     | models.demos.wormhole.stable_diffusion.tt.ttnn_functional_unet_2d_condition_model_new_conv:__call__:491 - Up block 1
2026-05-29 08:08:38.738 | INFO     | models.demos.wormhole.stable_diffusion.tt.ttnn_functional_unet_2d_condition_model_new_conv:__call__:491 - Up block 2
2026-05-29 08:08:38.746 | INFO     | models.demos.wormhole.stable_diffusion.tt.ttnn_functional_unet_2d_condition_model_new_conv:__call__:491 - Up block 3
2026-05-29 08:08:38.767 | INFO     | models.demos.wormhole.stable_diffusion.tt.ttnn_functional_unet_2d_condition_model_new_conv:__call__:406 - Down block 0
2026-05-29 08:08:38.773 | info     |              Op | act_block_h_override 2 is not a valid override for padded_output_height_ntiles_per_core 7, instead 1 was selected as closest valid option! (conv2d_utils.cpp:401)
2026-05-29 08:08:38.773 | INFO     | models.demos.wormhole.stable_diffusion.tt.ttnn_functional_unet_2d_condition_model_new_conv:__call__:406 - Down block 1
2026-05-29 08:08:38.778 | INFO     | models.demos.wormhole.stable_diffusion.tt.ttnn_functional_unet_2d_condition_model_new_conv:__call__:406 - Down block 2
2026-05-29 08:08:38.781 | INFO     | models.demos.wormhole.stable_diffusion.tt.ttnn_functional_unet_2d_condition_model_new_conv:__call__:406 - Down block 3
2026-05-29 08:08:38.782 | INFO     | models.demos.wormhole.stable_diffusion.tt.ttnn_functional_unet_2d_condition_model_new_conv:__call__:460 - Mid block
2026-05-29 08:08:38.783 | warning  |              Op | Mismatch between computed MemoryConfig(memory_layout=TensorMemoryLayout::BLOCK_SHARDED,buffer_type=BufferType::L1,shard_spec=ShardSpec(grid={[(x=0,y=0) - (x=7,y=3)]},shape={32, 160},orientation=ShardOrientation::ROW_MAJOR),nd_shard_spec=NdShardSpec(shard_shape=Shape([32, 160]),grid={[(x=0,y=0) - (x=7,y=3)]},orientation=ShardOrientation::ROW_MAJOR,shard_distribution_strategy=ShardDistributionStrategy::GRID_2D),created_with_nd_shard_spec=0) and provided MemoryConfig(memory_layout=TensorMemoryLayout::BLOCK_SHARDED,buffer_type=BufferType::L1,shard_spec=ShardSpec(grid={[(x=0,y=0) - (x=7,y=7)]},shape={32, 160},orientation=ShardOrientation::ROW_MAJOR),nd_shard_spec=std::nullopt,created_with_nd_shard_spec=0) mem config. Using computed config. (matmul_op.cpp:1674)
2026-05-29 08:08:38.784 | INFO     | models.demos.wormhole.stable_diffusion.tt.ttnn_functional_unet_2d_condition_model_new_conv:__call__:491 - Up block 0
2026-05-29 08:08:38.785 | INFO     | models.demos.wormhole.stable_diffusion.tt.ttnn_functional_unet_2d_condition_model_new_conv:__call__:491 - Up block 1
2026-05-29 08:08:38.790 | INFO     | models.demos.wormhole.stable_diffusion.tt.ttnn_functional_unet_2d_condition_model_new_conv:__call__:491 - Up block 2
2026-05-29 08:08:38.798 | INFO     | models.demos.wormhole.stable_diffusion.tt.ttnn_functional_unet_2d_condition_model_new_conv:__call__:491 - Up block 3
2026-05-29 08:08:38.819 | INFO     | models.demos.wormhole.stable_diffusion.tt.ttnn_functional_unet_2d_condition_model_new_conv:__call__:406 - Down block 0
2026-05-29 08:08:38.824 | info     |              Op | act_block_h_override 2 is not a valid override for padded_output_height_ntiles_per_core 7, instead 1 was selected as closest valid option! (conv2d_utils.cpp:401)
2026-05-29 08:08:38.825 | INFO     | models.demos.wormhole.stable_diffusion.tt.ttnn_functional_unet_2d_condition_model_new_conv:__call__:406 - Down block 1
2026-05-29 08:08:38.830 | INFO     | models.demos.wormhole.stable_diffusion.tt.ttnn_functional_unet_2d_condition_model_new_conv:__call__:406 - Down block 2
2026-05-29 08:08:38.833 | INFO     | models.demos.wormhole.stable_diffusion.tt.ttnn_functional_unet_2d_condition_model_new_conv:__call__:406 - Down block 3
2026-05-29 08:08:38.834 | INFO     | models.demos.wormhole.stable_diffusion.tt.ttnn_functional_unet_2d_condition_model_new_conv:__call__:460 - Mid block
2026-05-29 08:08:38.834 | warning  |              Op | Mismatch between computed MemoryConfig(memory_layout=TensorMemoryLayout::BLOCK_SHARDED,buffer_type=BufferType::L1,shard_spec=ShardSpec(grid={[(x=0,y=0) - (x=7,y=3)]},shape={32, 160},orientation=ShardOrientation::ROW_MAJOR),nd_shard_spec=NdShardSpec(shard_shape=Shape([32, 160]),grid={[(x=0,y=0) - (x=7,y=3)]},orientation=ShardOrientation::ROW_MAJOR,shard_distribution_strategy=ShardDistributionStrategy::GRID_2D),created_with_nd_shard_spec=0) and provided MemoryConfig(memory_layout=TensorMemoryLayout::BLOCK_SHARDED,buffer_type=BufferType::L1,shard_spec=ShardSpec(grid={[(x=0,y=0) - (x=7,y=7)]},shape={32, 160},orientation=ShardOrientation::ROW_MAJOR),nd_shard_spec=std::nullopt,created_with_nd_shard_spec=0) mem config. Using computed config. (matmul_op.cpp:1674)
2026-05-29 08:08:38.836 | INFO     | models.demos.wormhole.stable_diffusion.tt.ttnn_functional_unet_2d_condition_model_new_conv:__call__:491 - Up block 0
2026-05-29 08:08:38.837 | INFO     | models.demos.wormhole.stable_diffusion.tt.ttnn_functional_unet_2d_condition_model_new_conv:__call__:491 - Up block 1
2026-05-29 08:08:38.842 | INFO     | models.demos.wormhole.stable_diffusion.tt.ttnn_functional_unet_2d_condition_model_new_conv:__call__:491 - Up block 2
2026-05-29 08:08:38.850 | INFO     | models.demos.wormhole.stable_diffusion.tt.ttnn_functional_unet_2d_condition_model_new_conv:__call__:491 - Up block 3
  Step 9/41
2026-05-29 08:08:38.873 | INFO     | models.demos.wormhole.stable_diffusion.tt.ttnn_functional_unet_2d_condition_model_new_conv:__call__:406 - Down block 0
2026-05-29 08:08:38.879 | info     |              Op | act_block_h_override 2 is not a valid override for padded_output_height_ntiles_per_core 7, instead 1 was selected as closest valid option! (conv2d_utils.cpp:401)
2026-05-29 08:08:38.879 | INFO     | models.demos.wormhole.stable_diffusion.tt.ttnn_functional_unet_2d_condition_model_new_conv:__call__:406 - Down block 1
2026-05-29 08:08:38.885 | INFO     | models.demos.wormhole.stable_diffusion.tt.ttnn_functional_unet_2d_condition_model_new_conv:__call__:406 - Down block 2
2026-05-29 08:08:38.888 | INFO     | models.demos.wormhole.stable_diffusion.tt.ttnn_functional_unet_2d_condition_model_new_conv:__call__:406 - Down block 3
2026-05-29 08:08:38.889 | INFO     | models.demos.wormhole.stable_diffusion.tt.ttnn_functional_unet_2d_condition_model_new_conv:__call__:460 - Mid block
2026-05-29 08:08:38.889 | warning  |              Op | Mismatch between computed MemoryConfig(memory_layout=TensorMemoryLayout::BLOCK_SHARDED,buffer_type=BufferType::L1,shard_spec=ShardSpec(grid={[(x=0,y=0) - (x=7,y=3)]},shape={32, 160},orientation=ShardOrientation::ROW_MAJOR),nd_shard_spec=NdShardSpec(shard_shape=Shape([32, 160]),grid={[(x=0,y=0) - (x=7,y=3)]},orientation=ShardOrientation::ROW_MAJOR,shard_distribution_strategy=ShardDistributionStrategy::GRID_2D),created_with_nd_shard_spec=0) and provided MemoryConfig(memory_layout=TensorMemoryLayout::BLOCK_SHARDED,buffer_type=BufferType::L1,shard_spec=ShardSpec(grid={[(x=0,y=0) - (x=7,y=7)]},shape={32, 160},orientation=ShardOrientation::ROW_MAJOR),nd_shard_spec=std::nullopt,created_with_nd_shard_spec=0) mem config. Using computed config. (matmul_op.cpp:1674)
2026-05-29 08:08:38.891 | INFO     | models.demos.wormhole.stable_diffusion.tt.ttnn_functional_unet_2d_condition_model_new_conv:__call__:491 - Up block 0
2026-05-29 08:08:38.892 | INFO     | models.demos.wormhole.stable_diffusion.tt.ttnn_functional_unet_2d_condition_model_new_conv:__call__:491 - Up block 1
2026-05-29 08:08:38.897 | INFO     | models.demos.wormhole.stable_diffusion.tt.ttnn_functional_unet_2d_condition_model_new_conv:__call__:491 - Up block 2
2026-05-29 08:08:38.905 | INFO     | models.demos.wormhole.stable_diffusion.tt.ttnn_functional_unet_2d_condition_model_new_conv:__call__:491 - Up block 3
2026-05-29 08:08:38.925 | INFO     | models.demos.wormhole.stable_diffusion.tt.ttnn_functional_unet_2d_condition_model_new_conv:__call__:406 - Down block 0
2026-05-29 08:08:38.931 | info     |              Op | act_block_h_override 2 is not a valid override for padded_output_height_ntiles_per_core 7, instead 1 was selected as closest valid option! (conv2d_utils.cpp:401)
2026-05-29 08:08:38.931 | INFO     | models.demos.wormhole.stable_diffusion.tt.ttnn_functional_unet_2d_condition_model_new_conv:__call__:406 - Down block 1
2026-05-29 08:08:38.936 | INFO     | models.demos.wormhole.stable_diffusion.tt.ttnn_functional_unet_2d_condition_model_new_conv:__call__:406 - Down block 2
2026-05-29 08:08:38.940 | INFO     | models.demos.wormhole.stable_diffusion.tt.ttnn_functional_unet_2d_condition_model_new_conv:__call__:406 - Down block 3
2026-05-29 08:08:38.940 | INFO     | models.demos.wormhole.stable_diffusion.tt.ttnn_functional_unet_2d_condition_model_new_conv:__call__:460 - Mid block
2026-05-29 08:08:38.941 | warning  |              Op | Mismatch between computed MemoryConfig(memory_layout=TensorMemoryLayout::BLOCK_SHARDED,buffer_type=BufferType::L1,shard_spec=ShardSpec(grid={[(x=0,y=0) - (x=7,y=3)]},shape={32, 160},orientation=ShardOrientation::ROW_MAJOR),nd_shard_spec=NdShardSpec(shard_shape=Shape([32, 160]),grid={[(x=0,y=0) - (x=7,y=3)]},orientation=ShardOrientation::ROW_MAJOR,shard_distribution_strategy=ShardDistributionStrategy::GRID_2D),created_with_nd_shard_spec=0) and provided MemoryConfig(memory_layout=TensorMemoryLayout::BLOCK_SHARDED,buffer_type=BufferType::L1,shard_spec=ShardSpec(grid={[(x=0,y=0) - (x=7,y=7)]},shape={32, 160},orientation=ShardOrientation::ROW_MAJOR),nd_shard_spec=std::nullopt,created_with_nd_shard_spec=0) mem config. Using computed config. (matmul_op.cpp:1674)
2026-05-29 08:08:38.942 | INFO     | models.demos.wormhole.stable_diffusion.tt.ttnn_functional_unet_2d_condition_model_new_conv:__call__:491 - Up block 0
2026-05-29 08:08:38.943 | INFO     | models.demos.wormhole.stable_diffusion.tt.ttnn_functional_unet_2d_condition_model_new_conv:__call__:491 - Up block 1
2026-05-29 08:08:38.948 | INFO     | models.demos.wormhole.stable_diffusion.tt.ttnn_functional_unet_2d_condition_model_new_conv:__call__:491 - Up block 2
2026-05-29 08:08:38.956 | INFO     | models.demos.wormhole.stable_diffusion.tt.ttnn_functional_unet_2d_condition_model_new_conv:__call__:491 - Up block 3
2026-05-29 08:08:38.977 | INFO     | models.demos.wormhole.stable_diffusion.tt.ttnn_functional_unet_2d_condition_model_new_conv:__call__:406 - Down block 0
2026-05-29 08:08:38.983 | info     |              Op | act_block_h_override 2 is not a valid override for padded_output_height_ntiles_per_core 7, instead 1 was selected as closest valid option! (conv2d_utils.cpp:401)
2026-05-29 08:08:38.983 | INFO     | models.demos.wormhole.stable_diffusion.tt.ttnn_functional_unet_2d_condition_model_new_conv:__call__:406 - Down block 1
2026-05-29 08:08:38.988 | INFO     | models.demos.wormhole.stable_diffusion.tt.ttnn_functional_unet_2d_condition_model_new_conv:__call__:406 - Down block 2
2026-05-29 08:08:38.991 | INFO     | models.demos.wormhole.stable_diffusion.tt.ttnn_functional_unet_2d_condition_model_new_conv:__call__:406 - Down block 3
2026-05-29 08:08:38.992 | INFO     | models.demos.wormhole.stable_diffusion.tt.ttnn_functional_unet_2d_condition_model_new_conv:__call__:460 - Mid block
2026-05-29 08:08:38.993 | warning  |              Op | Mismatch between computed MemoryConfig(memory_layout=TensorMemoryLayout::BLOCK_SHARDED,buffer_type=BufferType::L1,shard_spec=ShardSpec(grid={[(x=0,y=0) - (x=7,y=3)]},shape={32, 160},orientation=ShardOrientation::ROW_MAJOR),nd_shard_spec=NdShardSpec(shard_shape=Shape([32, 160]),grid={[(x=0,y=0) - (x=7,y=3)]},orientation=ShardOrientation::ROW_MAJOR,shard_distribution_strategy=ShardDistributionStrategy::GRID_2D),created_with_nd_shard_spec=0) and provided MemoryConfig(memory_layout=TensorMemoryLayout::BLOCK_SHARDED,buffer_type=BufferType::L1,shard_spec=ShardSpec(grid={[(x=0,y=0) - (x=7,y=7)]},shape={32, 160},orientation=ShardOrientation::ROW_MAJOR),nd_shard_spec=std::nullopt,created_with_nd_shard_spec=0) mem config. Using computed config. (matmul_op.cpp:1674)
2026-05-29 08:08:38.994 | INFO     | models.demos.wormhole.stable_diffusion.tt.ttnn_functional_unet_2d_condition_model_new_conv:__call__:491 - Up block 0
2026-05-29 08:08:38.995 | INFO     | models.demos.wormhole.stable_diffusion.tt.ttnn_functional_unet_2d_condition_model_new_conv:__call__:491 - Up block 1
2026-05-29 08:08:39.000 | INFO     | models.demos.wormhole.stable_diffusion.tt.ttnn_functional_unet_2d_condition_model_new_conv:__call__:491 - Up block 2
2026-05-29 08:08:39.009 | INFO     | models.demos.wormhole.stable_diffusion.tt.ttnn_functional_unet_2d_condition_model_new_conv:__call__:491 - Up block 3
2026-05-29 08:08:39.029 | INFO     | models.demos.wormhole.stable_diffusion.tt.ttnn_functional_unet_2d_condition_model_new_conv:__call__:406 - Down block 0
2026-05-29 08:08:39.034 | info     |              Op | act_block_h_override 2 is not a valid override for padded_output_height_ntiles_per_core 7, instead 1 was selected as closest valid option! (conv2d_utils.cpp:401)
2026-05-29 08:08:39.035 | INFO     | models.demos.wormhole.stable_diffusion.tt.ttnn_functional_unet_2d_condition_model_new_conv:__call__:406 - Down block 1
2026-05-29 08:08:39.040 | INFO     | models.demos.wormhole.stable_diffusion.tt.ttnn_functional_unet_2d_condition_model_new_conv:__call__:406 - Down block 2
2026-05-29 08:08:39.043 | INFO     | models.demos.wormhole.stable_diffusion.tt.ttnn_functional_unet_2d_condition_model_new_conv:__call__:406 - Down block 3
2026-05-29 08:08:39.044 | INFO     | models.demos.wormhole.stable_diffusion.tt.ttnn_functional_unet_2d_condition_model_new_conv:__call__:460 - Mid block
2026-05-29 08:08:39.045 | warning  |              Op | Mismatch between computed MemoryConfig(memory_layout=TensorMemoryLayout::BLOCK_SHARDED,buffer_type=BufferType::L1,shard_spec=ShardSpec(grid={[(x=0,y=0) - (x=7,y=3)]},shape={32, 160},orientation=ShardOrientation::ROW_MAJOR),nd_shard_spec=NdShardSpec(shard_shape=Shape([32, 160]),grid={[(x=0,y=0) - (x=7,y=3)]},orientation=ShardOrientation::ROW_MAJOR,shard_distribution_strategy=ShardDistributionStrategy::GRID_2D),created_with_nd_shard_spec=0) and provided MemoryConfig(memory_layout=TensorMemoryLayout::BLOCK_SHARDED,buffer_type=BufferType::L1,shard_spec=ShardSpec(grid={[(x=0,y=0) - (x=7,y=7)]},shape={32, 160},orientation=ShardOrientation::ROW_MAJOR),nd_shard_spec=std::nullopt,created_with_nd_shard_spec=0) mem config. Using computed config. (matmul_op.cpp:1674)
2026-05-29 08:08:39.046 | INFO     | models.demos.wormhole.stable_diffusion.tt.ttnn_functional_unet_2d_condition_model_new_conv:__call__:491 - Up block 0
2026-05-29 08:08:39.047 | INFO     | models.demos.wormhole.stable_diffusion.tt.ttnn_functional_unet_2d_condition_model_new_conv:__call__:491 - Up block 1
2026-05-29 08:08:39.052 | INFO     | models.demos.wormhole.stable_diffusion.tt.ttnn_functional_unet_2d_condition_model_new_conv:__call__:491 - Up block 2
2026-05-29 08:08:39.060 | INFO     | models.demos.wormhole.stable_diffusion.tt.ttnn_functional_unet_2d_condition_model_new_conv:__call__:491 - Up block 3
2026-05-29 08:08:39.081 | INFO     | models.demos.wormhole.stable_diffusion.tt.ttnn_functional_unet_2d_condition_model_new_conv:__call__:406 - Down block 0
2026-05-29 08:08:39.086 | info     |              Op | act_block_h_override 2 is not a valid override for padded_output_height_ntiles_per_core 7, instead 1 was selected as closest valid option! (conv2d_utils.cpp:401)
2026-05-29 08:08:39.086 | INFO     | models.demos.wormhole.stable_diffusion.tt.ttnn_functional_unet_2d_condition_model_new_conv:__call__:406 - Down block 1
2026-05-29 08:08:39.092 | INFO     | models.demos.wormhole.stable_diffusion.tt.ttnn_functional_unet_2d_condition_model_new_conv:__call__:406 - Down block 2
2026-05-29 08:08:39.095 | INFO     | models.demos.wormhole.stable_diffusion.tt.ttnn_functional_unet_2d_condition_model_new_conv:__call__:406 - Down block 3
2026-05-29 08:08:39.096 | INFO     | models.demos.wormhole.stable_diffusion.tt.ttnn_functional_unet_2d_condition_model_new_conv:__call__:460 - Mid block
2026-05-29 08:08:39.096 | warning  |              Op | Mismatch between computed MemoryConfig(memory_layout=TensorMemoryLayout::BLOCK_SHARDED,buffer_type=BufferType::L1,shard_spec=ShardSpec(grid={[(x=0,y=0) - (x=7,y=3)]},shape={32, 160},orientation=ShardOrientation::ROW_MAJOR),nd_shard_spec=NdShardSpec(shard_shape=Shape([32, 160]),grid={[(x=0,y=0) - (x=7,y=3)]},orientation=ShardOrientation::ROW_MAJOR,shard_distribution_strategy=ShardDistributionStrategy::GRID_2D),created_with_nd_shard_spec=0) and provided MemoryConfig(memory_layout=TensorMemoryLayout::BLOCK_SHARDED,buffer_type=BufferType::L1,shard_spec=ShardSpec(grid={[(x=0,y=0) - (x=7,y=7)]},shape={32, 160},orientation=ShardOrientation::ROW_MAJOR),nd_shard_spec=std::nullopt,created_with_nd_shard_spec=0) mem config. Using computed config. (matmul_op.cpp:1674)
2026-05-29 08:08:39.098 | INFO     | models.demos.wormhole.stable_diffusion.tt.ttnn_functional_unet_2d_condition_model_new_conv:__call__:491 - Up block 0
2026-05-29 08:08:39.099 | INFO     | models.demos.wormhole.stable_diffusion.tt.ttnn_functional_unet_2d_condition_model_new_conv:__call__:491 - Up block 1
2026-05-29 08:08:39.104 | INFO     | models.demos.wormhole.stable_diffusion.tt.ttnn_functional_unet_2d_condition_model_new_conv:__call__:491 - Up block 2
2026-05-29 08:08:39.112 | INFO     | models.demos.wormhole.stable_diffusion.tt.ttnn_functional_unet_2d_condition_model_new_conv:__call__:491 - Up block 3
2026-05-29 08:08:39.132 | INFO     | models.demos.wormhole.stable_diffusion.tt.ttnn_functional_unet_2d_condition_model_new_conv:__call__:406 - Down block 0
2026-05-29 08:08:39.138 | info     |              Op | act_block_h_override 2 is not a valid override for padded_output_height_ntiles_per_core 7, instead 1 was selected as closest valid option! (conv2d_utils.cpp:401)
2026-05-29 08:08:39.138 | INFO     | models.demos.wormhole.stable_diffusion.tt.ttnn_functional_unet_2d_condition_model_new_conv:__call__:406 - Down block 1
2026-05-29 08:08:39.143 | INFO     | models.demos.wormhole.stable_diffusion.tt.ttnn_functional_unet_2d_condition_model_new_conv:__call__:406 - Down block 2
2026-05-29 08:08:39.147 | INFO     | models.demos.wormhole.stable_diffusion.tt.ttnn_functional_unet_2d_condition_model_new_conv:__call__:406 - Down block 3
2026-05-29 08:08:39.147 | INFO     | models.demos.wormhole.stable_diffusion.tt.ttnn_functional_unet_2d_condition_model_new_conv:__call__:460 - Mid block
2026-05-29 08:08:39.148 | warning  |              Op | Mismatch between computed MemoryConfig(memory_layout=TensorMemoryLayout::BLOCK_SHARDED,buffer_type=BufferType::L1,shard_spec=ShardSpec(grid={[(x=0,y=0) - (x=7,y=3)]},shape={32, 160},orientation=ShardOrientation::ROW_MAJOR),nd_shard_spec=NdShardSpec(shard_shape=Shape([32, 160]),grid={[(x=0,y=0) - (x=7,y=3)]},orientation=ShardOrientation::ROW_MAJOR,shard_distribution_strategy=ShardDistributionStrategy::GRID_2D),created_with_nd_shard_spec=0) and provided MemoryConfig(memory_layout=TensorMemoryLayout::BLOCK_SHARDED,buffer_type=BufferType::L1,shard_spec=ShardSpec(grid={[(x=0,y=0) - (x=7,y=7)]},shape={32, 160},orientation=ShardOrientation::ROW_MAJOR),nd_shard_spec=std::nullopt,created_with_nd_shard_spec=0) mem config. Using computed config. (matmul_op.cpp:1674)
2026-05-29 08:08:39.149 | INFO     | models.demos.wormhole.stable_diffusion.tt.ttnn_functional_unet_2d_condition_model_new_conv:__call__:491 - Up block 0
2026-05-29 08:08:39.151 | INFO     | models.demos.wormhole.stable_diffusion.tt.ttnn_functional_unet_2d_condition_model_new_conv:__call__:491 - Up block 1
2026-05-29 08:08:39.155 | INFO     | models.demos.wormhole.stable_diffusion.tt.ttnn_functional_unet_2d_condition_model_new_conv:__call__:491 - Up block 2
2026-05-29 08:08:39.163 | INFO     | models.demos.wormhole.stable_diffusion.tt.ttnn_functional_unet_2d_condition_model_new_conv:__call__:491 - Up block 3
2026-05-29 08:08:39.184 | INFO     | models.demos.wormhole.stable_diffusion.tt.ttnn_functional_unet_2d_condition_model_new_conv:__call__:406 - Down block 0
2026-05-29 08:08:39.190 | info     |              Op | act_block_h_override 2 is not a valid override for padded_output_height_ntiles_per_core 7, instead 1 was selected as closest valid option! (conv2d_utils.cpp:401)
2026-05-29 08:08:39.190 | INFO     | models.demos.wormhole.stable_diffusion.tt.ttnn_functional_unet_2d_condition_model_new_conv:__call__:406 - Down block 1
2026-05-29 08:08:39.195 | INFO     | models.demos.wormhole.stable_diffusion.tt.ttnn_functional_unet_2d_condition_model_new_conv:__call__:406 - Down block 2
2026-05-29 08:08:39.199 | INFO     | models.demos.wormhole.stable_diffusion.tt.ttnn_functional_unet_2d_condition_model_new_conv:__call__:406 - Down block 3
2026-05-29 08:08:39.199 | INFO     | models.demos.wormhole.stable_diffusion.tt.ttnn_functional_unet_2d_condition_model_new_conv:__call__:460 - Mid block
2026-05-29 08:08:39.200 | warning  |              Op | Mismatch between computed MemoryConfig(memory_layout=TensorMemoryLayout::BLOCK_SHARDED,buffer_type=BufferType::L1,shard_spec=ShardSpec(grid={[(x=0,y=0) - (x=7,y=3)]},shape={32, 160},orientation=ShardOrientation::ROW_MAJOR),nd_shard_spec=NdShardSpec(shard_shape=Shape([32, 160]),grid={[(x=0,y=0) - (x=7,y=3)]},orientation=ShardOrientation::ROW_MAJOR,shard_distribution_strategy=ShardDistributionStrategy::GRID_2D),created_with_nd_shard_spec=0) and provided MemoryConfig(memory_layout=TensorMemoryLayout::BLOCK_SHARDED,buffer_type=BufferType::L1,shard_spec=ShardSpec(grid={[(x=0,y=0) - (x=7,y=7)]},shape={32, 160},orientation=ShardOrientation::ROW_MAJOR),nd_shard_spec=std::nullopt,created_with_nd_shard_spec=0) mem config. Using computed config. (matmul_op.cpp:1674)
2026-05-29 08:08:39.201 | INFO     | models.demos.wormhole.stable_diffusion.tt.ttnn_functional_unet_2d_condition_model_new_conv:__call__:491 - Up block 0
2026-05-29 08:08:39.203 | INFO     | models.demos.wormhole.stable_diffusion.tt.ttnn_functional_unet_2d_condition_model_new_conv:__call__:491 - Up block 1
2026-05-29 08:08:39.207 | INFO     | models.demos.wormhole.stable_diffusion.tt.ttnn_functional_unet_2d_condition_model_new_conv:__call__:491 - Up block 2
2026-05-29 08:08:39.215 | INFO     | models.demos.wormhole.stable_diffusion.tt.ttnn_functional_unet_2d_condition_model_new_conv:__call__:491 - Up block 3
2026-05-29 08:08:39.236 | INFO     | models.demos.wormhole.stable_diffusion.tt.ttnn_functional_unet_2d_condition_model_new_conv:__call__:406 - Down block 0
2026-05-29 08:08:39.242 | info     |              Op | act_block_h_override 2 is not a valid override for padded_output_height_ntiles_per_core 7, instead 1 was selected as closest valid option! (conv2d_utils.cpp:401)
2026-05-29 08:08:39.242 | INFO     | models.demos.wormhole.stable_diffusion.tt.ttnn_functional_unet_2d_condition_model_new_conv:__call__:406 - Down block 1
2026-05-29 08:08:39.247 | INFO     | models.demos.wormhole.stable_diffusion.tt.ttnn_functional_unet_2d_condition_model_new_conv:__call__:406 - Down block 2
2026-05-29 08:08:39.251 | INFO     | models.demos.wormhole.stable_diffusion.tt.ttnn_functional_unet_2d_condition_model_new_conv:__call__:406 - Down block 3
2026-05-29 08:08:39.251 | INFO     | models.demos.wormhole.stable_diffusion.tt.ttnn_functional_unet_2d_condition_model_new_conv:__call__:460 - Mid block
2026-05-29 08:08:39.252 | warning  |              Op | Mismatch between computed MemoryConfig(memory_layout=TensorMemoryLayout::BLOCK_SHARDED,buffer_type=BufferType::L1,shard_spec=ShardSpec(grid={[(x=0,y=0) - (x=7,y=3)]},shape={32, 160},orientation=ShardOrientation::ROW_MAJOR),nd_shard_spec=NdShardSpec(shard_shape=Shape([32, 160]),grid={[(x=0,y=0) - (x=7,y=3)]},orientation=ShardOrientation::ROW_MAJOR,shard_distribution_strategy=ShardDistributionStrategy::GRID_2D),created_with_nd_shard_spec=0) and provided MemoryConfig(memory_layout=TensorMemoryLayout::BLOCK_SHARDED,buffer_type=BufferType::L1,shard_spec=ShardSpec(grid={[(x=0,y=0) - (x=7,y=7)]},shape={32, 160},orientation=ShardOrientation::ROW_MAJOR),nd_shard_spec=std::nullopt,created_with_nd_shard_spec=0) mem config. Using computed config. (matmul_op.cpp:1674)
2026-05-29 08:08:39.253 | INFO     | models.demos.wormhole.stable_diffusion.tt.ttnn_functional_unet_2d_condition_model_new_conv:__call__:491 - Up block 0
2026-05-29 08:08:39.254 | INFO     | models.demos.wormhole.stable_diffusion.tt.ttnn_functional_unet_2d_condition_model_new_conv:__call__:491 - Up block 1
2026-05-29 08:08:39.259 | INFO     | models.demos.wormhole.stable_diffusion.tt.ttnn_functional_unet_2d_condition_model_new_conv:__call__:491 - Up block 2
2026-05-29 08:08:39.267 | INFO     | models.demos.wormhole.stable_diffusion.tt.ttnn_functional_unet_2d_condition_model_new_conv:__call__:491 - Up block 3
  Step 10/41
2026-05-29 08:08:39.290 | INFO     | models.demos.wormhole.stable_diffusion.tt.ttnn_functional_unet_2d_condition_model_new_conv:__call__:406 - Down block 0
2026-05-29 08:08:39.296 | info     |              Op | act_block_h_override 2 is not a valid override for padded_output_height_ntiles_per_core 7, instead 1 was selected as closest valid option! (conv2d_utils.cpp:401)
2026-05-29 08:08:39.296 | INFO     | models.demos.wormhole.stable_diffusion.tt.ttnn_functional_unet_2d_condition_model_new_conv:__call__:406 - Down block 1
2026-05-29 08:08:39.301 | INFO     | models.demos.wormhole.stable_diffusion.tt.ttnn_functional_unet_2d_condition_model_new_conv:__call__:406 - Down block 2
2026-05-29 08:08:39.305 | INFO     | models.demos.wormhole.stable_diffusion.tt.ttnn_functional_unet_2d_condition_model_new_conv:__call__:406 - Down block 3
2026-05-29 08:08:39.305 | INFO     | models.demos.wormhole.stable_diffusion.tt.ttnn_functional_unet_2d_condition_model_new_conv:__call__:460 - Mid block
2026-05-29 08:08:39.306 | warning  |              Op | Mismatch between computed MemoryConfig(memory_layout=TensorMemoryLayout::BLOCK_SHARDED,buffer_type=BufferType::L1,shard_spec=ShardSpec(grid={[(x=0,y=0) - (x=7,y=3)]},shape={32, 160},orientation=ShardOrientation::ROW_MAJOR),nd_shard_spec=NdShardSpec(shard_shape=Shape([32, 160]),grid={[(x=0,y=0) - (x=7,y=3)]},orientation=ShardOrientation::ROW_MAJOR,shard_distribution_strategy=ShardDistributionStrategy::GRID_2D),created_with_nd_shard_spec=0) and provided MemoryConfig(memory_layout=TensorMemoryLayout::BLOCK_SHARDED,buffer_type=BufferType::L1,shard_spec=ShardSpec(grid={[(x=0,y=0) - (x=7,y=7)]},shape={32, 160},orientation=ShardOrientation::ROW_MAJOR),nd_shard_spec=std::nullopt,created_with_nd_shard_spec=0) mem config. Using computed config. (matmul_op.cpp:1674)
2026-05-29 08:08:39.307 | INFO     | models.demos.wormhole.stable_diffusion.tt.ttnn_functional_unet_2d_condition_model_new_conv:__call__:491 - Up block 0
2026-05-29 08:08:39.309 | INFO     | models.demos.wormhole.stable_diffusion.tt.ttnn_functional_unet_2d_condition_model_new_conv:__call__:491 - Up block 1
2026-05-29 08:08:39.314 | INFO     | models.demos.wormhole.stable_diffusion.tt.ttnn_functional_unet_2d_condition_model_new_conv:__call__:491 - Up block 2
2026-05-29 08:08:39.322 | INFO     | models.demos.wormhole.stable_diffusion.tt.ttnn_functional_unet_2d_condition_model_new_conv:__call__:491 - Up block 3
2026-05-29 08:08:39.342 | INFO     | models.demos.wormhole.stable_diffusion.tt.ttnn_functional_unet_2d_condition_model_new_conv:__call__:406 - Down block 0
2026-05-29 08:08:39.347 | info     |              Op | act_block_h_override 2 is not a valid override for padded_output_height_ntiles_per_core 7, instead 1 was selected as closest valid option! (conv2d_utils.cpp:401)
2026-05-29 08:08:39.347 | INFO     | models.demos.wormhole.stable_diffusion.tt.ttnn_functional_unet_2d_condition_model_new_conv:__call__:406 - Down block 1
2026-05-29 08:08:39.353 | INFO     | models.demos.wormhole.stable_diffusion.tt.ttnn_functional_unet_2d_condition_model_new_conv:__call__:406 - Down block 2
2026-05-29 08:08:39.356 | INFO     | models.demos.wormhole.stable_diffusion.tt.ttnn_functional_unet_2d_condition_model_new_conv:__call__:406 - Down block 3
2026-05-29 08:08:39.357 | INFO     | models.demos.wormhole.stable_diffusion.tt.ttnn_functional_unet_2d_condition_model_new_conv:__call__:460 - Mid block
2026-05-29 08:08:39.357 | warning  |              Op | Mismatch between computed MemoryConfig(memory_layout=TensorMemoryLayout::BLOCK_SHARDED,buffer_type=BufferType::L1,shard_spec=ShardSpec(grid={[(x=0,y=0) - (x=7,y=3)]},shape={32, 160},orientation=ShardOrientation::ROW_MAJOR),nd_shard_spec=NdShardSpec(shard_shape=Shape([32, 160]),grid={[(x=0,y=0) - (x=7,y=3)]},orientation=ShardOrientation::ROW_MAJOR,shard_distribution_strategy=ShardDistributionStrategy::GRID_2D),created_with_nd_shard_spec=0) and provided MemoryConfig(memory_layout=TensorMemoryLayout::BLOCK_SHARDED,buffer_type=BufferType::L1,shard_spec=ShardSpec(grid={[(x=0,y=0) - (x=7,y=7)]},shape={32, 160},orientation=ShardOrientation::ROW_MAJOR),nd_shard_spec=std::nullopt,created_with_nd_shard_spec=0) mem config. Using computed config. (matmul_op.cpp:1674)
2026-05-29 08:08:39.359 | INFO     | models.demos.wormhole.stable_diffusion.tt.ttnn_functional_unet_2d_condition_model_new_conv:__call__:491 - Up block 0
2026-05-29 08:08:39.360 | INFO     | models.demos.wormhole.stable_diffusion.tt.ttnn_functional_unet_2d_condition_model_new_conv:__call__:491 - Up block 1
2026-05-29 08:08:39.365 | INFO     | models.demos.wormhole.stable_diffusion.tt.ttnn_functional_unet_2d_condition_model_new_conv:__call__:491 - Up block 2
2026-05-29 08:08:39.373 | INFO     | models.demos.wormhole.stable_diffusion.tt.ttnn_functional_unet_2d_condition_model_new_conv:__call__:491 - Up block 3
2026-05-29 08:08:39.394 | INFO     | models.demos.wormhole.stable_diffusion.tt.ttnn_functional_unet_2d_condition_model_new_conv:__call__:406 - Down block 0
2026-05-29 08:08:39.399 | info     |              Op | act_block_h_override 2 is not a valid override for padded_output_height_ntiles_per_core 7, instead 1 was selected as closest valid option! (conv2d_utils.cpp:401)
2026-05-29 08:08:39.399 | INFO     | models.demos.wormhole.stable_diffusion.tt.ttnn_functional_unet_2d_condition_model_new_conv:__call__:406 - Down block 1
2026-05-29 08:08:39.405 | INFO     | models.demos.wormhole.stable_diffusion.tt.ttnn_functional_unet_2d_condition_model_new_conv:__call__:406 - Down block 2
2026-05-29 08:08:39.408 | INFO     | models.demos.wormhole.stable_diffusion.tt.ttnn_functional_unet_2d_condition_model_new_conv:__call__:406 - Down block 3
2026-05-29 08:08:39.408 | INFO     | models.demos.wormhole.stable_diffusion.tt.ttnn_functional_unet_2d_condition_model_new_conv:__call__:460 - Mid block
2026-05-29 08:08:39.409 | warning  |              Op | Mismatch between computed MemoryConfig(memory_layout=TensorMemoryLayout::BLOCK_SHARDED,buffer_type=BufferType::L1,shard_spec=ShardSpec(grid={[(x=0,y=0) - (x=7,y=3)]},shape={32, 160},orientation=ShardOrientation::ROW_MAJOR),nd_shard_spec=NdShardSpec(shard_shape=Shape([32, 160]),grid={[(x=0,y=0) - (x=7,y=3)]},orientation=ShardOrientation::ROW_MAJOR,shard_distribution_strategy=ShardDistributionStrategy::GRID_2D),created_with_nd_shard_spec=0) and provided MemoryConfig(memory_layout=TensorMemoryLayout::BLOCK_SHARDED,buffer_type=BufferType::L1,shard_spec=ShardSpec(grid={[(x=0,y=0) - (x=7,y=7)]},shape={32, 160},orientation=ShardOrientation::ROW_MAJOR),nd_shard_spec=std::nullopt,created_with_nd_shard_spec=0) mem config. Using computed config. (matmul_op.cpp:1674)
2026-05-29 08:08:39.410 | INFO     | models.demos.wormhole.stable_diffusion.tt.ttnn_functional_unet_2d_condition_model_new_conv:__call__:491 - Up block 0
2026-05-29 08:08:39.412 | INFO     | models.demos.wormhole.stable_diffusion.tt.ttnn_functional_unet_2d_condition_model_new_conv:__call__:491 - Up block 1
2026-05-29 08:08:39.416 | INFO     | models.demos.wormhole.stable_diffusion.tt.ttnn_functional_unet_2d_condition_model_new_conv:__call__:491 - Up block 2
2026-05-29 08:08:39.424 | INFO     | models.demos.wormhole.stable_diffusion.tt.ttnn_functional_unet_2d_condition_model_new_conv:__call__:491 - Up block 3
2026-05-29 08:08:39.445 | INFO     | models.demos.wormhole.stable_diffusion.tt.ttnn_functional_unet_2d_condition_model_new_conv:__call__:406 - Down block 0
2026-05-29 08:08:39.451 | info     |              Op | act_block_h_override 2 is not a valid override for padded_output_height_ntiles_per_core 7, instead 1 was selected as closest valid option! (conv2d_utils.cpp:401)
2026-05-29 08:08:39.451 | INFO     | models.demos.wormhole.stable_diffusion.tt.ttnn_functional_unet_2d_condition_model_new_conv:__call__:406 - Down block 1
2026-05-29 08:08:39.457 | INFO     | models.demos.wormhole.stable_diffusion.tt.ttnn_functional_unet_2d_condition_model_new_conv:__call__:406 - Down block 2
2026-05-29 08:08:39.460 | INFO     | models.demos.wormhole.stable_diffusion.tt.ttnn_functional_unet_2d_condition_model_new_conv:__call__:406 - Down block 3
2026-05-29 08:08:39.461 | INFO     | models.demos.wormhole.stable_diffusion.tt.ttnn_functional_unet_2d_condition_model_new_conv:__call__:460 - Mid block
2026-05-29 08:08:39.462 | warning  |              Op | Mismatch between computed MemoryConfig(memory_layout=TensorMemoryLayout::BLOCK_SHARDED,buffer_type=BufferType::L1,shard_spec=ShardSpec(grid={[(x=0,y=0) - (x=7,y=3)]},shape={32, 160},orientation=ShardOrientation::ROW_MAJOR),nd_shard_spec=NdShardSpec(shard_shape=Shape([32, 160]),grid={[(x=0,y=0) - (x=7,y=3)]},orientation=ShardOrientation::ROW_MAJOR,shard_distribution_strategy=ShardDistributionStrategy::GRID_2D),created_with_nd_shard_spec=0) and provided MemoryConfig(memory_layout=TensorMemoryLayout::BLOCK_SHARDED,buffer_type=BufferType::L1,shard_spec=ShardSpec(grid={[(x=0,y=0) - (x=7,y=7)]},shape={32, 160},orientation=ShardOrientation::ROW_MAJOR),nd_shard_spec=std::nullopt,created_with_nd_shard_spec=0) mem config. Using computed config. (matmul_op.cpp:1674)
2026-05-29 08:08:39.463 | INFO     | models.demos.wormhole.stable_diffusion.tt.ttnn_functional_unet_2d_condition_model_new_conv:__call__:491 - Up block 0
2026-05-29 08:08:39.464 | INFO     | models.demos.wormhole.stable_diffusion.tt.ttnn_functional_unet_2d_condition_model_new_conv:__call__:491 - Up block 1
2026-05-29 08:08:39.469 | INFO     | models.demos.wormhole.stable_diffusion.tt.ttnn_functional_unet_2d_condition_model_new_conv:__call__:491 - Up block 2
2026-05-29 08:08:39.477 | INFO     | models.demos.wormhole.stable_diffusion.tt.ttnn_functional_unet_2d_condition_model_new_conv:__call__:491 - Up block 3
2026-05-29 08:08:39.497 | INFO     | models.demos.wormhole.stable_diffusion.tt.ttnn_functional_unet_2d_condition_model_new_conv:__call__:406 - Down block 0
2026-05-29 08:08:39.503 | info     |              Op | act_block_h_override 2 is not a valid override for padded_output_height_ntiles_per_core 7, instead 1 was selected as closest valid option! (conv2d_utils.cpp:401)
2026-05-29 08:08:39.503 | INFO     | models.demos.wormhole.stable_diffusion.tt.ttnn_functional_unet_2d_condition_model_new_conv:__call__:406 - Down block 1
2026-05-29 08:08:39.509 | INFO     | models.demos.wormhole.stable_diffusion.tt.ttnn_functional_unet_2d_condition_model_new_conv:__call__:406 - Down block 2
2026-05-29 08:08:39.512 | INFO     | models.demos.wormhole.stable_diffusion.tt.ttnn_functional_unet_2d_condition_model_new_conv:__call__:406 - Down block 3
2026-05-29 08:08:39.513 | INFO     | models.demos.wormhole.stable_diffusion.tt.ttnn_functional_unet_2d_condition_model_new_conv:__call__:460 - Mid block
2026-05-29 08:08:39.514 | warning  |              Op | Mismatch between computed MemoryConfig(memory_layout=TensorMemoryLayout::BLOCK_SHARDED,buffer_type=BufferType::L1,shard_spec=ShardSpec(grid={[(x=0,y=0) - (x=7,y=3)]},shape={32, 160},orientation=ShardOrientation::ROW_MAJOR),nd_shard_spec=NdShardSpec(shard_shape=Shape([32, 160]),grid={[(x=0,y=0) - (x=7,y=3)]},orientation=ShardOrientation::ROW_MAJOR,shard_distribution_strategy=ShardDistributionStrategy::GRID_2D),created_with_nd_shard_spec=0) and provided MemoryConfig(memory_layout=TensorMemoryLayout::BLOCK_SHARDED,buffer_type=BufferType::L1,shard_spec=ShardSpec(grid={[(x=0,y=0) - (x=7,y=7)]},shape={32, 160},orientation=ShardOrientation::ROW_MAJOR),nd_shard_spec=std::nullopt,created_with_nd_shard_spec=0) mem config. Using computed config. (matmul_op.cpp:1674)
2026-05-29 08:08:39.515 | INFO     | models.demos.wormhole.stable_diffusion.tt.ttnn_functional_unet_2d_condition_model_new_conv:__call__:491 - Up block 0
2026-05-29 08:08:39.516 | INFO     | models.demos.wormhole.stable_diffusion.tt.ttnn_functional_unet_2d_condition_model_new_conv:__call__:491 - Up block 1
2026-05-29 08:08:39.521 | INFO     | models.demos.wormhole.stable_diffusion.tt.ttnn_functional_unet_2d_condition_model_new_conv:__call__:491 - Up block 2
2026-05-29 08:08:39.529 | INFO     | models.demos.wormhole.stable_diffusion.tt.ttnn_functional_unet_2d_condition_model_new_conv:__call__:491 - Up block 3
2026-05-29 08:08:39.550 | INFO     | models.demos.wormhole.stable_diffusion.tt.ttnn_functional_unet_2d_condition_model_new_conv:__call__:406 - Down block 0
2026-05-29 08:08:39.556 | info     |              Op | act_block_h_override 2 is not a valid override for padded_output_height_ntiles_per_core 7, instead 1 was selected as closest valid option! (conv2d_utils.cpp:401)
2026-05-29 08:08:39.556 | INFO     | models.demos.wormhole.stable_diffusion.tt.ttnn_functional_unet_2d_condition_model_new_conv:__call__:406 - Down block 1
2026-05-29 08:08:39.561 | INFO     | models.demos.wormhole.stable_diffusion.tt.ttnn_functional_unet_2d_condition_model_new_conv:__call__:406 - Down block 2
2026-05-29 08:08:39.564 | INFO     | models.demos.wormhole.stable_diffusion.tt.ttnn_functional_unet_2d_condition_model_new_conv:__call__:406 - Down block 3
2026-05-29 08:08:39.565 | INFO     | models.demos.wormhole.stable_diffusion.tt.ttnn_functional_unet_2d_condition_model_new_conv:__call__:460 - Mid block
2026-05-29 08:08:39.566 | warning  |              Op | Mismatch between computed MemoryConfig(memory_layout=TensorMemoryLayout::BLOCK_SHARDED,buffer_type=BufferType::L1,shard_spec=ShardSpec(grid={[(x=0,y=0) - (x=7,y=3)]},shape={32, 160},orientation=ShardOrientation::ROW_MAJOR),nd_shard_spec=NdShardSpec(shard_shape=Shape([32, 160]),grid={[(x=0,y=0) - (x=7,y=3)]},orientation=ShardOrientation::ROW_MAJOR,shard_distribution_strategy=ShardDistributionStrategy::GRID_2D),created_with_nd_shard_spec=0) and provided MemoryConfig(memory_layout=TensorMemoryLayout::BLOCK_SHARDED,buffer_type=BufferType::L1,shard_spec=ShardSpec(grid={[(x=0,y=0) - (x=7,y=7)]},shape={32, 160},orientation=ShardOrientation::ROW_MAJOR),nd_shard_spec=std::nullopt,created_with_nd_shard_spec=0) mem config. Using computed config. (matmul_op.cpp:1674)
2026-05-29 08:08:39.567 | INFO     | models.demos.wormhole.stable_diffusion.tt.ttnn_functional_unet_2d_condition_model_new_conv:__call__:491 - Up block 0
2026-05-29 08:08:39.568 | INFO     | models.demos.wormhole.stable_diffusion.tt.ttnn_functional_unet_2d_condition_model_new_conv:__call__:491 - Up block 1
2026-05-29 08:08:39.573 | INFO     | models.demos.wormhole.stable_diffusion.tt.ttnn_functional_unet_2d_condition_model_new_conv:__call__:491 - Up block 2
2026-05-29 08:08:39.581 | INFO     | models.demos.wormhole.stable_diffusion.tt.ttnn_functional_unet_2d_condition_model_new_conv:__call__:491 - Up block 3
2026-05-29 08:08:39.602 | INFO     | models.demos.wormhole.stable_diffusion.tt.ttnn_functional_unet_2d_condition_model_new_conv:__call__:406 - Down block 0
2026-05-29 08:08:39.607 | info     |              Op | act_block_h_override 2 is not a valid override for padded_output_height_ntiles_per_core 7, instead 1 was selected as closest valid option! (conv2d_utils.cpp:401)
2026-05-29 08:08:39.608 | INFO     | models.demos.wormhole.stable_diffusion.tt.ttnn_functional_unet_2d_condition_model_new_conv:__call__:406 - Down block 1
2026-05-29 08:08:39.613 | INFO     | models.demos.wormhole.stable_diffusion.tt.ttnn_functional_unet_2d_condition_model_new_conv:__call__:406 - Down block 2
2026-05-29 08:08:39.616 | INFO     | models.demos.wormhole.stable_diffusion.tt.ttnn_functional_unet_2d_condition_model_new_conv:__call__:406 - Down block 3
2026-05-29 08:08:39.617 | INFO     | models.demos.wormhole.stable_diffusion.tt.ttnn_functional_unet_2d_condition_model_new_conv:__call__:460 - Mid block
2026-05-29 08:08:39.617 | warning  |              Op | Mismatch between computed MemoryConfig(memory_layout=TensorMemoryLayout::BLOCK_SHARDED,buffer_type=BufferType::L1,shard_spec=ShardSpec(grid={[(x=0,y=0) - (x=7,y=3)]},shape={32, 160},orientation=ShardOrientation::ROW_MAJOR),nd_shard_spec=NdShardSpec(shard_shape=Shape([32, 160]),grid={[(x=0,y=0) - (x=7,y=3)]},orientation=ShardOrientation::ROW_MAJOR,shard_distribution_strategy=ShardDistributionStrategy::GRID_2D),created_with_nd_shard_spec=0) and provided MemoryConfig(memory_layout=TensorMemoryLayout::BLOCK_SHARDED,buffer_type=BufferType::L1,shard_spec=ShardSpec(grid={[(x=0,y=0) - (x=7,y=7)]},shape={32, 160},orientation=ShardOrientation::ROW_MAJOR),nd_shard_spec=std::nullopt,created_with_nd_shard_spec=0) mem config. Using computed config. (matmul_op.cpp:1674)
2026-05-29 08:08:39.619 | INFO     | models.demos.wormhole.stable_diffusion.tt.ttnn_functional_unet_2d_condition_model_new_conv:__call__:491 - Up block 0
2026-05-29 08:08:39.620 | INFO     | models.demos.wormhole.stable_diffusion.tt.ttnn_functional_unet_2d_condition_model_new_conv:__call__:491 - Up block 1
2026-05-29 08:08:39.625 | INFO     | models.demos.wormhole.stable_diffusion.tt.ttnn_functional_unet_2d_condition_model_new_conv:__call__:491 - Up block 2
2026-05-29 08:08:39.633 | INFO     | models.demos.wormhole.stable_diffusion.tt.ttnn_functional_unet_2d_condition_model_new_conv:__call__:491 - Up block 3
2026-05-29 08:08:39.654 | INFO     | models.demos.wormhole.stable_diffusion.tt.ttnn_functional_unet_2d_condition_model_new_conv:__call__:406 - Down block 0
2026-05-29 08:08:39.660 | info     |              Op | act_block_h_override 2 is not a valid override for padded_output_height_ntiles_per_core 7, instead 1 was selected as closest valid option! (conv2d_utils.cpp:401)
2026-05-29 08:08:39.660 | INFO     | models.demos.wormhole.stable_diffusion.tt.ttnn_functional_unet_2d_condition_model_new_conv:__call__:406 - Down block 1
2026-05-29 08:08:39.665 | INFO     | models.demos.wormhole.stable_diffusion.tt.ttnn_functional_unet_2d_condition_model_new_conv:__call__:406 - Down block 2
2026-05-29 08:08:39.668 | INFO     | models.demos.wormhole.stable_diffusion.tt.ttnn_functional_unet_2d_condition_model_new_conv:__call__:406 - Down block 3
2026-05-29 08:08:39.669 | INFO     | models.demos.wormhole.stable_diffusion.tt.ttnn_functional_unet_2d_condition_model_new_conv:__call__:460 - Mid block
2026-05-29 08:08:39.670 | warning  |              Op | Mismatch between computed MemoryConfig(memory_layout=TensorMemoryLayout::BLOCK_SHARDED,buffer_type=BufferType::L1,shard_spec=ShardSpec(grid={[(x=0,y=0) - (x=7,y=3)]},shape={32, 160},orientation=ShardOrientation::ROW_MAJOR),nd_shard_spec=NdShardSpec(shard_shape=Shape([32, 160]),grid={[(x=0,y=0) - (x=7,y=3)]},orientation=ShardOrientation::ROW_MAJOR,shard_distribution_strategy=ShardDistributionStrategy::GRID_2D),created_with_nd_shard_spec=0) and provided MemoryConfig(memory_layout=TensorMemoryLayout::BLOCK_SHARDED,buffer_type=BufferType::L1,shard_spec=ShardSpec(grid={[(x=0,y=0) - (x=7,y=7)]},shape={32, 160},orientation=ShardOrientation::ROW_MAJOR),nd_shard_spec=std::nullopt,created_with_nd_shard_spec=0) mem config. Using computed config. (matmul_op.cpp:1674)
2026-05-29 08:08:39.671 | INFO     | models.demos.wormhole.stable_diffusion.tt.ttnn_functional_unet_2d_condition_model_new_conv:__call__:491 - Up block 0
2026-05-29 08:08:39.672 | INFO     | models.demos.wormhole.stable_diffusion.tt.ttnn_functional_unet_2d_condition_model_new_conv:__call__:491 - Up block 1
2026-05-29 08:08:39.677 | INFO     | models.demos.wormhole.stable_diffusion.tt.ttnn_functional_unet_2d_condition_model_new_conv:__call__:491 - Up block 2
2026-05-29 08:08:39.685 | INFO     | models.demos.wormhole.stable_diffusion.tt.ttnn_functional_unet_2d_condition_model_new_conv:__call__:491 - Up block 3
  Step 11/41
2026-05-29 08:08:39.708 | INFO     | models.demos.wormhole.stable_diffusion.tt.ttnn_functional_unet_2d_condition_model_new_conv:__call__:406 - Down block 0
2026-05-29 08:08:39.715 | info     |              Op | act_block_h_override 2 is not a valid override for padded_output_height_ntiles_per_core 7, instead 1 was selected as closest valid option! (conv2d_utils.cpp:401)
2026-05-29 08:08:39.715 | INFO     | models.demos.wormhole.stable_diffusion.tt.ttnn_functional_unet_2d_condition_model_new_conv:__call__:406 - Down block 1
2026-05-29 08:08:39.721 | INFO     | models.demos.wormhole.stable_diffusion.tt.ttnn_functional_unet_2d_condition_model_new_conv:__call__:406 - Down block 2
2026-05-29 08:08:39.725 | INFO     | models.demos.wormhole.stable_diffusion.tt.ttnn_functional_unet_2d_condition_model_new_conv:__call__:406 - Down block 3
2026-05-29 08:08:39.726 | INFO     | models.demos.wormhole.stable_diffusion.tt.ttnn_functional_unet_2d_condition_model_new_conv:__call__:460 - Mid block
2026-05-29 08:08:39.726 | warning  |              Op | Mismatch between computed MemoryConfig(memory_layout=TensorMemoryLayout::BLOCK_SHARDED,buffer_type=BufferType::L1,shard_spec=ShardSpec(grid={[(x=0,y=0) - (x=7,y=3)]},shape={32, 160},orientation=ShardOrientation::ROW_MAJOR),nd_shard_spec=NdShardSpec(shard_shape=Shape([32, 160]),grid={[(x=0,y=0) - (x=7,y=3)]},orientation=ShardOrientation::ROW_MAJOR,shard_distribution_strategy=ShardDistributionStrategy::GRID_2D),created_with_nd_shard_spec=0) and provided MemoryConfig(memory_layout=TensorMemoryLayout::BLOCK_SHARDED,buffer_type=BufferType::L1,shard_spec=ShardSpec(grid={[(x=0,y=0) - (x=7,y=7)]},shape={32, 160},orientation=ShardOrientation::ROW_MAJOR),nd_shard_spec=std::nullopt,created_with_nd_shard_spec=0) mem config. Using computed config. (matmul_op.cpp:1674)
2026-05-29 08:08:39.728 | INFO     | models.demos.wormhole.stable_diffusion.tt.ttnn_functional_unet_2d_condition_model_new_conv:__call__:491 - Up block 0
2026-05-29 08:08:39.729 | INFO     | models.demos.wormhole.stable_diffusion.tt.ttnn_functional_unet_2d_condition_model_new_conv:__call__:491 - Up block 1
2026-05-29 08:08:39.734 | INFO     | models.demos.wormhole.stable_diffusion.tt.ttnn_functional_unet_2d_condition_model_new_conv:__call__:491 - Up block 2
2026-05-29 08:08:39.742 | INFO     | models.demos.wormhole.stable_diffusion.tt.ttnn_functional_unet_2d_condition_model_new_conv:__call__:491 - Up block 3
2026-05-29 08:08:39.762 | INFO     | models.demos.wormhole.stable_diffusion.tt.ttnn_functional_unet_2d_condition_model_new_conv:__call__:406 - Down block 0
2026-05-29 08:08:39.768 | info     |              Op | act_block_h_override 2 is not a valid override for padded_output_height_ntiles_per_core 7, instead 1 was selected as closest valid option! (conv2d_utils.cpp:401)
2026-05-29 08:08:39.768 | INFO     | models.demos.wormhole.stable_diffusion.tt.ttnn_functional_unet_2d_condition_model_new_conv:__call__:406 - Down block 1
2026-05-29 08:08:39.773 | INFO     | models.demos.wormhole.stable_diffusion.tt.ttnn_functional_unet_2d_condition_model_new_conv:__call__:406 - Down block 2
2026-05-29 08:08:39.777 | INFO     | models.demos.wormhole.stable_diffusion.tt.ttnn_functional_unet_2d_condition_model_new_conv:__call__:406 - Down block 3
2026-05-29 08:08:39.777 | INFO     | models.demos.wormhole.stable_diffusion.tt.ttnn_functional_unet_2d_condition_model_new_conv:__call__:460 - Mid block
2026-05-29 08:08:39.778 | warning  |              Op | Mismatch between computed MemoryConfig(memory_layout=TensorMemoryLayout::BLOCK_SHARDED,buffer_type=BufferType::L1,shard_spec=ShardSpec(grid={[(x=0,y=0) - (x=7,y=3)]},shape={32, 160},orientation=ShardOrientation::ROW_MAJOR),nd_shard_spec=NdShardSpec(shard_shape=Shape([32, 160]),grid={[(x=0,y=0) - (x=7,y=3)]},orientation=ShardOrientation::ROW_MAJOR,shard_distribution_strategy=ShardDistributionStrategy::GRID_2D),created_with_nd_shard_spec=0) and provided MemoryConfig(memory_layout=TensorMemoryLayout::BLOCK_SHARDED,buffer_type=BufferType::L1,shard_spec=ShardSpec(grid={[(x=0,y=0) - (x=7,y=7)]},shape={32, 160},orientation=ShardOrientation::ROW_MAJOR),nd_shard_spec=std::nullopt,created_with_nd_shard_spec=0) mem config. Using computed config. (matmul_op.cpp:1674)
2026-05-29 08:08:39.779 | INFO     | models.demos.wormhole.stable_diffusion.tt.ttnn_functional_unet_2d_condition_model_new_conv:__call__:491 - Up block 0
2026-05-29 08:08:39.781 | INFO     | models.demos.wormhole.stable_diffusion.tt.ttnn_functional_unet_2d_condition_model_new_conv:__call__:491 - Up block 1
2026-05-29 08:08:39.785 | INFO     | models.demos.wormhole.stable_diffusion.tt.ttnn_functional_unet_2d_condition_model_new_conv:__call__:491 - Up block 2
2026-05-29 08:08:39.793 | INFO     | models.demos.wormhole.stable_diffusion.tt.ttnn_functional_unet_2d_condition_model_new_conv:__call__:491 - Up block 3
2026-05-29 08:08:39.815 | INFO     | models.demos.wormhole.stable_diffusion.tt.ttnn_functional_unet_2d_condition_model_new_conv:__call__:406 - Down block 0
2026-05-29 08:08:39.821 | info     |              Op | act_block_h_override 2 is not a valid override for padded_output_height_ntiles_per_core 7, instead 1 was selected as closest valid option! (conv2d_utils.cpp:401)
2026-05-29 08:08:39.821 | INFO     | models.demos.wormhole.stable_diffusion.tt.ttnn_functional_unet_2d_condition_model_new_conv:__call__:406 - Down block 1
2026-05-29 08:08:39.826 | INFO     | models.demos.wormhole.stable_diffusion.tt.ttnn_functional_unet_2d_condition_model_new_conv:__call__:406 - Down block 2
2026-05-29 08:08:39.830 | INFO     | models.demos.wormhole.stable_diffusion.tt.ttnn_functional_unet_2d_condition_model_new_conv:__call__:406 - Down block 3
2026-05-29 08:08:39.830 | INFO     | models.demos.wormhole.stable_diffusion.tt.ttnn_functional_unet_2d_condition_model_new_conv:__call__:460 - Mid block
2026-05-29 08:08:39.831 | warning  |              Op | Mismatch between computed MemoryConfig(memory_layout=TensorMemoryLayout::BLOCK_SHARDED,buffer_type=BufferType::L1,shard_spec=ShardSpec(grid={[(x=0,y=0) - (x=7,y=3)]},shape={32, 160},orientation=ShardOrientation::ROW_MAJOR),nd_shard_spec=NdShardSpec(shard_shape=Shape([32, 160]),grid={[(x=0,y=0) - (x=7,y=3)]},orientation=ShardOrientation::ROW_MAJOR,shard_distribution_strategy=ShardDistributionStrategy::GRID_2D),created_with_nd_shard_spec=0) and provided MemoryConfig(memory_layout=TensorMemoryLayout::BLOCK_SHARDED,buffer_type=BufferType::L1,shard_spec=ShardSpec(grid={[(x=0,y=0) - (x=7,y=7)]},shape={32, 160},orientation=ShardOrientation::ROW_MAJOR),nd_shard_spec=std::nullopt,created_with_nd_shard_spec=0) mem config. Using computed config. (matmul_op.cpp:1674)
2026-05-29 08:08:39.832 | INFO     | models.demos.wormhole.stable_diffusion.tt.ttnn_functional_unet_2d_condition_model_new_conv:__call__:491 - Up block 0
2026-05-29 08:08:39.833 | INFO     | models.demos.wormhole.stable_diffusion.tt.ttnn_functional_unet_2d_condition_model_new_conv:__call__:491 - Up block 1
2026-05-29 08:08:39.838 | INFO     | models.demos.wormhole.stable_diffusion.tt.ttnn_functional_unet_2d_condition_model_new_conv:__call__:491 - Up block 2
2026-05-29 08:08:39.846 | INFO     | models.demos.wormhole.stable_diffusion.tt.ttnn_functional_unet_2d_condition_model_new_conv:__call__:491 - Up block 3
2026-05-29 08:08:39.867 | INFO     | models.demos.wormhole.stable_diffusion.tt.ttnn_functional_unet_2d_condition_model_new_conv:__call__:406 - Down block 0
2026-05-29 08:08:39.873 | info     |              Op | act_block_h_override 2 is not a valid override for padded_output_height_ntiles_per_core 7, instead 1 was selected as closest valid option! (conv2d_utils.cpp:401)
2026-05-29 08:08:39.873 | INFO     | models.demos.wormhole.stable_diffusion.tt.ttnn_functional_unet_2d_condition_model_new_conv:__call__:406 - Down block 1
2026-05-29 08:08:39.878 | INFO     | models.demos.wormhole.stable_diffusion.tt.ttnn_functional_unet_2d_condition_model_new_conv:__call__:406 - Down block 2
2026-05-29 08:08:39.882 | INFO     | models.demos.wormhole.stable_diffusion.tt.ttnn_functional_unet_2d_condition_model_new_conv:__call__:406 - Down block 3
2026-05-29 08:08:39.882 | INFO     | models.demos.wormhole.stable_diffusion.tt.ttnn_functional_unet_2d_condition_model_new_conv:__call__:460 - Mid block
2026-05-29 08:08:39.883 | warning  |              Op | Mismatch between computed MemoryConfig(memory_layout=TensorMemoryLayout::BLOCK_SHARDED,buffer_type=BufferType::L1,shard_spec=ShardSpec(grid={[(x=0,y=0) - (x=7,y=3)]},shape={32, 160},orientation=ShardOrientation::ROW_MAJOR),nd_shard_spec=NdShardSpec(shard_shape=Shape([32, 160]),grid={[(x=0,y=0) - (x=7,y=3)]},orientation=ShardOrientation::ROW_MAJOR,shard_distribution_strategy=ShardDistributionStrategy::GRID_2D),created_with_nd_shard_spec=0) and provided MemoryConfig(memory_layout=TensorMemoryLayout::BLOCK_SHARDED,buffer_type=BufferType::L1,shard_spec=ShardSpec(grid={[(x=0,y=0) - (x=7,y=7)]},shape={32, 160},orientation=ShardOrientation::ROW_MAJOR),nd_shard_spec=std::nullopt,created_with_nd_shard_spec=0) mem config. Using computed config. (matmul_op.cpp:1674)
2026-05-29 08:08:39.884 | INFO     | models.demos.wormhole.stable_diffusion.tt.ttnn_functional_unet_2d_condition_model_new_conv:__call__:491 - Up block 0
2026-05-29 08:08:39.885 | INFO     | models.demos.wormhole.stable_diffusion.tt.ttnn_functional_unet_2d_condition_model_new_conv:__call__:491 - Up block 1
2026-05-29 08:08:39.890 | INFO     | models.demos.wormhole.stable_diffusion.tt.ttnn_functional_unet_2d_condition_model_new_conv:__call__:491 - Up block 2
2026-05-29 08:08:39.898 | INFO     | models.demos.wormhole.stable_diffusion.tt.ttnn_functional_unet_2d_condition_model_new_conv:__call__:491 - Up block 3
2026-05-29 08:08:39.919 | INFO     | models.demos.wormhole.stable_diffusion.tt.ttnn_functional_unet_2d_condition_model_new_conv:__call__:406 - Down block 0
2026-05-29 08:08:39.924 | info     |              Op | act_block_h_override 2 is not a valid override for padded_output_height_ntiles_per_core 7, instead 1 was selected as closest valid option! (conv2d_utils.cpp:401)
2026-05-29 08:08:39.925 | INFO     | models.demos.wormhole.stable_diffusion.tt.ttnn_functional_unet_2d_condition_model_new_conv:__call__:406 - Down block 1
2026-05-29 08:08:39.930 | INFO     | models.demos.wormhole.stable_diffusion.tt.ttnn_functional_unet_2d_condition_model_new_conv:__call__:406 - Down block 2
2026-05-29 08:08:39.934 | INFO     | models.demos.wormhole.stable_diffusion.tt.ttnn_functional_unet_2d_condition_model_new_conv:__call__:406 - Down block 3
2026-05-29 08:08:39.934 | INFO     | models.demos.wormhole.stable_diffusion.tt.ttnn_functional_unet_2d_condition_model_new_conv:__call__:460 - Mid block
2026-05-29 08:08:39.935 | warning  |              Op | Mismatch between computed MemoryConfig(memory_layout=TensorMemoryLayout::BLOCK_SHARDED,buffer_type=BufferType::L1,shard_spec=ShardSpec(grid={[(x=0,y=0) - (x=7,y=3)]},shape={32, 160},orientation=ShardOrientation::ROW_MAJOR),nd_shard_spec=NdShardSpec(shard_shape=Shape([32, 160]),grid={[(x=0,y=0) - (x=7,y=3)]},orientation=ShardOrientation::ROW_MAJOR,shard_distribution_strategy=ShardDistributionStrategy::GRID_2D),created_with_nd_shard_spec=0) and provided MemoryConfig(memory_layout=TensorMemoryLayout::BLOCK_SHARDED,buffer_type=BufferType::L1,shard_spec=ShardSpec(grid={[(x=0,y=0) - (x=7,y=7)]},shape={32, 160},orientation=ShardOrientation::ROW_MAJOR),nd_shard_spec=std::nullopt,created_with_nd_shard_spec=0) mem config. Using computed config. (matmul_op.cpp:1674)
2026-05-29 08:08:39.936 | INFO     | models.demos.wormhole.stable_diffusion.tt.ttnn_functional_unet_2d_condition_model_new_conv:__call__:491 - Up block 0
2026-05-29 08:08:39.938 | INFO     | models.demos.wormhole.stable_diffusion.tt.ttnn_functional_unet_2d_condition_model_new_conv:__call__:491 - Up block 1
2026-05-29 08:08:39.942 | INFO     | models.demos.wormhole.stable_diffusion.tt.ttnn_functional_unet_2d_condition_model_new_conv:__call__:491 - Up block 2
2026-05-29 08:08:39.950 | INFO     | models.demos.wormhole.stable_diffusion.tt.ttnn_functional_unet_2d_condition_model_new_conv:__call__:491 - Up block 3
2026-05-29 08:08:39.971 | INFO     | models.demos.wormhole.stable_diffusion.tt.ttnn_functional_unet_2d_condition_model_new_conv:__call__:406 - Down block 0
2026-05-29 08:08:39.977 | info     |              Op | act_block_h_override 2 is not a valid override for padded_output_height_ntiles_per_core 7, instead 1 was selected as closest valid option! (conv2d_utils.cpp:401)
2026-05-29 08:08:39.977 | INFO     | models.demos.wormhole.stable_diffusion.tt.ttnn_functional_unet_2d_condition_model_new_conv:__call__:406 - Down block 1
2026-05-29 08:08:39.982 | INFO     | models.demos.wormhole.stable_diffusion.tt.ttnn_functional_unet_2d_condition_model_new_conv:__call__:406 - Down block 2
2026-05-29 08:08:39.986 | INFO     | models.demos.wormhole.stable_diffusion.tt.ttnn_functional_unet_2d_condition_model_new_conv:__call__:406 - Down block 3
2026-05-29 08:08:39.986 | INFO     | models.demos.wormhole.stable_diffusion.tt.ttnn_functional_unet_2d_condition_model_new_conv:__call__:460 - Mid block
2026-05-29 08:08:39.987 | warning  |              Op | Mismatch between computed MemoryConfig(memory_layout=TensorMemoryLayout::BLOCK_SHARDED,buffer_type=BufferType::L1,shard_spec=ShardSpec(grid={[(x=0,y=0) - (x=7,y=3)]},shape={32, 160},orientation=ShardOrientation::ROW_MAJOR),nd_shard_spec=NdShardSpec(shard_shape=Shape([32, 160]),grid={[(x=0,y=0) - (x=7,y=3)]},orientation=ShardOrientation::ROW_MAJOR,shard_distribution_strategy=ShardDistributionStrategy::GRID_2D),created_with_nd_shard_spec=0) and provided MemoryConfig(memory_layout=TensorMemoryLayout::BLOCK_SHARDED,buffer_type=BufferType::L1,shard_spec=ShardSpec(grid={[(x=0,y=0) - (x=7,y=7)]},shape={32, 160},orientation=ShardOrientation::ROW_MAJOR),nd_shard_spec=std::nullopt,created_with_nd_shard_spec=0) mem config. Using computed config. (matmul_op.cpp:1674)
2026-05-29 08:08:39.988 | INFO     | models.demos.wormhole.stable_diffusion.tt.ttnn_functional_unet_2d_condition_model_new_conv:__call__:491 - Up block 0
2026-05-29 08:08:39.989 | INFO     | models.demos.wormhole.stable_diffusion.tt.ttnn_functional_unet_2d_condition_model_new_conv:__call__:491 - Up block 1
2026-05-29 08:08:39.994 | INFO     | models.demos.wormhole.stable_diffusion.tt.ttnn_functional_unet_2d_condition_model_new_conv:__call__:491 - Up block 2
2026-05-29 08:08:40.003 | INFO     | models.demos.wormhole.stable_diffusion.tt.ttnn_functional_unet_2d_condition_model_new_conv:__call__:491 - Up block 3
2026-05-29 08:08:40.023 | INFO     | models.demos.wormhole.stable_diffusion.tt.ttnn_functional_unet_2d_condition_model_new_conv:__call__:406 - Down block 0
2026-05-29 08:08:40.028 | info     |              Op | act_block_h_override 2 is not a valid override for padded_output_height_ntiles_per_core 7, instead 1 was selected as closest valid option! (conv2d_utils.cpp:401)
2026-05-29 08:08:40.028 | INFO     | models.demos.wormhole.stable_diffusion.tt.ttnn_functional_unet_2d_condition_model_new_conv:__call__:406 - Down block 1
2026-05-29 08:08:40.035 | INFO     | models.demos.wormhole.stable_diffusion.tt.ttnn_functional_unet_2d_condition_model_new_conv:__call__:406 - Down block 2
2026-05-29 08:08:40.038 | INFO     | models.demos.wormhole.stable_diffusion.tt.ttnn_functional_unet_2d_condition_model_new_conv:__call__:406 - Down block 3
2026-05-29 08:08:40.039 | INFO     | models.demos.wormhole.stable_diffusion.tt.ttnn_functional_unet_2d_condition_model_new_conv:__call__:460 - Mid block
2026-05-29 08:08:40.039 | warning  |              Op | Mismatch between computed MemoryConfig(memory_layout=TensorMemoryLayout::BLOCK_SHARDED,buffer_type=BufferType::L1,shard_spec=ShardSpec(grid={[(x=0,y=0) - (x=7,y=3)]},shape={32, 160},orientation=ShardOrientation::ROW_MAJOR),nd_shard_spec=NdShardSpec(shard_shape=Shape([32, 160]),grid={[(x=0,y=0) - (x=7,y=3)]},orientation=ShardOrientation::ROW_MAJOR,shard_distribution_strategy=ShardDistributionStrategy::GRID_2D),created_with_nd_shard_spec=0) and provided MemoryConfig(memory_layout=TensorMemoryLayout::BLOCK_SHARDED,buffer_type=BufferType::L1,shard_spec=ShardSpec(grid={[(x=0,y=0) - (x=7,y=7)]},shape={32, 160},orientation=ShardOrientation::ROW_MAJOR),nd_shard_spec=std::nullopt,created_with_nd_shard_spec=0) mem config. Using computed config. (matmul_op.cpp:1674)
2026-05-29 08:08:40.041 | INFO     | models.demos.wormhole.stable_diffusion.tt.ttnn_functional_unet_2d_condition_model_new_conv:__call__:491 - Up block 0
2026-05-29 08:08:40.042 | INFO     | models.demos.wormhole.stable_diffusion.tt.ttnn_functional_unet_2d_condition_model_new_conv:__call__:491 - Up block 1
2026-05-29 08:08:40.047 | INFO     | models.demos.wormhole.stable_diffusion.tt.ttnn_functional_unet_2d_condition_model_new_conv:__call__:491 - Up block 2
2026-05-29 08:08:40.055 | INFO     | models.demos.wormhole.stable_diffusion.tt.ttnn_functional_unet_2d_condition_model_new_conv:__call__:491 - Up block 3
2026-05-29 08:08:40.075 | INFO     | models.demos.wormhole.stable_diffusion.tt.ttnn_functional_unet_2d_condition_model_new_conv:__call__:406 - Down block 0
2026-05-29 08:08:40.081 | info     |              Op | act_block_h_override 2 is not a valid override for padded_output_height_ntiles_per_core 7, instead 1 was selected as closest valid option! (conv2d_utils.cpp:401)
2026-05-29 08:08:40.081 | INFO     | models.demos.wormhole.stable_diffusion.tt.ttnn_functional_unet_2d_condition_model_new_conv:__call__:406 - Down block 1
2026-05-29 08:08:40.087 | INFO     | models.demos.wormhole.stable_diffusion.tt.ttnn_functional_unet_2d_condition_model_new_conv:__call__:406 - Down block 2
2026-05-29 08:08:40.090 | INFO     | models.demos.wormhole.stable_diffusion.tt.ttnn_functional_unet_2d_condition_model_new_conv:__call__:406 - Down block 3
2026-05-29 08:08:40.091 | INFO     | models.demos.wormhole.stable_diffusion.tt.ttnn_functional_unet_2d_condition_model_new_conv:__call__:460 - Mid block
2026-05-29 08:08:40.091 | warning  |              Op | Mismatch between computed MemoryConfig(memory_layout=TensorMemoryLayout::BLOCK_SHARDED,buffer_type=BufferType::L1,shard_spec=ShardSpec(grid={[(x=0,y=0) - (x=7,y=3)]},shape={32, 160},orientation=ShardOrientation::ROW_MAJOR),nd_shard_spec=NdShardSpec(shard_shape=Shape([32, 160]),grid={[(x=0,y=0) - (x=7,y=3)]},orientation=ShardOrientation::ROW_MAJOR,shard_distribution_strategy=ShardDistributionStrategy::GRID_2D),created_with_nd_shard_spec=0) and provided MemoryConfig(memory_layout=TensorMemoryLayout::BLOCK_SHARDED,buffer_type=BufferType::L1,shard_spec=ShardSpec(grid={[(x=0,y=0) - (x=7,y=7)]},shape={32, 160},orientation=ShardOrientation::ROW_MAJOR),nd_shard_spec=std::nullopt,created_with_nd_shard_spec=0) mem config. Using computed config. (matmul_op.cpp:1674)
2026-05-29 08:08:40.093 | INFO     | models.demos.wormhole.stable_diffusion.tt.ttnn_functional_unet_2d_condition_model_new_conv:__call__:491 - Up block 0
2026-05-29 08:08:40.094 | INFO     | models.demos.wormhole.stable_diffusion.tt.ttnn_functional_unet_2d_condition_model_new_conv:__call__:491 - Up block 1
2026-05-29 08:08:40.099 | INFO     | models.demos.wormhole.stable_diffusion.tt.ttnn_functional_unet_2d_condition_model_new_conv:__call__:491 - Up block 2
2026-05-29 08:08:40.107 | INFO     | models.demos.wormhole.stable_diffusion.tt.ttnn_functional_unet_2d_condition_model_new_conv:__call__:491 - Up block 3
  Step 12/41
2026-05-29 08:08:40.129 | INFO     | models.demos.wormhole.stable_diffusion.tt.ttnn_functional_unet_2d_condition_model_new_conv:__call__:406 - Down block 0
2026-05-29 08:08:40.138 | info     |              Op | act_block_h_override 2 is not a valid override for padded_output_height_ntiles_per_core 7, instead 1 was selected as closest valid option! (conv2d_utils.cpp:401)
2026-05-29 08:08:40.138 | INFO     | models.demos.wormhole.stable_diffusion.tt.ttnn_functional_unet_2d_condition_model_new_conv:__call__:406 - Down block 1
2026-05-29 08:08:40.147 | INFO     | models.demos.wormhole.stable_diffusion.tt.ttnn_functional_unet_2d_condition_model_new_conv:__call__:406 - Down block 2
2026-05-29 08:08:40.150 | INFO     | models.demos.wormhole.stable_diffusion.tt.ttnn_functional_unet_2d_condition_model_new_conv:__call__:406 - Down block 3
2026-05-29 08:08:40.151 | INFO     | models.demos.wormhole.stable_diffusion.tt.ttnn_functional_unet_2d_condition_model_new_conv:__call__:460 - Mid block
2026-05-29 08:08:40.151 | warning  |              Op | Mismatch between computed MemoryConfig(memory_layout=TensorMemoryLayout::BLOCK_SHARDED,buffer_type=BufferType::L1,shard_spec=ShardSpec(grid={[(x=0,y=0) - (x=7,y=3)]},shape={32, 160},orientation=ShardOrientation::ROW_MAJOR),nd_shard_spec=NdShardSpec(shard_shape=Shape([32, 160]),grid={[(x=0,y=0) - (x=7,y=3)]},orientation=ShardOrientation::ROW_MAJOR,shard_distribution_strategy=ShardDistributionStrategy::GRID_2D),created_with_nd_shard_spec=0) and provided MemoryConfig(memory_layout=TensorMemoryLayout::BLOCK_SHARDED,buffer_type=BufferType::L1,shard_spec=ShardSpec(grid={[(x=0,y=0) - (x=7,y=7)]},shape={32, 160},orientation=ShardOrientation::ROW_MAJOR),nd_shard_spec=std::nullopt,created_with_nd_shard_spec=0) mem config. Using computed config. (matmul_op.cpp:1674)
2026-05-29 08:08:40.153 | INFO     | models.demos.wormhole.stable_diffusion.tt.ttnn_functional_unet_2d_condition_model_new_conv:__call__:491 - Up block 0
2026-05-29 08:08:40.154 | INFO     | models.demos.wormhole.stable_diffusion.tt.ttnn_functional_unet_2d_condition_model_new_conv:__call__:491 - Up block 1
2026-05-29 08:08:40.159 | INFO     | models.demos.wormhole.stable_diffusion.tt.ttnn_functional_unet_2d_condition_model_new_conv:__call__:491 - Up block 2
2026-05-29 08:08:40.168 | INFO     | models.demos.wormhole.stable_diffusion.tt.ttnn_functional_unet_2d_condition_model_new_conv:__call__:491 - Up block 3
2026-05-29 08:08:40.188 | INFO     | models.demos.wormhole.stable_diffusion.tt.ttnn_functional_unet_2d_condition_model_new_conv:__call__:406 - Down block 0
2026-05-29 08:08:40.195 | info     |              Op | act_block_h_override 2 is not a valid override for padded_output_height_ntiles_per_core 7, instead 1 was selected as closest valid option! (conv2d_utils.cpp:401)
2026-05-29 08:08:40.195 | INFO     | models.demos.wormhole.stable_diffusion.tt.ttnn_functional_unet_2d_condition_model_new_conv:__call__:406 - Down block 1
2026-05-29 08:08:40.200 | INFO     | models.demos.wormhole.stable_diffusion.tt.ttnn_functional_unet_2d_condition_model_new_conv:__call__:406 - Down block 2
2026-05-29 08:08:40.204 | INFO     | models.demos.wormhole.stable_diffusion.tt.ttnn_functional_unet_2d_condition_model_new_conv:__call__:406 - Down block 3
2026-05-29 08:08:40.205 | INFO     | models.demos.wormhole.stable_diffusion.tt.ttnn_functional_unet_2d_condition_model_new_conv:__call__:460 - Mid block
2026-05-29 08:08:40.205 | warning  |              Op | Mismatch between computed MemoryConfig(memory_layout=TensorMemoryLayout::BLOCK_SHARDED,buffer_type=BufferType::L1,shard_spec=ShardSpec(grid={[(x=0,y=0) - (x=7,y=3)]},shape={32, 160},orientation=ShardOrientation::ROW_MAJOR),nd_shard_spec=NdShardSpec(shard_shape=Shape([32, 160]),grid={[(x=0,y=0) - (x=7,y=3)]},orientation=ShardOrientation::ROW_MAJOR,shard_distribution_strategy=ShardDistributionStrategy::GRID_2D),created_with_nd_shard_spec=0) and provided MemoryConfig(memory_layout=TensorMemoryLayout::BLOCK_SHARDED,buffer_type=BufferType::L1,shard_spec=ShardSpec(grid={[(x=0,y=0) - (x=7,y=7)]},shape={32, 160},orientation=ShardOrientation::ROW_MAJOR),nd_shard_spec=std::nullopt,created_with_nd_shard_spec=0) mem config. Using computed config. (matmul_op.cpp:1674)
2026-05-29 08:08:40.206 | INFO     | models.demos.wormhole.stable_diffusion.tt.ttnn_functional_unet_2d_condition_model_new_conv:__call__:491 - Up block 0
2026-05-29 08:08:40.208 | INFO     | models.demos.wormhole.stable_diffusion.tt.ttnn_functional_unet_2d_condition_model_new_conv:__call__:491 - Up block 1
2026-05-29 08:08:40.212 | INFO     | models.demos.wormhole.stable_diffusion.tt.ttnn_functional_unet_2d_condition_model_new_conv:__call__:491 - Up block 2
2026-05-29 08:08:40.220 | INFO     | models.demos.wormhole.stable_diffusion.tt.ttnn_functional_unet_2d_condition_model_new_conv:__call__:491 - Up block 3
2026-05-29 08:08:40.240 | INFO     | models.demos.wormhole.stable_diffusion.tt.ttnn_functional_unet_2d_condition_model_new_conv:__call__:406 - Down block 0
2026-05-29 08:08:40.246 | info     |              Op | act_block_h_override 2 is not a valid override for padded_output_height_ntiles_per_core 7, instead 1 was selected as closest valid option! (conv2d_utils.cpp:401)
2026-05-29 08:08:40.246 | INFO     | models.demos.wormhole.stable_diffusion.tt.ttnn_functional_unet_2d_condition_model_new_conv:__call__:406 - Down block 1
2026-05-29 08:08:40.252 | INFO     | models.demos.wormhole.stable_diffusion.tt.ttnn_functional_unet_2d_condition_model_new_conv:__call__:406 - Down block 2
2026-05-29 08:08:40.256 | INFO     | models.demos.wormhole.stable_diffusion.tt.ttnn_functional_unet_2d_condition_model_new_conv:__call__:406 - Down block 3
2026-05-29 08:08:40.257 | INFO     | models.demos.wormhole.stable_diffusion.tt.ttnn_functional_unet_2d_condition_model_new_conv:__call__:460 - Mid block
2026-05-29 08:08:40.257 | warning  |              Op | Mismatch between computed MemoryConfig(memory_layout=TensorMemoryLayout::BLOCK_SHARDED,buffer_type=BufferType::L1,shard_spec=ShardSpec(grid={[(x=0,y=0) - (x=7,y=3)]},shape={32, 160},orientation=ShardOrientation::ROW_MAJOR),nd_shard_spec=NdShardSpec(shard_shape=Shape([32, 160]),grid={[(x=0,y=0) - (x=7,y=3)]},orientation=ShardOrientation::ROW_MAJOR,shard_distribution_strategy=ShardDistributionStrategy::GRID_2D),created_with_nd_shard_spec=0) and provided MemoryConfig(memory_layout=TensorMemoryLayout::BLOCK_SHARDED,buffer_type=BufferType::L1,shard_spec=ShardSpec(grid={[(x=0,y=0) - (x=7,y=7)]},shape={32, 160},orientation=ShardOrientation::ROW_MAJOR),nd_shard_spec=std::nullopt,created_with_nd_shard_spec=0) mem config. Using computed config. (matmul_op.cpp:1674)
2026-05-29 08:08:40.259 | INFO     | models.demos.wormhole.stable_diffusion.tt.ttnn_functional_unet_2d_condition_model_new_conv:__call__:491 - Up block 0
2026-05-29 08:08:40.260 | INFO     | models.demos.wormhole.stable_diffusion.tt.ttnn_functional_unet_2d_condition_model_new_conv:__call__:491 - Up block 1
2026-05-29 08:08:40.265 | INFO     | models.demos.wormhole.stable_diffusion.tt.ttnn_functional_unet_2d_condition_model_new_conv:__call__:491 - Up block 2
2026-05-29 08:08:40.274 | INFO     | models.demos.wormhole.stable_diffusion.tt.ttnn_functional_unet_2d_condition_model_new_conv:__call__:491 - Up block 3
2026-05-29 08:08:40.294 | INFO     | models.demos.wormhole.stable_diffusion.tt.ttnn_functional_unet_2d_condition_model_new_conv:__call__:406 - Down block 0
2026-05-29 08:08:40.301 | info     |              Op | act_block_h_override 2 is not a valid override for padded_output_height_ntiles_per_core 7, instead 1 was selected as closest valid option! (conv2d_utils.cpp:401)
2026-05-29 08:08:40.301 | INFO     | models.demos.wormhole.stable_diffusion.tt.ttnn_functional_unet_2d_condition_model_new_conv:__call__:406 - Down block 1
2026-05-29 08:08:40.307 | INFO     | models.demos.wormhole.stable_diffusion.tt.ttnn_functional_unet_2d_condition_model_new_conv:__call__:406 - Down block 2
2026-05-29 08:08:40.310 | INFO     | models.demos.wormhole.stable_diffusion.tt.ttnn_functional_unet_2d_condition_model_new_conv:__call__:406 - Down block 3
2026-05-29 08:08:40.311 | INFO     | models.demos.wormhole.stable_diffusion.tt.ttnn_functional_unet_2d_condition_model_new_conv:__call__:460 - Mid block
2026-05-29 08:08:40.312 | warning  |              Op | Mismatch between computed MemoryConfig(memory_layout=TensorMemoryLayout::BLOCK_SHARDED,buffer_type=BufferType::L1,shard_spec=ShardSpec(grid={[(x=0,y=0) - (x=7,y=3)]},shape={32, 160},orientation=ShardOrientation::ROW_MAJOR),nd_shard_spec=NdShardSpec(shard_shape=Shape([32, 160]),grid={[(x=0,y=0) - (x=7,y=3)]},orientation=ShardOrientation::ROW_MAJOR,shard_distribution_strategy=ShardDistributionStrategy::GRID_2D),created_with_nd_shard_spec=0) and provided MemoryConfig(memory_layout=TensorMemoryLayout::BLOCK_SHARDED,buffer_type=BufferType::L1,shard_spec=ShardSpec(grid={[(x=0,y=0) - (x=7,y=7)]},shape={32, 160},orientation=ShardOrientation::ROW_MAJOR),nd_shard_spec=std::nullopt,created_with_nd_shard_spec=0) mem config. Using computed config. (matmul_op.cpp:1674)
2026-05-29 08:08:40.313 | INFO     | models.demos.wormhole.stable_diffusion.tt.ttnn_functional_unet_2d_condition_model_new_conv:__call__:491 - Up block 0
2026-05-29 08:08:40.314 | INFO     | models.demos.wormhole.stable_diffusion.tt.ttnn_functional_unet_2d_condition_model_new_conv:__call__:491 - Up block 1
2026-05-29 08:08:40.319 | INFO     | models.demos.wormhole.stable_diffusion.tt.ttnn_functional_unet_2d_condition_model_new_conv:__call__:491 - Up block 2
2026-05-29 08:08:40.328 | INFO     | models.demos.wormhole.stable_diffusion.tt.ttnn_functional_unet_2d_condition_model_new_conv:__call__:491 - Up block 3
2026-05-29 08:08:40.348 | INFO     | models.demos.wormhole.stable_diffusion.tt.ttnn_functional_unet_2d_condition_model_new_conv:__call__:406 - Down block 0
2026-05-29 08:08:40.354 | info     |              Op | act_block_h_override 2 is not a valid override for padded_output_height_ntiles_per_core 7, instead 1 was selected as closest valid option! (conv2d_utils.cpp:401)
2026-05-29 08:08:40.354 | INFO     | models.demos.wormhole.stable_diffusion.tt.ttnn_functional_unet_2d_condition_model_new_conv:__call__:406 - Down block 1
2026-05-29 08:08:40.359 | INFO     | models.demos.wormhole.stable_diffusion.tt.ttnn_functional_unet_2d_condition_model_new_conv:__call__:406 - Down block 2
2026-05-29 08:08:40.363 | INFO     | models.demos.wormhole.stable_diffusion.tt.ttnn_functional_unet_2d_condition_model_new_conv:__call__:406 - Down block 3
2026-05-29 08:08:40.364 | INFO     | models.demos.wormhole.stable_diffusion.tt.ttnn_functional_unet_2d_condition_model_new_conv:__call__:460 - Mid block
2026-05-29 08:08:40.364 | warning  |              Op | Mismatch between computed MemoryConfig(memory_layout=TensorMemoryLayout::BLOCK_SHARDED,buffer_type=BufferType::L1,shard_spec=ShardSpec(grid={[(x=0,y=0) - (x=7,y=3)]},shape={32, 160},orientation=ShardOrientation::ROW_MAJOR),nd_shard_spec=NdShardSpec(shard_shape=Shape([32, 160]),grid={[(x=0,y=0) - (x=7,y=3)]},orientation=ShardOrientation::ROW_MAJOR,shard_distribution_strategy=ShardDistributionStrategy::GRID_2D),created_with_nd_shard_spec=0) and provided MemoryConfig(memory_layout=TensorMemoryLayout::BLOCK_SHARDED,buffer_type=BufferType::L1,shard_spec=ShardSpec(grid={[(x=0,y=0) - (x=7,y=7)]},shape={32, 160},orientation=ShardOrientation::ROW_MAJOR),nd_shard_spec=std::nullopt,created_with_nd_shard_spec=0) mem config. Using computed config. (matmul_op.cpp:1674)
2026-05-29 08:08:40.366 | INFO     | models.demos.wormhole.stable_diffusion.tt.ttnn_functional_unet_2d_condition_model_new_conv:__call__:491 - Up block 0
2026-05-29 08:08:40.368 | INFO     | models.demos.wormhole.stable_diffusion.tt.ttnn_functional_unet_2d_condition_model_new_conv:__call__:491 - Up block 1
2026-05-29 08:08:40.373 | INFO     | models.demos.wormhole.stable_diffusion.tt.ttnn_functional_unet_2d_condition_model_new_conv:__call__:491 - Up block 2
2026-05-29 08:08:40.382 | INFO     | models.demos.wormhole.stable_diffusion.tt.ttnn_functional_unet_2d_condition_model_new_conv:__call__:491 - Up block 3
2026-05-29 08:08:40.402 | INFO     | models.demos.wormhole.stable_diffusion.tt.ttnn_functional_unet_2d_condition_model_new_conv:__call__:406 - Down block 0
2026-05-29 08:08:40.408 | info     |              Op | act_block_h_override 2 is not a valid override for padded_output_height_ntiles_per_core 7, instead 1 was selected as closest valid option! (conv2d_utils.cpp:401)
2026-05-29 08:08:40.408 | INFO     | models.demos.wormhole.stable_diffusion.tt.ttnn_functional_unet_2d_condition_model_new_conv:__call__:406 - Down block 1
2026-05-29 08:08:40.414 | INFO     | models.demos.wormhole.stable_diffusion.tt.ttnn_functional_unet_2d_condition_model_new_conv:__call__:406 - Down block 2
2026-05-29 08:08:40.418 | INFO     | models.demos.wormhole.stable_diffusion.tt.ttnn_functional_unet_2d_condition_model_new_conv:__call__:406 - Down block 3
2026-05-29 08:08:40.419 | INFO     | models.demos.wormhole.stable_diffusion.tt.ttnn_functional_unet_2d_condition_model_new_conv:__call__:460 - Mid block
2026-05-29 08:08:40.419 | warning  |              Op | Mismatch between computed MemoryConfig(memory_layout=TensorMemoryLayout::BLOCK_SHARDED,buffer_type=BufferType::L1,shard_spec=ShardSpec(grid={[(x=0,y=0) - (x=7,y=3)]},shape={32, 160},orientation=ShardOrientation::ROW_MAJOR),nd_shard_spec=NdShardSpec(shard_shape=Shape([32, 160]),grid={[(x=0,y=0) - (x=7,y=3)]},orientation=ShardOrientation::ROW_MAJOR,shard_distribution_strategy=ShardDistributionStrategy::GRID_2D),created_with_nd_shard_spec=0) and provided MemoryConfig(memory_layout=TensorMemoryLayout::BLOCK_SHARDED,buffer_type=BufferType::L1,shard_spec=ShardSpec(grid={[(x=0,y=0) - (x=7,y=7)]},shape={32, 160},orientation=ShardOrientation::ROW_MAJOR),nd_shard_spec=std::nullopt,created_with_nd_shard_spec=0) mem config. Using computed config. (matmul_op.cpp:1674)
2026-05-29 08:08:40.421 | INFO     | models.demos.wormhole.stable_diffusion.tt.ttnn_functional_unet_2d_condition_model_new_conv:__call__:491 - Up block 0
2026-05-29 08:08:40.422 | INFO     | models.demos.wormhole.stable_diffusion.tt.ttnn_functional_unet_2d_condition_model_new_conv:__call__:491 - Up block 1
2026-05-29 08:08:40.427 | INFO     | models.demos.wormhole.stable_diffusion.tt.ttnn_functional_unet_2d_condition_model_new_conv:__call__:491 - Up block 2
2026-05-29 08:08:40.436 | INFO     | models.demos.wormhole.stable_diffusion.tt.ttnn_functional_unet_2d_condition_model_new_conv:__call__:491 - Up block 3
2026-05-29 08:08:40.456 | INFO     | models.demos.wormhole.stable_diffusion.tt.ttnn_functional_unet_2d_condition_model_new_conv:__call__:406 - Down block 0
2026-05-29 08:08:40.463 | info     |              Op | act_block_h_override 2 is not a valid override for padded_output_height_ntiles_per_core 7, instead 1 was selected as closest valid option! (conv2d_utils.cpp:401)
2026-05-29 08:08:40.463 | INFO     | models.demos.wormhole.stable_diffusion.tt.ttnn_functional_unet_2d_condition_model_new_conv:__call__:406 - Down block 1
2026-05-29 08:08:40.470 | INFO     | models.demos.wormhole.stable_diffusion.tt.ttnn_functional_unet_2d_condition_model_new_conv:__call__:406 - Down block 2
2026-05-29 08:08:40.473 | INFO     | models.demos.wormhole.stable_diffusion.tt.ttnn_functional_unet_2d_condition_model_new_conv:__call__:406 - Down block 3
2026-05-29 08:08:40.474 | INFO     | models.demos.wormhole.stable_diffusion.tt.ttnn_functional_unet_2d_condition_model_new_conv:__call__:460 - Mid block
2026-05-29 08:08:40.474 | warning  |              Op | Mismatch between computed MemoryConfig(memory_layout=TensorMemoryLayout::BLOCK_SHARDED,buffer_type=BufferType::L1,shard_spec=ShardSpec(grid={[(x=0,y=0) - (x=7,y=3)]},shape={32, 160},orientation=ShardOrientation::ROW_MAJOR),nd_shard_spec=NdShardSpec(shard_shape=Shape([32, 160]),grid={[(x=0,y=0) - (x=7,y=3)]},orientation=ShardOrientation::ROW_MAJOR,shard_distribution_strategy=ShardDistributionStrategy::GRID_2D),created_with_nd_shard_spec=0) and provided MemoryConfig(memory_layout=TensorMemoryLayout::BLOCK_SHARDED,buffer_type=BufferType::L1,shard_spec=ShardSpec(grid={[(x=0,y=0) - (x=7,y=7)]},shape={32, 160},orientation=ShardOrientation::ROW_MAJOR),nd_shard_spec=std::nullopt,created_with_nd_shard_spec=0) mem config. Using computed config. (matmul_op.cpp:1674)
2026-05-29 08:08:40.476 | INFO     | models.demos.wormhole.stable_diffusion.tt.ttnn_functional_unet_2d_condition_model_new_conv:__call__:491 - Up block 0
2026-05-29 08:08:40.477 | INFO     | models.demos.wormhole.stable_diffusion.tt.ttnn_functional_unet_2d_condition_model_new_conv:__call__:491 - Up block 1
2026-05-29 08:08:40.482 | INFO     | models.demos.wormhole.stable_diffusion.tt.ttnn_functional_unet_2d_condition_model_new_conv:__call__:491 - Up block 2
2026-05-29 08:08:40.490 | INFO     | models.demos.wormhole.stable_diffusion.tt.ttnn_functional_unet_2d_condition_model_new_conv:__call__:491 - Up block 3
2026-05-29 08:08:40.510 | INFO     | models.demos.wormhole.stable_diffusion.tt.ttnn_functional_unet_2d_condition_model_new_conv:__call__:406 - Down block 0
2026-05-29 08:08:40.516 | info     |              Op | act_block_h_override 2 is not a valid override for padded_output_height_ntiles_per_core 7, instead 1 was selected as closest valid option! (conv2d_utils.cpp:401)
2026-05-29 08:08:40.516 | INFO     | models.demos.wormhole.stable_diffusion.tt.ttnn_functional_unet_2d_condition_model_new_conv:__call__:406 - Down block 1
2026-05-29 08:08:40.522 | INFO     | models.demos.wormhole.stable_diffusion.tt.ttnn_functional_unet_2d_condition_model_new_conv:__call__:406 - Down block 2
2026-05-29 08:08:40.526 | INFO     | models.demos.wormhole.stable_diffusion.tt.ttnn_functional_unet_2d_condition_model_new_conv:__call__:406 - Down block 3
2026-05-29 08:08:40.526 | INFO     | models.demos.wormhole.stable_diffusion.tt.ttnn_functional_unet_2d_condition_model_new_conv:__call__:460 - Mid block
2026-05-29 08:08:40.527 | warning  |              Op | Mismatch between computed MemoryConfig(memory_layout=TensorMemoryLayout::BLOCK_SHARDED,buffer_type=BufferType::L1,shard_spec=ShardSpec(grid={[(x=0,y=0) - (x=7,y=3)]},shape={32, 160},orientation=ShardOrientation::ROW_MAJOR),nd_shard_spec=NdShardSpec(shard_shape=Shape([32, 160]),grid={[(x=0,y=0) - (x=7,y=3)]},orientation=ShardOrientation::ROW_MAJOR,shard_distribution_strategy=ShardDistributionStrategy::GRID_2D),created_with_nd_shard_spec=0) and provided MemoryConfig(memory_layout=TensorMemoryLayout::BLOCK_SHARDED,buffer_type=BufferType::L1,shard_spec=ShardSpec(grid={[(x=0,y=0) - (x=7,y=7)]},shape={32, 160},orientation=ShardOrientation::ROW_MAJOR),nd_shard_spec=std::nullopt,created_with_nd_shard_spec=0) mem config. Using computed config. (matmul_op.cpp:1674)
2026-05-29 08:08:40.528 | INFO     | models.demos.wormhole.stable_diffusion.tt.ttnn_functional_unet_2d_condition_model_new_conv:__call__:491 - Up block 0
2026-05-29 08:08:40.530 | INFO     | models.demos.wormhole.stable_diffusion.tt.ttnn_functional_unet_2d_condition_model_new_conv:__call__:491 - Up block 1
2026-05-29 08:08:40.534 | INFO     | models.demos.wormhole.stable_diffusion.tt.ttnn_functional_unet_2d_condition_model_new_conv:__call__:491 - Up block 2
2026-05-29 08:08:40.543 | INFO     | models.demos.wormhole.stable_diffusion.tt.ttnn_functional_unet_2d_condition_model_new_conv:__call__:491 - Up block 3
  Step 13/41
2026-05-29 08:08:40.565 | INFO     | models.demos.wormhole.stable_diffusion.tt.ttnn_functional_unet_2d_condition_model_new_conv:__call__:406 - Down block 0
2026-05-29 08:08:40.571 | info     |              Op | act_block_h_override 2 is not a valid override for padded_output_height_ntiles_per_core 7, instead 1 was selected as closest valid option! (conv2d_utils.cpp:401)
2026-05-29 08:08:40.571 | INFO     | models.demos.wormhole.stable_diffusion.tt.ttnn_functional_unet_2d_condition_model_new_conv:__call__:406 - Down block 1
2026-05-29 08:08:40.577 | INFO     | models.demos.wormhole.stable_diffusion.tt.ttnn_functional_unet_2d_condition_model_new_conv:__call__:406 - Down block 2
2026-05-29 08:08:40.580 | INFO     | models.demos.wormhole.stable_diffusion.tt.ttnn_functional_unet_2d_condition_model_new_conv:__call__:406 - Down block 3
2026-05-29 08:08:40.581 | INFO     | models.demos.wormhole.stable_diffusion.tt.ttnn_functional_unet_2d_condition_model_new_conv:__call__:460 - Mid block
2026-05-29 08:08:40.582 | warning  |              Op | Mismatch between computed MemoryConfig(memory_layout=TensorMemoryLayout::BLOCK_SHARDED,buffer_type=BufferType::L1,shard_spec=ShardSpec(grid={[(x=0,y=0) - (x=7,y=3)]},shape={32, 160},orientation=ShardOrientation::ROW_MAJOR),nd_shard_spec=NdShardSpec(shard_shape=Shape([32, 160]),grid={[(x=0,y=0) - (x=7,y=3)]},orientation=ShardOrientation::ROW_MAJOR,shard_distribution_strategy=ShardDistributionStrategy::GRID_2D),created_with_nd_shard_spec=0) and provided MemoryConfig(memory_layout=TensorMemoryLayout::BLOCK_SHARDED,buffer_type=BufferType::L1,shard_spec=ShardSpec(grid={[(x=0,y=0) - (x=7,y=7)]},shape={32, 160},orientation=ShardOrientation::ROW_MAJOR),nd_shard_spec=std::nullopt,created_with_nd_shard_spec=0) mem config. Using computed config. (matmul_op.cpp:1674)
2026-05-29 08:08:40.583 | INFO     | models.demos.wormhole.stable_diffusion.tt.ttnn_functional_unet_2d_condition_model_new_conv:__call__:491 - Up block 0
2026-05-29 08:08:40.584 | INFO     | models.demos.wormhole.stable_diffusion.tt.ttnn_functional_unet_2d_condition_model_new_conv:__call__:491 - Up block 1
2026-05-29 08:08:40.589 | INFO     | models.demos.wormhole.stable_diffusion.tt.ttnn_functional_unet_2d_condition_model_new_conv:__call__:491 - Up block 2
2026-05-29 08:08:40.597 | INFO     | models.demos.wormhole.stable_diffusion.tt.ttnn_functional_unet_2d_condition_model_new_conv:__call__:491 - Up block 3
2026-05-29 08:08:40.617 | INFO     | models.demos.wormhole.stable_diffusion.tt.ttnn_functional_unet_2d_condition_model_new_conv:__call__:406 - Down block 0
2026-05-29 08:08:40.623 | info     |              Op | act_block_h_override 2 is not a valid override for padded_output_height_ntiles_per_core 7, instead 1 was selected as closest valid option! (conv2d_utils.cpp:401)
2026-05-29 08:08:40.624 | INFO     | models.demos.wormhole.stable_diffusion.tt.ttnn_functional_unet_2d_condition_model_new_conv:__call__:406 - Down block 1
2026-05-29 08:08:40.629 | INFO     | models.demos.wormhole.stable_diffusion.tt.ttnn_functional_unet_2d_condition_model_new_conv:__call__:406 - Down block 2
2026-05-29 08:08:40.633 | INFO     | models.demos.wormhole.stable_diffusion.tt.ttnn_functional_unet_2d_condition_model_new_conv:__call__:406 - Down block 3
2026-05-29 08:08:40.633 | INFO     | models.demos.wormhole.stable_diffusion.tt.ttnn_functional_unet_2d_condition_model_new_conv:__call__:460 - Mid block
2026-05-29 08:08:40.634 | warning  |              Op | Mismatch between computed MemoryConfig(memory_layout=TensorMemoryLayout::BLOCK_SHARDED,buffer_type=BufferType::L1,shard_spec=ShardSpec(grid={[(x=0,y=0) - (x=7,y=3)]},shape={32, 160},orientation=ShardOrientation::ROW_MAJOR),nd_shard_spec=NdShardSpec(shard_shape=Shape([32, 160]),grid={[(x=0,y=0) - (x=7,y=3)]},orientation=ShardOrientation::ROW_MAJOR,shard_distribution_strategy=ShardDistributionStrategy::GRID_2D),created_with_nd_shard_spec=0) and provided MemoryConfig(memory_layout=TensorMemoryLayout::BLOCK_SHARDED,buffer_type=BufferType::L1,shard_spec=ShardSpec(grid={[(x=0,y=0) - (x=7,y=7)]},shape={32, 160},orientation=ShardOrientation::ROW_MAJOR),nd_shard_spec=std::nullopt,created_with_nd_shard_spec=0) mem config. Using computed config. (matmul_op.cpp:1674)
2026-05-29 08:08:40.635 | INFO     | models.demos.wormhole.stable_diffusion.tt.ttnn_functional_unet_2d_condition_model_new_conv:__call__:491 - Up block 0
2026-05-29 08:08:40.636 | INFO     | models.demos.wormhole.stable_diffusion.tt.ttnn_functional_unet_2d_condition_model_new_conv:__call__:491 - Up block 1
2026-05-29 08:08:40.641 | INFO     | models.demos.wormhole.stable_diffusion.tt.ttnn_functional_unet_2d_condition_model_new_conv:__call__:491 - Up block 2
2026-05-29 08:08:40.649 | INFO     | models.demos.wormhole.stable_diffusion.tt.ttnn_functional_unet_2d_condition_model_new_conv:__call__:491 - Up block 3
2026-05-29 08:08:40.670 | INFO     | models.demos.wormhole.stable_diffusion.tt.ttnn_functional_unet_2d_condition_model_new_conv:__call__:406 - Down block 0
2026-05-29 08:08:40.676 | info     |              Op | act_block_h_override 2 is not a valid override for padded_output_height_ntiles_per_core 7, instead 1 was selected as closest valid option! (conv2d_utils.cpp:401)
2026-05-29 08:08:40.676 | INFO     | models.demos.wormhole.stable_diffusion.tt.ttnn_functional_unet_2d_condition_model_new_conv:__call__:406 - Down block 1
2026-05-29 08:08:40.682 | INFO     | models.demos.wormhole.stable_diffusion.tt.ttnn_functional_unet_2d_condition_model_new_conv:__call__:406 - Down block 2
2026-05-29 08:08:40.685 | INFO     | models.demos.wormhole.stable_diffusion.tt.ttnn_functional_unet_2d_condition_model_new_conv:__call__:406 - Down block 3
2026-05-29 08:08:40.686 | INFO     | models.demos.wormhole.stable_diffusion.tt.ttnn_functional_unet_2d_condition_model_new_conv:__call__:460 - Mid block
2026-05-29 08:08:40.687 | warning  |              Op | Mismatch between computed MemoryConfig(memory_layout=TensorMemoryLayout::BLOCK_SHARDED,buffer_type=BufferType::L1,shard_spec=ShardSpec(grid={[(x=0,y=0) - (x=7,y=3)]},shape={32, 160},orientation=ShardOrientation::ROW_MAJOR),nd_shard_spec=NdShardSpec(shard_shape=Shape([32, 160]),grid={[(x=0,y=0) - (x=7,y=3)]},orientation=ShardOrientation::ROW_MAJOR,shard_distribution_strategy=ShardDistributionStrategy::GRID_2D),created_with_nd_shard_spec=0) and provided MemoryConfig(memory_layout=TensorMemoryLayout::BLOCK_SHARDED,buffer_type=BufferType::L1,shard_spec=ShardSpec(grid={[(x=0,y=0) - (x=7,y=7)]},shape={32, 160},orientation=ShardOrientation::ROW_MAJOR),nd_shard_spec=std::nullopt,created_with_nd_shard_spec=0) mem config. Using computed config. (matmul_op.cpp:1674)
2026-05-29 08:08:40.688 | INFO     | models.demos.wormhole.stable_diffusion.tt.ttnn_functional_unet_2d_condition_model_new_conv:__call__:491 - Up block 0
2026-05-29 08:08:40.689 | INFO     | models.demos.wormhole.stable_diffusion.tt.ttnn_functional_unet_2d_condition_model_new_conv:__call__:491 - Up block 1
2026-05-29 08:08:40.694 | INFO     | models.demos.wormhole.stable_diffusion.tt.ttnn_functional_unet_2d_condition_model_new_conv:__call__:491 - Up block 2
2026-05-29 08:08:40.702 | INFO     | models.demos.wormhole.stable_diffusion.tt.ttnn_functional_unet_2d_condition_model_new_conv:__call__:491 - Up block 3
2026-05-29 08:08:40.722 | INFO     | models.demos.wormhole.stable_diffusion.tt.ttnn_functional_unet_2d_condition_model_new_conv:__call__:406 - Down block 0
2026-05-29 08:08:40.728 | info     |              Op | act_block_h_override 2 is not a valid override for padded_output_height_ntiles_per_core 7, instead 1 was selected as closest valid option! (conv2d_utils.cpp:401)
2026-05-29 08:08:40.729 | INFO     | models.demos.wormhole.stable_diffusion.tt.ttnn_functional_unet_2d_condition_model_new_conv:__call__:406 - Down block 1
2026-05-29 08:08:40.734 | INFO     | models.demos.wormhole.stable_diffusion.tt.ttnn_functional_unet_2d_condition_model_new_conv:__call__:406 - Down block 2
2026-05-29 08:08:40.737 | INFO     | models.demos.wormhole.stable_diffusion.tt.ttnn_functional_unet_2d_condition_model_new_conv:__call__:406 - Down block 3
2026-05-29 08:08:40.738 | INFO     | models.demos.wormhole.stable_diffusion.tt.ttnn_functional_unet_2d_condition_model_new_conv:__call__:460 - Mid block
2026-05-29 08:08:40.738 | warning  |              Op | Mismatch between computed MemoryConfig(memory_layout=TensorMemoryLayout::BLOCK_SHARDED,buffer_type=BufferType::L1,shard_spec=ShardSpec(grid={[(x=0,y=0) - (x=7,y=3)]},shape={32, 160},orientation=ShardOrientation::ROW_MAJOR),nd_shard_spec=NdShardSpec(shard_shape=Shape([32, 160]),grid={[(x=0,y=0) - (x=7,y=3)]},orientation=ShardOrientation::ROW_MAJOR,shard_distribution_strategy=ShardDistributionStrategy::GRID_2D),created_with_nd_shard_spec=0) and provided MemoryConfig(memory_layout=TensorMemoryLayout::BLOCK_SHARDED,buffer_type=BufferType::L1,shard_spec=ShardSpec(grid={[(x=0,y=0) - (x=7,y=7)]},shape={32, 160},orientation=ShardOrientation::ROW_MAJOR),nd_shard_spec=std::nullopt,created_with_nd_shard_spec=0) mem config. Using computed config. (matmul_op.cpp:1674)
2026-05-29 08:08:40.740 | INFO     | models.demos.wormhole.stable_diffusion.tt.ttnn_functional_unet_2d_condition_model_new_conv:__call__:491 - Up block 0
2026-05-29 08:08:40.741 | INFO     | models.demos.wormhole.stable_diffusion.tt.ttnn_functional_unet_2d_condition_model_new_conv:__call__:491 - Up block 1
2026-05-29 08:08:40.746 | INFO     | models.demos.wormhole.stable_diffusion.tt.ttnn_functional_unet_2d_condition_model_new_conv:__call__:491 - Up block 2
2026-05-29 08:08:40.754 | INFO     | models.demos.wormhole.stable_diffusion.tt.ttnn_functional_unet_2d_condition_model_new_conv:__call__:491 - Up block 3
2026-05-29 08:08:40.774 | INFO     | models.demos.wormhole.stable_diffusion.tt.ttnn_functional_unet_2d_condition_model_new_conv:__call__:406 - Down block 0
2026-05-29 08:08:40.780 | info     |              Op | act_block_h_override 2 is not a valid override for padded_output_height_ntiles_per_core 7, instead 1 was selected as closest valid option! (conv2d_utils.cpp:401)
2026-05-29 08:08:40.780 | INFO     | models.demos.wormhole.stable_diffusion.tt.ttnn_functional_unet_2d_condition_model_new_conv:__call__:406 - Down block 1
2026-05-29 08:08:40.786 | INFO     | models.demos.wormhole.stable_diffusion.tt.ttnn_functional_unet_2d_condition_model_new_conv:__call__:406 - Down block 2
2026-05-29 08:08:40.789 | INFO     | models.demos.wormhole.stable_diffusion.tt.ttnn_functional_unet_2d_condition_model_new_conv:__call__:406 - Down block 3
2026-05-29 08:08:40.790 | INFO     | models.demos.wormhole.stable_diffusion.tt.ttnn_functional_unet_2d_condition_model_new_conv:__call__:460 - Mid block
2026-05-29 08:08:40.791 | warning  |              Op | Mismatch between computed MemoryConfig(memory_layout=TensorMemoryLayout::BLOCK_SHARDED,buffer_type=BufferType::L1,shard_spec=ShardSpec(grid={[(x=0,y=0) - (x=7,y=3)]},shape={32, 160},orientation=ShardOrientation::ROW_MAJOR),nd_shard_spec=NdShardSpec(shard_shape=Shape([32, 160]),grid={[(x=0,y=0) - (x=7,y=3)]},orientation=ShardOrientation::ROW_MAJOR,shard_distribution_strategy=ShardDistributionStrategy::GRID_2D),created_with_nd_shard_spec=0) and provided MemoryConfig(memory_layout=TensorMemoryLayout::BLOCK_SHARDED,buffer_type=BufferType::L1,shard_spec=ShardSpec(grid={[(x=0,y=0) - (x=7,y=7)]},shape={32, 160},orientation=ShardOrientation::ROW_MAJOR),nd_shard_spec=std::nullopt,created_with_nd_shard_spec=0) mem config. Using computed config. (matmul_op.cpp:1674)
2026-05-29 08:08:40.792 | INFO     | models.demos.wormhole.stable_diffusion.tt.ttnn_functional_unet_2d_condition_model_new_conv:__call__:491 - Up block 0
2026-05-29 08:08:40.793 | INFO     | models.demos.wormhole.stable_diffusion.tt.ttnn_functional_unet_2d_condition_model_new_conv:__call__:491 - Up block 1
2026-05-29 08:08:40.798 | INFO     | models.demos.wormhole.stable_diffusion.tt.ttnn_functional_unet_2d_condition_model_new_conv:__call__:491 - Up block 2
2026-05-29 08:08:40.806 | INFO     | models.demos.wormhole.stable_diffusion.tt.ttnn_functional_unet_2d_condition_model_new_conv:__call__:491 - Up block 3
2026-05-29 08:08:40.827 | INFO     | models.demos.wormhole.stable_diffusion.tt.ttnn_functional_unet_2d_condition_model_new_conv:__call__:406 - Down block 0
2026-05-29 08:08:40.832 | info     |              Op | act_block_h_override 2 is not a valid override for padded_output_height_ntiles_per_core 7, instead 1 was selected as closest valid option! (conv2d_utils.cpp:401)
2026-05-29 08:08:40.832 | INFO     | models.demos.wormhole.stable_diffusion.tt.ttnn_functional_unet_2d_condition_model_new_conv:__call__:406 - Down block 1
2026-05-29 08:08:40.838 | INFO     | models.demos.wormhole.stable_diffusion.tt.ttnn_functional_unet_2d_condition_model_new_conv:__call__:406 - Down block 2
2026-05-29 08:08:40.841 | INFO     | models.demos.wormhole.stable_diffusion.tt.ttnn_functional_unet_2d_condition_model_new_conv:__call__:406 - Down block 3
2026-05-29 08:08:40.841 | INFO     | models.demos.wormhole.stable_diffusion.tt.ttnn_functional_unet_2d_condition_model_new_conv:__call__:460 - Mid block
2026-05-29 08:08:40.842 | warning  |              Op | Mismatch between computed MemoryConfig(memory_layout=TensorMemoryLayout::BLOCK_SHARDED,buffer_type=BufferType::L1,shard_spec=ShardSpec(grid={[(x=0,y=0) - (x=7,y=3)]},shape={32, 160},orientation=ShardOrientation::ROW_MAJOR),nd_shard_spec=NdShardSpec(shard_shape=Shape([32, 160]),grid={[(x=0,y=0) - (x=7,y=3)]},orientation=ShardOrientation::ROW_MAJOR,shard_distribution_strategy=ShardDistributionStrategy::GRID_2D),created_with_nd_shard_spec=0) and provided MemoryConfig(memory_layout=TensorMemoryLayout::BLOCK_SHARDED,buffer_type=BufferType::L1,shard_spec=ShardSpec(grid={[(x=0,y=0) - (x=7,y=7)]},shape={32, 160},orientation=ShardOrientation::ROW_MAJOR),nd_shard_spec=std::nullopt,created_with_nd_shard_spec=0) mem config. Using computed config. (matmul_op.cpp:1674)
2026-05-29 08:08:40.843 | INFO     | models.demos.wormhole.stable_diffusion.tt.ttnn_functional_unet_2d_condition_model_new_conv:__call__:491 - Up block 0
2026-05-29 08:08:40.845 | INFO     | models.demos.wormhole.stable_diffusion.tt.ttnn_functional_unet_2d_condition_model_new_conv:__call__:491 - Up block 1
2026-05-29 08:08:40.850 | INFO     | models.demos.wormhole.stable_diffusion.tt.ttnn_functional_unet_2d_condition_model_new_conv:__call__:491 - Up block 2
2026-05-29 08:08:40.858 | INFO     | models.demos.wormhole.stable_diffusion.tt.ttnn_functional_unet_2d_condition_model_new_conv:__call__:491 - Up block 3
2026-05-29 08:08:40.878 | INFO     | models.demos.wormhole.stable_diffusion.tt.ttnn_functional_unet_2d_condition_model_new_conv:__call__:406 - Down block 0
2026-05-29 08:08:40.884 | info     |              Op | act_block_h_override 2 is not a valid override for padded_output_height_ntiles_per_core 7, instead 1 was selected as closest valid option! (conv2d_utils.cpp:401)
2026-05-29 08:08:40.884 | INFO     | models.demos.wormhole.stable_diffusion.tt.ttnn_functional_unet_2d_condition_model_new_conv:__call__:406 - Down block 1
2026-05-29 08:08:40.890 | INFO     | models.demos.wormhole.stable_diffusion.tt.ttnn_functional_unet_2d_condition_model_new_conv:__call__:406 - Down block 2
2026-05-29 08:08:40.893 | INFO     | models.demos.wormhole.stable_diffusion.tt.ttnn_functional_unet_2d_condition_model_new_conv:__call__:406 - Down block 3
2026-05-29 08:08:40.894 | INFO     | models.demos.wormhole.stable_diffusion.tt.ttnn_functional_unet_2d_condition_model_new_conv:__call__:460 - Mid block
2026-05-29 08:08:40.894 | warning  |              Op | Mismatch between computed MemoryConfig(memory_layout=TensorMemoryLayout::BLOCK_SHARDED,buffer_type=BufferType::L1,shard_spec=ShardSpec(grid={[(x=0,y=0) - (x=7,y=3)]},shape={32, 160},orientation=ShardOrientation::ROW_MAJOR),nd_shard_spec=NdShardSpec(shard_shape=Shape([32, 160]),grid={[(x=0,y=0) - (x=7,y=3)]},orientation=ShardOrientation::ROW_MAJOR,shard_distribution_strategy=ShardDistributionStrategy::GRID_2D),created_with_nd_shard_spec=0) and provided MemoryConfig(memory_layout=TensorMemoryLayout::BLOCK_SHARDED,buffer_type=BufferType::L1,shard_spec=ShardSpec(grid={[(x=0,y=0) - (x=7,y=7)]},shape={32, 160},orientation=ShardOrientation::ROW_MAJOR),nd_shard_spec=std::nullopt,created_with_nd_shard_spec=0) mem config. Using computed config. (matmul_op.cpp:1674)
2026-05-29 08:08:40.896 | INFO     | models.demos.wormhole.stable_diffusion.tt.ttnn_functional_unet_2d_condition_model_new_conv:__call__:491 - Up block 0
2026-05-29 08:08:40.897 | INFO     | models.demos.wormhole.stable_diffusion.tt.ttnn_functional_unet_2d_condition_model_new_conv:__call__:491 - Up block 1
2026-05-29 08:08:40.902 | INFO     | models.demos.wormhole.stable_diffusion.tt.ttnn_functional_unet_2d_condition_model_new_conv:__call__:491 - Up block 2
2026-05-29 08:08:40.910 | INFO     | models.demos.wormhole.stable_diffusion.tt.ttnn_functional_unet_2d_condition_model_new_conv:__call__:491 - Up block 3
2026-05-29 08:08:40.930 | INFO     | models.demos.wormhole.stable_diffusion.tt.ttnn_functional_unet_2d_condition_model_new_conv:__call__:406 - Down block 0
2026-05-29 08:08:40.936 | info     |              Op | act_block_h_override 2 is not a valid override for padded_output_height_ntiles_per_core 7, instead 1 was selected as closest valid option! (conv2d_utils.cpp:401)
2026-05-29 08:08:40.936 | INFO     | models.demos.wormhole.stable_diffusion.tt.ttnn_functional_unet_2d_condition_model_new_conv:__call__:406 - Down block 1
2026-05-29 08:08:40.941 | INFO     | models.demos.wormhole.stable_diffusion.tt.ttnn_functional_unet_2d_condition_model_new_conv:__call__:406 - Down block 2
2026-05-29 08:08:40.945 | INFO     | models.demos.wormhole.stable_diffusion.tt.ttnn_functional_unet_2d_condition_model_new_conv:__call__:406 - Down block 3
2026-05-29 08:08:40.945 | INFO     | models.demos.wormhole.stable_diffusion.tt.ttnn_functional_unet_2d_condition_model_new_conv:__call__:460 - Mid block
2026-05-29 08:08:40.946 | warning  |              Op | Mismatch between computed MemoryConfig(memory_layout=TensorMemoryLayout::BLOCK_SHARDED,buffer_type=BufferType::L1,shard_spec=ShardSpec(grid={[(x=0,y=0) - (x=7,y=3)]},shape={32, 160},orientation=ShardOrientation::ROW_MAJOR),nd_shard_spec=NdShardSpec(shard_shape=Shape([32, 160]),grid={[(x=0,y=0) - (x=7,y=3)]},orientation=ShardOrientation::ROW_MAJOR,shard_distribution_strategy=ShardDistributionStrategy::GRID_2D),created_with_nd_shard_spec=0) and provided MemoryConfig(memory_layout=TensorMemoryLayout::BLOCK_SHARDED,buffer_type=BufferType::L1,shard_spec=ShardSpec(grid={[(x=0,y=0) - (x=7,y=7)]},shape={32, 160},orientation=ShardOrientation::ROW_MAJOR),nd_shard_spec=std::nullopt,created_with_nd_shard_spec=0) mem config. Using computed config. (matmul_op.cpp:1674)
2026-05-29 08:08:40.947 | INFO     | models.demos.wormhole.stable_diffusion.tt.ttnn_functional_unet_2d_condition_model_new_conv:__call__:491 - Up block 0
2026-05-29 08:08:40.948 | INFO     | models.demos.wormhole.stable_diffusion.tt.ttnn_functional_unet_2d_condition_model_new_conv:__call__:491 - Up block 1
2026-05-29 08:08:40.953 | INFO     | models.demos.wormhole.stable_diffusion.tt.ttnn_functional_unet_2d_condition_model_new_conv:__call__:491 - Up block 2
2026-05-29 08:08:40.961 | INFO     | models.demos.wormhole.stable_diffusion.tt.ttnn_functional_unet_2d_condition_model_new_conv:__call__:491 - Up block 3
  Step 14/41
2026-05-29 08:08:40.984 | INFO     | models.demos.wormhole.stable_diffusion.tt.ttnn_functional_unet_2d_condition_model_new_conv:__call__:406 - Down block 0
2026-05-29 08:08:40.990 | info     |              Op | act_block_h_override 2 is not a valid override for padded_output_height_ntiles_per_core 7, instead 1 was selected as closest valid option! (conv2d_utils.cpp:401)
2026-05-29 08:08:40.990 | INFO     | models.demos.wormhole.stable_diffusion.tt.ttnn_functional_unet_2d_condition_model_new_conv:__call__:406 - Down block 1
2026-05-29 08:08:40.996 | INFO     | models.demos.wormhole.stable_diffusion.tt.ttnn_functional_unet_2d_condition_model_new_conv:__call__:406 - Down block 2
2026-05-29 08:08:40.999 | INFO     | models.demos.wormhole.stable_diffusion.tt.ttnn_functional_unet_2d_condition_model_new_conv:__call__:406 - Down block 3
2026-05-29 08:08:41.000 | INFO     | models.demos.wormhole.stable_diffusion.tt.ttnn_functional_unet_2d_condition_model_new_conv:__call__:460 - Mid block
2026-05-29 08:08:41.000 | warning  |              Op | Mismatch between computed MemoryConfig(memory_layout=TensorMemoryLayout::BLOCK_SHARDED,buffer_type=BufferType::L1,shard_spec=ShardSpec(grid={[(x=0,y=0) - (x=7,y=3)]},shape={32, 160},orientation=ShardOrientation::ROW_MAJOR),nd_shard_spec=NdShardSpec(shard_shape=Shape([32, 160]),grid={[(x=0,y=0) - (x=7,y=3)]},orientation=ShardOrientation::ROW_MAJOR,shard_distribution_strategy=ShardDistributionStrategy::GRID_2D),created_with_nd_shard_spec=0) and provided MemoryConfig(memory_layout=TensorMemoryLayout::BLOCK_SHARDED,buffer_type=BufferType::L1,shard_spec=ShardSpec(grid={[(x=0,y=0) - (x=7,y=7)]},shape={32, 160},orientation=ShardOrientation::ROW_MAJOR),nd_shard_spec=std::nullopt,created_with_nd_shard_spec=0) mem config. Using computed config. (matmul_op.cpp:1674)
2026-05-29 08:08:41.002 | INFO     | models.demos.wormhole.stable_diffusion.tt.ttnn_functional_unet_2d_condition_model_new_conv:__call__:491 - Up block 0
2026-05-29 08:08:41.003 | INFO     | models.demos.wormhole.stable_diffusion.tt.ttnn_functional_unet_2d_condition_model_new_conv:__call__:491 - Up block 1
2026-05-29 08:08:41.008 | INFO     | models.demos.wormhole.stable_diffusion.tt.ttnn_functional_unet_2d_condition_model_new_conv:__call__:491 - Up block 2
2026-05-29 08:08:41.017 | INFO     | models.demos.wormhole.stable_diffusion.tt.ttnn_functional_unet_2d_condition_model_new_conv:__call__:491 - Up block 3
2026-05-29 08:08:41.037 | INFO     | models.demos.wormhole.stable_diffusion.tt.ttnn_functional_unet_2d_condition_model_new_conv:__call__:406 - Down block 0
2026-05-29 08:08:41.042 | info     |              Op | act_block_h_override 2 is not a valid override for padded_output_height_ntiles_per_core 7, instead 1 was selected as closest valid option! (conv2d_utils.cpp:401)
2026-05-29 08:08:41.042 | INFO     | models.demos.wormhole.stable_diffusion.tt.ttnn_functional_unet_2d_condition_model_new_conv:__call__:406 - Down block 1
2026-05-29 08:08:41.048 | INFO     | models.demos.wormhole.stable_diffusion.tt.ttnn_functional_unet_2d_condition_model_new_conv:__call__:406 - Down block 2
2026-05-29 08:08:41.052 | INFO     | models.demos.wormhole.stable_diffusion.tt.ttnn_functional_unet_2d_condition_model_new_conv:__call__:406 - Down block 3
2026-05-29 08:08:41.052 | INFO     | models.demos.wormhole.stable_diffusion.tt.ttnn_functional_unet_2d_condition_model_new_conv:__call__:460 - Mid block
2026-05-29 08:08:41.053 | warning  |              Op | Mismatch between computed MemoryConfig(memory_layout=TensorMemoryLayout::BLOCK_SHARDED,buffer_type=BufferType::L1,shard_spec=ShardSpec(grid={[(x=0,y=0) - (x=7,y=3)]},shape={32, 160},orientation=ShardOrientation::ROW_MAJOR),nd_shard_spec=NdShardSpec(shard_shape=Shape([32, 160]),grid={[(x=0,y=0) - (x=7,y=3)]},orientation=ShardOrientation::ROW_MAJOR,shard_distribution_strategy=ShardDistributionStrategy::GRID_2D),created_with_nd_shard_spec=0) and provided MemoryConfig(memory_layout=TensorMemoryLayout::BLOCK_SHARDED,buffer_type=BufferType::L1,shard_spec=ShardSpec(grid={[(x=0,y=0) - (x=7,y=7)]},shape={32, 160},orientation=ShardOrientation::ROW_MAJOR),nd_shard_spec=std::nullopt,created_with_nd_shard_spec=0) mem config. Using computed config. (matmul_op.cpp:1674)
2026-05-29 08:08:41.054 | INFO     | models.demos.wormhole.stable_diffusion.tt.ttnn_functional_unet_2d_condition_model_new_conv:__call__:491 - Up block 0
2026-05-29 08:08:41.056 | INFO     | models.demos.wormhole.stable_diffusion.tt.ttnn_functional_unet_2d_condition_model_new_conv:__call__:491 - Up block 1
2026-05-29 08:08:41.060 | INFO     | models.demos.wormhole.stable_diffusion.tt.ttnn_functional_unet_2d_condition_model_new_conv:__call__:491 - Up block 2
2026-05-29 08:08:41.068 | INFO     | models.demos.wormhole.stable_diffusion.tt.ttnn_functional_unet_2d_condition_model_new_conv:__call__:491 - Up block 3
2026-05-29 08:08:41.088 | INFO     | models.demos.wormhole.stable_diffusion.tt.ttnn_functional_unet_2d_condition_model_new_conv:__call__:406 - Down block 0
2026-05-29 08:08:41.094 | info     |              Op | act_block_h_override 2 is not a valid override for padded_output_height_ntiles_per_core 7, instead 1 was selected as closest valid option! (conv2d_utils.cpp:401)
2026-05-29 08:08:41.094 | INFO     | models.demos.wormhole.stable_diffusion.tt.ttnn_functional_unet_2d_condition_model_new_conv:__call__:406 - Down block 1
2026-05-29 08:08:41.100 | INFO     | models.demos.wormhole.stable_diffusion.tt.ttnn_functional_unet_2d_condition_model_new_conv:__call__:406 - Down block 2
2026-05-29 08:08:41.103 | INFO     | models.demos.wormhole.stable_diffusion.tt.ttnn_functional_unet_2d_condition_model_new_conv:__call__:406 - Down block 3
2026-05-29 08:08:41.104 | INFO     | models.demos.wormhole.stable_diffusion.tt.ttnn_functional_unet_2d_condition_model_new_conv:__call__:460 - Mid block
2026-05-29 08:08:41.104 | warning  |              Op | Mismatch between computed MemoryConfig(memory_layout=TensorMemoryLayout::BLOCK_SHARDED,buffer_type=BufferType::L1,shard_spec=ShardSpec(grid={[(x=0,y=0) - (x=7,y=3)]},shape={32, 160},orientation=ShardOrientation::ROW_MAJOR),nd_shard_spec=NdShardSpec(shard_shape=Shape([32, 160]),grid={[(x=0,y=0) - (x=7,y=3)]},orientation=ShardOrientation::ROW_MAJOR,shard_distribution_strategy=ShardDistributionStrategy::GRID_2D),created_with_nd_shard_spec=0) and provided MemoryConfig(memory_layout=TensorMemoryLayout::BLOCK_SHARDED,buffer_type=BufferType::L1,shard_spec=ShardSpec(grid={[(x=0,y=0) - (x=7,y=7)]},shape={32, 160},orientation=ShardOrientation::ROW_MAJOR),nd_shard_spec=std::nullopt,created_with_nd_shard_spec=0) mem config. Using computed config. (matmul_op.cpp:1674)
2026-05-29 08:08:41.106 | INFO     | models.demos.wormhole.stable_diffusion.tt.ttnn_functional_unet_2d_condition_model_new_conv:__call__:491 - Up block 0
2026-05-29 08:08:41.107 | INFO     | models.demos.wormhole.stable_diffusion.tt.ttnn_functional_unet_2d_condition_model_new_conv:__call__:491 - Up block 1
2026-05-29 08:08:41.112 | INFO     | models.demos.wormhole.stable_diffusion.tt.ttnn_functional_unet_2d_condition_model_new_conv:__call__:491 - Up block 2
2026-05-29 08:08:41.120 | INFO     | models.demos.wormhole.stable_diffusion.tt.ttnn_functional_unet_2d_condition_model_new_conv:__call__:491 - Up block 3
2026-05-29 08:08:41.140 | INFO     | models.demos.wormhole.stable_diffusion.tt.ttnn_functional_unet_2d_condition_model_new_conv:__call__:406 - Down block 0
2026-05-29 08:08:41.146 | info     |              Op | act_block_h_override 2 is not a valid override for padded_output_height_ntiles_per_core 7, instead 1 was selected as closest valid option! (conv2d_utils.cpp:401)
2026-05-29 08:08:41.146 | INFO     | models.demos.wormhole.stable_diffusion.tt.ttnn_functional_unet_2d_condition_model_new_conv:__call__:406 - Down block 1
2026-05-29 08:08:41.151 | INFO     | models.demos.wormhole.stable_diffusion.tt.ttnn_functional_unet_2d_condition_model_new_conv:__call__:406 - Down block 2
2026-05-29 08:08:41.155 | INFO     | models.demos.wormhole.stable_diffusion.tt.ttnn_functional_unet_2d_condition_model_new_conv:__call__:406 - Down block 3
2026-05-29 08:08:41.155 | INFO     | models.demos.wormhole.stable_diffusion.tt.ttnn_functional_unet_2d_condition_model_new_conv:__call__:460 - Mid block
2026-05-29 08:08:41.156 | warning  |              Op | Mismatch between computed MemoryConfig(memory_layout=TensorMemoryLayout::BLOCK_SHARDED,buffer_type=BufferType::L1,shard_spec=ShardSpec(grid={[(x=0,y=0) - (x=7,y=3)]},shape={32, 160},orientation=ShardOrientation::ROW_MAJOR),nd_shard_spec=NdShardSpec(shard_shape=Shape([32, 160]),grid={[(x=0,y=0) - (x=7,y=3)]},orientation=ShardOrientation::ROW_MAJOR,shard_distribution_strategy=ShardDistributionStrategy::GRID_2D),created_with_nd_shard_spec=0) and provided MemoryConfig(memory_layout=TensorMemoryLayout::BLOCK_SHARDED,buffer_type=BufferType::L1,shard_spec=ShardSpec(grid={[(x=0,y=0) - (x=7,y=7)]},shape={32, 160},orientation=ShardOrientation::ROW_MAJOR),nd_shard_spec=std::nullopt,created_with_nd_shard_spec=0) mem config. Using computed config. (matmul_op.cpp:1674)
2026-05-29 08:08:41.157 | INFO     | models.demos.wormhole.stable_diffusion.tt.ttnn_functional_unet_2d_condition_model_new_conv:__call__:491 - Up block 0
2026-05-29 08:08:41.159 | INFO     | models.demos.wormhole.stable_diffusion.tt.ttnn_functional_unet_2d_condition_model_new_conv:__call__:491 - Up block 1
2026-05-29 08:08:41.164 | INFO     | models.demos.wormhole.stable_diffusion.tt.ttnn_functional_unet_2d_condition_model_new_conv:__call__:491 - Up block 2
2026-05-29 08:08:41.172 | INFO     | models.demos.wormhole.stable_diffusion.tt.ttnn_functional_unet_2d_condition_model_new_conv:__call__:491 - Up block 3
2026-05-29 08:08:41.192 | INFO     | models.demos.wormhole.stable_diffusion.tt.ttnn_functional_unet_2d_condition_model_new_conv:__call__:406 - Down block 0
2026-05-29 08:08:41.198 | info     |              Op | act_block_h_override 2 is not a valid override for padded_output_height_ntiles_per_core 7, instead 1 was selected as closest valid option! (conv2d_utils.cpp:401)
2026-05-29 08:08:41.198 | INFO     | models.demos.wormhole.stable_diffusion.tt.ttnn_functional_unet_2d_condition_model_new_conv:__call__:406 - Down block 1
2026-05-29 08:08:41.203 | INFO     | models.demos.wormhole.stable_diffusion.tt.ttnn_functional_unet_2d_condition_model_new_conv:__call__:406 - Down block 2
2026-05-29 08:08:41.206 | INFO     | models.demos.wormhole.stable_diffusion.tt.ttnn_functional_unet_2d_condition_model_new_conv:__call__:406 - Down block 3
2026-05-29 08:08:41.207 | INFO     | models.demos.wormhole.stable_diffusion.tt.ttnn_functional_unet_2d_condition_model_new_conv:__call__:460 - Mid block
2026-05-29 08:08:41.208 | warning  |              Op | Mismatch between computed MemoryConfig(memory_layout=TensorMemoryLayout::BLOCK_SHARDED,buffer_type=BufferType::L1,shard_spec=ShardSpec(grid={[(x=0,y=0) - (x=7,y=3)]},shape={32, 160},orientation=ShardOrientation::ROW_MAJOR),nd_shard_spec=NdShardSpec(shard_shape=Shape([32, 160]),grid={[(x=0,y=0) - (x=7,y=3)]},orientation=ShardOrientation::ROW_MAJOR,shard_distribution_strategy=ShardDistributionStrategy::GRID_2D),created_with_nd_shard_spec=0) and provided MemoryConfig(memory_layout=TensorMemoryLayout::BLOCK_SHARDED,buffer_type=BufferType::L1,shard_spec=ShardSpec(grid={[(x=0,y=0) - (x=7,y=7)]},shape={32, 160},orientation=ShardOrientation::ROW_MAJOR),nd_shard_spec=std::nullopt,created_with_nd_shard_spec=0) mem config. Using computed config. (matmul_op.cpp:1674)
2026-05-29 08:08:41.209 | INFO     | models.demos.wormhole.stable_diffusion.tt.ttnn_functional_unet_2d_condition_model_new_conv:__call__:491 - Up block 0
2026-05-29 08:08:41.210 | INFO     | models.demos.wormhole.stable_diffusion.tt.ttnn_functional_unet_2d_condition_model_new_conv:__call__:491 - Up block 1
2026-05-29 08:08:41.215 | INFO     | models.demos.wormhole.stable_diffusion.tt.ttnn_functional_unet_2d_condition_model_new_conv:__call__:491 - Up block 2
2026-05-29 08:08:41.223 | INFO     | models.demos.wormhole.stable_diffusion.tt.ttnn_functional_unet_2d_condition_model_new_conv:__call__:491 - Up block 3
2026-05-29 08:08:41.244 | INFO     | models.demos.wormhole.stable_diffusion.tt.ttnn_functional_unet_2d_condition_model_new_conv:__call__:406 - Down block 0
2026-05-29 08:08:41.249 | info     |              Op | act_block_h_override 2 is not a valid override for padded_output_height_ntiles_per_core 7, instead 1 was selected as closest valid option! (conv2d_utils.cpp:401)
2026-05-29 08:08:41.250 | INFO     | models.demos.wormhole.stable_diffusion.tt.ttnn_functional_unet_2d_condition_model_new_conv:__call__:406 - Down block 1
2026-05-29 08:08:41.255 | INFO     | models.demos.wormhole.stable_diffusion.tt.ttnn_functional_unet_2d_condition_model_new_conv:__call__:406 - Down block 2
2026-05-29 08:08:41.258 | INFO     | models.demos.wormhole.stable_diffusion.tt.ttnn_functional_unet_2d_condition_model_new_conv:__call__:406 - Down block 3
2026-05-29 08:08:41.259 | INFO     | models.demos.wormhole.stable_diffusion.tt.ttnn_functional_unet_2d_condition_model_new_conv:__call__:460 - Mid block
2026-05-29 08:08:41.260 | warning  |              Op | Mismatch between computed MemoryConfig(memory_layout=TensorMemoryLayout::BLOCK_SHARDED,buffer_type=BufferType::L1,shard_spec=ShardSpec(grid={[(x=0,y=0) - (x=7,y=3)]},shape={32, 160},orientation=ShardOrientation::ROW_MAJOR),nd_shard_spec=NdShardSpec(shard_shape=Shape([32, 160]),grid={[(x=0,y=0) - (x=7,y=3)]},orientation=ShardOrientation::ROW_MAJOR,shard_distribution_strategy=ShardDistributionStrategy::GRID_2D),created_with_nd_shard_spec=0) and provided MemoryConfig(memory_layout=TensorMemoryLayout::BLOCK_SHARDED,buffer_type=BufferType::L1,shard_spec=ShardSpec(grid={[(x=0,y=0) - (x=7,y=7)]},shape={32, 160},orientation=ShardOrientation::ROW_MAJOR),nd_shard_spec=std::nullopt,created_with_nd_shard_spec=0) mem config. Using computed config. (matmul_op.cpp:1674)
2026-05-29 08:08:41.261 | INFO     | models.demos.wormhole.stable_diffusion.tt.ttnn_functional_unet_2d_condition_model_new_conv:__call__:491 - Up block 0
2026-05-29 08:08:41.262 | INFO     | models.demos.wormhole.stable_diffusion.tt.ttnn_functional_unet_2d_condition_model_new_conv:__call__:491 - Up block 1
2026-05-29 08:08:41.267 | INFO     | models.demos.wormhole.stable_diffusion.tt.ttnn_functional_unet_2d_condition_model_new_conv:__call__:491 - Up block 2
2026-05-29 08:08:41.275 | INFO     | models.demos.wormhole.stable_diffusion.tt.ttnn_functional_unet_2d_condition_model_new_conv:__call__:491 - Up block 3
2026-05-29 08:08:41.296 | INFO     | models.demos.wormhole.stable_diffusion.tt.ttnn_functional_unet_2d_condition_model_new_conv:__call__:406 - Down block 0
2026-05-29 08:08:41.301 | info     |              Op | act_block_h_override 2 is not a valid override for padded_output_height_ntiles_per_core 7, instead 1 was selected as closest valid option! (conv2d_utils.cpp:401)
2026-05-29 08:08:41.301 | INFO     | models.demos.wormhole.stable_diffusion.tt.ttnn_functional_unet_2d_condition_model_new_conv:__call__:406 - Down block 1
2026-05-29 08:08:41.307 | INFO     | models.demos.wormhole.stable_diffusion.tt.ttnn_functional_unet_2d_condition_model_new_conv:__call__:406 - Down block 2
2026-05-29 08:08:41.310 | INFO     | models.demos.wormhole.stable_diffusion.tt.ttnn_functional_unet_2d_condition_model_new_conv:__call__:406 - Down block 3
2026-05-29 08:08:41.311 | INFO     | models.demos.wormhole.stable_diffusion.tt.ttnn_functional_unet_2d_condition_model_new_conv:__call__:460 - Mid block
2026-05-29 08:08:41.311 | warning  |              Op | Mismatch between computed MemoryConfig(memory_layout=TensorMemoryLayout::BLOCK_SHARDED,buffer_type=BufferType::L1,shard_spec=ShardSpec(grid={[(x=0,y=0) - (x=7,y=3)]},shape={32, 160},orientation=ShardOrientation::ROW_MAJOR),nd_shard_spec=NdShardSpec(shard_shape=Shape([32, 160]),grid={[(x=0,y=0) - (x=7,y=3)]},orientation=ShardOrientation::ROW_MAJOR,shard_distribution_strategy=ShardDistributionStrategy::GRID_2D),created_with_nd_shard_spec=0) and provided MemoryConfig(memory_layout=TensorMemoryLayout::BLOCK_SHARDED,buffer_type=BufferType::L1,shard_spec=ShardSpec(grid={[(x=0,y=0) - (x=7,y=7)]},shape={32, 160},orientation=ShardOrientation::ROW_MAJOR),nd_shard_spec=std::nullopt,created_with_nd_shard_spec=0) mem config. Using computed config. (matmul_op.cpp:1674)
2026-05-29 08:08:41.313 | INFO     | models.demos.wormhole.stable_diffusion.tt.ttnn_functional_unet_2d_condition_model_new_conv:__call__:491 - Up block 0
2026-05-29 08:08:41.314 | INFO     | models.demos.wormhole.stable_diffusion.tt.ttnn_functional_unet_2d_condition_model_new_conv:__call__:491 - Up block 1
2026-05-29 08:08:41.319 | INFO     | models.demos.wormhole.stable_diffusion.tt.ttnn_functional_unet_2d_condition_model_new_conv:__call__:491 - Up block 2
2026-05-29 08:08:41.327 | INFO     | models.demos.wormhole.stable_diffusion.tt.ttnn_functional_unet_2d_condition_model_new_conv:__call__:491 - Up block 3
2026-05-29 08:08:41.347 | INFO     | models.demos.wormhole.stable_diffusion.tt.ttnn_functional_unet_2d_condition_model_new_conv:__call__:406 - Down block 0
2026-05-29 08:08:41.353 | info     |              Op | act_block_h_override 2 is not a valid override for padded_output_height_ntiles_per_core 7, instead 1 was selected as closest valid option! (conv2d_utils.cpp:401)
2026-05-29 08:08:41.353 | INFO     | models.demos.wormhole.stable_diffusion.tt.ttnn_functional_unet_2d_condition_model_new_conv:__call__:406 - Down block 1
2026-05-29 08:08:41.359 | INFO     | models.demos.wormhole.stable_diffusion.tt.ttnn_functional_unet_2d_condition_model_new_conv:__call__:406 - Down block 2
2026-05-29 08:08:41.362 | INFO     | models.demos.wormhole.stable_diffusion.tt.ttnn_functional_unet_2d_condition_model_new_conv:__call__:406 - Down block 3
2026-05-29 08:08:41.363 | INFO     | models.demos.wormhole.stable_diffusion.tt.ttnn_functional_unet_2d_condition_model_new_conv:__call__:460 - Mid block
2026-05-29 08:08:41.364 | warning  |              Op | Mismatch between computed MemoryConfig(memory_layout=TensorMemoryLayout::BLOCK_SHARDED,buffer_type=BufferType::L1,shard_spec=ShardSpec(grid={[(x=0,y=0) - (x=7,y=3)]},shape={32, 160},orientation=ShardOrientation::ROW_MAJOR),nd_shard_spec=NdShardSpec(shard_shape=Shape([32, 160]),grid={[(x=0,y=0) - (x=7,y=3)]},orientation=ShardOrientation::ROW_MAJOR,shard_distribution_strategy=ShardDistributionStrategy::GRID_2D),created_with_nd_shard_spec=0) and provided MemoryConfig(memory_layout=TensorMemoryLayout::BLOCK_SHARDED,buffer_type=BufferType::L1,shard_spec=ShardSpec(grid={[(x=0,y=0) - (x=7,y=7)]},shape={32, 160},orientation=ShardOrientation::ROW_MAJOR),nd_shard_spec=std::nullopt,created_with_nd_shard_spec=0) mem config. Using computed config. (matmul_op.cpp:1674)
2026-05-29 08:08:41.365 | INFO     | models.demos.wormhole.stable_diffusion.tt.ttnn_functional_unet_2d_condition_model_new_conv:__call__:491 - Up block 0
2026-05-29 08:08:41.366 | INFO     | models.demos.wormhole.stable_diffusion.tt.ttnn_functional_unet_2d_condition_model_new_conv:__call__:491 - Up block 1
2026-05-29 08:08:41.371 | INFO     | models.demos.wormhole.stable_diffusion.tt.ttnn_functional_unet_2d_condition_model_new_conv:__call__:491 - Up block 2
2026-05-29 08:08:41.380 | INFO     | models.demos.wormhole.stable_diffusion.tt.ttnn_functional_unet_2d_condition_model_new_conv:__call__:491 - Up block 3
  Step 15/41
2026-05-29 08:08:41.402 | INFO     | models.demos.wormhole.stable_diffusion.tt.ttnn_functional_unet_2d_condition_model_new_conv:__call__:406 - Down block 0
2026-05-29 08:08:41.408 | info     |              Op | act_block_h_override 2 is not a valid override for padded_output_height_ntiles_per_core 7, instead 1 was selected as closest valid option! (conv2d_utils.cpp:401)
2026-05-29 08:08:41.408 | INFO     | models.demos.wormhole.stable_diffusion.tt.ttnn_functional_unet_2d_condition_model_new_conv:__call__:406 - Down block 1
2026-05-29 08:08:41.414 | INFO     | models.demos.wormhole.stable_diffusion.tt.ttnn_functional_unet_2d_condition_model_new_conv:__call__:406 - Down block 2
2026-05-29 08:08:41.418 | INFO     | models.demos.wormhole.stable_diffusion.tt.ttnn_functional_unet_2d_condition_model_new_conv:__call__:406 - Down block 3
2026-05-29 08:08:41.419 | INFO     | models.demos.wormhole.stable_diffusion.tt.ttnn_functional_unet_2d_condition_model_new_conv:__call__:460 - Mid block
2026-05-29 08:08:41.419 | warning  |              Op | Mismatch between computed MemoryConfig(memory_layout=TensorMemoryLayout::BLOCK_SHARDED,buffer_type=BufferType::L1,shard_spec=ShardSpec(grid={[(x=0,y=0) - (x=7,y=3)]},shape={32, 160},orientation=ShardOrientation::ROW_MAJOR),nd_shard_spec=NdShardSpec(shard_shape=Shape([32, 160]),grid={[(x=0,y=0) - (x=7,y=3)]},orientation=ShardOrientation::ROW_MAJOR,shard_distribution_strategy=ShardDistributionStrategy::GRID_2D),created_with_nd_shard_spec=0) and provided MemoryConfig(memory_layout=TensorMemoryLayout::BLOCK_SHARDED,buffer_type=BufferType::L1,shard_spec=ShardSpec(grid={[(x=0,y=0) - (x=7,y=7)]},shape={32, 160},orientation=ShardOrientation::ROW_MAJOR),nd_shard_spec=std::nullopt,created_with_nd_shard_spec=0) mem config. Using computed config. (matmul_op.cpp:1674)
2026-05-29 08:08:41.421 | INFO     | models.demos.wormhole.stable_diffusion.tt.ttnn_functional_unet_2d_condition_model_new_conv:__call__:491 - Up block 0
2026-05-29 08:08:41.422 | INFO     | models.demos.wormhole.stable_diffusion.tt.ttnn_functional_unet_2d_condition_model_new_conv:__call__:491 - Up block 1
2026-05-29 08:08:41.427 | INFO     | models.demos.wormhole.stable_diffusion.tt.ttnn_functional_unet_2d_condition_model_new_conv:__call__:491 - Up block 2
2026-05-29 08:08:41.435 | INFO     | models.demos.wormhole.stable_diffusion.tt.ttnn_functional_unet_2d_condition_model_new_conv:__call__:491 - Up block 3
2026-05-29 08:08:41.455 | INFO     | models.demos.wormhole.stable_diffusion.tt.ttnn_functional_unet_2d_condition_model_new_conv:__call__:406 - Down block 0
2026-05-29 08:08:41.461 | info     |              Op | act_block_h_override 2 is not a valid override for padded_output_height_ntiles_per_core 7, instead 1 was selected as closest valid option! (conv2d_utils.cpp:401)
2026-05-29 08:08:41.461 | INFO     | models.demos.wormhole.stable_diffusion.tt.ttnn_functional_unet_2d_condition_model_new_conv:__call__:406 - Down block 1
2026-05-29 08:08:41.466 | INFO     | models.demos.wormhole.stable_diffusion.tt.ttnn_functional_unet_2d_condition_model_new_conv:__call__:406 - Down block 2
2026-05-29 08:08:41.470 | INFO     | models.demos.wormhole.stable_diffusion.tt.ttnn_functional_unet_2d_condition_model_new_conv:__call__:406 - Down block 3
2026-05-29 08:08:41.470 | INFO     | models.demos.wormhole.stable_diffusion.tt.ttnn_functional_unet_2d_condition_model_new_conv:__call__:460 - Mid block
2026-05-29 08:08:41.471 | warning  |              Op | Mismatch between computed MemoryConfig(memory_layout=TensorMemoryLayout::BLOCK_SHARDED,buffer_type=BufferType::L1,shard_spec=ShardSpec(grid={[(x=0,y=0) - (x=7,y=3)]},shape={32, 160},orientation=ShardOrientation::ROW_MAJOR),nd_shard_spec=NdShardSpec(shard_shape=Shape([32, 160]),grid={[(x=0,y=0) - (x=7,y=3)]},orientation=ShardOrientation::ROW_MAJOR,shard_distribution_strategy=ShardDistributionStrategy::GRID_2D),created_with_nd_shard_spec=0) and provided MemoryConfig(memory_layout=TensorMemoryLayout::BLOCK_SHARDED,buffer_type=BufferType::L1,shard_spec=ShardSpec(grid={[(x=0,y=0) - (x=7,y=7)]},shape={32, 160},orientation=ShardOrientation::ROW_MAJOR),nd_shard_spec=std::nullopt,created_with_nd_shard_spec=0) mem config. Using computed config. (matmul_op.cpp:1674)
2026-05-29 08:08:41.472 | INFO     | models.demos.wormhole.stable_diffusion.tt.ttnn_functional_unet_2d_condition_model_new_conv:__call__:491 - Up block 0
2026-05-29 08:08:41.473 | INFO     | models.demos.wormhole.stable_diffusion.tt.ttnn_functional_unet_2d_condition_model_new_conv:__call__:491 - Up block 1
2026-05-29 08:08:41.478 | INFO     | models.demos.wormhole.stable_diffusion.tt.ttnn_functional_unet_2d_condition_model_new_conv:__call__:491 - Up block 2
2026-05-29 08:08:41.486 | INFO     | models.demos.wormhole.stable_diffusion.tt.ttnn_functional_unet_2d_condition_model_new_conv:__call__:491 - Up block 3
2026-05-29 08:08:41.507 | INFO     | models.demos.wormhole.stable_diffusion.tt.ttnn_functional_unet_2d_condition_model_new_conv:__call__:406 - Down block 0
2026-05-29 08:08:41.513 | info     |              Op | act_block_h_override 2 is not a valid override for padded_output_height_ntiles_per_core 7, instead 1 was selected as closest valid option! (conv2d_utils.cpp:401)
2026-05-29 08:08:41.513 | INFO     | models.demos.wormhole.stable_diffusion.tt.ttnn_functional_unet_2d_condition_model_new_conv:__call__:406 - Down block 1
2026-05-29 08:08:41.518 | INFO     | models.demos.wormhole.stable_diffusion.tt.ttnn_functional_unet_2d_condition_model_new_conv:__call__:406 - Down block 2
2026-05-29 08:08:41.522 | INFO     | models.demos.wormhole.stable_diffusion.tt.ttnn_functional_unet_2d_condition_model_new_conv:__call__:406 - Down block 3
2026-05-29 08:08:41.523 | INFO     | models.demos.wormhole.stable_diffusion.tt.ttnn_functional_unet_2d_condition_model_new_conv:__call__:460 - Mid block
2026-05-29 08:08:41.523 | warning  |              Op | Mismatch between computed MemoryConfig(memory_layout=TensorMemoryLayout::BLOCK_SHARDED,buffer_type=BufferType::L1,shard_spec=ShardSpec(grid={[(x=0,y=0) - (x=7,y=3)]},shape={32, 160},orientation=ShardOrientation::ROW_MAJOR),nd_shard_spec=NdShardSpec(shard_shape=Shape([32, 160]),grid={[(x=0,y=0) - (x=7,y=3)]},orientation=ShardOrientation::ROW_MAJOR,shard_distribution_strategy=ShardDistributionStrategy::GRID_2D),created_with_nd_shard_spec=0) and provided MemoryConfig(memory_layout=TensorMemoryLayout::BLOCK_SHARDED,buffer_type=BufferType::L1,shard_spec=ShardSpec(grid={[(x=0,y=0) - (x=7,y=7)]},shape={32, 160},orientation=ShardOrientation::ROW_MAJOR),nd_shard_spec=std::nullopt,created_with_nd_shard_spec=0) mem config. Using computed config. (matmul_op.cpp:1674)
2026-05-29 08:08:41.525 | INFO     | models.demos.wormhole.stable_diffusion.tt.ttnn_functional_unet_2d_condition_model_new_conv:__call__:491 - Up block 0
2026-05-29 08:08:41.526 | INFO     | models.demos.wormhole.stable_diffusion.tt.ttnn_functional_unet_2d_condition_model_new_conv:__call__:491 - Up block 1
2026-05-29 08:08:41.531 | INFO     | models.demos.wormhole.stable_diffusion.tt.ttnn_functional_unet_2d_condition_model_new_conv:__call__:491 - Up block 2
2026-05-29 08:08:41.539 | INFO     | models.demos.wormhole.stable_diffusion.tt.ttnn_functional_unet_2d_condition_model_new_conv:__call__:491 - Up block 3
2026-05-29 08:08:41.559 | INFO     | models.demos.wormhole.stable_diffusion.tt.ttnn_functional_unet_2d_condition_model_new_conv:__call__:406 - Down block 0
2026-05-29 08:08:41.565 | info     |              Op | act_block_h_override 2 is not a valid override for padded_output_height_ntiles_per_core 7, instead 1 was selected as closest valid option! (conv2d_utils.cpp:401)
2026-05-29 08:08:41.565 | INFO     | models.demos.wormhole.stable_diffusion.tt.ttnn_functional_unet_2d_condition_model_new_conv:__call__:406 - Down block 1
2026-05-29 08:08:41.570 | INFO     | models.demos.wormhole.stable_diffusion.tt.ttnn_functional_unet_2d_condition_model_new_conv:__call__:406 - Down block 2
2026-05-29 08:08:41.573 | INFO     | models.demos.wormhole.stable_diffusion.tt.ttnn_functional_unet_2d_condition_model_new_conv:__call__:406 - Down block 3
2026-05-29 08:08:41.574 | INFO     | models.demos.wormhole.stable_diffusion.tt.ttnn_functional_unet_2d_condition_model_new_conv:__call__:460 - Mid block
2026-05-29 08:08:41.574 | warning  |              Op | Mismatch between computed MemoryConfig(memory_layout=TensorMemoryLayout::BLOCK_SHARDED,buffer_type=BufferType::L1,shard_spec=ShardSpec(grid={[(x=0,y=0) - (x=7,y=3)]},shape={32, 160},orientation=ShardOrientation::ROW_MAJOR),nd_shard_spec=NdShardSpec(shard_shape=Shape([32, 160]),grid={[(x=0,y=0) - (x=7,y=3)]},orientation=ShardOrientation::ROW_MAJOR,shard_distribution_strategy=ShardDistributionStrategy::GRID_2D),created_with_nd_shard_spec=0) and provided MemoryConfig(memory_layout=TensorMemoryLayout::BLOCK_SHARDED,buffer_type=BufferType::L1,shard_spec=ShardSpec(grid={[(x=0,y=0) - (x=7,y=7)]},shape={32, 160},orientation=ShardOrientation::ROW_MAJOR),nd_shard_spec=std::nullopt,created_with_nd_shard_spec=0) mem config. Using computed config. (matmul_op.cpp:1674)
2026-05-29 08:08:41.576 | INFO     | models.demos.wormhole.stable_diffusion.tt.ttnn_functional_unet_2d_condition_model_new_conv:__call__:491 - Up block 0
2026-05-29 08:08:41.577 | INFO     | models.demos.wormhole.stable_diffusion.tt.ttnn_functional_unet_2d_condition_model_new_conv:__call__:491 - Up block 1
2026-05-29 08:08:41.582 | INFO     | models.demos.wormhole.stable_diffusion.tt.ttnn_functional_unet_2d_condition_model_new_conv:__call__:491 - Up block 2
2026-05-29 08:08:41.590 | INFO     | models.demos.wormhole.stable_diffusion.tt.ttnn_functional_unet_2d_condition_model_new_conv:__call__:491 - Up block 3
2026-05-29 08:08:41.611 | INFO     | models.demos.wormhole.stable_diffusion.tt.ttnn_functional_unet_2d_condition_model_new_conv:__call__:406 - Down block 0
2026-05-29 08:08:41.616 | info     |              Op | act_block_h_override 2 is not a valid override for padded_output_height_ntiles_per_core 7, instead 1 was selected as closest valid option! (conv2d_utils.cpp:401)
2026-05-29 08:08:41.617 | INFO     | models.demos.wormhole.stable_diffusion.tt.ttnn_functional_unet_2d_condition_model_new_conv:__call__:406 - Down block 1
2026-05-29 08:08:41.622 | INFO     | models.demos.wormhole.stable_diffusion.tt.ttnn_functional_unet_2d_condition_model_new_conv:__call__:406 - Down block 2
2026-05-29 08:08:41.625 | INFO     | models.demos.wormhole.stable_diffusion.tt.ttnn_functional_unet_2d_condition_model_new_conv:__call__:406 - Down block 3
2026-05-29 08:08:41.626 | INFO     | models.demos.wormhole.stable_diffusion.tt.ttnn_functional_unet_2d_condition_model_new_conv:__call__:460 - Mid block
2026-05-29 08:08:41.626 | warning  |              Op | Mismatch between computed MemoryConfig(memory_layout=TensorMemoryLayout::BLOCK_SHARDED,buffer_type=BufferType::L1,shard_spec=ShardSpec(grid={[(x=0,y=0) - (x=7,y=3)]},shape={32, 160},orientation=ShardOrientation::ROW_MAJOR),nd_shard_spec=NdShardSpec(shard_shape=Shape([32, 160]),grid={[(x=0,y=0) - (x=7,y=3)]},orientation=ShardOrientation::ROW_MAJOR,shard_distribution_strategy=ShardDistributionStrategy::GRID_2D),created_with_nd_shard_spec=0) and provided MemoryConfig(memory_layout=TensorMemoryLayout::BLOCK_SHARDED,buffer_type=BufferType::L1,shard_spec=ShardSpec(grid={[(x=0,y=0) - (x=7,y=7)]},shape={32, 160},orientation=ShardOrientation::ROW_MAJOR),nd_shard_spec=std::nullopt,created_with_nd_shard_spec=0) mem config. Using computed config. (matmul_op.cpp:1674)
2026-05-29 08:08:41.628 | INFO     | models.demos.wormhole.stable_diffusion.tt.ttnn_functional_unet_2d_condition_model_new_conv:__call__:491 - Up block 0
2026-05-29 08:08:41.629 | INFO     | models.demos.wormhole.stable_diffusion.tt.ttnn_functional_unet_2d_condition_model_new_conv:__call__:491 - Up block 1
2026-05-29 08:08:41.634 | INFO     | models.demos.wormhole.stable_diffusion.tt.ttnn_functional_unet_2d_condition_model_new_conv:__call__:491 - Up block 2
2026-05-29 08:08:41.642 | INFO     | models.demos.wormhole.stable_diffusion.tt.ttnn_functional_unet_2d_condition_model_new_conv:__call__:491 - Up block 3
2026-05-29 08:08:41.663 | INFO     | models.demos.wormhole.stable_diffusion.tt.ttnn_functional_unet_2d_condition_model_new_conv:__call__:406 - Down block 0
2026-05-29 08:08:41.668 | info     |              Op | act_block_h_override 2 is not a valid override for padded_output_height_ntiles_per_core 7, instead 1 was selected as closest valid option! (conv2d_utils.cpp:401)
2026-05-29 08:08:41.668 | INFO     | models.demos.wormhole.stable_diffusion.tt.ttnn_functional_unet_2d_condition_model_new_conv:__call__:406 - Down block 1
2026-05-29 08:08:41.674 | INFO     | models.demos.wormhole.stable_diffusion.tt.ttnn_functional_unet_2d_condition_model_new_conv:__call__:406 - Down block 2
2026-05-29 08:08:41.677 | INFO     | models.demos.wormhole.stable_diffusion.tt.ttnn_functional_unet_2d_condition_model_new_conv:__call__:406 - Down block 3
2026-05-29 08:08:41.677 | INFO     | models.demos.wormhole.stable_diffusion.tt.ttnn_functional_unet_2d_condition_model_new_conv:__call__:460 - Mid block
2026-05-29 08:08:41.678 | warning  |              Op | Mismatch between computed MemoryConfig(memory_layout=TensorMemoryLayout::BLOCK_SHARDED,buffer_type=BufferType::L1,shard_spec=ShardSpec(grid={[(x=0,y=0) - (x=7,y=3)]},shape={32, 160},orientation=ShardOrientation::ROW_MAJOR),nd_shard_spec=NdShardSpec(shard_shape=Shape([32, 160]),grid={[(x=0,y=0) - (x=7,y=3)]},orientation=ShardOrientation::ROW_MAJOR,shard_distribution_strategy=ShardDistributionStrategy::GRID_2D),created_with_nd_shard_spec=0) and provided MemoryConfig(memory_layout=TensorMemoryLayout::BLOCK_SHARDED,buffer_type=BufferType::L1,shard_spec=ShardSpec(grid={[(x=0,y=0) - (x=7,y=7)]},shape={32, 160},orientation=ShardOrientation::ROW_MAJOR),nd_shard_spec=std::nullopt,created_with_nd_shard_spec=0) mem config. Using computed config. (matmul_op.cpp:1674)
2026-05-29 08:08:41.679 | INFO     | models.demos.wormhole.stable_diffusion.tt.ttnn_functional_unet_2d_condition_model_new_conv:__call__:491 - Up block 0
2026-05-29 08:08:41.681 | INFO     | models.demos.wormhole.stable_diffusion.tt.ttnn_functional_unet_2d_condition_model_new_conv:__call__:491 - Up block 1
2026-05-29 08:08:41.685 | INFO     | models.demos.wormhole.stable_diffusion.tt.ttnn_functional_unet_2d_condition_model_new_conv:__call__:491 - Up block 2
2026-05-29 08:08:41.693 | INFO     | models.demos.wormhole.stable_diffusion.tt.ttnn_functional_unet_2d_condition_model_new_conv:__call__:491 - Up block 3
2026-05-29 08:08:41.714 | INFO     | models.demos.wormhole.stable_diffusion.tt.ttnn_functional_unet_2d_condition_model_new_conv:__call__:406 - Down block 0
2026-05-29 08:08:41.720 | info     |              Op | act_block_h_override 2 is not a valid override for padded_output_height_ntiles_per_core 7, instead 1 was selected as closest valid option! (conv2d_utils.cpp:401)
2026-05-29 08:08:41.720 | INFO     | models.demos.wormhole.stable_diffusion.tt.ttnn_functional_unet_2d_condition_model_new_conv:__call__:406 - Down block 1
2026-05-29 08:08:41.726 | INFO     | models.demos.wormhole.stable_diffusion.tt.ttnn_functional_unet_2d_condition_model_new_conv:__call__:406 - Down block 2
2026-05-29 08:08:41.729 | INFO     | models.demos.wormhole.stable_diffusion.tt.ttnn_functional_unet_2d_condition_model_new_conv:__call__:406 - Down block 3
2026-05-29 08:08:41.730 | INFO     | models.demos.wormhole.stable_diffusion.tt.ttnn_functional_unet_2d_condition_model_new_conv:__call__:460 - Mid block
2026-05-29 08:08:41.730 | warning  |              Op | Mismatch between computed MemoryConfig(memory_layout=TensorMemoryLayout::BLOCK_SHARDED,buffer_type=BufferType::L1,shard_spec=ShardSpec(grid={[(x=0,y=0) - (x=7,y=3)]},shape={32, 160},orientation=ShardOrientation::ROW_MAJOR),nd_shard_spec=NdShardSpec(shard_shape=Shape([32, 160]),grid={[(x=0,y=0) - (x=7,y=3)]},orientation=ShardOrientation::ROW_MAJOR,shard_distribution_strategy=ShardDistributionStrategy::GRID_2D),created_with_nd_shard_spec=0) and provided MemoryConfig(memory_layout=TensorMemoryLayout::BLOCK_SHARDED,buffer_type=BufferType::L1,shard_spec=ShardSpec(grid={[(x=0,y=0) - (x=7,y=7)]},shape={32, 160},orientation=ShardOrientation::ROW_MAJOR),nd_shard_spec=std::nullopt,created_with_nd_shard_spec=0) mem config. Using computed config. (matmul_op.cpp:1674)
2026-05-29 08:08:41.732 | INFO     | models.demos.wormhole.stable_diffusion.tt.ttnn_functional_unet_2d_condition_model_new_conv:__call__:491 - Up block 0
2026-05-29 08:08:41.733 | INFO     | models.demos.wormhole.stable_diffusion.tt.ttnn_functional_unet_2d_condition_model_new_conv:__call__:491 - Up block 1
2026-05-29 08:08:41.738 | INFO     | models.demos.wormhole.stable_diffusion.tt.ttnn_functional_unet_2d_condition_model_new_conv:__call__:491 - Up block 2
2026-05-29 08:08:41.746 | INFO     | models.demos.wormhole.stable_diffusion.tt.ttnn_functional_unet_2d_condition_model_new_conv:__call__:491 - Up block 3
2026-05-29 08:08:41.766 | INFO     | models.demos.wormhole.stable_diffusion.tt.ttnn_functional_unet_2d_condition_model_new_conv:__call__:406 - Down block 0
2026-05-29 08:08:41.772 | info     |              Op | act_block_h_override 2 is not a valid override for padded_output_height_ntiles_per_core 7, instead 1 was selected as closest valid option! (conv2d_utils.cpp:401)
2026-05-29 08:08:41.772 | INFO     | models.demos.wormhole.stable_diffusion.tt.ttnn_functional_unet_2d_condition_model_new_conv:__call__:406 - Down block 1
2026-05-29 08:08:41.777 | INFO     | models.demos.wormhole.stable_diffusion.tt.ttnn_functional_unet_2d_condition_model_new_conv:__call__:406 - Down block 2
2026-05-29 08:08:41.781 | INFO     | models.demos.wormhole.stable_diffusion.tt.ttnn_functional_unet_2d_condition_model_new_conv:__call__:406 - Down block 3
2026-05-29 08:08:41.781 | INFO     | models.demos.wormhole.stable_diffusion.tt.ttnn_functional_unet_2d_condition_model_new_conv:__call__:460 - Mid block
2026-05-29 08:08:41.782 | warning  |              Op | Mismatch between computed MemoryConfig(memory_layout=TensorMemoryLayout::BLOCK_SHARDED,buffer_type=BufferType::L1,shard_spec=ShardSpec(grid={[(x=0,y=0) - (x=7,y=3)]},shape={32, 160},orientation=ShardOrientation::ROW_MAJOR),nd_shard_spec=NdShardSpec(shard_shape=Shape([32, 160]),grid={[(x=0,y=0) - (x=7,y=3)]},orientation=ShardOrientation::ROW_MAJOR,shard_distribution_strategy=ShardDistributionStrategy::GRID_2D),created_with_nd_shard_spec=0) and provided MemoryConfig(memory_layout=TensorMemoryLayout::BLOCK_SHARDED,buffer_type=BufferType::L1,shard_spec=ShardSpec(grid={[(x=0,y=0) - (x=7,y=7)]},shape={32, 160},orientation=ShardOrientation::ROW_MAJOR),nd_shard_spec=std::nullopt,created_with_nd_shard_spec=0) mem config. Using computed config. (matmul_op.cpp:1674)
2026-05-29 08:08:41.783 | INFO     | models.demos.wormhole.stable_diffusion.tt.ttnn_functional_unet_2d_condition_model_new_conv:__call__:491 - Up block 0
2026-05-29 08:08:41.785 | INFO     | models.demos.wormhole.stable_diffusion.tt.ttnn_functional_unet_2d_condition_model_new_conv:__call__:491 - Up block 1
2026-05-29 08:08:41.789 | INFO     | models.demos.wormhole.stable_diffusion.tt.ttnn_functional_unet_2d_condition_model_new_conv:__call__:491 - Up block 2
2026-05-29 08:08:41.797 | INFO     | models.demos.wormhole.stable_diffusion.tt.ttnn_functional_unet_2d_condition_model_new_conv:__call__:491 - Up block 3
  Step 16/41
2026-05-29 08:08:41.820 | INFO     | models.demos.wormhole.stable_diffusion.tt.ttnn_functional_unet_2d_condition_model_new_conv:__call__:406 - Down block 0
2026-05-29 08:08:41.826 | info     |              Op | act_block_h_override 2 is not a valid override for padded_output_height_ntiles_per_core 7, instead 1 was selected as closest valid option! (conv2d_utils.cpp:401)
2026-05-29 08:08:41.826 | INFO     | models.demos.wormhole.stable_diffusion.tt.ttnn_functional_unet_2d_condition_model_new_conv:__call__:406 - Down block 1
2026-05-29 08:08:41.832 | INFO     | models.demos.wormhole.stable_diffusion.tt.ttnn_functional_unet_2d_condition_model_new_conv:__call__:406 - Down block 2
2026-05-29 08:08:41.835 | INFO     | models.demos.wormhole.stable_diffusion.tt.ttnn_functional_unet_2d_condition_model_new_conv:__call__:406 - Down block 3
2026-05-29 08:08:41.836 | INFO     | models.demos.wormhole.stable_diffusion.tt.ttnn_functional_unet_2d_condition_model_new_conv:__call__:460 - Mid block
2026-05-29 08:08:41.836 | warning  |              Op | Mismatch between computed MemoryConfig(memory_layout=TensorMemoryLayout::BLOCK_SHARDED,buffer_type=BufferType::L1,shard_spec=ShardSpec(grid={[(x=0,y=0) - (x=7,y=3)]},shape={32, 160},orientation=ShardOrientation::ROW_MAJOR),nd_shard_spec=NdShardSpec(shard_shape=Shape([32, 160]),grid={[(x=0,y=0) - (x=7,y=3)]},orientation=ShardOrientation::ROW_MAJOR,shard_distribution_strategy=ShardDistributionStrategy::GRID_2D),created_with_nd_shard_spec=0) and provided MemoryConfig(memory_layout=TensorMemoryLayout::BLOCK_SHARDED,buffer_type=BufferType::L1,shard_spec=ShardSpec(grid={[(x=0,y=0) - (x=7,y=7)]},shape={32, 160},orientation=ShardOrientation::ROW_MAJOR),nd_shard_spec=std::nullopt,created_with_nd_shard_spec=0) mem config. Using computed config. (matmul_op.cpp:1674)
2026-05-29 08:08:41.838 | INFO     | models.demos.wormhole.stable_diffusion.tt.ttnn_functional_unet_2d_condition_model_new_conv:__call__:491 - Up block 0
2026-05-29 08:08:41.839 | INFO     | models.demos.wormhole.stable_diffusion.tt.ttnn_functional_unet_2d_condition_model_new_conv:__call__:491 - Up block 1
2026-05-29 08:08:41.844 | INFO     | models.demos.wormhole.stable_diffusion.tt.ttnn_functional_unet_2d_condition_model_new_conv:__call__:491 - Up block 2
2026-05-29 08:08:41.853 | INFO     | models.demos.wormhole.stable_diffusion.tt.ttnn_functional_unet_2d_condition_model_new_conv:__call__:491 - Up block 3
2026-05-29 08:08:41.873 | INFO     | models.demos.wormhole.stable_diffusion.tt.ttnn_functional_unet_2d_condition_model_new_conv:__call__:406 - Down block 0
2026-05-29 08:08:41.879 | info     |              Op | act_block_h_override 2 is not a valid override for padded_output_height_ntiles_per_core 7, instead 1 was selected as closest valid option! (conv2d_utils.cpp:401)
2026-05-29 08:08:41.879 | INFO     | models.demos.wormhole.stable_diffusion.tt.ttnn_functional_unet_2d_condition_model_new_conv:__call__:406 - Down block 1
2026-05-29 08:08:41.884 | INFO     | models.demos.wormhole.stable_diffusion.tt.ttnn_functional_unet_2d_condition_model_new_conv:__call__:406 - Down block 2
2026-05-29 08:08:41.888 | INFO     | models.demos.wormhole.stable_diffusion.tt.ttnn_functional_unet_2d_condition_model_new_conv:__call__:406 - Down block 3
2026-05-29 08:08:41.888 | INFO     | models.demos.wormhole.stable_diffusion.tt.ttnn_functional_unet_2d_condition_model_new_conv:__call__:460 - Mid block
2026-05-29 08:08:41.889 | warning  |              Op | Mismatch between computed MemoryConfig(memory_layout=TensorMemoryLayout::BLOCK_SHARDED,buffer_type=BufferType::L1,shard_spec=ShardSpec(grid={[(x=0,y=0) - (x=7,y=3)]},shape={32, 160},orientation=ShardOrientation::ROW_MAJOR),nd_shard_spec=NdShardSpec(shard_shape=Shape([32, 160]),grid={[(x=0,y=0) - (x=7,y=3)]},orientation=ShardOrientation::ROW_MAJOR,shard_distribution_strategy=ShardDistributionStrategy::GRID_2D),created_with_nd_shard_spec=0) and provided MemoryConfig(memory_layout=TensorMemoryLayout::BLOCK_SHARDED,buffer_type=BufferType::L1,shard_spec=ShardSpec(grid={[(x=0,y=0) - (x=7,y=7)]},shape={32, 160},orientation=ShardOrientation::ROW_MAJOR),nd_shard_spec=std::nullopt,created_with_nd_shard_spec=0) mem config. Using computed config. (matmul_op.cpp:1674)
2026-05-29 08:08:41.890 | INFO     | models.demos.wormhole.stable_diffusion.tt.ttnn_functional_unet_2d_condition_model_new_conv:__call__:491 - Up block 0
2026-05-29 08:08:41.892 | INFO     | models.demos.wormhole.stable_diffusion.tt.ttnn_functional_unet_2d_condition_model_new_conv:__call__:491 - Up block 1
2026-05-29 08:08:41.897 | INFO     | models.demos.wormhole.stable_diffusion.tt.ttnn_functional_unet_2d_condition_model_new_conv:__call__:491 - Up block 2
2026-05-29 08:08:41.904 | INFO     | models.demos.wormhole.stable_diffusion.tt.ttnn_functional_unet_2d_condition_model_new_conv:__call__:491 - Up block 3
2026-05-29 08:08:41.925 | INFO     | models.demos.wormhole.stable_diffusion.tt.ttnn_functional_unet_2d_condition_model_new_conv:__call__:406 - Down block 0
2026-05-29 08:08:41.930 | info     |              Op | act_block_h_override 2 is not a valid override for padded_output_height_ntiles_per_core 7, instead 1 was selected as closest valid option! (conv2d_utils.cpp:401)
2026-05-29 08:08:41.931 | INFO     | models.demos.wormhole.stable_diffusion.tt.ttnn_functional_unet_2d_condition_model_new_conv:__call__:406 - Down block 1
2026-05-29 08:08:41.936 | INFO     | models.demos.wormhole.stable_diffusion.tt.ttnn_functional_unet_2d_condition_model_new_conv:__call__:406 - Down block 2
2026-05-29 08:08:41.939 | INFO     | models.demos.wormhole.stable_diffusion.tt.ttnn_functional_unet_2d_condition_model_new_conv:__call__:406 - Down block 3
2026-05-29 08:08:41.940 | INFO     | models.demos.wormhole.stable_diffusion.tt.ttnn_functional_unet_2d_condition_model_new_conv:__call__:460 - Mid block
2026-05-29 08:08:41.940 | warning  |              Op | Mismatch between computed MemoryConfig(memory_layout=TensorMemoryLayout::BLOCK_SHARDED,buffer_type=BufferType::L1,shard_spec=ShardSpec(grid={[(x=0,y=0) - (x=7,y=3)]},shape={32, 160},orientation=ShardOrientation::ROW_MAJOR),nd_shard_spec=NdShardSpec(shard_shape=Shape([32, 160]),grid={[(x=0,y=0) - (x=7,y=3)]},orientation=ShardOrientation::ROW_MAJOR,shard_distribution_strategy=ShardDistributionStrategy::GRID_2D),created_with_nd_shard_spec=0) and provided MemoryConfig(memory_layout=TensorMemoryLayout::BLOCK_SHARDED,buffer_type=BufferType::L1,shard_spec=ShardSpec(grid={[(x=0,y=0) - (x=7,y=7)]},shape={32, 160},orientation=ShardOrientation::ROW_MAJOR),nd_shard_spec=std::nullopt,created_with_nd_shard_spec=0) mem config. Using computed config. (matmul_op.cpp:1674)
2026-05-29 08:08:41.942 | INFO     | models.demos.wormhole.stable_diffusion.tt.ttnn_functional_unet_2d_condition_model_new_conv:__call__:491 - Up block 0
2026-05-29 08:08:41.943 | INFO     | models.demos.wormhole.stable_diffusion.tt.ttnn_functional_unet_2d_condition_model_new_conv:__call__:491 - Up block 1
2026-05-29 08:08:41.948 | INFO     | models.demos.wormhole.stable_diffusion.tt.ttnn_functional_unet_2d_condition_model_new_conv:__call__:491 - Up block 2
2026-05-29 08:08:41.956 | INFO     | models.demos.wormhole.stable_diffusion.tt.ttnn_functional_unet_2d_condition_model_new_conv:__call__:491 - Up block 3
2026-05-29 08:08:41.977 | INFO     | models.demos.wormhole.stable_diffusion.tt.ttnn_functional_unet_2d_condition_model_new_conv:__call__:406 - Down block 0
2026-05-29 08:08:41.982 | info     |              Op | act_block_h_override 2 is not a valid override for padded_output_height_ntiles_per_core 7, instead 1 was selected as closest valid option! (conv2d_utils.cpp:401)
2026-05-29 08:08:41.983 | INFO     | models.demos.wormhole.stable_diffusion.tt.ttnn_functional_unet_2d_condition_model_new_conv:__call__:406 - Down block 1
2026-05-29 08:08:41.988 | INFO     | models.demos.wormhole.stable_diffusion.tt.ttnn_functional_unet_2d_condition_model_new_conv:__call__:406 - Down block 2
2026-05-29 08:08:41.991 | INFO     | models.demos.wormhole.stable_diffusion.tt.ttnn_functional_unet_2d_condition_model_new_conv:__call__:406 - Down block 3
2026-05-29 08:08:41.992 | INFO     | models.demos.wormhole.stable_diffusion.tt.ttnn_functional_unet_2d_condition_model_new_conv:__call__:460 - Mid block
2026-05-29 08:08:41.993 | warning  |              Op | Mismatch between computed MemoryConfig(memory_layout=TensorMemoryLayout::BLOCK_SHARDED,buffer_type=BufferType::L1,shard_spec=ShardSpec(grid={[(x=0,y=0) - (x=7,y=3)]},shape={32, 160},orientation=ShardOrientation::ROW_MAJOR),nd_shard_spec=NdShardSpec(shard_shape=Shape([32, 160]),grid={[(x=0,y=0) - (x=7,y=3)]},orientation=ShardOrientation::ROW_MAJOR,shard_distribution_strategy=ShardDistributionStrategy::GRID_2D),created_with_nd_shard_spec=0) and provided MemoryConfig(memory_layout=TensorMemoryLayout::BLOCK_SHARDED,buffer_type=BufferType::L1,shard_spec=ShardSpec(grid={[(x=0,y=0) - (x=7,y=7)]},shape={32, 160},orientation=ShardOrientation::ROW_MAJOR),nd_shard_spec=std::nullopt,created_with_nd_shard_spec=0) mem config. Using computed config. (matmul_op.cpp:1674)
2026-05-29 08:08:41.994 | INFO     | models.demos.wormhole.stable_diffusion.tt.ttnn_functional_unet_2d_condition_model_new_conv:__call__:491 - Up block 0
2026-05-29 08:08:41.995 | INFO     | models.demos.wormhole.stable_diffusion.tt.ttnn_functional_unet_2d_condition_model_new_conv:__call__:491 - Up block 1
2026-05-29 08:08:42.000 | INFO     | models.demos.wormhole.stable_diffusion.tt.ttnn_functional_unet_2d_condition_model_new_conv:__call__:491 - Up block 2
2026-05-29 08:08:42.009 | INFO     | models.demos.wormhole.stable_diffusion.tt.ttnn_functional_unet_2d_condition_model_new_conv:__call__:491 - Up block 3
2026-05-29 08:08:42.029 | INFO     | models.demos.wormhole.stable_diffusion.tt.ttnn_functional_unet_2d_condition_model_new_conv:__call__:406 - Down block 0
2026-05-29 08:08:42.035 | info     |              Op | act_block_h_override 2 is not a valid override for padded_output_height_ntiles_per_core 7, instead 1 was selected as closest valid option! (conv2d_utils.cpp:401)
2026-05-29 08:08:42.035 | INFO     | models.demos.wormhole.stable_diffusion.tt.ttnn_functional_unet_2d_condition_model_new_conv:__call__:406 - Down block 1
2026-05-29 08:08:42.040 | INFO     | models.demos.wormhole.stable_diffusion.tt.ttnn_functional_unet_2d_condition_model_new_conv:__call__:406 - Down block 2
2026-05-29 08:08:42.043 | INFO     | models.demos.wormhole.stable_diffusion.tt.ttnn_functional_unet_2d_condition_model_new_conv:__call__:406 - Down block 3
2026-05-29 08:08:42.044 | INFO     | models.demos.wormhole.stable_diffusion.tt.ttnn_functional_unet_2d_condition_model_new_conv:__call__:460 - Mid block
2026-05-29 08:08:42.045 | warning  |              Op | Mismatch between computed MemoryConfig(memory_layout=TensorMemoryLayout::BLOCK_SHARDED,buffer_type=BufferType::L1,shard_spec=ShardSpec(grid={[(x=0,y=0) - (x=7,y=3)]},shape={32, 160},orientation=ShardOrientation::ROW_MAJOR),nd_shard_spec=NdShardSpec(shard_shape=Shape([32, 160]),grid={[(x=0,y=0) - (x=7,y=3)]},orientation=ShardOrientation::ROW_MAJOR,shard_distribution_strategy=ShardDistributionStrategy::GRID_2D),created_with_nd_shard_spec=0) and provided MemoryConfig(memory_layout=TensorMemoryLayout::BLOCK_SHARDED,buffer_type=BufferType::L1,shard_spec=ShardSpec(grid={[(x=0,y=0) - (x=7,y=7)]},shape={32, 160},orientation=ShardOrientation::ROW_MAJOR),nd_shard_spec=std::nullopt,created_with_nd_shard_spec=0) mem config. Using computed config. (matmul_op.cpp:1674)
2026-05-29 08:08:42.046 | INFO     | models.demos.wormhole.stable_diffusion.tt.ttnn_functional_unet_2d_condition_model_new_conv:__call__:491 - Up block 0
2026-05-29 08:08:42.047 | INFO     | models.demos.wormhole.stable_diffusion.tt.ttnn_functional_unet_2d_condition_model_new_conv:__call__:491 - Up block 1
2026-05-29 08:08:42.052 | INFO     | models.demos.wormhole.stable_diffusion.tt.ttnn_functional_unet_2d_condition_model_new_conv:__call__:491 - Up block 2
2026-05-29 08:08:42.060 | INFO     | models.demos.wormhole.stable_diffusion.tt.ttnn_functional_unet_2d_condition_model_new_conv:__call__:491 - Up block 3
2026-05-29 08:08:42.081 | INFO     | models.demos.wormhole.stable_diffusion.tt.ttnn_functional_unet_2d_condition_model_new_conv:__call__:406 - Down block 0
2026-05-29 08:08:42.087 | info     |              Op | act_block_h_override 2 is not a valid override for padded_output_height_ntiles_per_core 7, instead 1 was selected as closest valid option! (conv2d_utils.cpp:401)
2026-05-29 08:08:42.087 | INFO     | models.demos.wormhole.stable_diffusion.tt.ttnn_functional_unet_2d_condition_model_new_conv:__call__:406 - Down block 1
2026-05-29 08:08:42.092 | INFO     | models.demos.wormhole.stable_diffusion.tt.ttnn_functional_unet_2d_condition_model_new_conv:__call__:406 - Down block 2
2026-05-29 08:08:42.096 | INFO     | models.demos.wormhole.stable_diffusion.tt.ttnn_functional_unet_2d_condition_model_new_conv:__call__:406 - Down block 3
2026-05-29 08:08:42.096 | INFO     | models.demos.wormhole.stable_diffusion.tt.ttnn_functional_unet_2d_condition_model_new_conv:__call__:460 - Mid block
2026-05-29 08:08:42.097 | warning  |              Op | Mismatch between computed MemoryConfig(memory_layout=TensorMemoryLayout::BLOCK_SHARDED,buffer_type=BufferType::L1,shard_spec=ShardSpec(grid={[(x=0,y=0) - (x=7,y=3)]},shape={32, 160},orientation=ShardOrientation::ROW_MAJOR),nd_shard_spec=NdShardSpec(shard_shape=Shape([32, 160]),grid={[(x=0,y=0) - (x=7,y=3)]},orientation=ShardOrientation::ROW_MAJOR,shard_distribution_strategy=ShardDistributionStrategy::GRID_2D),created_with_nd_shard_spec=0) and provided MemoryConfig(memory_layout=TensorMemoryLayout::BLOCK_SHARDED,buffer_type=BufferType::L1,shard_spec=ShardSpec(grid={[(x=0,y=0) - (x=7,y=7)]},shape={32, 160},orientation=ShardOrientation::ROW_MAJOR),nd_shard_spec=std::nullopt,created_with_nd_shard_spec=0) mem config. Using computed config. (matmul_op.cpp:1674)
2026-05-29 08:08:42.098 | INFO     | models.demos.wormhole.stable_diffusion.tt.ttnn_functional_unet_2d_condition_model_new_conv:__call__:491 - Up block 0
2026-05-29 08:08:42.099 | INFO     | models.demos.wormhole.stable_diffusion.tt.ttnn_functional_unet_2d_condition_model_new_conv:__call__:491 - Up block 1
2026-05-29 08:08:42.104 | INFO     | models.demos.wormhole.stable_diffusion.tt.ttnn_functional_unet_2d_condition_model_new_conv:__call__:491 - Up block 2
2026-05-29 08:08:42.112 | INFO     | models.demos.wormhole.stable_diffusion.tt.ttnn_functional_unet_2d_condition_model_new_conv:__call__:491 - Up block 3
2026-05-29 08:08:42.133 | INFO     | models.demos.wormhole.stable_diffusion.tt.ttnn_functional_unet_2d_condition_model_new_conv:__call__:406 - Down block 0
2026-05-29 08:08:42.138 | info     |              Op | act_block_h_override 2 is not a valid override for padded_output_height_ntiles_per_core 7, instead 1 was selected as closest valid option! (conv2d_utils.cpp:401)
2026-05-29 08:08:42.138 | INFO     | models.demos.wormhole.stable_diffusion.tt.ttnn_functional_unet_2d_condition_model_new_conv:__call__:406 - Down block 1
2026-05-29 08:08:42.144 | INFO     | models.demos.wormhole.stable_diffusion.tt.ttnn_functional_unet_2d_condition_model_new_conv:__call__:406 - Down block 2
2026-05-29 08:08:42.147 | INFO     | models.demos.wormhole.stable_diffusion.tt.ttnn_functional_unet_2d_condition_model_new_conv:__call__:406 - Down block 3
2026-05-29 08:08:42.148 | INFO     | models.demos.wormhole.stable_diffusion.tt.ttnn_functional_unet_2d_condition_model_new_conv:__call__:460 - Mid block
2026-05-29 08:08:42.148 | warning  |              Op | Mismatch between computed MemoryConfig(memory_layout=TensorMemoryLayout::BLOCK_SHARDED,buffer_type=BufferType::L1,shard_spec=ShardSpec(grid={[(x=0,y=0) - (x=7,y=3)]},shape={32, 160},orientation=ShardOrientation::ROW_MAJOR),nd_shard_spec=NdShardSpec(shard_shape=Shape([32, 160]),grid={[(x=0,y=0) - (x=7,y=3)]},orientation=ShardOrientation::ROW_MAJOR,shard_distribution_strategy=ShardDistributionStrategy::GRID_2D),created_with_nd_shard_spec=0) and provided MemoryConfig(memory_layout=TensorMemoryLayout::BLOCK_SHARDED,buffer_type=BufferType::L1,shard_spec=ShardSpec(grid={[(x=0,y=0) - (x=7,y=7)]},shape={32, 160},orientation=ShardOrientation::ROW_MAJOR),nd_shard_spec=std::nullopt,created_with_nd_shard_spec=0) mem config. Using computed config. (matmul_op.cpp:1674)
2026-05-29 08:08:42.150 | INFO     | models.demos.wormhole.stable_diffusion.tt.ttnn_functional_unet_2d_condition_model_new_conv:__call__:491 - Up block 0
2026-05-29 08:08:42.151 | INFO     | models.demos.wormhole.stable_diffusion.tt.ttnn_functional_unet_2d_condition_model_new_conv:__call__:491 - Up block 1
2026-05-29 08:08:42.156 | INFO     | models.demos.wormhole.stable_diffusion.tt.ttnn_functional_unet_2d_condition_model_new_conv:__call__:491 - Up block 2
2026-05-29 08:08:42.164 | INFO     | models.demos.wormhole.stable_diffusion.tt.ttnn_functional_unet_2d_condition_model_new_conv:__call__:491 - Up block 3
2026-05-29 08:08:42.184 | INFO     | models.demos.wormhole.stable_diffusion.tt.ttnn_functional_unet_2d_condition_model_new_conv:__call__:406 - Down block 0
2026-05-29 08:08:42.190 | info     |              Op | act_block_h_override 2 is not a valid override for padded_output_height_ntiles_per_core 7, instead 1 was selected as closest valid option! (conv2d_utils.cpp:401)
2026-05-29 08:08:42.190 | INFO     | models.demos.wormhole.stable_diffusion.tt.ttnn_functional_unet_2d_condition_model_new_conv:__call__:406 - Down block 1
2026-05-29 08:08:42.196 | INFO     | models.demos.wormhole.stable_diffusion.tt.ttnn_functional_unet_2d_condition_model_new_conv:__call__:406 - Down block 2
2026-05-29 08:08:42.199 | INFO     | models.demos.wormhole.stable_diffusion.tt.ttnn_functional_unet_2d_condition_model_new_conv:__call__:406 - Down block 3
2026-05-29 08:08:42.200 | INFO     | models.demos.wormhole.stable_diffusion.tt.ttnn_functional_unet_2d_condition_model_new_conv:__call__:460 - Mid block
2026-05-29 08:08:42.200 | warning  |              Op | Mismatch between computed MemoryConfig(memory_layout=TensorMemoryLayout::BLOCK_SHARDED,buffer_type=BufferType::L1,shard_spec=ShardSpec(grid={[(x=0,y=0) - (x=7,y=3)]},shape={32, 160},orientation=ShardOrientation::ROW_MAJOR),nd_shard_spec=NdShardSpec(shard_shape=Shape([32, 160]),grid={[(x=0,y=0) - (x=7,y=3)]},orientation=ShardOrientation::ROW_MAJOR,shard_distribution_strategy=ShardDistributionStrategy::GRID_2D),created_with_nd_shard_spec=0) and provided MemoryConfig(memory_layout=TensorMemoryLayout::BLOCK_SHARDED,buffer_type=BufferType::L1,shard_spec=ShardSpec(grid={[(x=0,y=0) - (x=7,y=7)]},shape={32, 160},orientation=ShardOrientation::ROW_MAJOR),nd_shard_spec=std::nullopt,created_with_nd_shard_spec=0) mem config. Using computed config. (matmul_op.cpp:1674)
2026-05-29 08:08:42.202 | INFO     | models.demos.wormhole.stable_diffusion.tt.ttnn_functional_unet_2d_condition_model_new_conv:__call__:491 - Up block 0
2026-05-29 08:08:42.203 | INFO     | models.demos.wormhole.stable_diffusion.tt.ttnn_functional_unet_2d_condition_model_new_conv:__call__:491 - Up block 1
2026-05-29 08:08:42.208 | INFO     | models.demos.wormhole.stable_diffusion.tt.ttnn_functional_unet_2d_condition_model_new_conv:__call__:491 - Up block 2
2026-05-29 08:08:42.216 | INFO     | models.demos.wormhole.stable_diffusion.tt.ttnn_functional_unet_2d_condition_model_new_conv:__call__:491 - Up block 3
  Step 17/41
2026-05-29 08:08:42.238 | INFO     | models.demos.wormhole.stable_diffusion.tt.ttnn_functional_unet_2d_condition_model_new_conv:__call__:406 - Down block 0
2026-05-29 08:08:42.244 | info     |              Op | act_block_h_override 2 is not a valid override for padded_output_height_ntiles_per_core 7, instead 1 was selected as closest valid option! (conv2d_utils.cpp:401)
2026-05-29 08:08:42.244 | INFO     | models.demos.wormhole.stable_diffusion.tt.ttnn_functional_unet_2d_condition_model_new_conv:__call__:406 - Down block 1
2026-05-29 08:08:42.250 | INFO     | models.demos.wormhole.stable_diffusion.tt.ttnn_functional_unet_2d_condition_model_new_conv:__call__:406 - Down block 2
2026-05-29 08:08:42.254 | INFO     | models.demos.wormhole.stable_diffusion.tt.ttnn_functional_unet_2d_condition_model_new_conv:__call__:406 - Down block 3
2026-05-29 08:08:42.254 | INFO     | models.demos.wormhole.stable_diffusion.tt.ttnn_functional_unet_2d_condition_model_new_conv:__call__:460 - Mid block
2026-05-29 08:08:42.255 | warning  |              Op | Mismatch between computed MemoryConfig(memory_layout=TensorMemoryLayout::BLOCK_SHARDED,buffer_type=BufferType::L1,shard_spec=ShardSpec(grid={[(x=0,y=0) - (x=7,y=3)]},shape={32, 160},orientation=ShardOrientation::ROW_MAJOR),nd_shard_spec=NdShardSpec(shard_shape=Shape([32, 160]),grid={[(x=0,y=0) - (x=7,y=3)]},orientation=ShardOrientation::ROW_MAJOR,shard_distribution_strategy=ShardDistributionStrategy::GRID_2D),created_with_nd_shard_spec=0) and provided MemoryConfig(memory_layout=TensorMemoryLayout::BLOCK_SHARDED,buffer_type=BufferType::L1,shard_spec=ShardSpec(grid={[(x=0,y=0) - (x=7,y=7)]},shape={32, 160},orientation=ShardOrientation::ROW_MAJOR),nd_shard_spec=std::nullopt,created_with_nd_shard_spec=0) mem config. Using computed config. (matmul_op.cpp:1674)
2026-05-29 08:08:42.256 | INFO     | models.demos.wormhole.stable_diffusion.tt.ttnn_functional_unet_2d_condition_model_new_conv:__call__:491 - Up block 0
2026-05-29 08:08:42.257 | INFO     | models.demos.wormhole.stable_diffusion.tt.ttnn_functional_unet_2d_condition_model_new_conv:__call__:491 - Up block 1
2026-05-29 08:08:42.262 | INFO     | models.demos.wormhole.stable_diffusion.tt.ttnn_functional_unet_2d_condition_model_new_conv:__call__:491 - Up block 2
2026-05-29 08:08:42.270 | INFO     | models.demos.wormhole.stable_diffusion.tt.ttnn_functional_unet_2d_condition_model_new_conv:__call__:491 - Up block 3
2026-05-29 08:08:42.290 | INFO     | models.demos.wormhole.stable_diffusion.tt.ttnn_functional_unet_2d_condition_model_new_conv:__call__:406 - Down block 0
2026-05-29 08:08:42.296 | info     |              Op | act_block_h_override 2 is not a valid override for padded_output_height_ntiles_per_core 7, instead 1 was selected as closest valid option! (conv2d_utils.cpp:401)
2026-05-29 08:08:42.296 | INFO     | models.demos.wormhole.stable_diffusion.tt.ttnn_functional_unet_2d_condition_model_new_conv:__call__:406 - Down block 1
2026-05-29 08:08:42.302 | INFO     | models.demos.wormhole.stable_diffusion.tt.ttnn_functional_unet_2d_condition_model_new_conv:__call__:406 - Down block 2
2026-05-29 08:08:42.305 | INFO     | models.demos.wormhole.stable_diffusion.tt.ttnn_functional_unet_2d_condition_model_new_conv:__call__:406 - Down block 3
2026-05-29 08:08:42.306 | INFO     | models.demos.wormhole.stable_diffusion.tt.ttnn_functional_unet_2d_condition_model_new_conv:__call__:460 - Mid block
2026-05-29 08:08:42.306 | warning  |              Op | Mismatch between computed MemoryConfig(memory_layout=TensorMemoryLayout::BLOCK_SHARDED,buffer_type=BufferType::L1,shard_spec=ShardSpec(grid={[(x=0,y=0) - (x=7,y=3)]},shape={32, 160},orientation=ShardOrientation::ROW_MAJOR),nd_shard_spec=NdShardSpec(shard_shape=Shape([32, 160]),grid={[(x=0,y=0) - (x=7,y=3)]},orientation=ShardOrientation::ROW_MAJOR,shard_distribution_strategy=ShardDistributionStrategy::GRID_2D),created_with_nd_shard_spec=0) and provided MemoryConfig(memory_layout=TensorMemoryLayout::BLOCK_SHARDED,buffer_type=BufferType::L1,shard_spec=ShardSpec(grid={[(x=0,y=0) - (x=7,y=7)]},shape={32, 160},orientation=ShardOrientation::ROW_MAJOR),nd_shard_spec=std::nullopt,created_with_nd_shard_spec=0) mem config. Using computed config. (matmul_op.cpp:1674)
2026-05-29 08:08:42.308 | INFO     | models.demos.wormhole.stable_diffusion.tt.ttnn_functional_unet_2d_condition_model_new_conv:__call__:491 - Up block 0
2026-05-29 08:08:42.309 | INFO     | models.demos.wormhole.stable_diffusion.tt.ttnn_functional_unet_2d_condition_model_new_conv:__call__:491 - Up block 1
2026-05-29 08:08:42.314 | INFO     | models.demos.wormhole.stable_diffusion.tt.ttnn_functional_unet_2d_condition_model_new_conv:__call__:491 - Up block 2
2026-05-29 08:08:42.322 | INFO     | models.demos.wormhole.stable_diffusion.tt.ttnn_functional_unet_2d_condition_model_new_conv:__call__:491 - Up block 3
2026-05-29 08:08:42.342 | INFO     | models.demos.wormhole.stable_diffusion.tt.ttnn_functional_unet_2d_condition_model_new_conv:__call__:406 - Down block 0
2026-05-29 08:08:42.348 | info     |              Op | act_block_h_override 2 is not a valid override for padded_output_height_ntiles_per_core 7, instead 1 was selected as closest valid option! (conv2d_utils.cpp:401)
2026-05-29 08:08:42.348 | INFO     | models.demos.wormhole.stable_diffusion.tt.ttnn_functional_unet_2d_condition_model_new_conv:__call__:406 - Down block 1
2026-05-29 08:08:42.354 | INFO     | models.demos.wormhole.stable_diffusion.tt.ttnn_functional_unet_2d_condition_model_new_conv:__call__:406 - Down block 2
2026-05-29 08:08:42.357 | INFO     | models.demos.wormhole.stable_diffusion.tt.ttnn_functional_unet_2d_condition_model_new_conv:__call__:406 - Down block 3
2026-05-29 08:08:42.358 | INFO     | models.demos.wormhole.stable_diffusion.tt.ttnn_functional_unet_2d_condition_model_new_conv:__call__:460 - Mid block
2026-05-29 08:08:42.359 | warning  |              Op | Mismatch between computed MemoryConfig(memory_layout=TensorMemoryLayout::BLOCK_SHARDED,buffer_type=BufferType::L1,shard_spec=ShardSpec(grid={[(x=0,y=0) - (x=7,y=3)]},shape={32, 160},orientation=ShardOrientation::ROW_MAJOR),nd_shard_spec=NdShardSpec(shard_shape=Shape([32, 160]),grid={[(x=0,y=0) - (x=7,y=3)]},orientation=ShardOrientation::ROW_MAJOR,shard_distribution_strategy=ShardDistributionStrategy::GRID_2D),created_with_nd_shard_spec=0) and provided MemoryConfig(memory_layout=TensorMemoryLayout::BLOCK_SHARDED,buffer_type=BufferType::L1,shard_spec=ShardSpec(grid={[(x=0,y=0) - (x=7,y=7)]},shape={32, 160},orientation=ShardOrientation::ROW_MAJOR),nd_shard_spec=std::nullopt,created_with_nd_shard_spec=0) mem config. Using computed config. (matmul_op.cpp:1674)
2026-05-29 08:08:42.360 | INFO     | models.demos.wormhole.stable_diffusion.tt.ttnn_functional_unet_2d_condition_model_new_conv:__call__:491 - Up block 0
2026-05-29 08:08:42.362 | INFO     | models.demos.wormhole.stable_diffusion.tt.ttnn_functional_unet_2d_condition_model_new_conv:__call__:491 - Up block 1
2026-05-29 08:08:42.367 | INFO     | models.demos.wormhole.stable_diffusion.tt.ttnn_functional_unet_2d_condition_model_new_conv:__call__:491 - Up block 2
2026-05-29 08:08:42.375 | INFO     | models.demos.wormhole.stable_diffusion.tt.ttnn_functional_unet_2d_condition_model_new_conv:__call__:491 - Up block 3
2026-05-29 08:08:42.395 | INFO     | models.demos.wormhole.stable_diffusion.tt.ttnn_functional_unet_2d_condition_model_new_conv:__call__:406 - Down block 0
2026-05-29 08:08:42.401 | info     |              Op | act_block_h_override 2 is not a valid override for padded_output_height_ntiles_per_core 7, instead 1 was selected as closest valid option! (conv2d_utils.cpp:401)
2026-05-29 08:08:42.401 | INFO     | models.demos.wormhole.stable_diffusion.tt.ttnn_functional_unet_2d_condition_model_new_conv:__call__:406 - Down block 1
2026-05-29 08:08:42.406 | INFO     | models.demos.wormhole.stable_diffusion.tt.ttnn_functional_unet_2d_condition_model_new_conv:__call__:406 - Down block 2
2026-05-29 08:08:42.409 | INFO     | models.demos.wormhole.stable_diffusion.tt.ttnn_functional_unet_2d_condition_model_new_conv:__call__:406 - Down block 3
2026-05-29 08:08:42.410 | INFO     | models.demos.wormhole.stable_diffusion.tt.ttnn_functional_unet_2d_condition_model_new_conv:__call__:460 - Mid block
2026-05-29 08:08:42.411 | warning  |              Op | Mismatch between computed MemoryConfig(memory_layout=TensorMemoryLayout::BLOCK_SHARDED,buffer_type=BufferType::L1,shard_spec=ShardSpec(grid={[(x=0,y=0) - (x=7,y=3)]},shape={32, 160},orientation=ShardOrientation::ROW_MAJOR),nd_shard_spec=NdShardSpec(shard_shape=Shape([32, 160]),grid={[(x=0,y=0) - (x=7,y=3)]},orientation=ShardOrientation::ROW_MAJOR,shard_distribution_strategy=ShardDistributionStrategy::GRID_2D),created_with_nd_shard_spec=0) and provided MemoryConfig(memory_layout=TensorMemoryLayout::BLOCK_SHARDED,buffer_type=BufferType::L1,shard_spec=ShardSpec(grid={[(x=0,y=0) - (x=7,y=7)]},shape={32, 160},orientation=ShardOrientation::ROW_MAJOR),nd_shard_spec=std::nullopt,created_with_nd_shard_spec=0) mem config. Using computed config. (matmul_op.cpp:1674)
2026-05-29 08:08:42.412 | INFO     | models.demos.wormhole.stable_diffusion.tt.ttnn_functional_unet_2d_condition_model_new_conv:__call__:491 - Up block 0
2026-05-29 08:08:42.413 | INFO     | models.demos.wormhole.stable_diffusion.tt.ttnn_functional_unet_2d_condition_model_new_conv:__call__:491 - Up block 1
2026-05-29 08:08:42.418 | INFO     | models.demos.wormhole.stable_diffusion.tt.ttnn_functional_unet_2d_condition_model_new_conv:__call__:491 - Up block 2
2026-05-29 08:08:42.426 | INFO     | models.demos.wormhole.stable_diffusion.tt.ttnn_functional_unet_2d_condition_model_new_conv:__call__:491 - Up block 3
2026-05-29 08:08:42.447 | INFO     | models.demos.wormhole.stable_diffusion.tt.ttnn_functional_unet_2d_condition_model_new_conv:__call__:406 - Down block 0
2026-05-29 08:08:42.452 | info     |              Op | act_block_h_override 2 is not a valid override for padded_output_height_ntiles_per_core 7, instead 1 was selected as closest valid option! (conv2d_utils.cpp:401)
2026-05-29 08:08:42.453 | INFO     | models.demos.wormhole.stable_diffusion.tt.ttnn_functional_unet_2d_condition_model_new_conv:__call__:406 - Down block 1
2026-05-29 08:08:42.458 | INFO     | models.demos.wormhole.stable_diffusion.tt.ttnn_functional_unet_2d_condition_model_new_conv:__call__:406 - Down block 2
2026-05-29 08:08:42.461 | INFO     | models.demos.wormhole.stable_diffusion.tt.ttnn_functional_unet_2d_condition_model_new_conv:__call__:406 - Down block 3
2026-05-29 08:08:42.462 | INFO     | models.demos.wormhole.stable_diffusion.tt.ttnn_functional_unet_2d_condition_model_new_conv:__call__:460 - Mid block
2026-05-29 08:08:42.462 | warning  |              Op | Mismatch between computed MemoryConfig(memory_layout=TensorMemoryLayout::BLOCK_SHARDED,buffer_type=BufferType::L1,shard_spec=ShardSpec(grid={[(x=0,y=0) - (x=7,y=3)]},shape={32, 160},orientation=ShardOrientation::ROW_MAJOR),nd_shard_spec=NdShardSpec(shard_shape=Shape([32, 160]),grid={[(x=0,y=0) - (x=7,y=3)]},orientation=ShardOrientation::ROW_MAJOR,shard_distribution_strategy=ShardDistributionStrategy::GRID_2D),created_with_nd_shard_spec=0) and provided MemoryConfig(memory_layout=TensorMemoryLayout::BLOCK_SHARDED,buffer_type=BufferType::L1,shard_spec=ShardSpec(grid={[(x=0,y=0) - (x=7,y=7)]},shape={32, 160},orientation=ShardOrientation::ROW_MAJOR),nd_shard_spec=std::nullopt,created_with_nd_shard_spec=0) mem config. Using computed config. (matmul_op.cpp:1674)
2026-05-29 08:08:42.464 | INFO     | models.demos.wormhole.stable_diffusion.tt.ttnn_functional_unet_2d_condition_model_new_conv:__call__:491 - Up block 0
2026-05-29 08:08:42.465 | INFO     | models.demos.wormhole.stable_diffusion.tt.ttnn_functional_unet_2d_condition_model_new_conv:__call__:491 - Up block 1
2026-05-29 08:08:42.470 | INFO     | models.demos.wormhole.stable_diffusion.tt.ttnn_functional_unet_2d_condition_model_new_conv:__call__:491 - Up block 2
2026-05-29 08:08:42.478 | INFO     | models.demos.wormhole.stable_diffusion.tt.ttnn_functional_unet_2d_condition_model_new_conv:__call__:491 - Up block 3
2026-05-29 08:08:42.499 | INFO     | models.demos.wormhole.stable_diffusion.tt.ttnn_functional_unet_2d_condition_model_new_conv:__call__:406 - Down block 0
2026-05-29 08:08:42.504 | info     |              Op | act_block_h_override 2 is not a valid override for padded_output_height_ntiles_per_core 7, instead 1 was selected as closest valid option! (conv2d_utils.cpp:401)
2026-05-29 08:08:42.505 | INFO     | models.demos.wormhole.stable_diffusion.tt.ttnn_functional_unet_2d_condition_model_new_conv:__call__:406 - Down block 1
2026-05-29 08:08:42.510 | INFO     | models.demos.wormhole.stable_diffusion.tt.ttnn_functional_unet_2d_condition_model_new_conv:__call__:406 - Down block 2
2026-05-29 08:08:42.514 | INFO     | models.demos.wormhole.stable_diffusion.tt.ttnn_functional_unet_2d_condition_model_new_conv:__call__:406 - Down block 3
2026-05-29 08:08:42.514 | INFO     | models.demos.wormhole.stable_diffusion.tt.ttnn_functional_unet_2d_condition_model_new_conv:__call__:460 - Mid block
2026-05-29 08:08:42.515 | warning  |              Op | Mismatch between computed MemoryConfig(memory_layout=TensorMemoryLayout::BLOCK_SHARDED,buffer_type=BufferType::L1,shard_spec=ShardSpec(grid={[(x=0,y=0) - (x=7,y=3)]},shape={32, 160},orientation=ShardOrientation::ROW_MAJOR),nd_shard_spec=NdShardSpec(shard_shape=Shape([32, 160]),grid={[(x=0,y=0) - (x=7,y=3)]},orientation=ShardOrientation::ROW_MAJOR,shard_distribution_strategy=ShardDistributionStrategy::GRID_2D),created_with_nd_shard_spec=0) and provided MemoryConfig(memory_layout=TensorMemoryLayout::BLOCK_SHARDED,buffer_type=BufferType::L1,shard_spec=ShardSpec(grid={[(x=0,y=0) - (x=7,y=7)]},shape={32, 160},orientation=ShardOrientation::ROW_MAJOR),nd_shard_spec=std::nullopt,created_with_nd_shard_spec=0) mem config. Using computed config. (matmul_op.cpp:1674)
2026-05-29 08:08:42.516 | INFO     | models.demos.wormhole.stable_diffusion.tt.ttnn_functional_unet_2d_condition_model_new_conv:__call__:491 - Up block 0
2026-05-29 08:08:42.517 | INFO     | models.demos.wormhole.stable_diffusion.tt.ttnn_functional_unet_2d_condition_model_new_conv:__call__:491 - Up block 1
2026-05-29 08:08:42.522 | INFO     | models.demos.wormhole.stable_diffusion.tt.ttnn_functional_unet_2d_condition_model_new_conv:__call__:491 - Up block 2
2026-05-29 08:08:42.530 | INFO     | models.demos.wormhole.stable_diffusion.tt.ttnn_functional_unet_2d_condition_model_new_conv:__call__:491 - Up block 3
2026-05-29 08:08:42.551 | INFO     | models.demos.wormhole.stable_diffusion.tt.ttnn_functional_unet_2d_condition_model_new_conv:__call__:406 - Down block 0
2026-05-29 08:08:42.556 | info     |              Op | act_block_h_override 2 is not a valid override for padded_output_height_ntiles_per_core 7, instead 1 was selected as closest valid option! (conv2d_utils.cpp:401)
2026-05-29 08:08:42.556 | INFO     | models.demos.wormhole.stable_diffusion.tt.ttnn_functional_unet_2d_condition_model_new_conv:__call__:406 - Down block 1
2026-05-29 08:08:42.562 | INFO     | models.demos.wormhole.stable_diffusion.tt.ttnn_functional_unet_2d_condition_model_new_conv:__call__:406 - Down block 2
2026-05-29 08:08:42.565 | INFO     | models.demos.wormhole.stable_diffusion.tt.ttnn_functional_unet_2d_condition_model_new_conv:__call__:406 - Down block 3
2026-05-29 08:08:42.566 | INFO     | models.demos.wormhole.stable_diffusion.tt.ttnn_functional_unet_2d_condition_model_new_conv:__call__:460 - Mid block
2026-05-29 08:08:42.566 | warning  |              Op | Mismatch between computed MemoryConfig(memory_layout=TensorMemoryLayout::BLOCK_SHARDED,buffer_type=BufferType::L1,shard_spec=ShardSpec(grid={[(x=0,y=0) - (x=7,y=3)]},shape={32, 160},orientation=ShardOrientation::ROW_MAJOR),nd_shard_spec=NdShardSpec(shard_shape=Shape([32, 160]),grid={[(x=0,y=0) - (x=7,y=3)]},orientation=ShardOrientation::ROW_MAJOR,shard_distribution_strategy=ShardDistributionStrategy::GRID_2D),created_with_nd_shard_spec=0) and provided MemoryConfig(memory_layout=TensorMemoryLayout::BLOCK_SHARDED,buffer_type=BufferType::L1,shard_spec=ShardSpec(grid={[(x=0,y=0) - (x=7,y=7)]},shape={32, 160},orientation=ShardOrientation::ROW_MAJOR),nd_shard_spec=std::nullopt,created_with_nd_shard_spec=0) mem config. Using computed config. (matmul_op.cpp:1674)
2026-05-29 08:08:42.568 | INFO     | models.demos.wormhole.stable_diffusion.tt.ttnn_functional_unet_2d_condition_model_new_conv:__call__:491 - Up block 0
2026-05-29 08:08:42.569 | INFO     | models.demos.wormhole.stable_diffusion.tt.ttnn_functional_unet_2d_condition_model_new_conv:__call__:491 - Up block 1
2026-05-29 08:08:42.574 | INFO     | models.demos.wormhole.stable_diffusion.tt.ttnn_functional_unet_2d_condition_model_new_conv:__call__:491 - Up block 2
2026-05-29 08:08:42.582 | INFO     | models.demos.wormhole.stable_diffusion.tt.ttnn_functional_unet_2d_condition_model_new_conv:__call__:491 - Up block 3
2026-05-29 08:08:42.602 | INFO     | models.demos.wormhole.stable_diffusion.tt.ttnn_functional_unet_2d_condition_model_new_conv:__call__:406 - Down block 0
2026-05-29 08:08:42.608 | info     |              Op | act_block_h_override 2 is not a valid override for padded_output_height_ntiles_per_core 7, instead 1 was selected as closest valid option! (conv2d_utils.cpp:401)
2026-05-29 08:08:42.608 | INFO     | models.demos.wormhole.stable_diffusion.tt.ttnn_functional_unet_2d_condition_model_new_conv:__call__:406 - Down block 1
2026-05-29 08:08:42.614 | INFO     | models.demos.wormhole.stable_diffusion.tt.ttnn_functional_unet_2d_condition_model_new_conv:__call__:406 - Down block 2
2026-05-29 08:08:42.617 | INFO     | models.demos.wormhole.stable_diffusion.tt.ttnn_functional_unet_2d_condition_model_new_conv:__call__:406 - Down block 3
2026-05-29 08:08:42.618 | INFO     | models.demos.wormhole.stable_diffusion.tt.ttnn_functional_unet_2d_condition_model_new_conv:__call__:460 - Mid block
2026-05-29 08:08:42.618 | warning  |              Op | Mismatch between computed MemoryConfig(memory_layout=TensorMemoryLayout::BLOCK_SHARDED,buffer_type=BufferType::L1,shard_spec=ShardSpec(grid={[(x=0,y=0) - (x=7,y=3)]},shape={32, 160},orientation=ShardOrientation::ROW_MAJOR),nd_shard_spec=NdShardSpec(shard_shape=Shape([32, 160]),grid={[(x=0,y=0) - (x=7,y=3)]},orientation=ShardOrientation::ROW_MAJOR,shard_distribution_strategy=ShardDistributionStrategy::GRID_2D),created_with_nd_shard_spec=0) and provided MemoryConfig(memory_layout=TensorMemoryLayout::BLOCK_SHARDED,buffer_type=BufferType::L1,shard_spec=ShardSpec(grid={[(x=0,y=0) - (x=7,y=7)]},shape={32, 160},orientation=ShardOrientation::ROW_MAJOR),nd_shard_spec=std::nullopt,created_with_nd_shard_spec=0) mem config. Using computed config. (matmul_op.cpp:1674)
2026-05-29 08:08:42.619 | INFO     | models.demos.wormhole.stable_diffusion.tt.ttnn_functional_unet_2d_condition_model_new_conv:__call__:491 - Up block 0
2026-05-29 08:08:42.621 | INFO     | models.demos.wormhole.stable_diffusion.tt.ttnn_functional_unet_2d_condition_model_new_conv:__call__:491 - Up block 1
2026-05-29 08:08:42.626 | INFO     | models.demos.wormhole.stable_diffusion.tt.ttnn_functional_unet_2d_condition_model_new_conv:__call__:491 - Up block 2
2026-05-29 08:08:42.634 | INFO     | models.demos.wormhole.stable_diffusion.tt.ttnn_functional_unet_2d_condition_model_new_conv:__call__:491 - Up block 3
  Step 18/41
2026-05-29 08:08:42.656 | INFO     | models.demos.wormhole.stable_diffusion.tt.ttnn_functional_unet_2d_condition_model_new_conv:__call__:406 - Down block 0
2026-05-29 08:08:42.662 | info     |              Op | act_block_h_override 2 is not a valid override for padded_output_height_ntiles_per_core 7, instead 1 was selected as closest valid option! (conv2d_utils.cpp:401)
2026-05-29 08:08:42.662 | INFO     | models.demos.wormhole.stable_diffusion.tt.ttnn_functional_unet_2d_condition_model_new_conv:__call__:406 - Down block 1
2026-05-29 08:08:42.668 | INFO     | models.demos.wormhole.stable_diffusion.tt.ttnn_functional_unet_2d_condition_model_new_conv:__call__:406 - Down block 2
2026-05-29 08:08:42.671 | INFO     | models.demos.wormhole.stable_diffusion.tt.ttnn_functional_unet_2d_condition_model_new_conv:__call__:406 - Down block 3
2026-05-29 08:08:42.672 | INFO     | models.demos.wormhole.stable_diffusion.tt.ttnn_functional_unet_2d_condition_model_new_conv:__call__:460 - Mid block
2026-05-29 08:08:42.673 | warning  |              Op | Mismatch between computed MemoryConfig(memory_layout=TensorMemoryLayout::BLOCK_SHARDED,buffer_type=BufferType::L1,shard_spec=ShardSpec(grid={[(x=0,y=0) - (x=7,y=3)]},shape={32, 160},orientation=ShardOrientation::ROW_MAJOR),nd_shard_spec=NdShardSpec(shard_shape=Shape([32, 160]),grid={[(x=0,y=0) - (x=7,y=3)]},orientation=ShardOrientation::ROW_MAJOR,shard_distribution_strategy=ShardDistributionStrategy::GRID_2D),created_with_nd_shard_spec=0) and provided MemoryConfig(memory_layout=TensorMemoryLayout::BLOCK_SHARDED,buffer_type=BufferType::L1,shard_spec=ShardSpec(grid={[(x=0,y=0) - (x=7,y=7)]},shape={32, 160},orientation=ShardOrientation::ROW_MAJOR),nd_shard_spec=std::nullopt,created_with_nd_shard_spec=0) mem config. Using computed config. (matmul_op.cpp:1674)
2026-05-29 08:08:42.674 | INFO     | models.demos.wormhole.stable_diffusion.tt.ttnn_functional_unet_2d_condition_model_new_conv:__call__:491 - Up block 0
2026-05-29 08:08:42.675 | INFO     | models.demos.wormhole.stable_diffusion.tt.ttnn_functional_unet_2d_condition_model_new_conv:__call__:491 - Up block 1
2026-05-29 08:08:42.680 | INFO     | models.demos.wormhole.stable_diffusion.tt.ttnn_functional_unet_2d_condition_model_new_conv:__call__:491 - Up block 2
2026-05-29 08:08:42.688 | INFO     | models.demos.wormhole.stable_diffusion.tt.ttnn_functional_unet_2d_condition_model_new_conv:__call__:491 - Up block 3
2026-05-29 08:08:42.708 | INFO     | models.demos.wormhole.stable_diffusion.tt.ttnn_functional_unet_2d_condition_model_new_conv:__call__:406 - Down block 0
2026-05-29 08:08:42.714 | info     |              Op | act_block_h_override 2 is not a valid override for padded_output_height_ntiles_per_core 7, instead 1 was selected as closest valid option! (conv2d_utils.cpp:401)
2026-05-29 08:08:42.714 | INFO     | models.demos.wormhole.stable_diffusion.tt.ttnn_functional_unet_2d_condition_model_new_conv:__call__:406 - Down block 1
2026-05-29 08:08:42.720 | INFO     | models.demos.wormhole.stable_diffusion.tt.ttnn_functional_unet_2d_condition_model_new_conv:__call__:406 - Down block 2
2026-05-29 08:08:42.723 | INFO     | models.demos.wormhole.stable_diffusion.tt.ttnn_functional_unet_2d_condition_model_new_conv:__call__:406 - Down block 3
2026-05-29 08:08:42.724 | INFO     | models.demos.wormhole.stable_diffusion.tt.ttnn_functional_unet_2d_condition_model_new_conv:__call__:460 - Mid block
2026-05-29 08:08:42.724 | warning  |              Op | Mismatch between computed MemoryConfig(memory_layout=TensorMemoryLayout::BLOCK_SHARDED,buffer_type=BufferType::L1,shard_spec=ShardSpec(grid={[(x=0,y=0) - (x=7,y=3)]},shape={32, 160},orientation=ShardOrientation::ROW_MAJOR),nd_shard_spec=NdShardSpec(shard_shape=Shape([32, 160]),grid={[(x=0,y=0) - (x=7,y=3)]},orientation=ShardOrientation::ROW_MAJOR,shard_distribution_strategy=ShardDistributionStrategy::GRID_2D),created_with_nd_shard_spec=0) and provided MemoryConfig(memory_layout=TensorMemoryLayout::BLOCK_SHARDED,buffer_type=BufferType::L1,shard_spec=ShardSpec(grid={[(x=0,y=0) - (x=7,y=7)]},shape={32, 160},orientation=ShardOrientation::ROW_MAJOR),nd_shard_spec=std::nullopt,created_with_nd_shard_spec=0) mem config. Using computed config. (matmul_op.cpp:1674)
2026-05-29 08:08:42.726 | INFO     | models.demos.wormhole.stable_diffusion.tt.ttnn_functional_unet_2d_condition_model_new_conv:__call__:491 - Up block 0
2026-05-29 08:08:42.727 | INFO     | models.demos.wormhole.stable_diffusion.tt.ttnn_functional_unet_2d_condition_model_new_conv:__call__:491 - Up block 1
2026-05-29 08:08:42.732 | INFO     | models.demos.wormhole.stable_diffusion.tt.ttnn_functional_unet_2d_condition_model_new_conv:__call__:491 - Up block 2
2026-05-29 08:08:42.740 | INFO     | models.demos.wormhole.stable_diffusion.tt.ttnn_functional_unet_2d_condition_model_new_conv:__call__:491 - Up block 3
2026-05-29 08:08:42.760 | INFO     | models.demos.wormhole.stable_diffusion.tt.ttnn_functional_unet_2d_condition_model_new_conv:__call__:406 - Down block 0
2026-05-29 08:08:42.766 | info     |              Op | act_block_h_override 2 is not a valid override for padded_output_height_ntiles_per_core 7, instead 1 was selected as closest valid option! (conv2d_utils.cpp:401)
2026-05-29 08:08:42.766 | INFO     | models.demos.wormhole.stable_diffusion.tt.ttnn_functional_unet_2d_condition_model_new_conv:__call__:406 - Down block 1
2026-05-29 08:08:42.771 | INFO     | models.demos.wormhole.stable_diffusion.tt.ttnn_functional_unet_2d_condition_model_new_conv:__call__:406 - Down block 2
2026-05-29 08:08:42.775 | INFO     | models.demos.wormhole.stable_diffusion.tt.ttnn_functional_unet_2d_condition_model_new_conv:__call__:406 - Down block 3
2026-05-29 08:08:42.775 | INFO     | models.demos.wormhole.stable_diffusion.tt.ttnn_functional_unet_2d_condition_model_new_conv:__call__:460 - Mid block
2026-05-29 08:08:42.776 | warning  |              Op | Mismatch between computed MemoryConfig(memory_layout=TensorMemoryLayout::BLOCK_SHARDED,buffer_type=BufferType::L1,shard_spec=ShardSpec(grid={[(x=0,y=0) - (x=7,y=3)]},shape={32, 160},orientation=ShardOrientation::ROW_MAJOR),nd_shard_spec=NdShardSpec(shard_shape=Shape([32, 160]),grid={[(x=0,y=0) - (x=7,y=3)]},orientation=ShardOrientation::ROW_MAJOR,shard_distribution_strategy=ShardDistributionStrategy::GRID_2D),created_with_nd_shard_spec=0) and provided MemoryConfig(memory_layout=TensorMemoryLayout::BLOCK_SHARDED,buffer_type=BufferType::L1,shard_spec=ShardSpec(grid={[(x=0,y=0) - (x=7,y=7)]},shape={32, 160},orientation=ShardOrientation::ROW_MAJOR),nd_shard_spec=std::nullopt,created_with_nd_shard_spec=0) mem config. Using computed config. (matmul_op.cpp:1674)
2026-05-29 08:08:42.777 | INFO     | models.demos.wormhole.stable_diffusion.tt.ttnn_functional_unet_2d_condition_model_new_conv:__call__:491 - Up block 0
2026-05-29 08:08:42.778 | INFO     | models.demos.wormhole.stable_diffusion.tt.ttnn_functional_unet_2d_condition_model_new_conv:__call__:491 - Up block 1
2026-05-29 08:08:42.783 | INFO     | models.demos.wormhole.stable_diffusion.tt.ttnn_functional_unet_2d_condition_model_new_conv:__call__:491 - Up block 2
2026-05-29 08:08:42.791 | INFO     | models.demos.wormhole.stable_diffusion.tt.ttnn_functional_unet_2d_condition_model_new_conv:__call__:491 - Up block 3
2026-05-29 08:08:42.812 | INFO     | models.demos.wormhole.stable_diffusion.tt.ttnn_functional_unet_2d_condition_model_new_conv:__call__:406 - Down block 0
2026-05-29 08:08:42.818 | info     |              Op | act_block_h_override 2 is not a valid override for padded_output_height_ntiles_per_core 7, instead 1 was selected as closest valid option! (conv2d_utils.cpp:401)
2026-05-29 08:08:42.818 | INFO     | models.demos.wormhole.stable_diffusion.tt.ttnn_functional_unet_2d_condition_model_new_conv:__call__:406 - Down block 1
2026-05-29 08:08:42.823 | INFO     | models.demos.wormhole.stable_diffusion.tt.ttnn_functional_unet_2d_condition_model_new_conv:__call__:406 - Down block 2
2026-05-29 08:08:42.826 | INFO     | models.demos.wormhole.stable_diffusion.tt.ttnn_functional_unet_2d_condition_model_new_conv:__call__:406 - Down block 3
2026-05-29 08:08:42.827 | INFO     | models.demos.wormhole.stable_diffusion.tt.ttnn_functional_unet_2d_condition_model_new_conv:__call__:460 - Mid block
2026-05-29 08:08:42.828 | warning  |              Op | Mismatch between computed MemoryConfig(memory_layout=TensorMemoryLayout::BLOCK_SHARDED,buffer_type=BufferType::L1,shard_spec=ShardSpec(grid={[(x=0,y=0) - (x=7,y=3)]},shape={32, 160},orientation=ShardOrientation::ROW_MAJOR),nd_shard_spec=NdShardSpec(shard_shape=Shape([32, 160]),grid={[(x=0,y=0) - (x=7,y=3)]},orientation=ShardOrientation::ROW_MAJOR,shard_distribution_strategy=ShardDistributionStrategy::GRID_2D),created_with_nd_shard_spec=0) and provided MemoryConfig(memory_layout=TensorMemoryLayout::BLOCK_SHARDED,buffer_type=BufferType::L1,shard_spec=ShardSpec(grid={[(x=0,y=0) - (x=7,y=7)]},shape={32, 160},orientation=ShardOrientation::ROW_MAJOR),nd_shard_spec=std::nullopt,created_with_nd_shard_spec=0) mem config. Using computed config. (matmul_op.cpp:1674)
2026-05-29 08:08:42.829 | INFO     | models.demos.wormhole.stable_diffusion.tt.ttnn_functional_unet_2d_condition_model_new_conv:__call__:491 - Up block 0
2026-05-29 08:08:42.830 | INFO     | models.demos.wormhole.stable_diffusion.tt.ttnn_functional_unet_2d_condition_model_new_conv:__call__:491 - Up block 1
2026-05-29 08:08:42.835 | INFO     | models.demos.wormhole.stable_diffusion.tt.ttnn_functional_unet_2d_condition_model_new_conv:__call__:491 - Up block 2
2026-05-29 08:08:42.844 | INFO     | models.demos.wormhole.stable_diffusion.tt.ttnn_functional_unet_2d_condition_model_new_conv:__call__:491 - Up block 3
2026-05-29 08:08:42.864 | INFO     | models.demos.wormhole.stable_diffusion.tt.ttnn_functional_unet_2d_condition_model_new_conv:__call__:406 - Down block 0
2026-05-29 08:08:42.870 | info     |              Op | act_block_h_override 2 is not a valid override for padded_output_height_ntiles_per_core 7, instead 1 was selected as closest valid option! (conv2d_utils.cpp:401)
2026-05-29 08:08:42.870 | INFO     | models.demos.wormhole.stable_diffusion.tt.ttnn_functional_unet_2d_condition_model_new_conv:__call__:406 - Down block 1
2026-05-29 08:08:42.875 | INFO     | models.demos.wormhole.stable_diffusion.tt.ttnn_functional_unet_2d_condition_model_new_conv:__call__:406 - Down block 2
2026-05-29 08:08:42.878 | INFO     | models.demos.wormhole.stable_diffusion.tt.ttnn_functional_unet_2d_condition_model_new_conv:__call__:406 - Down block 3
2026-05-29 08:08:42.879 | INFO     | models.demos.wormhole.stable_diffusion.tt.ttnn_functional_unet_2d_condition_model_new_conv:__call__:460 - Mid block
2026-05-29 08:08:42.879 | warning  |              Op | Mismatch between computed MemoryConfig(memory_layout=TensorMemoryLayout::BLOCK_SHARDED,buffer_type=BufferType::L1,shard_spec=ShardSpec(grid={[(x=0,y=0) - (x=7,y=3)]},shape={32, 160},orientation=ShardOrientation::ROW_MAJOR),nd_shard_spec=NdShardSpec(shard_shape=Shape([32, 160]),grid={[(x=0,y=0) - (x=7,y=3)]},orientation=ShardOrientation::ROW_MAJOR,shard_distribution_strategy=ShardDistributionStrategy::GRID_2D),created_with_nd_shard_spec=0) and provided MemoryConfig(memory_layout=TensorMemoryLayout::BLOCK_SHARDED,buffer_type=BufferType::L1,shard_spec=ShardSpec(grid={[(x=0,y=0) - (x=7,y=7)]},shape={32, 160},orientation=ShardOrientation::ROW_MAJOR),nd_shard_spec=std::nullopt,created_with_nd_shard_spec=0) mem config. Using computed config. (matmul_op.cpp:1674)
2026-05-29 08:08:42.881 | INFO     | models.demos.wormhole.stable_diffusion.tt.ttnn_functional_unet_2d_condition_model_new_conv:__call__:491 - Up block 0
2026-05-29 08:08:42.882 | INFO     | models.demos.wormhole.stable_diffusion.tt.ttnn_functional_unet_2d_condition_model_new_conv:__call__:491 - Up block 1
2026-05-29 08:08:42.887 | INFO     | models.demos.wormhole.stable_diffusion.tt.ttnn_functional_unet_2d_condition_model_new_conv:__call__:491 - Up block 2
2026-05-29 08:08:42.895 | INFO     | models.demos.wormhole.stable_diffusion.tt.ttnn_functional_unet_2d_condition_model_new_conv:__call__:491 - Up block 3
2026-05-29 08:08:42.916 | INFO     | models.demos.wormhole.stable_diffusion.tt.ttnn_functional_unet_2d_condition_model_new_conv:__call__:406 - Down block 0
2026-05-29 08:08:42.921 | info     |              Op | act_block_h_override 2 is not a valid override for padded_output_height_ntiles_per_core 7, instead 1 was selected as closest valid option! (conv2d_utils.cpp:401)
2026-05-29 08:08:42.921 | INFO     | models.demos.wormhole.stable_diffusion.tt.ttnn_functional_unet_2d_condition_model_new_conv:__call__:406 - Down block 1
2026-05-29 08:08:42.927 | INFO     | models.demos.wormhole.stable_diffusion.tt.ttnn_functional_unet_2d_condition_model_new_conv:__call__:406 - Down block 2
2026-05-29 08:08:42.930 | INFO     | models.demos.wormhole.stable_diffusion.tt.ttnn_functional_unet_2d_condition_model_new_conv:__call__:406 - Down block 3
2026-05-29 08:08:42.931 | INFO     | models.demos.wormhole.stable_diffusion.tt.ttnn_functional_unet_2d_condition_model_new_conv:__call__:460 - Mid block
2026-05-29 08:08:42.931 | warning  |              Op | Mismatch between computed MemoryConfig(memory_layout=TensorMemoryLayout::BLOCK_SHARDED,buffer_type=BufferType::L1,shard_spec=ShardSpec(grid={[(x=0,y=0) - (x=7,y=3)]},shape={32, 160},orientation=ShardOrientation::ROW_MAJOR),nd_shard_spec=NdShardSpec(shard_shape=Shape([32, 160]),grid={[(x=0,y=0) - (x=7,y=3)]},orientation=ShardOrientation::ROW_MAJOR,shard_distribution_strategy=ShardDistributionStrategy::GRID_2D),created_with_nd_shard_spec=0) and provided MemoryConfig(memory_layout=TensorMemoryLayout::BLOCK_SHARDED,buffer_type=BufferType::L1,shard_spec=ShardSpec(grid={[(x=0,y=0) - (x=7,y=7)]},shape={32, 160},orientation=ShardOrientation::ROW_MAJOR),nd_shard_spec=std::nullopt,created_with_nd_shard_spec=0) mem config. Using computed config. (matmul_op.cpp:1674)
2026-05-29 08:08:42.933 | INFO     | models.demos.wormhole.stable_diffusion.tt.ttnn_functional_unet_2d_condition_model_new_conv:__call__:491 - Up block 0
2026-05-29 08:08:42.934 | INFO     | models.demos.wormhole.stable_diffusion.tt.ttnn_functional_unet_2d_condition_model_new_conv:__call__:491 - Up block 1
2026-05-29 08:08:42.939 | INFO     | models.demos.wormhole.stable_diffusion.tt.ttnn_functional_unet_2d_condition_model_new_conv:__call__:491 - Up block 2
2026-05-29 08:08:42.947 | INFO     | models.demos.wormhole.stable_diffusion.tt.ttnn_functional_unet_2d_condition_model_new_conv:__call__:491 - Up block 3
2026-05-29 08:08:42.967 | INFO     | models.demos.wormhole.stable_diffusion.tt.ttnn_functional_unet_2d_condition_model_new_conv:__call__:406 - Down block 0
2026-05-29 08:08:42.973 | info     |              Op | act_block_h_override 2 is not a valid override for padded_output_height_ntiles_per_core 7, instead 1 was selected as closest valid option! (conv2d_utils.cpp:401)
2026-05-29 08:08:42.973 | INFO     | models.demos.wormhole.stable_diffusion.tt.ttnn_functional_unet_2d_condition_model_new_conv:__call__:406 - Down block 1
2026-05-29 08:08:42.979 | INFO     | models.demos.wormhole.stable_diffusion.tt.ttnn_functional_unet_2d_condition_model_new_conv:__call__:406 - Down block 2
2026-05-29 08:08:42.982 | INFO     | models.demos.wormhole.stable_diffusion.tt.ttnn_functional_unet_2d_condition_model_new_conv:__call__:406 - Down block 3
2026-05-29 08:08:42.983 | INFO     | models.demos.wormhole.stable_diffusion.tt.ttnn_functional_unet_2d_condition_model_new_conv:__call__:460 - Mid block
2026-05-29 08:08:42.983 | warning  |              Op | Mismatch between computed MemoryConfig(memory_layout=TensorMemoryLayout::BLOCK_SHARDED,buffer_type=BufferType::L1,shard_spec=ShardSpec(grid={[(x=0,y=0) - (x=7,y=3)]},shape={32, 160},orientation=ShardOrientation::ROW_MAJOR),nd_shard_spec=NdShardSpec(shard_shape=Shape([32, 160]),grid={[(x=0,y=0) - (x=7,y=3)]},orientation=ShardOrientation::ROW_MAJOR,shard_distribution_strategy=ShardDistributionStrategy::GRID_2D),created_with_nd_shard_spec=0) and provided MemoryConfig(memory_layout=TensorMemoryLayout::BLOCK_SHARDED,buffer_type=BufferType::L1,shard_spec=ShardSpec(grid={[(x=0,y=0) - (x=7,y=7)]},shape={32, 160},orientation=ShardOrientation::ROW_MAJOR),nd_shard_spec=std::nullopt,created_with_nd_shard_spec=0) mem config. Using computed config. (matmul_op.cpp:1674)
2026-05-29 08:08:42.984 | INFO     | models.demos.wormhole.stable_diffusion.tt.ttnn_functional_unet_2d_condition_model_new_conv:__call__:491 - Up block 0
2026-05-29 08:08:42.986 | INFO     | models.demos.wormhole.stable_diffusion.tt.ttnn_functional_unet_2d_condition_model_new_conv:__call__:491 - Up block 1
2026-05-29 08:08:42.991 | INFO     | models.demos.wormhole.stable_diffusion.tt.ttnn_functional_unet_2d_condition_model_new_conv:__call__:491 - Up block 2
2026-05-29 08:08:42.999 | INFO     | models.demos.wormhole.stable_diffusion.tt.ttnn_functional_unet_2d_condition_model_new_conv:__call__:491 - Up block 3
2026-05-29 08:08:43.019 | INFO     | models.demos.wormhole.stable_diffusion.tt.ttnn_functional_unet_2d_condition_model_new_conv:__call__:406 - Down block 0
2026-05-29 08:08:43.025 | info     |              Op | act_block_h_override 2 is not a valid override for padded_output_height_ntiles_per_core 7, instead 1 was selected as closest valid option! (conv2d_utils.cpp:401)
2026-05-29 08:08:43.025 | INFO     | models.demos.wormhole.stable_diffusion.tt.ttnn_functional_unet_2d_condition_model_new_conv:__call__:406 - Down block 1
2026-05-29 08:08:43.031 | INFO     | models.demos.wormhole.stable_diffusion.tt.ttnn_functional_unet_2d_condition_model_new_conv:__call__:406 - Down block 2
2026-05-29 08:08:43.034 | INFO     | models.demos.wormhole.stable_diffusion.tt.ttnn_functional_unet_2d_condition_model_new_conv:__call__:406 - Down block 3
2026-05-29 08:08:43.035 | INFO     | models.demos.wormhole.stable_diffusion.tt.ttnn_functional_unet_2d_condition_model_new_conv:__call__:460 - Mid block
2026-05-29 08:08:43.035 | warning  |              Op | Mismatch between computed MemoryConfig(memory_layout=TensorMemoryLayout::BLOCK_SHARDED,buffer_type=BufferType::L1,shard_spec=ShardSpec(grid={[(x=0,y=0) - (x=7,y=3)]},shape={32, 160},orientation=ShardOrientation::ROW_MAJOR),nd_shard_spec=NdShardSpec(shard_shape=Shape([32, 160]),grid={[(x=0,y=0) - (x=7,y=3)]},orientation=ShardOrientation::ROW_MAJOR,shard_distribution_strategy=ShardDistributionStrategy::GRID_2D),created_with_nd_shard_spec=0) and provided MemoryConfig(memory_layout=TensorMemoryLayout::BLOCK_SHARDED,buffer_type=BufferType::L1,shard_spec=ShardSpec(grid={[(x=0,y=0) - (x=7,y=7)]},shape={32, 160},orientation=ShardOrientation::ROW_MAJOR),nd_shard_spec=std::nullopt,created_with_nd_shard_spec=0) mem config. Using computed config. (matmul_op.cpp:1674)
2026-05-29 08:08:43.037 | INFO     | models.demos.wormhole.stable_diffusion.tt.ttnn_functional_unet_2d_condition_model_new_conv:__call__:491 - Up block 0
2026-05-29 08:08:43.038 | INFO     | models.demos.wormhole.stable_diffusion.tt.ttnn_functional_unet_2d_condition_model_new_conv:__call__:491 - Up block 1
2026-05-29 08:08:43.043 | INFO     | models.demos.wormhole.stable_diffusion.tt.ttnn_functional_unet_2d_condition_model_new_conv:__call__:491 - Up block 2
2026-05-29 08:08:43.051 | INFO     | models.demos.wormhole.stable_diffusion.tt.ttnn_functional_unet_2d_condition_model_new_conv:__call__:491 - Up block 3
  Step 19/41
2026-05-29 08:08:43.073 | INFO     | models.demos.wormhole.stable_diffusion.tt.ttnn_functional_unet_2d_condition_model_new_conv:__call__:406 - Down block 0
2026-05-29 08:08:43.079 | info     |              Op | act_block_h_override 2 is not a valid override for padded_output_height_ntiles_per_core 7, instead 1 was selected as closest valid option! (conv2d_utils.cpp:401)
2026-05-29 08:08:43.079 | INFO     | models.demos.wormhole.stable_diffusion.tt.ttnn_functional_unet_2d_condition_model_new_conv:__call__:406 - Down block 1
2026-05-29 08:08:43.085 | INFO     | models.demos.wormhole.stable_diffusion.tt.ttnn_functional_unet_2d_condition_model_new_conv:__call__:406 - Down block 2
2026-05-29 08:08:43.089 | INFO     | models.demos.wormhole.stable_diffusion.tt.ttnn_functional_unet_2d_condition_model_new_conv:__call__:406 - Down block 3
2026-05-29 08:08:43.089 | INFO     | models.demos.wormhole.stable_diffusion.tt.ttnn_functional_unet_2d_condition_model_new_conv:__call__:460 - Mid block
2026-05-29 08:08:43.090 | warning  |              Op | Mismatch between computed MemoryConfig(memory_layout=TensorMemoryLayout::BLOCK_SHARDED,buffer_type=BufferType::L1,shard_spec=ShardSpec(grid={[(x=0,y=0) - (x=7,y=3)]},shape={32, 160},orientation=ShardOrientation::ROW_MAJOR),nd_shard_spec=NdShardSpec(shard_shape=Shape([32, 160]),grid={[(x=0,y=0) - (x=7,y=3)]},orientation=ShardOrientation::ROW_MAJOR,shard_distribution_strategy=ShardDistributionStrategy::GRID_2D),created_with_nd_shard_spec=0) and provided MemoryConfig(memory_layout=TensorMemoryLayout::BLOCK_SHARDED,buffer_type=BufferType::L1,shard_spec=ShardSpec(grid={[(x=0,y=0) - (x=7,y=7)]},shape={32, 160},orientation=ShardOrientation::ROW_MAJOR),nd_shard_spec=std::nullopt,created_with_nd_shard_spec=0) mem config. Using computed config. (matmul_op.cpp:1674)
2026-05-29 08:08:43.091 | INFO     | models.demos.wormhole.stable_diffusion.tt.ttnn_functional_unet_2d_condition_model_new_conv:__call__:491 - Up block 0
2026-05-29 08:08:43.093 | INFO     | models.demos.wormhole.stable_diffusion.tt.ttnn_functional_unet_2d_condition_model_new_conv:__call__:491 - Up block 1
2026-05-29 08:08:43.098 | INFO     | models.demos.wormhole.stable_diffusion.tt.ttnn_functional_unet_2d_condition_model_new_conv:__call__:491 - Up block 2
2026-05-29 08:08:43.106 | INFO     | models.demos.wormhole.stable_diffusion.tt.ttnn_functional_unet_2d_condition_model_new_conv:__call__:491 - Up block 3
2026-05-29 08:08:43.126 | INFO     | models.demos.wormhole.stable_diffusion.tt.ttnn_functional_unet_2d_condition_model_new_conv:__call__:406 - Down block 0
2026-05-29 08:08:43.131 | info     |              Op | act_block_h_override 2 is not a valid override for padded_output_height_ntiles_per_core 7, instead 1 was selected as closest valid option! (conv2d_utils.cpp:401)
2026-05-29 08:08:43.131 | INFO     | models.demos.wormhole.stable_diffusion.tt.ttnn_functional_unet_2d_condition_model_new_conv:__call__:406 - Down block 1
2026-05-29 08:08:43.137 | INFO     | models.demos.wormhole.stable_diffusion.tt.ttnn_functional_unet_2d_condition_model_new_conv:__call__:406 - Down block 2
2026-05-29 08:08:43.140 | INFO     | models.demos.wormhole.stable_diffusion.tt.ttnn_functional_unet_2d_condition_model_new_conv:__call__:406 - Down block 3
2026-05-29 08:08:43.141 | INFO     | models.demos.wormhole.stable_diffusion.tt.ttnn_functional_unet_2d_condition_model_new_conv:__call__:460 - Mid block
2026-05-29 08:08:43.141 | warning  |              Op | Mismatch between computed MemoryConfig(memory_layout=TensorMemoryLayout::BLOCK_SHARDED,buffer_type=BufferType::L1,shard_spec=ShardSpec(grid={[(x=0,y=0) - (x=7,y=3)]},shape={32, 160},orientation=ShardOrientation::ROW_MAJOR),nd_shard_spec=NdShardSpec(shard_shape=Shape([32, 160]),grid={[(x=0,y=0) - (x=7,y=3)]},orientation=ShardOrientation::ROW_MAJOR,shard_distribution_strategy=ShardDistributionStrategy::GRID_2D),created_with_nd_shard_spec=0) and provided MemoryConfig(memory_layout=TensorMemoryLayout::BLOCK_SHARDED,buffer_type=BufferType::L1,shard_spec=ShardSpec(grid={[(x=0,y=0) - (x=7,y=7)]},shape={32, 160},orientation=ShardOrientation::ROW_MAJOR),nd_shard_spec=std::nullopt,created_with_nd_shard_spec=0) mem config. Using computed config. (matmul_op.cpp:1674)
2026-05-29 08:08:43.143 | INFO     | models.demos.wormhole.stable_diffusion.tt.ttnn_functional_unet_2d_condition_model_new_conv:__call__:491 - Up block 0
2026-05-29 08:08:43.144 | INFO     | models.demos.wormhole.stable_diffusion.tt.ttnn_functional_unet_2d_condition_model_new_conv:__call__:491 - Up block 1
2026-05-29 08:08:43.149 | INFO     | models.demos.wormhole.stable_diffusion.tt.ttnn_functional_unet_2d_condition_model_new_conv:__call__:491 - Up block 2
2026-05-29 08:08:43.157 | INFO     | models.demos.wormhole.stable_diffusion.tt.ttnn_functional_unet_2d_condition_model_new_conv:__call__:491 - Up block 3
2026-05-29 08:08:43.178 | INFO     | models.demos.wormhole.stable_diffusion.tt.ttnn_functional_unet_2d_condition_model_new_conv:__call__:406 - Down block 0
2026-05-29 08:08:43.183 | info     |              Op | act_block_h_override 2 is not a valid override for padded_output_height_ntiles_per_core 7, instead 1 was selected as closest valid option! (conv2d_utils.cpp:401)
2026-05-29 08:08:43.183 | INFO     | models.demos.wormhole.stable_diffusion.tt.ttnn_functional_unet_2d_condition_model_new_conv:__call__:406 - Down block 1
2026-05-29 08:08:43.189 | INFO     | models.demos.wormhole.stable_diffusion.tt.ttnn_functional_unet_2d_condition_model_new_conv:__call__:406 - Down block 2
2026-05-29 08:08:43.192 | INFO     | models.demos.wormhole.stable_diffusion.tt.ttnn_functional_unet_2d_condition_model_new_conv:__call__:406 - Down block 3
2026-05-29 08:08:43.193 | INFO     | models.demos.wormhole.stable_diffusion.tt.ttnn_functional_unet_2d_condition_model_new_conv:__call__:460 - Mid block
2026-05-29 08:08:43.193 | warning  |              Op | Mismatch between computed MemoryConfig(memory_layout=TensorMemoryLayout::BLOCK_SHARDED,buffer_type=BufferType::L1,shard_spec=ShardSpec(grid={[(x=0,y=0) - (x=7,y=3)]},shape={32, 160},orientation=ShardOrientation::ROW_MAJOR),nd_shard_spec=NdShardSpec(shard_shape=Shape([32, 160]),grid={[(x=0,y=0) - (x=7,y=3)]},orientation=ShardOrientation::ROW_MAJOR,shard_distribution_strategy=ShardDistributionStrategy::GRID_2D),created_with_nd_shard_spec=0) and provided MemoryConfig(memory_layout=TensorMemoryLayout::BLOCK_SHARDED,buffer_type=BufferType::L1,shard_spec=ShardSpec(grid={[(x=0,y=0) - (x=7,y=7)]},shape={32, 160},orientation=ShardOrientation::ROW_MAJOR),nd_shard_spec=std::nullopt,created_with_nd_shard_spec=0) mem config. Using computed config. (matmul_op.cpp:1674)
2026-05-29 08:08:43.195 | INFO     | models.demos.wormhole.stable_diffusion.tt.ttnn_functional_unet_2d_condition_model_new_conv:__call__:491 - Up block 0
2026-05-29 08:08:43.196 | INFO     | models.demos.wormhole.stable_diffusion.tt.ttnn_functional_unet_2d_condition_model_new_conv:__call__:491 - Up block 1
2026-05-29 08:08:43.201 | INFO     | models.demos.wormhole.stable_diffusion.tt.ttnn_functional_unet_2d_condition_model_new_conv:__call__:491 - Up block 2
2026-05-29 08:08:43.209 | INFO     | models.demos.wormhole.stable_diffusion.tt.ttnn_functional_unet_2d_condition_model_new_conv:__call__:491 - Up block 3
2026-05-29 08:08:43.229 | INFO     | models.demos.wormhole.stable_diffusion.tt.ttnn_functional_unet_2d_condition_model_new_conv:__call__:406 - Down block 0
2026-05-29 08:08:43.235 | info     |              Op | act_block_h_override 2 is not a valid override for padded_output_height_ntiles_per_core 7, instead 1 was selected as closest valid option! (conv2d_utils.cpp:401)
2026-05-29 08:08:43.235 | INFO     | models.demos.wormhole.stable_diffusion.tt.ttnn_functional_unet_2d_condition_model_new_conv:__call__:406 - Down block 1
2026-05-29 08:08:43.240 | INFO     | models.demos.wormhole.stable_diffusion.tt.ttnn_functional_unet_2d_condition_model_new_conv:__call__:406 - Down block 2
2026-05-29 08:08:43.244 | INFO     | models.demos.wormhole.stable_diffusion.tt.ttnn_functional_unet_2d_condition_model_new_conv:__call__:406 - Down block 3
2026-05-29 08:08:43.244 | INFO     | models.demos.wormhole.stable_diffusion.tt.ttnn_functional_unet_2d_condition_model_new_conv:__call__:460 - Mid block
2026-05-29 08:08:43.245 | warning  |              Op | Mismatch between computed MemoryConfig(memory_layout=TensorMemoryLayout::BLOCK_SHARDED,buffer_type=BufferType::L1,shard_spec=ShardSpec(grid={[(x=0,y=0) - (x=7,y=3)]},shape={32, 160},orientation=ShardOrientation::ROW_MAJOR),nd_shard_spec=NdShardSpec(shard_shape=Shape([32, 160]),grid={[(x=0,y=0) - (x=7,y=3)]},orientation=ShardOrientation::ROW_MAJOR,shard_distribution_strategy=ShardDistributionStrategy::GRID_2D),created_with_nd_shard_spec=0) and provided MemoryConfig(memory_layout=TensorMemoryLayout::BLOCK_SHARDED,buffer_type=BufferType::L1,shard_spec=ShardSpec(grid={[(x=0,y=0) - (x=7,y=7)]},shape={32, 160},orientation=ShardOrientation::ROW_MAJOR),nd_shard_spec=std::nullopt,created_with_nd_shard_spec=0) mem config. Using computed config. (matmul_op.cpp:1674)
2026-05-29 08:08:43.246 | INFO     | models.demos.wormhole.stable_diffusion.tt.ttnn_functional_unet_2d_condition_model_new_conv:__call__:491 - Up block 0
2026-05-29 08:08:43.247 | INFO     | models.demos.wormhole.stable_diffusion.tt.ttnn_functional_unet_2d_condition_model_new_conv:__call__:491 - Up block 1
2026-05-29 08:08:43.252 | INFO     | models.demos.wormhole.stable_diffusion.tt.ttnn_functional_unet_2d_condition_model_new_conv:__call__:491 - Up block 2
2026-05-29 08:08:43.260 | INFO     | models.demos.wormhole.stable_diffusion.tt.ttnn_functional_unet_2d_condition_model_new_conv:__call__:491 - Up block 3
2026-05-29 08:08:43.281 | INFO     | models.demos.wormhole.stable_diffusion.tt.ttnn_functional_unet_2d_condition_model_new_conv:__call__:406 - Down block 0
2026-05-29 08:08:43.287 | info     |              Op | act_block_h_override 2 is not a valid override for padded_output_height_ntiles_per_core 7, instead 1 was selected as closest valid option! (conv2d_utils.cpp:401)
2026-05-29 08:08:43.287 | INFO     | models.demos.wormhole.stable_diffusion.tt.ttnn_functional_unet_2d_condition_model_new_conv:__call__:406 - Down block 1
2026-05-29 08:08:43.293 | INFO     | models.demos.wormhole.stable_diffusion.tt.ttnn_functional_unet_2d_condition_model_new_conv:__call__:406 - Down block 2
2026-05-29 08:08:43.296 | INFO     | models.demos.wormhole.stable_diffusion.tt.ttnn_functional_unet_2d_condition_model_new_conv:__call__:406 - Down block 3
2026-05-29 08:08:43.297 | INFO     | models.demos.wormhole.stable_diffusion.tt.ttnn_functional_unet_2d_condition_model_new_conv:__call__:460 - Mid block
2026-05-29 08:08:43.298 | warning  |              Op | Mismatch between computed MemoryConfig(memory_layout=TensorMemoryLayout::BLOCK_SHARDED,buffer_type=BufferType::L1,shard_spec=ShardSpec(grid={[(x=0,y=0) - (x=7,y=3)]},shape={32, 160},orientation=ShardOrientation::ROW_MAJOR),nd_shard_spec=NdShardSpec(shard_shape=Shape([32, 160]),grid={[(x=0,y=0) - (x=7,y=3)]},orientation=ShardOrientation::ROW_MAJOR,shard_distribution_strategy=ShardDistributionStrategy::GRID_2D),created_with_nd_shard_spec=0) and provided MemoryConfig(memory_layout=TensorMemoryLayout::BLOCK_SHARDED,buffer_type=BufferType::L1,shard_spec=ShardSpec(grid={[(x=0,y=0) - (x=7,y=7)]},shape={32, 160},orientation=ShardOrientation::ROW_MAJOR),nd_shard_spec=std::nullopt,created_with_nd_shard_spec=0) mem config. Using computed config. (matmul_op.cpp:1674)
2026-05-29 08:08:43.299 | INFO     | models.demos.wormhole.stable_diffusion.tt.ttnn_functional_unet_2d_condition_model_new_conv:__call__:491 - Up block 0
2026-05-29 08:08:43.300 | INFO     | models.demos.wormhole.stable_diffusion.tt.ttnn_functional_unet_2d_condition_model_new_conv:__call__:491 - Up block 1
2026-05-29 08:08:43.305 | INFO     | models.demos.wormhole.stable_diffusion.tt.ttnn_functional_unet_2d_condition_model_new_conv:__call__:491 - Up block 2
2026-05-29 08:08:43.313 | INFO     | models.demos.wormhole.stable_diffusion.tt.ttnn_functional_unet_2d_condition_model_new_conv:__call__:491 - Up block 3
2026-05-29 08:08:43.333 | INFO     | models.demos.wormhole.stable_diffusion.tt.ttnn_functional_unet_2d_condition_model_new_conv:__call__:406 - Down block 0
2026-05-29 08:08:43.339 | info     |              Op | act_block_h_override 2 is not a valid override for padded_output_height_ntiles_per_core 7, instead 1 was selected as closest valid option! (conv2d_utils.cpp:401)
2026-05-29 08:08:43.339 | INFO     | models.demos.wormhole.stable_diffusion.tt.ttnn_functional_unet_2d_condition_model_new_conv:__call__:406 - Down block 1
2026-05-29 08:08:43.345 | INFO     | models.demos.wormhole.stable_diffusion.tt.ttnn_functional_unet_2d_condition_model_new_conv:__call__:406 - Down block 2
2026-05-29 08:08:43.348 | INFO     | models.demos.wormhole.stable_diffusion.tt.ttnn_functional_unet_2d_condition_model_new_conv:__call__:406 - Down block 3
2026-05-29 08:08:43.349 | INFO     | models.demos.wormhole.stable_diffusion.tt.ttnn_functional_unet_2d_condition_model_new_conv:__call__:460 - Mid block
2026-05-29 08:08:43.349 | warning  |              Op | Mismatch between computed MemoryConfig(memory_layout=TensorMemoryLayout::BLOCK_SHARDED,buffer_type=BufferType::L1,shard_spec=ShardSpec(grid={[(x=0,y=0) - (x=7,y=3)]},shape={32, 160},orientation=ShardOrientation::ROW_MAJOR),nd_shard_spec=NdShardSpec(shard_shape=Shape([32, 160]),grid={[(x=0,y=0) - (x=7,y=3)]},orientation=ShardOrientation::ROW_MAJOR,shard_distribution_strategy=ShardDistributionStrategy::GRID_2D),created_with_nd_shard_spec=0) and provided MemoryConfig(memory_layout=TensorMemoryLayout::BLOCK_SHARDED,buffer_type=BufferType::L1,shard_spec=ShardSpec(grid={[(x=0,y=0) - (x=7,y=7)]},shape={32, 160},orientation=ShardOrientation::ROW_MAJOR),nd_shard_spec=std::nullopt,created_with_nd_shard_spec=0) mem config. Using computed config. (matmul_op.cpp:1674)
2026-05-29 08:08:43.351 | INFO     | models.demos.wormhole.stable_diffusion.tt.ttnn_functional_unet_2d_condition_model_new_conv:__call__:491 - Up block 0
2026-05-29 08:08:43.352 | INFO     | models.demos.wormhole.stable_diffusion.tt.ttnn_functional_unet_2d_condition_model_new_conv:__call__:491 - Up block 1
2026-05-29 08:08:43.357 | INFO     | models.demos.wormhole.stable_diffusion.tt.ttnn_functional_unet_2d_condition_model_new_conv:__call__:491 - Up block 2
2026-05-29 08:08:43.365 | INFO     | models.demos.wormhole.stable_diffusion.tt.ttnn_functional_unet_2d_condition_model_new_conv:__call__:491 - Up block 3
2026-05-29 08:08:43.385 | INFO     | models.demos.wormhole.stable_diffusion.tt.ttnn_functional_unet_2d_condition_model_new_conv:__call__:406 - Down block 0
2026-05-29 08:08:43.391 | info     |              Op | act_block_h_override 2 is not a valid override for padded_output_height_ntiles_per_core 7, instead 1 was selected as closest valid option! (conv2d_utils.cpp:401)
2026-05-29 08:08:43.391 | INFO     | models.demos.wormhole.stable_diffusion.tt.ttnn_functional_unet_2d_condition_model_new_conv:__call__:406 - Down block 1
2026-05-29 08:08:43.396 | INFO     | models.demos.wormhole.stable_diffusion.tt.ttnn_functional_unet_2d_condition_model_new_conv:__call__:406 - Down block 2
2026-05-29 08:08:43.400 | INFO     | models.demos.wormhole.stable_diffusion.tt.ttnn_functional_unet_2d_condition_model_new_conv:__call__:406 - Down block 3
2026-05-29 08:08:43.400 | INFO     | models.demos.wormhole.stable_diffusion.tt.ttnn_functional_unet_2d_condition_model_new_conv:__call__:460 - Mid block
2026-05-29 08:08:43.401 | warning  |              Op | Mismatch between computed MemoryConfig(memory_layout=TensorMemoryLayout::BLOCK_SHARDED,buffer_type=BufferType::L1,shard_spec=ShardSpec(grid={[(x=0,y=0) - (x=7,y=3)]},shape={32, 160},orientation=ShardOrientation::ROW_MAJOR),nd_shard_spec=NdShardSpec(shard_shape=Shape([32, 160]),grid={[(x=0,y=0) - (x=7,y=3)]},orientation=ShardOrientation::ROW_MAJOR,shard_distribution_strategy=ShardDistributionStrategy::GRID_2D),created_with_nd_shard_spec=0) and provided MemoryConfig(memory_layout=TensorMemoryLayout::BLOCK_SHARDED,buffer_type=BufferType::L1,shard_spec=ShardSpec(grid={[(x=0,y=0) - (x=7,y=7)]},shape={32, 160},orientation=ShardOrientation::ROW_MAJOR),nd_shard_spec=std::nullopt,created_with_nd_shard_spec=0) mem config. Using computed config. (matmul_op.cpp:1674)
2026-05-29 08:08:43.402 | INFO     | models.demos.wormhole.stable_diffusion.tt.ttnn_functional_unet_2d_condition_model_new_conv:__call__:491 - Up block 0
2026-05-29 08:08:43.404 | INFO     | models.demos.wormhole.stable_diffusion.tt.ttnn_functional_unet_2d_condition_model_new_conv:__call__:491 - Up block 1
2026-05-29 08:08:43.409 | INFO     | models.demos.wormhole.stable_diffusion.tt.ttnn_functional_unet_2d_condition_model_new_conv:__call__:491 - Up block 2
2026-05-29 08:08:43.417 | INFO     | models.demos.wormhole.stable_diffusion.tt.ttnn_functional_unet_2d_condition_model_new_conv:__call__:491 - Up block 3
2026-05-29 08:08:43.437 | INFO     | models.demos.wormhole.stable_diffusion.tt.ttnn_functional_unet_2d_condition_model_new_conv:__call__:406 - Down block 0
2026-05-29 08:08:43.443 | info     |              Op | act_block_h_override 2 is not a valid override for padded_output_height_ntiles_per_core 7, instead 1 was selected as closest valid option! (conv2d_utils.cpp:401)
2026-05-29 08:08:43.443 | INFO     | models.demos.wormhole.stable_diffusion.tt.ttnn_functional_unet_2d_condition_model_new_conv:__call__:406 - Down block 1
2026-05-29 08:08:43.448 | INFO     | models.demos.wormhole.stable_diffusion.tt.ttnn_functional_unet_2d_condition_model_new_conv:__call__:406 - Down block 2
2026-05-29 08:08:43.452 | INFO     | models.demos.wormhole.stable_diffusion.tt.ttnn_functional_unet_2d_condition_model_new_conv:__call__:406 - Down block 3
2026-05-29 08:08:43.452 | INFO     | models.demos.wormhole.stable_diffusion.tt.ttnn_functional_unet_2d_condition_model_new_conv:__call__:460 - Mid block
2026-05-29 08:08:43.453 | warning  |              Op | Mismatch between computed MemoryConfig(memory_layout=TensorMemoryLayout::BLOCK_SHARDED,buffer_type=BufferType::L1,shard_spec=ShardSpec(grid={[(x=0,y=0) - (x=7,y=3)]},shape={32, 160},orientation=ShardOrientation::ROW_MAJOR),nd_shard_spec=NdShardSpec(shard_shape=Shape([32, 160]),grid={[(x=0,y=0) - (x=7,y=3)]},orientation=ShardOrientation::ROW_MAJOR,shard_distribution_strategy=ShardDistributionStrategy::GRID_2D),created_with_nd_shard_spec=0) and provided MemoryConfig(memory_layout=TensorMemoryLayout::BLOCK_SHARDED,buffer_type=BufferType::L1,shard_spec=ShardSpec(grid={[(x=0,y=0) - (x=7,y=7)]},shape={32, 160},orientation=ShardOrientation::ROW_MAJOR),nd_shard_spec=std::nullopt,created_with_nd_shard_spec=0) mem config. Using computed config. (matmul_op.cpp:1674)
2026-05-29 08:08:43.454 | INFO     | models.demos.wormhole.stable_diffusion.tt.ttnn_functional_unet_2d_condition_model_new_conv:__call__:491 - Up block 0
2026-05-29 08:08:43.455 | INFO     | models.demos.wormhole.stable_diffusion.tt.ttnn_functional_unet_2d_condition_model_new_conv:__call__:491 - Up block 1
2026-05-29 08:08:43.460 | INFO     | models.demos.wormhole.stable_diffusion.tt.ttnn_functional_unet_2d_condition_model_new_conv:__call__:491 - Up block 2
2026-05-29 08:08:43.468 | INFO     | models.demos.wormhole.stable_diffusion.tt.ttnn_functional_unet_2d_condition_model_new_conv:__call__:491 - Up block 3
  Step 20/41
2026-05-29 08:08:43.491 | INFO     | models.demos.wormhole.stable_diffusion.tt.ttnn_functional_unet_2d_condition_model_new_conv:__call__:406 - Down block 0
2026-05-29 08:08:43.497 | info     |              Op | act_block_h_override 2 is not a valid override for padded_output_height_ntiles_per_core 7, instead 1 was selected as closest valid option! (conv2d_utils.cpp:401)
2026-05-29 08:08:43.497 | INFO     | models.demos.wormhole.stable_diffusion.tt.ttnn_functional_unet_2d_condition_model_new_conv:__call__:406 - Down block 1
2026-05-29 08:08:43.503 | INFO     | models.demos.wormhole.stable_diffusion.tt.ttnn_functional_unet_2d_condition_model_new_conv:__call__:406 - Down block 2
2026-05-29 08:08:43.506 | INFO     | models.demos.wormhole.stable_diffusion.tt.ttnn_functional_unet_2d_condition_model_new_conv:__call__:406 - Down block 3
2026-05-29 08:08:43.507 | INFO     | models.demos.wormhole.stable_diffusion.tt.ttnn_functional_unet_2d_condition_model_new_conv:__call__:460 - Mid block
2026-05-29 08:08:43.508 | warning  |              Op | Mismatch between computed MemoryConfig(memory_layout=TensorMemoryLayout::BLOCK_SHARDED,buffer_type=BufferType::L1,shard_spec=ShardSpec(grid={[(x=0,y=0) - (x=7,y=3)]},shape={32, 160},orientation=ShardOrientation::ROW_MAJOR),nd_shard_spec=NdShardSpec(shard_shape=Shape([32, 160]),grid={[(x=0,y=0) - (x=7,y=3)]},orientation=ShardOrientation::ROW_MAJOR,shard_distribution_strategy=ShardDistributionStrategy::GRID_2D),created_with_nd_shard_spec=0) and provided MemoryConfig(memory_layout=TensorMemoryLayout::BLOCK_SHARDED,buffer_type=BufferType::L1,shard_spec=ShardSpec(grid={[(x=0,y=0) - (x=7,y=7)]},shape={32, 160},orientation=ShardOrientation::ROW_MAJOR),nd_shard_spec=std::nullopt,created_with_nd_shard_spec=0) mem config. Using computed config. (matmul_op.cpp:1674)
2026-05-29 08:08:43.509 | INFO     | models.demos.wormhole.stable_diffusion.tt.ttnn_functional_unet_2d_condition_model_new_conv:__call__:491 - Up block 0
2026-05-29 08:08:43.510 | INFO     | models.demos.wormhole.stable_diffusion.tt.ttnn_functional_unet_2d_condition_model_new_conv:__call__:491 - Up block 1
2026-05-29 08:08:43.515 | INFO     | models.demos.wormhole.stable_diffusion.tt.ttnn_functional_unet_2d_condition_model_new_conv:__call__:491 - Up block 2
2026-05-29 08:08:43.524 | INFO     | models.demos.wormhole.stable_diffusion.tt.ttnn_functional_unet_2d_condition_model_new_conv:__call__:491 - Up block 3
2026-05-29 08:08:43.544 | INFO     | models.demos.wormhole.stable_diffusion.tt.ttnn_functional_unet_2d_condition_model_new_conv:__call__:406 - Down block 0
2026-05-29 08:08:43.549 | info     |              Op | act_block_h_override 2 is not a valid override for padded_output_height_ntiles_per_core 7, instead 1 was selected as closest valid option! (conv2d_utils.cpp:401)
2026-05-29 08:08:43.549 | INFO     | models.demos.wormhole.stable_diffusion.tt.ttnn_functional_unet_2d_condition_model_new_conv:__call__:406 - Down block 1
2026-05-29 08:08:43.555 | INFO     | models.demos.wormhole.stable_diffusion.tt.ttnn_functional_unet_2d_condition_model_new_conv:__call__:406 - Down block 2
2026-05-29 08:08:43.558 | INFO     | models.demos.wormhole.stable_diffusion.tt.ttnn_functional_unet_2d_condition_model_new_conv:__call__:406 - Down block 3
2026-05-29 08:08:43.559 | INFO     | models.demos.wormhole.stable_diffusion.tt.ttnn_functional_unet_2d_condition_model_new_conv:__call__:460 - Mid block
2026-05-29 08:08:43.559 | warning  |              Op | Mismatch between computed MemoryConfig(memory_layout=TensorMemoryLayout::BLOCK_SHARDED,buffer_type=BufferType::L1,shard_spec=ShardSpec(grid={[(x=0,y=0) - (x=7,y=3)]},shape={32, 160},orientation=ShardOrientation::ROW_MAJOR),nd_shard_spec=NdShardSpec(shard_shape=Shape([32, 160]),grid={[(x=0,y=0) - (x=7,y=3)]},orientation=ShardOrientation::ROW_MAJOR,shard_distribution_strategy=ShardDistributionStrategy::GRID_2D),created_with_nd_shard_spec=0) and provided MemoryConfig(memory_layout=TensorMemoryLayout::BLOCK_SHARDED,buffer_type=BufferType::L1,shard_spec=ShardSpec(grid={[(x=0,y=0) - (x=7,y=7)]},shape={32, 160},orientation=ShardOrientation::ROW_MAJOR),nd_shard_spec=std::nullopt,created_with_nd_shard_spec=0) mem config. Using computed config. (matmul_op.cpp:1674)
2026-05-29 08:08:43.561 | INFO     | models.demos.wormhole.stable_diffusion.tt.ttnn_functional_unet_2d_condition_model_new_conv:__call__:491 - Up block 0
2026-05-29 08:08:43.562 | INFO     | models.demos.wormhole.stable_diffusion.tt.ttnn_functional_unet_2d_condition_model_new_conv:__call__:491 - Up block 1
2026-05-29 08:08:43.567 | INFO     | models.demos.wormhole.stable_diffusion.tt.ttnn_functional_unet_2d_condition_model_new_conv:__call__:491 - Up block 2
2026-05-29 08:08:43.575 | INFO     | models.demos.wormhole.stable_diffusion.tt.ttnn_functional_unet_2d_condition_model_new_conv:__call__:491 - Up block 3
2026-05-29 08:08:43.595 | INFO     | models.demos.wormhole.stable_diffusion.tt.ttnn_functional_unet_2d_condition_model_new_conv:__call__:406 - Down block 0
2026-05-29 08:08:43.601 | info     |              Op | act_block_h_override 2 is not a valid override for padded_output_height_ntiles_per_core 7, instead 1 was selected as closest valid option! (conv2d_utils.cpp:401)
2026-05-29 08:08:43.601 | INFO     | models.demos.wormhole.stable_diffusion.tt.ttnn_functional_unet_2d_condition_model_new_conv:__call__:406 - Down block 1
2026-05-29 08:08:43.606 | INFO     | models.demos.wormhole.stable_diffusion.tt.ttnn_functional_unet_2d_condition_model_new_conv:__call__:406 - Down block 2
2026-05-29 08:08:43.610 | INFO     | models.demos.wormhole.stable_diffusion.tt.ttnn_functional_unet_2d_condition_model_new_conv:__call__:406 - Down block 3
2026-05-29 08:08:43.610 | INFO     | models.demos.wormhole.stable_diffusion.tt.ttnn_functional_unet_2d_condition_model_new_conv:__call__:460 - Mid block
2026-05-29 08:08:43.611 | warning  |              Op | Mismatch between computed MemoryConfig(memory_layout=TensorMemoryLayout::BLOCK_SHARDED,buffer_type=BufferType::L1,shard_spec=ShardSpec(grid={[(x=0,y=0) - (x=7,y=3)]},shape={32, 160},orientation=ShardOrientation::ROW_MAJOR),nd_shard_spec=NdShardSpec(shard_shape=Shape([32, 160]),grid={[(x=0,y=0) - (x=7,y=3)]},orientation=ShardOrientation::ROW_MAJOR,shard_distribution_strategy=ShardDistributionStrategy::GRID_2D),created_with_nd_shard_spec=0) and provided MemoryConfig(memory_layout=TensorMemoryLayout::BLOCK_SHARDED,buffer_type=BufferType::L1,shard_spec=ShardSpec(grid={[(x=0,y=0) - (x=7,y=7)]},shape={32, 160},orientation=ShardOrientation::ROW_MAJOR),nd_shard_spec=std::nullopt,created_with_nd_shard_spec=0) mem config. Using computed config. (matmul_op.cpp:1674)
2026-05-29 08:08:43.612 | INFO     | models.demos.wormhole.stable_diffusion.tt.ttnn_functional_unet_2d_condition_model_new_conv:__call__:491 - Up block 0
2026-05-29 08:08:43.613 | INFO     | models.demos.wormhole.stable_diffusion.tt.ttnn_functional_unet_2d_condition_model_new_conv:__call__:491 - Up block 1
2026-05-29 08:08:43.618 | INFO     | models.demos.wormhole.stable_diffusion.tt.ttnn_functional_unet_2d_condition_model_new_conv:__call__:491 - Up block 2
2026-05-29 08:08:43.626 | INFO     | models.demos.wormhole.stable_diffusion.tt.ttnn_functional_unet_2d_condition_model_new_conv:__call__:491 - Up block 3
2026-05-29 08:08:43.647 | INFO     | models.demos.wormhole.stable_diffusion.tt.ttnn_functional_unet_2d_condition_model_new_conv:__call__:406 - Down block 0
2026-05-29 08:08:43.653 | info     |              Op | act_block_h_override 2 is not a valid override for padded_output_height_ntiles_per_core 7, instead 1 was selected as closest valid option! (conv2d_utils.cpp:401)
2026-05-29 08:08:43.653 | INFO     | models.demos.wormhole.stable_diffusion.tt.ttnn_functional_unet_2d_condition_model_new_conv:__call__:406 - Down block 1
2026-05-29 08:08:43.658 | INFO     | models.demos.wormhole.stable_diffusion.tt.ttnn_functional_unet_2d_condition_model_new_conv:__call__:406 - Down block 2
2026-05-29 08:08:43.662 | INFO     | models.demos.wormhole.stable_diffusion.tt.ttnn_functional_unet_2d_condition_model_new_conv:__call__:406 - Down block 3
2026-05-29 08:08:43.662 | INFO     | models.demos.wormhole.stable_diffusion.tt.ttnn_functional_unet_2d_condition_model_new_conv:__call__:460 - Mid block
2026-05-29 08:08:43.663 | warning  |              Op | Mismatch between computed MemoryConfig(memory_layout=TensorMemoryLayout::BLOCK_SHARDED,buffer_type=BufferType::L1,shard_spec=ShardSpec(grid={[(x=0,y=0) - (x=7,y=3)]},shape={32, 160},orientation=ShardOrientation::ROW_MAJOR),nd_shard_spec=NdShardSpec(shard_shape=Shape([32, 160]),grid={[(x=0,y=0) - (x=7,y=3)]},orientation=ShardOrientation::ROW_MAJOR,shard_distribution_strategy=ShardDistributionStrategy::GRID_2D),created_with_nd_shard_spec=0) and provided MemoryConfig(memory_layout=TensorMemoryLayout::BLOCK_SHARDED,buffer_type=BufferType::L1,shard_spec=ShardSpec(grid={[(x=0,y=0) - (x=7,y=7)]},shape={32, 160},orientation=ShardOrientation::ROW_MAJOR),nd_shard_spec=std::nullopt,created_with_nd_shard_spec=0) mem config. Using computed config. (matmul_op.cpp:1674)
2026-05-29 08:08:43.664 | INFO     | models.demos.wormhole.stable_diffusion.tt.ttnn_functional_unet_2d_condition_model_new_conv:__call__:491 - Up block 0
2026-05-29 08:08:43.666 | INFO     | models.demos.wormhole.stable_diffusion.tt.ttnn_functional_unet_2d_condition_model_new_conv:__call__:491 - Up block 1
2026-05-29 08:08:43.671 | INFO     | models.demos.wormhole.stable_diffusion.tt.ttnn_functional_unet_2d_condition_model_new_conv:__call__:491 - Up block 2
2026-05-29 08:08:43.679 | INFO     | models.demos.wormhole.stable_diffusion.tt.ttnn_functional_unet_2d_condition_model_new_conv:__call__:491 - Up block 3
2026-05-29 08:08:43.699 | INFO     | models.demos.wormhole.stable_diffusion.tt.ttnn_functional_unet_2d_condition_model_new_conv:__call__:406 - Down block 0
2026-05-29 08:08:43.705 | info     |              Op | act_block_h_override 2 is not a valid override for padded_output_height_ntiles_per_core 7, instead 1 was selected as closest valid option! (conv2d_utils.cpp:401)
2026-05-29 08:08:43.705 | INFO     | models.demos.wormhole.stable_diffusion.tt.ttnn_functional_unet_2d_condition_model_new_conv:__call__:406 - Down block 1
2026-05-29 08:08:43.710 | INFO     | models.demos.wormhole.stable_diffusion.tt.ttnn_functional_unet_2d_condition_model_new_conv:__call__:406 - Down block 2
2026-05-29 08:08:43.714 | INFO     | models.demos.wormhole.stable_diffusion.tt.ttnn_functional_unet_2d_condition_model_new_conv:__call__:406 - Down block 3
2026-05-29 08:08:43.715 | INFO     | models.demos.wormhole.stable_diffusion.tt.ttnn_functional_unet_2d_condition_model_new_conv:__call__:460 - Mid block
2026-05-29 08:08:43.715 | warning  |              Op | Mismatch between computed MemoryConfig(memory_layout=TensorMemoryLayout::BLOCK_SHARDED,buffer_type=BufferType::L1,shard_spec=ShardSpec(grid={[(x=0,y=0) - (x=7,y=3)]},shape={32, 160},orientation=ShardOrientation::ROW_MAJOR),nd_shard_spec=NdShardSpec(shard_shape=Shape([32, 160]),grid={[(x=0,y=0) - (x=7,y=3)]},orientation=ShardOrientation::ROW_MAJOR,shard_distribution_strategy=ShardDistributionStrategy::GRID_2D),created_with_nd_shard_spec=0) and provided MemoryConfig(memory_layout=TensorMemoryLayout::BLOCK_SHARDED,buffer_type=BufferType::L1,shard_spec=ShardSpec(grid={[(x=0,y=0) - (x=7,y=7)]},shape={32, 160},orientation=ShardOrientation::ROW_MAJOR),nd_shard_spec=std::nullopt,created_with_nd_shard_spec=0) mem config. Using computed config. (matmul_op.cpp:1674)
2026-05-29 08:08:43.717 | INFO     | models.demos.wormhole.stable_diffusion.tt.ttnn_functional_unet_2d_condition_model_new_conv:__call__:491 - Up block 0
2026-05-29 08:08:43.718 | INFO     | models.demos.wormhole.stable_diffusion.tt.ttnn_functional_unet_2d_condition_model_new_conv:__call__:491 - Up block 1
2026-05-29 08:08:43.723 | INFO     | models.demos.wormhole.stable_diffusion.tt.ttnn_functional_unet_2d_condition_model_new_conv:__call__:491 - Up block 2
2026-05-29 08:08:43.731 | INFO     | models.demos.wormhole.stable_diffusion.tt.ttnn_functional_unet_2d_condition_model_new_conv:__call__:491 - Up block 3
2026-05-29 08:08:43.751 | INFO     | models.demos.wormhole.stable_diffusion.tt.ttnn_functional_unet_2d_condition_model_new_conv:__call__:406 - Down block 0
2026-05-29 08:08:43.757 | info     |              Op | act_block_h_override 2 is not a valid override for padded_output_height_ntiles_per_core 7, instead 1 was selected as closest valid option! (conv2d_utils.cpp:401)
2026-05-29 08:08:43.757 | INFO     | models.demos.wormhole.stable_diffusion.tt.ttnn_functional_unet_2d_condition_model_new_conv:__call__:406 - Down block 1
2026-05-29 08:08:43.762 | INFO     | models.demos.wormhole.stable_diffusion.tt.ttnn_functional_unet_2d_condition_model_new_conv:__call__:406 - Down block 2
2026-05-29 08:08:43.766 | INFO     | models.demos.wormhole.stable_diffusion.tt.ttnn_functional_unet_2d_condition_model_new_conv:__call__:406 - Down block 3
2026-05-29 08:08:43.767 | INFO     | models.demos.wormhole.stable_diffusion.tt.ttnn_functional_unet_2d_condition_model_new_conv:__call__:460 - Mid block
2026-05-29 08:08:43.767 | warning  |              Op | Mismatch between computed MemoryConfig(memory_layout=TensorMemoryLayout::BLOCK_SHARDED,buffer_type=BufferType::L1,shard_spec=ShardSpec(grid={[(x=0,y=0) - (x=7,y=3)]},shape={32, 160},orientation=ShardOrientation::ROW_MAJOR),nd_shard_spec=NdShardSpec(shard_shape=Shape([32, 160]),grid={[(x=0,y=0) - (x=7,y=3)]},orientation=ShardOrientation::ROW_MAJOR,shard_distribution_strategy=ShardDistributionStrategy::GRID_2D),created_with_nd_shard_spec=0) and provided MemoryConfig(memory_layout=TensorMemoryLayout::BLOCK_SHARDED,buffer_type=BufferType::L1,shard_spec=ShardSpec(grid={[(x=0,y=0) - (x=7,y=7)]},shape={32, 160},orientation=ShardOrientation::ROW_MAJOR),nd_shard_spec=std::nullopt,created_with_nd_shard_spec=0) mem config. Using computed config. (matmul_op.cpp:1674)
2026-05-29 08:08:43.769 | INFO     | models.demos.wormhole.stable_diffusion.tt.ttnn_functional_unet_2d_condition_model_new_conv:__call__:491 - Up block 0
2026-05-29 08:08:43.770 | INFO     | models.demos.wormhole.stable_diffusion.tt.ttnn_functional_unet_2d_condition_model_new_conv:__call__:491 - Up block 1
2026-05-29 08:08:43.775 | INFO     | models.demos.wormhole.stable_diffusion.tt.ttnn_functional_unet_2d_condition_model_new_conv:__call__:491 - Up block 2
2026-05-29 08:08:43.783 | INFO     | models.demos.wormhole.stable_diffusion.tt.ttnn_functional_unet_2d_condition_model_new_conv:__call__:491 - Up block 3
2026-05-29 08:08:43.803 | INFO     | models.demos.wormhole.stable_diffusion.tt.ttnn_functional_unet_2d_condition_model_new_conv:__call__:406 - Down block 0
2026-05-29 08:08:43.809 | info     |              Op | act_block_h_override 2 is not a valid override for padded_output_height_ntiles_per_core 7, instead 1 was selected as closest valid option! (conv2d_utils.cpp:401)
2026-05-29 08:08:43.809 | INFO     | models.demos.wormhole.stable_diffusion.tt.ttnn_functional_unet_2d_condition_model_new_conv:__call__:406 - Down block 1
2026-05-29 08:08:43.814 | INFO     | models.demos.wormhole.stable_diffusion.tt.ttnn_functional_unet_2d_condition_model_new_conv:__call__:406 - Down block 2
2026-05-29 08:08:43.818 | INFO     | models.demos.wormhole.stable_diffusion.tt.ttnn_functional_unet_2d_condition_model_new_conv:__call__:406 - Down block 3
2026-05-29 08:08:43.818 | INFO     | models.demos.wormhole.stable_diffusion.tt.ttnn_functional_unet_2d_condition_model_new_conv:__call__:460 - Mid block
2026-05-29 08:08:43.819 | warning  |              Op | Mismatch between computed MemoryConfig(memory_layout=TensorMemoryLayout::BLOCK_SHARDED,buffer_type=BufferType::L1,shard_spec=ShardSpec(grid={[(x=0,y=0) - (x=7,y=3)]},shape={32, 160},orientation=ShardOrientation::ROW_MAJOR),nd_shard_spec=NdShardSpec(shard_shape=Shape([32, 160]),grid={[(x=0,y=0) - (x=7,y=3)]},orientation=ShardOrientation::ROW_MAJOR,shard_distribution_strategy=ShardDistributionStrategy::GRID_2D),created_with_nd_shard_spec=0) and provided MemoryConfig(memory_layout=TensorMemoryLayout::BLOCK_SHARDED,buffer_type=BufferType::L1,shard_spec=ShardSpec(grid={[(x=0,y=0) - (x=7,y=7)]},shape={32, 160},orientation=ShardOrientation::ROW_MAJOR),nd_shard_spec=std::nullopt,created_with_nd_shard_spec=0) mem config. Using computed config. (matmul_op.cpp:1674)
2026-05-29 08:08:43.820 | INFO     | models.demos.wormhole.stable_diffusion.tt.ttnn_functional_unet_2d_condition_model_new_conv:__call__:491 - Up block 0
2026-05-29 08:08:43.821 | INFO     | models.demos.wormhole.stable_diffusion.tt.ttnn_functional_unet_2d_condition_model_new_conv:__call__:491 - Up block 1
2026-05-29 08:08:43.826 | INFO     | models.demos.wormhole.stable_diffusion.tt.ttnn_functional_unet_2d_condition_model_new_conv:__call__:491 - Up block 2
2026-05-29 08:08:43.834 | INFO     | models.demos.wormhole.stable_diffusion.tt.ttnn_functional_unet_2d_condition_model_new_conv:__call__:491 - Up block 3
2026-05-29 08:08:43.855 | INFO     | models.demos.wormhole.stable_diffusion.tt.ttnn_functional_unet_2d_condition_model_new_conv:__call__:406 - Down block 0
2026-05-29 08:08:43.861 | info     |              Op | act_block_h_override 2 is not a valid override for padded_output_height_ntiles_per_core 7, instead 1 was selected as closest valid option! (conv2d_utils.cpp:401)
2026-05-29 08:08:43.861 | INFO     | models.demos.wormhole.stable_diffusion.tt.ttnn_functional_unet_2d_condition_model_new_conv:__call__:406 - Down block 1
2026-05-29 08:08:43.866 | INFO     | models.demos.wormhole.stable_diffusion.tt.ttnn_functional_unet_2d_condition_model_new_conv:__call__:406 - Down block 2
2026-05-29 08:08:43.870 | INFO     | models.demos.wormhole.stable_diffusion.tt.ttnn_functional_unet_2d_condition_model_new_conv:__call__:406 - Down block 3
2026-05-29 08:08:43.870 | INFO     | models.demos.wormhole.stable_diffusion.tt.ttnn_functional_unet_2d_condition_model_new_conv:__call__:460 - Mid block
2026-05-29 08:08:43.871 | warning  |              Op | Mismatch between computed MemoryConfig(memory_layout=TensorMemoryLayout::BLOCK_SHARDED,buffer_type=BufferType::L1,shard_spec=ShardSpec(grid={[(x=0,y=0) - (x=7,y=3)]},shape={32, 160},orientation=ShardOrientation::ROW_MAJOR),nd_shard_spec=NdShardSpec(shard_shape=Shape([32, 160]),grid={[(x=0,y=0) - (x=7,y=3)]},orientation=ShardOrientation::ROW_MAJOR,shard_distribution_strategy=ShardDistributionStrategy::GRID_2D),created_with_nd_shard_spec=0) and provided MemoryConfig(memory_layout=TensorMemoryLayout::BLOCK_SHARDED,buffer_type=BufferType::L1,shard_spec=ShardSpec(grid={[(x=0,y=0) - (x=7,y=7)]},shape={32, 160},orientation=ShardOrientation::ROW_MAJOR),nd_shard_spec=std::nullopt,created_with_nd_shard_spec=0) mem config. Using computed config. (matmul_op.cpp:1674)
2026-05-29 08:08:43.872 | INFO     | models.demos.wormhole.stable_diffusion.tt.ttnn_functional_unet_2d_condition_model_new_conv:__call__:491 - Up block 0
2026-05-29 08:08:43.873 | INFO     | models.demos.wormhole.stable_diffusion.tt.ttnn_functional_unet_2d_condition_model_new_conv:__call__:491 - Up block 1
2026-05-29 08:08:43.878 | INFO     | models.demos.wormhole.stable_diffusion.tt.ttnn_functional_unet_2d_condition_model_new_conv:__call__:491 - Up block 2
2026-05-29 08:08:43.886 | INFO     | models.demos.wormhole.stable_diffusion.tt.ttnn_functional_unet_2d_condition_model_new_conv:__call__:491 - Up block 3
  Step 21/41
2026-05-29 08:08:43.909 | INFO     | models.demos.wormhole.stable_diffusion.tt.ttnn_functional_unet_2d_condition_model_new_conv:__call__:406 - Down block 0
2026-05-29 08:08:43.917 | info     |              Op | act_block_h_override 2 is not a valid override for padded_output_height_ntiles_per_core 7, instead 1 was selected as closest valid option! (conv2d_utils.cpp:401)
2026-05-29 08:08:43.917 | INFO     | models.demos.wormhole.stable_diffusion.tt.ttnn_functional_unet_2d_condition_model_new_conv:__call__:406 - Down block 1
2026-05-29 08:08:43.922 | INFO     | models.demos.wormhole.stable_diffusion.tt.ttnn_functional_unet_2d_condition_model_new_conv:__call__:406 - Down block 2
2026-05-29 08:08:43.926 | INFO     | models.demos.wormhole.stable_diffusion.tt.ttnn_functional_unet_2d_condition_model_new_conv:__call__:406 - Down block 3
2026-05-29 08:08:43.927 | INFO     | models.demos.wormhole.stable_diffusion.tt.ttnn_functional_unet_2d_condition_model_new_conv:__call__:460 - Mid block
2026-05-29 08:08:43.927 | warning  |              Op | Mismatch between computed MemoryConfig(memory_layout=TensorMemoryLayout::BLOCK_SHARDED,buffer_type=BufferType::L1,shard_spec=ShardSpec(grid={[(x=0,y=0) - (x=7,y=3)]},shape={32, 160},orientation=ShardOrientation::ROW_MAJOR),nd_shard_spec=NdShardSpec(shard_shape=Shape([32, 160]),grid={[(x=0,y=0) - (x=7,y=3)]},orientation=ShardOrientation::ROW_MAJOR,shard_distribution_strategy=ShardDistributionStrategy::GRID_2D),created_with_nd_shard_spec=0) and provided MemoryConfig(memory_layout=TensorMemoryLayout::BLOCK_SHARDED,buffer_type=BufferType::L1,shard_spec=ShardSpec(grid={[(x=0,y=0) - (x=7,y=7)]},shape={32, 160},orientation=ShardOrientation::ROW_MAJOR),nd_shard_spec=std::nullopt,created_with_nd_shard_spec=0) mem config. Using computed config. (matmul_op.cpp:1674)
2026-05-29 08:08:43.929 | INFO     | models.demos.wormhole.stable_diffusion.tt.ttnn_functional_unet_2d_condition_model_new_conv:__call__:491 - Up block 0
2026-05-29 08:08:43.930 | INFO     | models.demos.wormhole.stable_diffusion.tt.ttnn_functional_unet_2d_condition_model_new_conv:__call__:491 - Up block 1
2026-05-29 08:08:43.935 | INFO     | models.demos.wormhole.stable_diffusion.tt.ttnn_functional_unet_2d_condition_model_new_conv:__call__:491 - Up block 2
2026-05-29 08:08:43.943 | INFO     | models.demos.wormhole.stable_diffusion.tt.ttnn_functional_unet_2d_condition_model_new_conv:__call__:491 - Up block 3
2026-05-29 08:08:43.963 | INFO     | models.demos.wormhole.stable_diffusion.tt.ttnn_functional_unet_2d_condition_model_new_conv:__call__:406 - Down block 0
2026-05-29 08:08:43.968 | info     |              Op | act_block_h_override 2 is not a valid override for padded_output_height_ntiles_per_core 7, instead 1 was selected as closest valid option! (conv2d_utils.cpp:401)
2026-05-29 08:08:43.969 | INFO     | models.demos.wormhole.stable_diffusion.tt.ttnn_functional_unet_2d_condition_model_new_conv:__call__:406 - Down block 1
2026-05-29 08:08:43.974 | INFO     | models.demos.wormhole.stable_diffusion.tt.ttnn_functional_unet_2d_condition_model_new_conv:__call__:406 - Down block 2
2026-05-29 08:08:43.977 | INFO     | models.demos.wormhole.stable_diffusion.tt.ttnn_functional_unet_2d_condition_model_new_conv:__call__:406 - Down block 3
2026-05-29 08:08:43.978 | INFO     | models.demos.wormhole.stable_diffusion.tt.ttnn_functional_unet_2d_condition_model_new_conv:__call__:460 - Mid block
2026-05-29 08:08:43.978 | warning  |              Op | Mismatch between computed MemoryConfig(memory_layout=TensorMemoryLayout::BLOCK_SHARDED,buffer_type=BufferType::L1,shard_spec=ShardSpec(grid={[(x=0,y=0) - (x=7,y=3)]},shape={32, 160},orientation=ShardOrientation::ROW_MAJOR),nd_shard_spec=NdShardSpec(shard_shape=Shape([32, 160]),grid={[(x=0,y=0) - (x=7,y=3)]},orientation=ShardOrientation::ROW_MAJOR,shard_distribution_strategy=ShardDistributionStrategy::GRID_2D),created_with_nd_shard_spec=0) and provided MemoryConfig(memory_layout=TensorMemoryLayout::BLOCK_SHARDED,buffer_type=BufferType::L1,shard_spec=ShardSpec(grid={[(x=0,y=0) - (x=7,y=7)]},shape={32, 160},orientation=ShardOrientation::ROW_MAJOR),nd_shard_spec=std::nullopt,created_with_nd_shard_spec=0) mem config. Using computed config. (matmul_op.cpp:1674)
2026-05-29 08:08:43.980 | INFO     | models.demos.wormhole.stable_diffusion.tt.ttnn_functional_unet_2d_condition_model_new_conv:__call__:491 - Up block 0
2026-05-29 08:08:43.981 | INFO     | models.demos.wormhole.stable_diffusion.tt.ttnn_functional_unet_2d_condition_model_new_conv:__call__:491 - Up block 1
2026-05-29 08:08:43.986 | INFO     | models.demos.wormhole.stable_diffusion.tt.ttnn_functional_unet_2d_condition_model_new_conv:__call__:491 - Up block 2
2026-05-29 08:08:43.994 | INFO     | models.demos.wormhole.stable_diffusion.tt.ttnn_functional_unet_2d_condition_model_new_conv:__call__:491 - Up block 3
2026-05-29 08:08:44.015 | INFO     | models.demos.wormhole.stable_diffusion.tt.ttnn_functional_unet_2d_condition_model_new_conv:__call__:406 - Down block 0
2026-05-29 08:08:44.020 | info     |              Op | act_block_h_override 2 is not a valid override for padded_output_height_ntiles_per_core 7, instead 1 was selected as closest valid option! (conv2d_utils.cpp:401)
2026-05-29 08:08:44.020 | INFO     | models.demos.wormhole.stable_diffusion.tt.ttnn_functional_unet_2d_condition_model_new_conv:__call__:406 - Down block 1
2026-05-29 08:08:44.026 | INFO     | models.demos.wormhole.stable_diffusion.tt.ttnn_functional_unet_2d_condition_model_new_conv:__call__:406 - Down block 2
2026-05-29 08:08:44.030 | INFO     | models.demos.wormhole.stable_diffusion.tt.ttnn_functional_unet_2d_condition_model_new_conv:__call__:406 - Down block 3
2026-05-29 08:08:44.030 | INFO     | models.demos.wormhole.stable_diffusion.tt.ttnn_functional_unet_2d_condition_model_new_conv:__call__:460 - Mid block
2026-05-29 08:08:44.031 | warning  |              Op | Mismatch between computed MemoryConfig(memory_layout=TensorMemoryLayout::BLOCK_SHARDED,buffer_type=BufferType::L1,shard_spec=ShardSpec(grid={[(x=0,y=0) - (x=7,y=3)]},shape={32, 160},orientation=ShardOrientation::ROW_MAJOR),nd_shard_spec=NdShardSpec(shard_shape=Shape([32, 160]),grid={[(x=0,y=0) - (x=7,y=3)]},orientation=ShardOrientation::ROW_MAJOR,shard_distribution_strategy=ShardDistributionStrategy::GRID_2D),created_with_nd_shard_spec=0) and provided MemoryConfig(memory_layout=TensorMemoryLayout::BLOCK_SHARDED,buffer_type=BufferType::L1,shard_spec=ShardSpec(grid={[(x=0,y=0) - (x=7,y=7)]},shape={32, 160},orientation=ShardOrientation::ROW_MAJOR),nd_shard_spec=std::nullopt,created_with_nd_shard_spec=0) mem config. Using computed config. (matmul_op.cpp:1674)
2026-05-29 08:08:44.032 | INFO     | models.demos.wormhole.stable_diffusion.tt.ttnn_functional_unet_2d_condition_model_new_conv:__call__:491 - Up block 0
2026-05-29 08:08:44.034 | INFO     | models.demos.wormhole.stable_diffusion.tt.ttnn_functional_unet_2d_condition_model_new_conv:__call__:491 - Up block 1
2026-05-29 08:08:44.039 | INFO     | models.demos.wormhole.stable_diffusion.tt.ttnn_functional_unet_2d_condition_model_new_conv:__call__:491 - Up block 2
2026-05-29 08:08:44.047 | INFO     | models.demos.wormhole.stable_diffusion.tt.ttnn_functional_unet_2d_condition_model_new_conv:__call__:491 - Up block 3
2026-05-29 08:08:44.067 | INFO     | models.demos.wormhole.stable_diffusion.tt.ttnn_functional_unet_2d_condition_model_new_conv:__call__:406 - Down block 0
2026-05-29 08:08:44.073 | info     |              Op | act_block_h_override 2 is not a valid override for padded_output_height_ntiles_per_core 7, instead 1 was selected as closest valid option! (conv2d_utils.cpp:401)
2026-05-29 08:08:44.073 | INFO     | models.demos.wormhole.stable_diffusion.tt.ttnn_functional_unet_2d_condition_model_new_conv:__call__:406 - Down block 1
2026-05-29 08:08:44.078 | INFO     | models.demos.wormhole.stable_diffusion.tt.ttnn_functional_unet_2d_condition_model_new_conv:__call__:406 - Down block 2
2026-05-29 08:08:44.082 | INFO     | models.demos.wormhole.stable_diffusion.tt.ttnn_functional_unet_2d_condition_model_new_conv:__call__:406 - Down block 3
2026-05-29 08:08:44.082 | INFO     | models.demos.wormhole.stable_diffusion.tt.ttnn_functional_unet_2d_condition_model_new_conv:__call__:460 - Mid block
2026-05-29 08:08:44.083 | warning  |              Op | Mismatch between computed MemoryConfig(memory_layout=TensorMemoryLayout::BLOCK_SHARDED,buffer_type=BufferType::L1,shard_spec=ShardSpec(grid={[(x=0,y=0) - (x=7,y=3)]},shape={32, 160},orientation=ShardOrientation::ROW_MAJOR),nd_shard_spec=NdShardSpec(shard_shape=Shape([32, 160]),grid={[(x=0,y=0) - (x=7,y=3)]},orientation=ShardOrientation::ROW_MAJOR,shard_distribution_strategy=ShardDistributionStrategy::GRID_2D),created_with_nd_shard_spec=0) and provided MemoryConfig(memory_layout=TensorMemoryLayout::BLOCK_SHARDED,buffer_type=BufferType::L1,shard_spec=ShardSpec(grid={[(x=0,y=0) - (x=7,y=7)]},shape={32, 160},orientation=ShardOrientation::ROW_MAJOR),nd_shard_spec=std::nullopt,created_with_nd_shard_spec=0) mem config. Using computed config. (matmul_op.cpp:1674)
2026-05-29 08:08:44.084 | INFO     | models.demos.wormhole.stable_diffusion.tt.ttnn_functional_unet_2d_condition_model_new_conv:__call__:491 - Up block 0
2026-05-29 08:08:44.085 | INFO     | models.demos.wormhole.stable_diffusion.tt.ttnn_functional_unet_2d_condition_model_new_conv:__call__:491 - Up block 1
2026-05-29 08:08:44.090 | INFO     | models.demos.wormhole.stable_diffusion.tt.ttnn_functional_unet_2d_condition_model_new_conv:__call__:491 - Up block 2
2026-05-29 08:08:44.098 | INFO     | models.demos.wormhole.stable_diffusion.tt.ttnn_functional_unet_2d_condition_model_new_conv:__call__:491 - Up block 3
2026-05-29 08:08:44.119 | INFO     | models.demos.wormhole.stable_diffusion.tt.ttnn_functional_unet_2d_condition_model_new_conv:__call__:406 - Down block 0
2026-05-29 08:08:44.124 | info     |              Op | act_block_h_override 2 is not a valid override for padded_output_height_ntiles_per_core 7, instead 1 was selected as closest valid option! (conv2d_utils.cpp:401)
2026-05-29 08:08:44.124 | INFO     | models.demos.wormhole.stable_diffusion.tt.ttnn_functional_unet_2d_condition_model_new_conv:__call__:406 - Down block 1
2026-05-29 08:08:44.130 | INFO     | models.demos.wormhole.stable_diffusion.tt.ttnn_functional_unet_2d_condition_model_new_conv:__call__:406 - Down block 2
2026-05-29 08:08:44.133 | INFO     | models.demos.wormhole.stable_diffusion.tt.ttnn_functional_unet_2d_condition_model_new_conv:__call__:406 - Down block 3
2026-05-29 08:08:44.134 | INFO     | models.demos.wormhole.stable_diffusion.tt.ttnn_functional_unet_2d_condition_model_new_conv:__call__:460 - Mid block
2026-05-29 08:08:44.135 | warning  |              Op | Mismatch between computed MemoryConfig(memory_layout=TensorMemoryLayout::BLOCK_SHARDED,buffer_type=BufferType::L1,shard_spec=ShardSpec(grid={[(x=0,y=0) - (x=7,y=3)]},shape={32, 160},orientation=ShardOrientation::ROW_MAJOR),nd_shard_spec=NdShardSpec(shard_shape=Shape([32, 160]),grid={[(x=0,y=0) - (x=7,y=3)]},orientation=ShardOrientation::ROW_MAJOR,shard_distribution_strategy=ShardDistributionStrategy::GRID_2D),created_with_nd_shard_spec=0) and provided MemoryConfig(memory_layout=TensorMemoryLayout::BLOCK_SHARDED,buffer_type=BufferType::L1,shard_spec=ShardSpec(grid={[(x=0,y=0) - (x=7,y=7)]},shape={32, 160},orientation=ShardOrientation::ROW_MAJOR),nd_shard_spec=std::nullopt,created_with_nd_shard_spec=0) mem config. Using computed config. (matmul_op.cpp:1674)
2026-05-29 08:08:44.136 | INFO     | models.demos.wormhole.stable_diffusion.tt.ttnn_functional_unet_2d_condition_model_new_conv:__call__:491 - Up block 0
2026-05-29 08:08:44.137 | INFO     | models.demos.wormhole.stable_diffusion.tt.ttnn_functional_unet_2d_condition_model_new_conv:__call__:491 - Up block 1
2026-05-29 08:08:44.142 | INFO     | models.demos.wormhole.stable_diffusion.tt.ttnn_functional_unet_2d_condition_model_new_conv:__call__:491 - Up block 2
2026-05-29 08:08:44.150 | INFO     | models.demos.wormhole.stable_diffusion.tt.ttnn_functional_unet_2d_condition_model_new_conv:__call__:491 - Up block 3
2026-05-29 08:08:44.170 | INFO     | models.demos.wormhole.stable_diffusion.tt.ttnn_functional_unet_2d_condition_model_new_conv:__call__:406 - Down block 0
2026-05-29 08:08:44.176 | info     |              Op | act_block_h_override 2 is not a valid override for padded_output_height_ntiles_per_core 7, instead 1 was selected as closest valid option! (conv2d_utils.cpp:401)
2026-05-29 08:08:44.176 | INFO     | models.demos.wormhole.stable_diffusion.tt.ttnn_functional_unet_2d_condition_model_new_conv:__call__:406 - Down block 1
2026-05-29 08:08:44.182 | INFO     | models.demos.wormhole.stable_diffusion.tt.ttnn_functional_unet_2d_condition_model_new_conv:__call__:406 - Down block 2
2026-05-29 08:08:44.185 | INFO     | models.demos.wormhole.stable_diffusion.tt.ttnn_functional_unet_2d_condition_model_new_conv:__call__:406 - Down block 3
2026-05-29 08:08:44.186 | INFO     | models.demos.wormhole.stable_diffusion.tt.ttnn_functional_unet_2d_condition_model_new_conv:__call__:460 - Mid block
2026-05-29 08:08:44.186 | warning  |              Op | Mismatch between computed MemoryConfig(memory_layout=TensorMemoryLayout::BLOCK_SHARDED,buffer_type=BufferType::L1,shard_spec=ShardSpec(grid={[(x=0,y=0) - (x=7,y=3)]},shape={32, 160},orientation=ShardOrientation::ROW_MAJOR),nd_shard_spec=NdShardSpec(shard_shape=Shape([32, 160]),grid={[(x=0,y=0) - (x=7,y=3)]},orientation=ShardOrientation::ROW_MAJOR,shard_distribution_strategy=ShardDistributionStrategy::GRID_2D),created_with_nd_shard_spec=0) and provided MemoryConfig(memory_layout=TensorMemoryLayout::BLOCK_SHARDED,buffer_type=BufferType::L1,shard_spec=ShardSpec(grid={[(x=0,y=0) - (x=7,y=7)]},shape={32, 160},orientation=ShardOrientation::ROW_MAJOR),nd_shard_spec=std::nullopt,created_with_nd_shard_spec=0) mem config. Using computed config. (matmul_op.cpp:1674)
2026-05-29 08:08:44.187 | INFO     | models.demos.wormhole.stable_diffusion.tt.ttnn_functional_unet_2d_condition_model_new_conv:__call__:491 - Up block 0
2026-05-29 08:08:44.189 | INFO     | models.demos.wormhole.stable_diffusion.tt.ttnn_functional_unet_2d_condition_model_new_conv:__call__:491 - Up block 1
2026-05-29 08:08:44.194 | INFO     | models.demos.wormhole.stable_diffusion.tt.ttnn_functional_unet_2d_condition_model_new_conv:__call__:491 - Up block 2
2026-05-29 08:08:44.202 | INFO     | models.demos.wormhole.stable_diffusion.tt.ttnn_functional_unet_2d_condition_model_new_conv:__call__:491 - Up block 3
2026-05-29 08:08:44.223 | INFO     | models.demos.wormhole.stable_diffusion.tt.ttnn_functional_unet_2d_condition_model_new_conv:__call__:406 - Down block 0
2026-05-29 08:08:44.229 | info     |              Op | act_block_h_override 2 is not a valid override for padded_output_height_ntiles_per_core 7, instead 1 was selected as closest valid option! (conv2d_utils.cpp:401)
2026-05-29 08:08:44.229 | INFO     | models.demos.wormhole.stable_diffusion.tt.ttnn_functional_unet_2d_condition_model_new_conv:__call__:406 - Down block 1
2026-05-29 08:08:44.235 | INFO     | models.demos.wormhole.stable_diffusion.tt.ttnn_functional_unet_2d_condition_model_new_conv:__call__:406 - Down block 2
2026-05-29 08:08:44.238 | INFO     | models.demos.wormhole.stable_diffusion.tt.ttnn_functional_unet_2d_condition_model_new_conv:__call__:406 - Down block 3
2026-05-29 08:08:44.239 | INFO     | models.demos.wormhole.stable_diffusion.tt.ttnn_functional_unet_2d_condition_model_new_conv:__call__:460 - Mid block
2026-05-29 08:08:44.240 | warning  |              Op | Mismatch between computed MemoryConfig(memory_layout=TensorMemoryLayout::BLOCK_SHARDED,buffer_type=BufferType::L1,shard_spec=ShardSpec(grid={[(x=0,y=0) - (x=7,y=3)]},shape={32, 160},orientation=ShardOrientation::ROW_MAJOR),nd_shard_spec=NdShardSpec(shard_shape=Shape([32, 160]),grid={[(x=0,y=0) - (x=7,y=3)]},orientation=ShardOrientation::ROW_MAJOR,shard_distribution_strategy=ShardDistributionStrategy::GRID_2D),created_with_nd_shard_spec=0) and provided MemoryConfig(memory_layout=TensorMemoryLayout::BLOCK_SHARDED,buffer_type=BufferType::L1,shard_spec=ShardSpec(grid={[(x=0,y=0) - (x=7,y=7)]},shape={32, 160},orientation=ShardOrientation::ROW_MAJOR),nd_shard_spec=std::nullopt,created_with_nd_shard_spec=0) mem config. Using computed config. (matmul_op.cpp:1674)
2026-05-29 08:08:44.241 | INFO     | models.demos.wormhole.stable_diffusion.tt.ttnn_functional_unet_2d_condition_model_new_conv:__call__:491 - Up block 0
2026-05-29 08:08:44.242 | INFO     | models.demos.wormhole.stable_diffusion.tt.ttnn_functional_unet_2d_condition_model_new_conv:__call__:491 - Up block 1
2026-05-29 08:08:44.247 | INFO     | models.demos.wormhole.stable_diffusion.tt.ttnn_functional_unet_2d_condition_model_new_conv:__call__:491 - Up block 2
2026-05-29 08:08:44.255 | INFO     | models.demos.wormhole.stable_diffusion.tt.ttnn_functional_unet_2d_condition_model_new_conv:__call__:491 - Up block 3
2026-05-29 08:08:44.275 | INFO     | models.demos.wormhole.stable_diffusion.tt.ttnn_functional_unet_2d_condition_model_new_conv:__call__:406 - Down block 0
2026-05-29 08:08:44.281 | info     |              Op | act_block_h_override 2 is not a valid override for padded_output_height_ntiles_per_core 7, instead 1 was selected as closest valid option! (conv2d_utils.cpp:401)
2026-05-29 08:08:44.281 | INFO     | models.demos.wormhole.stable_diffusion.tt.ttnn_functional_unet_2d_condition_model_new_conv:__call__:406 - Down block 1
2026-05-29 08:08:44.287 | INFO     | models.demos.wormhole.stable_diffusion.tt.ttnn_functional_unet_2d_condition_model_new_conv:__call__:406 - Down block 2
2026-05-29 08:08:44.290 | INFO     | models.demos.wormhole.stable_diffusion.tt.ttnn_functional_unet_2d_condition_model_new_conv:__call__:406 - Down block 3
2026-05-29 08:08:44.291 | INFO     | models.demos.wormhole.stable_diffusion.tt.ttnn_functional_unet_2d_condition_model_new_conv:__call__:460 - Mid block
2026-05-29 08:08:44.291 | warning  |              Op | Mismatch between computed MemoryConfig(memory_layout=TensorMemoryLayout::BLOCK_SHARDED,buffer_type=BufferType::L1,shard_spec=ShardSpec(grid={[(x=0,y=0) - (x=7,y=3)]},shape={32, 160},orientation=ShardOrientation::ROW_MAJOR),nd_shard_spec=NdShardSpec(shard_shape=Shape([32, 160]),grid={[(x=0,y=0) - (x=7,y=3)]},orientation=ShardOrientation::ROW_MAJOR,shard_distribution_strategy=ShardDistributionStrategy::GRID_2D),created_with_nd_shard_spec=0) and provided MemoryConfig(memory_layout=TensorMemoryLayout::BLOCK_SHARDED,buffer_type=BufferType::L1,shard_spec=ShardSpec(grid={[(x=0,y=0) - (x=7,y=7)]},shape={32, 160},orientation=ShardOrientation::ROW_MAJOR),nd_shard_spec=std::nullopt,created_with_nd_shard_spec=0) mem config. Using computed config. (matmul_op.cpp:1674)
2026-05-29 08:08:44.293 | INFO     | models.demos.wormhole.stable_diffusion.tt.ttnn_functional_unet_2d_condition_model_new_conv:__call__:491 - Up block 0
2026-05-29 08:08:44.294 | INFO     | models.demos.wormhole.stable_diffusion.tt.ttnn_functional_unet_2d_condition_model_new_conv:__call__:491 - Up block 1
2026-05-29 08:08:44.299 | INFO     | models.demos.wormhole.stable_diffusion.tt.ttnn_functional_unet_2d_condition_model_new_conv:__call__:491 - Up block 2
2026-05-29 08:08:44.307 | INFO     | models.demos.wormhole.stable_diffusion.tt.ttnn_functional_unet_2d_condition_model_new_conv:__call__:491 - Up block 3
  Step 22/41
2026-05-29 08:08:44.330 | INFO     | models.demos.wormhole.stable_diffusion.tt.ttnn_functional_unet_2d_condition_model_new_conv:__call__:406 - Down block 0
2026-05-29 08:08:44.336 | info     |              Op | act_block_h_override 2 is not a valid override for padded_output_height_ntiles_per_core 7, instead 1 was selected as closest valid option! (conv2d_utils.cpp:401)
2026-05-29 08:08:44.336 | INFO     | models.demos.wormhole.stable_diffusion.tt.ttnn_functional_unet_2d_condition_model_new_conv:__call__:406 - Down block 1
2026-05-29 08:08:44.341 | INFO     | models.demos.wormhole.stable_diffusion.tt.ttnn_functional_unet_2d_condition_model_new_conv:__call__:406 - Down block 2
2026-05-29 08:08:44.345 | INFO     | models.demos.wormhole.stable_diffusion.tt.ttnn_functional_unet_2d_condition_model_new_conv:__call__:406 - Down block 3
2026-05-29 08:08:44.345 | INFO     | models.demos.wormhole.stable_diffusion.tt.ttnn_functional_unet_2d_condition_model_new_conv:__call__:460 - Mid block
2026-05-29 08:08:44.346 | warning  |              Op | Mismatch between computed MemoryConfig(memory_layout=TensorMemoryLayout::BLOCK_SHARDED,buffer_type=BufferType::L1,shard_spec=ShardSpec(grid={[(x=0,y=0) - (x=7,y=3)]},shape={32, 160},orientation=ShardOrientation::ROW_MAJOR),nd_shard_spec=NdShardSpec(shard_shape=Shape([32, 160]),grid={[(x=0,y=0) - (x=7,y=3)]},orientation=ShardOrientation::ROW_MAJOR,shard_distribution_strategy=ShardDistributionStrategy::GRID_2D),created_with_nd_shard_spec=0) and provided MemoryConfig(memory_layout=TensorMemoryLayout::BLOCK_SHARDED,buffer_type=BufferType::L1,shard_spec=ShardSpec(grid={[(x=0,y=0) - (x=7,y=7)]},shape={32, 160},orientation=ShardOrientation::ROW_MAJOR),nd_shard_spec=std::nullopt,created_with_nd_shard_spec=0) mem config. Using computed config. (matmul_op.cpp:1674)
2026-05-29 08:08:44.347 | INFO     | models.demos.wormhole.stable_diffusion.tt.ttnn_functional_unet_2d_condition_model_new_conv:__call__:491 - Up block 0
2026-05-29 08:08:44.349 | INFO     | models.demos.wormhole.stable_diffusion.tt.ttnn_functional_unet_2d_condition_model_new_conv:__call__:491 - Up block 1
2026-05-29 08:08:44.354 | INFO     | models.demos.wormhole.stable_diffusion.tt.ttnn_functional_unet_2d_condition_model_new_conv:__call__:491 - Up block 2
2026-05-29 08:08:44.362 | INFO     | models.demos.wormhole.stable_diffusion.tt.ttnn_functional_unet_2d_condition_model_new_conv:__call__:491 - Up block 3
2026-05-29 08:08:44.382 | INFO     | models.demos.wormhole.stable_diffusion.tt.ttnn_functional_unet_2d_condition_model_new_conv:__call__:406 - Down block 0
2026-05-29 08:08:44.387 | info     |              Op | act_block_h_override 2 is not a valid override for padded_output_height_ntiles_per_core 7, instead 1 was selected as closest valid option! (conv2d_utils.cpp:401)
2026-05-29 08:08:44.387 | INFO     | models.demos.wormhole.stable_diffusion.tt.ttnn_functional_unet_2d_condition_model_new_conv:__call__:406 - Down block 1
2026-05-29 08:08:44.393 | INFO     | models.demos.wormhole.stable_diffusion.tt.ttnn_functional_unet_2d_condition_model_new_conv:__call__:406 - Down block 2
2026-05-29 08:08:44.396 | INFO     | models.demos.wormhole.stable_diffusion.tt.ttnn_functional_unet_2d_condition_model_new_conv:__call__:406 - Down block 3
2026-05-29 08:08:44.397 | INFO     | models.demos.wormhole.stable_diffusion.tt.ttnn_functional_unet_2d_condition_model_new_conv:__call__:460 - Mid block
2026-05-29 08:08:44.397 | warning  |              Op | Mismatch between computed MemoryConfig(memory_layout=TensorMemoryLayout::BLOCK_SHARDED,buffer_type=BufferType::L1,shard_spec=ShardSpec(grid={[(x=0,y=0) - (x=7,y=3)]},shape={32, 160},orientation=ShardOrientation::ROW_MAJOR),nd_shard_spec=NdShardSpec(shard_shape=Shape([32, 160]),grid={[(x=0,y=0) - (x=7,y=3)]},orientation=ShardOrientation::ROW_MAJOR,shard_distribution_strategy=ShardDistributionStrategy::GRID_2D),created_with_nd_shard_spec=0) and provided MemoryConfig(memory_layout=TensorMemoryLayout::BLOCK_SHARDED,buffer_type=BufferType::L1,shard_spec=ShardSpec(grid={[(x=0,y=0) - (x=7,y=7)]},shape={32, 160},orientation=ShardOrientation::ROW_MAJOR),nd_shard_spec=std::nullopt,created_with_nd_shard_spec=0) mem config. Using computed config. (matmul_op.cpp:1674)
2026-05-29 08:08:44.399 | INFO     | models.demos.wormhole.stable_diffusion.tt.ttnn_functional_unet_2d_condition_model_new_conv:__call__:491 - Up block 0
2026-05-29 08:08:44.400 | INFO     | models.demos.wormhole.stable_diffusion.tt.ttnn_functional_unet_2d_condition_model_new_conv:__call__:491 - Up block 1
2026-05-29 08:08:44.405 | INFO     | models.demos.wormhole.stable_diffusion.tt.ttnn_functional_unet_2d_condition_model_new_conv:__call__:491 - Up block 2
2026-05-29 08:08:44.413 | INFO     | models.demos.wormhole.stable_diffusion.tt.ttnn_functional_unet_2d_condition_model_new_conv:__call__:491 - Up block 3
2026-05-29 08:08:44.433 | INFO     | models.demos.wormhole.stable_diffusion.tt.ttnn_functional_unet_2d_condition_model_new_conv:__call__:406 - Down block 0
2026-05-29 08:08:44.439 | info     |              Op | act_block_h_override 2 is not a valid override for padded_output_height_ntiles_per_core 7, instead 1 was selected as closest valid option! (conv2d_utils.cpp:401)
2026-05-29 08:08:44.439 | INFO     | models.demos.wormhole.stable_diffusion.tt.ttnn_functional_unet_2d_condition_model_new_conv:__call__:406 - Down block 1
2026-05-29 08:08:44.444 | INFO     | models.demos.wormhole.stable_diffusion.tt.ttnn_functional_unet_2d_condition_model_new_conv:__call__:406 - Down block 2
2026-05-29 08:08:44.448 | INFO     | models.demos.wormhole.stable_diffusion.tt.ttnn_functional_unet_2d_condition_model_new_conv:__call__:406 - Down block 3
2026-05-29 08:08:44.448 | INFO     | models.demos.wormhole.stable_diffusion.tt.ttnn_functional_unet_2d_condition_model_new_conv:__call__:460 - Mid block
2026-05-29 08:08:44.449 | warning  |              Op | Mismatch between computed MemoryConfig(memory_layout=TensorMemoryLayout::BLOCK_SHARDED,buffer_type=BufferType::L1,shard_spec=ShardSpec(grid={[(x=0,y=0) - (x=7,y=3)]},shape={32, 160},orientation=ShardOrientation::ROW_MAJOR),nd_shard_spec=NdShardSpec(shard_shape=Shape([32, 160]),grid={[(x=0,y=0) - (x=7,y=3)]},orientation=ShardOrientation::ROW_MAJOR,shard_distribution_strategy=ShardDistributionStrategy::GRID_2D),created_with_nd_shard_spec=0) and provided MemoryConfig(memory_layout=TensorMemoryLayout::BLOCK_SHARDED,buffer_type=BufferType::L1,shard_spec=ShardSpec(grid={[(x=0,y=0) - (x=7,y=7)]},shape={32, 160},orientation=ShardOrientation::ROW_MAJOR),nd_shard_spec=std::nullopt,created_with_nd_shard_spec=0) mem config. Using computed config. (matmul_op.cpp:1674)
2026-05-29 08:08:44.450 | INFO     | models.demos.wormhole.stable_diffusion.tt.ttnn_functional_unet_2d_condition_model_new_conv:__call__:491 - Up block 0
2026-05-29 08:08:44.451 | INFO     | models.demos.wormhole.stable_diffusion.tt.ttnn_functional_unet_2d_condition_model_new_conv:__call__:491 - Up block 1
2026-05-29 08:08:44.456 | INFO     | models.demos.wormhole.stable_diffusion.tt.ttnn_functional_unet_2d_condition_model_new_conv:__call__:491 - Up block 2
2026-05-29 08:08:44.464 | INFO     | models.demos.wormhole.stable_diffusion.tt.ttnn_functional_unet_2d_condition_model_new_conv:__call__:491 - Up block 3
2026-05-29 08:08:44.485 | INFO     | models.demos.wormhole.stable_diffusion.tt.ttnn_functional_unet_2d_condition_model_new_conv:__call__:406 - Down block 0
2026-05-29 08:08:44.491 | info     |              Op | act_block_h_override 2 is not a valid override for padded_output_height_ntiles_per_core 7, instead 1 was selected as closest valid option! (conv2d_utils.cpp:401)
2026-05-29 08:08:44.491 | INFO     | models.demos.wormhole.stable_diffusion.tt.ttnn_functional_unet_2d_condition_model_new_conv:__call__:406 - Down block 1
2026-05-29 08:08:44.496 | INFO     | models.demos.wormhole.stable_diffusion.tt.ttnn_functional_unet_2d_condition_model_new_conv:__call__:406 - Down block 2
2026-05-29 08:08:44.500 | INFO     | models.demos.wormhole.stable_diffusion.tt.ttnn_functional_unet_2d_condition_model_new_conv:__call__:406 - Down block 3
2026-05-29 08:08:44.501 | INFO     | models.demos.wormhole.stable_diffusion.tt.ttnn_functional_unet_2d_condition_model_new_conv:__call__:460 - Mid block
2026-05-29 08:08:44.501 | warning  |              Op | Mismatch between computed MemoryConfig(memory_layout=TensorMemoryLayout::BLOCK_SHARDED,buffer_type=BufferType::L1,shard_spec=ShardSpec(grid={[(x=0,y=0) - (x=7,y=3)]},shape={32, 160},orientation=ShardOrientation::ROW_MAJOR),nd_shard_spec=NdShardSpec(shard_shape=Shape([32, 160]),grid={[(x=0,y=0) - (x=7,y=3)]},orientation=ShardOrientation::ROW_MAJOR,shard_distribution_strategy=ShardDistributionStrategy::GRID_2D),created_with_nd_shard_spec=0) and provided MemoryConfig(memory_layout=TensorMemoryLayout::BLOCK_SHARDED,buffer_type=BufferType::L1,shard_spec=ShardSpec(grid={[(x=0,y=0) - (x=7,y=7)]},shape={32, 160},orientation=ShardOrientation::ROW_MAJOR),nd_shard_spec=std::nullopt,created_with_nd_shard_spec=0) mem config. Using computed config. (matmul_op.cpp:1674)
2026-05-29 08:08:44.503 | INFO     | models.demos.wormhole.stable_diffusion.tt.ttnn_functional_unet_2d_condition_model_new_conv:__call__:491 - Up block 0
2026-05-29 08:08:44.504 | INFO     | models.demos.wormhole.stable_diffusion.tt.ttnn_functional_unet_2d_condition_model_new_conv:__call__:491 - Up block 1
2026-05-29 08:08:44.509 | INFO     | models.demos.wormhole.stable_diffusion.tt.ttnn_functional_unet_2d_condition_model_new_conv:__call__:491 - Up block 2
2026-05-29 08:08:44.517 | INFO     | models.demos.wormhole.stable_diffusion.tt.ttnn_functional_unet_2d_condition_model_new_conv:__call__:491 - Up block 3
2026-05-29 08:08:44.537 | INFO     | models.demos.wormhole.stable_diffusion.tt.ttnn_functional_unet_2d_condition_model_new_conv:__call__:406 - Down block 0
2026-05-29 08:08:44.543 | info     |              Op | act_block_h_override 2 is not a valid override for padded_output_height_ntiles_per_core 7, instead 1 was selected as closest valid option! (conv2d_utils.cpp:401)
2026-05-29 08:08:44.543 | INFO     | models.demos.wormhole.stable_diffusion.tt.ttnn_functional_unet_2d_condition_model_new_conv:__call__:406 - Down block 1
2026-05-29 08:08:44.548 | INFO     | models.demos.wormhole.stable_diffusion.tt.ttnn_functional_unet_2d_condition_model_new_conv:__call__:406 - Down block 2
2026-05-29 08:08:44.551 | INFO     | models.demos.wormhole.stable_diffusion.tt.ttnn_functional_unet_2d_condition_model_new_conv:__call__:406 - Down block 3
2026-05-29 08:08:44.552 | INFO     | models.demos.wormhole.stable_diffusion.tt.ttnn_functional_unet_2d_condition_model_new_conv:__call__:460 - Mid block
2026-05-29 08:08:44.553 | warning  |              Op | Mismatch between computed MemoryConfig(memory_layout=TensorMemoryLayout::BLOCK_SHARDED,buffer_type=BufferType::L1,shard_spec=ShardSpec(grid={[(x=0,y=0) - (x=7,y=3)]},shape={32, 160},orientation=ShardOrientation::ROW_MAJOR),nd_shard_spec=NdShardSpec(shard_shape=Shape([32, 160]),grid={[(x=0,y=0) - (x=7,y=3)]},orientation=ShardOrientation::ROW_MAJOR,shard_distribution_strategy=ShardDistributionStrategy::GRID_2D),created_with_nd_shard_spec=0) and provided MemoryConfig(memory_layout=TensorMemoryLayout::BLOCK_SHARDED,buffer_type=BufferType::L1,shard_spec=ShardSpec(grid={[(x=0,y=0) - (x=7,y=7)]},shape={32, 160},orientation=ShardOrientation::ROW_MAJOR),nd_shard_spec=std::nullopt,created_with_nd_shard_spec=0) mem config. Using computed config. (matmul_op.cpp:1674)
2026-05-29 08:08:44.554 | INFO     | models.demos.wormhole.stable_diffusion.tt.ttnn_functional_unet_2d_condition_model_new_conv:__call__:491 - Up block 0
2026-05-29 08:08:44.555 | INFO     | models.demos.wormhole.stable_diffusion.tt.ttnn_functional_unet_2d_condition_model_new_conv:__call__:491 - Up block 1
2026-05-29 08:08:44.560 | INFO     | models.demos.wormhole.stable_diffusion.tt.ttnn_functional_unet_2d_condition_model_new_conv:__call__:491 - Up block 2
2026-05-29 08:08:44.568 | INFO     | models.demos.wormhole.stable_diffusion.tt.ttnn_functional_unet_2d_condition_model_new_conv:__call__:491 - Up block 3
2026-05-29 08:08:44.589 | INFO     | models.demos.wormhole.stable_diffusion.tt.ttnn_functional_unet_2d_condition_model_new_conv:__call__:406 - Down block 0
2026-05-29 08:08:44.595 | info     |              Op | act_block_h_override 2 is not a valid override for padded_output_height_ntiles_per_core 7, instead 1 was selected as closest valid option! (conv2d_utils.cpp:401)
2026-05-29 08:08:44.595 | INFO     | models.demos.wormhole.stable_diffusion.tt.ttnn_functional_unet_2d_condition_model_new_conv:__call__:406 - Down block 1
2026-05-29 08:08:44.600 | INFO     | models.demos.wormhole.stable_diffusion.tt.ttnn_functional_unet_2d_condition_model_new_conv:__call__:406 - Down block 2
2026-05-29 08:08:44.603 | INFO     | models.demos.wormhole.stable_diffusion.tt.ttnn_functional_unet_2d_condition_model_new_conv:__call__:406 - Down block 3
2026-05-29 08:08:44.604 | INFO     | models.demos.wormhole.stable_diffusion.tt.ttnn_functional_unet_2d_condition_model_new_conv:__call__:460 - Mid block
2026-05-29 08:08:44.605 | warning  |              Op | Mismatch between computed MemoryConfig(memory_layout=TensorMemoryLayout::BLOCK_SHARDED,buffer_type=BufferType::L1,shard_spec=ShardSpec(grid={[(x=0,y=0) - (x=7,y=3)]},shape={32, 160},orientation=ShardOrientation::ROW_MAJOR),nd_shard_spec=NdShardSpec(shard_shape=Shape([32, 160]),grid={[(x=0,y=0) - (x=7,y=3)]},orientation=ShardOrientation::ROW_MAJOR,shard_distribution_strategy=ShardDistributionStrategy::GRID_2D),created_with_nd_shard_spec=0) and provided MemoryConfig(memory_layout=TensorMemoryLayout::BLOCK_SHARDED,buffer_type=BufferType::L1,shard_spec=ShardSpec(grid={[(x=0,y=0) - (x=7,y=7)]},shape={32, 160},orientation=ShardOrientation::ROW_MAJOR),nd_shard_spec=std::nullopt,created_with_nd_shard_spec=0) mem config. Using computed config. (matmul_op.cpp:1674)
2026-05-29 08:08:44.606 | INFO     | models.demos.wormhole.stable_diffusion.tt.ttnn_functional_unet_2d_condition_model_new_conv:__call__:491 - Up block 0
2026-05-29 08:08:44.607 | INFO     | models.demos.wormhole.stable_diffusion.tt.ttnn_functional_unet_2d_condition_model_new_conv:__call__:491 - Up block 1
2026-05-29 08:08:44.612 | INFO     | models.demos.wormhole.stable_diffusion.tt.ttnn_functional_unet_2d_condition_model_new_conv:__call__:491 - Up block 2
2026-05-29 08:08:44.620 | INFO     | models.demos.wormhole.stable_diffusion.tt.ttnn_functional_unet_2d_condition_model_new_conv:__call__:491 - Up block 3
2026-05-29 08:08:44.641 | INFO     | models.demos.wormhole.stable_diffusion.tt.ttnn_functional_unet_2d_condition_model_new_conv:__call__:406 - Down block 0
2026-05-29 08:08:44.646 | info     |              Op | act_block_h_override 2 is not a valid override for padded_output_height_ntiles_per_core 7, instead 1 was selected as closest valid option! (conv2d_utils.cpp:401)
2026-05-29 08:08:44.647 | INFO     | models.demos.wormhole.stable_diffusion.tt.ttnn_functional_unet_2d_condition_model_new_conv:__call__:406 - Down block 1
2026-05-29 08:08:44.652 | INFO     | models.demos.wormhole.stable_diffusion.tt.ttnn_functional_unet_2d_condition_model_new_conv:__call__:406 - Down block 2
2026-05-29 08:08:44.655 | INFO     | models.demos.wormhole.stable_diffusion.tt.ttnn_functional_unet_2d_condition_model_new_conv:__call__:406 - Down block 3
2026-05-29 08:08:44.656 | INFO     | models.demos.wormhole.stable_diffusion.tt.ttnn_functional_unet_2d_condition_model_new_conv:__call__:460 - Mid block
2026-05-29 08:08:44.656 | warning  |              Op | Mismatch between computed MemoryConfig(memory_layout=TensorMemoryLayout::BLOCK_SHARDED,buffer_type=BufferType::L1,shard_spec=ShardSpec(grid={[(x=0,y=0) - (x=7,y=3)]},shape={32, 160},orientation=ShardOrientation::ROW_MAJOR),nd_shard_spec=NdShardSpec(shard_shape=Shape([32, 160]),grid={[(x=0,y=0) - (x=7,y=3)]},orientation=ShardOrientation::ROW_MAJOR,shard_distribution_strategy=ShardDistributionStrategy::GRID_2D),created_with_nd_shard_spec=0) and provided MemoryConfig(memory_layout=TensorMemoryLayout::BLOCK_SHARDED,buffer_type=BufferType::L1,shard_spec=ShardSpec(grid={[(x=0,y=0) - (x=7,y=7)]},shape={32, 160},orientation=ShardOrientation::ROW_MAJOR),nd_shard_spec=std::nullopt,created_with_nd_shard_spec=0) mem config. Using computed config. (matmul_op.cpp:1674)
2026-05-29 08:08:44.658 | INFO     | models.demos.wormhole.stable_diffusion.tt.ttnn_functional_unet_2d_condition_model_new_conv:__call__:491 - Up block 0
2026-05-29 08:08:44.659 | INFO     | models.demos.wormhole.stable_diffusion.tt.ttnn_functional_unet_2d_condition_model_new_conv:__call__:491 - Up block 1
2026-05-29 08:08:44.664 | INFO     | models.demos.wormhole.stable_diffusion.tt.ttnn_functional_unet_2d_condition_model_new_conv:__call__:491 - Up block 2
2026-05-29 08:08:44.672 | INFO     | models.demos.wormhole.stable_diffusion.tt.ttnn_functional_unet_2d_condition_model_new_conv:__call__:491 - Up block 3
2026-05-29 08:08:44.693 | INFO     | models.demos.wormhole.stable_diffusion.tt.ttnn_functional_unet_2d_condition_model_new_conv:__call__:406 - Down block 0
2026-05-29 08:08:44.698 | info     |              Op | act_block_h_override 2 is not a valid override for padded_output_height_ntiles_per_core 7, instead 1 was selected as closest valid option! (conv2d_utils.cpp:401)
2026-05-29 08:08:44.698 | INFO     | models.demos.wormhole.stable_diffusion.tt.ttnn_functional_unet_2d_condition_model_new_conv:__call__:406 - Down block 1
2026-05-29 08:08:44.704 | INFO     | models.demos.wormhole.stable_diffusion.tt.ttnn_functional_unet_2d_condition_model_new_conv:__call__:406 - Down block 2
2026-05-29 08:08:44.707 | INFO     | models.demos.wormhole.stable_diffusion.tt.ttnn_functional_unet_2d_condition_model_new_conv:__call__:406 - Down block 3
2026-05-29 08:08:44.708 | INFO     | models.demos.wormhole.stable_diffusion.tt.ttnn_functional_unet_2d_condition_model_new_conv:__call__:460 - Mid block
2026-05-29 08:08:44.708 | warning  |              Op | Mismatch between computed MemoryConfig(memory_layout=TensorMemoryLayout::BLOCK_SHARDED,buffer_type=BufferType::L1,shard_spec=ShardSpec(grid={[(x=0,y=0) - (x=7,y=3)]},shape={32, 160},orientation=ShardOrientation::ROW_MAJOR),nd_shard_spec=NdShardSpec(shard_shape=Shape([32, 160]),grid={[(x=0,y=0) - (x=7,y=3)]},orientation=ShardOrientation::ROW_MAJOR,shard_distribution_strategy=ShardDistributionStrategy::GRID_2D),created_with_nd_shard_spec=0) and provided MemoryConfig(memory_layout=TensorMemoryLayout::BLOCK_SHARDED,buffer_type=BufferType::L1,shard_spec=ShardSpec(grid={[(x=0,y=0) - (x=7,y=7)]},shape={32, 160},orientation=ShardOrientation::ROW_MAJOR),nd_shard_spec=std::nullopt,created_with_nd_shard_spec=0) mem config. Using computed config. (matmul_op.cpp:1674)
2026-05-29 08:08:44.709 | INFO     | models.demos.wormhole.stable_diffusion.tt.ttnn_functional_unet_2d_condition_model_new_conv:__call__:491 - Up block 0
2026-05-29 08:08:44.711 | INFO     | models.demos.wormhole.stable_diffusion.tt.ttnn_functional_unet_2d_condition_model_new_conv:__call__:491 - Up block 1
2026-05-29 08:08:44.716 | INFO     | models.demos.wormhole.stable_diffusion.tt.ttnn_functional_unet_2d_condition_model_new_conv:__call__:491 - Up block 2
2026-05-29 08:08:44.724 | INFO     | models.demos.wormhole.stable_diffusion.tt.ttnn_functional_unet_2d_condition_model_new_conv:__call__:491 - Up block 3
  Step 23/41
2026-05-29 08:08:44.747 | INFO     | models.demos.wormhole.stable_diffusion.tt.ttnn_functional_unet_2d_condition_model_new_conv:__call__:406 - Down block 0
2026-05-29 08:08:44.753 | info     |              Op | act_block_h_override 2 is not a valid override for padded_output_height_ntiles_per_core 7, instead 1 was selected as closest valid option! (conv2d_utils.cpp:401)
2026-05-29 08:08:44.753 | INFO     | models.demos.wormhole.stable_diffusion.tt.ttnn_functional_unet_2d_condition_model_new_conv:__call__:406 - Down block 1
2026-05-29 08:08:44.758 | INFO     | models.demos.wormhole.stable_diffusion.tt.ttnn_functional_unet_2d_condition_model_new_conv:__call__:406 - Down block 2
2026-05-29 08:08:44.762 | INFO     | models.demos.wormhole.stable_diffusion.tt.ttnn_functional_unet_2d_condition_model_new_conv:__call__:406 - Down block 3
2026-05-29 08:08:44.763 | INFO     | models.demos.wormhole.stable_diffusion.tt.ttnn_functional_unet_2d_condition_model_new_conv:__call__:460 - Mid block
2026-05-29 08:08:44.763 | warning  |              Op | Mismatch between computed MemoryConfig(memory_layout=TensorMemoryLayout::BLOCK_SHARDED,buffer_type=BufferType::L1,shard_spec=ShardSpec(grid={[(x=0,y=0) - (x=7,y=3)]},shape={32, 160},orientation=ShardOrientation::ROW_MAJOR),nd_shard_spec=NdShardSpec(shard_shape=Shape([32, 160]),grid={[(x=0,y=0) - (x=7,y=3)]},orientation=ShardOrientation::ROW_MAJOR,shard_distribution_strategy=ShardDistributionStrategy::GRID_2D),created_with_nd_shard_spec=0) and provided MemoryConfig(memory_layout=TensorMemoryLayout::BLOCK_SHARDED,buffer_type=BufferType::L1,shard_spec=ShardSpec(grid={[(x=0,y=0) - (x=7,y=7)]},shape={32, 160},orientation=ShardOrientation::ROW_MAJOR),nd_shard_spec=std::nullopt,created_with_nd_shard_spec=0) mem config. Using computed config. (matmul_op.cpp:1674)
2026-05-29 08:08:44.765 | INFO     | models.demos.wormhole.stable_diffusion.tt.ttnn_functional_unet_2d_condition_model_new_conv:__call__:491 - Up block 0
2026-05-29 08:08:44.766 | INFO     | models.demos.wormhole.stable_diffusion.tt.ttnn_functional_unet_2d_condition_model_new_conv:__call__:491 - Up block 1
2026-05-29 08:08:44.771 | INFO     | models.demos.wormhole.stable_diffusion.tt.ttnn_functional_unet_2d_condition_model_new_conv:__call__:491 - Up block 2
2026-05-29 08:08:44.779 | INFO     | models.demos.wormhole.stable_diffusion.tt.ttnn_functional_unet_2d_condition_model_new_conv:__call__:491 - Up block 3
2026-05-29 08:08:44.799 | INFO     | models.demos.wormhole.stable_diffusion.tt.ttnn_functional_unet_2d_condition_model_new_conv:__call__:406 - Down block 0
2026-05-29 08:08:44.805 | info     |              Op | act_block_h_override 2 is not a valid override for padded_output_height_ntiles_per_core 7, instead 1 was selected as closest valid option! (conv2d_utils.cpp:401)
2026-05-29 08:08:44.805 | INFO     | models.demos.wormhole.stable_diffusion.tt.ttnn_functional_unet_2d_condition_model_new_conv:__call__:406 - Down block 1
2026-05-29 08:08:44.810 | INFO     | models.demos.wormhole.stable_diffusion.tt.ttnn_functional_unet_2d_condition_model_new_conv:__call__:406 - Down block 2
2026-05-29 08:08:44.813 | INFO     | models.demos.wormhole.stable_diffusion.tt.ttnn_functional_unet_2d_condition_model_new_conv:__call__:406 - Down block 3
2026-05-29 08:08:44.814 | INFO     | models.demos.wormhole.stable_diffusion.tt.ttnn_functional_unet_2d_condition_model_new_conv:__call__:460 - Mid block
2026-05-29 08:08:44.814 | warning  |              Op | Mismatch between computed MemoryConfig(memory_layout=TensorMemoryLayout::BLOCK_SHARDED,buffer_type=BufferType::L1,shard_spec=ShardSpec(grid={[(x=0,y=0) - (x=7,y=3)]},shape={32, 160},orientation=ShardOrientation::ROW_MAJOR),nd_shard_spec=NdShardSpec(shard_shape=Shape([32, 160]),grid={[(x=0,y=0) - (x=7,y=3)]},orientation=ShardOrientation::ROW_MAJOR,shard_distribution_strategy=ShardDistributionStrategy::GRID_2D),created_with_nd_shard_spec=0) and provided MemoryConfig(memory_layout=TensorMemoryLayout::BLOCK_SHARDED,buffer_type=BufferType::L1,shard_spec=ShardSpec(grid={[(x=0,y=0) - (x=7,y=7)]},shape={32, 160},orientation=ShardOrientation::ROW_MAJOR),nd_shard_spec=std::nullopt,created_with_nd_shard_spec=0) mem config. Using computed config. (matmul_op.cpp:1674)
2026-05-29 08:08:44.816 | INFO     | models.demos.wormhole.stable_diffusion.tt.ttnn_functional_unet_2d_condition_model_new_conv:__call__:491 - Up block 0
2026-05-29 08:08:44.817 | INFO     | models.demos.wormhole.stable_diffusion.tt.ttnn_functional_unet_2d_condition_model_new_conv:__call__:491 - Up block 1
2026-05-29 08:08:44.822 | INFO     | models.demos.wormhole.stable_diffusion.tt.ttnn_functional_unet_2d_condition_model_new_conv:__call__:491 - Up block 2
2026-05-29 08:08:44.830 | INFO     | models.demos.wormhole.stable_diffusion.tt.ttnn_functional_unet_2d_condition_model_new_conv:__call__:491 - Up block 3
2026-05-29 08:08:44.851 | INFO     | models.demos.wormhole.stable_diffusion.tt.ttnn_functional_unet_2d_condition_model_new_conv:__call__:406 - Down block 0
2026-05-29 08:08:44.856 | info     |              Op | act_block_h_override 2 is not a valid override for padded_output_height_ntiles_per_core 7, instead 1 was selected as closest valid option! (conv2d_utils.cpp:401)
2026-05-29 08:08:44.857 | INFO     | models.demos.wormhole.stable_diffusion.tt.ttnn_functional_unet_2d_condition_model_new_conv:__call__:406 - Down block 1
2026-05-29 08:08:44.862 | INFO     | models.demos.wormhole.stable_diffusion.tt.ttnn_functional_unet_2d_condition_model_new_conv:__call__:406 - Down block 2
2026-05-29 08:08:44.865 | INFO     | models.demos.wormhole.stable_diffusion.tt.ttnn_functional_unet_2d_condition_model_new_conv:__call__:406 - Down block 3
2026-05-29 08:08:44.866 | INFO     | models.demos.wormhole.stable_diffusion.tt.ttnn_functional_unet_2d_condition_model_new_conv:__call__:460 - Mid block
2026-05-29 08:08:44.866 | warning  |              Op | Mismatch between computed MemoryConfig(memory_layout=TensorMemoryLayout::BLOCK_SHARDED,buffer_type=BufferType::L1,shard_spec=ShardSpec(grid={[(x=0,y=0) - (x=7,y=3)]},shape={32, 160},orientation=ShardOrientation::ROW_MAJOR),nd_shard_spec=NdShardSpec(shard_shape=Shape([32, 160]),grid={[(x=0,y=0) - (x=7,y=3)]},orientation=ShardOrientation::ROW_MAJOR,shard_distribution_strategy=ShardDistributionStrategy::GRID_2D),created_with_nd_shard_spec=0) and provided MemoryConfig(memory_layout=TensorMemoryLayout::BLOCK_SHARDED,buffer_type=BufferType::L1,shard_spec=ShardSpec(grid={[(x=0,y=0) - (x=7,y=7)]},shape={32, 160},orientation=ShardOrientation::ROW_MAJOR),nd_shard_spec=std::nullopt,created_with_nd_shard_spec=0) mem config. Using computed config. (matmul_op.cpp:1674)
2026-05-29 08:08:44.868 | INFO     | models.demos.wormhole.stable_diffusion.tt.ttnn_functional_unet_2d_condition_model_new_conv:__call__:491 - Up block 0
2026-05-29 08:08:44.869 | INFO     | models.demos.wormhole.stable_diffusion.tt.ttnn_functional_unet_2d_condition_model_new_conv:__call__:491 - Up block 1
2026-05-29 08:08:44.874 | INFO     | models.demos.wormhole.stable_diffusion.tt.ttnn_functional_unet_2d_condition_model_new_conv:__call__:491 - Up block 2
2026-05-29 08:08:44.882 | INFO     | models.demos.wormhole.stable_diffusion.tt.ttnn_functional_unet_2d_condition_model_new_conv:__call__:491 - Up block 3
2026-05-29 08:08:44.903 | INFO     | models.demos.wormhole.stable_diffusion.tt.ttnn_functional_unet_2d_condition_model_new_conv:__call__:406 - Down block 0
2026-05-29 08:08:44.908 | info     |              Op | act_block_h_override 2 is not a valid override for padded_output_height_ntiles_per_core 7, instead 1 was selected as closest valid option! (conv2d_utils.cpp:401)
2026-05-29 08:08:44.908 | INFO     | models.demos.wormhole.stable_diffusion.tt.ttnn_functional_unet_2d_condition_model_new_conv:__call__:406 - Down block 1
2026-05-29 08:08:44.914 | INFO     | models.demos.wormhole.stable_diffusion.tt.ttnn_functional_unet_2d_condition_model_new_conv:__call__:406 - Down block 2
2026-05-29 08:08:44.917 | INFO     | models.demos.wormhole.stable_diffusion.tt.ttnn_functional_unet_2d_condition_model_new_conv:__call__:406 - Down block 3
2026-05-29 08:08:44.918 | INFO     | models.demos.wormhole.stable_diffusion.tt.ttnn_functional_unet_2d_condition_model_new_conv:__call__:460 - Mid block
2026-05-29 08:08:44.918 | warning  |              Op | Mismatch between computed MemoryConfig(memory_layout=TensorMemoryLayout::BLOCK_SHARDED,buffer_type=BufferType::L1,shard_spec=ShardSpec(grid={[(x=0,y=0) - (x=7,y=3)]},shape={32, 160},orientation=ShardOrientation::ROW_MAJOR),nd_shard_spec=NdShardSpec(shard_shape=Shape([32, 160]),grid={[(x=0,y=0) - (x=7,y=3)]},orientation=ShardOrientation::ROW_MAJOR,shard_distribution_strategy=ShardDistributionStrategy::GRID_2D),created_with_nd_shard_spec=0) and provided MemoryConfig(memory_layout=TensorMemoryLayout::BLOCK_SHARDED,buffer_type=BufferType::L1,shard_spec=ShardSpec(grid={[(x=0,y=0) - (x=7,y=7)]},shape={32, 160},orientation=ShardOrientation::ROW_MAJOR),nd_shard_spec=std::nullopt,created_with_nd_shard_spec=0) mem config. Using computed config. (matmul_op.cpp:1674)
2026-05-29 08:08:44.919 | INFO     | models.demos.wormhole.stable_diffusion.tt.ttnn_functional_unet_2d_condition_model_new_conv:__call__:491 - Up block 0
2026-05-29 08:08:44.921 | INFO     | models.demos.wormhole.stable_diffusion.tt.ttnn_functional_unet_2d_condition_model_new_conv:__call__:491 - Up block 1
2026-05-29 08:08:44.925 | INFO     | models.demos.wormhole.stable_diffusion.tt.ttnn_functional_unet_2d_condition_model_new_conv:__call__:491 - Up block 2
2026-05-29 08:08:44.933 | INFO     | models.demos.wormhole.stable_diffusion.tt.ttnn_functional_unet_2d_condition_model_new_conv:__call__:491 - Up block 3
2026-05-29 08:08:44.954 | INFO     | models.demos.wormhole.stable_diffusion.tt.ttnn_functional_unet_2d_condition_model_new_conv:__call__:406 - Down block 0
2026-05-29 08:08:44.960 | info     |              Op | act_block_h_override 2 is not a valid override for padded_output_height_ntiles_per_core 7, instead 1 was selected as closest valid option! (conv2d_utils.cpp:401)
2026-05-29 08:08:44.960 | INFO     | models.demos.wormhole.stable_diffusion.tt.ttnn_functional_unet_2d_condition_model_new_conv:__call__:406 - Down block 1
2026-05-29 08:08:44.965 | INFO     | models.demos.wormhole.stable_diffusion.tt.ttnn_functional_unet_2d_condition_model_new_conv:__call__:406 - Down block 2
2026-05-29 08:08:44.969 | INFO     | models.demos.wormhole.stable_diffusion.tt.ttnn_functional_unet_2d_condition_model_new_conv:__call__:406 - Down block 3
2026-05-29 08:08:44.969 | INFO     | models.demos.wormhole.stable_diffusion.tt.ttnn_functional_unet_2d_condition_model_new_conv:__call__:460 - Mid block
2026-05-29 08:08:44.970 | warning  |              Op | Mismatch between computed MemoryConfig(memory_layout=TensorMemoryLayout::BLOCK_SHARDED,buffer_type=BufferType::L1,shard_spec=ShardSpec(grid={[(x=0,y=0) - (x=7,y=3)]},shape={32, 160},orientation=ShardOrientation::ROW_MAJOR),nd_shard_spec=NdShardSpec(shard_shape=Shape([32, 160]),grid={[(x=0,y=0) - (x=7,y=3)]},orientation=ShardOrientation::ROW_MAJOR,shard_distribution_strategy=ShardDistributionStrategy::GRID_2D),created_with_nd_shard_spec=0) and provided MemoryConfig(memory_layout=TensorMemoryLayout::BLOCK_SHARDED,buffer_type=BufferType::L1,shard_spec=ShardSpec(grid={[(x=0,y=0) - (x=7,y=7)]},shape={32, 160},orientation=ShardOrientation::ROW_MAJOR),nd_shard_spec=std::nullopt,created_with_nd_shard_spec=0) mem config. Using computed config. (matmul_op.cpp:1674)
2026-05-29 08:08:44.971 | INFO     | models.demos.wormhole.stable_diffusion.tt.ttnn_functional_unet_2d_condition_model_new_conv:__call__:491 - Up block 0
2026-05-29 08:08:44.973 | INFO     | models.demos.wormhole.stable_diffusion.tt.ttnn_functional_unet_2d_condition_model_new_conv:__call__:491 - Up block 1
2026-05-29 08:08:44.977 | INFO     | models.demos.wormhole.stable_diffusion.tt.ttnn_functional_unet_2d_condition_model_new_conv:__call__:491 - Up block 2
2026-05-29 08:08:44.985 | INFO     | models.demos.wormhole.stable_diffusion.tt.ttnn_functional_unet_2d_condition_model_new_conv:__call__:491 - Up block 3
2026-05-29 08:08:45.006 | INFO     | models.demos.wormhole.stable_diffusion.tt.ttnn_functional_unet_2d_condition_model_new_conv:__call__:406 - Down block 0
2026-05-29 08:08:45.012 | info     |              Op | act_block_h_override 2 is not a valid override for padded_output_height_ntiles_per_core 7, instead 1 was selected as closest valid option! (conv2d_utils.cpp:401)
2026-05-29 08:08:45.012 | INFO     | models.demos.wormhole.stable_diffusion.tt.ttnn_functional_unet_2d_condition_model_new_conv:__call__:406 - Down block 1
2026-05-29 08:08:45.018 | INFO     | models.demos.wormhole.stable_diffusion.tt.ttnn_functional_unet_2d_condition_model_new_conv:__call__:406 - Down block 2
2026-05-29 08:08:45.021 | INFO     | models.demos.wormhole.stable_diffusion.tt.ttnn_functional_unet_2d_condition_model_new_conv:__call__:406 - Down block 3
2026-05-29 08:08:45.022 | INFO     | models.demos.wormhole.stable_diffusion.tt.ttnn_functional_unet_2d_condition_model_new_conv:__call__:460 - Mid block
2026-05-29 08:08:45.022 | warning  |              Op | Mismatch between computed MemoryConfig(memory_layout=TensorMemoryLayout::BLOCK_SHARDED,buffer_type=BufferType::L1,shard_spec=ShardSpec(grid={[(x=0,y=0) - (x=7,y=3)]},shape={32, 160},orientation=ShardOrientation::ROW_MAJOR),nd_shard_spec=NdShardSpec(shard_shape=Shape([32, 160]),grid={[(x=0,y=0) - (x=7,y=3)]},orientation=ShardOrientation::ROW_MAJOR,shard_distribution_strategy=ShardDistributionStrategy::GRID_2D),created_with_nd_shard_spec=0) and provided MemoryConfig(memory_layout=TensorMemoryLayout::BLOCK_SHARDED,buffer_type=BufferType::L1,shard_spec=ShardSpec(grid={[(x=0,y=0) - (x=7,y=7)]},shape={32, 160},orientation=ShardOrientation::ROW_MAJOR),nd_shard_spec=std::nullopt,created_with_nd_shard_spec=0) mem config. Using computed config. (matmul_op.cpp:1674)
2026-05-29 08:08:45.024 | INFO     | models.demos.wormhole.stable_diffusion.tt.ttnn_functional_unet_2d_condition_model_new_conv:__call__:491 - Up block 0
2026-05-29 08:08:45.025 | INFO     | models.demos.wormhole.stable_diffusion.tt.ttnn_functional_unet_2d_condition_model_new_conv:__call__:491 - Up block 1
2026-05-29 08:08:45.030 | INFO     | models.demos.wormhole.stable_diffusion.tt.ttnn_functional_unet_2d_condition_model_new_conv:__call__:491 - Up block 2
2026-05-29 08:08:45.038 | INFO     | models.demos.wormhole.stable_diffusion.tt.ttnn_functional_unet_2d_condition_model_new_conv:__call__:491 - Up block 3
2026-05-29 08:08:45.058 | INFO     | models.demos.wormhole.stable_diffusion.tt.ttnn_functional_unet_2d_condition_model_new_conv:__call__:406 - Down block 0
2026-05-29 08:08:45.064 | info     |              Op | act_block_h_override 2 is not a valid override for padded_output_height_ntiles_per_core 7, instead 1 was selected as closest valid option! (conv2d_utils.cpp:401)
2026-05-29 08:08:45.064 | INFO     | models.demos.wormhole.stable_diffusion.tt.ttnn_functional_unet_2d_condition_model_new_conv:__call__:406 - Down block 1
2026-05-29 08:08:45.069 | INFO     | models.demos.wormhole.stable_diffusion.tt.ttnn_functional_unet_2d_condition_model_new_conv:__call__:406 - Down block 2
2026-05-29 08:08:45.073 | INFO     | models.demos.wormhole.stable_diffusion.tt.ttnn_functional_unet_2d_condition_model_new_conv:__call__:406 - Down block 3
2026-05-29 08:08:45.073 | INFO     | models.demos.wormhole.stable_diffusion.tt.ttnn_functional_unet_2d_condition_model_new_conv:__call__:460 - Mid block
2026-05-29 08:08:45.074 | warning  |              Op | Mismatch between computed MemoryConfig(memory_layout=TensorMemoryLayout::BLOCK_SHARDED,buffer_type=BufferType::L1,shard_spec=ShardSpec(grid={[(x=0,y=0) - (x=7,y=3)]},shape={32, 160},orientation=ShardOrientation::ROW_MAJOR),nd_shard_spec=NdShardSpec(shard_shape=Shape([32, 160]),grid={[(x=0,y=0) - (x=7,y=3)]},orientation=ShardOrientation::ROW_MAJOR,shard_distribution_strategy=ShardDistributionStrategy::GRID_2D),created_with_nd_shard_spec=0) and provided MemoryConfig(memory_layout=TensorMemoryLayout::BLOCK_SHARDED,buffer_type=BufferType::L1,shard_spec=ShardSpec(grid={[(x=0,y=0) - (x=7,y=7)]},shape={32, 160},orientation=ShardOrientation::ROW_MAJOR),nd_shard_spec=std::nullopt,created_with_nd_shard_spec=0) mem config. Using computed config. (matmul_op.cpp:1674)
2026-05-29 08:08:45.075 | INFO     | models.demos.wormhole.stable_diffusion.tt.ttnn_functional_unet_2d_condition_model_new_conv:__call__:491 - Up block 0
2026-05-29 08:08:45.076 | INFO     | models.demos.wormhole.stable_diffusion.tt.ttnn_functional_unet_2d_condition_model_new_conv:__call__:491 - Up block 1
2026-05-29 08:08:45.081 | INFO     | models.demos.wormhole.stable_diffusion.tt.ttnn_functional_unet_2d_condition_model_new_conv:__call__:491 - Up block 2
2026-05-29 08:08:45.089 | INFO     | models.demos.wormhole.stable_diffusion.tt.ttnn_functional_unet_2d_condition_model_new_conv:__call__:491 - Up block 3
2026-05-29 08:08:45.110 | INFO     | models.demos.wormhole.stable_diffusion.tt.ttnn_functional_unet_2d_condition_model_new_conv:__call__:406 - Down block 0
2026-05-29 08:08:45.116 | info     |              Op | act_block_h_override 2 is not a valid override for padded_output_height_ntiles_per_core 7, instead 1 was selected as closest valid option! (conv2d_utils.cpp:401)
2026-05-29 08:08:45.116 | INFO     | models.demos.wormhole.stable_diffusion.tt.ttnn_functional_unet_2d_condition_model_new_conv:__call__:406 - Down block 1
2026-05-29 08:08:45.121 | INFO     | models.demos.wormhole.stable_diffusion.tt.ttnn_functional_unet_2d_condition_model_new_conv:__call__:406 - Down block 2
2026-05-29 08:08:45.124 | INFO     | models.demos.wormhole.stable_diffusion.tt.ttnn_functional_unet_2d_condition_model_new_conv:__call__:406 - Down block 3
2026-05-29 08:08:45.125 | INFO     | models.demos.wormhole.stable_diffusion.tt.ttnn_functional_unet_2d_condition_model_new_conv:__call__:460 - Mid block
2026-05-29 08:08:45.126 | warning  |              Op | Mismatch between computed MemoryConfig(memory_layout=TensorMemoryLayout::BLOCK_SHARDED,buffer_type=BufferType::L1,shard_spec=ShardSpec(grid={[(x=0,y=0) - (x=7,y=3)]},shape={32, 160},orientation=ShardOrientation::ROW_MAJOR),nd_shard_spec=NdShardSpec(shard_shape=Shape([32, 160]),grid={[(x=0,y=0) - (x=7,y=3)]},orientation=ShardOrientation::ROW_MAJOR,shard_distribution_strategy=ShardDistributionStrategy::GRID_2D),created_with_nd_shard_spec=0) and provided MemoryConfig(memory_layout=TensorMemoryLayout::BLOCK_SHARDED,buffer_type=BufferType::L1,shard_spec=ShardSpec(grid={[(x=0,y=0) - (x=7,y=7)]},shape={32, 160},orientation=ShardOrientation::ROW_MAJOR),nd_shard_spec=std::nullopt,created_with_nd_shard_spec=0) mem config. Using computed config. (matmul_op.cpp:1674)
2026-05-29 08:08:45.127 | INFO     | models.demos.wormhole.stable_diffusion.tt.ttnn_functional_unet_2d_condition_model_new_conv:__call__:491 - Up block 0
2026-05-29 08:08:45.128 | INFO     | models.demos.wormhole.stable_diffusion.tt.ttnn_functional_unet_2d_condition_model_new_conv:__call__:491 - Up block 1
2026-05-29 08:08:45.133 | INFO     | models.demos.wormhole.stable_diffusion.tt.ttnn_functional_unet_2d_condition_model_new_conv:__call__:491 - Up block 2
2026-05-29 08:08:45.141 | INFO     | models.demos.wormhole.stable_diffusion.tt.ttnn_functional_unet_2d_condition_model_new_conv:__call__:491 - Up block 3
  Step 24/41
2026-05-29 08:08:45.164 | INFO     | models.demos.wormhole.stable_diffusion.tt.ttnn_functional_unet_2d_condition_model_new_conv:__call__:406 - Down block 0
2026-05-29 08:08:45.169 | info     |              Op | act_block_h_override 2 is not a valid override for padded_output_height_ntiles_per_core 7, instead 1 was selected as closest valid option! (conv2d_utils.cpp:401)
2026-05-29 08:08:45.170 | INFO     | models.demos.wormhole.stable_diffusion.tt.ttnn_functional_unet_2d_condition_model_new_conv:__call__:406 - Down block 1
2026-05-29 08:08:45.175 | INFO     | models.demos.wormhole.stable_diffusion.tt.ttnn_functional_unet_2d_condition_model_new_conv:__call__:406 - Down block 2
2026-05-29 08:08:45.179 | INFO     | models.demos.wormhole.stable_diffusion.tt.ttnn_functional_unet_2d_condition_model_new_conv:__call__:406 - Down block 3
2026-05-29 08:08:45.179 | INFO     | models.demos.wormhole.stable_diffusion.tt.ttnn_functional_unet_2d_condition_model_new_conv:__call__:460 - Mid block
2026-05-29 08:08:45.180 | warning  |              Op | Mismatch between computed MemoryConfig(memory_layout=TensorMemoryLayout::BLOCK_SHARDED,buffer_type=BufferType::L1,shard_spec=ShardSpec(grid={[(x=0,y=0) - (x=7,y=3)]},shape={32, 160},orientation=ShardOrientation::ROW_MAJOR),nd_shard_spec=NdShardSpec(shard_shape=Shape([32, 160]),grid={[(x=0,y=0) - (x=7,y=3)]},orientation=ShardOrientation::ROW_MAJOR,shard_distribution_strategy=ShardDistributionStrategy::GRID_2D),created_with_nd_shard_spec=0) and provided MemoryConfig(memory_layout=TensorMemoryLayout::BLOCK_SHARDED,buffer_type=BufferType::L1,shard_spec=ShardSpec(grid={[(x=0,y=0) - (x=7,y=7)]},shape={32, 160},orientation=ShardOrientation::ROW_MAJOR),nd_shard_spec=std::nullopt,created_with_nd_shard_spec=0) mem config. Using computed config. (matmul_op.cpp:1674)
2026-05-29 08:08:45.181 | INFO     | models.demos.wormhole.stable_diffusion.tt.ttnn_functional_unet_2d_condition_model_new_conv:__call__:491 - Up block 0
2026-05-29 08:08:45.183 | INFO     | models.demos.wormhole.stable_diffusion.tt.ttnn_functional_unet_2d_condition_model_new_conv:__call__:491 - Up block 1
2026-05-29 08:08:45.188 | INFO     | models.demos.wormhole.stable_diffusion.tt.ttnn_functional_unet_2d_condition_model_new_conv:__call__:491 - Up block 2
2026-05-29 08:08:45.196 | INFO     | models.demos.wormhole.stable_diffusion.tt.ttnn_functional_unet_2d_condition_model_new_conv:__call__:491 - Up block 3
2026-05-29 08:08:45.216 | INFO     | models.demos.wormhole.stable_diffusion.tt.ttnn_functional_unet_2d_condition_model_new_conv:__call__:406 - Down block 0
2026-05-29 08:08:45.222 | info     |              Op | act_block_h_override 2 is not a valid override for padded_output_height_ntiles_per_core 7, instead 1 was selected as closest valid option! (conv2d_utils.cpp:401)
2026-05-29 08:08:45.222 | INFO     | models.demos.wormhole.stable_diffusion.tt.ttnn_functional_unet_2d_condition_model_new_conv:__call__:406 - Down block 1
2026-05-29 08:08:45.227 | INFO     | models.demos.wormhole.stable_diffusion.tt.ttnn_functional_unet_2d_condition_model_new_conv:__call__:406 - Down block 2
2026-05-29 08:08:45.231 | INFO     | models.demos.wormhole.stable_diffusion.tt.ttnn_functional_unet_2d_condition_model_new_conv:__call__:406 - Down block 3
2026-05-29 08:08:45.231 | INFO     | models.demos.wormhole.stable_diffusion.tt.ttnn_functional_unet_2d_condition_model_new_conv:__call__:460 - Mid block
2026-05-29 08:08:45.232 | warning  |              Op | Mismatch between computed MemoryConfig(memory_layout=TensorMemoryLayout::BLOCK_SHARDED,buffer_type=BufferType::L1,shard_spec=ShardSpec(grid={[(x=0,y=0) - (x=7,y=3)]},shape={32, 160},orientation=ShardOrientation::ROW_MAJOR),nd_shard_spec=NdShardSpec(shard_shape=Shape([32, 160]),grid={[(x=0,y=0) - (x=7,y=3)]},orientation=ShardOrientation::ROW_MAJOR,shard_distribution_strategy=ShardDistributionStrategy::GRID_2D),created_with_nd_shard_spec=0) and provided MemoryConfig(memory_layout=TensorMemoryLayout::BLOCK_SHARDED,buffer_type=BufferType::L1,shard_spec=ShardSpec(grid={[(x=0,y=0) - (x=7,y=7)]},shape={32, 160},orientation=ShardOrientation::ROW_MAJOR),nd_shard_spec=std::nullopt,created_with_nd_shard_spec=0) mem config. Using computed config. (matmul_op.cpp:1674)
2026-05-29 08:08:45.233 | INFO     | models.demos.wormhole.stable_diffusion.tt.ttnn_functional_unet_2d_condition_model_new_conv:__call__:491 - Up block 0
2026-05-29 08:08:45.235 | INFO     | models.demos.wormhole.stable_diffusion.tt.ttnn_functional_unet_2d_condition_model_new_conv:__call__:491 - Up block 1
2026-05-29 08:08:45.240 | INFO     | models.demos.wormhole.stable_diffusion.tt.ttnn_functional_unet_2d_condition_model_new_conv:__call__:491 - Up block 2
2026-05-29 08:08:45.248 | INFO     | models.demos.wormhole.stable_diffusion.tt.ttnn_functional_unet_2d_condition_model_new_conv:__call__:491 - Up block 3
2026-05-29 08:08:45.268 | INFO     | models.demos.wormhole.stable_diffusion.tt.ttnn_functional_unet_2d_condition_model_new_conv:__call__:406 - Down block 0
2026-05-29 08:08:45.274 | info     |              Op | act_block_h_override 2 is not a valid override for padded_output_height_ntiles_per_core 7, instead 1 was selected as closest valid option! (conv2d_utils.cpp:401)
2026-05-29 08:08:45.274 | INFO     | models.demos.wormhole.stable_diffusion.tt.ttnn_functional_unet_2d_condition_model_new_conv:__call__:406 - Down block 1
2026-05-29 08:08:45.279 | INFO     | models.demos.wormhole.stable_diffusion.tt.ttnn_functional_unet_2d_condition_model_new_conv:__call__:406 - Down block 2
2026-05-29 08:08:45.282 | INFO     | models.demos.wormhole.stable_diffusion.tt.ttnn_functional_unet_2d_condition_model_new_conv:__call__:406 - Down block 3
2026-05-29 08:08:45.283 | INFO     | models.demos.wormhole.stable_diffusion.tt.ttnn_functional_unet_2d_condition_model_new_conv:__call__:460 - Mid block
2026-05-29 08:08:45.284 | warning  |              Op | Mismatch between computed MemoryConfig(memory_layout=TensorMemoryLayout::BLOCK_SHARDED,buffer_type=BufferType::L1,shard_spec=ShardSpec(grid={[(x=0,y=0) - (x=7,y=3)]},shape={32, 160},orientation=ShardOrientation::ROW_MAJOR),nd_shard_spec=NdShardSpec(shard_shape=Shape([32, 160]),grid={[(x=0,y=0) - (x=7,y=3)]},orientation=ShardOrientation::ROW_MAJOR,shard_distribution_strategy=ShardDistributionStrategy::GRID_2D),created_with_nd_shard_spec=0) and provided MemoryConfig(memory_layout=TensorMemoryLayout::BLOCK_SHARDED,buffer_type=BufferType::L1,shard_spec=ShardSpec(grid={[(x=0,y=0) - (x=7,y=7)]},shape={32, 160},orientation=ShardOrientation::ROW_MAJOR),nd_shard_spec=std::nullopt,created_with_nd_shard_spec=0) mem config. Using computed config. (matmul_op.cpp:1674)
2026-05-29 08:08:45.285 | INFO     | models.demos.wormhole.stable_diffusion.tt.ttnn_functional_unet_2d_condition_model_new_conv:__call__:491 - Up block 0
2026-05-29 08:08:45.286 | INFO     | models.demos.wormhole.stable_diffusion.tt.ttnn_functional_unet_2d_condition_model_new_conv:__call__:491 - Up block 1
2026-05-29 08:08:45.291 | INFO     | models.demos.wormhole.stable_diffusion.tt.ttnn_functional_unet_2d_condition_model_new_conv:__call__:491 - Up block 2
2026-05-29 08:08:45.299 | INFO     | models.demos.wormhole.stable_diffusion.tt.ttnn_functional_unet_2d_condition_model_new_conv:__call__:491 - Up block 3
2026-05-29 08:08:45.320 | INFO     | models.demos.wormhole.stable_diffusion.tt.ttnn_functional_unet_2d_condition_model_new_conv:__call__:406 - Down block 0
2026-05-29 08:08:45.326 | info     |              Op | act_block_h_override 2 is not a valid override for padded_output_height_ntiles_per_core 7, instead 1 was selected as closest valid option! (conv2d_utils.cpp:401)
2026-05-29 08:08:45.326 | INFO     | models.demos.wormhole.stable_diffusion.tt.ttnn_functional_unet_2d_condition_model_new_conv:__call__:406 - Down block 1
2026-05-29 08:08:45.331 | INFO     | models.demos.wormhole.stable_diffusion.tt.ttnn_functional_unet_2d_condition_model_new_conv:__call__:406 - Down block 2
2026-05-29 08:08:45.334 | INFO     | models.demos.wormhole.stable_diffusion.tt.ttnn_functional_unet_2d_condition_model_new_conv:__call__:406 - Down block 3
2026-05-29 08:08:45.335 | INFO     | models.demos.wormhole.stable_diffusion.tt.ttnn_functional_unet_2d_condition_model_new_conv:__call__:460 - Mid block
2026-05-29 08:08:45.336 | warning  |              Op | Mismatch between computed MemoryConfig(memory_layout=TensorMemoryLayout::BLOCK_SHARDED,buffer_type=BufferType::L1,shard_spec=ShardSpec(grid={[(x=0,y=0) - (x=7,y=3)]},shape={32, 160},orientation=ShardOrientation::ROW_MAJOR),nd_shard_spec=NdShardSpec(shard_shape=Shape([32, 160]),grid={[(x=0,y=0) - (x=7,y=3)]},orientation=ShardOrientation::ROW_MAJOR,shard_distribution_strategy=ShardDistributionStrategy::GRID_2D),created_with_nd_shard_spec=0) and provided MemoryConfig(memory_layout=TensorMemoryLayout::BLOCK_SHARDED,buffer_type=BufferType::L1,shard_spec=ShardSpec(grid={[(x=0,y=0) - (x=7,y=7)]},shape={32, 160},orientation=ShardOrientation::ROW_MAJOR),nd_shard_spec=std::nullopt,created_with_nd_shard_spec=0) mem config. Using computed config. (matmul_op.cpp:1674)
2026-05-29 08:08:45.337 | INFO     | models.demos.wormhole.stable_diffusion.tt.ttnn_functional_unet_2d_condition_model_new_conv:__call__:491 - Up block 0
2026-05-29 08:08:45.338 | INFO     | models.demos.wormhole.stable_diffusion.tt.ttnn_functional_unet_2d_condition_model_new_conv:__call__:491 - Up block 1
2026-05-29 08:08:45.343 | INFO     | models.demos.wormhole.stable_diffusion.tt.ttnn_functional_unet_2d_condition_model_new_conv:__call__:491 - Up block 2
2026-05-29 08:08:45.351 | INFO     | models.demos.wormhole.stable_diffusion.tt.ttnn_functional_unet_2d_condition_model_new_conv:__call__:491 - Up block 3
2026-05-29 08:08:45.372 | INFO     | models.demos.wormhole.stable_diffusion.tt.ttnn_functional_unet_2d_condition_model_new_conv:__call__:406 - Down block 0
2026-05-29 08:08:45.378 | info     |              Op | act_block_h_override 2 is not a valid override for padded_output_height_ntiles_per_core 7, instead 1 was selected as closest valid option! (conv2d_utils.cpp:401)
2026-05-29 08:08:45.378 | INFO     | models.demos.wormhole.stable_diffusion.tt.ttnn_functional_unet_2d_condition_model_new_conv:__call__:406 - Down block 1
2026-05-29 08:08:45.383 | INFO     | models.demos.wormhole.stable_diffusion.tt.ttnn_functional_unet_2d_condition_model_new_conv:__call__:406 - Down block 2
2026-05-29 08:08:45.386 | INFO     | models.demos.wormhole.stable_diffusion.tt.ttnn_functional_unet_2d_condition_model_new_conv:__call__:406 - Down block 3
2026-05-29 08:08:45.387 | INFO     | models.demos.wormhole.stable_diffusion.tt.ttnn_functional_unet_2d_condition_model_new_conv:__call__:460 - Mid block
2026-05-29 08:08:45.388 | warning  |              Op | Mismatch between computed MemoryConfig(memory_layout=TensorMemoryLayout::BLOCK_SHARDED,buffer_type=BufferType::L1,shard_spec=ShardSpec(grid={[(x=0,y=0) - (x=7,y=3)]},shape={32, 160},orientation=ShardOrientation::ROW_MAJOR),nd_shard_spec=NdShardSpec(shard_shape=Shape([32, 160]),grid={[(x=0,y=0) - (x=7,y=3)]},orientation=ShardOrientation::ROW_MAJOR,shard_distribution_strategy=ShardDistributionStrategy::GRID_2D),created_with_nd_shard_spec=0) and provided MemoryConfig(memory_layout=TensorMemoryLayout::BLOCK_SHARDED,buffer_type=BufferType::L1,shard_spec=ShardSpec(grid={[(x=0,y=0) - (x=7,y=7)]},shape={32, 160},orientation=ShardOrientation::ROW_MAJOR),nd_shard_spec=std::nullopt,created_with_nd_shard_spec=0) mem config. Using computed config. (matmul_op.cpp:1674)
2026-05-29 08:08:45.389 | INFO     | models.demos.wormhole.stable_diffusion.tt.ttnn_functional_unet_2d_condition_model_new_conv:__call__:491 - Up block 0
2026-05-29 08:08:45.390 | INFO     | models.demos.wormhole.stable_diffusion.tt.ttnn_functional_unet_2d_condition_model_new_conv:__call__:491 - Up block 1
2026-05-29 08:08:45.395 | INFO     | models.demos.wormhole.stable_diffusion.tt.ttnn_functional_unet_2d_condition_model_new_conv:__call__:491 - Up block 2
2026-05-29 08:08:45.403 | INFO     | models.demos.wormhole.stable_diffusion.tt.ttnn_functional_unet_2d_condition_model_new_conv:__call__:491 - Up block 3
2026-05-29 08:08:45.424 | INFO     | models.demos.wormhole.stable_diffusion.tt.ttnn_functional_unet_2d_condition_model_new_conv:__call__:406 - Down block 0
2026-05-29 08:08:45.429 | info     |              Op | act_block_h_override 2 is not a valid override for padded_output_height_ntiles_per_core 7, instead 1 was selected as closest valid option! (conv2d_utils.cpp:401)
2026-05-29 08:08:45.429 | INFO     | models.demos.wormhole.stable_diffusion.tt.ttnn_functional_unet_2d_condition_model_new_conv:__call__:406 - Down block 1
2026-05-29 08:08:45.435 | INFO     | models.demos.wormhole.stable_diffusion.tt.ttnn_functional_unet_2d_condition_model_new_conv:__call__:406 - Down block 2
2026-05-29 08:08:45.438 | INFO     | models.demos.wormhole.stable_diffusion.tt.ttnn_functional_unet_2d_condition_model_new_conv:__call__:406 - Down block 3
2026-05-29 08:08:45.439 | INFO     | models.demos.wormhole.stable_diffusion.tt.ttnn_functional_unet_2d_condition_model_new_conv:__call__:460 - Mid block
2026-05-29 08:08:45.439 | warning  |              Op | Mismatch between computed MemoryConfig(memory_layout=TensorMemoryLayout::BLOCK_SHARDED,buffer_type=BufferType::L1,shard_spec=ShardSpec(grid={[(x=0,y=0) - (x=7,y=3)]},shape={32, 160},orientation=ShardOrientation::ROW_MAJOR),nd_shard_spec=NdShardSpec(shard_shape=Shape([32, 160]),grid={[(x=0,y=0) - (x=7,y=3)]},orientation=ShardOrientation::ROW_MAJOR,shard_distribution_strategy=ShardDistributionStrategy::GRID_2D),created_with_nd_shard_spec=0) and provided MemoryConfig(memory_layout=TensorMemoryLayout::BLOCK_SHARDED,buffer_type=BufferType::L1,shard_spec=ShardSpec(grid={[(x=0,y=0) - (x=7,y=7)]},shape={32, 160},orientation=ShardOrientation::ROW_MAJOR),nd_shard_spec=std::nullopt,created_with_nd_shard_spec=0) mem config. Using computed config. (matmul_op.cpp:1674)
2026-05-29 08:08:45.441 | INFO     | models.demos.wormhole.stable_diffusion.tt.ttnn_functional_unet_2d_condition_model_new_conv:__call__:491 - Up block 0
2026-05-29 08:08:45.442 | INFO     | models.demos.wormhole.stable_diffusion.tt.ttnn_functional_unet_2d_condition_model_new_conv:__call__:491 - Up block 1
2026-05-29 08:08:45.447 | INFO     | models.demos.wormhole.stable_diffusion.tt.ttnn_functional_unet_2d_condition_model_new_conv:__call__:491 - Up block 2
2026-05-29 08:08:45.455 | INFO     | models.demos.wormhole.stable_diffusion.tt.ttnn_functional_unet_2d_condition_model_new_conv:__call__:491 - Up block 3
2026-05-29 08:08:45.476 | INFO     | models.demos.wormhole.stable_diffusion.tt.ttnn_functional_unet_2d_condition_model_new_conv:__call__:406 - Down block 0
2026-05-29 08:08:45.481 | info     |              Op | act_block_h_override 2 is not a valid override for padded_output_height_ntiles_per_core 7, instead 1 was selected as closest valid option! (conv2d_utils.cpp:401)
2026-05-29 08:08:45.481 | INFO     | models.demos.wormhole.stable_diffusion.tt.ttnn_functional_unet_2d_condition_model_new_conv:__call__:406 - Down block 1
2026-05-29 08:08:45.487 | INFO     | models.demos.wormhole.stable_diffusion.tt.ttnn_functional_unet_2d_condition_model_new_conv:__call__:406 - Down block 2
2026-05-29 08:08:45.490 | INFO     | models.demos.wormhole.stable_diffusion.tt.ttnn_functional_unet_2d_condition_model_new_conv:__call__:406 - Down block 3
2026-05-29 08:08:45.491 | INFO     | models.demos.wormhole.stable_diffusion.tt.ttnn_functional_unet_2d_condition_model_new_conv:__call__:460 - Mid block
2026-05-29 08:08:45.491 | warning  |              Op | Mismatch between computed MemoryConfig(memory_layout=TensorMemoryLayout::BLOCK_SHARDED,buffer_type=BufferType::L1,shard_spec=ShardSpec(grid={[(x=0,y=0) - (x=7,y=3)]},shape={32, 160},orientation=ShardOrientation::ROW_MAJOR),nd_shard_spec=NdShardSpec(shard_shape=Shape([32, 160]),grid={[(x=0,y=0) - (x=7,y=3)]},orientation=ShardOrientation::ROW_MAJOR,shard_distribution_strategy=ShardDistributionStrategy::GRID_2D),created_with_nd_shard_spec=0) and provided MemoryConfig(memory_layout=TensorMemoryLayout::BLOCK_SHARDED,buffer_type=BufferType::L1,shard_spec=ShardSpec(grid={[(x=0,y=0) - (x=7,y=7)]},shape={32, 160},orientation=ShardOrientation::ROW_MAJOR),nd_shard_spec=std::nullopt,created_with_nd_shard_spec=0) mem config. Using computed config. (matmul_op.cpp:1674)
2026-05-29 08:08:45.493 | INFO     | models.demos.wormhole.stable_diffusion.tt.ttnn_functional_unet_2d_condition_model_new_conv:__call__:491 - Up block 0
2026-05-29 08:08:45.494 | INFO     | models.demos.wormhole.stable_diffusion.tt.ttnn_functional_unet_2d_condition_model_new_conv:__call__:491 - Up block 1
2026-05-29 08:08:45.499 | INFO     | models.demos.wormhole.stable_diffusion.tt.ttnn_functional_unet_2d_condition_model_new_conv:__call__:491 - Up block 2
2026-05-29 08:08:45.507 | INFO     | models.demos.wormhole.stable_diffusion.tt.ttnn_functional_unet_2d_condition_model_new_conv:__call__:491 - Up block 3
2026-05-29 08:08:45.527 | INFO     | models.demos.wormhole.stable_diffusion.tt.ttnn_functional_unet_2d_condition_model_new_conv:__call__:406 - Down block 0
2026-05-29 08:08:45.533 | info     |              Op | act_block_h_override 2 is not a valid override for padded_output_height_ntiles_per_core 7, instead 1 was selected as closest valid option! (conv2d_utils.cpp:401)
2026-05-29 08:08:45.533 | INFO     | models.demos.wormhole.stable_diffusion.tt.ttnn_functional_unet_2d_condition_model_new_conv:__call__:406 - Down block 1
2026-05-29 08:08:45.538 | INFO     | models.demos.wormhole.stable_diffusion.tt.ttnn_functional_unet_2d_condition_model_new_conv:__call__:406 - Down block 2
2026-05-29 08:08:45.542 | INFO     | models.demos.wormhole.stable_diffusion.tt.ttnn_functional_unet_2d_condition_model_new_conv:__call__:406 - Down block 3
2026-05-29 08:08:45.542 | INFO     | models.demos.wormhole.stable_diffusion.tt.ttnn_functional_unet_2d_condition_model_new_conv:__call__:460 - Mid block
2026-05-29 08:08:45.543 | warning  |              Op | Mismatch between computed MemoryConfig(memory_layout=TensorMemoryLayout::BLOCK_SHARDED,buffer_type=BufferType::L1,shard_spec=ShardSpec(grid={[(x=0,y=0) - (x=7,y=3)]},shape={32, 160},orientation=ShardOrientation::ROW_MAJOR),nd_shard_spec=NdShardSpec(shard_shape=Shape([32, 160]),grid={[(x=0,y=0) - (x=7,y=3)]},orientation=ShardOrientation::ROW_MAJOR,shard_distribution_strategy=ShardDistributionStrategy::GRID_2D),created_with_nd_shard_spec=0) and provided MemoryConfig(memory_layout=TensorMemoryLayout::BLOCK_SHARDED,buffer_type=BufferType::L1,shard_spec=ShardSpec(grid={[(x=0,y=0) - (x=7,y=7)]},shape={32, 160},orientation=ShardOrientation::ROW_MAJOR),nd_shard_spec=std::nullopt,created_with_nd_shard_spec=0) mem config. Using computed config. (matmul_op.cpp:1674)
2026-05-29 08:08:45.544 | INFO     | models.demos.wormhole.stable_diffusion.tt.ttnn_functional_unet_2d_condition_model_new_conv:__call__:491 - Up block 0
2026-05-29 08:08:45.546 | INFO     | models.demos.wormhole.stable_diffusion.tt.ttnn_functional_unet_2d_condition_model_new_conv:__call__:491 - Up block 1
2026-05-29 08:08:45.550 | INFO     | models.demos.wormhole.stable_diffusion.tt.ttnn_functional_unet_2d_condition_model_new_conv:__call__:491 - Up block 2
2026-05-29 08:08:45.558 | INFO     | models.demos.wormhole.stable_diffusion.tt.ttnn_functional_unet_2d_condition_model_new_conv:__call__:491 - Up block 3
  Step 25/41
2026-05-29 08:08:45.581 | INFO     | models.demos.wormhole.stable_diffusion.tt.ttnn_functional_unet_2d_condition_model_new_conv:__call__:406 - Down block 0
2026-05-29 08:08:45.587 | info     |              Op | act_block_h_override 2 is not a valid override for padded_output_height_ntiles_per_core 7, instead 1 was selected as closest valid option! (conv2d_utils.cpp:401)
2026-05-29 08:08:45.587 | INFO     | models.demos.wormhole.stable_diffusion.tt.ttnn_functional_unet_2d_condition_model_new_conv:__call__:406 - Down block 1
2026-05-29 08:08:45.593 | INFO     | models.demos.wormhole.stable_diffusion.tt.ttnn_functional_unet_2d_condition_model_new_conv:__call__:406 - Down block 2
2026-05-29 08:08:45.596 | INFO     | models.demos.wormhole.stable_diffusion.tt.ttnn_functional_unet_2d_condition_model_new_conv:__call__:406 - Down block 3
2026-05-29 08:08:45.597 | INFO     | models.demos.wormhole.stable_diffusion.tt.ttnn_functional_unet_2d_condition_model_new_conv:__call__:460 - Mid block
2026-05-29 08:08:45.597 | warning  |              Op | Mismatch between computed MemoryConfig(memory_layout=TensorMemoryLayout::BLOCK_SHARDED,buffer_type=BufferType::L1,shard_spec=ShardSpec(grid={[(x=0,y=0) - (x=7,y=3)]},shape={32, 160},orientation=ShardOrientation::ROW_MAJOR),nd_shard_spec=NdShardSpec(shard_shape=Shape([32, 160]),grid={[(x=0,y=0) - (x=7,y=3)]},orientation=ShardOrientation::ROW_MAJOR,shard_distribution_strategy=ShardDistributionStrategy::GRID_2D),created_with_nd_shard_spec=0) and provided MemoryConfig(memory_layout=TensorMemoryLayout::BLOCK_SHARDED,buffer_type=BufferType::L1,shard_spec=ShardSpec(grid={[(x=0,y=0) - (x=7,y=7)]},shape={32, 160},orientation=ShardOrientation::ROW_MAJOR),nd_shard_spec=std::nullopt,created_with_nd_shard_spec=0) mem config. Using computed config. (matmul_op.cpp:1674)
2026-05-29 08:08:45.599 | INFO     | models.demos.wormhole.stable_diffusion.tt.ttnn_functional_unet_2d_condition_model_new_conv:__call__:491 - Up block 0
2026-05-29 08:08:45.600 | INFO     | models.demos.wormhole.stable_diffusion.tt.ttnn_functional_unet_2d_condition_model_new_conv:__call__:491 - Up block 1
2026-05-29 08:08:45.605 | INFO     | models.demos.wormhole.stable_diffusion.tt.ttnn_functional_unet_2d_condition_model_new_conv:__call__:491 - Up block 2
2026-05-29 08:08:45.613 | INFO     | models.demos.wormhole.stable_diffusion.tt.ttnn_functional_unet_2d_condition_model_new_conv:__call__:491 - Up block 3
2026-05-29 08:08:45.633 | INFO     | models.demos.wormhole.stable_diffusion.tt.ttnn_functional_unet_2d_condition_model_new_conv:__call__:406 - Down block 0
2026-05-29 08:08:45.639 | info     |              Op | act_block_h_override 2 is not a valid override for padded_output_height_ntiles_per_core 7, instead 1 was selected as closest valid option! (conv2d_utils.cpp:401)
2026-05-29 08:08:45.639 | INFO     | models.demos.wormhole.stable_diffusion.tt.ttnn_functional_unet_2d_condition_model_new_conv:__call__:406 - Down block 1
2026-05-29 08:08:45.644 | INFO     | models.demos.wormhole.stable_diffusion.tt.ttnn_functional_unet_2d_condition_model_new_conv:__call__:406 - Down block 2
2026-05-29 08:08:45.647 | INFO     | models.demos.wormhole.stable_diffusion.tt.ttnn_functional_unet_2d_condition_model_new_conv:__call__:406 - Down block 3
2026-05-29 08:08:45.648 | INFO     | models.demos.wormhole.stable_diffusion.tt.ttnn_functional_unet_2d_condition_model_new_conv:__call__:460 - Mid block
2026-05-29 08:08:45.649 | warning  |              Op | Mismatch between computed MemoryConfig(memory_layout=TensorMemoryLayout::BLOCK_SHARDED,buffer_type=BufferType::L1,shard_spec=ShardSpec(grid={[(x=0,y=0) - (x=7,y=3)]},shape={32, 160},orientation=ShardOrientation::ROW_MAJOR),nd_shard_spec=NdShardSpec(shard_shape=Shape([32, 160]),grid={[(x=0,y=0) - (x=7,y=3)]},orientation=ShardOrientation::ROW_MAJOR,shard_distribution_strategy=ShardDistributionStrategy::GRID_2D),created_with_nd_shard_spec=0) and provided MemoryConfig(memory_layout=TensorMemoryLayout::BLOCK_SHARDED,buffer_type=BufferType::L1,shard_spec=ShardSpec(grid={[(x=0,y=0) - (x=7,y=7)]},shape={32, 160},orientation=ShardOrientation::ROW_MAJOR),nd_shard_spec=std::nullopt,created_with_nd_shard_spec=0) mem config. Using computed config. (matmul_op.cpp:1674)
2026-05-29 08:08:45.650 | INFO     | models.demos.wormhole.stable_diffusion.tt.ttnn_functional_unet_2d_condition_model_new_conv:__call__:491 - Up block 0
2026-05-29 08:08:45.651 | INFO     | models.demos.wormhole.stable_diffusion.tt.ttnn_functional_unet_2d_condition_model_new_conv:__call__:491 - Up block 1
2026-05-29 08:08:45.656 | INFO     | models.demos.wormhole.stable_diffusion.tt.ttnn_functional_unet_2d_condition_model_new_conv:__call__:491 - Up block 2
2026-05-29 08:08:45.664 | INFO     | models.demos.wormhole.stable_diffusion.tt.ttnn_functional_unet_2d_condition_model_new_conv:__call__:491 - Up block 3
2026-05-29 08:08:45.685 | INFO     | models.demos.wormhole.stable_diffusion.tt.ttnn_functional_unet_2d_condition_model_new_conv:__call__:406 - Down block 0
2026-05-29 08:08:45.693 | info     |              Op | act_block_h_override 2 is not a valid override for padded_output_height_ntiles_per_core 7, instead 1 was selected as closest valid option! (conv2d_utils.cpp:401)
2026-05-29 08:08:45.693 | INFO     | models.demos.wormhole.stable_diffusion.tt.ttnn_functional_unet_2d_condition_model_new_conv:__call__:406 - Down block 1
2026-05-29 08:08:45.700 | INFO     | models.demos.wormhole.stable_diffusion.tt.ttnn_functional_unet_2d_condition_model_new_conv:__call__:406 - Down block 2
2026-05-29 08:08:45.704 | INFO     | models.demos.wormhole.stable_diffusion.tt.ttnn_functional_unet_2d_condition_model_new_conv:__call__:406 - Down block 3
2026-05-29 08:08:45.704 | INFO     | models.demos.wormhole.stable_diffusion.tt.ttnn_functional_unet_2d_condition_model_new_conv:__call__:460 - Mid block
2026-05-29 08:08:45.705 | warning  |              Op | Mismatch between computed MemoryConfig(memory_layout=TensorMemoryLayout::BLOCK_SHARDED,buffer_type=BufferType::L1,shard_spec=ShardSpec(grid={[(x=0,y=0) - (x=7,y=3)]},shape={32, 160},orientation=ShardOrientation::ROW_MAJOR),nd_shard_spec=NdShardSpec(shard_shape=Shape([32, 160]),grid={[(x=0,y=0) - (x=7,y=3)]},orientation=ShardOrientation::ROW_MAJOR,shard_distribution_strategy=ShardDistributionStrategy::GRID_2D),created_with_nd_shard_spec=0) and provided MemoryConfig(memory_layout=TensorMemoryLayout::BLOCK_SHARDED,buffer_type=BufferType::L1,shard_spec=ShardSpec(grid={[(x=0,y=0) - (x=7,y=7)]},shape={32, 160},orientation=ShardOrientation::ROW_MAJOR),nd_shard_spec=std::nullopt,created_with_nd_shard_spec=0) mem config. Using computed config. (matmul_op.cpp:1674)
2026-05-29 08:08:45.707 | INFO     | models.demos.wormhole.stable_diffusion.tt.ttnn_functional_unet_2d_condition_model_new_conv:__call__:491 - Up block 0
2026-05-29 08:08:45.708 | INFO     | models.demos.wormhole.stable_diffusion.tt.ttnn_functional_unet_2d_condition_model_new_conv:__call__:491 - Up block 1
2026-05-29 08:08:45.713 | INFO     | models.demos.wormhole.stable_diffusion.tt.ttnn_functional_unet_2d_condition_model_new_conv:__call__:491 - Up block 2
2026-05-29 08:08:45.722 | INFO     | models.demos.wormhole.stable_diffusion.tt.ttnn_functional_unet_2d_condition_model_new_conv:__call__:491 - Up block 3
2026-05-29 08:08:45.742 | INFO     | models.demos.wormhole.stable_diffusion.tt.ttnn_functional_unet_2d_condition_model_new_conv:__call__:406 - Down block 0
2026-05-29 08:08:45.748 | info     |              Op | act_block_h_override 2 is not a valid override for padded_output_height_ntiles_per_core 7, instead 1 was selected as closest valid option! (conv2d_utils.cpp:401)
2026-05-29 08:08:45.748 | INFO     | models.demos.wormhole.stable_diffusion.tt.ttnn_functional_unet_2d_condition_model_new_conv:__call__:406 - Down block 1
2026-05-29 08:08:45.753 | INFO     | models.demos.wormhole.stable_diffusion.tt.ttnn_functional_unet_2d_condition_model_new_conv:__call__:406 - Down block 2
2026-05-29 08:08:45.756 | INFO     | models.demos.wormhole.stable_diffusion.tt.ttnn_functional_unet_2d_condition_model_new_conv:__call__:406 - Down block 3
2026-05-29 08:08:45.757 | INFO     | models.demos.wormhole.stable_diffusion.tt.ttnn_functional_unet_2d_condition_model_new_conv:__call__:460 - Mid block
2026-05-29 08:08:45.757 | warning  |              Op | Mismatch between computed MemoryConfig(memory_layout=TensorMemoryLayout::BLOCK_SHARDED,buffer_type=BufferType::L1,shard_spec=ShardSpec(grid={[(x=0,y=0) - (x=7,y=3)]},shape={32, 160},orientation=ShardOrientation::ROW_MAJOR),nd_shard_spec=NdShardSpec(shard_shape=Shape([32, 160]),grid={[(x=0,y=0) - (x=7,y=3)]},orientation=ShardOrientation::ROW_MAJOR,shard_distribution_strategy=ShardDistributionStrategy::GRID_2D),created_with_nd_shard_spec=0) and provided MemoryConfig(memory_layout=TensorMemoryLayout::BLOCK_SHARDED,buffer_type=BufferType::L1,shard_spec=ShardSpec(grid={[(x=0,y=0) - (x=7,y=7)]},shape={32, 160},orientation=ShardOrientation::ROW_MAJOR),nd_shard_spec=std::nullopt,created_with_nd_shard_spec=0) mem config. Using computed config. (matmul_op.cpp:1674)
2026-05-29 08:08:45.759 | INFO     | models.demos.wormhole.stable_diffusion.tt.ttnn_functional_unet_2d_condition_model_new_conv:__call__:491 - Up block 0
2026-05-29 08:08:45.760 | INFO     | models.demos.wormhole.stable_diffusion.tt.ttnn_functional_unet_2d_condition_model_new_conv:__call__:491 - Up block 1
2026-05-29 08:08:45.765 | INFO     | models.demos.wormhole.stable_diffusion.tt.ttnn_functional_unet_2d_condition_model_new_conv:__call__:491 - Up block 2
2026-05-29 08:08:45.773 | INFO     | models.demos.wormhole.stable_diffusion.tt.ttnn_functional_unet_2d_condition_model_new_conv:__call__:491 - Up block 3
2026-05-29 08:08:45.794 | INFO     | models.demos.wormhole.stable_diffusion.tt.ttnn_functional_unet_2d_condition_model_new_conv:__call__:406 - Down block 0
2026-05-29 08:08:45.801 | info     |              Op | act_block_h_override 2 is not a valid override for padded_output_height_ntiles_per_core 7, instead 1 was selected as closest valid option! (conv2d_utils.cpp:401)
2026-05-29 08:08:45.801 | INFO     | models.demos.wormhole.stable_diffusion.tt.ttnn_functional_unet_2d_condition_model_new_conv:__call__:406 - Down block 1
2026-05-29 08:08:45.806 | INFO     | models.demos.wormhole.stable_diffusion.tt.ttnn_functional_unet_2d_condition_model_new_conv:__call__:406 - Down block 2
2026-05-29 08:08:45.810 | INFO     | models.demos.wormhole.stable_diffusion.tt.ttnn_functional_unet_2d_condition_model_new_conv:__call__:406 - Down block 3
2026-05-29 08:08:45.810 | INFO     | models.demos.wormhole.stable_diffusion.tt.ttnn_functional_unet_2d_condition_model_new_conv:__call__:460 - Mid block
2026-05-29 08:08:45.811 | warning  |              Op | Mismatch between computed MemoryConfig(memory_layout=TensorMemoryLayout::BLOCK_SHARDED,buffer_type=BufferType::L1,shard_spec=ShardSpec(grid={[(x=0,y=0) - (x=7,y=3)]},shape={32, 160},orientation=ShardOrientation::ROW_MAJOR),nd_shard_spec=NdShardSpec(shard_shape=Shape([32, 160]),grid={[(x=0,y=0) - (x=7,y=3)]},orientation=ShardOrientation::ROW_MAJOR,shard_distribution_strategy=ShardDistributionStrategy::GRID_2D),created_with_nd_shard_spec=0) and provided MemoryConfig(memory_layout=TensorMemoryLayout::BLOCK_SHARDED,buffer_type=BufferType::L1,shard_spec=ShardSpec(grid={[(x=0,y=0) - (x=7,y=7)]},shape={32, 160},orientation=ShardOrientation::ROW_MAJOR),nd_shard_spec=std::nullopt,created_with_nd_shard_spec=0) mem config. Using computed config. (matmul_op.cpp:1674)
2026-05-29 08:08:45.812 | INFO     | models.demos.wormhole.stable_diffusion.tt.ttnn_functional_unet_2d_condition_model_new_conv:__call__:491 - Up block 0
2026-05-29 08:08:45.813 | INFO     | models.demos.wormhole.stable_diffusion.tt.ttnn_functional_unet_2d_condition_model_new_conv:__call__:491 - Up block 1
2026-05-29 08:08:45.818 | INFO     | models.demos.wormhole.stable_diffusion.tt.ttnn_functional_unet_2d_condition_model_new_conv:__call__:491 - Up block 2
2026-05-29 08:08:45.826 | INFO     | models.demos.wormhole.stable_diffusion.tt.ttnn_functional_unet_2d_condition_model_new_conv:__call__:491 - Up block 3
2026-05-29 08:08:45.846 | INFO     | models.demos.wormhole.stable_diffusion.tt.ttnn_functional_unet_2d_condition_model_new_conv:__call__:406 - Down block 0
2026-05-29 08:08:45.852 | info     |              Op | act_block_h_override 2 is not a valid override for padded_output_height_ntiles_per_core 7, instead 1 was selected as closest valid option! (conv2d_utils.cpp:401)
2026-05-29 08:08:45.852 | INFO     | models.demos.wormhole.stable_diffusion.tt.ttnn_functional_unet_2d_condition_model_new_conv:__call__:406 - Down block 1
2026-05-29 08:08:45.858 | INFO     | models.demos.wormhole.stable_diffusion.tt.ttnn_functional_unet_2d_condition_model_new_conv:__call__:406 - Down block 2
2026-05-29 08:08:45.862 | INFO     | models.demos.wormhole.stable_diffusion.tt.ttnn_functional_unet_2d_condition_model_new_conv:__call__:406 - Down block 3
2026-05-29 08:08:45.862 | INFO     | models.demos.wormhole.stable_diffusion.tt.ttnn_functional_unet_2d_condition_model_new_conv:__call__:460 - Mid block
2026-05-29 08:08:45.863 | warning  |              Op | Mismatch between computed MemoryConfig(memory_layout=TensorMemoryLayout::BLOCK_SHARDED,buffer_type=BufferType::L1,shard_spec=ShardSpec(grid={[(x=0,y=0) - (x=7,y=3)]},shape={32, 160},orientation=ShardOrientation::ROW_MAJOR),nd_shard_spec=NdShardSpec(shard_shape=Shape([32, 160]),grid={[(x=0,y=0) - (x=7,y=3)]},orientation=ShardOrientation::ROW_MAJOR,shard_distribution_strategy=ShardDistributionStrategy::GRID_2D),created_with_nd_shard_spec=0) and provided MemoryConfig(memory_layout=TensorMemoryLayout::BLOCK_SHARDED,buffer_type=BufferType::L1,shard_spec=ShardSpec(grid={[(x=0,y=0) - (x=7,y=7)]},shape={32, 160},orientation=ShardOrientation::ROW_MAJOR),nd_shard_spec=std::nullopt,created_with_nd_shard_spec=0) mem config. Using computed config. (matmul_op.cpp:1674)
2026-05-29 08:08:45.864 | INFO     | models.demos.wormhole.stable_diffusion.tt.ttnn_functional_unet_2d_condition_model_new_conv:__call__:491 - Up block 0
2026-05-29 08:08:45.865 | INFO     | models.demos.wormhole.stable_diffusion.tt.ttnn_functional_unet_2d_condition_model_new_conv:__call__:491 - Up block 1
2026-05-29 08:08:45.870 | INFO     | models.demos.wormhole.stable_diffusion.tt.ttnn_functional_unet_2d_condition_model_new_conv:__call__:491 - Up block 2
2026-05-29 08:08:45.879 | INFO     | models.demos.wormhole.stable_diffusion.tt.ttnn_functional_unet_2d_condition_model_new_conv:__call__:491 - Up block 3
2026-05-29 08:08:45.899 | INFO     | models.demos.wormhole.stable_diffusion.tt.ttnn_functional_unet_2d_condition_model_new_conv:__call__:406 - Down block 0
2026-05-29 08:08:45.905 | info     |              Op | act_block_h_override 2 is not a valid override for padded_output_height_ntiles_per_core 7, instead 1 was selected as closest valid option! (conv2d_utils.cpp:401)
2026-05-29 08:08:45.905 | INFO     | models.demos.wormhole.stable_diffusion.tt.ttnn_functional_unet_2d_condition_model_new_conv:__call__:406 - Down block 1
2026-05-29 08:08:45.911 | INFO     | models.demos.wormhole.stable_diffusion.tt.ttnn_functional_unet_2d_condition_model_new_conv:__call__:406 - Down block 2
2026-05-29 08:08:45.914 | INFO     | models.demos.wormhole.stable_diffusion.tt.ttnn_functional_unet_2d_condition_model_new_conv:__call__:406 - Down block 3
2026-05-29 08:08:45.915 | INFO     | models.demos.wormhole.stable_diffusion.tt.ttnn_functional_unet_2d_condition_model_new_conv:__call__:460 - Mid block
2026-05-29 08:08:45.915 | warning  |              Op | Mismatch between computed MemoryConfig(memory_layout=TensorMemoryLayout::BLOCK_SHARDED,buffer_type=BufferType::L1,shard_spec=ShardSpec(grid={[(x=0,y=0) - (x=7,y=3)]},shape={32, 160},orientation=ShardOrientation::ROW_MAJOR),nd_shard_spec=NdShardSpec(shard_shape=Shape([32, 160]),grid={[(x=0,y=0) - (x=7,y=3)]},orientation=ShardOrientation::ROW_MAJOR,shard_distribution_strategy=ShardDistributionStrategy::GRID_2D),created_with_nd_shard_spec=0) and provided MemoryConfig(memory_layout=TensorMemoryLayout::BLOCK_SHARDED,buffer_type=BufferType::L1,shard_spec=ShardSpec(grid={[(x=0,y=0) - (x=7,y=7)]},shape={32, 160},orientation=ShardOrientation::ROW_MAJOR),nd_shard_spec=std::nullopt,created_with_nd_shard_spec=0) mem config. Using computed config. (matmul_op.cpp:1674)
2026-05-29 08:08:45.917 | INFO     | models.demos.wormhole.stable_diffusion.tt.ttnn_functional_unet_2d_condition_model_new_conv:__call__:491 - Up block 0
2026-05-29 08:08:45.918 | INFO     | models.demos.wormhole.stable_diffusion.tt.ttnn_functional_unet_2d_condition_model_new_conv:__call__:491 - Up block 1
2026-05-29 08:08:45.923 | INFO     | models.demos.wormhole.stable_diffusion.tt.ttnn_functional_unet_2d_condition_model_new_conv:__call__:491 - Up block 2
2026-05-29 08:08:45.931 | INFO     | models.demos.wormhole.stable_diffusion.tt.ttnn_functional_unet_2d_condition_model_new_conv:__call__:491 - Up block 3
2026-05-29 08:08:45.951 | INFO     | models.demos.wormhole.stable_diffusion.tt.ttnn_functional_unet_2d_condition_model_new_conv:__call__:406 - Down block 0
2026-05-29 08:08:45.958 | info     |              Op | act_block_h_override 2 is not a valid override for padded_output_height_ntiles_per_core 7, instead 1 was selected as closest valid option! (conv2d_utils.cpp:401)
2026-05-29 08:08:45.958 | INFO     | models.demos.wormhole.stable_diffusion.tt.ttnn_functional_unet_2d_condition_model_new_conv:__call__:406 - Down block 1
2026-05-29 08:08:45.963 | INFO     | models.demos.wormhole.stable_diffusion.tt.ttnn_functional_unet_2d_condition_model_new_conv:__call__:406 - Down block 2
2026-05-29 08:08:45.967 | INFO     | models.demos.wormhole.stable_diffusion.tt.ttnn_functional_unet_2d_condition_model_new_conv:__call__:406 - Down block 3
2026-05-29 08:08:45.967 | INFO     | models.demos.wormhole.stable_diffusion.tt.ttnn_functional_unet_2d_condition_model_new_conv:__call__:460 - Mid block
2026-05-29 08:08:45.968 | warning  |              Op | Mismatch between computed MemoryConfig(memory_layout=TensorMemoryLayout::BLOCK_SHARDED,buffer_type=BufferType::L1,shard_spec=ShardSpec(grid={[(x=0,y=0) - (x=7,y=3)]},shape={32, 160},orientation=ShardOrientation::ROW_MAJOR),nd_shard_spec=NdShardSpec(shard_shape=Shape([32, 160]),grid={[(x=0,y=0) - (x=7,y=3)]},orientation=ShardOrientation::ROW_MAJOR,shard_distribution_strategy=ShardDistributionStrategy::GRID_2D),created_with_nd_shard_spec=0) and provided MemoryConfig(memory_layout=TensorMemoryLayout::BLOCK_SHARDED,buffer_type=BufferType::L1,shard_spec=ShardSpec(grid={[(x=0,y=0) - (x=7,y=7)]},shape={32, 160},orientation=ShardOrientation::ROW_MAJOR),nd_shard_spec=std::nullopt,created_with_nd_shard_spec=0) mem config. Using computed config. (matmul_op.cpp:1674)
2026-05-29 08:08:45.969 | INFO     | models.demos.wormhole.stable_diffusion.tt.ttnn_functional_unet_2d_condition_model_new_conv:__call__:491 - Up block 0
2026-05-29 08:08:45.970 | INFO     | models.demos.wormhole.stable_diffusion.tt.ttnn_functional_unet_2d_condition_model_new_conv:__call__:491 - Up block 1
2026-05-29 08:08:45.975 | INFO     | models.demos.wormhole.stable_diffusion.tt.ttnn_functional_unet_2d_condition_model_new_conv:__call__:491 - Up block 2
2026-05-29 08:08:45.983 | INFO     | models.demos.wormhole.stable_diffusion.tt.ttnn_functional_unet_2d_condition_model_new_conv:__call__:491 - Up block 3
  Step 26/41
2026-05-29 08:08:46.006 | INFO     | models.demos.wormhole.stable_diffusion.tt.ttnn_functional_unet_2d_condition_model_new_conv:__call__:406 - Down block 0
2026-05-29 08:08:46.012 | info     |              Op | act_block_h_override 2 is not a valid override for padded_output_height_ntiles_per_core 7, instead 1 was selected as closest valid option! (conv2d_utils.cpp:401)
2026-05-29 08:08:46.012 | INFO     | models.demos.wormhole.stable_diffusion.tt.ttnn_functional_unet_2d_condition_model_new_conv:__call__:406 - Down block 1
2026-05-29 08:08:46.018 | INFO     | models.demos.wormhole.stable_diffusion.tt.ttnn_functional_unet_2d_condition_model_new_conv:__call__:406 - Down block 2
2026-05-29 08:08:46.022 | INFO     | models.demos.wormhole.stable_diffusion.tt.ttnn_functional_unet_2d_condition_model_new_conv:__call__:406 - Down block 3
2026-05-29 08:08:46.023 | INFO     | models.demos.wormhole.stable_diffusion.tt.ttnn_functional_unet_2d_condition_model_new_conv:__call__:460 - Mid block
2026-05-29 08:08:46.023 | warning  |              Op | Mismatch between computed MemoryConfig(memory_layout=TensorMemoryLayout::BLOCK_SHARDED,buffer_type=BufferType::L1,shard_spec=ShardSpec(grid={[(x=0,y=0) - (x=7,y=3)]},shape={32, 160},orientation=ShardOrientation::ROW_MAJOR),nd_shard_spec=NdShardSpec(shard_shape=Shape([32, 160]),grid={[(x=0,y=0) - (x=7,y=3)]},orientation=ShardOrientation::ROW_MAJOR,shard_distribution_strategy=ShardDistributionStrategy::GRID_2D),created_with_nd_shard_spec=0) and provided MemoryConfig(memory_layout=TensorMemoryLayout::BLOCK_SHARDED,buffer_type=BufferType::L1,shard_spec=ShardSpec(grid={[(x=0,y=0) - (x=7,y=7)]},shape={32, 160},orientation=ShardOrientation::ROW_MAJOR),nd_shard_spec=std::nullopt,created_with_nd_shard_spec=0) mem config. Using computed config. (matmul_op.cpp:1674)
2026-05-29 08:08:46.024 | INFO     | models.demos.wormhole.stable_diffusion.tt.ttnn_functional_unet_2d_condition_model_new_conv:__call__:491 - Up block 0
2026-05-29 08:08:46.026 | INFO     | models.demos.wormhole.stable_diffusion.tt.ttnn_functional_unet_2d_condition_model_new_conv:__call__:491 - Up block 1
2026-05-29 08:08:46.031 | INFO     | models.demos.wormhole.stable_diffusion.tt.ttnn_functional_unet_2d_condition_model_new_conv:__call__:491 - Up block 2
2026-05-29 08:08:46.039 | INFO     | models.demos.wormhole.stable_diffusion.tt.ttnn_functional_unet_2d_condition_model_new_conv:__call__:491 - Up block 3
2026-05-29 08:08:46.059 | INFO     | models.demos.wormhole.stable_diffusion.tt.ttnn_functional_unet_2d_condition_model_new_conv:__call__:406 - Down block 0
2026-05-29 08:08:46.066 | info     |              Op | act_block_h_override 2 is not a valid override for padded_output_height_ntiles_per_core 7, instead 1 was selected as closest valid option! (conv2d_utils.cpp:401)
2026-05-29 08:08:46.066 | INFO     | models.demos.wormhole.stable_diffusion.tt.ttnn_functional_unet_2d_condition_model_new_conv:__call__:406 - Down block 1
2026-05-29 08:08:46.071 | INFO     | models.demos.wormhole.stable_diffusion.tt.ttnn_functional_unet_2d_condition_model_new_conv:__call__:406 - Down block 2
2026-05-29 08:08:46.075 | INFO     | models.demos.wormhole.stable_diffusion.tt.ttnn_functional_unet_2d_condition_model_new_conv:__call__:406 - Down block 3
2026-05-29 08:08:46.075 | INFO     | models.demos.wormhole.stable_diffusion.tt.ttnn_functional_unet_2d_condition_model_new_conv:__call__:460 - Mid block
2026-05-29 08:08:46.076 | warning  |              Op | Mismatch between computed MemoryConfig(memory_layout=TensorMemoryLayout::BLOCK_SHARDED,buffer_type=BufferType::L1,shard_spec=ShardSpec(grid={[(x=0,y=0) - (x=7,y=3)]},shape={32, 160},orientation=ShardOrientation::ROW_MAJOR),nd_shard_spec=NdShardSpec(shard_shape=Shape([32, 160]),grid={[(x=0,y=0) - (x=7,y=3)]},orientation=ShardOrientation::ROW_MAJOR,shard_distribution_strategy=ShardDistributionStrategy::GRID_2D),created_with_nd_shard_spec=0) and provided MemoryConfig(memory_layout=TensorMemoryLayout::BLOCK_SHARDED,buffer_type=BufferType::L1,shard_spec=ShardSpec(grid={[(x=0,y=0) - (x=7,y=7)]},shape={32, 160},orientation=ShardOrientation::ROW_MAJOR),nd_shard_spec=std::nullopt,created_with_nd_shard_spec=0) mem config. Using computed config. (matmul_op.cpp:1674)
2026-05-29 08:08:46.077 | INFO     | models.demos.wormhole.stable_diffusion.tt.ttnn_functional_unet_2d_condition_model_new_conv:__call__:491 - Up block 0
2026-05-29 08:08:46.079 | INFO     | models.demos.wormhole.stable_diffusion.tt.ttnn_functional_unet_2d_condition_model_new_conv:__call__:491 - Up block 1
2026-05-29 08:08:46.084 | INFO     | models.demos.wormhole.stable_diffusion.tt.ttnn_functional_unet_2d_condition_model_new_conv:__call__:491 - Up block 2
2026-05-29 08:08:46.092 | INFO     | models.demos.wormhole.stable_diffusion.tt.ttnn_functional_unet_2d_condition_model_new_conv:__call__:491 - Up block 3
2026-05-29 08:08:46.112 | INFO     | models.demos.wormhole.stable_diffusion.tt.ttnn_functional_unet_2d_condition_model_new_conv:__call__:406 - Down block 0
2026-05-29 08:08:46.117 | info     |              Op | act_block_h_override 2 is not a valid override for padded_output_height_ntiles_per_core 7, instead 1 was selected as closest valid option! (conv2d_utils.cpp:401)
2026-05-29 08:08:46.118 | INFO     | models.demos.wormhole.stable_diffusion.tt.ttnn_functional_unet_2d_condition_model_new_conv:__call__:406 - Down block 1
2026-05-29 08:08:46.123 | INFO     | models.demos.wormhole.stable_diffusion.tt.ttnn_functional_unet_2d_condition_model_new_conv:__call__:406 - Down block 2
2026-05-29 08:08:46.126 | INFO     | models.demos.wormhole.stable_diffusion.tt.ttnn_functional_unet_2d_condition_model_new_conv:__call__:406 - Down block 3
2026-05-29 08:08:46.127 | INFO     | models.demos.wormhole.stable_diffusion.tt.ttnn_functional_unet_2d_condition_model_new_conv:__call__:460 - Mid block
2026-05-29 08:08:46.127 | warning  |              Op | Mismatch between computed MemoryConfig(memory_layout=TensorMemoryLayout::BLOCK_SHARDED,buffer_type=BufferType::L1,shard_spec=ShardSpec(grid={[(x=0,y=0) - (x=7,y=3)]},shape={32, 160},orientation=ShardOrientation::ROW_MAJOR),nd_shard_spec=NdShardSpec(shard_shape=Shape([32, 160]),grid={[(x=0,y=0) - (x=7,y=3)]},orientation=ShardOrientation::ROW_MAJOR,shard_distribution_strategy=ShardDistributionStrategy::GRID_2D),created_with_nd_shard_spec=0) and provided MemoryConfig(memory_layout=TensorMemoryLayout::BLOCK_SHARDED,buffer_type=BufferType::L1,shard_spec=ShardSpec(grid={[(x=0,y=0) - (x=7,y=7)]},shape={32, 160},orientation=ShardOrientation::ROW_MAJOR),nd_shard_spec=std::nullopt,created_with_nd_shard_spec=0) mem config. Using computed config. (matmul_op.cpp:1674)
2026-05-29 08:08:46.129 | INFO     | models.demos.wormhole.stable_diffusion.tt.ttnn_functional_unet_2d_condition_model_new_conv:__call__:491 - Up block 0
2026-05-29 08:08:46.130 | INFO     | models.demos.wormhole.stable_diffusion.tt.ttnn_functional_unet_2d_condition_model_new_conv:__call__:491 - Up block 1
2026-05-29 08:08:46.135 | INFO     | models.demos.wormhole.stable_diffusion.tt.ttnn_functional_unet_2d_condition_model_new_conv:__call__:491 - Up block 2
2026-05-29 08:08:46.143 | INFO     | models.demos.wormhole.stable_diffusion.tt.ttnn_functional_unet_2d_condition_model_new_conv:__call__:491 - Up block 3
2026-05-29 08:08:46.164 | INFO     | models.demos.wormhole.stable_diffusion.tt.ttnn_functional_unet_2d_condition_model_new_conv:__call__:406 - Down block 0
2026-05-29 08:08:46.170 | info     |              Op | act_block_h_override 2 is not a valid override for padded_output_height_ntiles_per_core 7, instead 1 was selected as closest valid option! (conv2d_utils.cpp:401)
2026-05-29 08:08:46.170 | INFO     | models.demos.wormhole.stable_diffusion.tt.ttnn_functional_unet_2d_condition_model_new_conv:__call__:406 - Down block 1
2026-05-29 08:08:46.175 | INFO     | models.demos.wormhole.stable_diffusion.tt.ttnn_functional_unet_2d_condition_model_new_conv:__call__:406 - Down block 2
2026-05-29 08:08:46.179 | INFO     | models.demos.wormhole.stable_diffusion.tt.ttnn_functional_unet_2d_condition_model_new_conv:__call__:406 - Down block 3
2026-05-29 08:08:46.180 | INFO     | models.demos.wormhole.stable_diffusion.tt.ttnn_functional_unet_2d_condition_model_new_conv:__call__:460 - Mid block
2026-05-29 08:08:46.180 | warning  |              Op | Mismatch between computed MemoryConfig(memory_layout=TensorMemoryLayout::BLOCK_SHARDED,buffer_type=BufferType::L1,shard_spec=ShardSpec(grid={[(x=0,y=0) - (x=7,y=3)]},shape={32, 160},orientation=ShardOrientation::ROW_MAJOR),nd_shard_spec=NdShardSpec(shard_shape=Shape([32, 160]),grid={[(x=0,y=0) - (x=7,y=3)]},orientation=ShardOrientation::ROW_MAJOR,shard_distribution_strategy=ShardDistributionStrategy::GRID_2D),created_with_nd_shard_spec=0) and provided MemoryConfig(memory_layout=TensorMemoryLayout::BLOCK_SHARDED,buffer_type=BufferType::L1,shard_spec=ShardSpec(grid={[(x=0,y=0) - (x=7,y=7)]},shape={32, 160},orientation=ShardOrientation::ROW_MAJOR),nd_shard_spec=std::nullopt,created_with_nd_shard_spec=0) mem config. Using computed config. (matmul_op.cpp:1674)
2026-05-29 08:08:46.182 | INFO     | models.demos.wormhole.stable_diffusion.tt.ttnn_functional_unet_2d_condition_model_new_conv:__call__:491 - Up block 0
2026-05-29 08:08:46.183 | INFO     | models.demos.wormhole.stable_diffusion.tt.ttnn_functional_unet_2d_condition_model_new_conv:__call__:491 - Up block 1
2026-05-29 08:08:46.188 | INFO     | models.demos.wormhole.stable_diffusion.tt.ttnn_functional_unet_2d_condition_model_new_conv:__call__:491 - Up block 2
2026-05-29 08:08:46.196 | INFO     | models.demos.wormhole.stable_diffusion.tt.ttnn_functional_unet_2d_condition_model_new_conv:__call__:491 - Up block 3
2026-05-29 08:08:46.216 | INFO     | models.demos.wormhole.stable_diffusion.tt.ttnn_functional_unet_2d_condition_model_new_conv:__call__:406 - Down block 0
2026-05-29 08:08:46.222 | info     |              Op | act_block_h_override 2 is not a valid override for padded_output_height_ntiles_per_core 7, instead 1 was selected as closest valid option! (conv2d_utils.cpp:401)
2026-05-29 08:08:46.222 | INFO     | models.demos.wormhole.stable_diffusion.tt.ttnn_functional_unet_2d_condition_model_new_conv:__call__:406 - Down block 1
2026-05-29 08:08:46.227 | INFO     | models.demos.wormhole.stable_diffusion.tt.ttnn_functional_unet_2d_condition_model_new_conv:__call__:406 - Down block 2
2026-05-29 08:08:46.231 | INFO     | models.demos.wormhole.stable_diffusion.tt.ttnn_functional_unet_2d_condition_model_new_conv:__call__:406 - Down block 3
2026-05-29 08:08:46.231 | INFO     | models.demos.wormhole.stable_diffusion.tt.ttnn_functional_unet_2d_condition_model_new_conv:__call__:460 - Mid block
2026-05-29 08:08:46.232 | warning  |              Op | Mismatch between computed MemoryConfig(memory_layout=TensorMemoryLayout::BLOCK_SHARDED,buffer_type=BufferType::L1,shard_spec=ShardSpec(grid={[(x=0,y=0) - (x=7,y=3)]},shape={32, 160},orientation=ShardOrientation::ROW_MAJOR),nd_shard_spec=NdShardSpec(shard_shape=Shape([32, 160]),grid={[(x=0,y=0) - (x=7,y=3)]},orientation=ShardOrientation::ROW_MAJOR,shard_distribution_strategy=ShardDistributionStrategy::GRID_2D),created_with_nd_shard_spec=0) and provided MemoryConfig(memory_layout=TensorMemoryLayout::BLOCK_SHARDED,buffer_type=BufferType::L1,shard_spec=ShardSpec(grid={[(x=0,y=0) - (x=7,y=7)]},shape={32, 160},orientation=ShardOrientation::ROW_MAJOR),nd_shard_spec=std::nullopt,created_with_nd_shard_spec=0) mem config. Using computed config. (matmul_op.cpp:1674)
2026-05-29 08:08:46.233 | INFO     | models.demos.wormhole.stable_diffusion.tt.ttnn_functional_unet_2d_condition_model_new_conv:__call__:491 - Up block 0
2026-05-29 08:08:46.235 | INFO     | models.demos.wormhole.stable_diffusion.tt.ttnn_functional_unet_2d_condition_model_new_conv:__call__:491 - Up block 1
2026-05-29 08:08:46.240 | INFO     | models.demos.wormhole.stable_diffusion.tt.ttnn_functional_unet_2d_condition_model_new_conv:__call__:491 - Up block 2
2026-05-29 08:08:46.248 | INFO     | models.demos.wormhole.stable_diffusion.tt.ttnn_functional_unet_2d_condition_model_new_conv:__call__:491 - Up block 3
2026-05-29 08:08:46.268 | INFO     | models.demos.wormhole.stable_diffusion.tt.ttnn_functional_unet_2d_condition_model_new_conv:__call__:406 - Down block 0
2026-05-29 08:08:46.275 | info     |              Op | act_block_h_override 2 is not a valid override for padded_output_height_ntiles_per_core 7, instead 1 was selected as closest valid option! (conv2d_utils.cpp:401)
2026-05-29 08:08:46.275 | INFO     | models.demos.wormhole.stable_diffusion.tt.ttnn_functional_unet_2d_condition_model_new_conv:__call__:406 - Down block 1
2026-05-29 08:08:46.280 | INFO     | models.demos.wormhole.stable_diffusion.tt.ttnn_functional_unet_2d_condition_model_new_conv:__call__:406 - Down block 2
2026-05-29 08:08:46.283 | INFO     | models.demos.wormhole.stable_diffusion.tt.ttnn_functional_unet_2d_condition_model_new_conv:__call__:406 - Down block 3
2026-05-29 08:08:46.284 | INFO     | models.demos.wormhole.stable_diffusion.tt.ttnn_functional_unet_2d_condition_model_new_conv:__call__:460 - Mid block
2026-05-29 08:08:46.285 | warning  |              Op | Mismatch between computed MemoryConfig(memory_layout=TensorMemoryLayout::BLOCK_SHARDED,buffer_type=BufferType::L1,shard_spec=ShardSpec(grid={[(x=0,y=0) - (x=7,y=3)]},shape={32, 160},orientation=ShardOrientation::ROW_MAJOR),nd_shard_spec=NdShardSpec(shard_shape=Shape([32, 160]),grid={[(x=0,y=0) - (x=7,y=3)]},orientation=ShardOrientation::ROW_MAJOR,shard_distribution_strategy=ShardDistributionStrategy::GRID_2D),created_with_nd_shard_spec=0) and provided MemoryConfig(memory_layout=TensorMemoryLayout::BLOCK_SHARDED,buffer_type=BufferType::L1,shard_spec=ShardSpec(grid={[(x=0,y=0) - (x=7,y=7)]},shape={32, 160},orientation=ShardOrientation::ROW_MAJOR),nd_shard_spec=std::nullopt,created_with_nd_shard_spec=0) mem config. Using computed config. (matmul_op.cpp:1674)
2026-05-29 08:08:46.286 | INFO     | models.demos.wormhole.stable_diffusion.tt.ttnn_functional_unet_2d_condition_model_new_conv:__call__:491 - Up block 0
2026-05-29 08:08:46.287 | INFO     | models.demos.wormhole.stable_diffusion.tt.ttnn_functional_unet_2d_condition_model_new_conv:__call__:491 - Up block 1
2026-05-29 08:08:46.292 | INFO     | models.demos.wormhole.stable_diffusion.tt.ttnn_functional_unet_2d_condition_model_new_conv:__call__:491 - Up block 2
2026-05-29 08:08:46.300 | INFO     | models.demos.wormhole.stable_diffusion.tt.ttnn_functional_unet_2d_condition_model_new_conv:__call__:491 - Up block 3
2026-05-29 08:08:46.320 | INFO     | models.demos.wormhole.stable_diffusion.tt.ttnn_functional_unet_2d_condition_model_new_conv:__call__:406 - Down block 0
2026-05-29 08:08:46.326 | info     |              Op | act_block_h_override 2 is not a valid override for padded_output_height_ntiles_per_core 7, instead 1 was selected as closest valid option! (conv2d_utils.cpp:401)
2026-05-29 08:08:46.326 | INFO     | models.demos.wormhole.stable_diffusion.tt.ttnn_functional_unet_2d_condition_model_new_conv:__call__:406 - Down block 1
2026-05-29 08:08:46.332 | INFO     | models.demos.wormhole.stable_diffusion.tt.ttnn_functional_unet_2d_condition_model_new_conv:__call__:406 - Down block 2
2026-05-29 08:08:46.335 | INFO     | models.demos.wormhole.stable_diffusion.tt.ttnn_functional_unet_2d_condition_model_new_conv:__call__:406 - Down block 3
2026-05-29 08:08:46.336 | INFO     | models.demos.wormhole.stable_diffusion.tt.ttnn_functional_unet_2d_condition_model_new_conv:__call__:460 - Mid block
2026-05-29 08:08:46.336 | warning  |              Op | Mismatch between computed MemoryConfig(memory_layout=TensorMemoryLayout::BLOCK_SHARDED,buffer_type=BufferType::L1,shard_spec=ShardSpec(grid={[(x=0,y=0) - (x=7,y=3)]},shape={32, 160},orientation=ShardOrientation::ROW_MAJOR),nd_shard_spec=NdShardSpec(shard_shape=Shape([32, 160]),grid={[(x=0,y=0) - (x=7,y=3)]},orientation=ShardOrientation::ROW_MAJOR,shard_distribution_strategy=ShardDistributionStrategy::GRID_2D),created_with_nd_shard_spec=0) and provided MemoryConfig(memory_layout=TensorMemoryLayout::BLOCK_SHARDED,buffer_type=BufferType::L1,shard_spec=ShardSpec(grid={[(x=0,y=0) - (x=7,y=7)]},shape={32, 160},orientation=ShardOrientation::ROW_MAJOR),nd_shard_spec=std::nullopt,created_with_nd_shard_spec=0) mem config. Using computed config. (matmul_op.cpp:1674)
2026-05-29 08:08:46.338 | INFO     | models.demos.wormhole.stable_diffusion.tt.ttnn_functional_unet_2d_condition_model_new_conv:__call__:491 - Up block 0
2026-05-29 08:08:46.339 | INFO     | models.demos.wormhole.stable_diffusion.tt.ttnn_functional_unet_2d_condition_model_new_conv:__call__:491 - Up block 1
2026-05-29 08:08:46.344 | INFO     | models.demos.wormhole.stable_diffusion.tt.ttnn_functional_unet_2d_condition_model_new_conv:__call__:491 - Up block 2
2026-05-29 08:08:46.352 | INFO     | models.demos.wormhole.stable_diffusion.tt.ttnn_functional_unet_2d_condition_model_new_conv:__call__:491 - Up block 3
2026-05-29 08:08:46.372 | INFO     | models.demos.wormhole.stable_diffusion.tt.ttnn_functional_unet_2d_condition_model_new_conv:__call__:406 - Down block 0
2026-05-29 08:08:46.378 | info     |              Op | act_block_h_override 2 is not a valid override for padded_output_height_ntiles_per_core 7, instead 1 was selected as closest valid option! (conv2d_utils.cpp:401)
2026-05-29 08:08:46.378 | INFO     | models.demos.wormhole.stable_diffusion.tt.ttnn_functional_unet_2d_condition_model_new_conv:__call__:406 - Down block 1
2026-05-29 08:08:46.384 | INFO     | models.demos.wormhole.stable_diffusion.tt.ttnn_functional_unet_2d_condition_model_new_conv:__call__:406 - Down block 2
2026-05-29 08:08:46.387 | INFO     | models.demos.wormhole.stable_diffusion.tt.ttnn_functional_unet_2d_condition_model_new_conv:__call__:406 - Down block 3
2026-05-29 08:08:46.388 | INFO     | models.demos.wormhole.stable_diffusion.tt.ttnn_functional_unet_2d_condition_model_new_conv:__call__:460 - Mid block
2026-05-29 08:08:46.388 | warning  |              Op | Mismatch between computed MemoryConfig(memory_layout=TensorMemoryLayout::BLOCK_SHARDED,buffer_type=BufferType::L1,shard_spec=ShardSpec(grid={[(x=0,y=0) - (x=7,y=3)]},shape={32, 160},orientation=ShardOrientation::ROW_MAJOR),nd_shard_spec=NdShardSpec(shard_shape=Shape([32, 160]),grid={[(x=0,y=0) - (x=7,y=3)]},orientation=ShardOrientation::ROW_MAJOR,shard_distribution_strategy=ShardDistributionStrategy::GRID_2D),created_with_nd_shard_spec=0) and provided MemoryConfig(memory_layout=TensorMemoryLayout::BLOCK_SHARDED,buffer_type=BufferType::L1,shard_spec=ShardSpec(grid={[(x=0,y=0) - (x=7,y=7)]},shape={32, 160},orientation=ShardOrientation::ROW_MAJOR),nd_shard_spec=std::nullopt,created_with_nd_shard_spec=0) mem config. Using computed config. (matmul_op.cpp:1674)
2026-05-29 08:08:46.390 | INFO     | models.demos.wormhole.stable_diffusion.tt.ttnn_functional_unet_2d_condition_model_new_conv:__call__:491 - Up block 0
2026-05-29 08:08:46.391 | INFO     | models.demos.wormhole.stable_diffusion.tt.ttnn_functional_unet_2d_condition_model_new_conv:__call__:491 - Up block 1
2026-05-29 08:08:46.396 | INFO     | models.demos.wormhole.stable_diffusion.tt.ttnn_functional_unet_2d_condition_model_new_conv:__call__:491 - Up block 2
2026-05-29 08:08:46.404 | INFO     | models.demos.wormhole.stable_diffusion.tt.ttnn_functional_unet_2d_condition_model_new_conv:__call__:491 - Up block 3
  Step 27/41
2026-05-29 08:08:46.427 | INFO     | models.demos.wormhole.stable_diffusion.tt.ttnn_functional_unet_2d_condition_model_new_conv:__call__:406 - Down block 0
2026-05-29 08:08:46.433 | info     |              Op | act_block_h_override 2 is not a valid override for padded_output_height_ntiles_per_core 7, instead 1 was selected as closest valid option! (conv2d_utils.cpp:401)
2026-05-29 08:08:46.433 | INFO     | models.demos.wormhole.stable_diffusion.tt.ttnn_functional_unet_2d_condition_model_new_conv:__call__:406 - Down block 1
2026-05-29 08:08:46.439 | INFO     | models.demos.wormhole.stable_diffusion.tt.ttnn_functional_unet_2d_condition_model_new_conv:__call__:406 - Down block 2
2026-05-29 08:08:46.443 | INFO     | models.demos.wormhole.stable_diffusion.tt.ttnn_functional_unet_2d_condition_model_new_conv:__call__:406 - Down block 3
2026-05-29 08:08:46.443 | INFO     | models.demos.wormhole.stable_diffusion.tt.ttnn_functional_unet_2d_condition_model_new_conv:__call__:460 - Mid block
2026-05-29 08:08:46.444 | warning  |              Op | Mismatch between computed MemoryConfig(memory_layout=TensorMemoryLayout::BLOCK_SHARDED,buffer_type=BufferType::L1,shard_spec=ShardSpec(grid={[(x=0,y=0) - (x=7,y=3)]},shape={32, 160},orientation=ShardOrientation::ROW_MAJOR),nd_shard_spec=NdShardSpec(shard_shape=Shape([32, 160]),grid={[(x=0,y=0) - (x=7,y=3)]},orientation=ShardOrientation::ROW_MAJOR,shard_distribution_strategy=ShardDistributionStrategy::GRID_2D),created_with_nd_shard_spec=0) and provided MemoryConfig(memory_layout=TensorMemoryLayout::BLOCK_SHARDED,buffer_type=BufferType::L1,shard_spec=ShardSpec(grid={[(x=0,y=0) - (x=7,y=7)]},shape={32, 160},orientation=ShardOrientation::ROW_MAJOR),nd_shard_spec=std::nullopt,created_with_nd_shard_spec=0) mem config. Using computed config. (matmul_op.cpp:1674)
2026-05-29 08:08:46.446 | INFO     | models.demos.wormhole.stable_diffusion.tt.ttnn_functional_unet_2d_condition_model_new_conv:__call__:491 - Up block 0
2026-05-29 08:08:46.447 | INFO     | models.demos.wormhole.stable_diffusion.tt.ttnn_functional_unet_2d_condition_model_new_conv:__call__:491 - Up block 1
2026-05-29 08:08:46.452 | INFO     | models.demos.wormhole.stable_diffusion.tt.ttnn_functional_unet_2d_condition_model_new_conv:__call__:491 - Up block 2
2026-05-29 08:08:46.460 | INFO     | models.demos.wormhole.stable_diffusion.tt.ttnn_functional_unet_2d_condition_model_new_conv:__call__:491 - Up block 3
2026-05-29 08:08:46.480 | INFO     | models.demos.wormhole.stable_diffusion.tt.ttnn_functional_unet_2d_condition_model_new_conv:__call__:406 - Down block 0
2026-05-29 08:08:46.486 | info     |              Op | act_block_h_override 2 is not a valid override for padded_output_height_ntiles_per_core 7, instead 1 was selected as closest valid option! (conv2d_utils.cpp:401)
2026-05-29 08:08:46.486 | INFO     | models.demos.wormhole.stable_diffusion.tt.ttnn_functional_unet_2d_condition_model_new_conv:__call__:406 - Down block 1
2026-05-29 08:08:46.491 | INFO     | models.demos.wormhole.stable_diffusion.tt.ttnn_functional_unet_2d_condition_model_new_conv:__call__:406 - Down block 2
2026-05-29 08:08:46.495 | INFO     | models.demos.wormhole.stable_diffusion.tt.ttnn_functional_unet_2d_condition_model_new_conv:__call__:406 - Down block 3
2026-05-29 08:08:46.495 | INFO     | models.demos.wormhole.stable_diffusion.tt.ttnn_functional_unet_2d_condition_model_new_conv:__call__:460 - Mid block
2026-05-29 08:08:46.496 | warning  |              Op | Mismatch between computed MemoryConfig(memory_layout=TensorMemoryLayout::BLOCK_SHARDED,buffer_type=BufferType::L1,shard_spec=ShardSpec(grid={[(x=0,y=0) - (x=7,y=3)]},shape={32, 160},orientation=ShardOrientation::ROW_MAJOR),nd_shard_spec=NdShardSpec(shard_shape=Shape([32, 160]),grid={[(x=0,y=0) - (x=7,y=3)]},orientation=ShardOrientation::ROW_MAJOR,shard_distribution_strategy=ShardDistributionStrategy::GRID_2D),created_with_nd_shard_spec=0) and provided MemoryConfig(memory_layout=TensorMemoryLayout::BLOCK_SHARDED,buffer_type=BufferType::L1,shard_spec=ShardSpec(grid={[(x=0,y=0) - (x=7,y=7)]},shape={32, 160},orientation=ShardOrientation::ROW_MAJOR),nd_shard_spec=std::nullopt,created_with_nd_shard_spec=0) mem config. Using computed config. (matmul_op.cpp:1674)
2026-05-29 08:08:46.497 | INFO     | models.demos.wormhole.stable_diffusion.tt.ttnn_functional_unet_2d_condition_model_new_conv:__call__:491 - Up block 0
2026-05-29 08:08:46.499 | INFO     | models.demos.wormhole.stable_diffusion.tt.ttnn_functional_unet_2d_condition_model_new_conv:__call__:491 - Up block 1
2026-05-29 08:08:46.503 | INFO     | models.demos.wormhole.stable_diffusion.tt.ttnn_functional_unet_2d_condition_model_new_conv:__call__:491 - Up block 2
2026-05-29 08:08:46.512 | INFO     | models.demos.wormhole.stable_diffusion.tt.ttnn_functional_unet_2d_condition_model_new_conv:__call__:491 - Up block 3
2026-05-29 08:08:46.532 | INFO     | models.demos.wormhole.stable_diffusion.tt.ttnn_functional_unet_2d_condition_model_new_conv:__call__:406 - Down block 0
2026-05-29 08:08:46.538 | info     |              Op | act_block_h_override 2 is not a valid override for padded_output_height_ntiles_per_core 7, instead 1 was selected as closest valid option! (conv2d_utils.cpp:401)
2026-05-29 08:08:46.538 | INFO     | models.demos.wormhole.stable_diffusion.tt.ttnn_functional_unet_2d_condition_model_new_conv:__call__:406 - Down block 1
2026-05-29 08:08:46.543 | INFO     | models.demos.wormhole.stable_diffusion.tt.ttnn_functional_unet_2d_condition_model_new_conv:__call__:406 - Down block 2
2026-05-29 08:08:46.547 | INFO     | models.demos.wormhole.stable_diffusion.tt.ttnn_functional_unet_2d_condition_model_new_conv:__call__:406 - Down block 3
2026-05-29 08:08:46.547 | INFO     | models.demos.wormhole.stable_diffusion.tt.ttnn_functional_unet_2d_condition_model_new_conv:__call__:460 - Mid block
2026-05-29 08:08:46.548 | warning  |              Op | Mismatch between computed MemoryConfig(memory_layout=TensorMemoryLayout::BLOCK_SHARDED,buffer_type=BufferType::L1,shard_spec=ShardSpec(grid={[(x=0,y=0) - (x=7,y=3)]},shape={32, 160},orientation=ShardOrientation::ROW_MAJOR),nd_shard_spec=NdShardSpec(shard_shape=Shape([32, 160]),grid={[(x=0,y=0) - (x=7,y=3)]},orientation=ShardOrientation::ROW_MAJOR,shard_distribution_strategy=ShardDistributionStrategy::GRID_2D),created_with_nd_shard_spec=0) and provided MemoryConfig(memory_layout=TensorMemoryLayout::BLOCK_SHARDED,buffer_type=BufferType::L1,shard_spec=ShardSpec(grid={[(x=0,y=0) - (x=7,y=7)]},shape={32, 160},orientation=ShardOrientation::ROW_MAJOR),nd_shard_spec=std::nullopt,created_with_nd_shard_spec=0) mem config. Using computed config. (matmul_op.cpp:1674)
2026-05-29 08:08:46.549 | INFO     | models.demos.wormhole.stable_diffusion.tt.ttnn_functional_unet_2d_condition_model_new_conv:__call__:491 - Up block 0
2026-05-29 08:08:46.550 | INFO     | models.demos.wormhole.stable_diffusion.tt.ttnn_functional_unet_2d_condition_model_new_conv:__call__:491 - Up block 1
2026-05-29 08:08:46.555 | INFO     | models.demos.wormhole.stable_diffusion.tt.ttnn_functional_unet_2d_condition_model_new_conv:__call__:491 - Up block 2
2026-05-29 08:08:46.563 | INFO     | models.demos.wormhole.stable_diffusion.tt.ttnn_functional_unet_2d_condition_model_new_conv:__call__:491 - Up block 3
2026-05-29 08:08:46.584 | INFO     | models.demos.wormhole.stable_diffusion.tt.ttnn_functional_unet_2d_condition_model_new_conv:__call__:406 - Down block 0
2026-05-29 08:08:46.590 | info     |              Op | act_block_h_override 2 is not a valid override for padded_output_height_ntiles_per_core 7, instead 1 was selected as closest valid option! (conv2d_utils.cpp:401)
2026-05-29 08:08:46.590 | INFO     | models.demos.wormhole.stable_diffusion.tt.ttnn_functional_unet_2d_condition_model_new_conv:__call__:406 - Down block 1
2026-05-29 08:08:46.596 | INFO     | models.demos.wormhole.stable_diffusion.tt.ttnn_functional_unet_2d_condition_model_new_conv:__call__:406 - Down block 2
2026-05-29 08:08:46.599 | INFO     | models.demos.wormhole.stable_diffusion.tt.ttnn_functional_unet_2d_condition_model_new_conv:__call__:406 - Down block 3
2026-05-29 08:08:46.600 | INFO     | models.demos.wormhole.stable_diffusion.tt.ttnn_functional_unet_2d_condition_model_new_conv:__call__:460 - Mid block
2026-05-29 08:08:46.600 | warning  |              Op | Mismatch between computed MemoryConfig(memory_layout=TensorMemoryLayout::BLOCK_SHARDED,buffer_type=BufferType::L1,shard_spec=ShardSpec(grid={[(x=0,y=0) - (x=7,y=3)]},shape={32, 160},orientation=ShardOrientation::ROW_MAJOR),nd_shard_spec=NdShardSpec(shard_shape=Shape([32, 160]),grid={[(x=0,y=0) - (x=7,y=3)]},orientation=ShardOrientation::ROW_MAJOR,shard_distribution_strategy=ShardDistributionStrategy::GRID_2D),created_with_nd_shard_spec=0) and provided MemoryConfig(memory_layout=TensorMemoryLayout::BLOCK_SHARDED,buffer_type=BufferType::L1,shard_spec=ShardSpec(grid={[(x=0,y=0) - (x=7,y=7)]},shape={32, 160},orientation=ShardOrientation::ROW_MAJOR),nd_shard_spec=std::nullopt,created_with_nd_shard_spec=0) mem config. Using computed config. (matmul_op.cpp:1674)
2026-05-29 08:08:46.602 | INFO     | models.demos.wormhole.stable_diffusion.tt.ttnn_functional_unet_2d_condition_model_new_conv:__call__:491 - Up block 0
2026-05-29 08:08:46.603 | INFO     | models.demos.wormhole.stable_diffusion.tt.ttnn_functional_unet_2d_condition_model_new_conv:__call__:491 - Up block 1
2026-05-29 08:08:46.608 | INFO     | models.demos.wormhole.stable_diffusion.tt.ttnn_functional_unet_2d_condition_model_new_conv:__call__:491 - Up block 2
2026-05-29 08:08:46.616 | INFO     | models.demos.wormhole.stable_diffusion.tt.ttnn_functional_unet_2d_condition_model_new_conv:__call__:491 - Up block 3
2026-05-29 08:08:46.637 | INFO     | models.demos.wormhole.stable_diffusion.tt.ttnn_functional_unet_2d_condition_model_new_conv:__call__:406 - Down block 0
2026-05-29 08:08:46.642 | info     |              Op | act_block_h_override 2 is not a valid override for padded_output_height_ntiles_per_core 7, instead 1 was selected as closest valid option! (conv2d_utils.cpp:401)
2026-05-29 08:08:46.643 | INFO     | models.demos.wormhole.stable_diffusion.tt.ttnn_functional_unet_2d_condition_model_new_conv:__call__:406 - Down block 1
2026-05-29 08:08:46.648 | INFO     | models.demos.wormhole.stable_diffusion.tt.ttnn_functional_unet_2d_condition_model_new_conv:__call__:406 - Down block 2
2026-05-29 08:08:46.651 | INFO     | models.demos.wormhole.stable_diffusion.tt.ttnn_functional_unet_2d_condition_model_new_conv:__call__:406 - Down block 3
2026-05-29 08:08:46.652 | INFO     | models.demos.wormhole.stable_diffusion.tt.ttnn_functional_unet_2d_condition_model_new_conv:__call__:460 - Mid block
2026-05-29 08:08:46.652 | warning  |              Op | Mismatch between computed MemoryConfig(memory_layout=TensorMemoryLayout::BLOCK_SHARDED,buffer_type=BufferType::L1,shard_spec=ShardSpec(grid={[(x=0,y=0) - (x=7,y=3)]},shape={32, 160},orientation=ShardOrientation::ROW_MAJOR),nd_shard_spec=NdShardSpec(shard_shape=Shape([32, 160]),grid={[(x=0,y=0) - (x=7,y=3)]},orientation=ShardOrientation::ROW_MAJOR,shard_distribution_strategy=ShardDistributionStrategy::GRID_2D),created_with_nd_shard_spec=0) and provided MemoryConfig(memory_layout=TensorMemoryLayout::BLOCK_SHARDED,buffer_type=BufferType::L1,shard_spec=ShardSpec(grid={[(x=0,y=0) - (x=7,y=7)]},shape={32, 160},orientation=ShardOrientation::ROW_MAJOR),nd_shard_spec=std::nullopt,created_with_nd_shard_spec=0) mem config. Using computed config. (matmul_op.cpp:1674)
2026-05-29 08:08:46.654 | INFO     | models.demos.wormhole.stable_diffusion.tt.ttnn_functional_unet_2d_condition_model_new_conv:__call__:491 - Up block 0
2026-05-29 08:08:46.655 | INFO     | models.demos.wormhole.stable_diffusion.tt.ttnn_functional_unet_2d_condition_model_new_conv:__call__:491 - Up block 1
2026-05-29 08:08:46.660 | INFO     | models.demos.wormhole.stable_diffusion.tt.ttnn_functional_unet_2d_condition_model_new_conv:__call__:491 - Up block 2
2026-05-29 08:08:46.668 | INFO     | models.demos.wormhole.stable_diffusion.tt.ttnn_functional_unet_2d_condition_model_new_conv:__call__:491 - Up block 3
2026-05-29 08:08:46.689 | INFO     | models.demos.wormhole.stable_diffusion.tt.ttnn_functional_unet_2d_condition_model_new_conv:__call__:406 - Down block 0
2026-05-29 08:08:46.695 | info     |              Op | act_block_h_override 2 is not a valid override for padded_output_height_ntiles_per_core 7, instead 1 was selected as closest valid option! (conv2d_utils.cpp:401)
2026-05-29 08:08:46.695 | INFO     | models.demos.wormhole.stable_diffusion.tt.ttnn_functional_unet_2d_condition_model_new_conv:__call__:406 - Down block 1
2026-05-29 08:08:46.700 | INFO     | models.demos.wormhole.stable_diffusion.tt.ttnn_functional_unet_2d_condition_model_new_conv:__call__:406 - Down block 2
2026-05-29 08:08:46.703 | INFO     | models.demos.wormhole.stable_diffusion.tt.ttnn_functional_unet_2d_condition_model_new_conv:__call__:406 - Down block 3
2026-05-29 08:08:46.704 | INFO     | models.demos.wormhole.stable_diffusion.tt.ttnn_functional_unet_2d_condition_model_new_conv:__call__:460 - Mid block
2026-05-29 08:08:46.704 | warning  |              Op | Mismatch between computed MemoryConfig(memory_layout=TensorMemoryLayout::BLOCK_SHARDED,buffer_type=BufferType::L1,shard_spec=ShardSpec(grid={[(x=0,y=0) - (x=7,y=3)]},shape={32, 160},orientation=ShardOrientation::ROW_MAJOR),nd_shard_spec=NdShardSpec(shard_shape=Shape([32, 160]),grid={[(x=0,y=0) - (x=7,y=3)]},orientation=ShardOrientation::ROW_MAJOR,shard_distribution_strategy=ShardDistributionStrategy::GRID_2D),created_with_nd_shard_spec=0) and provided MemoryConfig(memory_layout=TensorMemoryLayout::BLOCK_SHARDED,buffer_type=BufferType::L1,shard_spec=ShardSpec(grid={[(x=0,y=0) - (x=7,y=7)]},shape={32, 160},orientation=ShardOrientation::ROW_MAJOR),nd_shard_spec=std::nullopt,created_with_nd_shard_spec=0) mem config. Using computed config. (matmul_op.cpp:1674)
2026-05-29 08:08:46.706 | INFO     | models.demos.wormhole.stable_diffusion.tt.ttnn_functional_unet_2d_condition_model_new_conv:__call__:491 - Up block 0
2026-05-29 08:08:46.707 | INFO     | models.demos.wormhole.stable_diffusion.tt.ttnn_functional_unet_2d_condition_model_new_conv:__call__:491 - Up block 1
2026-05-29 08:08:46.712 | INFO     | models.demos.wormhole.stable_diffusion.tt.ttnn_functional_unet_2d_condition_model_new_conv:__call__:491 - Up block 2
2026-05-29 08:08:46.721 | INFO     | models.demos.wormhole.stable_diffusion.tt.ttnn_functional_unet_2d_condition_model_new_conv:__call__:491 - Up block 3
2026-05-29 08:08:46.741 | INFO     | models.demos.wormhole.stable_diffusion.tt.ttnn_functional_unet_2d_condition_model_new_conv:__call__:406 - Down block 0
2026-05-29 08:08:46.747 | info     |              Op | act_block_h_override 2 is not a valid override for padded_output_height_ntiles_per_core 7, instead 1 was selected as closest valid option! (conv2d_utils.cpp:401)
2026-05-29 08:08:46.747 | INFO     | models.demos.wormhole.stable_diffusion.tt.ttnn_functional_unet_2d_condition_model_new_conv:__call__:406 - Down block 1
2026-05-29 08:08:46.753 | INFO     | models.demos.wormhole.stable_diffusion.tt.ttnn_functional_unet_2d_condition_model_new_conv:__call__:406 - Down block 2
2026-05-29 08:08:46.756 | INFO     | models.demos.wormhole.stable_diffusion.tt.ttnn_functional_unet_2d_condition_model_new_conv:__call__:406 - Down block 3
2026-05-29 08:08:46.757 | INFO     | models.demos.wormhole.stable_diffusion.tt.ttnn_functional_unet_2d_condition_model_new_conv:__call__:460 - Mid block
2026-05-29 08:08:46.757 | warning  |              Op | Mismatch between computed MemoryConfig(memory_layout=TensorMemoryLayout::BLOCK_SHARDED,buffer_type=BufferType::L1,shard_spec=ShardSpec(grid={[(x=0,y=0) - (x=7,y=3)]},shape={32, 160},orientation=ShardOrientation::ROW_MAJOR),nd_shard_spec=NdShardSpec(shard_shape=Shape([32, 160]),grid={[(x=0,y=0) - (x=7,y=3)]},orientation=ShardOrientation::ROW_MAJOR,shard_distribution_strategy=ShardDistributionStrategy::GRID_2D),created_with_nd_shard_spec=0) and provided MemoryConfig(memory_layout=TensorMemoryLayout::BLOCK_SHARDED,buffer_type=BufferType::L1,shard_spec=ShardSpec(grid={[(x=0,y=0) - (x=7,y=7)]},shape={32, 160},orientation=ShardOrientation::ROW_MAJOR),nd_shard_spec=std::nullopt,created_with_nd_shard_spec=0) mem config. Using computed config. (matmul_op.cpp:1674)
2026-05-29 08:08:46.759 | INFO     | models.demos.wormhole.stable_diffusion.tt.ttnn_functional_unet_2d_condition_model_new_conv:__call__:491 - Up block 0
2026-05-29 08:08:46.760 | INFO     | models.demos.wormhole.stable_diffusion.tt.ttnn_functional_unet_2d_condition_model_new_conv:__call__:491 - Up block 1
2026-05-29 08:08:46.765 | INFO     | models.demos.wormhole.stable_diffusion.tt.ttnn_functional_unet_2d_condition_model_new_conv:__call__:491 - Up block 2
2026-05-29 08:08:46.773 | INFO     | models.demos.wormhole.stable_diffusion.tt.ttnn_functional_unet_2d_condition_model_new_conv:__call__:491 - Up block 3
2026-05-29 08:08:46.793 | INFO     | models.demos.wormhole.stable_diffusion.tt.ttnn_functional_unet_2d_condition_model_new_conv:__call__:406 - Down block 0
2026-05-29 08:08:46.800 | info     |              Op | act_block_h_override 2 is not a valid override for padded_output_height_ntiles_per_core 7, instead 1 was selected as closest valid option! (conv2d_utils.cpp:401)
2026-05-29 08:08:46.800 | INFO     | models.demos.wormhole.stable_diffusion.tt.ttnn_functional_unet_2d_condition_model_new_conv:__call__:406 - Down block 1
2026-05-29 08:08:46.805 | INFO     | models.demos.wormhole.stable_diffusion.tt.ttnn_functional_unet_2d_condition_model_new_conv:__call__:406 - Down block 2
2026-05-29 08:08:46.808 | INFO     | models.demos.wormhole.stable_diffusion.tt.ttnn_functional_unet_2d_condition_model_new_conv:__call__:406 - Down block 3
2026-05-29 08:08:46.809 | INFO     | models.demos.wormhole.stable_diffusion.tt.ttnn_functional_unet_2d_condition_model_new_conv:__call__:460 - Mid block
2026-05-29 08:08:46.809 | warning  |              Op | Mismatch between computed MemoryConfig(memory_layout=TensorMemoryLayout::BLOCK_SHARDED,buffer_type=BufferType::L1,shard_spec=ShardSpec(grid={[(x=0,y=0) - (x=7,y=3)]},shape={32, 160},orientation=ShardOrientation::ROW_MAJOR),nd_shard_spec=NdShardSpec(shard_shape=Shape([32, 160]),grid={[(x=0,y=0) - (x=7,y=3)]},orientation=ShardOrientation::ROW_MAJOR,shard_distribution_strategy=ShardDistributionStrategy::GRID_2D),created_with_nd_shard_spec=0) and provided MemoryConfig(memory_layout=TensorMemoryLayout::BLOCK_SHARDED,buffer_type=BufferType::L1,shard_spec=ShardSpec(grid={[(x=0,y=0) - (x=7,y=7)]},shape={32, 160},orientation=ShardOrientation::ROW_MAJOR),nd_shard_spec=std::nullopt,created_with_nd_shard_spec=0) mem config. Using computed config. (matmul_op.cpp:1674)
2026-05-29 08:08:46.811 | INFO     | models.demos.wormhole.stable_diffusion.tt.ttnn_functional_unet_2d_condition_model_new_conv:__call__:491 - Up block 0
2026-05-29 08:08:46.812 | INFO     | models.demos.wormhole.stable_diffusion.tt.ttnn_functional_unet_2d_condition_model_new_conv:__call__:491 - Up block 1
2026-05-29 08:08:46.817 | INFO     | models.demos.wormhole.stable_diffusion.tt.ttnn_functional_unet_2d_condition_model_new_conv:__call__:491 - Up block 2
2026-05-29 08:08:46.825 | INFO     | models.demos.wormhole.stable_diffusion.tt.ttnn_functional_unet_2d_condition_model_new_conv:__call__:491 - Up block 3
  Step 28/41
2026-05-29 08:08:46.847 | INFO     | models.demos.wormhole.stable_diffusion.tt.ttnn_functional_unet_2d_condition_model_new_conv:__call__:406 - Down block 0
2026-05-29 08:08:46.854 | info     |              Op | act_block_h_override 2 is not a valid override for padded_output_height_ntiles_per_core 7, instead 1 was selected as closest valid option! (conv2d_utils.cpp:401)
2026-05-29 08:08:46.854 | INFO     | models.demos.wormhole.stable_diffusion.tt.ttnn_functional_unet_2d_condition_model_new_conv:__call__:406 - Down block 1
2026-05-29 08:08:46.860 | INFO     | models.demos.wormhole.stable_diffusion.tt.ttnn_functional_unet_2d_condition_model_new_conv:__call__:406 - Down block 2
2026-05-29 08:08:46.863 | INFO     | models.demos.wormhole.stable_diffusion.tt.ttnn_functional_unet_2d_condition_model_new_conv:__call__:406 - Down block 3
2026-05-29 08:08:46.864 | INFO     | models.demos.wormhole.stable_diffusion.tt.ttnn_functional_unet_2d_condition_model_new_conv:__call__:460 - Mid block
2026-05-29 08:08:46.864 | warning  |              Op | Mismatch between computed MemoryConfig(memory_layout=TensorMemoryLayout::BLOCK_SHARDED,buffer_type=BufferType::L1,shard_spec=ShardSpec(grid={[(x=0,y=0) - (x=7,y=3)]},shape={32, 160},orientation=ShardOrientation::ROW_MAJOR),nd_shard_spec=NdShardSpec(shard_shape=Shape([32, 160]),grid={[(x=0,y=0) - (x=7,y=3)]},orientation=ShardOrientation::ROW_MAJOR,shard_distribution_strategy=ShardDistributionStrategy::GRID_2D),created_with_nd_shard_spec=0) and provided MemoryConfig(memory_layout=TensorMemoryLayout::BLOCK_SHARDED,buffer_type=BufferType::L1,shard_spec=ShardSpec(grid={[(x=0,y=0) - (x=7,y=7)]},shape={32, 160},orientation=ShardOrientation::ROW_MAJOR),nd_shard_spec=std::nullopt,created_with_nd_shard_spec=0) mem config. Using computed config. (matmul_op.cpp:1674)
2026-05-29 08:08:46.866 | INFO     | models.demos.wormhole.stable_diffusion.tt.ttnn_functional_unet_2d_condition_model_new_conv:__call__:491 - Up block 0
2026-05-29 08:08:46.867 | INFO     | models.demos.wormhole.stable_diffusion.tt.ttnn_functional_unet_2d_condition_model_new_conv:__call__:491 - Up block 1
2026-05-29 08:08:46.872 | INFO     | models.demos.wormhole.stable_diffusion.tt.ttnn_functional_unet_2d_condition_model_new_conv:__call__:491 - Up block 2
2026-05-29 08:08:46.880 | INFO     | models.demos.wormhole.stable_diffusion.tt.ttnn_functional_unet_2d_condition_model_new_conv:__call__:491 - Up block 3
2026-05-29 08:08:46.901 | INFO     | models.demos.wormhole.stable_diffusion.tt.ttnn_functional_unet_2d_condition_model_new_conv:__call__:406 - Down block 0
2026-05-29 08:08:46.906 | info     |              Op | act_block_h_override 2 is not a valid override for padded_output_height_ntiles_per_core 7, instead 1 was selected as closest valid option! (conv2d_utils.cpp:401)
2026-05-29 08:08:46.906 | INFO     | models.demos.wormhole.stable_diffusion.tt.ttnn_functional_unet_2d_condition_model_new_conv:__call__:406 - Down block 1
2026-05-29 08:08:46.912 | INFO     | models.demos.wormhole.stable_diffusion.tt.ttnn_functional_unet_2d_condition_model_new_conv:__call__:406 - Down block 2
2026-05-29 08:08:46.915 | INFO     | models.demos.wormhole.stable_diffusion.tt.ttnn_functional_unet_2d_condition_model_new_conv:__call__:406 - Down block 3
2026-05-29 08:08:46.916 | INFO     | models.demos.wormhole.stable_diffusion.tt.ttnn_functional_unet_2d_condition_model_new_conv:__call__:460 - Mid block
2026-05-29 08:08:46.916 | warning  |              Op | Mismatch between computed MemoryConfig(memory_layout=TensorMemoryLayout::BLOCK_SHARDED,buffer_type=BufferType::L1,shard_spec=ShardSpec(grid={[(x=0,y=0) - (x=7,y=3)]},shape={32, 160},orientation=ShardOrientation::ROW_MAJOR),nd_shard_spec=NdShardSpec(shard_shape=Shape([32, 160]),grid={[(x=0,y=0) - (x=7,y=3)]},orientation=ShardOrientation::ROW_MAJOR,shard_distribution_strategy=ShardDistributionStrategy::GRID_2D),created_with_nd_shard_spec=0) and provided MemoryConfig(memory_layout=TensorMemoryLayout::BLOCK_SHARDED,buffer_type=BufferType::L1,shard_spec=ShardSpec(grid={[(x=0,y=0) - (x=7,y=7)]},shape={32, 160},orientation=ShardOrientation::ROW_MAJOR),nd_shard_spec=std::nullopt,created_with_nd_shard_spec=0) mem config. Using computed config. (matmul_op.cpp:1674)
2026-05-29 08:08:46.918 | INFO     | models.demos.wormhole.stable_diffusion.tt.ttnn_functional_unet_2d_condition_model_new_conv:__call__:491 - Up block 0
2026-05-29 08:08:46.919 | INFO     | models.demos.wormhole.stable_diffusion.tt.ttnn_functional_unet_2d_condition_model_new_conv:__call__:491 - Up block 1
2026-05-29 08:08:46.924 | INFO     | models.demos.wormhole.stable_diffusion.tt.ttnn_functional_unet_2d_condition_model_new_conv:__call__:491 - Up block 2
2026-05-29 08:08:46.932 | INFO     | models.demos.wormhole.stable_diffusion.tt.ttnn_functional_unet_2d_condition_model_new_conv:__call__:491 - Up block 3
2026-05-29 08:08:46.952 | INFO     | models.demos.wormhole.stable_diffusion.tt.ttnn_functional_unet_2d_condition_model_new_conv:__call__:406 - Down block 0
2026-05-29 08:08:46.959 | info     |              Op | act_block_h_override 2 is not a valid override for padded_output_height_ntiles_per_core 7, instead 1 was selected as closest valid option! (conv2d_utils.cpp:401)
2026-05-29 08:08:46.959 | INFO     | models.demos.wormhole.stable_diffusion.tt.ttnn_functional_unet_2d_condition_model_new_conv:__call__:406 - Down block 1
2026-05-29 08:08:46.964 | INFO     | models.demos.wormhole.stable_diffusion.tt.ttnn_functional_unet_2d_condition_model_new_conv:__call__:406 - Down block 2
2026-05-29 08:08:46.968 | INFO     | models.demos.wormhole.stable_diffusion.tt.ttnn_functional_unet_2d_condition_model_new_conv:__call__:406 - Down block 3
2026-05-29 08:08:46.968 | INFO     | models.demos.wormhole.stable_diffusion.tt.ttnn_functional_unet_2d_condition_model_new_conv:__call__:460 - Mid block
2026-05-29 08:08:46.969 | warning  |              Op | Mismatch between computed MemoryConfig(memory_layout=TensorMemoryLayout::BLOCK_SHARDED,buffer_type=BufferType::L1,shard_spec=ShardSpec(grid={[(x=0,y=0) - (x=7,y=3)]},shape={32, 160},orientation=ShardOrientation::ROW_MAJOR),nd_shard_spec=NdShardSpec(shard_shape=Shape([32, 160]),grid={[(x=0,y=0) - (x=7,y=3)]},orientation=ShardOrientation::ROW_MAJOR,shard_distribution_strategy=ShardDistributionStrategy::GRID_2D),created_with_nd_shard_spec=0) and provided MemoryConfig(memory_layout=TensorMemoryLayout::BLOCK_SHARDED,buffer_type=BufferType::L1,shard_spec=ShardSpec(grid={[(x=0,y=0) - (x=7,y=7)]},shape={32, 160},orientation=ShardOrientation::ROW_MAJOR),nd_shard_spec=std::nullopt,created_with_nd_shard_spec=0) mem config. Using computed config. (matmul_op.cpp:1674)
2026-05-29 08:08:46.970 | INFO     | models.demos.wormhole.stable_diffusion.tt.ttnn_functional_unet_2d_condition_model_new_conv:__call__:491 - Up block 0
2026-05-29 08:08:46.971 | INFO     | models.demos.wormhole.stable_diffusion.tt.ttnn_functional_unet_2d_condition_model_new_conv:__call__:491 - Up block 1
2026-05-29 08:08:46.976 | INFO     | models.demos.wormhole.stable_diffusion.tt.ttnn_functional_unet_2d_condition_model_new_conv:__call__:491 - Up block 2
2026-05-29 08:08:46.984 | INFO     | models.demos.wormhole.stable_diffusion.tt.ttnn_functional_unet_2d_condition_model_new_conv:__call__:491 - Up block 3
2026-05-29 08:08:47.004 | INFO     | models.demos.wormhole.stable_diffusion.tt.ttnn_functional_unet_2d_condition_model_new_conv:__call__:406 - Down block 0
2026-05-29 08:08:47.010 | info     |              Op | act_block_h_override 2 is not a valid override for padded_output_height_ntiles_per_core 7, instead 1 was selected as closest valid option! (conv2d_utils.cpp:401)
2026-05-29 08:08:47.010 | INFO     | models.demos.wormhole.stable_diffusion.tt.ttnn_functional_unet_2d_condition_model_new_conv:__call__:406 - Down block 1
2026-05-29 08:08:47.016 | INFO     | models.demos.wormhole.stable_diffusion.tt.ttnn_functional_unet_2d_condition_model_new_conv:__call__:406 - Down block 2
2026-05-29 08:08:47.019 | INFO     | models.demos.wormhole.stable_diffusion.tt.ttnn_functional_unet_2d_condition_model_new_conv:__call__:406 - Down block 3
2026-05-29 08:08:47.020 | INFO     | models.demos.wormhole.stable_diffusion.tt.ttnn_functional_unet_2d_condition_model_new_conv:__call__:460 - Mid block
2026-05-29 08:08:47.020 | warning  |              Op | Mismatch between computed MemoryConfig(memory_layout=TensorMemoryLayout::BLOCK_SHARDED,buffer_type=BufferType::L1,shard_spec=ShardSpec(grid={[(x=0,y=0) - (x=7,y=3)]},shape={32, 160},orientation=ShardOrientation::ROW_MAJOR),nd_shard_spec=NdShardSpec(shard_shape=Shape([32, 160]),grid={[(x=0,y=0) - (x=7,y=3)]},orientation=ShardOrientation::ROW_MAJOR,shard_distribution_strategy=ShardDistributionStrategy::GRID_2D),created_with_nd_shard_spec=0) and provided MemoryConfig(memory_layout=TensorMemoryLayout::BLOCK_SHARDED,buffer_type=BufferType::L1,shard_spec=ShardSpec(grid={[(x=0,y=0) - (x=7,y=7)]},shape={32, 160},orientation=ShardOrientation::ROW_MAJOR),nd_shard_spec=std::nullopt,created_with_nd_shard_spec=0) mem config. Using computed config. (matmul_op.cpp:1674)
2026-05-29 08:08:47.022 | INFO     | models.demos.wormhole.stable_diffusion.tt.ttnn_functional_unet_2d_condition_model_new_conv:__call__:491 - Up block 0
2026-05-29 08:08:47.023 | INFO     | models.demos.wormhole.stable_diffusion.tt.ttnn_functional_unet_2d_condition_model_new_conv:__call__:491 - Up block 1
2026-05-29 08:08:47.028 | INFO     | models.demos.wormhole.stable_diffusion.tt.ttnn_functional_unet_2d_condition_model_new_conv:__call__:491 - Up block 2
2026-05-29 08:08:47.036 | INFO     | models.demos.wormhole.stable_diffusion.tt.ttnn_functional_unet_2d_condition_model_new_conv:__call__:491 - Up block 3
2026-05-29 08:08:47.056 | INFO     | models.demos.wormhole.stable_diffusion.tt.ttnn_functional_unet_2d_condition_model_new_conv:__call__:406 - Down block 0
2026-05-29 08:08:47.062 | info     |              Op | act_block_h_override 2 is not a valid override for padded_output_height_ntiles_per_core 7, instead 1 was selected as closest valid option! (conv2d_utils.cpp:401)
2026-05-29 08:08:47.062 | INFO     | models.demos.wormhole.stable_diffusion.tt.ttnn_functional_unet_2d_condition_model_new_conv:__call__:406 - Down block 1
2026-05-29 08:08:47.067 | INFO     | models.demos.wormhole.stable_diffusion.tt.ttnn_functional_unet_2d_condition_model_new_conv:__call__:406 - Down block 2
2026-05-29 08:08:47.071 | INFO     | models.demos.wormhole.stable_diffusion.tt.ttnn_functional_unet_2d_condition_model_new_conv:__call__:406 - Down block 3
2026-05-29 08:08:47.071 | INFO     | models.demos.wormhole.stable_diffusion.tt.ttnn_functional_unet_2d_condition_model_new_conv:__call__:460 - Mid block
2026-05-29 08:08:47.072 | warning  |              Op | Mismatch between computed MemoryConfig(memory_layout=TensorMemoryLayout::BLOCK_SHARDED,buffer_type=BufferType::L1,shard_spec=ShardSpec(grid={[(x=0,y=0) - (x=7,y=3)]},shape={32, 160},orientation=ShardOrientation::ROW_MAJOR),nd_shard_spec=NdShardSpec(shard_shape=Shape([32, 160]),grid={[(x=0,y=0) - (x=7,y=3)]},orientation=ShardOrientation::ROW_MAJOR,shard_distribution_strategy=ShardDistributionStrategy::GRID_2D),created_with_nd_shard_spec=0) and provided MemoryConfig(memory_layout=TensorMemoryLayout::BLOCK_SHARDED,buffer_type=BufferType::L1,shard_spec=ShardSpec(grid={[(x=0,y=0) - (x=7,y=7)]},shape={32, 160},orientation=ShardOrientation::ROW_MAJOR),nd_shard_spec=std::nullopt,created_with_nd_shard_spec=0) mem config. Using computed config. (matmul_op.cpp:1674)
2026-05-29 08:08:47.073 | INFO     | models.demos.wormhole.stable_diffusion.tt.ttnn_functional_unet_2d_condition_model_new_conv:__call__:491 - Up block 0
2026-05-29 08:08:47.075 | INFO     | models.demos.wormhole.stable_diffusion.tt.ttnn_functional_unet_2d_condition_model_new_conv:__call__:491 - Up block 1
2026-05-29 08:08:47.079 | INFO     | models.demos.wormhole.stable_diffusion.tt.ttnn_functional_unet_2d_condition_model_new_conv:__call__:491 - Up block 2
2026-05-29 08:08:47.087 | INFO     | models.demos.wormhole.stable_diffusion.tt.ttnn_functional_unet_2d_condition_model_new_conv:__call__:491 - Up block 3
2026-05-29 08:08:47.108 | INFO     | models.demos.wormhole.stable_diffusion.tt.ttnn_functional_unet_2d_condition_model_new_conv:__call__:406 - Down block 0
2026-05-29 08:08:47.114 | info     |              Op | act_block_h_override 2 is not a valid override for padded_output_height_ntiles_per_core 7, instead 1 was selected as closest valid option! (conv2d_utils.cpp:401)
2026-05-29 08:08:47.114 | INFO     | models.demos.wormhole.stable_diffusion.tt.ttnn_functional_unet_2d_condition_model_new_conv:__call__:406 - Down block 1
2026-05-29 08:08:47.120 | INFO     | models.demos.wormhole.stable_diffusion.tt.ttnn_functional_unet_2d_condition_model_new_conv:__call__:406 - Down block 2
2026-05-29 08:08:47.124 | INFO     | models.demos.wormhole.stable_diffusion.tt.ttnn_functional_unet_2d_condition_model_new_conv:__call__:406 - Down block 3
2026-05-29 08:08:47.125 | INFO     | models.demos.wormhole.stable_diffusion.tt.ttnn_functional_unet_2d_condition_model_new_conv:__call__:460 - Mid block
2026-05-29 08:08:47.125 | warning  |              Op | Mismatch between computed MemoryConfig(memory_layout=TensorMemoryLayout::BLOCK_SHARDED,buffer_type=BufferType::L1,shard_spec=ShardSpec(grid={[(x=0,y=0) - (x=7,y=3)]},shape={32, 160},orientation=ShardOrientation::ROW_MAJOR),nd_shard_spec=NdShardSpec(shard_shape=Shape([32, 160]),grid={[(x=0,y=0) - (x=7,y=3)]},orientation=ShardOrientation::ROW_MAJOR,shard_distribution_strategy=ShardDistributionStrategy::GRID_2D),created_with_nd_shard_spec=0) and provided MemoryConfig(memory_layout=TensorMemoryLayout::BLOCK_SHARDED,buffer_type=BufferType::L1,shard_spec=ShardSpec(grid={[(x=0,y=0) - (x=7,y=7)]},shape={32, 160},orientation=ShardOrientation::ROW_MAJOR),nd_shard_spec=std::nullopt,created_with_nd_shard_spec=0) mem config. Using computed config. (matmul_op.cpp:1674)
2026-05-29 08:08:47.127 | INFO     | models.demos.wormhole.stable_diffusion.tt.ttnn_functional_unet_2d_condition_model_new_conv:__call__:491 - Up block 0
2026-05-29 08:08:47.128 | INFO     | models.demos.wormhole.stable_diffusion.tt.ttnn_functional_unet_2d_condition_model_new_conv:__call__:491 - Up block 1
2026-05-29 08:08:47.133 | INFO     | models.demos.wormhole.stable_diffusion.tt.ttnn_functional_unet_2d_condition_model_new_conv:__call__:491 - Up block 2
2026-05-29 08:08:47.141 | INFO     | models.demos.wormhole.stable_diffusion.tt.ttnn_functional_unet_2d_condition_model_new_conv:__call__:491 - Up block 3
2026-05-29 08:08:47.161 | INFO     | models.demos.wormhole.stable_diffusion.tt.ttnn_functional_unet_2d_condition_model_new_conv:__call__:406 - Down block 0
2026-05-29 08:08:47.167 | info     |              Op | act_block_h_override 2 is not a valid override for padded_output_height_ntiles_per_core 7, instead 1 was selected as closest valid option! (conv2d_utils.cpp:401)
2026-05-29 08:08:47.167 | INFO     | models.demos.wormhole.stable_diffusion.tt.ttnn_functional_unet_2d_condition_model_new_conv:__call__:406 - Down block 1
2026-05-29 08:08:47.173 | INFO     | models.demos.wormhole.stable_diffusion.tt.ttnn_functional_unet_2d_condition_model_new_conv:__call__:406 - Down block 2
2026-05-29 08:08:47.176 | INFO     | models.demos.wormhole.stable_diffusion.tt.ttnn_functional_unet_2d_condition_model_new_conv:__call__:406 - Down block 3
2026-05-29 08:08:47.177 | INFO     | models.demos.wormhole.stable_diffusion.tt.ttnn_functional_unet_2d_condition_model_new_conv:__call__:460 - Mid block
2026-05-29 08:08:47.178 | warning  |              Op | Mismatch between computed MemoryConfig(memory_layout=TensorMemoryLayout::BLOCK_SHARDED,buffer_type=BufferType::L1,shard_spec=ShardSpec(grid={[(x=0,y=0) - (x=7,y=3)]},shape={32, 160},orientation=ShardOrientation::ROW_MAJOR),nd_shard_spec=NdShardSpec(shard_shape=Shape([32, 160]),grid={[(x=0,y=0) - (x=7,y=3)]},orientation=ShardOrientation::ROW_MAJOR,shard_distribution_strategy=ShardDistributionStrategy::GRID_2D),created_with_nd_shard_spec=0) and provided MemoryConfig(memory_layout=TensorMemoryLayout::BLOCK_SHARDED,buffer_type=BufferType::L1,shard_spec=ShardSpec(grid={[(x=0,y=0) - (x=7,y=7)]},shape={32, 160},orientation=ShardOrientation::ROW_MAJOR),nd_shard_spec=std::nullopt,created_with_nd_shard_spec=0) mem config. Using computed config. (matmul_op.cpp:1674)
2026-05-29 08:08:47.179 | INFO     | models.demos.wormhole.stable_diffusion.tt.ttnn_functional_unet_2d_condition_model_new_conv:__call__:491 - Up block 0
2026-05-29 08:08:47.180 | INFO     | models.demos.wormhole.stable_diffusion.tt.ttnn_functional_unet_2d_condition_model_new_conv:__call__:491 - Up block 1
2026-05-29 08:08:47.185 | INFO     | models.demos.wormhole.stable_diffusion.tt.ttnn_functional_unet_2d_condition_model_new_conv:__call__:491 - Up block 2
2026-05-29 08:08:47.193 | INFO     | models.demos.wormhole.stable_diffusion.tt.ttnn_functional_unet_2d_condition_model_new_conv:__call__:491 - Up block 3
2026-05-29 08:08:47.214 | INFO     | models.demos.wormhole.stable_diffusion.tt.ttnn_functional_unet_2d_condition_model_new_conv:__call__:406 - Down block 0
2026-05-29 08:08:47.220 | info     |              Op | act_block_h_override 2 is not a valid override for padded_output_height_ntiles_per_core 7, instead 1 was selected as closest valid option! (conv2d_utils.cpp:401)
2026-05-29 08:08:47.220 | INFO     | models.demos.wormhole.stable_diffusion.tt.ttnn_functional_unet_2d_condition_model_new_conv:__call__:406 - Down block 1
2026-05-29 08:08:47.225 | INFO     | models.demos.wormhole.stable_diffusion.tt.ttnn_functional_unet_2d_condition_model_new_conv:__call__:406 - Down block 2
2026-05-29 08:08:47.228 | INFO     | models.demos.wormhole.stable_diffusion.tt.ttnn_functional_unet_2d_condition_model_new_conv:__call__:406 - Down block 3
2026-05-29 08:08:47.229 | INFO     | models.demos.wormhole.stable_diffusion.tt.ttnn_functional_unet_2d_condition_model_new_conv:__call__:460 - Mid block
2026-05-29 08:08:47.230 | warning  |              Op | Mismatch between computed MemoryConfig(memory_layout=TensorMemoryLayout::BLOCK_SHARDED,buffer_type=BufferType::L1,shard_spec=ShardSpec(grid={[(x=0,y=0) - (x=7,y=3)]},shape={32, 160},orientation=ShardOrientation::ROW_MAJOR),nd_shard_spec=NdShardSpec(shard_shape=Shape([32, 160]),grid={[(x=0,y=0) - (x=7,y=3)]},orientation=ShardOrientation::ROW_MAJOR,shard_distribution_strategy=ShardDistributionStrategy::GRID_2D),created_with_nd_shard_spec=0) and provided MemoryConfig(memory_layout=TensorMemoryLayout::BLOCK_SHARDED,buffer_type=BufferType::L1,shard_spec=ShardSpec(grid={[(x=0,y=0) - (x=7,y=7)]},shape={32, 160},orientation=ShardOrientation::ROW_MAJOR),nd_shard_spec=std::nullopt,created_with_nd_shard_spec=0) mem config. Using computed config. (matmul_op.cpp:1674)
2026-05-29 08:08:47.231 | INFO     | models.demos.wormhole.stable_diffusion.tt.ttnn_functional_unet_2d_condition_model_new_conv:__call__:491 - Up block 0
2026-05-29 08:08:47.232 | INFO     | models.demos.wormhole.stable_diffusion.tt.ttnn_functional_unet_2d_condition_model_new_conv:__call__:491 - Up block 1
2026-05-29 08:08:47.237 | INFO     | models.demos.wormhole.stable_diffusion.tt.ttnn_functional_unet_2d_condition_model_new_conv:__call__:491 - Up block 2
2026-05-29 08:08:47.245 | INFO     | models.demos.wormhole.stable_diffusion.tt.ttnn_functional_unet_2d_condition_model_new_conv:__call__:491 - Up block 3
  Step 29/41
2026-05-29 08:08:47.268 | INFO     | models.demos.wormhole.stable_diffusion.tt.ttnn_functional_unet_2d_condition_model_new_conv:__call__:406 - Down block 0
2026-05-29 08:08:47.275 | info     |              Op | act_block_h_override 2 is not a valid override for padded_output_height_ntiles_per_core 7, instead 1 was selected as closest valid option! (conv2d_utils.cpp:401)
2026-05-29 08:08:47.275 | INFO     | models.demos.wormhole.stable_diffusion.tt.ttnn_functional_unet_2d_condition_model_new_conv:__call__:406 - Down block 1
2026-05-29 08:08:47.281 | INFO     | models.demos.wormhole.stable_diffusion.tt.ttnn_functional_unet_2d_condition_model_new_conv:__call__:406 - Down block 2
2026-05-29 08:08:47.285 | INFO     | models.demos.wormhole.stable_diffusion.tt.ttnn_functional_unet_2d_condition_model_new_conv:__call__:406 - Down block 3
2026-05-29 08:08:47.285 | INFO     | models.demos.wormhole.stable_diffusion.tt.ttnn_functional_unet_2d_condition_model_new_conv:__call__:460 - Mid block
2026-05-29 08:08:47.286 | warning  |              Op | Mismatch between computed MemoryConfig(memory_layout=TensorMemoryLayout::BLOCK_SHARDED,buffer_type=BufferType::L1,shard_spec=ShardSpec(grid={[(x=0,y=0) - (x=7,y=3)]},shape={32, 160},orientation=ShardOrientation::ROW_MAJOR),nd_shard_spec=NdShardSpec(shard_shape=Shape([32, 160]),grid={[(x=0,y=0) - (x=7,y=3)]},orientation=ShardOrientation::ROW_MAJOR,shard_distribution_strategy=ShardDistributionStrategy::GRID_2D),created_with_nd_shard_spec=0) and provided MemoryConfig(memory_layout=TensorMemoryLayout::BLOCK_SHARDED,buffer_type=BufferType::L1,shard_spec=ShardSpec(grid={[(x=0,y=0) - (x=7,y=7)]},shape={32, 160},orientation=ShardOrientation::ROW_MAJOR),nd_shard_spec=std::nullopt,created_with_nd_shard_spec=0) mem config. Using computed config. (matmul_op.cpp:1674)
2026-05-29 08:08:47.287 | INFO     | models.demos.wormhole.stable_diffusion.tt.ttnn_functional_unet_2d_condition_model_new_conv:__call__:491 - Up block 0
2026-05-29 08:08:47.289 | INFO     | models.demos.wormhole.stable_diffusion.tt.ttnn_functional_unet_2d_condition_model_new_conv:__call__:491 - Up block 1
2026-05-29 08:08:47.293 | INFO     | models.demos.wormhole.stable_diffusion.tt.ttnn_functional_unet_2d_condition_model_new_conv:__call__:491 - Up block 2
2026-05-29 08:08:47.302 | INFO     | models.demos.wormhole.stable_diffusion.tt.ttnn_functional_unet_2d_condition_model_new_conv:__call__:491 - Up block 3
2026-05-29 08:08:47.322 | INFO     | models.demos.wormhole.stable_diffusion.tt.ttnn_functional_unet_2d_condition_model_new_conv:__call__:406 - Down block 0
2026-05-29 08:08:47.328 | info     |              Op | act_block_h_override 2 is not a valid override for padded_output_height_ntiles_per_core 7, instead 1 was selected as closest valid option! (conv2d_utils.cpp:401)
2026-05-29 08:08:47.328 | INFO     | models.demos.wormhole.stable_diffusion.tt.ttnn_functional_unet_2d_condition_model_new_conv:__call__:406 - Down block 1
2026-05-29 08:08:47.333 | INFO     | models.demos.wormhole.stable_diffusion.tt.ttnn_functional_unet_2d_condition_model_new_conv:__call__:406 - Down block 2
2026-05-29 08:08:47.337 | INFO     | models.demos.wormhole.stable_diffusion.tt.ttnn_functional_unet_2d_condition_model_new_conv:__call__:406 - Down block 3
2026-05-29 08:08:47.337 | INFO     | models.demos.wormhole.stable_diffusion.tt.ttnn_functional_unet_2d_condition_model_new_conv:__call__:460 - Mid block
2026-05-29 08:08:47.338 | warning  |              Op | Mismatch between computed MemoryConfig(memory_layout=TensorMemoryLayout::BLOCK_SHARDED,buffer_type=BufferType::L1,shard_spec=ShardSpec(grid={[(x=0,y=0) - (x=7,y=3)]},shape={32, 160},orientation=ShardOrientation::ROW_MAJOR),nd_shard_spec=NdShardSpec(shard_shape=Shape([32, 160]),grid={[(x=0,y=0) - (x=7,y=3)]},orientation=ShardOrientation::ROW_MAJOR,shard_distribution_strategy=ShardDistributionStrategy::GRID_2D),created_with_nd_shard_spec=0) and provided MemoryConfig(memory_layout=TensorMemoryLayout::BLOCK_SHARDED,buffer_type=BufferType::L1,shard_spec=ShardSpec(grid={[(x=0,y=0) - (x=7,y=7)]},shape={32, 160},orientation=ShardOrientation::ROW_MAJOR),nd_shard_spec=std::nullopt,created_with_nd_shard_spec=0) mem config. Using computed config. (matmul_op.cpp:1674)
2026-05-29 08:08:47.339 | INFO     | models.demos.wormhole.stable_diffusion.tt.ttnn_functional_unet_2d_condition_model_new_conv:__call__:491 - Up block 0
2026-05-29 08:08:47.340 | INFO     | models.demos.wormhole.stable_diffusion.tt.ttnn_functional_unet_2d_condition_model_new_conv:__call__:491 - Up block 1
2026-05-29 08:08:47.345 | INFO     | models.demos.wormhole.stable_diffusion.tt.ttnn_functional_unet_2d_condition_model_new_conv:__call__:491 - Up block 2
2026-05-29 08:08:47.353 | INFO     | models.demos.wormhole.stable_diffusion.tt.ttnn_functional_unet_2d_condition_model_new_conv:__call__:491 - Up block 3
2026-05-29 08:08:47.374 | INFO     | models.demos.wormhole.stable_diffusion.tt.ttnn_functional_unet_2d_condition_model_new_conv:__call__:406 - Down block 0
2026-05-29 08:08:47.380 | info     |              Op | act_block_h_override 2 is not a valid override for padded_output_height_ntiles_per_core 7, instead 1 was selected as closest valid option! (conv2d_utils.cpp:401)
2026-05-29 08:08:47.380 | INFO     | models.demos.wormhole.stable_diffusion.tt.ttnn_functional_unet_2d_condition_model_new_conv:__call__:406 - Down block 1
2026-05-29 08:08:47.385 | INFO     | models.demos.wormhole.stable_diffusion.tt.ttnn_functional_unet_2d_condition_model_new_conv:__call__:406 - Down block 2
2026-05-29 08:08:47.388 | INFO     | models.demos.wormhole.stable_diffusion.tt.ttnn_functional_unet_2d_condition_model_new_conv:__call__:406 - Down block 3
2026-05-29 08:08:47.389 | INFO     | models.demos.wormhole.stable_diffusion.tt.ttnn_functional_unet_2d_condition_model_new_conv:__call__:460 - Mid block
2026-05-29 08:08:47.390 | warning  |              Op | Mismatch between computed MemoryConfig(memory_layout=TensorMemoryLayout::BLOCK_SHARDED,buffer_type=BufferType::L1,shard_spec=ShardSpec(grid={[(x=0,y=0) - (x=7,y=3)]},shape={32, 160},orientation=ShardOrientation::ROW_MAJOR),nd_shard_spec=NdShardSpec(shard_shape=Shape([32, 160]),grid={[(x=0,y=0) - (x=7,y=3)]},orientation=ShardOrientation::ROW_MAJOR,shard_distribution_strategy=ShardDistributionStrategy::GRID_2D),created_with_nd_shard_spec=0) and provided MemoryConfig(memory_layout=TensorMemoryLayout::BLOCK_SHARDED,buffer_type=BufferType::L1,shard_spec=ShardSpec(grid={[(x=0,y=0) - (x=7,y=7)]},shape={32, 160},orientation=ShardOrientation::ROW_MAJOR),nd_shard_spec=std::nullopt,created_with_nd_shard_spec=0) mem config. Using computed config. (matmul_op.cpp:1674)
2026-05-29 08:08:47.391 | INFO     | models.demos.wormhole.stable_diffusion.tt.ttnn_functional_unet_2d_condition_model_new_conv:__call__:491 - Up block 0
2026-05-29 08:08:47.392 | INFO     | models.demos.wormhole.stable_diffusion.tt.ttnn_functional_unet_2d_condition_model_new_conv:__call__:491 - Up block 1
2026-05-29 08:08:47.397 | INFO     | models.demos.wormhole.stable_diffusion.tt.ttnn_functional_unet_2d_condition_model_new_conv:__call__:491 - Up block 2
2026-05-29 08:08:47.405 | INFO     | models.demos.wormhole.stable_diffusion.tt.ttnn_functional_unet_2d_condition_model_new_conv:__call__:491 - Up block 3
2026-05-29 08:08:47.426 | INFO     | models.demos.wormhole.stable_diffusion.tt.ttnn_functional_unet_2d_condition_model_new_conv:__call__:406 - Down block 0
2026-05-29 08:08:47.432 | info     |              Op | act_block_h_override 2 is not a valid override for padded_output_height_ntiles_per_core 7, instead 1 was selected as closest valid option! (conv2d_utils.cpp:401)
2026-05-29 08:08:47.432 | INFO     | models.demos.wormhole.stable_diffusion.tt.ttnn_functional_unet_2d_condition_model_new_conv:__call__:406 - Down block 1
2026-05-29 08:08:47.437 | INFO     | models.demos.wormhole.stable_diffusion.tt.ttnn_functional_unet_2d_condition_model_new_conv:__call__:406 - Down block 2
2026-05-29 08:08:47.441 | INFO     | models.demos.wormhole.stable_diffusion.tt.ttnn_functional_unet_2d_condition_model_new_conv:__call__:406 - Down block 3
2026-05-29 08:08:47.441 | INFO     | models.demos.wormhole.stable_diffusion.tt.ttnn_functional_unet_2d_condition_model_new_conv:__call__:460 - Mid block
2026-05-29 08:08:47.442 | warning  |              Op | Mismatch between computed MemoryConfig(memory_layout=TensorMemoryLayout::BLOCK_SHARDED,buffer_type=BufferType::L1,shard_spec=ShardSpec(grid={[(x=0,y=0) - (x=7,y=3)]},shape={32, 160},orientation=ShardOrientation::ROW_MAJOR),nd_shard_spec=NdShardSpec(shard_shape=Shape([32, 160]),grid={[(x=0,y=0) - (x=7,y=3)]},orientation=ShardOrientation::ROW_MAJOR,shard_distribution_strategy=ShardDistributionStrategy::GRID_2D),created_with_nd_shard_spec=0) and provided MemoryConfig(memory_layout=TensorMemoryLayout::BLOCK_SHARDED,buffer_type=BufferType::L1,shard_spec=ShardSpec(grid={[(x=0,y=0) - (x=7,y=7)]},shape={32, 160},orientation=ShardOrientation::ROW_MAJOR),nd_shard_spec=std::nullopt,created_with_nd_shard_spec=0) mem config. Using computed config. (matmul_op.cpp:1674)
2026-05-29 08:08:47.443 | INFO     | models.demos.wormhole.stable_diffusion.tt.ttnn_functional_unet_2d_condition_model_new_conv:__call__:491 - Up block 0
2026-05-29 08:08:47.444 | INFO     | models.demos.wormhole.stable_diffusion.tt.ttnn_functional_unet_2d_condition_model_new_conv:__call__:491 - Up block 1
2026-05-29 08:08:47.449 | INFO     | models.demos.wormhole.stable_diffusion.tt.ttnn_functional_unet_2d_condition_model_new_conv:__call__:491 - Up block 2
2026-05-29 08:08:47.457 | INFO     | models.demos.wormhole.stable_diffusion.tt.ttnn_functional_unet_2d_condition_model_new_conv:__call__:491 - Up block 3
2026-05-29 08:08:47.478 | INFO     | models.demos.wormhole.stable_diffusion.tt.ttnn_functional_unet_2d_condition_model_new_conv:__call__:406 - Down block 0
2026-05-29 08:08:47.484 | info     |              Op | act_block_h_override 2 is not a valid override for padded_output_height_ntiles_per_core 7, instead 1 was selected as closest valid option! (conv2d_utils.cpp:401)
2026-05-29 08:08:47.484 | INFO     | models.demos.wormhole.stable_diffusion.tt.ttnn_functional_unet_2d_condition_model_new_conv:__call__:406 - Down block 1
2026-05-29 08:08:47.490 | INFO     | models.demos.wormhole.stable_diffusion.tt.ttnn_functional_unet_2d_condition_model_new_conv:__call__:406 - Down block 2
2026-05-29 08:08:47.494 | INFO     | models.demos.wormhole.stable_diffusion.tt.ttnn_functional_unet_2d_condition_model_new_conv:__call__:406 - Down block 3
2026-05-29 08:08:47.495 | INFO     | models.demos.wormhole.stable_diffusion.tt.ttnn_functional_unet_2d_condition_model_new_conv:__call__:460 - Mid block
2026-05-29 08:08:47.495 | warning  |              Op | Mismatch between computed MemoryConfig(memory_layout=TensorMemoryLayout::BLOCK_SHARDED,buffer_type=BufferType::L1,shard_spec=ShardSpec(grid={[(x=0,y=0) - (x=7,y=3)]},shape={32, 160},orientation=ShardOrientation::ROW_MAJOR),nd_shard_spec=NdShardSpec(shard_shape=Shape([32, 160]),grid={[(x=0,y=0) - (x=7,y=3)]},orientation=ShardOrientation::ROW_MAJOR,shard_distribution_strategy=ShardDistributionStrategy::GRID_2D),created_with_nd_shard_spec=0) and provided MemoryConfig(memory_layout=TensorMemoryLayout::BLOCK_SHARDED,buffer_type=BufferType::L1,shard_spec=ShardSpec(grid={[(x=0,y=0) - (x=7,y=7)]},shape={32, 160},orientation=ShardOrientation::ROW_MAJOR),nd_shard_spec=std::nullopt,created_with_nd_shard_spec=0) mem config. Using computed config. (matmul_op.cpp:1674)
2026-05-29 08:08:47.497 | INFO     | models.demos.wormhole.stable_diffusion.tt.ttnn_functional_unet_2d_condition_model_new_conv:__call__:491 - Up block 0
2026-05-29 08:08:47.498 | INFO     | models.demos.wormhole.stable_diffusion.tt.ttnn_functional_unet_2d_condition_model_new_conv:__call__:491 - Up block 1
2026-05-29 08:08:47.503 | INFO     | models.demos.wormhole.stable_diffusion.tt.ttnn_functional_unet_2d_condition_model_new_conv:__call__:491 - Up block 2
2026-05-29 08:08:47.511 | INFO     | models.demos.wormhole.stable_diffusion.tt.ttnn_functional_unet_2d_condition_model_new_conv:__call__:491 - Up block 3
2026-05-29 08:08:47.531 | INFO     | models.demos.wormhole.stable_diffusion.tt.ttnn_functional_unet_2d_condition_model_new_conv:__call__:406 - Down block 0
2026-05-29 08:08:47.537 | info     |              Op | act_block_h_override 2 is not a valid override for padded_output_height_ntiles_per_core 7, instead 1 was selected as closest valid option! (conv2d_utils.cpp:401)
2026-05-29 08:08:47.537 | INFO     | models.demos.wormhole.stable_diffusion.tt.ttnn_functional_unet_2d_condition_model_new_conv:__call__:406 - Down block 1
2026-05-29 08:08:47.542 | INFO     | models.demos.wormhole.stable_diffusion.tt.ttnn_functional_unet_2d_condition_model_new_conv:__call__:406 - Down block 2
2026-05-29 08:08:47.546 | INFO     | models.demos.wormhole.stable_diffusion.tt.ttnn_functional_unet_2d_condition_model_new_conv:__call__:406 - Down block 3
2026-05-29 08:08:47.546 | INFO     | models.demos.wormhole.stable_diffusion.tt.ttnn_functional_unet_2d_condition_model_new_conv:__call__:460 - Mid block
2026-05-29 08:08:47.547 | warning  |              Op | Mismatch between computed MemoryConfig(memory_layout=TensorMemoryLayout::BLOCK_SHARDED,buffer_type=BufferType::L1,shard_spec=ShardSpec(grid={[(x=0,y=0) - (x=7,y=3)]},shape={32, 160},orientation=ShardOrientation::ROW_MAJOR),nd_shard_spec=NdShardSpec(shard_shape=Shape([32, 160]),grid={[(x=0,y=0) - (x=7,y=3)]},orientation=ShardOrientation::ROW_MAJOR,shard_distribution_strategy=ShardDistributionStrategy::GRID_2D),created_with_nd_shard_spec=0) and provided MemoryConfig(memory_layout=TensorMemoryLayout::BLOCK_SHARDED,buffer_type=BufferType::L1,shard_spec=ShardSpec(grid={[(x=0,y=0) - (x=7,y=7)]},shape={32, 160},orientation=ShardOrientation::ROW_MAJOR),nd_shard_spec=std::nullopt,created_with_nd_shard_spec=0) mem config. Using computed config. (matmul_op.cpp:1674)
2026-05-29 08:08:47.548 | INFO     | models.demos.wormhole.stable_diffusion.tt.ttnn_functional_unet_2d_condition_model_new_conv:__call__:491 - Up block 0
2026-05-29 08:08:47.549 | INFO     | models.demos.wormhole.stable_diffusion.tt.ttnn_functional_unet_2d_condition_model_new_conv:__call__:491 - Up block 1
2026-05-29 08:08:47.554 | INFO     | models.demos.wormhole.stable_diffusion.tt.ttnn_functional_unet_2d_condition_model_new_conv:__call__:491 - Up block 2
2026-05-29 08:08:47.562 | INFO     | models.demos.wormhole.stable_diffusion.tt.ttnn_functional_unet_2d_condition_model_new_conv:__call__:491 - Up block 3
2026-05-29 08:08:47.583 | INFO     | models.demos.wormhole.stable_diffusion.tt.ttnn_functional_unet_2d_condition_model_new_conv:__call__:406 - Down block 0
2026-05-29 08:08:47.589 | info     |              Op | act_block_h_override 2 is not a valid override for padded_output_height_ntiles_per_core 7, instead 1 was selected as closest valid option! (conv2d_utils.cpp:401)
2026-05-29 08:08:47.589 | INFO     | models.demos.wormhole.stable_diffusion.tt.ttnn_functional_unet_2d_condition_model_new_conv:__call__:406 - Down block 1
2026-05-29 08:08:47.595 | INFO     | models.demos.wormhole.stable_diffusion.tt.ttnn_functional_unet_2d_condition_model_new_conv:__call__:406 - Down block 2
2026-05-29 08:08:47.598 | INFO     | models.demos.wormhole.stable_diffusion.tt.ttnn_functional_unet_2d_condition_model_new_conv:__call__:406 - Down block 3
2026-05-29 08:08:47.599 | INFO     | models.demos.wormhole.stable_diffusion.tt.ttnn_functional_unet_2d_condition_model_new_conv:__call__:460 - Mid block
2026-05-29 08:08:47.599 | warning  |              Op | Mismatch between computed MemoryConfig(memory_layout=TensorMemoryLayout::BLOCK_SHARDED,buffer_type=BufferType::L1,shard_spec=ShardSpec(grid={[(x=0,y=0) - (x=7,y=3)]},shape={32, 160},orientation=ShardOrientation::ROW_MAJOR),nd_shard_spec=NdShardSpec(shard_shape=Shape([32, 160]),grid={[(x=0,y=0) - (x=7,y=3)]},orientation=ShardOrientation::ROW_MAJOR,shard_distribution_strategy=ShardDistributionStrategy::GRID_2D),created_with_nd_shard_spec=0) and provided MemoryConfig(memory_layout=TensorMemoryLayout::BLOCK_SHARDED,buffer_type=BufferType::L1,shard_spec=ShardSpec(grid={[(x=0,y=0) - (x=7,y=7)]},shape={32, 160},orientation=ShardOrientation::ROW_MAJOR),nd_shard_spec=std::nullopt,created_with_nd_shard_spec=0) mem config. Using computed config. (matmul_op.cpp:1674)
2026-05-29 08:08:47.601 | INFO     | models.demos.wormhole.stable_diffusion.tt.ttnn_functional_unet_2d_condition_model_new_conv:__call__:491 - Up block 0
2026-05-29 08:08:47.602 | INFO     | models.demos.wormhole.stable_diffusion.tt.ttnn_functional_unet_2d_condition_model_new_conv:__call__:491 - Up block 1
2026-05-29 08:08:47.607 | INFO     | models.demos.wormhole.stable_diffusion.tt.ttnn_functional_unet_2d_condition_model_new_conv:__call__:491 - Up block 2
2026-05-29 08:08:47.615 | INFO     | models.demos.wormhole.stable_diffusion.tt.ttnn_functional_unet_2d_condition_model_new_conv:__call__:491 - Up block 3
2026-05-29 08:08:47.636 | INFO     | models.demos.wormhole.stable_diffusion.tt.ttnn_functional_unet_2d_condition_model_new_conv:__call__:406 - Down block 0
2026-05-29 08:08:47.642 | info     |              Op | act_block_h_override 2 is not a valid override for padded_output_height_ntiles_per_core 7, instead 1 was selected as closest valid option! (conv2d_utils.cpp:401)
2026-05-29 08:08:47.642 | INFO     | models.demos.wormhole.stable_diffusion.tt.ttnn_functional_unet_2d_condition_model_new_conv:__call__:406 - Down block 1
2026-05-29 08:08:47.647 | INFO     | models.demos.wormhole.stable_diffusion.tt.ttnn_functional_unet_2d_condition_model_new_conv:__call__:406 - Down block 2
2026-05-29 08:08:47.651 | INFO     | models.demos.wormhole.stable_diffusion.tt.ttnn_functional_unet_2d_condition_model_new_conv:__call__:406 - Down block 3
2026-05-29 08:08:47.651 | INFO     | models.demos.wormhole.stable_diffusion.tt.ttnn_functional_unet_2d_condition_model_new_conv:__call__:460 - Mid block
2026-05-29 08:08:47.652 | warning  |              Op | Mismatch between computed MemoryConfig(memory_layout=TensorMemoryLayout::BLOCK_SHARDED,buffer_type=BufferType::L1,shard_spec=ShardSpec(grid={[(x=0,y=0) - (x=7,y=3)]},shape={32, 160},orientation=ShardOrientation::ROW_MAJOR),nd_shard_spec=NdShardSpec(shard_shape=Shape([32, 160]),grid={[(x=0,y=0) - (x=7,y=3)]},orientation=ShardOrientation::ROW_MAJOR,shard_distribution_strategy=ShardDistributionStrategy::GRID_2D),created_with_nd_shard_spec=0) and provided MemoryConfig(memory_layout=TensorMemoryLayout::BLOCK_SHARDED,buffer_type=BufferType::L1,shard_spec=ShardSpec(grid={[(x=0,y=0) - (x=7,y=7)]},shape={32, 160},orientation=ShardOrientation::ROW_MAJOR),nd_shard_spec=std::nullopt,created_with_nd_shard_spec=0) mem config. Using computed config. (matmul_op.cpp:1674)
2026-05-29 08:08:47.653 | INFO     | models.demos.wormhole.stable_diffusion.tt.ttnn_functional_unet_2d_condition_model_new_conv:__call__:491 - Up block 0
2026-05-29 08:08:47.654 | INFO     | models.demos.wormhole.stable_diffusion.tt.ttnn_functional_unet_2d_condition_model_new_conv:__call__:491 - Up block 1
2026-05-29 08:08:47.659 | INFO     | models.demos.wormhole.stable_diffusion.tt.ttnn_functional_unet_2d_condition_model_new_conv:__call__:491 - Up block 2
2026-05-29 08:08:47.667 | INFO     | models.demos.wormhole.stable_diffusion.tt.ttnn_functional_unet_2d_condition_model_new_conv:__call__:491 - Up block 3
  Step 30/41
2026-05-29 08:08:47.690 | INFO     | models.demos.wormhole.stable_diffusion.tt.ttnn_functional_unet_2d_condition_model_new_conv:__call__:406 - Down block 0
2026-05-29 08:08:47.697 | info     |              Op | act_block_h_override 2 is not a valid override for padded_output_height_ntiles_per_core 7, instead 1 was selected as closest valid option! (conv2d_utils.cpp:401)
2026-05-29 08:08:47.697 | INFO     | models.demos.wormhole.stable_diffusion.tt.ttnn_functional_unet_2d_condition_model_new_conv:__call__:406 - Down block 1
2026-05-29 08:08:47.702 | INFO     | models.demos.wormhole.stable_diffusion.tt.ttnn_functional_unet_2d_condition_model_new_conv:__call__:406 - Down block 2
2026-05-29 08:08:47.706 | INFO     | models.demos.wormhole.stable_diffusion.tt.ttnn_functional_unet_2d_condition_model_new_conv:__call__:406 - Down block 3
2026-05-29 08:08:47.706 | INFO     | models.demos.wormhole.stable_diffusion.tt.ttnn_functional_unet_2d_condition_model_new_conv:__call__:460 - Mid block
2026-05-29 08:08:47.707 | warning  |              Op | Mismatch between computed MemoryConfig(memory_layout=TensorMemoryLayout::BLOCK_SHARDED,buffer_type=BufferType::L1,shard_spec=ShardSpec(grid={[(x=0,y=0) - (x=7,y=3)]},shape={32, 160},orientation=ShardOrientation::ROW_MAJOR),nd_shard_spec=NdShardSpec(shard_shape=Shape([32, 160]),grid={[(x=0,y=0) - (x=7,y=3)]},orientation=ShardOrientation::ROW_MAJOR,shard_distribution_strategy=ShardDistributionStrategy::GRID_2D),created_with_nd_shard_spec=0) and provided MemoryConfig(memory_layout=TensorMemoryLayout::BLOCK_SHARDED,buffer_type=BufferType::L1,shard_spec=ShardSpec(grid={[(x=0,y=0) - (x=7,y=7)]},shape={32, 160},orientation=ShardOrientation::ROW_MAJOR),nd_shard_spec=std::nullopt,created_with_nd_shard_spec=0) mem config. Using computed config. (matmul_op.cpp:1674)
2026-05-29 08:08:47.708 | INFO     | models.demos.wormhole.stable_diffusion.tt.ttnn_functional_unet_2d_condition_model_new_conv:__call__:491 - Up block 0
2026-05-29 08:08:47.710 | INFO     | models.demos.wormhole.stable_diffusion.tt.ttnn_functional_unet_2d_condition_model_new_conv:__call__:491 - Up block 1
2026-05-29 08:08:47.715 | INFO     | models.demos.wormhole.stable_diffusion.tt.ttnn_functional_unet_2d_condition_model_new_conv:__call__:491 - Up block 2
2026-05-29 08:08:47.723 | INFO     | models.demos.wormhole.stable_diffusion.tt.ttnn_functional_unet_2d_condition_model_new_conv:__call__:491 - Up block 3
2026-05-29 08:08:47.743 | INFO     | models.demos.wormhole.stable_diffusion.tt.ttnn_functional_unet_2d_condition_model_new_conv:__call__:406 - Down block 0
2026-05-29 08:08:47.749 | info     |              Op | act_block_h_override 2 is not a valid override for padded_output_height_ntiles_per_core 7, instead 1 was selected as closest valid option! (conv2d_utils.cpp:401)
2026-05-29 08:08:47.749 | INFO     | models.demos.wormhole.stable_diffusion.tt.ttnn_functional_unet_2d_condition_model_new_conv:__call__:406 - Down block 1
2026-05-29 08:08:47.754 | INFO     | models.demos.wormhole.stable_diffusion.tt.ttnn_functional_unet_2d_condition_model_new_conv:__call__:406 - Down block 2
2026-05-29 08:08:47.758 | INFO     | models.demos.wormhole.stable_diffusion.tt.ttnn_functional_unet_2d_condition_model_new_conv:__call__:406 - Down block 3
2026-05-29 08:08:47.758 | INFO     | models.demos.wormhole.stable_diffusion.tt.ttnn_functional_unet_2d_condition_model_new_conv:__call__:460 - Mid block
2026-05-29 08:08:47.759 | warning  |              Op | Mismatch between computed MemoryConfig(memory_layout=TensorMemoryLayout::BLOCK_SHARDED,buffer_type=BufferType::L1,shard_spec=ShardSpec(grid={[(x=0,y=0) - (x=7,y=3)]},shape={32, 160},orientation=ShardOrientation::ROW_MAJOR),nd_shard_spec=NdShardSpec(shard_shape=Shape([32, 160]),grid={[(x=0,y=0) - (x=7,y=3)]},orientation=ShardOrientation::ROW_MAJOR,shard_distribution_strategy=ShardDistributionStrategy::GRID_2D),created_with_nd_shard_spec=0) and provided MemoryConfig(memory_layout=TensorMemoryLayout::BLOCK_SHARDED,buffer_type=BufferType::L1,shard_spec=ShardSpec(grid={[(x=0,y=0) - (x=7,y=7)]},shape={32, 160},orientation=ShardOrientation::ROW_MAJOR),nd_shard_spec=std::nullopt,created_with_nd_shard_spec=0) mem config. Using computed config. (matmul_op.cpp:1674)
2026-05-29 08:08:47.760 | INFO     | models.demos.wormhole.stable_diffusion.tt.ttnn_functional_unet_2d_condition_model_new_conv:__call__:491 - Up block 0
2026-05-29 08:08:47.762 | INFO     | models.demos.wormhole.stable_diffusion.tt.ttnn_functional_unet_2d_condition_model_new_conv:__call__:491 - Up block 1
2026-05-29 08:08:47.767 | INFO     | models.demos.wormhole.stable_diffusion.tt.ttnn_functional_unet_2d_condition_model_new_conv:__call__:491 - Up block 2
2026-05-29 08:08:47.775 | INFO     | models.demos.wormhole.stable_diffusion.tt.ttnn_functional_unet_2d_condition_model_new_conv:__call__:491 - Up block 3
2026-05-29 08:08:47.795 | INFO     | models.demos.wormhole.stable_diffusion.tt.ttnn_functional_unet_2d_condition_model_new_conv:__call__:406 - Down block 0
2026-05-29 08:08:47.801 | info     |              Op | act_block_h_override 2 is not a valid override for padded_output_height_ntiles_per_core 7, instead 1 was selected as closest valid option! (conv2d_utils.cpp:401)
2026-05-29 08:08:47.801 | INFO     | models.demos.wormhole.stable_diffusion.tt.ttnn_functional_unet_2d_condition_model_new_conv:__call__:406 - Down block 1
2026-05-29 08:08:47.807 | INFO     | models.demos.wormhole.stable_diffusion.tt.ttnn_functional_unet_2d_condition_model_new_conv:__call__:406 - Down block 2
2026-05-29 08:08:47.810 | INFO     | models.demos.wormhole.stable_diffusion.tt.ttnn_functional_unet_2d_condition_model_new_conv:__call__:406 - Down block 3
2026-05-29 08:08:47.811 | INFO     | models.demos.wormhole.stable_diffusion.tt.ttnn_functional_unet_2d_condition_model_new_conv:__call__:460 - Mid block
2026-05-29 08:08:47.811 | warning  |              Op | Mismatch between computed MemoryConfig(memory_layout=TensorMemoryLayout::BLOCK_SHARDED,buffer_type=BufferType::L1,shard_spec=ShardSpec(grid={[(x=0,y=0) - (x=7,y=3)]},shape={32, 160},orientation=ShardOrientation::ROW_MAJOR),nd_shard_spec=NdShardSpec(shard_shape=Shape([32, 160]),grid={[(x=0,y=0) - (x=7,y=3)]},orientation=ShardOrientation::ROW_MAJOR,shard_distribution_strategy=ShardDistributionStrategy::GRID_2D),created_with_nd_shard_spec=0) and provided MemoryConfig(memory_layout=TensorMemoryLayout::BLOCK_SHARDED,buffer_type=BufferType::L1,shard_spec=ShardSpec(grid={[(x=0,y=0) - (x=7,y=7)]},shape={32, 160},orientation=ShardOrientation::ROW_MAJOR),nd_shard_spec=std::nullopt,created_with_nd_shard_spec=0) mem config. Using computed config. (matmul_op.cpp:1674)
2026-05-29 08:08:47.813 | INFO     | models.demos.wormhole.stable_diffusion.tt.ttnn_functional_unet_2d_condition_model_new_conv:__call__:491 - Up block 0
2026-05-29 08:08:47.814 | INFO     | models.demos.wormhole.stable_diffusion.tt.ttnn_functional_unet_2d_condition_model_new_conv:__call__:491 - Up block 1
2026-05-29 08:08:47.819 | INFO     | models.demos.wormhole.stable_diffusion.tt.ttnn_functional_unet_2d_condition_model_new_conv:__call__:491 - Up block 2
2026-05-29 08:08:47.827 | INFO     | models.demos.wormhole.stable_diffusion.tt.ttnn_functional_unet_2d_condition_model_new_conv:__call__:491 - Up block 3
2026-05-29 08:08:47.847 | INFO     | models.demos.wormhole.stable_diffusion.tt.ttnn_functional_unet_2d_condition_model_new_conv:__call__:406 - Down block 0
2026-05-29 08:08:47.853 | info     |              Op | act_block_h_override 2 is not a valid override for padded_output_height_ntiles_per_core 7, instead 1 was selected as closest valid option! (conv2d_utils.cpp:401)
2026-05-29 08:08:47.853 | INFO     | models.demos.wormhole.stable_diffusion.tt.ttnn_functional_unet_2d_condition_model_new_conv:__call__:406 - Down block 1
2026-05-29 08:08:47.859 | INFO     | models.demos.wormhole.stable_diffusion.tt.ttnn_functional_unet_2d_condition_model_new_conv:__call__:406 - Down block 2
2026-05-29 08:08:47.862 | INFO     | models.demos.wormhole.stable_diffusion.tt.ttnn_functional_unet_2d_condition_model_new_conv:__call__:406 - Down block 3
2026-05-29 08:08:47.863 | INFO     | models.demos.wormhole.stable_diffusion.tt.ttnn_functional_unet_2d_condition_model_new_conv:__call__:460 - Mid block
2026-05-29 08:08:47.863 | warning  |              Op | Mismatch between computed MemoryConfig(memory_layout=TensorMemoryLayout::BLOCK_SHARDED,buffer_type=BufferType::L1,shard_spec=ShardSpec(grid={[(x=0,y=0) - (x=7,y=3)]},shape={32, 160},orientation=ShardOrientation::ROW_MAJOR),nd_shard_spec=NdShardSpec(shard_shape=Shape([32, 160]),grid={[(x=0,y=0) - (x=7,y=3)]},orientation=ShardOrientation::ROW_MAJOR,shard_distribution_strategy=ShardDistributionStrategy::GRID_2D),created_with_nd_shard_spec=0) and provided MemoryConfig(memory_layout=TensorMemoryLayout::BLOCK_SHARDED,buffer_type=BufferType::L1,shard_spec=ShardSpec(grid={[(x=0,y=0) - (x=7,y=7)]},shape={32, 160},orientation=ShardOrientation::ROW_MAJOR),nd_shard_spec=std::nullopt,created_with_nd_shard_spec=0) mem config. Using computed config. (matmul_op.cpp:1674)
2026-05-29 08:08:47.864 | INFO     | models.demos.wormhole.stable_diffusion.tt.ttnn_functional_unet_2d_condition_model_new_conv:__call__:491 - Up block 0
2026-05-29 08:08:47.866 | INFO     | models.demos.wormhole.stable_diffusion.tt.ttnn_functional_unet_2d_condition_model_new_conv:__call__:491 - Up block 1
2026-05-29 08:08:47.871 | INFO     | models.demos.wormhole.stable_diffusion.tt.ttnn_functional_unet_2d_condition_model_new_conv:__call__:491 - Up block 2
2026-05-29 08:08:47.879 | INFO     | models.demos.wormhole.stable_diffusion.tt.ttnn_functional_unet_2d_condition_model_new_conv:__call__:491 - Up block 3
2026-05-29 08:08:47.899 | INFO     | models.demos.wormhole.stable_diffusion.tt.ttnn_functional_unet_2d_condition_model_new_conv:__call__:406 - Down block 0
2026-05-29 08:08:47.905 | info     |              Op | act_block_h_override 2 is not a valid override for padded_output_height_ntiles_per_core 7, instead 1 was selected as closest valid option! (conv2d_utils.cpp:401)
2026-05-29 08:08:47.905 | INFO     | models.demos.wormhole.stable_diffusion.tt.ttnn_functional_unet_2d_condition_model_new_conv:__call__:406 - Down block 1
2026-05-29 08:08:47.911 | INFO     | models.demos.wormhole.stable_diffusion.tt.ttnn_functional_unet_2d_condition_model_new_conv:__call__:406 - Down block 2
2026-05-29 08:08:47.914 | INFO     | models.demos.wormhole.stable_diffusion.tt.ttnn_functional_unet_2d_condition_model_new_conv:__call__:406 - Down block 3
2026-05-29 08:08:47.915 | INFO     | models.demos.wormhole.stable_diffusion.tt.ttnn_functional_unet_2d_condition_model_new_conv:__call__:460 - Mid block
2026-05-29 08:08:47.915 | warning  |              Op | Mismatch between computed MemoryConfig(memory_layout=TensorMemoryLayout::BLOCK_SHARDED,buffer_type=BufferType::L1,shard_spec=ShardSpec(grid={[(x=0,y=0) - (x=7,y=3)]},shape={32, 160},orientation=ShardOrientation::ROW_MAJOR),nd_shard_spec=NdShardSpec(shard_shape=Shape([32, 160]),grid={[(x=0,y=0) - (x=7,y=3)]},orientation=ShardOrientation::ROW_MAJOR,shard_distribution_strategy=ShardDistributionStrategy::GRID_2D),created_with_nd_shard_spec=0) and provided MemoryConfig(memory_layout=TensorMemoryLayout::BLOCK_SHARDED,buffer_type=BufferType::L1,shard_spec=ShardSpec(grid={[(x=0,y=0) - (x=7,y=7)]},shape={32, 160},orientation=ShardOrientation::ROW_MAJOR),nd_shard_spec=std::nullopt,created_with_nd_shard_spec=0) mem config. Using computed config. (matmul_op.cpp:1674)
2026-05-29 08:08:47.916 | INFO     | models.demos.wormhole.stable_diffusion.tt.ttnn_functional_unet_2d_condition_model_new_conv:__call__:491 - Up block 0
2026-05-29 08:08:47.918 | INFO     | models.demos.wormhole.stable_diffusion.tt.ttnn_functional_unet_2d_condition_model_new_conv:__call__:491 - Up block 1
2026-05-29 08:08:47.923 | INFO     | models.demos.wormhole.stable_diffusion.tt.ttnn_functional_unet_2d_condition_model_new_conv:__call__:491 - Up block 2
2026-05-29 08:08:47.931 | INFO     | models.demos.wormhole.stable_diffusion.tt.ttnn_functional_unet_2d_condition_model_new_conv:__call__:491 - Up block 3
2026-05-29 08:08:47.951 | INFO     | models.demos.wormhole.stable_diffusion.tt.ttnn_functional_unet_2d_condition_model_new_conv:__call__:406 - Down block 0
2026-05-29 08:08:47.957 | info     |              Op | act_block_h_override 2 is not a valid override for padded_output_height_ntiles_per_core 7, instead 1 was selected as closest valid option! (conv2d_utils.cpp:401)
2026-05-29 08:08:47.957 | INFO     | models.demos.wormhole.stable_diffusion.tt.ttnn_functional_unet_2d_condition_model_new_conv:__call__:406 - Down block 1
2026-05-29 08:08:47.963 | INFO     | models.demos.wormhole.stable_diffusion.tt.ttnn_functional_unet_2d_condition_model_new_conv:__call__:406 - Down block 2
2026-05-29 08:08:47.966 | INFO     | models.demos.wormhole.stable_diffusion.tt.ttnn_functional_unet_2d_condition_model_new_conv:__call__:406 - Down block 3
2026-05-29 08:08:47.967 | INFO     | models.demos.wormhole.stable_diffusion.tt.ttnn_functional_unet_2d_condition_model_new_conv:__call__:460 - Mid block
2026-05-29 08:08:47.967 | warning  |              Op | Mismatch between computed MemoryConfig(memory_layout=TensorMemoryLayout::BLOCK_SHARDED,buffer_type=BufferType::L1,shard_spec=ShardSpec(grid={[(x=0,y=0) - (x=7,y=3)]},shape={32, 160},orientation=ShardOrientation::ROW_MAJOR),nd_shard_spec=NdShardSpec(shard_shape=Shape([32, 160]),grid={[(x=0,y=0) - (x=7,y=3)]},orientation=ShardOrientation::ROW_MAJOR,shard_distribution_strategy=ShardDistributionStrategy::GRID_2D),created_with_nd_shard_spec=0) and provided MemoryConfig(memory_layout=TensorMemoryLayout::BLOCK_SHARDED,buffer_type=BufferType::L1,shard_spec=ShardSpec(grid={[(x=0,y=0) - (x=7,y=7)]},shape={32, 160},orientation=ShardOrientation::ROW_MAJOR),nd_shard_spec=std::nullopt,created_with_nd_shard_spec=0) mem config. Using computed config. (matmul_op.cpp:1674)
2026-05-29 08:08:47.969 | INFO     | models.demos.wormhole.stable_diffusion.tt.ttnn_functional_unet_2d_condition_model_new_conv:__call__:491 - Up block 0
2026-05-29 08:08:47.970 | INFO     | models.demos.wormhole.stable_diffusion.tt.ttnn_functional_unet_2d_condition_model_new_conv:__call__:491 - Up block 1
2026-05-29 08:08:47.975 | INFO     | models.demos.wormhole.stable_diffusion.tt.ttnn_functional_unet_2d_condition_model_new_conv:__call__:491 - Up block 2
2026-05-29 08:08:47.983 | INFO     | models.demos.wormhole.stable_diffusion.tt.ttnn_functional_unet_2d_condition_model_new_conv:__call__:491 - Up block 3
2026-05-29 08:08:48.003 | INFO     | models.demos.wormhole.stable_diffusion.tt.ttnn_functional_unet_2d_condition_model_new_conv:__call__:406 - Down block 0
2026-05-29 08:08:48.009 | info     |              Op | act_block_h_override 2 is not a valid override for padded_output_height_ntiles_per_core 7, instead 1 was selected as closest valid option! (conv2d_utils.cpp:401)
2026-05-29 08:08:48.009 | INFO     | models.demos.wormhole.stable_diffusion.tt.ttnn_functional_unet_2d_condition_model_new_conv:__call__:406 - Down block 1
2026-05-29 08:08:48.015 | INFO     | models.demos.wormhole.stable_diffusion.tt.ttnn_functional_unet_2d_condition_model_new_conv:__call__:406 - Down block 2
2026-05-29 08:08:48.018 | INFO     | models.demos.wormhole.stable_diffusion.tt.ttnn_functional_unet_2d_condition_model_new_conv:__call__:406 - Down block 3
2026-05-29 08:08:48.019 | INFO     | models.demos.wormhole.stable_diffusion.tt.ttnn_functional_unet_2d_condition_model_new_conv:__call__:460 - Mid block
2026-05-29 08:08:48.020 | warning  |              Op | Mismatch between computed MemoryConfig(memory_layout=TensorMemoryLayout::BLOCK_SHARDED,buffer_type=BufferType::L1,shard_spec=ShardSpec(grid={[(x=0,y=0) - (x=7,y=3)]},shape={32, 160},orientation=ShardOrientation::ROW_MAJOR),nd_shard_spec=NdShardSpec(shard_shape=Shape([32, 160]),grid={[(x=0,y=0) - (x=7,y=3)]},orientation=ShardOrientation::ROW_MAJOR,shard_distribution_strategy=ShardDistributionStrategy::GRID_2D),created_with_nd_shard_spec=0) and provided MemoryConfig(memory_layout=TensorMemoryLayout::BLOCK_SHARDED,buffer_type=BufferType::L1,shard_spec=ShardSpec(grid={[(x=0,y=0) - (x=7,y=7)]},shape={32, 160},orientation=ShardOrientation::ROW_MAJOR),nd_shard_spec=std::nullopt,created_with_nd_shard_spec=0) mem config. Using computed config. (matmul_op.cpp:1674)
2026-05-29 08:08:48.021 | INFO     | models.demos.wormhole.stable_diffusion.tt.ttnn_functional_unet_2d_condition_model_new_conv:__call__:491 - Up block 0
2026-05-29 08:08:48.022 | INFO     | models.demos.wormhole.stable_diffusion.tt.ttnn_functional_unet_2d_condition_model_new_conv:__call__:491 - Up block 1
2026-05-29 08:08:48.027 | INFO     | models.demos.wormhole.stable_diffusion.tt.ttnn_functional_unet_2d_condition_model_new_conv:__call__:491 - Up block 2
2026-05-29 08:08:48.035 | INFO     | models.demos.wormhole.stable_diffusion.tt.ttnn_functional_unet_2d_condition_model_new_conv:__call__:491 - Up block 3
2026-05-29 08:08:48.055 | INFO     | models.demos.wormhole.stable_diffusion.tt.ttnn_functional_unet_2d_condition_model_new_conv:__call__:406 - Down block 0
2026-05-29 08:08:48.061 | info     |              Op | act_block_h_override 2 is not a valid override for padded_output_height_ntiles_per_core 7, instead 1 was selected as closest valid option! (conv2d_utils.cpp:401)
2026-05-29 08:08:48.061 | INFO     | models.demos.wormhole.stable_diffusion.tt.ttnn_functional_unet_2d_condition_model_new_conv:__call__:406 - Down block 1
2026-05-29 08:08:48.067 | INFO     | models.demos.wormhole.stable_diffusion.tt.ttnn_functional_unet_2d_condition_model_new_conv:__call__:406 - Down block 2
2026-05-29 08:08:48.070 | INFO     | models.demos.wormhole.stable_diffusion.tt.ttnn_functional_unet_2d_condition_model_new_conv:__call__:406 - Down block 3
2026-05-29 08:08:48.071 | INFO     | models.demos.wormhole.stable_diffusion.tt.ttnn_functional_unet_2d_condition_model_new_conv:__call__:460 - Mid block
2026-05-29 08:08:48.071 | warning  |              Op | Mismatch between computed MemoryConfig(memory_layout=TensorMemoryLayout::BLOCK_SHARDED,buffer_type=BufferType::L1,shard_spec=ShardSpec(grid={[(x=0,y=0) - (x=7,y=3)]},shape={32, 160},orientation=ShardOrientation::ROW_MAJOR),nd_shard_spec=NdShardSpec(shard_shape=Shape([32, 160]),grid={[(x=0,y=0) - (x=7,y=3)]},orientation=ShardOrientation::ROW_MAJOR,shard_distribution_strategy=ShardDistributionStrategy::GRID_2D),created_with_nd_shard_spec=0) and provided MemoryConfig(memory_layout=TensorMemoryLayout::BLOCK_SHARDED,buffer_type=BufferType::L1,shard_spec=ShardSpec(grid={[(x=0,y=0) - (x=7,y=7)]},shape={32, 160},orientation=ShardOrientation::ROW_MAJOR),nd_shard_spec=std::nullopt,created_with_nd_shard_spec=0) mem config. Using computed config. (matmul_op.cpp:1674)
2026-05-29 08:08:48.073 | INFO     | models.demos.wormhole.stable_diffusion.tt.ttnn_functional_unet_2d_condition_model_new_conv:__call__:491 - Up block 0
2026-05-29 08:08:48.074 | INFO     | models.demos.wormhole.stable_diffusion.tt.ttnn_functional_unet_2d_condition_model_new_conv:__call__:491 - Up block 1
2026-05-29 08:08:48.079 | INFO     | models.demos.wormhole.stable_diffusion.tt.ttnn_functional_unet_2d_condition_model_new_conv:__call__:491 - Up block 2
2026-05-29 08:08:48.087 | INFO     | models.demos.wormhole.stable_diffusion.tt.ttnn_functional_unet_2d_condition_model_new_conv:__call__:491 - Up block 3
  Step 31/41
2026-05-29 08:08:48.109 | INFO     | models.demos.wormhole.stable_diffusion.tt.ttnn_functional_unet_2d_condition_model_new_conv:__call__:406 - Down block 0
2026-05-29 08:08:48.115 | info     |              Op | act_block_h_override 2 is not a valid override for padded_output_height_ntiles_per_core 7, instead 1 was selected as closest valid option! (conv2d_utils.cpp:401)
2026-05-29 08:08:48.115 | INFO     | models.demos.wormhole.stable_diffusion.tt.ttnn_functional_unet_2d_condition_model_new_conv:__call__:406 - Down block 1
2026-05-29 08:08:48.121 | INFO     | models.demos.wormhole.stable_diffusion.tt.ttnn_functional_unet_2d_condition_model_new_conv:__call__:406 - Down block 2
2026-05-29 08:08:48.125 | INFO     | models.demos.wormhole.stable_diffusion.tt.ttnn_functional_unet_2d_condition_model_new_conv:__call__:406 - Down block 3
2026-05-29 08:08:48.126 | INFO     | models.demos.wormhole.stable_diffusion.tt.ttnn_functional_unet_2d_condition_model_new_conv:__call__:460 - Mid block
2026-05-29 08:08:48.126 | warning  |              Op | Mismatch between computed MemoryConfig(memory_layout=TensorMemoryLayout::BLOCK_SHARDED,buffer_type=BufferType::L1,shard_spec=ShardSpec(grid={[(x=0,y=0) - (x=7,y=3)]},shape={32, 160},orientation=ShardOrientation::ROW_MAJOR),nd_shard_spec=NdShardSpec(shard_shape=Shape([32, 160]),grid={[(x=0,y=0) - (x=7,y=3)]},orientation=ShardOrientation::ROW_MAJOR,shard_distribution_strategy=ShardDistributionStrategy::GRID_2D),created_with_nd_shard_spec=0) and provided MemoryConfig(memory_layout=TensorMemoryLayout::BLOCK_SHARDED,buffer_type=BufferType::L1,shard_spec=ShardSpec(grid={[(x=0,y=0) - (x=7,y=7)]},shape={32, 160},orientation=ShardOrientation::ROW_MAJOR),nd_shard_spec=std::nullopt,created_with_nd_shard_spec=0) mem config. Using computed config. (matmul_op.cpp:1674)
2026-05-29 08:08:48.128 | INFO     | models.demos.wormhole.stable_diffusion.tt.ttnn_functional_unet_2d_condition_model_new_conv:__call__:491 - Up block 0
2026-05-29 08:08:48.129 | INFO     | models.demos.wormhole.stable_diffusion.tt.ttnn_functional_unet_2d_condition_model_new_conv:__call__:491 - Up block 1
2026-05-29 08:08:48.134 | INFO     | models.demos.wormhole.stable_diffusion.tt.ttnn_functional_unet_2d_condition_model_new_conv:__call__:491 - Up block 2
2026-05-29 08:08:48.142 | INFO     | models.demos.wormhole.stable_diffusion.tt.ttnn_functional_unet_2d_condition_model_new_conv:__call__:491 - Up block 3
2026-05-29 08:08:48.162 | INFO     | models.demos.wormhole.stable_diffusion.tt.ttnn_functional_unet_2d_condition_model_new_conv:__call__:406 - Down block 0
2026-05-29 08:08:48.168 | info     |              Op | act_block_h_override 2 is not a valid override for padded_output_height_ntiles_per_core 7, instead 1 was selected as closest valid option! (conv2d_utils.cpp:401)
2026-05-29 08:08:48.168 | INFO     | models.demos.wormhole.stable_diffusion.tt.ttnn_functional_unet_2d_condition_model_new_conv:__call__:406 - Down block 1
2026-05-29 08:08:48.174 | INFO     | models.demos.wormhole.stable_diffusion.tt.ttnn_functional_unet_2d_condition_model_new_conv:__call__:406 - Down block 2
2026-05-29 08:08:48.177 | INFO     | models.demos.wormhole.stable_diffusion.tt.ttnn_functional_unet_2d_condition_model_new_conv:__call__:406 - Down block 3
2026-05-29 08:08:48.178 | INFO     | models.demos.wormhole.stable_diffusion.tt.ttnn_functional_unet_2d_condition_model_new_conv:__call__:460 - Mid block
2026-05-29 08:08:48.178 | warning  |              Op | Mismatch between computed MemoryConfig(memory_layout=TensorMemoryLayout::BLOCK_SHARDED,buffer_type=BufferType::L1,shard_spec=ShardSpec(grid={[(x=0,y=0) - (x=7,y=3)]},shape={32, 160},orientation=ShardOrientation::ROW_MAJOR),nd_shard_spec=NdShardSpec(shard_shape=Shape([32, 160]),grid={[(x=0,y=0) - (x=7,y=3)]},orientation=ShardOrientation::ROW_MAJOR,shard_distribution_strategy=ShardDistributionStrategy::GRID_2D),created_with_nd_shard_spec=0) and provided MemoryConfig(memory_layout=TensorMemoryLayout::BLOCK_SHARDED,buffer_type=BufferType::L1,shard_spec=ShardSpec(grid={[(x=0,y=0) - (x=7,y=7)]},shape={32, 160},orientation=ShardOrientation::ROW_MAJOR),nd_shard_spec=std::nullopt,created_with_nd_shard_spec=0) mem config. Using computed config. (matmul_op.cpp:1674)
2026-05-29 08:08:48.180 | INFO     | models.demos.wormhole.stable_diffusion.tt.ttnn_functional_unet_2d_condition_model_new_conv:__call__:491 - Up block 0
2026-05-29 08:08:48.181 | INFO     | models.demos.wormhole.stable_diffusion.tt.ttnn_functional_unet_2d_condition_model_new_conv:__call__:491 - Up block 1
2026-05-29 08:08:48.186 | INFO     | models.demos.wormhole.stable_diffusion.tt.ttnn_functional_unet_2d_condition_model_new_conv:__call__:491 - Up block 2
2026-05-29 08:08:48.194 | INFO     | models.demos.wormhole.stable_diffusion.tt.ttnn_functional_unet_2d_condition_model_new_conv:__call__:491 - Up block 3
2026-05-29 08:08:48.215 | INFO     | models.demos.wormhole.stable_diffusion.tt.ttnn_functional_unet_2d_condition_model_new_conv:__call__:406 - Down block 0
2026-05-29 08:08:48.221 | info     |              Op | act_block_h_override 2 is not a valid override for padded_output_height_ntiles_per_core 7, instead 1 was selected as closest valid option! (conv2d_utils.cpp:401)
2026-05-29 08:08:48.221 | INFO     | models.demos.wormhole.stable_diffusion.tt.ttnn_functional_unet_2d_condition_model_new_conv:__call__:406 - Down block 1
2026-05-29 08:08:48.227 | INFO     | models.demos.wormhole.stable_diffusion.tt.ttnn_functional_unet_2d_condition_model_new_conv:__call__:406 - Down block 2
2026-05-29 08:08:48.230 | INFO     | models.demos.wormhole.stable_diffusion.tt.ttnn_functional_unet_2d_condition_model_new_conv:__call__:406 - Down block 3
2026-05-29 08:08:48.231 | INFO     | models.demos.wormhole.stable_diffusion.tt.ttnn_functional_unet_2d_condition_model_new_conv:__call__:460 - Mid block
2026-05-29 08:08:48.231 | warning  |              Op | Mismatch between computed MemoryConfig(memory_layout=TensorMemoryLayout::BLOCK_SHARDED,buffer_type=BufferType::L1,shard_spec=ShardSpec(grid={[(x=0,y=0) - (x=7,y=3)]},shape={32, 160},orientation=ShardOrientation::ROW_MAJOR),nd_shard_spec=NdShardSpec(shard_shape=Shape([32, 160]),grid={[(x=0,y=0) - (x=7,y=3)]},orientation=ShardOrientation::ROW_MAJOR,shard_distribution_strategy=ShardDistributionStrategy::GRID_2D),created_with_nd_shard_spec=0) and provided MemoryConfig(memory_layout=TensorMemoryLayout::BLOCK_SHARDED,buffer_type=BufferType::L1,shard_spec=ShardSpec(grid={[(x=0,y=0) - (x=7,y=7)]},shape={32, 160},orientation=ShardOrientation::ROW_MAJOR),nd_shard_spec=std::nullopt,created_with_nd_shard_spec=0) mem config. Using computed config. (matmul_op.cpp:1674)
2026-05-29 08:08:48.233 | INFO     | models.demos.wormhole.stable_diffusion.tt.ttnn_functional_unet_2d_condition_model_new_conv:__call__:491 - Up block 0
2026-05-29 08:08:48.234 | INFO     | models.demos.wormhole.stable_diffusion.tt.ttnn_functional_unet_2d_condition_model_new_conv:__call__:491 - Up block 1
2026-05-29 08:08:48.239 | INFO     | models.demos.wormhole.stable_diffusion.tt.ttnn_functional_unet_2d_condition_model_new_conv:__call__:491 - Up block 2
2026-05-29 08:08:48.247 | INFO     | models.demos.wormhole.stable_diffusion.tt.ttnn_functional_unet_2d_condition_model_new_conv:__call__:491 - Up block 3
2026-05-29 08:08:48.267 | INFO     | models.demos.wormhole.stable_diffusion.tt.ttnn_functional_unet_2d_condition_model_new_conv:__call__:406 - Down block 0
2026-05-29 08:08:48.273 | info     |              Op | act_block_h_override 2 is not a valid override for padded_output_height_ntiles_per_core 7, instead 1 was selected as closest valid option! (conv2d_utils.cpp:401)
2026-05-29 08:08:48.273 | INFO     | models.demos.wormhole.stable_diffusion.tt.ttnn_functional_unet_2d_condition_model_new_conv:__call__:406 - Down block 1
2026-05-29 08:08:48.278 | INFO     | models.demos.wormhole.stable_diffusion.tt.ttnn_functional_unet_2d_condition_model_new_conv:__call__:406 - Down block 2
2026-05-29 08:08:48.281 | INFO     | models.demos.wormhole.stable_diffusion.tt.ttnn_functional_unet_2d_condition_model_new_conv:__call__:406 - Down block 3
2026-05-29 08:08:48.282 | INFO     | models.demos.wormhole.stable_diffusion.tt.ttnn_functional_unet_2d_condition_model_new_conv:__call__:460 - Mid block
2026-05-29 08:08:48.283 | warning  |              Op | Mismatch between computed MemoryConfig(memory_layout=TensorMemoryLayout::BLOCK_SHARDED,buffer_type=BufferType::L1,shard_spec=ShardSpec(grid={[(x=0,y=0) - (x=7,y=3)]},shape={32, 160},orientation=ShardOrientation::ROW_MAJOR),nd_shard_spec=NdShardSpec(shard_shape=Shape([32, 160]),grid={[(x=0,y=0) - (x=7,y=3)]},orientation=ShardOrientation::ROW_MAJOR,shard_distribution_strategy=ShardDistributionStrategy::GRID_2D),created_with_nd_shard_spec=0) and provided MemoryConfig(memory_layout=TensorMemoryLayout::BLOCK_SHARDED,buffer_type=BufferType::L1,shard_spec=ShardSpec(grid={[(x=0,y=0) - (x=7,y=7)]},shape={32, 160},orientation=ShardOrientation::ROW_MAJOR),nd_shard_spec=std::nullopt,created_with_nd_shard_spec=0) mem config. Using computed config. (matmul_op.cpp:1674)
2026-05-29 08:08:48.284 | INFO     | models.demos.wormhole.stable_diffusion.tt.ttnn_functional_unet_2d_condition_model_new_conv:__call__:491 - Up block 0
2026-05-29 08:08:48.285 | INFO     | models.demos.wormhole.stable_diffusion.tt.ttnn_functional_unet_2d_condition_model_new_conv:__call__:491 - Up block 1
2026-05-29 08:08:48.290 | INFO     | models.demos.wormhole.stable_diffusion.tt.ttnn_functional_unet_2d_condition_model_new_conv:__call__:491 - Up block 2
2026-05-29 08:08:48.298 | INFO     | models.demos.wormhole.stable_diffusion.tt.ttnn_functional_unet_2d_condition_model_new_conv:__call__:491 - Up block 3
2026-05-29 08:08:48.319 | INFO     | models.demos.wormhole.stable_diffusion.tt.ttnn_functional_unet_2d_condition_model_new_conv:__call__:406 - Down block 0
2026-05-29 08:08:48.325 | info     |              Op | act_block_h_override 2 is not a valid override for padded_output_height_ntiles_per_core 7, instead 1 was selected as closest valid option! (conv2d_utils.cpp:401)
2026-05-29 08:08:48.325 | INFO     | models.demos.wormhole.stable_diffusion.tt.ttnn_functional_unet_2d_condition_model_new_conv:__call__:406 - Down block 1
2026-05-29 08:08:48.330 | INFO     | models.demos.wormhole.stable_diffusion.tt.ttnn_functional_unet_2d_condition_model_new_conv:__call__:406 - Down block 2
2026-05-29 08:08:48.334 | INFO     | models.demos.wormhole.stable_diffusion.tt.ttnn_functional_unet_2d_condition_model_new_conv:__call__:406 - Down block 3
2026-05-29 08:08:48.334 | INFO     | models.demos.wormhole.stable_diffusion.tt.ttnn_functional_unet_2d_condition_model_new_conv:__call__:460 - Mid block
2026-05-29 08:08:48.335 | warning  |              Op | Mismatch between computed MemoryConfig(memory_layout=TensorMemoryLayout::BLOCK_SHARDED,buffer_type=BufferType::L1,shard_spec=ShardSpec(grid={[(x=0,y=0) - (x=7,y=3)]},shape={32, 160},orientation=ShardOrientation::ROW_MAJOR),nd_shard_spec=NdShardSpec(shard_shape=Shape([32, 160]),grid={[(x=0,y=0) - (x=7,y=3)]},orientation=ShardOrientation::ROW_MAJOR,shard_distribution_strategy=ShardDistributionStrategy::GRID_2D),created_with_nd_shard_spec=0) and provided MemoryConfig(memory_layout=TensorMemoryLayout::BLOCK_SHARDED,buffer_type=BufferType::L1,shard_spec=ShardSpec(grid={[(x=0,y=0) - (x=7,y=7)]},shape={32, 160},orientation=ShardOrientation::ROW_MAJOR),nd_shard_spec=std::nullopt,created_with_nd_shard_spec=0) mem config. Using computed config. (matmul_op.cpp:1674)
2026-05-29 08:08:48.336 | INFO     | models.demos.wormhole.stable_diffusion.tt.ttnn_functional_unet_2d_condition_model_new_conv:__call__:491 - Up block 0
2026-05-29 08:08:48.338 | INFO     | models.demos.wormhole.stable_diffusion.tt.ttnn_functional_unet_2d_condition_model_new_conv:__call__:491 - Up block 1
2026-05-29 08:08:48.343 | INFO     | models.demos.wormhole.stable_diffusion.tt.ttnn_functional_unet_2d_condition_model_new_conv:__call__:491 - Up block 2
2026-05-29 08:08:48.351 | INFO     | models.demos.wormhole.stable_diffusion.tt.ttnn_functional_unet_2d_condition_model_new_conv:__call__:491 - Up block 3
2026-05-29 08:08:48.371 | INFO     | models.demos.wormhole.stable_diffusion.tt.ttnn_functional_unet_2d_condition_model_new_conv:__call__:406 - Down block 0
2026-05-29 08:08:48.377 | info     |              Op | act_block_h_override 2 is not a valid override for padded_output_height_ntiles_per_core 7, instead 1 was selected as closest valid option! (conv2d_utils.cpp:401)
2026-05-29 08:08:48.377 | INFO     | models.demos.wormhole.stable_diffusion.tt.ttnn_functional_unet_2d_condition_model_new_conv:__call__:406 - Down block 1
2026-05-29 08:08:48.383 | INFO     | models.demos.wormhole.stable_diffusion.tt.ttnn_functional_unet_2d_condition_model_new_conv:__call__:406 - Down block 2
2026-05-29 08:08:48.386 | INFO     | models.demos.wormhole.stable_diffusion.tt.ttnn_functional_unet_2d_condition_model_new_conv:__call__:406 - Down block 3
2026-05-29 08:08:48.387 | INFO     | models.demos.wormhole.stable_diffusion.tt.ttnn_functional_unet_2d_condition_model_new_conv:__call__:460 - Mid block
2026-05-29 08:08:48.387 | warning  |              Op | Mismatch between computed MemoryConfig(memory_layout=TensorMemoryLayout::BLOCK_SHARDED,buffer_type=BufferType::L1,shard_spec=ShardSpec(grid={[(x=0,y=0) - (x=7,y=3)]},shape={32, 160},orientation=ShardOrientation::ROW_MAJOR),nd_shard_spec=NdShardSpec(shard_shape=Shape([32, 160]),grid={[(x=0,y=0) - (x=7,y=3)]},orientation=ShardOrientation::ROW_MAJOR,shard_distribution_strategy=ShardDistributionStrategy::GRID_2D),created_with_nd_shard_spec=0) and provided MemoryConfig(memory_layout=TensorMemoryLayout::BLOCK_SHARDED,buffer_type=BufferType::L1,shard_spec=ShardSpec(grid={[(x=0,y=0) - (x=7,y=7)]},shape={32, 160},orientation=ShardOrientation::ROW_MAJOR),nd_shard_spec=std::nullopt,created_with_nd_shard_spec=0) mem config. Using computed config. (matmul_op.cpp:1674)
2026-05-29 08:08:48.388 | INFO     | models.demos.wormhole.stable_diffusion.tt.ttnn_functional_unet_2d_condition_model_new_conv:__call__:491 - Up block 0
2026-05-29 08:08:48.390 | INFO     | models.demos.wormhole.stable_diffusion.tt.ttnn_functional_unet_2d_condition_model_new_conv:__call__:491 - Up block 1
2026-05-29 08:08:48.394 | INFO     | models.demos.wormhole.stable_diffusion.tt.ttnn_functional_unet_2d_condition_model_new_conv:__call__:491 - Up block 2
2026-05-29 08:08:48.402 | INFO     | models.demos.wormhole.stable_diffusion.tt.ttnn_functional_unet_2d_condition_model_new_conv:__call__:491 - Up block 3
2026-05-29 08:08:48.423 | INFO     | models.demos.wormhole.stable_diffusion.tt.ttnn_functional_unet_2d_condition_model_new_conv:__call__:406 - Down block 0
2026-05-29 08:08:48.429 | info     |              Op | act_block_h_override 2 is not a valid override for padded_output_height_ntiles_per_core 7, instead 1 was selected as closest valid option! (conv2d_utils.cpp:401)
2026-05-29 08:08:48.430 | INFO     | models.demos.wormhole.stable_diffusion.tt.ttnn_functional_unet_2d_condition_model_new_conv:__call__:406 - Down block 1
2026-05-29 08:08:48.435 | INFO     | models.demos.wormhole.stable_diffusion.tt.ttnn_functional_unet_2d_condition_model_new_conv:__call__:406 - Down block 2
2026-05-29 08:08:48.439 | INFO     | models.demos.wormhole.stable_diffusion.tt.ttnn_functional_unet_2d_condition_model_new_conv:__call__:406 - Down block 3
2026-05-29 08:08:48.440 | INFO     | models.demos.wormhole.stable_diffusion.tt.ttnn_functional_unet_2d_condition_model_new_conv:__call__:460 - Mid block
2026-05-29 08:08:48.440 | warning  |              Op | Mismatch between computed MemoryConfig(memory_layout=TensorMemoryLayout::BLOCK_SHARDED,buffer_type=BufferType::L1,shard_spec=ShardSpec(grid={[(x=0,y=0) - (x=7,y=3)]},shape={32, 160},orientation=ShardOrientation::ROW_MAJOR),nd_shard_spec=NdShardSpec(shard_shape=Shape([32, 160]),grid={[(x=0,y=0) - (x=7,y=3)]},orientation=ShardOrientation::ROW_MAJOR,shard_distribution_strategy=ShardDistributionStrategy::GRID_2D),created_with_nd_shard_spec=0) and provided MemoryConfig(memory_layout=TensorMemoryLayout::BLOCK_SHARDED,buffer_type=BufferType::L1,shard_spec=ShardSpec(grid={[(x=0,y=0) - (x=7,y=7)]},shape={32, 160},orientation=ShardOrientation::ROW_MAJOR),nd_shard_spec=std::nullopt,created_with_nd_shard_spec=0) mem config. Using computed config. (matmul_op.cpp:1674)
2026-05-29 08:08:48.441 | INFO     | models.demos.wormhole.stable_diffusion.tt.ttnn_functional_unet_2d_condition_model_new_conv:__call__:491 - Up block 0
2026-05-29 08:08:48.443 | INFO     | models.demos.wormhole.stable_diffusion.tt.ttnn_functional_unet_2d_condition_model_new_conv:__call__:491 - Up block 1
2026-05-29 08:08:48.448 | INFO     | models.demos.wormhole.stable_diffusion.tt.ttnn_functional_unet_2d_condition_model_new_conv:__call__:491 - Up block 2
2026-05-29 08:08:48.456 | INFO     | models.demos.wormhole.stable_diffusion.tt.ttnn_functional_unet_2d_condition_model_new_conv:__call__:491 - Up block 3
2026-05-29 08:08:48.476 | INFO     | models.demos.wormhole.stable_diffusion.tt.ttnn_functional_unet_2d_condition_model_new_conv:__call__:406 - Down block 0
2026-05-29 08:08:48.482 | info     |              Op | act_block_h_override 2 is not a valid override for padded_output_height_ntiles_per_core 7, instead 1 was selected as closest valid option! (conv2d_utils.cpp:401)
2026-05-29 08:08:48.482 | INFO     | models.demos.wormhole.stable_diffusion.tt.ttnn_functional_unet_2d_condition_model_new_conv:__call__:406 - Down block 1
2026-05-29 08:08:48.488 | INFO     | models.demos.wormhole.stable_diffusion.tt.ttnn_functional_unet_2d_condition_model_new_conv:__call__:406 - Down block 2
2026-05-29 08:08:48.491 | INFO     | models.demos.wormhole.stable_diffusion.tt.ttnn_functional_unet_2d_condition_model_new_conv:__call__:406 - Down block 3
2026-05-29 08:08:48.492 | INFO     | models.demos.wormhole.stable_diffusion.tt.ttnn_functional_unet_2d_condition_model_new_conv:__call__:460 - Mid block
2026-05-29 08:08:48.492 | warning  |              Op | Mismatch between computed MemoryConfig(memory_layout=TensorMemoryLayout::BLOCK_SHARDED,buffer_type=BufferType::L1,shard_spec=ShardSpec(grid={[(x=0,y=0) - (x=7,y=3)]},shape={32, 160},orientation=ShardOrientation::ROW_MAJOR),nd_shard_spec=NdShardSpec(shard_shape=Shape([32, 160]),grid={[(x=0,y=0) - (x=7,y=3)]},orientation=ShardOrientation::ROW_MAJOR,shard_distribution_strategy=ShardDistributionStrategy::GRID_2D),created_with_nd_shard_spec=0) and provided MemoryConfig(memory_layout=TensorMemoryLayout::BLOCK_SHARDED,buffer_type=BufferType::L1,shard_spec=ShardSpec(grid={[(x=0,y=0) - (x=7,y=7)]},shape={32, 160},orientation=ShardOrientation::ROW_MAJOR),nd_shard_spec=std::nullopt,created_with_nd_shard_spec=0) mem config. Using computed config. (matmul_op.cpp:1674)
2026-05-29 08:08:48.493 | INFO     | models.demos.wormhole.stable_diffusion.tt.ttnn_functional_unet_2d_condition_model_new_conv:__call__:491 - Up block 0
2026-05-29 08:08:48.495 | INFO     | models.demos.wormhole.stable_diffusion.tt.ttnn_functional_unet_2d_condition_model_new_conv:__call__:491 - Up block 1
2026-05-29 08:08:48.500 | INFO     | models.demos.wormhole.stable_diffusion.tt.ttnn_functional_unet_2d_condition_model_new_conv:__call__:491 - Up block 2
2026-05-29 08:08:48.508 | INFO     | models.demos.wormhole.stable_diffusion.tt.ttnn_functional_unet_2d_condition_model_new_conv:__call__:491 - Up block 3
  Step 32/41
2026-05-29 08:08:48.530 | INFO     | models.demos.wormhole.stable_diffusion.tt.ttnn_functional_unet_2d_condition_model_new_conv:__call__:406 - Down block 0
2026-05-29 08:08:48.536 | info     |              Op | act_block_h_override 2 is not a valid override for padded_output_height_ntiles_per_core 7, instead 1 was selected as closest valid option! (conv2d_utils.cpp:401)
2026-05-29 08:08:48.536 | INFO     | models.demos.wormhole.stable_diffusion.tt.ttnn_functional_unet_2d_condition_model_new_conv:__call__:406 - Down block 1
2026-05-29 08:08:48.541 | INFO     | models.demos.wormhole.stable_diffusion.tt.ttnn_functional_unet_2d_condition_model_new_conv:__call__:406 - Down block 2
2026-05-29 08:08:48.545 | INFO     | models.demos.wormhole.stable_diffusion.tt.ttnn_functional_unet_2d_condition_model_new_conv:__call__:406 - Down block 3
2026-05-29 08:08:48.545 | INFO     | models.demos.wormhole.stable_diffusion.tt.ttnn_functional_unet_2d_condition_model_new_conv:__call__:460 - Mid block
2026-05-29 08:08:48.546 | warning  |              Op | Mismatch between computed MemoryConfig(memory_layout=TensorMemoryLayout::BLOCK_SHARDED,buffer_type=BufferType::L1,shard_spec=ShardSpec(grid={[(x=0,y=0) - (x=7,y=3)]},shape={32, 160},orientation=ShardOrientation::ROW_MAJOR),nd_shard_spec=NdShardSpec(shard_shape=Shape([32, 160]),grid={[(x=0,y=0) - (x=7,y=3)]},orientation=ShardOrientation::ROW_MAJOR,shard_distribution_strategy=ShardDistributionStrategy::GRID_2D),created_with_nd_shard_spec=0) and provided MemoryConfig(memory_layout=TensorMemoryLayout::BLOCK_SHARDED,buffer_type=BufferType::L1,shard_spec=ShardSpec(grid={[(x=0,y=0) - (x=7,y=7)]},shape={32, 160},orientation=ShardOrientation::ROW_MAJOR),nd_shard_spec=std::nullopt,created_with_nd_shard_spec=0) mem config. Using computed config. (matmul_op.cpp:1674)
2026-05-29 08:08:48.547 | INFO     | models.demos.wormhole.stable_diffusion.tt.ttnn_functional_unet_2d_condition_model_new_conv:__call__:491 - Up block 0
2026-05-29 08:08:48.549 | INFO     | models.demos.wormhole.stable_diffusion.tt.ttnn_functional_unet_2d_condition_model_new_conv:__call__:491 - Up block 1
2026-05-29 08:08:48.553 | INFO     | models.demos.wormhole.stable_diffusion.tt.ttnn_functional_unet_2d_condition_model_new_conv:__call__:491 - Up block 2
2026-05-29 08:08:48.562 | INFO     | models.demos.wormhole.stable_diffusion.tt.ttnn_functional_unet_2d_condition_model_new_conv:__call__:491 - Up block 3
2026-05-29 08:08:48.582 | INFO     | models.demos.wormhole.stable_diffusion.tt.ttnn_functional_unet_2d_condition_model_new_conv:__call__:406 - Down block 0
2026-05-29 08:08:48.587 | info     |              Op | act_block_h_override 2 is not a valid override for padded_output_height_ntiles_per_core 7, instead 1 was selected as closest valid option! (conv2d_utils.cpp:401)
2026-05-29 08:08:48.588 | INFO     | models.demos.wormhole.stable_diffusion.tt.ttnn_functional_unet_2d_condition_model_new_conv:__call__:406 - Down block 1
2026-05-29 08:08:48.593 | INFO     | models.demos.wormhole.stable_diffusion.tt.ttnn_functional_unet_2d_condition_model_new_conv:__call__:406 - Down block 2
2026-05-29 08:08:48.596 | INFO     | models.demos.wormhole.stable_diffusion.tt.ttnn_functional_unet_2d_condition_model_new_conv:__call__:406 - Down block 3
2026-05-29 08:08:48.597 | INFO     | models.demos.wormhole.stable_diffusion.tt.ttnn_functional_unet_2d_condition_model_new_conv:__call__:460 - Mid block
2026-05-29 08:08:48.597 | warning  |              Op | Mismatch between computed MemoryConfig(memory_layout=TensorMemoryLayout::BLOCK_SHARDED,buffer_type=BufferType::L1,shard_spec=ShardSpec(grid={[(x=0,y=0) - (x=7,y=3)]},shape={32, 160},orientation=ShardOrientation::ROW_MAJOR),nd_shard_spec=NdShardSpec(shard_shape=Shape([32, 160]),grid={[(x=0,y=0) - (x=7,y=3)]},orientation=ShardOrientation::ROW_MAJOR,shard_distribution_strategy=ShardDistributionStrategy::GRID_2D),created_with_nd_shard_spec=0) and provided MemoryConfig(memory_layout=TensorMemoryLayout::BLOCK_SHARDED,buffer_type=BufferType::L1,shard_spec=ShardSpec(grid={[(x=0,y=0) - (x=7,y=7)]},shape={32, 160},orientation=ShardOrientation::ROW_MAJOR),nd_shard_spec=std::nullopt,created_with_nd_shard_spec=0) mem config. Using computed config. (matmul_op.cpp:1674)
2026-05-29 08:08:48.599 | INFO     | models.demos.wormhole.stable_diffusion.tt.ttnn_functional_unet_2d_condition_model_new_conv:__call__:491 - Up block 0
2026-05-29 08:08:48.600 | INFO     | models.demos.wormhole.stable_diffusion.tt.ttnn_functional_unet_2d_condition_model_new_conv:__call__:491 - Up block 1
2026-05-29 08:08:48.605 | INFO     | models.demos.wormhole.stable_diffusion.tt.ttnn_functional_unet_2d_condition_model_new_conv:__call__:491 - Up block 2
2026-05-29 08:08:48.613 | INFO     | models.demos.wormhole.stable_diffusion.tt.ttnn_functional_unet_2d_condition_model_new_conv:__call__:491 - Up block 3
2026-05-29 08:08:48.634 | INFO     | models.demos.wormhole.stable_diffusion.tt.ttnn_functional_unet_2d_condition_model_new_conv:__call__:406 - Down block 0
2026-05-29 08:08:48.639 | info     |              Op | act_block_h_override 2 is not a valid override for padded_output_height_ntiles_per_core 7, instead 1 was selected as closest valid option! (conv2d_utils.cpp:401)
2026-05-29 08:08:48.639 | INFO     | models.demos.wormhole.stable_diffusion.tt.ttnn_functional_unet_2d_condition_model_new_conv:__call__:406 - Down block 1
2026-05-29 08:08:48.645 | INFO     | models.demos.wormhole.stable_diffusion.tt.ttnn_functional_unet_2d_condition_model_new_conv:__call__:406 - Down block 2
2026-05-29 08:08:48.648 | INFO     | models.demos.wormhole.stable_diffusion.tt.ttnn_functional_unet_2d_condition_model_new_conv:__call__:406 - Down block 3
2026-05-29 08:08:48.649 | INFO     | models.demos.wormhole.stable_diffusion.tt.ttnn_functional_unet_2d_condition_model_new_conv:__call__:460 - Mid block
2026-05-29 08:08:48.649 | warning  |              Op | Mismatch between computed MemoryConfig(memory_layout=TensorMemoryLayout::BLOCK_SHARDED,buffer_type=BufferType::L1,shard_spec=ShardSpec(grid={[(x=0,y=0) - (x=7,y=3)]},shape={32, 160},orientation=ShardOrientation::ROW_MAJOR),nd_shard_spec=NdShardSpec(shard_shape=Shape([32, 160]),grid={[(x=0,y=0) - (x=7,y=3)]},orientation=ShardOrientation::ROW_MAJOR,shard_distribution_strategy=ShardDistributionStrategy::GRID_2D),created_with_nd_shard_spec=0) and provided MemoryConfig(memory_layout=TensorMemoryLayout::BLOCK_SHARDED,buffer_type=BufferType::L1,shard_spec=ShardSpec(grid={[(x=0,y=0) - (x=7,y=7)]},shape={32, 160},orientation=ShardOrientation::ROW_MAJOR),nd_shard_spec=std::nullopt,created_with_nd_shard_spec=0) mem config. Using computed config. (matmul_op.cpp:1674)
2026-05-29 08:08:48.651 | INFO     | models.demos.wormhole.stable_diffusion.tt.ttnn_functional_unet_2d_condition_model_new_conv:__call__:491 - Up block 0
2026-05-29 08:08:48.652 | INFO     | models.demos.wormhole.stable_diffusion.tt.ttnn_functional_unet_2d_condition_model_new_conv:__call__:491 - Up block 1
2026-05-29 08:08:48.657 | INFO     | models.demos.wormhole.stable_diffusion.tt.ttnn_functional_unet_2d_condition_model_new_conv:__call__:491 - Up block 2
2026-05-29 08:08:48.665 | INFO     | models.demos.wormhole.stable_diffusion.tt.ttnn_functional_unet_2d_condition_model_new_conv:__call__:491 - Up block 3
2026-05-29 08:08:48.685 | INFO     | models.demos.wormhole.stable_diffusion.tt.ttnn_functional_unet_2d_condition_model_new_conv:__call__:406 - Down block 0
2026-05-29 08:08:48.691 | info     |              Op | act_block_h_override 2 is not a valid override for padded_output_height_ntiles_per_core 7, instead 1 was selected as closest valid option! (conv2d_utils.cpp:401)
2026-05-29 08:08:48.691 | INFO     | models.demos.wormhole.stable_diffusion.tt.ttnn_functional_unet_2d_condition_model_new_conv:__call__:406 - Down block 1
2026-05-29 08:08:48.697 | INFO     | models.demos.wormhole.stable_diffusion.tt.ttnn_functional_unet_2d_condition_model_new_conv:__call__:406 - Down block 2
2026-05-29 08:08:48.700 | INFO     | models.demos.wormhole.stable_diffusion.tt.ttnn_functional_unet_2d_condition_model_new_conv:__call__:406 - Down block 3
2026-05-29 08:08:48.701 | INFO     | models.demos.wormhole.stable_diffusion.tt.ttnn_functional_unet_2d_condition_model_new_conv:__call__:460 - Mid block
2026-05-29 08:08:48.701 | warning  |              Op | Mismatch between computed MemoryConfig(memory_layout=TensorMemoryLayout::BLOCK_SHARDED,buffer_type=BufferType::L1,shard_spec=ShardSpec(grid={[(x=0,y=0) - (x=7,y=3)]},shape={32, 160},orientation=ShardOrientation::ROW_MAJOR),nd_shard_spec=NdShardSpec(shard_shape=Shape([32, 160]),grid={[(x=0,y=0) - (x=7,y=3)]},orientation=ShardOrientation::ROW_MAJOR,shard_distribution_strategy=ShardDistributionStrategy::GRID_2D),created_with_nd_shard_spec=0) and provided MemoryConfig(memory_layout=TensorMemoryLayout::BLOCK_SHARDED,buffer_type=BufferType::L1,shard_spec=ShardSpec(grid={[(x=0,y=0) - (x=7,y=7)]},shape={32, 160},orientation=ShardOrientation::ROW_MAJOR),nd_shard_spec=std::nullopt,created_with_nd_shard_spec=0) mem config. Using computed config. (matmul_op.cpp:1674)
2026-05-29 08:08:48.703 | INFO     | models.demos.wormhole.stable_diffusion.tt.ttnn_functional_unet_2d_condition_model_new_conv:__call__:491 - Up block 0
2026-05-29 08:08:48.704 | INFO     | models.demos.wormhole.stable_diffusion.tt.ttnn_functional_unet_2d_condition_model_new_conv:__call__:491 - Up block 1
2026-05-29 08:08:48.709 | INFO     | models.demos.wormhole.stable_diffusion.tt.ttnn_functional_unet_2d_condition_model_new_conv:__call__:491 - Up block 2
2026-05-29 08:08:48.717 | INFO     | models.demos.wormhole.stable_diffusion.tt.ttnn_functional_unet_2d_condition_model_new_conv:__call__:491 - Up block 3
2026-05-29 08:08:48.737 | INFO     | models.demos.wormhole.stable_diffusion.tt.ttnn_functional_unet_2d_condition_model_new_conv:__call__:406 - Down block 0
2026-05-29 08:08:48.743 | info     |              Op | act_block_h_override 2 is not a valid override for padded_output_height_ntiles_per_core 7, instead 1 was selected as closest valid option! (conv2d_utils.cpp:401)
2026-05-29 08:08:48.743 | INFO     | models.demos.wormhole.stable_diffusion.tt.ttnn_functional_unet_2d_condition_model_new_conv:__call__:406 - Down block 1
2026-05-29 08:08:48.748 | INFO     | models.demos.wormhole.stable_diffusion.tt.ttnn_functional_unet_2d_condition_model_new_conv:__call__:406 - Down block 2
2026-05-29 08:08:48.752 | INFO     | models.demos.wormhole.stable_diffusion.tt.ttnn_functional_unet_2d_condition_model_new_conv:__call__:406 - Down block 3
2026-05-29 08:08:48.752 | INFO     | models.demos.wormhole.stable_diffusion.tt.ttnn_functional_unet_2d_condition_model_new_conv:__call__:460 - Mid block
2026-05-29 08:08:48.753 | warning  |              Op | Mismatch between computed MemoryConfig(memory_layout=TensorMemoryLayout::BLOCK_SHARDED,buffer_type=BufferType::L1,shard_spec=ShardSpec(grid={[(x=0,y=0) - (x=7,y=3)]},shape={32, 160},orientation=ShardOrientation::ROW_MAJOR),nd_shard_spec=NdShardSpec(shard_shape=Shape([32, 160]),grid={[(x=0,y=0) - (x=7,y=3)]},orientation=ShardOrientation::ROW_MAJOR,shard_distribution_strategy=ShardDistributionStrategy::GRID_2D),created_with_nd_shard_spec=0) and provided MemoryConfig(memory_layout=TensorMemoryLayout::BLOCK_SHARDED,buffer_type=BufferType::L1,shard_spec=ShardSpec(grid={[(x=0,y=0) - (x=7,y=7)]},shape={32, 160},orientation=ShardOrientation::ROW_MAJOR),nd_shard_spec=std::nullopt,created_with_nd_shard_spec=0) mem config. Using computed config. (matmul_op.cpp:1674)
2026-05-29 08:08:48.754 | INFO     | models.demos.wormhole.stable_diffusion.tt.ttnn_functional_unet_2d_condition_model_new_conv:__call__:491 - Up block 0
2026-05-29 08:08:48.755 | INFO     | models.demos.wormhole.stable_diffusion.tt.ttnn_functional_unet_2d_condition_model_new_conv:__call__:491 - Up block 1
2026-05-29 08:08:48.760 | INFO     | models.demos.wormhole.stable_diffusion.tt.ttnn_functional_unet_2d_condition_model_new_conv:__call__:491 - Up block 2
2026-05-29 08:08:48.768 | INFO     | models.demos.wormhole.stable_diffusion.tt.ttnn_functional_unet_2d_condition_model_new_conv:__call__:491 - Up block 3
2026-05-29 08:08:48.789 | INFO     | models.demos.wormhole.stable_diffusion.tt.ttnn_functional_unet_2d_condition_model_new_conv:__call__:406 - Down block 0
2026-05-29 08:08:48.795 | info     |              Op | act_block_h_override 2 is not a valid override for padded_output_height_ntiles_per_core 7, instead 1 was selected as closest valid option! (conv2d_utils.cpp:401)
2026-05-29 08:08:48.795 | INFO     | models.demos.wormhole.stable_diffusion.tt.ttnn_functional_unet_2d_condition_model_new_conv:__call__:406 - Down block 1
2026-05-29 08:08:48.800 | INFO     | models.demos.wormhole.stable_diffusion.tt.ttnn_functional_unet_2d_condition_model_new_conv:__call__:406 - Down block 2
2026-05-29 08:08:48.804 | INFO     | models.demos.wormhole.stable_diffusion.tt.ttnn_functional_unet_2d_condition_model_new_conv:__call__:406 - Down block 3
2026-05-29 08:08:48.805 | INFO     | models.demos.wormhole.stable_diffusion.tt.ttnn_functional_unet_2d_condition_model_new_conv:__call__:460 - Mid block
2026-05-29 08:08:48.805 | warning  |              Op | Mismatch between computed MemoryConfig(memory_layout=TensorMemoryLayout::BLOCK_SHARDED,buffer_type=BufferType::L1,shard_spec=ShardSpec(grid={[(x=0,y=0) - (x=7,y=3)]},shape={32, 160},orientation=ShardOrientation::ROW_MAJOR),nd_shard_spec=NdShardSpec(shard_shape=Shape([32, 160]),grid={[(x=0,y=0) - (x=7,y=3)]},orientation=ShardOrientation::ROW_MAJOR,shard_distribution_strategy=ShardDistributionStrategy::GRID_2D),created_with_nd_shard_spec=0) and provided MemoryConfig(memory_layout=TensorMemoryLayout::BLOCK_SHARDED,buffer_type=BufferType::L1,shard_spec=ShardSpec(grid={[(x=0,y=0) - (x=7,y=7)]},shape={32, 160},orientation=ShardOrientation::ROW_MAJOR),nd_shard_spec=std::nullopt,created_with_nd_shard_spec=0) mem config. Using computed config. (matmul_op.cpp:1674)
2026-05-29 08:08:48.806 | INFO     | models.demos.wormhole.stable_diffusion.tt.ttnn_functional_unet_2d_condition_model_new_conv:__call__:491 - Up block 0
2026-05-29 08:08:48.808 | INFO     | models.demos.wormhole.stable_diffusion.tt.ttnn_functional_unet_2d_condition_model_new_conv:__call__:491 - Up block 1
2026-05-29 08:08:48.813 | INFO     | models.demos.wormhole.stable_diffusion.tt.ttnn_functional_unet_2d_condition_model_new_conv:__call__:491 - Up block 2
2026-05-29 08:08:48.821 | INFO     | models.demos.wormhole.stable_diffusion.tt.ttnn_functional_unet_2d_condition_model_new_conv:__call__:491 - Up block 3
2026-05-29 08:08:48.841 | INFO     | models.demos.wormhole.stable_diffusion.tt.ttnn_functional_unet_2d_condition_model_new_conv:__call__:406 - Down block 0
2026-05-29 08:08:48.847 | info     |              Op | act_block_h_override 2 is not a valid override for padded_output_height_ntiles_per_core 7, instead 1 was selected as closest valid option! (conv2d_utils.cpp:401)
2026-05-29 08:08:48.847 | INFO     | models.demos.wormhole.stable_diffusion.tt.ttnn_functional_unet_2d_condition_model_new_conv:__call__:406 - Down block 1
2026-05-29 08:08:48.852 | INFO     | models.demos.wormhole.stable_diffusion.tt.ttnn_functional_unet_2d_condition_model_new_conv:__call__:406 - Down block 2
2026-05-29 08:08:48.856 | INFO     | models.demos.wormhole.stable_diffusion.tt.ttnn_functional_unet_2d_condition_model_new_conv:__call__:406 - Down block 3
2026-05-29 08:08:48.856 | INFO     | models.demos.wormhole.stable_diffusion.tt.ttnn_functional_unet_2d_condition_model_new_conv:__call__:460 - Mid block
2026-05-29 08:08:48.857 | warning  |              Op | Mismatch between computed MemoryConfig(memory_layout=TensorMemoryLayout::BLOCK_SHARDED,buffer_type=BufferType::L1,shard_spec=ShardSpec(grid={[(x=0,y=0) - (x=7,y=3)]},shape={32, 160},orientation=ShardOrientation::ROW_MAJOR),nd_shard_spec=NdShardSpec(shard_shape=Shape([32, 160]),grid={[(x=0,y=0) - (x=7,y=3)]},orientation=ShardOrientation::ROW_MAJOR,shard_distribution_strategy=ShardDistributionStrategy::GRID_2D),created_with_nd_shard_spec=0) and provided MemoryConfig(memory_layout=TensorMemoryLayout::BLOCK_SHARDED,buffer_type=BufferType::L1,shard_spec=ShardSpec(grid={[(x=0,y=0) - (x=7,y=7)]},shape={32, 160},orientation=ShardOrientation::ROW_MAJOR),nd_shard_spec=std::nullopt,created_with_nd_shard_spec=0) mem config. Using computed config. (matmul_op.cpp:1674)
2026-05-29 08:08:48.858 | INFO     | models.demos.wormhole.stable_diffusion.tt.ttnn_functional_unet_2d_condition_model_new_conv:__call__:491 - Up block 0
2026-05-29 08:08:48.860 | INFO     | models.demos.wormhole.stable_diffusion.tt.ttnn_functional_unet_2d_condition_model_new_conv:__call__:491 - Up block 1
2026-05-29 08:08:48.864 | INFO     | models.demos.wormhole.stable_diffusion.tt.ttnn_functional_unet_2d_condition_model_new_conv:__call__:491 - Up block 2
2026-05-29 08:08:48.872 | INFO     | models.demos.wormhole.stable_diffusion.tt.ttnn_functional_unet_2d_condition_model_new_conv:__call__:491 - Up block 3
2026-05-29 08:08:48.893 | INFO     | models.demos.wormhole.stable_diffusion.tt.ttnn_functional_unet_2d_condition_model_new_conv:__call__:406 - Down block 0
2026-05-29 08:08:48.898 | info     |              Op | act_block_h_override 2 is not a valid override for padded_output_height_ntiles_per_core 7, instead 1 was selected as closest valid option! (conv2d_utils.cpp:401)
2026-05-29 08:08:48.899 | INFO     | models.demos.wormhole.stable_diffusion.tt.ttnn_functional_unet_2d_condition_model_new_conv:__call__:406 - Down block 1
2026-05-29 08:08:48.904 | INFO     | models.demos.wormhole.stable_diffusion.tt.ttnn_functional_unet_2d_condition_model_new_conv:__call__:406 - Down block 2
2026-05-29 08:08:48.907 | INFO     | models.demos.wormhole.stable_diffusion.tt.ttnn_functional_unet_2d_condition_model_new_conv:__call__:406 - Down block 3
2026-05-29 08:08:48.908 | INFO     | models.demos.wormhole.stable_diffusion.tt.ttnn_functional_unet_2d_condition_model_new_conv:__call__:460 - Mid block
2026-05-29 08:08:48.908 | warning  |              Op | Mismatch between computed MemoryConfig(memory_layout=TensorMemoryLayout::BLOCK_SHARDED,buffer_type=BufferType::L1,shard_spec=ShardSpec(grid={[(x=0,y=0) - (x=7,y=3)]},shape={32, 160},orientation=ShardOrientation::ROW_MAJOR),nd_shard_spec=NdShardSpec(shard_shape=Shape([32, 160]),grid={[(x=0,y=0) - (x=7,y=3)]},orientation=ShardOrientation::ROW_MAJOR,shard_distribution_strategy=ShardDistributionStrategy::GRID_2D),created_with_nd_shard_spec=0) and provided MemoryConfig(memory_layout=TensorMemoryLayout::BLOCK_SHARDED,buffer_type=BufferType::L1,shard_spec=ShardSpec(grid={[(x=0,y=0) - (x=7,y=7)]},shape={32, 160},orientation=ShardOrientation::ROW_MAJOR),nd_shard_spec=std::nullopt,created_with_nd_shard_spec=0) mem config. Using computed config. (matmul_op.cpp:1674)
2026-05-29 08:08:48.910 | INFO     | models.demos.wormhole.stable_diffusion.tt.ttnn_functional_unet_2d_condition_model_new_conv:__call__:491 - Up block 0
2026-05-29 08:08:48.911 | INFO     | models.demos.wormhole.stable_diffusion.tt.ttnn_functional_unet_2d_condition_model_new_conv:__call__:491 - Up block 1
2026-05-29 08:08:48.916 | INFO     | models.demos.wormhole.stable_diffusion.tt.ttnn_functional_unet_2d_condition_model_new_conv:__call__:491 - Up block 2
2026-05-29 08:08:48.924 | INFO     | models.demos.wormhole.stable_diffusion.tt.ttnn_functional_unet_2d_condition_model_new_conv:__call__:491 - Up block 3
  Step 33/41
2026-05-29 08:08:48.947 | INFO     | models.demos.wormhole.stable_diffusion.tt.ttnn_functional_unet_2d_condition_model_new_conv:__call__:406 - Down block 0
2026-05-29 08:08:48.952 | info     |              Op | act_block_h_override 2 is not a valid override for padded_output_height_ntiles_per_core 7, instead 1 was selected as closest valid option! (conv2d_utils.cpp:401)
2026-05-29 08:08:48.953 | INFO     | models.demos.wormhole.stable_diffusion.tt.ttnn_functional_unet_2d_condition_model_new_conv:__call__:406 - Down block 1
2026-05-29 08:08:48.958 | INFO     | models.demos.wormhole.stable_diffusion.tt.ttnn_functional_unet_2d_condition_model_new_conv:__call__:406 - Down block 2
2026-05-29 08:08:48.962 | INFO     | models.demos.wormhole.stable_diffusion.tt.ttnn_functional_unet_2d_condition_model_new_conv:__call__:406 - Down block 3
2026-05-29 08:08:48.963 | INFO     | models.demos.wormhole.stable_diffusion.tt.ttnn_functional_unet_2d_condition_model_new_conv:__call__:460 - Mid block
2026-05-29 08:08:48.963 | warning  |              Op | Mismatch between computed MemoryConfig(memory_layout=TensorMemoryLayout::BLOCK_SHARDED,buffer_type=BufferType::L1,shard_spec=ShardSpec(grid={[(x=0,y=0) - (x=7,y=3)]},shape={32, 160},orientation=ShardOrientation::ROW_MAJOR),nd_shard_spec=NdShardSpec(shard_shape=Shape([32, 160]),grid={[(x=0,y=0) - (x=7,y=3)]},orientation=ShardOrientation::ROW_MAJOR,shard_distribution_strategy=ShardDistributionStrategy::GRID_2D),created_with_nd_shard_spec=0) and provided MemoryConfig(memory_layout=TensorMemoryLayout::BLOCK_SHARDED,buffer_type=BufferType::L1,shard_spec=ShardSpec(grid={[(x=0,y=0) - (x=7,y=7)]},shape={32, 160},orientation=ShardOrientation::ROW_MAJOR),nd_shard_spec=std::nullopt,created_with_nd_shard_spec=0) mem config. Using computed config. (matmul_op.cpp:1674)
2026-05-29 08:08:48.965 | INFO     | models.demos.wormhole.stable_diffusion.tt.ttnn_functional_unet_2d_condition_model_new_conv:__call__:491 - Up block 0
2026-05-29 08:08:48.966 | INFO     | models.demos.wormhole.stable_diffusion.tt.ttnn_functional_unet_2d_condition_model_new_conv:__call__:491 - Up block 1
2026-05-29 08:08:48.971 | INFO     | models.demos.wormhole.stable_diffusion.tt.ttnn_functional_unet_2d_condition_model_new_conv:__call__:491 - Up block 2
2026-05-29 08:08:48.979 | INFO     | models.demos.wormhole.stable_diffusion.tt.ttnn_functional_unet_2d_condition_model_new_conv:__call__:491 - Up block 3
2026-05-29 08:08:48.999 | INFO     | models.demos.wormhole.stable_diffusion.tt.ttnn_functional_unet_2d_condition_model_new_conv:__call__:406 - Down block 0
2026-05-29 08:08:49.005 | info     |              Op | act_block_h_override 2 is not a valid override for padded_output_height_ntiles_per_core 7, instead 1 was selected as closest valid option! (conv2d_utils.cpp:401)
2026-05-29 08:08:49.005 | INFO     | models.demos.wormhole.stable_diffusion.tt.ttnn_functional_unet_2d_condition_model_new_conv:__call__:406 - Down block 1
2026-05-29 08:08:49.011 | INFO     | models.demos.wormhole.stable_diffusion.tt.ttnn_functional_unet_2d_condition_model_new_conv:__call__:406 - Down block 2
2026-05-29 08:08:49.014 | INFO     | models.demos.wormhole.stable_diffusion.tt.ttnn_functional_unet_2d_condition_model_new_conv:__call__:406 - Down block 3
2026-05-29 08:08:49.015 | INFO     | models.demos.wormhole.stable_diffusion.tt.ttnn_functional_unet_2d_condition_model_new_conv:__call__:460 - Mid block
2026-05-29 08:08:49.015 | warning  |              Op | Mismatch between computed MemoryConfig(memory_layout=TensorMemoryLayout::BLOCK_SHARDED,buffer_type=BufferType::L1,shard_spec=ShardSpec(grid={[(x=0,y=0) - (x=7,y=3)]},shape={32, 160},orientation=ShardOrientation::ROW_MAJOR),nd_shard_spec=NdShardSpec(shard_shape=Shape([32, 160]),grid={[(x=0,y=0) - (x=7,y=3)]},orientation=ShardOrientation::ROW_MAJOR,shard_distribution_strategy=ShardDistributionStrategy::GRID_2D),created_with_nd_shard_spec=0) and provided MemoryConfig(memory_layout=TensorMemoryLayout::BLOCK_SHARDED,buffer_type=BufferType::L1,shard_spec=ShardSpec(grid={[(x=0,y=0) - (x=7,y=7)]},shape={32, 160},orientation=ShardOrientation::ROW_MAJOR),nd_shard_spec=std::nullopt,created_with_nd_shard_spec=0) mem config. Using computed config. (matmul_op.cpp:1674)
2026-05-29 08:08:49.017 | INFO     | models.demos.wormhole.stable_diffusion.tt.ttnn_functional_unet_2d_condition_model_new_conv:__call__:491 - Up block 0
2026-05-29 08:08:49.018 | INFO     | models.demos.wormhole.stable_diffusion.tt.ttnn_functional_unet_2d_condition_model_new_conv:__call__:491 - Up block 1
2026-05-29 08:08:49.023 | INFO     | models.demos.wormhole.stable_diffusion.tt.ttnn_functional_unet_2d_condition_model_new_conv:__call__:491 - Up block 2
2026-05-29 08:08:49.032 | INFO     | models.demos.wormhole.stable_diffusion.tt.ttnn_functional_unet_2d_condition_model_new_conv:__call__:491 - Up block 3
2026-05-29 08:08:49.052 | INFO     | models.demos.wormhole.stable_diffusion.tt.ttnn_functional_unet_2d_condition_model_new_conv:__call__:406 - Down block 0
2026-05-29 08:08:49.057 | info     |              Op | act_block_h_override 2 is not a valid override for padded_output_height_ntiles_per_core 7, instead 1 was selected as closest valid option! (conv2d_utils.cpp:401)
2026-05-29 08:08:49.058 | INFO     | models.demos.wormhole.stable_diffusion.tt.ttnn_functional_unet_2d_condition_model_new_conv:__call__:406 - Down block 1
2026-05-29 08:08:49.063 | INFO     | models.demos.wormhole.stable_diffusion.tt.ttnn_functional_unet_2d_condition_model_new_conv:__call__:406 - Down block 2
2026-05-29 08:08:49.067 | INFO     | models.demos.wormhole.stable_diffusion.tt.ttnn_functional_unet_2d_condition_model_new_conv:__call__:406 - Down block 3
2026-05-29 08:08:49.067 | INFO     | models.demos.wormhole.stable_diffusion.tt.ttnn_functional_unet_2d_condition_model_new_conv:__call__:460 - Mid block
2026-05-29 08:08:49.068 | warning  |              Op | Mismatch between computed MemoryConfig(memory_layout=TensorMemoryLayout::BLOCK_SHARDED,buffer_type=BufferType::L1,shard_spec=ShardSpec(grid={[(x=0,y=0) - (x=7,y=3)]},shape={32, 160},orientation=ShardOrientation::ROW_MAJOR),nd_shard_spec=NdShardSpec(shard_shape=Shape([32, 160]),grid={[(x=0,y=0) - (x=7,y=3)]},orientation=ShardOrientation::ROW_MAJOR,shard_distribution_strategy=ShardDistributionStrategy::GRID_2D),created_with_nd_shard_spec=0) and provided MemoryConfig(memory_layout=TensorMemoryLayout::BLOCK_SHARDED,buffer_type=BufferType::L1,shard_spec=ShardSpec(grid={[(x=0,y=0) - (x=7,y=7)]},shape={32, 160},orientation=ShardOrientation::ROW_MAJOR),nd_shard_spec=std::nullopt,created_with_nd_shard_spec=0) mem config. Using computed config. (matmul_op.cpp:1674)
2026-05-29 08:08:49.069 | INFO     | models.demos.wormhole.stable_diffusion.tt.ttnn_functional_unet_2d_condition_model_new_conv:__call__:491 - Up block 0
2026-05-29 08:08:49.071 | INFO     | models.demos.wormhole.stable_diffusion.tt.ttnn_functional_unet_2d_condition_model_new_conv:__call__:491 - Up block 1
2026-05-29 08:08:49.076 | INFO     | models.demos.wormhole.stable_diffusion.tt.ttnn_functional_unet_2d_condition_model_new_conv:__call__:491 - Up block 2
2026-05-29 08:08:49.084 | INFO     | models.demos.wormhole.stable_diffusion.tt.ttnn_functional_unet_2d_condition_model_new_conv:__call__:491 - Up block 3
2026-05-29 08:08:49.104 | INFO     | models.demos.wormhole.stable_diffusion.tt.ttnn_functional_unet_2d_condition_model_new_conv:__call__:406 - Down block 0
2026-05-29 08:08:49.110 | info     |              Op | act_block_h_override 2 is not a valid override for padded_output_height_ntiles_per_core 7, instead 1 was selected as closest valid option! (conv2d_utils.cpp:401)
2026-05-29 08:08:49.110 | INFO     | models.demos.wormhole.stable_diffusion.tt.ttnn_functional_unet_2d_condition_model_new_conv:__call__:406 - Down block 1
2026-05-29 08:08:49.115 | INFO     | models.demos.wormhole.stable_diffusion.tt.ttnn_functional_unet_2d_condition_model_new_conv:__call__:406 - Down block 2
2026-05-29 08:08:49.118 | INFO     | models.demos.wormhole.stable_diffusion.tt.ttnn_functional_unet_2d_condition_model_new_conv:__call__:406 - Down block 3
2026-05-29 08:08:49.119 | INFO     | models.demos.wormhole.stable_diffusion.tt.ttnn_functional_unet_2d_condition_model_new_conv:__call__:460 - Mid block
2026-05-29 08:08:49.120 | warning  |              Op | Mismatch between computed MemoryConfig(memory_layout=TensorMemoryLayout::BLOCK_SHARDED,buffer_type=BufferType::L1,shard_spec=ShardSpec(grid={[(x=0,y=0) - (x=7,y=3)]},shape={32, 160},orientation=ShardOrientation::ROW_MAJOR),nd_shard_spec=NdShardSpec(shard_shape=Shape([32, 160]),grid={[(x=0,y=0) - (x=7,y=3)]},orientation=ShardOrientation::ROW_MAJOR,shard_distribution_strategy=ShardDistributionStrategy::GRID_2D),created_with_nd_shard_spec=0) and provided MemoryConfig(memory_layout=TensorMemoryLayout::BLOCK_SHARDED,buffer_type=BufferType::L1,shard_spec=ShardSpec(grid={[(x=0,y=0) - (x=7,y=7)]},shape={32, 160},orientation=ShardOrientation::ROW_MAJOR),nd_shard_spec=std::nullopt,created_with_nd_shard_spec=0) mem config. Using computed config. (matmul_op.cpp:1674)
2026-05-29 08:08:49.121 | INFO     | models.demos.wormhole.stable_diffusion.tt.ttnn_functional_unet_2d_condition_model_new_conv:__call__:491 - Up block 0
2026-05-29 08:08:49.122 | INFO     | models.demos.wormhole.stable_diffusion.tt.ttnn_functional_unet_2d_condition_model_new_conv:__call__:491 - Up block 1
2026-05-29 08:08:49.127 | INFO     | models.demos.wormhole.stable_diffusion.tt.ttnn_functional_unet_2d_condition_model_new_conv:__call__:491 - Up block 2
2026-05-29 08:08:49.135 | INFO     | models.demos.wormhole.stable_diffusion.tt.ttnn_functional_unet_2d_condition_model_new_conv:__call__:491 - Up block 3
2026-05-29 08:08:49.156 | INFO     | models.demos.wormhole.stable_diffusion.tt.ttnn_functional_unet_2d_condition_model_new_conv:__call__:406 - Down block 0
2026-05-29 08:08:49.161 | info     |              Op | act_block_h_override 2 is not a valid override for padded_output_height_ntiles_per_core 7, instead 1 was selected as closest valid option! (conv2d_utils.cpp:401)
2026-05-29 08:08:49.162 | INFO     | models.demos.wormhole.stable_diffusion.tt.ttnn_functional_unet_2d_condition_model_new_conv:__call__:406 - Down block 1
2026-05-29 08:08:49.167 | INFO     | models.demos.wormhole.stable_diffusion.tt.ttnn_functional_unet_2d_condition_model_new_conv:__call__:406 - Down block 2
2026-05-29 08:08:49.170 | INFO     | models.demos.wormhole.stable_diffusion.tt.ttnn_functional_unet_2d_condition_model_new_conv:__call__:406 - Down block 3
2026-05-29 08:08:49.171 | INFO     | models.demos.wormhole.stable_diffusion.tt.ttnn_functional_unet_2d_condition_model_new_conv:__call__:460 - Mid block
2026-05-29 08:08:49.172 | warning  |              Op | Mismatch between computed MemoryConfig(memory_layout=TensorMemoryLayout::BLOCK_SHARDED,buffer_type=BufferType::L1,shard_spec=ShardSpec(grid={[(x=0,y=0) - (x=7,y=3)]},shape={32, 160},orientation=ShardOrientation::ROW_MAJOR),nd_shard_spec=NdShardSpec(shard_shape=Shape([32, 160]),grid={[(x=0,y=0) - (x=7,y=3)]},orientation=ShardOrientation::ROW_MAJOR,shard_distribution_strategy=ShardDistributionStrategy::GRID_2D),created_with_nd_shard_spec=0) and provided MemoryConfig(memory_layout=TensorMemoryLayout::BLOCK_SHARDED,buffer_type=BufferType::L1,shard_spec=ShardSpec(grid={[(x=0,y=0) - (x=7,y=7)]},shape={32, 160},orientation=ShardOrientation::ROW_MAJOR),nd_shard_spec=std::nullopt,created_with_nd_shard_spec=0) mem config. Using computed config. (matmul_op.cpp:1674)
2026-05-29 08:08:49.173 | INFO     | models.demos.wormhole.stable_diffusion.tt.ttnn_functional_unet_2d_condition_model_new_conv:__call__:491 - Up block 0
2026-05-29 08:08:49.174 | INFO     | models.demos.wormhole.stable_diffusion.tt.ttnn_functional_unet_2d_condition_model_new_conv:__call__:491 - Up block 1
2026-05-29 08:08:49.179 | INFO     | models.demos.wormhole.stable_diffusion.tt.ttnn_functional_unet_2d_condition_model_new_conv:__call__:491 - Up block 2
2026-05-29 08:08:49.187 | INFO     | models.demos.wormhole.stable_diffusion.tt.ttnn_functional_unet_2d_condition_model_new_conv:__call__:491 - Up block 3
2026-05-29 08:08:49.208 | INFO     | models.demos.wormhole.stable_diffusion.tt.ttnn_functional_unet_2d_condition_model_new_conv:__call__:406 - Down block 0
2026-05-29 08:08:49.213 | info     |              Op | act_block_h_override 2 is not a valid override for padded_output_height_ntiles_per_core 7, instead 1 was selected as closest valid option! (conv2d_utils.cpp:401)
2026-05-29 08:08:49.213 | INFO     | models.demos.wormhole.stable_diffusion.tt.ttnn_functional_unet_2d_condition_model_new_conv:__call__:406 - Down block 1
2026-05-29 08:08:49.219 | INFO     | models.demos.wormhole.stable_diffusion.tt.ttnn_functional_unet_2d_condition_model_new_conv:__call__:406 - Down block 2
2026-05-29 08:08:49.222 | INFO     | models.demos.wormhole.stable_diffusion.tt.ttnn_functional_unet_2d_condition_model_new_conv:__call__:406 - Down block 3
2026-05-29 08:08:49.223 | INFO     | models.demos.wormhole.stable_diffusion.tt.ttnn_functional_unet_2d_condition_model_new_conv:__call__:460 - Mid block
2026-05-29 08:08:49.223 | warning  |              Op | Mismatch between computed MemoryConfig(memory_layout=TensorMemoryLayout::BLOCK_SHARDED,buffer_type=BufferType::L1,shard_spec=ShardSpec(grid={[(x=0,y=0) - (x=7,y=3)]},shape={32, 160},orientation=ShardOrientation::ROW_MAJOR),nd_shard_spec=NdShardSpec(shard_shape=Shape([32, 160]),grid={[(x=0,y=0) - (x=7,y=3)]},orientation=ShardOrientation::ROW_MAJOR,shard_distribution_strategy=ShardDistributionStrategy::GRID_2D),created_with_nd_shard_spec=0) and provided MemoryConfig(memory_layout=TensorMemoryLayout::BLOCK_SHARDED,buffer_type=BufferType::L1,shard_spec=ShardSpec(grid={[(x=0,y=0) - (x=7,y=7)]},shape={32, 160},orientation=ShardOrientation::ROW_MAJOR),nd_shard_spec=std::nullopt,created_with_nd_shard_spec=0) mem config. Using computed config. (matmul_op.cpp:1674)
2026-05-29 08:08:49.225 | INFO     | models.demos.wormhole.stable_diffusion.tt.ttnn_functional_unet_2d_condition_model_new_conv:__call__:491 - Up block 0
2026-05-29 08:08:49.226 | INFO     | models.demos.wormhole.stable_diffusion.tt.ttnn_functional_unet_2d_condition_model_new_conv:__call__:491 - Up block 1
2026-05-29 08:08:49.231 | INFO     | models.demos.wormhole.stable_diffusion.tt.ttnn_functional_unet_2d_condition_model_new_conv:__call__:491 - Up block 2
2026-05-29 08:08:49.239 | INFO     | models.demos.wormhole.stable_diffusion.tt.ttnn_functional_unet_2d_condition_model_new_conv:__call__:491 - Up block 3
2026-05-29 08:08:49.259 | INFO     | models.demos.wormhole.stable_diffusion.tt.ttnn_functional_unet_2d_condition_model_new_conv:__call__:406 - Down block 0
2026-05-29 08:08:49.265 | info     |              Op | act_block_h_override 2 is not a valid override for padded_output_height_ntiles_per_core 7, instead 1 was selected as closest valid option! (conv2d_utils.cpp:401)
2026-05-29 08:08:49.265 | INFO     | models.demos.wormhole.stable_diffusion.tt.ttnn_functional_unet_2d_condition_model_new_conv:__call__:406 - Down block 1
2026-05-29 08:08:49.271 | INFO     | models.demos.wormhole.stable_diffusion.tt.ttnn_functional_unet_2d_condition_model_new_conv:__call__:406 - Down block 2
2026-05-29 08:08:49.274 | INFO     | models.demos.wormhole.stable_diffusion.tt.ttnn_functional_unet_2d_condition_model_new_conv:__call__:406 - Down block 3
2026-05-29 08:08:49.275 | INFO     | models.demos.wormhole.stable_diffusion.tt.ttnn_functional_unet_2d_condition_model_new_conv:__call__:460 - Mid block
2026-05-29 08:08:49.275 | warning  |              Op | Mismatch between computed MemoryConfig(memory_layout=TensorMemoryLayout::BLOCK_SHARDED,buffer_type=BufferType::L1,shard_spec=ShardSpec(grid={[(x=0,y=0) - (x=7,y=3)]},shape={32, 160},orientation=ShardOrientation::ROW_MAJOR),nd_shard_spec=NdShardSpec(shard_shape=Shape([32, 160]),grid={[(x=0,y=0) - (x=7,y=3)]},orientation=ShardOrientation::ROW_MAJOR,shard_distribution_strategy=ShardDistributionStrategy::GRID_2D),created_with_nd_shard_spec=0) and provided MemoryConfig(memory_layout=TensorMemoryLayout::BLOCK_SHARDED,buffer_type=BufferType::L1,shard_spec=ShardSpec(grid={[(x=0,y=0) - (x=7,y=7)]},shape={32, 160},orientation=ShardOrientation::ROW_MAJOR),nd_shard_spec=std::nullopt,created_with_nd_shard_spec=0) mem config. Using computed config. (matmul_op.cpp:1674)
2026-05-29 08:08:49.277 | INFO     | models.demos.wormhole.stable_diffusion.tt.ttnn_functional_unet_2d_condition_model_new_conv:__call__:491 - Up block 0
2026-05-29 08:08:49.278 | INFO     | models.demos.wormhole.stable_diffusion.tt.ttnn_functional_unet_2d_condition_model_new_conv:__call__:491 - Up block 1
2026-05-29 08:08:49.283 | INFO     | models.demos.wormhole.stable_diffusion.tt.ttnn_functional_unet_2d_condition_model_new_conv:__call__:491 - Up block 2
2026-05-29 08:08:49.291 | INFO     | models.demos.wormhole.stable_diffusion.tt.ttnn_functional_unet_2d_condition_model_new_conv:__call__:491 - Up block 3
2026-05-29 08:08:49.311 | INFO     | models.demos.wormhole.stable_diffusion.tt.ttnn_functional_unet_2d_condition_model_new_conv:__call__:406 - Down block 0
2026-05-29 08:08:49.317 | info     |              Op | act_block_h_override 2 is not a valid override for padded_output_height_ntiles_per_core 7, instead 1 was selected as closest valid option! (conv2d_utils.cpp:401)
2026-05-29 08:08:49.317 | INFO     | models.demos.wormhole.stable_diffusion.tt.ttnn_functional_unet_2d_condition_model_new_conv:__call__:406 - Down block 1
2026-05-29 08:08:49.322 | INFO     | models.demos.wormhole.stable_diffusion.tt.ttnn_functional_unet_2d_condition_model_new_conv:__call__:406 - Down block 2
2026-05-29 08:08:49.326 | INFO     | models.demos.wormhole.stable_diffusion.tt.ttnn_functional_unet_2d_condition_model_new_conv:__call__:406 - Down block 3
2026-05-29 08:08:49.326 | INFO     | models.demos.wormhole.stable_diffusion.tt.ttnn_functional_unet_2d_condition_model_new_conv:__call__:460 - Mid block
2026-05-29 08:08:49.327 | warning  |              Op | Mismatch between computed MemoryConfig(memory_layout=TensorMemoryLayout::BLOCK_SHARDED,buffer_type=BufferType::L1,shard_spec=ShardSpec(grid={[(x=0,y=0) - (x=7,y=3)]},shape={32, 160},orientation=ShardOrientation::ROW_MAJOR),nd_shard_spec=NdShardSpec(shard_shape=Shape([32, 160]),grid={[(x=0,y=0) - (x=7,y=3)]},orientation=ShardOrientation::ROW_MAJOR,shard_distribution_strategy=ShardDistributionStrategy::GRID_2D),created_with_nd_shard_spec=0) and provided MemoryConfig(memory_layout=TensorMemoryLayout::BLOCK_SHARDED,buffer_type=BufferType::L1,shard_spec=ShardSpec(grid={[(x=0,y=0) - (x=7,y=7)]},shape={32, 160},orientation=ShardOrientation::ROW_MAJOR),nd_shard_spec=std::nullopt,created_with_nd_shard_spec=0) mem config. Using computed config. (matmul_op.cpp:1674)
2026-05-29 08:08:49.328 | INFO     | models.demos.wormhole.stable_diffusion.tt.ttnn_functional_unet_2d_condition_model_new_conv:__call__:491 - Up block 0
2026-05-29 08:08:49.330 | INFO     | models.demos.wormhole.stable_diffusion.tt.ttnn_functional_unet_2d_condition_model_new_conv:__call__:491 - Up block 1
2026-05-29 08:08:49.334 | INFO     | models.demos.wormhole.stable_diffusion.tt.ttnn_functional_unet_2d_condition_model_new_conv:__call__:491 - Up block 2
2026-05-29 08:08:49.343 | INFO     | models.demos.wormhole.stable_diffusion.tt.ttnn_functional_unet_2d_condition_model_new_conv:__call__:491 - Up block 3
  Step 34/41
2026-05-29 08:08:49.365 | INFO     | models.demos.wormhole.stable_diffusion.tt.ttnn_functional_unet_2d_condition_model_new_conv:__call__:406 - Down block 0
2026-05-29 08:08:49.371 | info     |              Op | act_block_h_override 2 is not a valid override for padded_output_height_ntiles_per_core 7, instead 1 was selected as closest valid option! (conv2d_utils.cpp:401)
2026-05-29 08:08:49.371 | INFO     | models.demos.wormhole.stable_diffusion.tt.ttnn_functional_unet_2d_condition_model_new_conv:__call__:406 - Down block 1
2026-05-29 08:08:49.377 | INFO     | models.demos.wormhole.stable_diffusion.tt.ttnn_functional_unet_2d_condition_model_new_conv:__call__:406 - Down block 2
2026-05-29 08:08:49.380 | INFO     | models.demos.wormhole.stable_diffusion.tt.ttnn_functional_unet_2d_condition_model_new_conv:__call__:406 - Down block 3
2026-05-29 08:08:49.381 | INFO     | models.demos.wormhole.stable_diffusion.tt.ttnn_functional_unet_2d_condition_model_new_conv:__call__:460 - Mid block
2026-05-29 08:08:49.381 | warning  |              Op | Mismatch between computed MemoryConfig(memory_layout=TensorMemoryLayout::BLOCK_SHARDED,buffer_type=BufferType::L1,shard_spec=ShardSpec(grid={[(x=0,y=0) - (x=7,y=3)]},shape={32, 160},orientation=ShardOrientation::ROW_MAJOR),nd_shard_spec=NdShardSpec(shard_shape=Shape([32, 160]),grid={[(x=0,y=0) - (x=7,y=3)]},orientation=ShardOrientation::ROW_MAJOR,shard_distribution_strategy=ShardDistributionStrategy::GRID_2D),created_with_nd_shard_spec=0) and provided MemoryConfig(memory_layout=TensorMemoryLayout::BLOCK_SHARDED,buffer_type=BufferType::L1,shard_spec=ShardSpec(grid={[(x=0,y=0) - (x=7,y=7)]},shape={32, 160},orientation=ShardOrientation::ROW_MAJOR),nd_shard_spec=std::nullopt,created_with_nd_shard_spec=0) mem config. Using computed config. (matmul_op.cpp:1674)
2026-05-29 08:08:49.383 | INFO     | models.demos.wormhole.stable_diffusion.tt.ttnn_functional_unet_2d_condition_model_new_conv:__call__:491 - Up block 0
2026-05-29 08:08:49.384 | INFO     | models.demos.wormhole.stable_diffusion.tt.ttnn_functional_unet_2d_condition_model_new_conv:__call__:491 - Up block 1
2026-05-29 08:08:49.389 | INFO     | models.demos.wormhole.stable_diffusion.tt.ttnn_functional_unet_2d_condition_model_new_conv:__call__:491 - Up block 2
2026-05-29 08:08:49.397 | INFO     | models.demos.wormhole.stable_diffusion.tt.ttnn_functional_unet_2d_condition_model_new_conv:__call__:491 - Up block 3
2026-05-29 08:08:49.417 | INFO     | models.demos.wormhole.stable_diffusion.tt.ttnn_functional_unet_2d_condition_model_new_conv:__call__:406 - Down block 0
2026-05-29 08:08:49.423 | info     |              Op | act_block_h_override 2 is not a valid override for padded_output_height_ntiles_per_core 7, instead 1 was selected as closest valid option! (conv2d_utils.cpp:401)
2026-05-29 08:08:49.423 | INFO     | models.demos.wormhole.stable_diffusion.tt.ttnn_functional_unet_2d_condition_model_new_conv:__call__:406 - Down block 1
2026-05-29 08:08:49.428 | INFO     | models.demos.wormhole.stable_diffusion.tt.ttnn_functional_unet_2d_condition_model_new_conv:__call__:406 - Down block 2
2026-05-29 08:08:49.432 | INFO     | models.demos.wormhole.stable_diffusion.tt.ttnn_functional_unet_2d_condition_model_new_conv:__call__:406 - Down block 3
2026-05-29 08:08:49.432 | INFO     | models.demos.wormhole.stable_diffusion.tt.ttnn_functional_unet_2d_condition_model_new_conv:__call__:460 - Mid block
2026-05-29 08:08:49.433 | warning  |              Op | Mismatch between computed MemoryConfig(memory_layout=TensorMemoryLayout::BLOCK_SHARDED,buffer_type=BufferType::L1,shard_spec=ShardSpec(grid={[(x=0,y=0) - (x=7,y=3)]},shape={32, 160},orientation=ShardOrientation::ROW_MAJOR),nd_shard_spec=NdShardSpec(shard_shape=Shape([32, 160]),grid={[(x=0,y=0) - (x=7,y=3)]},orientation=ShardOrientation::ROW_MAJOR,shard_distribution_strategy=ShardDistributionStrategy::GRID_2D),created_with_nd_shard_spec=0) and provided MemoryConfig(memory_layout=TensorMemoryLayout::BLOCK_SHARDED,buffer_type=BufferType::L1,shard_spec=ShardSpec(grid={[(x=0,y=0) - (x=7,y=7)]},shape={32, 160},orientation=ShardOrientation::ROW_MAJOR),nd_shard_spec=std::nullopt,created_with_nd_shard_spec=0) mem config. Using computed config. (matmul_op.cpp:1674)
2026-05-29 08:08:49.434 | INFO     | models.demos.wormhole.stable_diffusion.tt.ttnn_functional_unet_2d_condition_model_new_conv:__call__:491 - Up block 0
2026-05-29 08:08:49.435 | INFO     | models.demos.wormhole.stable_diffusion.tt.ttnn_functional_unet_2d_condition_model_new_conv:__call__:491 - Up block 1
2026-05-29 08:08:49.440 | INFO     | models.demos.wormhole.stable_diffusion.tt.ttnn_functional_unet_2d_condition_model_new_conv:__call__:491 - Up block 2
2026-05-29 08:08:49.448 | INFO     | models.demos.wormhole.stable_diffusion.tt.ttnn_functional_unet_2d_condition_model_new_conv:__call__:491 - Up block 3
2026-05-29 08:08:49.469 | INFO     | models.demos.wormhole.stable_diffusion.tt.ttnn_functional_unet_2d_condition_model_new_conv:__call__:406 - Down block 0
2026-05-29 08:08:49.475 | info     |              Op | act_block_h_override 2 is not a valid override for padded_output_height_ntiles_per_core 7, instead 1 was selected as closest valid option! (conv2d_utils.cpp:401)
2026-05-29 08:08:49.475 | INFO     | models.demos.wormhole.stable_diffusion.tt.ttnn_functional_unet_2d_condition_model_new_conv:__call__:406 - Down block 1
2026-05-29 08:08:49.480 | INFO     | models.demos.wormhole.stable_diffusion.tt.ttnn_functional_unet_2d_condition_model_new_conv:__call__:406 - Down block 2
2026-05-29 08:08:49.483 | INFO     | models.demos.wormhole.stable_diffusion.tt.ttnn_functional_unet_2d_condition_model_new_conv:__call__:406 - Down block 3
2026-05-29 08:08:49.484 | INFO     | models.demos.wormhole.stable_diffusion.tt.ttnn_functional_unet_2d_condition_model_new_conv:__call__:460 - Mid block
2026-05-29 08:08:49.484 | warning  |              Op | Mismatch between computed MemoryConfig(memory_layout=TensorMemoryLayout::BLOCK_SHARDED,buffer_type=BufferType::L1,shard_spec=ShardSpec(grid={[(x=0,y=0) - (x=7,y=3)]},shape={32, 160},orientation=ShardOrientation::ROW_MAJOR),nd_shard_spec=NdShardSpec(shard_shape=Shape([32, 160]),grid={[(x=0,y=0) - (x=7,y=3)]},orientation=ShardOrientation::ROW_MAJOR,shard_distribution_strategy=ShardDistributionStrategy::GRID_2D),created_with_nd_shard_spec=0) and provided MemoryConfig(memory_layout=TensorMemoryLayout::BLOCK_SHARDED,buffer_type=BufferType::L1,shard_spec=ShardSpec(grid={[(x=0,y=0) - (x=7,y=7)]},shape={32, 160},orientation=ShardOrientation::ROW_MAJOR),nd_shard_spec=std::nullopt,created_with_nd_shard_spec=0) mem config. Using computed config. (matmul_op.cpp:1674)
2026-05-29 08:08:49.486 | INFO     | models.demos.wormhole.stable_diffusion.tt.ttnn_functional_unet_2d_condition_model_new_conv:__call__:491 - Up block 0
2026-05-29 08:08:49.487 | INFO     | models.demos.wormhole.stable_diffusion.tt.ttnn_functional_unet_2d_condition_model_new_conv:__call__:491 - Up block 1
2026-05-29 08:08:49.492 | INFO     | models.demos.wormhole.stable_diffusion.tt.ttnn_functional_unet_2d_condition_model_new_conv:__call__:491 - Up block 2
2026-05-29 08:08:49.500 | INFO     | models.demos.wormhole.stable_diffusion.tt.ttnn_functional_unet_2d_condition_model_new_conv:__call__:491 - Up block 3
2026-05-29 08:08:49.521 | INFO     | models.demos.wormhole.stable_diffusion.tt.ttnn_functional_unet_2d_condition_model_new_conv:__call__:406 - Down block 0
2026-05-29 08:08:49.526 | info     |              Op | act_block_h_override 2 is not a valid override for padded_output_height_ntiles_per_core 7, instead 1 was selected as closest valid option! (conv2d_utils.cpp:401)
2026-05-29 08:08:49.527 | INFO     | models.demos.wormhole.stable_diffusion.tt.ttnn_functional_unet_2d_condition_model_new_conv:__call__:406 - Down block 1
2026-05-29 08:08:49.532 | INFO     | models.demos.wormhole.stable_diffusion.tt.ttnn_functional_unet_2d_condition_model_new_conv:__call__:406 - Down block 2
2026-05-29 08:08:49.536 | INFO     | models.demos.wormhole.stable_diffusion.tt.ttnn_functional_unet_2d_condition_model_new_conv:__call__:406 - Down block 3
2026-05-29 08:08:49.536 | INFO     | models.demos.wormhole.stable_diffusion.tt.ttnn_functional_unet_2d_condition_model_new_conv:__call__:460 - Mid block
2026-05-29 08:08:49.537 | warning  |              Op | Mismatch between computed MemoryConfig(memory_layout=TensorMemoryLayout::BLOCK_SHARDED,buffer_type=BufferType::L1,shard_spec=ShardSpec(grid={[(x=0,y=0) - (x=7,y=3)]},shape={32, 160},orientation=ShardOrientation::ROW_MAJOR),nd_shard_spec=NdShardSpec(shard_shape=Shape([32, 160]),grid={[(x=0,y=0) - (x=7,y=3)]},orientation=ShardOrientation::ROW_MAJOR,shard_distribution_strategy=ShardDistributionStrategy::GRID_2D),created_with_nd_shard_spec=0) and provided MemoryConfig(memory_layout=TensorMemoryLayout::BLOCK_SHARDED,buffer_type=BufferType::L1,shard_spec=ShardSpec(grid={[(x=0,y=0) - (x=7,y=7)]},shape={32, 160},orientation=ShardOrientation::ROW_MAJOR),nd_shard_spec=std::nullopt,created_with_nd_shard_spec=0) mem config. Using computed config. (matmul_op.cpp:1674)
2026-05-29 08:08:49.538 | INFO     | models.demos.wormhole.stable_diffusion.tt.ttnn_functional_unet_2d_condition_model_new_conv:__call__:491 - Up block 0
2026-05-29 08:08:49.539 | INFO     | models.demos.wormhole.stable_diffusion.tt.ttnn_functional_unet_2d_condition_model_new_conv:__call__:491 - Up block 1
2026-05-29 08:08:49.544 | INFO     | models.demos.wormhole.stable_diffusion.tt.ttnn_functional_unet_2d_condition_model_new_conv:__call__:491 - Up block 2
2026-05-29 08:08:49.552 | INFO     | models.demos.wormhole.stable_diffusion.tt.ttnn_functional_unet_2d_condition_model_new_conv:__call__:491 - Up block 3
2026-05-29 08:08:49.573 | INFO     | models.demos.wormhole.stable_diffusion.tt.ttnn_functional_unet_2d_condition_model_new_conv:__call__:406 - Down block 0
2026-05-29 08:08:49.578 | info     |              Op | act_block_h_override 2 is not a valid override for padded_output_height_ntiles_per_core 7, instead 1 was selected as closest valid option! (conv2d_utils.cpp:401)
2026-05-29 08:08:49.578 | INFO     | models.demos.wormhole.stable_diffusion.tt.ttnn_functional_unet_2d_condition_model_new_conv:__call__:406 - Down block 1
2026-05-29 08:08:49.584 | INFO     | models.demos.wormhole.stable_diffusion.tt.ttnn_functional_unet_2d_condition_model_new_conv:__call__:406 - Down block 2
2026-05-29 08:08:49.587 | INFO     | models.demos.wormhole.stable_diffusion.tt.ttnn_functional_unet_2d_condition_model_new_conv:__call__:406 - Down block 3
2026-05-29 08:08:49.588 | INFO     | models.demos.wormhole.stable_diffusion.tt.ttnn_functional_unet_2d_condition_model_new_conv:__call__:460 - Mid block
2026-05-29 08:08:49.588 | warning  |              Op | Mismatch between computed MemoryConfig(memory_layout=TensorMemoryLayout::BLOCK_SHARDED,buffer_type=BufferType::L1,shard_spec=ShardSpec(grid={[(x=0,y=0) - (x=7,y=3)]},shape={32, 160},orientation=ShardOrientation::ROW_MAJOR),nd_shard_spec=NdShardSpec(shard_shape=Shape([32, 160]),grid={[(x=0,y=0) - (x=7,y=3)]},orientation=ShardOrientation::ROW_MAJOR,shard_distribution_strategy=ShardDistributionStrategy::GRID_2D),created_with_nd_shard_spec=0) and provided MemoryConfig(memory_layout=TensorMemoryLayout::BLOCK_SHARDED,buffer_type=BufferType::L1,shard_spec=ShardSpec(grid={[(x=0,y=0) - (x=7,y=7)]},shape={32, 160},orientation=ShardOrientation::ROW_MAJOR),nd_shard_spec=std::nullopt,created_with_nd_shard_spec=0) mem config. Using computed config. (matmul_op.cpp:1674)
2026-05-29 08:08:49.589 | INFO     | models.demos.wormhole.stable_diffusion.tt.ttnn_functional_unet_2d_condition_model_new_conv:__call__:491 - Up block 0
2026-05-29 08:08:49.591 | INFO     | models.demos.wormhole.stable_diffusion.tt.ttnn_functional_unet_2d_condition_model_new_conv:__call__:491 - Up block 1
2026-05-29 08:08:49.596 | INFO     | models.demos.wormhole.stable_diffusion.tt.ttnn_functional_unet_2d_condition_model_new_conv:__call__:491 - Up block 2
2026-05-29 08:08:49.603 | INFO     | models.demos.wormhole.stable_diffusion.tt.ttnn_functional_unet_2d_condition_model_new_conv:__call__:491 - Up block 3
2026-05-29 08:08:49.624 | INFO     | models.demos.wormhole.stable_diffusion.tt.ttnn_functional_unet_2d_condition_model_new_conv:__call__:406 - Down block 0
2026-05-29 08:08:49.630 | info     |              Op | act_block_h_override 2 is not a valid override for padded_output_height_ntiles_per_core 7, instead 1 was selected as closest valid option! (conv2d_utils.cpp:401)
2026-05-29 08:08:49.630 | INFO     | models.demos.wormhole.stable_diffusion.tt.ttnn_functional_unet_2d_condition_model_new_conv:__call__:406 - Down block 1
2026-05-29 08:08:49.636 | INFO     | models.demos.wormhole.stable_diffusion.tt.ttnn_functional_unet_2d_condition_model_new_conv:__call__:406 - Down block 2
2026-05-29 08:08:49.639 | INFO     | models.demos.wormhole.stable_diffusion.tt.ttnn_functional_unet_2d_condition_model_new_conv:__call__:406 - Down block 3
2026-05-29 08:08:49.639 | INFO     | models.demos.wormhole.stable_diffusion.tt.ttnn_functional_unet_2d_condition_model_new_conv:__call__:460 - Mid block
2026-05-29 08:08:49.640 | warning  |              Op | Mismatch between computed MemoryConfig(memory_layout=TensorMemoryLayout::BLOCK_SHARDED,buffer_type=BufferType::L1,shard_spec=ShardSpec(grid={[(x=0,y=0) - (x=7,y=3)]},shape={32, 160},orientation=ShardOrientation::ROW_MAJOR),nd_shard_spec=NdShardSpec(shard_shape=Shape([32, 160]),grid={[(x=0,y=0) - (x=7,y=3)]},orientation=ShardOrientation::ROW_MAJOR,shard_distribution_strategy=ShardDistributionStrategy::GRID_2D),created_with_nd_shard_spec=0) and provided MemoryConfig(memory_layout=TensorMemoryLayout::BLOCK_SHARDED,buffer_type=BufferType::L1,shard_spec=ShardSpec(grid={[(x=0,y=0) - (x=7,y=7)]},shape={32, 160},orientation=ShardOrientation::ROW_MAJOR),nd_shard_spec=std::nullopt,created_with_nd_shard_spec=0) mem config. Using computed config. (matmul_op.cpp:1674)
2026-05-29 08:08:49.641 | INFO     | models.demos.wormhole.stable_diffusion.tt.ttnn_functional_unet_2d_condition_model_new_conv:__call__:491 - Up block 0
2026-05-29 08:08:49.643 | INFO     | models.demos.wormhole.stable_diffusion.tt.ttnn_functional_unet_2d_condition_model_new_conv:__call__:491 - Up block 1
2026-05-29 08:08:49.647 | INFO     | models.demos.wormhole.stable_diffusion.tt.ttnn_functional_unet_2d_condition_model_new_conv:__call__:491 - Up block 2
2026-05-29 08:08:49.656 | INFO     | models.demos.wormhole.stable_diffusion.tt.ttnn_functional_unet_2d_condition_model_new_conv:__call__:491 - Up block 3
2026-05-29 08:08:49.676 | INFO     | models.demos.wormhole.stable_diffusion.tt.ttnn_functional_unet_2d_condition_model_new_conv:__call__:406 - Down block 0
2026-05-29 08:08:49.682 | info     |              Op | act_block_h_override 2 is not a valid override for padded_output_height_ntiles_per_core 7, instead 1 was selected as closest valid option! (conv2d_utils.cpp:401)
2026-05-29 08:08:49.682 | INFO     | models.demos.wormhole.stable_diffusion.tt.ttnn_functional_unet_2d_condition_model_new_conv:__call__:406 - Down block 1
2026-05-29 08:08:49.688 | INFO     | models.demos.wormhole.stable_diffusion.tt.ttnn_functional_unet_2d_condition_model_new_conv:__call__:406 - Down block 2
2026-05-29 08:08:49.691 | INFO     | models.demos.wormhole.stable_diffusion.tt.ttnn_functional_unet_2d_condition_model_new_conv:__call__:406 - Down block 3
2026-05-29 08:08:49.692 | INFO     | models.demos.wormhole.stable_diffusion.tt.ttnn_functional_unet_2d_condition_model_new_conv:__call__:460 - Mid block
2026-05-29 08:08:49.692 | warning  |              Op | Mismatch between computed MemoryConfig(memory_layout=TensorMemoryLayout::BLOCK_SHARDED,buffer_type=BufferType::L1,shard_spec=ShardSpec(grid={[(x=0,y=0) - (x=7,y=3)]},shape={32, 160},orientation=ShardOrientation::ROW_MAJOR),nd_shard_spec=NdShardSpec(shard_shape=Shape([32, 160]),grid={[(x=0,y=0) - (x=7,y=3)]},orientation=ShardOrientation::ROW_MAJOR,shard_distribution_strategy=ShardDistributionStrategy::GRID_2D),created_with_nd_shard_spec=0) and provided MemoryConfig(memory_layout=TensorMemoryLayout::BLOCK_SHARDED,buffer_type=BufferType::L1,shard_spec=ShardSpec(grid={[(x=0,y=0) - (x=7,y=7)]},shape={32, 160},orientation=ShardOrientation::ROW_MAJOR),nd_shard_spec=std::nullopt,created_with_nd_shard_spec=0) mem config. Using computed config. (matmul_op.cpp:1674)
2026-05-29 08:08:49.694 | INFO     | models.demos.wormhole.stable_diffusion.tt.ttnn_functional_unet_2d_condition_model_new_conv:__call__:491 - Up block 0
2026-05-29 08:08:49.695 | INFO     | models.demos.wormhole.stable_diffusion.tt.ttnn_functional_unet_2d_condition_model_new_conv:__call__:491 - Up block 1
2026-05-29 08:08:49.700 | INFO     | models.demos.wormhole.stable_diffusion.tt.ttnn_functional_unet_2d_condition_model_new_conv:__call__:491 - Up block 2
2026-05-29 08:08:49.708 | INFO     | models.demos.wormhole.stable_diffusion.tt.ttnn_functional_unet_2d_condition_model_new_conv:__call__:491 - Up block 3
2026-05-29 08:08:49.728 | INFO     | models.demos.wormhole.stable_diffusion.tt.ttnn_functional_unet_2d_condition_model_new_conv:__call__:406 - Down block 0
2026-05-29 08:08:49.734 | info     |              Op | act_block_h_override 2 is not a valid override for padded_output_height_ntiles_per_core 7, instead 1 was selected as closest valid option! (conv2d_utils.cpp:401)
2026-05-29 08:08:49.734 | INFO     | models.demos.wormhole.stable_diffusion.tt.ttnn_functional_unet_2d_condition_model_new_conv:__call__:406 - Down block 1
2026-05-29 08:08:49.739 | INFO     | models.demos.wormhole.stable_diffusion.tt.ttnn_functional_unet_2d_condition_model_new_conv:__call__:406 - Down block 2
2026-05-29 08:08:49.742 | INFO     | models.demos.wormhole.stable_diffusion.tt.ttnn_functional_unet_2d_condition_model_new_conv:__call__:406 - Down block 3
2026-05-29 08:08:49.743 | INFO     | models.demos.wormhole.stable_diffusion.tt.ttnn_functional_unet_2d_condition_model_new_conv:__call__:460 - Mid block
2026-05-29 08:08:49.744 | warning  |              Op | Mismatch between computed MemoryConfig(memory_layout=TensorMemoryLayout::BLOCK_SHARDED,buffer_type=BufferType::L1,shard_spec=ShardSpec(grid={[(x=0,y=0) - (x=7,y=3)]},shape={32, 160},orientation=ShardOrientation::ROW_MAJOR),nd_shard_spec=NdShardSpec(shard_shape=Shape([32, 160]),grid={[(x=0,y=0) - (x=7,y=3)]},orientation=ShardOrientation::ROW_MAJOR,shard_distribution_strategy=ShardDistributionStrategy::GRID_2D),created_with_nd_shard_spec=0) and provided MemoryConfig(memory_layout=TensorMemoryLayout::BLOCK_SHARDED,buffer_type=BufferType::L1,shard_spec=ShardSpec(grid={[(x=0,y=0) - (x=7,y=7)]},shape={32, 160},orientation=ShardOrientation::ROW_MAJOR),nd_shard_spec=std::nullopt,created_with_nd_shard_spec=0) mem config. Using computed config. (matmul_op.cpp:1674)
2026-05-29 08:08:49.745 | INFO     | models.demos.wormhole.stable_diffusion.tt.ttnn_functional_unet_2d_condition_model_new_conv:__call__:491 - Up block 0
2026-05-29 08:08:49.746 | INFO     | models.demos.wormhole.stable_diffusion.tt.ttnn_functional_unet_2d_condition_model_new_conv:__call__:491 - Up block 1
2026-05-29 08:08:49.751 | INFO     | models.demos.wormhole.stable_diffusion.tt.ttnn_functional_unet_2d_condition_model_new_conv:__call__:491 - Up block 2
2026-05-29 08:08:49.759 | INFO     | models.demos.wormhole.stable_diffusion.tt.ttnn_functional_unet_2d_condition_model_new_conv:__call__:491 - Up block 3
  Step 35/41
2026-05-29 08:08:49.782 | INFO     | models.demos.wormhole.stable_diffusion.tt.ttnn_functional_unet_2d_condition_model_new_conv:__call__:406 - Down block 0
2026-05-29 08:08:49.788 | info     |              Op | act_block_h_override 2 is not a valid override for padded_output_height_ntiles_per_core 7, instead 1 was selected as closest valid option! (conv2d_utils.cpp:401)
2026-05-29 08:08:49.788 | INFO     | models.demos.wormhole.stable_diffusion.tt.ttnn_functional_unet_2d_condition_model_new_conv:__call__:406 - Down block 1
2026-05-29 08:08:49.793 | INFO     | models.demos.wormhole.stable_diffusion.tt.ttnn_functional_unet_2d_condition_model_new_conv:__call__:406 - Down block 2
2026-05-29 08:08:49.797 | INFO     | models.demos.wormhole.stable_diffusion.tt.ttnn_functional_unet_2d_condition_model_new_conv:__call__:406 - Down block 3
2026-05-29 08:08:49.798 | INFO     | models.demos.wormhole.stable_diffusion.tt.ttnn_functional_unet_2d_condition_model_new_conv:__call__:460 - Mid block
2026-05-29 08:08:49.798 | warning  |              Op | Mismatch between computed MemoryConfig(memory_layout=TensorMemoryLayout::BLOCK_SHARDED,buffer_type=BufferType::L1,shard_spec=ShardSpec(grid={[(x=0,y=0) - (x=7,y=3)]},shape={32, 160},orientation=ShardOrientation::ROW_MAJOR),nd_shard_spec=NdShardSpec(shard_shape=Shape([32, 160]),grid={[(x=0,y=0) - (x=7,y=3)]},orientation=ShardOrientation::ROW_MAJOR,shard_distribution_strategy=ShardDistributionStrategy::GRID_2D),created_with_nd_shard_spec=0) and provided MemoryConfig(memory_layout=TensorMemoryLayout::BLOCK_SHARDED,buffer_type=BufferType::L1,shard_spec=ShardSpec(grid={[(x=0,y=0) - (x=7,y=7)]},shape={32, 160},orientation=ShardOrientation::ROW_MAJOR),nd_shard_spec=std::nullopt,created_with_nd_shard_spec=0) mem config. Using computed config. (matmul_op.cpp:1674)
2026-05-29 08:08:49.799 | INFO     | models.demos.wormhole.stable_diffusion.tt.ttnn_functional_unet_2d_condition_model_new_conv:__call__:491 - Up block 0
2026-05-29 08:08:49.801 | INFO     | models.demos.wormhole.stable_diffusion.tt.ttnn_functional_unet_2d_condition_model_new_conv:__call__:491 - Up block 1
2026-05-29 08:08:49.806 | INFO     | models.demos.wormhole.stable_diffusion.tt.ttnn_functional_unet_2d_condition_model_new_conv:__call__:491 - Up block 2
2026-05-29 08:08:49.814 | INFO     | models.demos.wormhole.stable_diffusion.tt.ttnn_functional_unet_2d_condition_model_new_conv:__call__:491 - Up block 3
2026-05-29 08:08:49.834 | INFO     | models.demos.wormhole.stable_diffusion.tt.ttnn_functional_unet_2d_condition_model_new_conv:__call__:406 - Down block 0
2026-05-29 08:08:49.840 | info     |              Op | act_block_h_override 2 is not a valid override for padded_output_height_ntiles_per_core 7, instead 1 was selected as closest valid option! (conv2d_utils.cpp:401)
2026-05-29 08:08:49.840 | INFO     | models.demos.wormhole.stable_diffusion.tt.ttnn_functional_unet_2d_condition_model_new_conv:__call__:406 - Down block 1
2026-05-29 08:08:49.845 | INFO     | models.demos.wormhole.stable_diffusion.tt.ttnn_functional_unet_2d_condition_model_new_conv:__call__:406 - Down block 2
2026-05-29 08:08:49.848 | INFO     | models.demos.wormhole.stable_diffusion.tt.ttnn_functional_unet_2d_condition_model_new_conv:__call__:406 - Down block 3
2026-05-29 08:08:49.849 | INFO     | models.demos.wormhole.stable_diffusion.tt.ttnn_functional_unet_2d_condition_model_new_conv:__call__:460 - Mid block
2026-05-29 08:08:49.850 | warning  |              Op | Mismatch between computed MemoryConfig(memory_layout=TensorMemoryLayout::BLOCK_SHARDED,buffer_type=BufferType::L1,shard_spec=ShardSpec(grid={[(x=0,y=0) - (x=7,y=3)]},shape={32, 160},orientation=ShardOrientation::ROW_MAJOR),nd_shard_spec=NdShardSpec(shard_shape=Shape([32, 160]),grid={[(x=0,y=0) - (x=7,y=3)]},orientation=ShardOrientation::ROW_MAJOR,shard_distribution_strategy=ShardDistributionStrategy::GRID_2D),created_with_nd_shard_spec=0) and provided MemoryConfig(memory_layout=TensorMemoryLayout::BLOCK_SHARDED,buffer_type=BufferType::L1,shard_spec=ShardSpec(grid={[(x=0,y=0) - (x=7,y=7)]},shape={32, 160},orientation=ShardOrientation::ROW_MAJOR),nd_shard_spec=std::nullopt,created_with_nd_shard_spec=0) mem config. Using computed config. (matmul_op.cpp:1674)
2026-05-29 08:08:49.851 | INFO     | models.demos.wormhole.stable_diffusion.tt.ttnn_functional_unet_2d_condition_model_new_conv:__call__:491 - Up block 0
2026-05-29 08:08:49.852 | INFO     | models.demos.wormhole.stable_diffusion.tt.ttnn_functional_unet_2d_condition_model_new_conv:__call__:491 - Up block 1
2026-05-29 08:08:49.857 | INFO     | models.demos.wormhole.stable_diffusion.tt.ttnn_functional_unet_2d_condition_model_new_conv:__call__:491 - Up block 2
2026-05-29 08:08:49.865 | INFO     | models.demos.wormhole.stable_diffusion.tt.ttnn_functional_unet_2d_condition_model_new_conv:__call__:491 - Up block 3
2026-05-29 08:08:49.886 | INFO     | models.demos.wormhole.stable_diffusion.tt.ttnn_functional_unet_2d_condition_model_new_conv:__call__:406 - Down block 0
2026-05-29 08:08:49.891 | info     |              Op | act_block_h_override 2 is not a valid override for padded_output_height_ntiles_per_core 7, instead 1 was selected as closest valid option! (conv2d_utils.cpp:401)
2026-05-29 08:08:49.892 | INFO     | models.demos.wormhole.stable_diffusion.tt.ttnn_functional_unet_2d_condition_model_new_conv:__call__:406 - Down block 1
2026-05-29 08:08:49.897 | INFO     | models.demos.wormhole.stable_diffusion.tt.ttnn_functional_unet_2d_condition_model_new_conv:__call__:406 - Down block 2
2026-05-29 08:08:49.900 | INFO     | models.demos.wormhole.stable_diffusion.tt.ttnn_functional_unet_2d_condition_model_new_conv:__call__:406 - Down block 3
2026-05-29 08:08:49.901 | INFO     | models.demos.wormhole.stable_diffusion.tt.ttnn_functional_unet_2d_condition_model_new_conv:__call__:460 - Mid block
2026-05-29 08:08:49.901 | warning  |              Op | Mismatch between computed MemoryConfig(memory_layout=TensorMemoryLayout::BLOCK_SHARDED,buffer_type=BufferType::L1,shard_spec=ShardSpec(grid={[(x=0,y=0) - (x=7,y=3)]},shape={32, 160},orientation=ShardOrientation::ROW_MAJOR),nd_shard_spec=NdShardSpec(shard_shape=Shape([32, 160]),grid={[(x=0,y=0) - (x=7,y=3)]},orientation=ShardOrientation::ROW_MAJOR,shard_distribution_strategy=ShardDistributionStrategy::GRID_2D),created_with_nd_shard_spec=0) and provided MemoryConfig(memory_layout=TensorMemoryLayout::BLOCK_SHARDED,buffer_type=BufferType::L1,shard_spec=ShardSpec(grid={[(x=0,y=0) - (x=7,y=7)]},shape={32, 160},orientation=ShardOrientation::ROW_MAJOR),nd_shard_spec=std::nullopt,created_with_nd_shard_spec=0) mem config. Using computed config. (matmul_op.cpp:1674)
2026-05-29 08:08:49.903 | INFO     | models.demos.wormhole.stable_diffusion.tt.ttnn_functional_unet_2d_condition_model_new_conv:__call__:491 - Up block 0
2026-05-29 08:08:49.904 | INFO     | models.demos.wormhole.stable_diffusion.tt.ttnn_functional_unet_2d_condition_model_new_conv:__call__:491 - Up block 1
2026-05-29 08:08:49.909 | INFO     | models.demos.wormhole.stable_diffusion.tt.ttnn_functional_unet_2d_condition_model_new_conv:__call__:491 - Up block 2
2026-05-29 08:08:49.917 | INFO     | models.demos.wormhole.stable_diffusion.tt.ttnn_functional_unet_2d_condition_model_new_conv:__call__:491 - Up block 3
2026-05-29 08:08:49.937 | INFO     | models.demos.wormhole.stable_diffusion.tt.ttnn_functional_unet_2d_condition_model_new_conv:__call__:406 - Down block 0
2026-05-29 08:08:49.943 | info     |              Op | act_block_h_override 2 is not a valid override for padded_output_height_ntiles_per_core 7, instead 1 was selected as closest valid option! (conv2d_utils.cpp:401)
2026-05-29 08:08:49.943 | INFO     | models.demos.wormhole.stable_diffusion.tt.ttnn_functional_unet_2d_condition_model_new_conv:__call__:406 - Down block 1
2026-05-29 08:08:49.949 | INFO     | models.demos.wormhole.stable_diffusion.tt.ttnn_functional_unet_2d_condition_model_new_conv:__call__:406 - Down block 2
2026-05-29 08:08:49.952 | INFO     | models.demos.wormhole.stable_diffusion.tt.ttnn_functional_unet_2d_condition_model_new_conv:__call__:406 - Down block 3
2026-05-29 08:08:49.952 | INFO     | models.demos.wormhole.stable_diffusion.tt.ttnn_functional_unet_2d_condition_model_new_conv:__call__:460 - Mid block
2026-05-29 08:08:49.953 | warning  |              Op | Mismatch between computed MemoryConfig(memory_layout=TensorMemoryLayout::BLOCK_SHARDED,buffer_type=BufferType::L1,shard_spec=ShardSpec(grid={[(x=0,y=0) - (x=7,y=3)]},shape={32, 160},orientation=ShardOrientation::ROW_MAJOR),nd_shard_spec=NdShardSpec(shard_shape=Shape([32, 160]),grid={[(x=0,y=0) - (x=7,y=3)]},orientation=ShardOrientation::ROW_MAJOR,shard_distribution_strategy=ShardDistributionStrategy::GRID_2D),created_with_nd_shard_spec=0) and provided MemoryConfig(memory_layout=TensorMemoryLayout::BLOCK_SHARDED,buffer_type=BufferType::L1,shard_spec=ShardSpec(grid={[(x=0,y=0) - (x=7,y=7)]},shape={32, 160},orientation=ShardOrientation::ROW_MAJOR),nd_shard_spec=std::nullopt,created_with_nd_shard_spec=0) mem config. Using computed config. (matmul_op.cpp:1674)
2026-05-29 08:08:49.954 | INFO     | models.demos.wormhole.stable_diffusion.tt.ttnn_functional_unet_2d_condition_model_new_conv:__call__:491 - Up block 0
2026-05-29 08:08:49.956 | INFO     | models.demos.wormhole.stable_diffusion.tt.ttnn_functional_unet_2d_condition_model_new_conv:__call__:491 - Up block 1
2026-05-29 08:08:49.960 | INFO     | models.demos.wormhole.stable_diffusion.tt.ttnn_functional_unet_2d_condition_model_new_conv:__call__:491 - Up block 2
2026-05-29 08:08:49.968 | INFO     | models.demos.wormhole.stable_diffusion.tt.ttnn_functional_unet_2d_condition_model_new_conv:__call__:491 - Up block 3
2026-05-29 08:08:49.989 | INFO     | models.demos.wormhole.stable_diffusion.tt.ttnn_functional_unet_2d_condition_model_new_conv:__call__:406 - Down block 0
2026-05-29 08:08:49.995 | info     |              Op | act_block_h_override 2 is not a valid override for padded_output_height_ntiles_per_core 7, instead 1 was selected as closest valid option! (conv2d_utils.cpp:401)
2026-05-29 08:08:49.995 | INFO     | models.demos.wormhole.stable_diffusion.tt.ttnn_functional_unet_2d_condition_model_new_conv:__call__:406 - Down block 1
2026-05-29 08:08:50.001 | INFO     | models.demos.wormhole.stable_diffusion.tt.ttnn_functional_unet_2d_condition_model_new_conv:__call__:406 - Down block 2
2026-05-29 08:08:50.005 | INFO     | models.demos.wormhole.stable_diffusion.tt.ttnn_functional_unet_2d_condition_model_new_conv:__call__:406 - Down block 3
2026-05-29 08:08:50.006 | INFO     | models.demos.wormhole.stable_diffusion.tt.ttnn_functional_unet_2d_condition_model_new_conv:__call__:460 - Mid block
2026-05-29 08:08:50.006 | warning  |              Op | Mismatch between computed MemoryConfig(memory_layout=TensorMemoryLayout::BLOCK_SHARDED,buffer_type=BufferType::L1,shard_spec=ShardSpec(grid={[(x=0,y=0) - (x=7,y=3)]},shape={32, 160},orientation=ShardOrientation::ROW_MAJOR),nd_shard_spec=NdShardSpec(shard_shape=Shape([32, 160]),grid={[(x=0,y=0) - (x=7,y=3)]},orientation=ShardOrientation::ROW_MAJOR,shard_distribution_strategy=ShardDistributionStrategy::GRID_2D),created_with_nd_shard_spec=0) and provided MemoryConfig(memory_layout=TensorMemoryLayout::BLOCK_SHARDED,buffer_type=BufferType::L1,shard_spec=ShardSpec(grid={[(x=0,y=0) - (x=7,y=7)]},shape={32, 160},orientation=ShardOrientation::ROW_MAJOR),nd_shard_spec=std::nullopt,created_with_nd_shard_spec=0) mem config. Using computed config. (matmul_op.cpp:1674)
2026-05-29 08:08:50.008 | INFO     | models.demos.wormhole.stable_diffusion.tt.ttnn_functional_unet_2d_condition_model_new_conv:__call__:491 - Up block 0
2026-05-29 08:08:50.009 | INFO     | models.demos.wormhole.stable_diffusion.tt.ttnn_functional_unet_2d_condition_model_new_conv:__call__:491 - Up block 1
2026-05-29 08:08:50.014 | INFO     | models.demos.wormhole.stable_diffusion.tt.ttnn_functional_unet_2d_condition_model_new_conv:__call__:491 - Up block 2
2026-05-29 08:08:50.022 | INFO     | models.demos.wormhole.stable_diffusion.tt.ttnn_functional_unet_2d_condition_model_new_conv:__call__:491 - Up block 3
2026-05-29 08:08:50.042 | INFO     | models.demos.wormhole.stable_diffusion.tt.ttnn_functional_unet_2d_condition_model_new_conv:__call__:406 - Down block 0
2026-05-29 08:08:50.048 | info     |              Op | act_block_h_override 2 is not a valid override for padded_output_height_ntiles_per_core 7, instead 1 was selected as closest valid option! (conv2d_utils.cpp:401)
2026-05-29 08:08:50.048 | INFO     | models.demos.wormhole.stable_diffusion.tt.ttnn_functional_unet_2d_condition_model_new_conv:__call__:406 - Down block 1
2026-05-29 08:08:50.054 | INFO     | models.demos.wormhole.stable_diffusion.tt.ttnn_functional_unet_2d_condition_model_new_conv:__call__:406 - Down block 2
2026-05-29 08:08:50.057 | INFO     | models.demos.wormhole.stable_diffusion.tt.ttnn_functional_unet_2d_condition_model_new_conv:__call__:406 - Down block 3
2026-05-29 08:08:50.058 | INFO     | models.demos.wormhole.stable_diffusion.tt.ttnn_functional_unet_2d_condition_model_new_conv:__call__:460 - Mid block
2026-05-29 08:08:50.059 | warning  |              Op | Mismatch between computed MemoryConfig(memory_layout=TensorMemoryLayout::BLOCK_SHARDED,buffer_type=BufferType::L1,shard_spec=ShardSpec(grid={[(x=0,y=0) - (x=7,y=3)]},shape={32, 160},orientation=ShardOrientation::ROW_MAJOR),nd_shard_spec=NdShardSpec(shard_shape=Shape([32, 160]),grid={[(x=0,y=0) - (x=7,y=3)]},orientation=ShardOrientation::ROW_MAJOR,shard_distribution_strategy=ShardDistributionStrategy::GRID_2D),created_with_nd_shard_spec=0) and provided MemoryConfig(memory_layout=TensorMemoryLayout::BLOCK_SHARDED,buffer_type=BufferType::L1,shard_spec=ShardSpec(grid={[(x=0,y=0) - (x=7,y=7)]},shape={32, 160},orientation=ShardOrientation::ROW_MAJOR),nd_shard_spec=std::nullopt,created_with_nd_shard_spec=0) mem config. Using computed config. (matmul_op.cpp:1674)
2026-05-29 08:08:50.060 | INFO     | models.demos.wormhole.stable_diffusion.tt.ttnn_functional_unet_2d_condition_model_new_conv:__call__:491 - Up block 0
2026-05-29 08:08:50.061 | INFO     | models.demos.wormhole.stable_diffusion.tt.ttnn_functional_unet_2d_condition_model_new_conv:__call__:491 - Up block 1
2026-05-29 08:08:50.066 | INFO     | models.demos.wormhole.stable_diffusion.tt.ttnn_functional_unet_2d_condition_model_new_conv:__call__:491 - Up block 2
2026-05-29 08:08:50.075 | INFO     | models.demos.wormhole.stable_diffusion.tt.ttnn_functional_unet_2d_condition_model_new_conv:__call__:491 - Up block 3
2026-05-29 08:08:50.095 | INFO     | models.demos.wormhole.stable_diffusion.tt.ttnn_functional_unet_2d_condition_model_new_conv:__call__:406 - Down block 0
2026-05-29 08:08:50.100 | info     |              Op | act_block_h_override 2 is not a valid override for padded_output_height_ntiles_per_core 7, instead 1 was selected as closest valid option! (conv2d_utils.cpp:401)
2026-05-29 08:08:50.100 | INFO     | models.demos.wormhole.stable_diffusion.tt.ttnn_functional_unet_2d_condition_model_new_conv:__call__:406 - Down block 1
2026-05-29 08:08:50.106 | INFO     | models.demos.wormhole.stable_diffusion.tt.ttnn_functional_unet_2d_condition_model_new_conv:__call__:406 - Down block 2
2026-05-29 08:08:50.109 | INFO     | models.demos.wormhole.stable_diffusion.tt.ttnn_functional_unet_2d_condition_model_new_conv:__call__:406 - Down block 3
2026-05-29 08:08:50.110 | INFO     | models.demos.wormhole.stable_diffusion.tt.ttnn_functional_unet_2d_condition_model_new_conv:__call__:460 - Mid block
2026-05-29 08:08:50.110 | warning  |              Op | Mismatch between computed MemoryConfig(memory_layout=TensorMemoryLayout::BLOCK_SHARDED,buffer_type=BufferType::L1,shard_spec=ShardSpec(grid={[(x=0,y=0) - (x=7,y=3)]},shape={32, 160},orientation=ShardOrientation::ROW_MAJOR),nd_shard_spec=NdShardSpec(shard_shape=Shape([32, 160]),grid={[(x=0,y=0) - (x=7,y=3)]},orientation=ShardOrientation::ROW_MAJOR,shard_distribution_strategy=ShardDistributionStrategy::GRID_2D),created_with_nd_shard_spec=0) and provided MemoryConfig(memory_layout=TensorMemoryLayout::BLOCK_SHARDED,buffer_type=BufferType::L1,shard_spec=ShardSpec(grid={[(x=0,y=0) - (x=7,y=7)]},shape={32, 160},orientation=ShardOrientation::ROW_MAJOR),nd_shard_spec=std::nullopt,created_with_nd_shard_spec=0) mem config. Using computed config. (matmul_op.cpp:1674)
2026-05-29 08:08:50.112 | INFO     | models.demos.wormhole.stable_diffusion.tt.ttnn_functional_unet_2d_condition_model_new_conv:__call__:491 - Up block 0
2026-05-29 08:08:50.113 | INFO     | models.demos.wormhole.stable_diffusion.tt.ttnn_functional_unet_2d_condition_model_new_conv:__call__:491 - Up block 1
2026-05-29 08:08:50.118 | INFO     | models.demos.wormhole.stable_diffusion.tt.ttnn_functional_unet_2d_condition_model_new_conv:__call__:491 - Up block 2
2026-05-29 08:08:50.126 | INFO     | models.demos.wormhole.stable_diffusion.tt.ttnn_functional_unet_2d_condition_model_new_conv:__call__:491 - Up block 3
2026-05-29 08:08:50.147 | INFO     | models.demos.wormhole.stable_diffusion.tt.ttnn_functional_unet_2d_condition_model_new_conv:__call__:406 - Down block 0
2026-05-29 08:08:50.152 | info     |              Op | act_block_h_override 2 is not a valid override for padded_output_height_ntiles_per_core 7, instead 1 was selected as closest valid option! (conv2d_utils.cpp:401)
2026-05-29 08:08:50.152 | INFO     | models.demos.wormhole.stable_diffusion.tt.ttnn_functional_unet_2d_condition_model_new_conv:__call__:406 - Down block 1
2026-05-29 08:08:50.158 | INFO     | models.demos.wormhole.stable_diffusion.tt.ttnn_functional_unet_2d_condition_model_new_conv:__call__:406 - Down block 2
2026-05-29 08:08:50.161 | INFO     | models.demos.wormhole.stable_diffusion.tt.ttnn_functional_unet_2d_condition_model_new_conv:__call__:406 - Down block 3
2026-05-29 08:08:50.162 | INFO     | models.demos.wormhole.stable_diffusion.tt.ttnn_functional_unet_2d_condition_model_new_conv:__call__:460 - Mid block
2026-05-29 08:08:50.162 | warning  |              Op | Mismatch between computed MemoryConfig(memory_layout=TensorMemoryLayout::BLOCK_SHARDED,buffer_type=BufferType::L1,shard_spec=ShardSpec(grid={[(x=0,y=0) - (x=7,y=3)]},shape={32, 160},orientation=ShardOrientation::ROW_MAJOR),nd_shard_spec=NdShardSpec(shard_shape=Shape([32, 160]),grid={[(x=0,y=0) - (x=7,y=3)]},orientation=ShardOrientation::ROW_MAJOR,shard_distribution_strategy=ShardDistributionStrategy::GRID_2D),created_with_nd_shard_spec=0) and provided MemoryConfig(memory_layout=TensorMemoryLayout::BLOCK_SHARDED,buffer_type=BufferType::L1,shard_spec=ShardSpec(grid={[(x=0,y=0) - (x=7,y=7)]},shape={32, 160},orientation=ShardOrientation::ROW_MAJOR),nd_shard_spec=std::nullopt,created_with_nd_shard_spec=0) mem config. Using computed config. (matmul_op.cpp:1674)
2026-05-29 08:08:50.164 | INFO     | models.demos.wormhole.stable_diffusion.tt.ttnn_functional_unet_2d_condition_model_new_conv:__call__:491 - Up block 0
2026-05-29 08:08:50.165 | INFO     | models.demos.wormhole.stable_diffusion.tt.ttnn_functional_unet_2d_condition_model_new_conv:__call__:491 - Up block 1
2026-05-29 08:08:50.170 | INFO     | models.demos.wormhole.stable_diffusion.tt.ttnn_functional_unet_2d_condition_model_new_conv:__call__:491 - Up block 2
2026-05-29 08:08:50.178 | INFO     | models.demos.wormhole.stable_diffusion.tt.ttnn_functional_unet_2d_condition_model_new_conv:__call__:491 - Up block 3
  Step 36/41
2026-05-29 08:08:50.200 | INFO     | models.demos.wormhole.stable_diffusion.tt.ttnn_functional_unet_2d_condition_model_new_conv:__call__:406 - Down block 0
2026-05-29 08:08:50.206 | info     |              Op | act_block_h_override 2 is not a valid override for padded_output_height_ntiles_per_core 7, instead 1 was selected as closest valid option! (conv2d_utils.cpp:401)
2026-05-29 08:08:50.206 | INFO     | models.demos.wormhole.stable_diffusion.tt.ttnn_functional_unet_2d_condition_model_new_conv:__call__:406 - Down block 1
2026-05-29 08:08:50.212 | INFO     | models.demos.wormhole.stable_diffusion.tt.ttnn_functional_unet_2d_condition_model_new_conv:__call__:406 - Down block 2
2026-05-29 08:08:50.215 | INFO     | models.demos.wormhole.stable_diffusion.tt.ttnn_functional_unet_2d_condition_model_new_conv:__call__:406 - Down block 3
2026-05-29 08:08:50.216 | INFO     | models.demos.wormhole.stable_diffusion.tt.ttnn_functional_unet_2d_condition_model_new_conv:__call__:460 - Mid block
2026-05-29 08:08:50.216 | warning  |              Op | Mismatch between computed MemoryConfig(memory_layout=TensorMemoryLayout::BLOCK_SHARDED,buffer_type=BufferType::L1,shard_spec=ShardSpec(grid={[(x=0,y=0) - (x=7,y=3)]},shape={32, 160},orientation=ShardOrientation::ROW_MAJOR),nd_shard_spec=NdShardSpec(shard_shape=Shape([32, 160]),grid={[(x=0,y=0) - (x=7,y=3)]},orientation=ShardOrientation::ROW_MAJOR,shard_distribution_strategy=ShardDistributionStrategy::GRID_2D),created_with_nd_shard_spec=0) and provided MemoryConfig(memory_layout=TensorMemoryLayout::BLOCK_SHARDED,buffer_type=BufferType::L1,shard_spec=ShardSpec(grid={[(x=0,y=0) - (x=7,y=7)]},shape={32, 160},orientation=ShardOrientation::ROW_MAJOR),nd_shard_spec=std::nullopt,created_with_nd_shard_spec=0) mem config. Using computed config. (matmul_op.cpp:1674)
2026-05-29 08:08:50.218 | INFO     | models.demos.wormhole.stable_diffusion.tt.ttnn_functional_unet_2d_condition_model_new_conv:__call__:491 - Up block 0
2026-05-29 08:08:50.219 | INFO     | models.demos.wormhole.stable_diffusion.tt.ttnn_functional_unet_2d_condition_model_new_conv:__call__:491 - Up block 1
2026-05-29 08:08:50.224 | INFO     | models.demos.wormhole.stable_diffusion.tt.ttnn_functional_unet_2d_condition_model_new_conv:__call__:491 - Up block 2
2026-05-29 08:08:50.232 | INFO     | models.demos.wormhole.stable_diffusion.tt.ttnn_functional_unet_2d_condition_model_new_conv:__call__:491 - Up block 3
2026-05-29 08:08:50.252 | INFO     | models.demos.wormhole.stable_diffusion.tt.ttnn_functional_unet_2d_condition_model_new_conv:__call__:406 - Down block 0
2026-05-29 08:08:50.258 | info     |              Op | act_block_h_override 2 is not a valid override for padded_output_height_ntiles_per_core 7, instead 1 was selected as closest valid option! (conv2d_utils.cpp:401)
2026-05-29 08:08:50.258 | INFO     | models.demos.wormhole.stable_diffusion.tt.ttnn_functional_unet_2d_condition_model_new_conv:__call__:406 - Down block 1
2026-05-29 08:08:50.263 | INFO     | models.demos.wormhole.stable_diffusion.tt.ttnn_functional_unet_2d_condition_model_new_conv:__call__:406 - Down block 2
2026-05-29 08:08:50.267 | INFO     | models.demos.wormhole.stable_diffusion.tt.ttnn_functional_unet_2d_condition_model_new_conv:__call__:406 - Down block 3
2026-05-29 08:08:50.267 | INFO     | models.demos.wormhole.stable_diffusion.tt.ttnn_functional_unet_2d_condition_model_new_conv:__call__:460 - Mid block
2026-05-29 08:08:50.268 | warning  |              Op | Mismatch between computed MemoryConfig(memory_layout=TensorMemoryLayout::BLOCK_SHARDED,buffer_type=BufferType::L1,shard_spec=ShardSpec(grid={[(x=0,y=0) - (x=7,y=3)]},shape={32, 160},orientation=ShardOrientation::ROW_MAJOR),nd_shard_spec=NdShardSpec(shard_shape=Shape([32, 160]),grid={[(x=0,y=0) - (x=7,y=3)]},orientation=ShardOrientation::ROW_MAJOR,shard_distribution_strategy=ShardDistributionStrategy::GRID_2D),created_with_nd_shard_spec=0) and provided MemoryConfig(memory_layout=TensorMemoryLayout::BLOCK_SHARDED,buffer_type=BufferType::L1,shard_spec=ShardSpec(grid={[(x=0,y=0) - (x=7,y=7)]},shape={32, 160},orientation=ShardOrientation::ROW_MAJOR),nd_shard_spec=std::nullopt,created_with_nd_shard_spec=0) mem config. Using computed config. (matmul_op.cpp:1674)
2026-05-29 08:08:50.269 | INFO     | models.demos.wormhole.stable_diffusion.tt.ttnn_functional_unet_2d_condition_model_new_conv:__call__:491 - Up block 0
2026-05-29 08:08:50.271 | INFO     | models.demos.wormhole.stable_diffusion.tt.ttnn_functional_unet_2d_condition_model_new_conv:__call__:491 - Up block 1
2026-05-29 08:08:50.275 | INFO     | models.demos.wormhole.stable_diffusion.tt.ttnn_functional_unet_2d_condition_model_new_conv:__call__:491 - Up block 2
2026-05-29 08:08:50.284 | INFO     | models.demos.wormhole.stable_diffusion.tt.ttnn_functional_unet_2d_condition_model_new_conv:__call__:491 - Up block 3
2026-05-29 08:08:50.304 | INFO     | models.demos.wormhole.stable_diffusion.tt.ttnn_functional_unet_2d_condition_model_new_conv:__call__:406 - Down block 0
2026-05-29 08:08:50.310 | info     |              Op | act_block_h_override 2 is not a valid override for padded_output_height_ntiles_per_core 7, instead 1 was selected as closest valid option! (conv2d_utils.cpp:401)
2026-05-29 08:08:50.310 | INFO     | models.demos.wormhole.stable_diffusion.tt.ttnn_functional_unet_2d_condition_model_new_conv:__call__:406 - Down block 1
2026-05-29 08:08:50.315 | INFO     | models.demos.wormhole.stable_diffusion.tt.ttnn_functional_unet_2d_condition_model_new_conv:__call__:406 - Down block 2
2026-05-29 08:08:50.318 | INFO     | models.demos.wormhole.stable_diffusion.tt.ttnn_functional_unet_2d_condition_model_new_conv:__call__:406 - Down block 3
2026-05-29 08:08:50.319 | INFO     | models.demos.wormhole.stable_diffusion.tt.ttnn_functional_unet_2d_condition_model_new_conv:__call__:460 - Mid block
2026-05-29 08:08:50.319 | warning  |              Op | Mismatch between computed MemoryConfig(memory_layout=TensorMemoryLayout::BLOCK_SHARDED,buffer_type=BufferType::L1,shard_spec=ShardSpec(grid={[(x=0,y=0) - (x=7,y=3)]},shape={32, 160},orientation=ShardOrientation::ROW_MAJOR),nd_shard_spec=NdShardSpec(shard_shape=Shape([32, 160]),grid={[(x=0,y=0) - (x=7,y=3)]},orientation=ShardOrientation::ROW_MAJOR,shard_distribution_strategy=ShardDistributionStrategy::GRID_2D),created_with_nd_shard_spec=0) and provided MemoryConfig(memory_layout=TensorMemoryLayout::BLOCK_SHARDED,buffer_type=BufferType::L1,shard_spec=ShardSpec(grid={[(x=0,y=0) - (x=7,y=7)]},shape={32, 160},orientation=ShardOrientation::ROW_MAJOR),nd_shard_spec=std::nullopt,created_with_nd_shard_spec=0) mem config. Using computed config. (matmul_op.cpp:1674)
2026-05-29 08:08:50.321 | INFO     | models.demos.wormhole.stable_diffusion.tt.ttnn_functional_unet_2d_condition_model_new_conv:__call__:491 - Up block 0
2026-05-29 08:08:50.322 | INFO     | models.demos.wormhole.stable_diffusion.tt.ttnn_functional_unet_2d_condition_model_new_conv:__call__:491 - Up block 1
2026-05-29 08:08:50.327 | INFO     | models.demos.wormhole.stable_diffusion.tt.ttnn_functional_unet_2d_condition_model_new_conv:__call__:491 - Up block 2
2026-05-29 08:08:50.335 | INFO     | models.demos.wormhole.stable_diffusion.tt.ttnn_functional_unet_2d_condition_model_new_conv:__call__:491 - Up block 3
2026-05-29 08:08:50.356 | INFO     | models.demos.wormhole.stable_diffusion.tt.ttnn_functional_unet_2d_condition_model_new_conv:__call__:406 - Down block 0
2026-05-29 08:08:50.362 | info     |              Op | act_block_h_override 2 is not a valid override for padded_output_height_ntiles_per_core 7, instead 1 was selected as closest valid option! (conv2d_utils.cpp:401)
2026-05-29 08:08:50.362 | INFO     | models.demos.wormhole.stable_diffusion.tt.ttnn_functional_unet_2d_condition_model_new_conv:__call__:406 - Down block 1
2026-05-29 08:08:50.367 | INFO     | models.demos.wormhole.stable_diffusion.tt.ttnn_functional_unet_2d_condition_model_new_conv:__call__:406 - Down block 2
2026-05-29 08:08:50.370 | INFO     | models.demos.wormhole.stable_diffusion.tt.ttnn_functional_unet_2d_condition_model_new_conv:__call__:406 - Down block 3
2026-05-29 08:08:50.371 | INFO     | models.demos.wormhole.stable_diffusion.tt.ttnn_functional_unet_2d_condition_model_new_conv:__call__:460 - Mid block
2026-05-29 08:08:50.372 | warning  |              Op | Mismatch between computed MemoryConfig(memory_layout=TensorMemoryLayout::BLOCK_SHARDED,buffer_type=BufferType::L1,shard_spec=ShardSpec(grid={[(x=0,y=0) - (x=7,y=3)]},shape={32, 160},orientation=ShardOrientation::ROW_MAJOR),nd_shard_spec=NdShardSpec(shard_shape=Shape([32, 160]),grid={[(x=0,y=0) - (x=7,y=3)]},orientation=ShardOrientation::ROW_MAJOR,shard_distribution_strategy=ShardDistributionStrategy::GRID_2D),created_with_nd_shard_spec=0) and provided MemoryConfig(memory_layout=TensorMemoryLayout::BLOCK_SHARDED,buffer_type=BufferType::L1,shard_spec=ShardSpec(grid={[(x=0,y=0) - (x=7,y=7)]},shape={32, 160},orientation=ShardOrientation::ROW_MAJOR),nd_shard_spec=std::nullopt,created_with_nd_shard_spec=0) mem config. Using computed config. (matmul_op.cpp:1674)
2026-05-29 08:08:50.373 | INFO     | models.demos.wormhole.stable_diffusion.tt.ttnn_functional_unet_2d_condition_model_new_conv:__call__:491 - Up block 0
2026-05-29 08:08:50.374 | INFO     | models.demos.wormhole.stable_diffusion.tt.ttnn_functional_unet_2d_condition_model_new_conv:__call__:491 - Up block 1
2026-05-29 08:08:50.379 | INFO     | models.demos.wormhole.stable_diffusion.tt.ttnn_functional_unet_2d_condition_model_new_conv:__call__:491 - Up block 2
2026-05-29 08:08:50.387 | INFO     | models.demos.wormhole.stable_diffusion.tt.ttnn_functional_unet_2d_condition_model_new_conv:__call__:491 - Up block 3
2026-05-29 08:08:50.408 | INFO     | models.demos.wormhole.stable_diffusion.tt.ttnn_functional_unet_2d_condition_model_new_conv:__call__:406 - Down block 0
2026-05-29 08:08:50.413 | info     |              Op | act_block_h_override 2 is not a valid override for padded_output_height_ntiles_per_core 7, instead 1 was selected as closest valid option! (conv2d_utils.cpp:401)
2026-05-29 08:08:50.413 | INFO     | models.demos.wormhole.stable_diffusion.tt.ttnn_functional_unet_2d_condition_model_new_conv:__call__:406 - Down block 1
2026-05-29 08:08:50.419 | INFO     | models.demos.wormhole.stable_diffusion.tt.ttnn_functional_unet_2d_condition_model_new_conv:__call__:406 - Down block 2
2026-05-29 08:08:50.422 | INFO     | models.demos.wormhole.stable_diffusion.tt.ttnn_functional_unet_2d_condition_model_new_conv:__call__:406 - Down block 3
2026-05-29 08:08:50.423 | INFO     | models.demos.wormhole.stable_diffusion.tt.ttnn_functional_unet_2d_condition_model_new_conv:__call__:460 - Mid block
2026-05-29 08:08:50.423 | warning  |              Op | Mismatch between computed MemoryConfig(memory_layout=TensorMemoryLayout::BLOCK_SHARDED,buffer_type=BufferType::L1,shard_spec=ShardSpec(grid={[(x=0,y=0) - (x=7,y=3)]},shape={32, 160},orientation=ShardOrientation::ROW_MAJOR),nd_shard_spec=NdShardSpec(shard_shape=Shape([32, 160]),grid={[(x=0,y=0) - (x=7,y=3)]},orientation=ShardOrientation::ROW_MAJOR,shard_distribution_strategy=ShardDistributionStrategy::GRID_2D),created_with_nd_shard_spec=0) and provided MemoryConfig(memory_layout=TensorMemoryLayout::BLOCK_SHARDED,buffer_type=BufferType::L1,shard_spec=ShardSpec(grid={[(x=0,y=0) - (x=7,y=7)]},shape={32, 160},orientation=ShardOrientation::ROW_MAJOR),nd_shard_spec=std::nullopt,created_with_nd_shard_spec=0) mem config. Using computed config. (matmul_op.cpp:1674)
2026-05-29 08:08:50.425 | INFO     | models.demos.wormhole.stable_diffusion.tt.ttnn_functional_unet_2d_condition_model_new_conv:__call__:491 - Up block 0
2026-05-29 08:08:50.426 | INFO     | models.demos.wormhole.stable_diffusion.tt.ttnn_functional_unet_2d_condition_model_new_conv:__call__:491 - Up block 1
2026-05-29 08:08:50.431 | INFO     | models.demos.wormhole.stable_diffusion.tt.ttnn_functional_unet_2d_condition_model_new_conv:__call__:491 - Up block 2
2026-05-29 08:08:50.439 | INFO     | models.demos.wormhole.stable_diffusion.tt.ttnn_functional_unet_2d_condition_model_new_conv:__call__:491 - Up block 3
2026-05-29 08:08:50.459 | INFO     | models.demos.wormhole.stable_diffusion.tt.ttnn_functional_unet_2d_condition_model_new_conv:__call__:406 - Down block 0
2026-05-29 08:08:50.465 | info     |              Op | act_block_h_override 2 is not a valid override for padded_output_height_ntiles_per_core 7, instead 1 was selected as closest valid option! (conv2d_utils.cpp:401)
2026-05-29 08:08:50.465 | INFO     | models.demos.wormhole.stable_diffusion.tt.ttnn_functional_unet_2d_condition_model_new_conv:__call__:406 - Down block 1
2026-05-29 08:08:50.471 | INFO     | models.demos.wormhole.stable_diffusion.tt.ttnn_functional_unet_2d_condition_model_new_conv:__call__:406 - Down block 2
2026-05-29 08:08:50.474 | INFO     | models.demos.wormhole.stable_diffusion.tt.ttnn_functional_unet_2d_condition_model_new_conv:__call__:406 - Down block 3
2026-05-29 08:08:50.475 | INFO     | models.demos.wormhole.stable_diffusion.tt.ttnn_functional_unet_2d_condition_model_new_conv:__call__:460 - Mid block
2026-05-29 08:08:50.476 | warning  |              Op | Mismatch between computed MemoryConfig(memory_layout=TensorMemoryLayout::BLOCK_SHARDED,buffer_type=BufferType::L1,shard_spec=ShardSpec(grid={[(x=0,y=0) - (x=7,y=3)]},shape={32, 160},orientation=ShardOrientation::ROW_MAJOR),nd_shard_spec=NdShardSpec(shard_shape=Shape([32, 160]),grid={[(x=0,y=0) - (x=7,y=3)]},orientation=ShardOrientation::ROW_MAJOR,shard_distribution_strategy=ShardDistributionStrategy::GRID_2D),created_with_nd_shard_spec=0) and provided MemoryConfig(memory_layout=TensorMemoryLayout::BLOCK_SHARDED,buffer_type=BufferType::L1,shard_spec=ShardSpec(grid={[(x=0,y=0) - (x=7,y=7)]},shape={32, 160},orientation=ShardOrientation::ROW_MAJOR),nd_shard_spec=std::nullopt,created_with_nd_shard_spec=0) mem config. Using computed config. (matmul_op.cpp:1674)
2026-05-29 08:08:50.477 | INFO     | models.demos.wormhole.stable_diffusion.tt.ttnn_functional_unet_2d_condition_model_new_conv:__call__:491 - Up block 0
2026-05-29 08:08:50.478 | INFO     | models.demos.wormhole.stable_diffusion.tt.ttnn_functional_unet_2d_condition_model_new_conv:__call__:491 - Up block 1
2026-05-29 08:08:50.483 | INFO     | models.demos.wormhole.stable_diffusion.tt.ttnn_functional_unet_2d_condition_model_new_conv:__call__:491 - Up block 2
2026-05-29 08:08:50.492 | INFO     | models.demos.wormhole.stable_diffusion.tt.ttnn_functional_unet_2d_condition_model_new_conv:__call__:491 - Up block 3
2026-05-29 08:08:50.512 | INFO     | models.demos.wormhole.stable_diffusion.tt.ttnn_functional_unet_2d_condition_model_new_conv:__call__:406 - Down block 0
2026-05-29 08:08:50.518 | info     |              Op | act_block_h_override 2 is not a valid override for padded_output_height_ntiles_per_core 7, instead 1 was selected as closest valid option! (conv2d_utils.cpp:401)
2026-05-29 08:08:50.518 | INFO     | models.demos.wormhole.stable_diffusion.tt.ttnn_functional_unet_2d_condition_model_new_conv:__call__:406 - Down block 1
2026-05-29 08:08:50.524 | INFO     | models.demos.wormhole.stable_diffusion.tt.ttnn_functional_unet_2d_condition_model_new_conv:__call__:406 - Down block 2
2026-05-29 08:08:50.528 | INFO     | models.demos.wormhole.stable_diffusion.tt.ttnn_functional_unet_2d_condition_model_new_conv:__call__:406 - Down block 3
2026-05-29 08:08:50.529 | INFO     | models.demos.wormhole.stable_diffusion.tt.ttnn_functional_unet_2d_condition_model_new_conv:__call__:460 - Mid block
2026-05-29 08:08:50.529 | warning  |              Op | Mismatch between computed MemoryConfig(memory_layout=TensorMemoryLayout::BLOCK_SHARDED,buffer_type=BufferType::L1,shard_spec=ShardSpec(grid={[(x=0,y=0) - (x=7,y=3)]},shape={32, 160},orientation=ShardOrientation::ROW_MAJOR),nd_shard_spec=NdShardSpec(shard_shape=Shape([32, 160]),grid={[(x=0,y=0) - (x=7,y=3)]},orientation=ShardOrientation::ROW_MAJOR,shard_distribution_strategy=ShardDistributionStrategy::GRID_2D),created_with_nd_shard_spec=0) and provided MemoryConfig(memory_layout=TensorMemoryLayout::BLOCK_SHARDED,buffer_type=BufferType::L1,shard_spec=ShardSpec(grid={[(x=0,y=0) - (x=7,y=7)]},shape={32, 160},orientation=ShardOrientation::ROW_MAJOR),nd_shard_spec=std::nullopt,created_with_nd_shard_spec=0) mem config. Using computed config. (matmul_op.cpp:1674)
2026-05-29 08:08:50.531 | INFO     | models.demos.wormhole.stable_diffusion.tt.ttnn_functional_unet_2d_condition_model_new_conv:__call__:491 - Up block 0
2026-05-29 08:08:50.532 | INFO     | models.demos.wormhole.stable_diffusion.tt.ttnn_functional_unet_2d_condition_model_new_conv:__call__:491 - Up block 1
2026-05-29 08:08:50.537 | INFO     | models.demos.wormhole.stable_diffusion.tt.ttnn_functional_unet_2d_condition_model_new_conv:__call__:491 - Up block 2
2026-05-29 08:08:50.545 | INFO     | models.demos.wormhole.stable_diffusion.tt.ttnn_functional_unet_2d_condition_model_new_conv:__call__:491 - Up block 3
2026-05-29 08:08:50.565 | INFO     | models.demos.wormhole.stable_diffusion.tt.ttnn_functional_unet_2d_condition_model_new_conv:__call__:406 - Down block 0
2026-05-29 08:08:50.571 | info     |              Op | act_block_h_override 2 is not a valid override for padded_output_height_ntiles_per_core 7, instead 1 was selected as closest valid option! (conv2d_utils.cpp:401)
2026-05-29 08:08:50.571 | INFO     | models.demos.wormhole.stable_diffusion.tt.ttnn_functional_unet_2d_condition_model_new_conv:__call__:406 - Down block 1
2026-05-29 08:08:50.577 | INFO     | models.demos.wormhole.stable_diffusion.tt.ttnn_functional_unet_2d_condition_model_new_conv:__call__:406 - Down block 2
2026-05-29 08:08:50.581 | INFO     | models.demos.wormhole.stable_diffusion.tt.ttnn_functional_unet_2d_condition_model_new_conv:__call__:406 - Down block 3
2026-05-29 08:08:50.582 | INFO     | models.demos.wormhole.stable_diffusion.tt.ttnn_functional_unet_2d_condition_model_new_conv:__call__:460 - Mid block
2026-05-29 08:08:50.582 | warning  |              Op | Mismatch between computed MemoryConfig(memory_layout=TensorMemoryLayout::BLOCK_SHARDED,buffer_type=BufferType::L1,shard_spec=ShardSpec(grid={[(x=0,y=0) - (x=7,y=3)]},shape={32, 160},orientation=ShardOrientation::ROW_MAJOR),nd_shard_spec=NdShardSpec(shard_shape=Shape([32, 160]),grid={[(x=0,y=0) - (x=7,y=3)]},orientation=ShardOrientation::ROW_MAJOR,shard_distribution_strategy=ShardDistributionStrategy::GRID_2D),created_with_nd_shard_spec=0) and provided MemoryConfig(memory_layout=TensorMemoryLayout::BLOCK_SHARDED,buffer_type=BufferType::L1,shard_spec=ShardSpec(grid={[(x=0,y=0) - (x=7,y=7)]},shape={32, 160},orientation=ShardOrientation::ROW_MAJOR),nd_shard_spec=std::nullopt,created_with_nd_shard_spec=0) mem config. Using computed config. (matmul_op.cpp:1674)
2026-05-29 08:08:50.584 | INFO     | models.demos.wormhole.stable_diffusion.tt.ttnn_functional_unet_2d_condition_model_new_conv:__call__:491 - Up block 0
2026-05-29 08:08:50.585 | INFO     | models.demos.wormhole.stable_diffusion.tt.ttnn_functional_unet_2d_condition_model_new_conv:__call__:491 - Up block 1
2026-05-29 08:08:50.590 | INFO     | models.demos.wormhole.stable_diffusion.tt.ttnn_functional_unet_2d_condition_model_new_conv:__call__:491 - Up block 2
2026-05-29 08:08:50.599 | INFO     | models.demos.wormhole.stable_diffusion.tt.ttnn_functional_unet_2d_condition_model_new_conv:__call__:491 - Up block 3
  Step 37/41
2026-05-29 08:08:50.622 | INFO     | models.demos.wormhole.stable_diffusion.tt.ttnn_functional_unet_2d_condition_model_new_conv:__call__:406 - Down block 0
2026-05-29 08:08:50.628 | info     |              Op | act_block_h_override 2 is not a valid override for padded_output_height_ntiles_per_core 7, instead 1 was selected as closest valid option! (conv2d_utils.cpp:401)
2026-05-29 08:08:50.629 | INFO     | models.demos.wormhole.stable_diffusion.tt.ttnn_functional_unet_2d_condition_model_new_conv:__call__:406 - Down block 1
2026-05-29 08:08:50.635 | INFO     | models.demos.wormhole.stable_diffusion.tt.ttnn_functional_unet_2d_condition_model_new_conv:__call__:406 - Down block 2
2026-05-29 08:08:50.638 | INFO     | models.demos.wormhole.stable_diffusion.tt.ttnn_functional_unet_2d_condition_model_new_conv:__call__:406 - Down block 3
2026-05-29 08:08:50.639 | INFO     | models.demos.wormhole.stable_diffusion.tt.ttnn_functional_unet_2d_condition_model_new_conv:__call__:460 - Mid block
2026-05-29 08:08:50.640 | warning  |              Op | Mismatch between computed MemoryConfig(memory_layout=TensorMemoryLayout::BLOCK_SHARDED,buffer_type=BufferType::L1,shard_spec=ShardSpec(grid={[(x=0,y=0) - (x=7,y=3)]},shape={32, 160},orientation=ShardOrientation::ROW_MAJOR),nd_shard_spec=NdShardSpec(shard_shape=Shape([32, 160]),grid={[(x=0,y=0) - (x=7,y=3)]},orientation=ShardOrientation::ROW_MAJOR,shard_distribution_strategy=ShardDistributionStrategy::GRID_2D),created_with_nd_shard_spec=0) and provided MemoryConfig(memory_layout=TensorMemoryLayout::BLOCK_SHARDED,buffer_type=BufferType::L1,shard_spec=ShardSpec(grid={[(x=0,y=0) - (x=7,y=7)]},shape={32, 160},orientation=ShardOrientation::ROW_MAJOR),nd_shard_spec=std::nullopt,created_with_nd_shard_spec=0) mem config. Using computed config. (matmul_op.cpp:1674)
2026-05-29 08:08:50.641 | INFO     | models.demos.wormhole.stable_diffusion.tt.ttnn_functional_unet_2d_condition_model_new_conv:__call__:491 - Up block 0
2026-05-29 08:08:50.643 | INFO     | models.demos.wormhole.stable_diffusion.tt.ttnn_functional_unet_2d_condition_model_new_conv:__call__:491 - Up block 1
2026-05-29 08:08:50.648 | INFO     | models.demos.wormhole.stable_diffusion.tt.ttnn_functional_unet_2d_condition_model_new_conv:__call__:491 - Up block 2
2026-05-29 08:08:50.656 | INFO     | models.demos.wormhole.stable_diffusion.tt.ttnn_functional_unet_2d_condition_model_new_conv:__call__:491 - Up block 3
2026-05-29 08:08:50.676 | INFO     | models.demos.wormhole.stable_diffusion.tt.ttnn_functional_unet_2d_condition_model_new_conv:__call__:406 - Down block 0
2026-05-29 08:08:50.683 | info     |              Op | act_block_h_override 2 is not a valid override for padded_output_height_ntiles_per_core 7, instead 1 was selected as closest valid option! (conv2d_utils.cpp:401)
2026-05-29 08:08:50.683 | INFO     | models.demos.wormhole.stable_diffusion.tt.ttnn_functional_unet_2d_condition_model_new_conv:__call__:406 - Down block 1
2026-05-29 08:08:50.689 | INFO     | models.demos.wormhole.stable_diffusion.tt.ttnn_functional_unet_2d_condition_model_new_conv:__call__:406 - Down block 2
2026-05-29 08:08:50.693 | INFO     | models.demos.wormhole.stable_diffusion.tt.ttnn_functional_unet_2d_condition_model_new_conv:__call__:406 - Down block 3
2026-05-29 08:08:50.694 | INFO     | models.demos.wormhole.stable_diffusion.tt.ttnn_functional_unet_2d_condition_model_new_conv:__call__:460 - Mid block
2026-05-29 08:08:50.694 | warning  |              Op | Mismatch between computed MemoryConfig(memory_layout=TensorMemoryLayout::BLOCK_SHARDED,buffer_type=BufferType::L1,shard_spec=ShardSpec(grid={[(x=0,y=0) - (x=7,y=3)]},shape={32, 160},orientation=ShardOrientation::ROW_MAJOR),nd_shard_spec=NdShardSpec(shard_shape=Shape([32, 160]),grid={[(x=0,y=0) - (x=7,y=3)]},orientation=ShardOrientation::ROW_MAJOR,shard_distribution_strategy=ShardDistributionStrategy::GRID_2D),created_with_nd_shard_spec=0) and provided MemoryConfig(memory_layout=TensorMemoryLayout::BLOCK_SHARDED,buffer_type=BufferType::L1,shard_spec=ShardSpec(grid={[(x=0,y=0) - (x=7,y=7)]},shape={32, 160},orientation=ShardOrientation::ROW_MAJOR),nd_shard_spec=std::nullopt,created_with_nd_shard_spec=0) mem config. Using computed config. (matmul_op.cpp:1674)
2026-05-29 08:08:50.696 | INFO     | models.demos.wormhole.stable_diffusion.tt.ttnn_functional_unet_2d_condition_model_new_conv:__call__:491 - Up block 0
2026-05-29 08:08:50.697 | INFO     | models.demos.wormhole.stable_diffusion.tt.ttnn_functional_unet_2d_condition_model_new_conv:__call__:491 - Up block 1
2026-05-29 08:08:50.703 | INFO     | models.demos.wormhole.stable_diffusion.tt.ttnn_functional_unet_2d_condition_model_new_conv:__call__:491 - Up block 2
2026-05-29 08:08:50.712 | INFO     | models.demos.wormhole.stable_diffusion.tt.ttnn_functional_unet_2d_condition_model_new_conv:__call__:491 - Up block 3
2026-05-29 08:08:50.732 | INFO     | models.demos.wormhole.stable_diffusion.tt.ttnn_functional_unet_2d_condition_model_new_conv:__call__:406 - Down block 0
2026-05-29 08:08:50.737 | info     |              Op | act_block_h_override 2 is not a valid override for padded_output_height_ntiles_per_core 7, instead 1 was selected as closest valid option! (conv2d_utils.cpp:401)
2026-05-29 08:08:50.738 | INFO     | models.demos.wormhole.stable_diffusion.tt.ttnn_functional_unet_2d_condition_model_new_conv:__call__:406 - Down block 1
2026-05-29 08:08:50.743 | INFO     | models.demos.wormhole.stable_diffusion.tt.ttnn_functional_unet_2d_condition_model_new_conv:__call__:406 - Down block 2
2026-05-29 08:08:50.747 | INFO     | models.demos.wormhole.stable_diffusion.tt.ttnn_functional_unet_2d_condition_model_new_conv:__call__:406 - Down block 3
2026-05-29 08:08:50.747 | INFO     | models.demos.wormhole.stable_diffusion.tt.ttnn_functional_unet_2d_condition_model_new_conv:__call__:460 - Mid block
2026-05-29 08:08:50.748 | warning  |              Op | Mismatch between computed MemoryConfig(memory_layout=TensorMemoryLayout::BLOCK_SHARDED,buffer_type=BufferType::L1,shard_spec=ShardSpec(grid={[(x=0,y=0) - (x=7,y=3)]},shape={32, 160},orientation=ShardOrientation::ROW_MAJOR),nd_shard_spec=NdShardSpec(shard_shape=Shape([32, 160]),grid={[(x=0,y=0) - (x=7,y=3)]},orientation=ShardOrientation::ROW_MAJOR,shard_distribution_strategy=ShardDistributionStrategy::GRID_2D),created_with_nd_shard_spec=0) and provided MemoryConfig(memory_layout=TensorMemoryLayout::BLOCK_SHARDED,buffer_type=BufferType::L1,shard_spec=ShardSpec(grid={[(x=0,y=0) - (x=7,y=7)]},shape={32, 160},orientation=ShardOrientation::ROW_MAJOR),nd_shard_spec=std::nullopt,created_with_nd_shard_spec=0) mem config. Using computed config. (matmul_op.cpp:1674)
2026-05-29 08:08:50.749 | INFO     | models.demos.wormhole.stable_diffusion.tt.ttnn_functional_unet_2d_condition_model_new_conv:__call__:491 - Up block 0
2026-05-29 08:08:50.750 | INFO     | models.demos.wormhole.stable_diffusion.tt.ttnn_functional_unet_2d_condition_model_new_conv:__call__:491 - Up block 1
2026-05-29 08:08:50.755 | INFO     | models.demos.wormhole.stable_diffusion.tt.ttnn_functional_unet_2d_condition_model_new_conv:__call__:491 - Up block 2
2026-05-29 08:08:50.764 | INFO     | models.demos.wormhole.stable_diffusion.tt.ttnn_functional_unet_2d_condition_model_new_conv:__call__:491 - Up block 3
2026-05-29 08:08:50.784 | INFO     | models.demos.wormhole.stable_diffusion.tt.ttnn_functional_unet_2d_condition_model_new_conv:__call__:406 - Down block 0
2026-05-29 08:08:50.790 | info     |              Op | act_block_h_override 2 is not a valid override for padded_output_height_ntiles_per_core 7, instead 1 was selected as closest valid option! (conv2d_utils.cpp:401)
2026-05-29 08:08:50.790 | INFO     | models.demos.wormhole.stable_diffusion.tt.ttnn_functional_unet_2d_condition_model_new_conv:__call__:406 - Down block 1
2026-05-29 08:08:50.796 | INFO     | models.demos.wormhole.stable_diffusion.tt.ttnn_functional_unet_2d_condition_model_new_conv:__call__:406 - Down block 2
2026-05-29 08:08:50.799 | INFO     | models.demos.wormhole.stable_diffusion.tt.ttnn_functional_unet_2d_condition_model_new_conv:__call__:406 - Down block 3
2026-05-29 08:08:50.800 | INFO     | models.demos.wormhole.stable_diffusion.tt.ttnn_functional_unet_2d_condition_model_new_conv:__call__:460 - Mid block
2026-05-29 08:08:50.800 | warning  |              Op | Mismatch between computed MemoryConfig(memory_layout=TensorMemoryLayout::BLOCK_SHARDED,buffer_type=BufferType::L1,shard_spec=ShardSpec(grid={[(x=0,y=0) - (x=7,y=3)]},shape={32, 160},orientation=ShardOrientation::ROW_MAJOR),nd_shard_spec=NdShardSpec(shard_shape=Shape([32, 160]),grid={[(x=0,y=0) - (x=7,y=3)]},orientation=ShardOrientation::ROW_MAJOR,shard_distribution_strategy=ShardDistributionStrategy::GRID_2D),created_with_nd_shard_spec=0) and provided MemoryConfig(memory_layout=TensorMemoryLayout::BLOCK_SHARDED,buffer_type=BufferType::L1,shard_spec=ShardSpec(grid={[(x=0,y=0) - (x=7,y=7)]},shape={32, 160},orientation=ShardOrientation::ROW_MAJOR),nd_shard_spec=std::nullopt,created_with_nd_shard_spec=0) mem config. Using computed config. (matmul_op.cpp:1674)
2026-05-29 08:08:50.802 | INFO     | models.demos.wormhole.stable_diffusion.tt.ttnn_functional_unet_2d_condition_model_new_conv:__call__:491 - Up block 0
2026-05-29 08:08:50.803 | INFO     | models.demos.wormhole.stable_diffusion.tt.ttnn_functional_unet_2d_condition_model_new_conv:__call__:491 - Up block 1
2026-05-29 08:08:50.808 | INFO     | models.demos.wormhole.stable_diffusion.tt.ttnn_functional_unet_2d_condition_model_new_conv:__call__:491 - Up block 2
2026-05-29 08:08:50.816 | INFO     | models.demos.wormhole.stable_diffusion.tt.ttnn_functional_unet_2d_condition_model_new_conv:__call__:491 - Up block 3
2026-05-29 08:08:50.836 | INFO     | models.demos.wormhole.stable_diffusion.tt.ttnn_functional_unet_2d_condition_model_new_conv:__call__:406 - Down block 0
2026-05-29 08:08:50.842 | info     |              Op | act_block_h_override 2 is not a valid override for padded_output_height_ntiles_per_core 7, instead 1 was selected as closest valid option! (conv2d_utils.cpp:401)
2026-05-29 08:08:50.842 | INFO     | models.demos.wormhole.stable_diffusion.tt.ttnn_functional_unet_2d_condition_model_new_conv:__call__:406 - Down block 1
2026-05-29 08:08:50.848 | INFO     | models.demos.wormhole.stable_diffusion.tt.ttnn_functional_unet_2d_condition_model_new_conv:__call__:406 - Down block 2
2026-05-29 08:08:50.852 | INFO     | models.demos.wormhole.stable_diffusion.tt.ttnn_functional_unet_2d_condition_model_new_conv:__call__:406 - Down block 3
2026-05-29 08:08:50.852 | INFO     | models.demos.wormhole.stable_diffusion.tt.ttnn_functional_unet_2d_condition_model_new_conv:__call__:460 - Mid block
2026-05-29 08:08:50.853 | warning  |              Op | Mismatch between computed MemoryConfig(memory_layout=TensorMemoryLayout::BLOCK_SHARDED,buffer_type=BufferType::L1,shard_spec=ShardSpec(grid={[(x=0,y=0) - (x=7,y=3)]},shape={32, 160},orientation=ShardOrientation::ROW_MAJOR),nd_shard_spec=NdShardSpec(shard_shape=Shape([32, 160]),grid={[(x=0,y=0) - (x=7,y=3)]},orientation=ShardOrientation::ROW_MAJOR,shard_distribution_strategy=ShardDistributionStrategy::GRID_2D),created_with_nd_shard_spec=0) and provided MemoryConfig(memory_layout=TensorMemoryLayout::BLOCK_SHARDED,buffer_type=BufferType::L1,shard_spec=ShardSpec(grid={[(x=0,y=0) - (x=7,y=7)]},shape={32, 160},orientation=ShardOrientation::ROW_MAJOR),nd_shard_spec=std::nullopt,created_with_nd_shard_spec=0) mem config. Using computed config. (matmul_op.cpp:1674)
2026-05-29 08:08:50.854 | INFO     | models.demos.wormhole.stable_diffusion.tt.ttnn_functional_unet_2d_condition_model_new_conv:__call__:491 - Up block 0
2026-05-29 08:08:50.856 | INFO     | models.demos.wormhole.stable_diffusion.tt.ttnn_functional_unet_2d_condition_model_new_conv:__call__:491 - Up block 1
2026-05-29 08:08:50.860 | INFO     | models.demos.wormhole.stable_diffusion.tt.ttnn_functional_unet_2d_condition_model_new_conv:__call__:491 - Up block 2
2026-05-29 08:08:50.868 | INFO     | models.demos.wormhole.stable_diffusion.tt.ttnn_functional_unet_2d_condition_model_new_conv:__call__:491 - Up block 3
2026-05-29 08:08:50.888 | INFO     | models.demos.wormhole.stable_diffusion.tt.ttnn_functional_unet_2d_condition_model_new_conv:__call__:406 - Down block 0
2026-05-29 08:08:50.894 | info     |              Op | act_block_h_override 2 is not a valid override for padded_output_height_ntiles_per_core 7, instead 1 was selected as closest valid option! (conv2d_utils.cpp:401)
2026-05-29 08:08:50.894 | INFO     | models.demos.wormhole.stable_diffusion.tt.ttnn_functional_unet_2d_condition_model_new_conv:__call__:406 - Down block 1
2026-05-29 08:08:50.899 | INFO     | models.demos.wormhole.stable_diffusion.tt.ttnn_functional_unet_2d_condition_model_new_conv:__call__:406 - Down block 2
2026-05-29 08:08:50.903 | INFO     | models.demos.wormhole.stable_diffusion.tt.ttnn_functional_unet_2d_condition_model_new_conv:__call__:406 - Down block 3
2026-05-29 08:08:50.903 | INFO     | models.demos.wormhole.stable_diffusion.tt.ttnn_functional_unet_2d_condition_model_new_conv:__call__:460 - Mid block
2026-05-29 08:08:50.904 | warning  |              Op | Mismatch between computed MemoryConfig(memory_layout=TensorMemoryLayout::BLOCK_SHARDED,buffer_type=BufferType::L1,shard_spec=ShardSpec(grid={[(x=0,y=0) - (x=7,y=3)]},shape={32, 160},orientation=ShardOrientation::ROW_MAJOR),nd_shard_spec=NdShardSpec(shard_shape=Shape([32, 160]),grid={[(x=0,y=0) - (x=7,y=3)]},orientation=ShardOrientation::ROW_MAJOR,shard_distribution_strategy=ShardDistributionStrategy::GRID_2D),created_with_nd_shard_spec=0) and provided MemoryConfig(memory_layout=TensorMemoryLayout::BLOCK_SHARDED,buffer_type=BufferType::L1,shard_spec=ShardSpec(grid={[(x=0,y=0) - (x=7,y=7)]},shape={32, 160},orientation=ShardOrientation::ROW_MAJOR),nd_shard_spec=std::nullopt,created_with_nd_shard_spec=0) mem config. Using computed config. (matmul_op.cpp:1674)
2026-05-29 08:08:50.905 | INFO     | models.demos.wormhole.stable_diffusion.tt.ttnn_functional_unet_2d_condition_model_new_conv:__call__:491 - Up block 0
2026-05-29 08:08:50.907 | INFO     | models.demos.wormhole.stable_diffusion.tt.ttnn_functional_unet_2d_condition_model_new_conv:__call__:491 - Up block 1
2026-05-29 08:08:50.911 | INFO     | models.demos.wormhole.stable_diffusion.tt.ttnn_functional_unet_2d_condition_model_new_conv:__call__:491 - Up block 2
2026-05-29 08:08:50.919 | INFO     | models.demos.wormhole.stable_diffusion.tt.ttnn_functional_unet_2d_condition_model_new_conv:__call__:491 - Up block 3
2026-05-29 08:08:50.940 | INFO     | models.demos.wormhole.stable_diffusion.tt.ttnn_functional_unet_2d_condition_model_new_conv:__call__:406 - Down block 0
2026-05-29 08:08:50.946 | info     |              Op | act_block_h_override 2 is not a valid override for padded_output_height_ntiles_per_core 7, instead 1 was selected as closest valid option! (conv2d_utils.cpp:401)
2026-05-29 08:08:50.946 | INFO     | models.demos.wormhole.stable_diffusion.tt.ttnn_functional_unet_2d_condition_model_new_conv:__call__:406 - Down block 1
2026-05-29 08:08:50.952 | INFO     | models.demos.wormhole.stable_diffusion.tt.ttnn_functional_unet_2d_condition_model_new_conv:__call__:406 - Down block 2
2026-05-29 08:08:50.955 | INFO     | models.demos.wormhole.stable_diffusion.tt.ttnn_functional_unet_2d_condition_model_new_conv:__call__:406 - Down block 3
2026-05-29 08:08:50.956 | INFO     | models.demos.wormhole.stable_diffusion.tt.ttnn_functional_unet_2d_condition_model_new_conv:__call__:460 - Mid block
2026-05-29 08:08:50.956 | warning  |              Op | Mismatch between computed MemoryConfig(memory_layout=TensorMemoryLayout::BLOCK_SHARDED,buffer_type=BufferType::L1,shard_spec=ShardSpec(grid={[(x=0,y=0) - (x=7,y=3)]},shape={32, 160},orientation=ShardOrientation::ROW_MAJOR),nd_shard_spec=NdShardSpec(shard_shape=Shape([32, 160]),grid={[(x=0,y=0) - (x=7,y=3)]},orientation=ShardOrientation::ROW_MAJOR,shard_distribution_strategy=ShardDistributionStrategy::GRID_2D),created_with_nd_shard_spec=0) and provided MemoryConfig(memory_layout=TensorMemoryLayout::BLOCK_SHARDED,buffer_type=BufferType::L1,shard_spec=ShardSpec(grid={[(x=0,y=0) - (x=7,y=7)]},shape={32, 160},orientation=ShardOrientation::ROW_MAJOR),nd_shard_spec=std::nullopt,created_with_nd_shard_spec=0) mem config. Using computed config. (matmul_op.cpp:1674)
2026-05-29 08:08:50.958 | INFO     | models.demos.wormhole.stable_diffusion.tt.ttnn_functional_unet_2d_condition_model_new_conv:__call__:491 - Up block 0
2026-05-29 08:08:50.959 | INFO     | models.demos.wormhole.stable_diffusion.tt.ttnn_functional_unet_2d_condition_model_new_conv:__call__:491 - Up block 1
2026-05-29 08:08:50.964 | INFO     | models.demos.wormhole.stable_diffusion.tt.ttnn_functional_unet_2d_condition_model_new_conv:__call__:491 - Up block 2
2026-05-29 08:08:50.972 | INFO     | models.demos.wormhole.stable_diffusion.tt.ttnn_functional_unet_2d_condition_model_new_conv:__call__:491 - Up block 3
2026-05-29 08:08:50.992 | INFO     | models.demos.wormhole.stable_diffusion.tt.ttnn_functional_unet_2d_condition_model_new_conv:__call__:406 - Down block 0
2026-05-29 08:08:50.998 | info     |              Op | act_block_h_override 2 is not a valid override for padded_output_height_ntiles_per_core 7, instead 1 was selected as closest valid option! (conv2d_utils.cpp:401)
2026-05-29 08:08:50.998 | INFO     | models.demos.wormhole.stable_diffusion.tt.ttnn_functional_unet_2d_condition_model_new_conv:__call__:406 - Down block 1
2026-05-29 08:08:51.004 | INFO     | models.demos.wormhole.stable_diffusion.tt.ttnn_functional_unet_2d_condition_model_new_conv:__call__:406 - Down block 2
2026-05-29 08:08:51.008 | INFO     | models.demos.wormhole.stable_diffusion.tt.ttnn_functional_unet_2d_condition_model_new_conv:__call__:406 - Down block 3
2026-05-29 08:08:51.009 | INFO     | models.demos.wormhole.stable_diffusion.tt.ttnn_functional_unet_2d_condition_model_new_conv:__call__:460 - Mid block
2026-05-29 08:08:51.009 | warning  |              Op | Mismatch between computed MemoryConfig(memory_layout=TensorMemoryLayout::BLOCK_SHARDED,buffer_type=BufferType::L1,shard_spec=ShardSpec(grid={[(x=0,y=0) - (x=7,y=3)]},shape={32, 160},orientation=ShardOrientation::ROW_MAJOR),nd_shard_spec=NdShardSpec(shard_shape=Shape([32, 160]),grid={[(x=0,y=0) - (x=7,y=3)]},orientation=ShardOrientation::ROW_MAJOR,shard_distribution_strategy=ShardDistributionStrategy::GRID_2D),created_with_nd_shard_spec=0) and provided MemoryConfig(memory_layout=TensorMemoryLayout::BLOCK_SHARDED,buffer_type=BufferType::L1,shard_spec=ShardSpec(grid={[(x=0,y=0) - (x=7,y=7)]},shape={32, 160},orientation=ShardOrientation::ROW_MAJOR),nd_shard_spec=std::nullopt,created_with_nd_shard_spec=0) mem config. Using computed config. (matmul_op.cpp:1674)
2026-05-29 08:08:51.011 | INFO     | models.demos.wormhole.stable_diffusion.tt.ttnn_functional_unet_2d_condition_model_new_conv:__call__:491 - Up block 0
2026-05-29 08:08:51.012 | INFO     | models.demos.wormhole.stable_diffusion.tt.ttnn_functional_unet_2d_condition_model_new_conv:__call__:491 - Up block 1
2026-05-29 08:08:51.017 | INFO     | models.demos.wormhole.stable_diffusion.tt.ttnn_functional_unet_2d_condition_model_new_conv:__call__:491 - Up block 2
2026-05-29 08:08:51.025 | INFO     | models.demos.wormhole.stable_diffusion.tt.ttnn_functional_unet_2d_condition_model_new_conv:__call__:491 - Up block 3
  Step 38/41
2026-05-29 08:08:51.048 | INFO     | models.demos.wormhole.stable_diffusion.tt.ttnn_functional_unet_2d_condition_model_new_conv:__call__:406 - Down block 0
2026-05-29 08:08:51.054 | info     |              Op | act_block_h_override 2 is not a valid override for padded_output_height_ntiles_per_core 7, instead 1 was selected as closest valid option! (conv2d_utils.cpp:401)
2026-05-29 08:08:51.054 | INFO     | models.demos.wormhole.stable_diffusion.tt.ttnn_functional_unet_2d_condition_model_new_conv:__call__:406 - Down block 1
2026-05-29 08:08:51.060 | INFO     | models.demos.wormhole.stable_diffusion.tt.ttnn_functional_unet_2d_condition_model_new_conv:__call__:406 - Down block 2
2026-05-29 08:08:51.063 | INFO     | models.demos.wormhole.stable_diffusion.tt.ttnn_functional_unet_2d_condition_model_new_conv:__call__:406 - Down block 3
2026-05-29 08:08:51.064 | INFO     | models.demos.wormhole.stable_diffusion.tt.ttnn_functional_unet_2d_condition_model_new_conv:__call__:460 - Mid block
2026-05-29 08:08:51.064 | warning  |              Op | Mismatch between computed MemoryConfig(memory_layout=TensorMemoryLayout::BLOCK_SHARDED,buffer_type=BufferType::L1,shard_spec=ShardSpec(grid={[(x=0,y=0) - (x=7,y=3)]},shape={32, 160},orientation=ShardOrientation::ROW_MAJOR),nd_shard_spec=NdShardSpec(shard_shape=Shape([32, 160]),grid={[(x=0,y=0) - (x=7,y=3)]},orientation=ShardOrientation::ROW_MAJOR,shard_distribution_strategy=ShardDistributionStrategy::GRID_2D),created_with_nd_shard_spec=0) and provided MemoryConfig(memory_layout=TensorMemoryLayout::BLOCK_SHARDED,buffer_type=BufferType::L1,shard_spec=ShardSpec(grid={[(x=0,y=0) - (x=7,y=7)]},shape={32, 160},orientation=ShardOrientation::ROW_MAJOR),nd_shard_spec=std::nullopt,created_with_nd_shard_spec=0) mem config. Using computed config. (matmul_op.cpp:1674)
2026-05-29 08:08:51.066 | INFO     | models.demos.wormhole.stable_diffusion.tt.ttnn_functional_unet_2d_condition_model_new_conv:__call__:491 - Up block 0
2026-05-29 08:08:51.067 | INFO     | models.demos.wormhole.stable_diffusion.tt.ttnn_functional_unet_2d_condition_model_new_conv:__call__:491 - Up block 1
2026-05-29 08:08:51.072 | INFO     | models.demos.wormhole.stable_diffusion.tt.ttnn_functional_unet_2d_condition_model_new_conv:__call__:491 - Up block 2
2026-05-29 08:08:51.080 | INFO     | models.demos.wormhole.stable_diffusion.tt.ttnn_functional_unet_2d_condition_model_new_conv:__call__:491 - Up block 3
2026-05-29 08:08:51.101 | INFO     | models.demos.wormhole.stable_diffusion.tt.ttnn_functional_unet_2d_condition_model_new_conv:__call__:406 - Down block 0
2026-05-29 08:08:51.106 | info     |              Op | act_block_h_override 2 is not a valid override for padded_output_height_ntiles_per_core 7, instead 1 was selected as closest valid option! (conv2d_utils.cpp:401)
2026-05-29 08:08:51.107 | INFO     | models.demos.wormhole.stable_diffusion.tt.ttnn_functional_unet_2d_condition_model_new_conv:__call__:406 - Down block 1
2026-05-29 08:08:51.112 | INFO     | models.demos.wormhole.stable_diffusion.tt.ttnn_functional_unet_2d_condition_model_new_conv:__call__:406 - Down block 2
2026-05-29 08:08:51.115 | INFO     | models.demos.wormhole.stable_diffusion.tt.ttnn_functional_unet_2d_condition_model_new_conv:__call__:406 - Down block 3
2026-05-29 08:08:51.116 | INFO     | models.demos.wormhole.stable_diffusion.tt.ttnn_functional_unet_2d_condition_model_new_conv:__call__:460 - Mid block
2026-05-29 08:08:51.116 | warning  |              Op | Mismatch between computed MemoryConfig(memory_layout=TensorMemoryLayout::BLOCK_SHARDED,buffer_type=BufferType::L1,shard_spec=ShardSpec(grid={[(x=0,y=0) - (x=7,y=3)]},shape={32, 160},orientation=ShardOrientation::ROW_MAJOR),nd_shard_spec=NdShardSpec(shard_shape=Shape([32, 160]),grid={[(x=0,y=0) - (x=7,y=3)]},orientation=ShardOrientation::ROW_MAJOR,shard_distribution_strategy=ShardDistributionStrategy::GRID_2D),created_with_nd_shard_spec=0) and provided MemoryConfig(memory_layout=TensorMemoryLayout::BLOCK_SHARDED,buffer_type=BufferType::L1,shard_spec=ShardSpec(grid={[(x=0,y=0) - (x=7,y=7)]},shape={32, 160},orientation=ShardOrientation::ROW_MAJOR),nd_shard_spec=std::nullopt,created_with_nd_shard_spec=0) mem config. Using computed config. (matmul_op.cpp:1674)
2026-05-29 08:08:51.118 | INFO     | models.demos.wormhole.stable_diffusion.tt.ttnn_functional_unet_2d_condition_model_new_conv:__call__:491 - Up block 0
2026-05-29 08:08:51.119 | INFO     | models.demos.wormhole.stable_diffusion.tt.ttnn_functional_unet_2d_condition_model_new_conv:__call__:491 - Up block 1
2026-05-29 08:08:51.124 | INFO     | models.demos.wormhole.stable_diffusion.tt.ttnn_functional_unet_2d_condition_model_new_conv:__call__:491 - Up block 2
2026-05-29 08:08:51.132 | INFO     | models.demos.wormhole.stable_diffusion.tt.ttnn_functional_unet_2d_condition_model_new_conv:__call__:491 - Up block 3
2026-05-29 08:08:51.153 | INFO     | models.demos.wormhole.stable_diffusion.tt.ttnn_functional_unet_2d_condition_model_new_conv:__call__:406 - Down block 0
2026-05-29 08:08:51.158 | info     |              Op | act_block_h_override 2 is not a valid override for padded_output_height_ntiles_per_core 7, instead 1 was selected as closest valid option! (conv2d_utils.cpp:401)
2026-05-29 08:08:51.158 | INFO     | models.demos.wormhole.stable_diffusion.tt.ttnn_functional_unet_2d_condition_model_new_conv:__call__:406 - Down block 1
2026-05-29 08:08:51.164 | INFO     | models.demos.wormhole.stable_diffusion.tt.ttnn_functional_unet_2d_condition_model_new_conv:__call__:406 - Down block 2
2026-05-29 08:08:51.167 | INFO     | models.demos.wormhole.stable_diffusion.tt.ttnn_functional_unet_2d_condition_model_new_conv:__call__:406 - Down block 3
2026-05-29 08:08:51.168 | INFO     | models.demos.wormhole.stable_diffusion.tt.ttnn_functional_unet_2d_condition_model_new_conv:__call__:460 - Mid block
2026-05-29 08:08:51.168 | warning  |              Op | Mismatch between computed MemoryConfig(memory_layout=TensorMemoryLayout::BLOCK_SHARDED,buffer_type=BufferType::L1,shard_spec=ShardSpec(grid={[(x=0,y=0) - (x=7,y=3)]},shape={32, 160},orientation=ShardOrientation::ROW_MAJOR),nd_shard_spec=NdShardSpec(shard_shape=Shape([32, 160]),grid={[(x=0,y=0) - (x=7,y=3)]},orientation=ShardOrientation::ROW_MAJOR,shard_distribution_strategy=ShardDistributionStrategy::GRID_2D),created_with_nd_shard_spec=0) and provided MemoryConfig(memory_layout=TensorMemoryLayout::BLOCK_SHARDED,buffer_type=BufferType::L1,shard_spec=ShardSpec(grid={[(x=0,y=0) - (x=7,y=7)]},shape={32, 160},orientation=ShardOrientation::ROW_MAJOR),nd_shard_spec=std::nullopt,created_with_nd_shard_spec=0) mem config. Using computed config. (matmul_op.cpp:1674)
2026-05-29 08:08:51.169 | INFO     | models.demos.wormhole.stable_diffusion.tt.ttnn_functional_unet_2d_condition_model_new_conv:__call__:491 - Up block 0
2026-05-29 08:08:51.171 | INFO     | models.demos.wormhole.stable_diffusion.tt.ttnn_functional_unet_2d_condition_model_new_conv:__call__:491 - Up block 1
2026-05-29 08:08:51.176 | INFO     | models.demos.wormhole.stable_diffusion.tt.ttnn_functional_unet_2d_condition_model_new_conv:__call__:491 - Up block 2
2026-05-29 08:08:51.183 | INFO     | models.demos.wormhole.stable_diffusion.tt.ttnn_functional_unet_2d_condition_model_new_conv:__call__:491 - Up block 3
2026-05-29 08:08:51.205 | INFO     | models.demos.wormhole.stable_diffusion.tt.ttnn_functional_unet_2d_condition_model_new_conv:__call__:406 - Down block 0
2026-05-29 08:08:51.210 | info     |              Op | act_block_h_override 2 is not a valid override for padded_output_height_ntiles_per_core 7, instead 1 was selected as closest valid option! (conv2d_utils.cpp:401)
2026-05-29 08:08:51.210 | INFO     | models.demos.wormhole.stable_diffusion.tt.ttnn_functional_unet_2d_condition_model_new_conv:__call__:406 - Down block 1
2026-05-29 08:08:51.216 | INFO     | models.demos.wormhole.stable_diffusion.tt.ttnn_functional_unet_2d_condition_model_new_conv:__call__:406 - Down block 2
2026-05-29 08:08:51.219 | INFO     | models.demos.wormhole.stable_diffusion.tt.ttnn_functional_unet_2d_condition_model_new_conv:__call__:406 - Down block 3
2026-05-29 08:08:51.220 | INFO     | models.demos.wormhole.stable_diffusion.tt.ttnn_functional_unet_2d_condition_model_new_conv:__call__:460 - Mid block
2026-05-29 08:08:51.220 | warning  |              Op | Mismatch between computed MemoryConfig(memory_layout=TensorMemoryLayout::BLOCK_SHARDED,buffer_type=BufferType::L1,shard_spec=ShardSpec(grid={[(x=0,y=0) - (x=7,y=3)]},shape={32, 160},orientation=ShardOrientation::ROW_MAJOR),nd_shard_spec=NdShardSpec(shard_shape=Shape([32, 160]),grid={[(x=0,y=0) - (x=7,y=3)]},orientation=ShardOrientation::ROW_MAJOR,shard_distribution_strategy=ShardDistributionStrategy::GRID_2D),created_with_nd_shard_spec=0) and provided MemoryConfig(memory_layout=TensorMemoryLayout::BLOCK_SHARDED,buffer_type=BufferType::L1,shard_spec=ShardSpec(grid={[(x=0,y=0) - (x=7,y=7)]},shape={32, 160},orientation=ShardOrientation::ROW_MAJOR),nd_shard_spec=std::nullopt,created_with_nd_shard_spec=0) mem config. Using computed config. (matmul_op.cpp:1674)
2026-05-29 08:08:51.222 | INFO     | models.demos.wormhole.stable_diffusion.tt.ttnn_functional_unet_2d_condition_model_new_conv:__call__:491 - Up block 0
2026-05-29 08:08:51.223 | INFO     | models.demos.wormhole.stable_diffusion.tt.ttnn_functional_unet_2d_condition_model_new_conv:__call__:491 - Up block 1
2026-05-29 08:08:51.228 | INFO     | models.demos.wormhole.stable_diffusion.tt.ttnn_functional_unet_2d_condition_model_new_conv:__call__:491 - Up block 2
2026-05-29 08:08:51.236 | INFO     | models.demos.wormhole.stable_diffusion.tt.ttnn_functional_unet_2d_condition_model_new_conv:__call__:491 - Up block 3
2026-05-29 08:08:51.257 | INFO     | models.demos.wormhole.stable_diffusion.tt.ttnn_functional_unet_2d_condition_model_new_conv:__call__:406 - Down block 0
2026-05-29 08:08:51.263 | info     |              Op | act_block_h_override 2 is not a valid override for padded_output_height_ntiles_per_core 7, instead 1 was selected as closest valid option! (conv2d_utils.cpp:401)
2026-05-29 08:08:51.263 | INFO     | models.demos.wormhole.stable_diffusion.tt.ttnn_functional_unet_2d_condition_model_new_conv:__call__:406 - Down block 1
2026-05-29 08:08:51.269 | INFO     | models.demos.wormhole.stable_diffusion.tt.ttnn_functional_unet_2d_condition_model_new_conv:__call__:406 - Down block 2
2026-05-29 08:08:51.272 | INFO     | models.demos.wormhole.stable_diffusion.tt.ttnn_functional_unet_2d_condition_model_new_conv:__call__:406 - Down block 3
2026-05-29 08:08:51.273 | INFO     | models.demos.wormhole.stable_diffusion.tt.ttnn_functional_unet_2d_condition_model_new_conv:__call__:460 - Mid block
2026-05-29 08:08:51.273 | warning  |              Op | Mismatch between computed MemoryConfig(memory_layout=TensorMemoryLayout::BLOCK_SHARDED,buffer_type=BufferType::L1,shard_spec=ShardSpec(grid={[(x=0,y=0) - (x=7,y=3)]},shape={32, 160},orientation=ShardOrientation::ROW_MAJOR),nd_shard_spec=NdShardSpec(shard_shape=Shape([32, 160]),grid={[(x=0,y=0) - (x=7,y=3)]},orientation=ShardOrientation::ROW_MAJOR,shard_distribution_strategy=ShardDistributionStrategy::GRID_2D),created_with_nd_shard_spec=0) and provided MemoryConfig(memory_layout=TensorMemoryLayout::BLOCK_SHARDED,buffer_type=BufferType::L1,shard_spec=ShardSpec(grid={[(x=0,y=0) - (x=7,y=7)]},shape={32, 160},orientation=ShardOrientation::ROW_MAJOR),nd_shard_spec=std::nullopt,created_with_nd_shard_spec=0) mem config. Using computed config. (matmul_op.cpp:1674)
2026-05-29 08:08:51.274 | INFO     | models.demos.wormhole.stable_diffusion.tt.ttnn_functional_unet_2d_condition_model_new_conv:__call__:491 - Up block 0
2026-05-29 08:08:51.276 | INFO     | models.demos.wormhole.stable_diffusion.tt.ttnn_functional_unet_2d_condition_model_new_conv:__call__:491 - Up block 1
2026-05-29 08:08:51.280 | INFO     | models.demos.wormhole.stable_diffusion.tt.ttnn_functional_unet_2d_condition_model_new_conv:__call__:491 - Up block 2
2026-05-29 08:08:51.288 | INFO     | models.demos.wormhole.stable_diffusion.tt.ttnn_functional_unet_2d_condition_model_new_conv:__call__:491 - Up block 3
2026-05-29 08:08:51.309 | INFO     | models.demos.wormhole.stable_diffusion.tt.ttnn_functional_unet_2d_condition_model_new_conv:__call__:406 - Down block 0
2026-05-29 08:08:51.315 | info     |              Op | act_block_h_override 2 is not a valid override for padded_output_height_ntiles_per_core 7, instead 1 was selected as closest valid option! (conv2d_utils.cpp:401)
2026-05-29 08:08:51.315 | INFO     | models.demos.wormhole.stable_diffusion.tt.ttnn_functional_unet_2d_condition_model_new_conv:__call__:406 - Down block 1
2026-05-29 08:08:51.321 | INFO     | models.demos.wormhole.stable_diffusion.tt.ttnn_functional_unet_2d_condition_model_new_conv:__call__:406 - Down block 2
2026-05-29 08:08:51.324 | INFO     | models.demos.wormhole.stable_diffusion.tt.ttnn_functional_unet_2d_condition_model_new_conv:__call__:406 - Down block 3
2026-05-29 08:08:51.325 | INFO     | models.demos.wormhole.stable_diffusion.tt.ttnn_functional_unet_2d_condition_model_new_conv:__call__:460 - Mid block
2026-05-29 08:08:51.325 | warning  |              Op | Mismatch between computed MemoryConfig(memory_layout=TensorMemoryLayout::BLOCK_SHARDED,buffer_type=BufferType::L1,shard_spec=ShardSpec(grid={[(x=0,y=0) - (x=7,y=3)]},shape={32, 160},orientation=ShardOrientation::ROW_MAJOR),nd_shard_spec=NdShardSpec(shard_shape=Shape([32, 160]),grid={[(x=0,y=0) - (x=7,y=3)]},orientation=ShardOrientation::ROW_MAJOR,shard_distribution_strategy=ShardDistributionStrategy::GRID_2D),created_with_nd_shard_spec=0) and provided MemoryConfig(memory_layout=TensorMemoryLayout::BLOCK_SHARDED,buffer_type=BufferType::L1,shard_spec=ShardSpec(grid={[(x=0,y=0) - (x=7,y=7)]},shape={32, 160},orientation=ShardOrientation::ROW_MAJOR),nd_shard_spec=std::nullopt,created_with_nd_shard_spec=0) mem config. Using computed config. (matmul_op.cpp:1674)
2026-05-29 08:08:51.327 | INFO     | models.demos.wormhole.stable_diffusion.tt.ttnn_functional_unet_2d_condition_model_new_conv:__call__:491 - Up block 0
2026-05-29 08:08:51.328 | INFO     | models.demos.wormhole.stable_diffusion.tt.ttnn_functional_unet_2d_condition_model_new_conv:__call__:491 - Up block 1
2026-05-29 08:08:51.333 | INFO     | models.demos.wormhole.stable_diffusion.tt.ttnn_functional_unet_2d_condition_model_new_conv:__call__:491 - Up block 2
2026-05-29 08:08:51.341 | INFO     | models.demos.wormhole.stable_diffusion.tt.ttnn_functional_unet_2d_condition_model_new_conv:__call__:491 - Up block 3
2026-05-29 08:08:51.361 | INFO     | models.demos.wormhole.stable_diffusion.tt.ttnn_functional_unet_2d_condition_model_new_conv:__call__:406 - Down block 0
2026-05-29 08:08:51.367 | info     |              Op | act_block_h_override 2 is not a valid override for padded_output_height_ntiles_per_core 7, instead 1 was selected as closest valid option! (conv2d_utils.cpp:401)
2026-05-29 08:08:51.367 | INFO     | models.demos.wormhole.stable_diffusion.tt.ttnn_functional_unet_2d_condition_model_new_conv:__call__:406 - Down block 1
2026-05-29 08:08:51.373 | INFO     | models.demos.wormhole.stable_diffusion.tt.ttnn_functional_unet_2d_condition_model_new_conv:__call__:406 - Down block 2
2026-05-29 08:08:51.376 | INFO     | models.demos.wormhole.stable_diffusion.tt.ttnn_functional_unet_2d_condition_model_new_conv:__call__:406 - Down block 3
2026-05-29 08:08:51.377 | INFO     | models.demos.wormhole.stable_diffusion.tt.ttnn_functional_unet_2d_condition_model_new_conv:__call__:460 - Mid block
2026-05-29 08:08:51.377 | warning  |              Op | Mismatch between computed MemoryConfig(memory_layout=TensorMemoryLayout::BLOCK_SHARDED,buffer_type=BufferType::L1,shard_spec=ShardSpec(grid={[(x=0,y=0) - (x=7,y=3)]},shape={32, 160},orientation=ShardOrientation::ROW_MAJOR),nd_shard_spec=NdShardSpec(shard_shape=Shape([32, 160]),grid={[(x=0,y=0) - (x=7,y=3)]},orientation=ShardOrientation::ROW_MAJOR,shard_distribution_strategy=ShardDistributionStrategy::GRID_2D),created_with_nd_shard_spec=0) and provided MemoryConfig(memory_layout=TensorMemoryLayout::BLOCK_SHARDED,buffer_type=BufferType::L1,shard_spec=ShardSpec(grid={[(x=0,y=0) - (x=7,y=7)]},shape={32, 160},orientation=ShardOrientation::ROW_MAJOR),nd_shard_spec=std::nullopt,created_with_nd_shard_spec=0) mem config. Using computed config. (matmul_op.cpp:1674)
2026-05-29 08:08:51.379 | INFO     | models.demos.wormhole.stable_diffusion.tt.ttnn_functional_unet_2d_condition_model_new_conv:__call__:491 - Up block 0
2026-05-29 08:08:51.380 | INFO     | models.demos.wormhole.stable_diffusion.tt.ttnn_functional_unet_2d_condition_model_new_conv:__call__:491 - Up block 1
2026-05-29 08:08:51.385 | INFO     | models.demos.wormhole.stable_diffusion.tt.ttnn_functional_unet_2d_condition_model_new_conv:__call__:491 - Up block 2
2026-05-29 08:08:51.393 | INFO     | models.demos.wormhole.stable_diffusion.tt.ttnn_functional_unet_2d_condition_model_new_conv:__call__:491 - Up block 3
2026-05-29 08:08:51.413 | INFO     | models.demos.wormhole.stable_diffusion.tt.ttnn_functional_unet_2d_condition_model_new_conv:__call__:406 - Down block 0
2026-05-29 08:08:51.419 | info     |              Op | act_block_h_override 2 is not a valid override for padded_output_height_ntiles_per_core 7, instead 1 was selected as closest valid option! (conv2d_utils.cpp:401)
2026-05-29 08:08:51.419 | INFO     | models.demos.wormhole.stable_diffusion.tt.ttnn_functional_unet_2d_condition_model_new_conv:__call__:406 - Down block 1
2026-05-29 08:08:51.424 | INFO     | models.demos.wormhole.stable_diffusion.tt.ttnn_functional_unet_2d_condition_model_new_conv:__call__:406 - Down block 2
2026-05-29 08:08:51.428 | INFO     | models.demos.wormhole.stable_diffusion.tt.ttnn_functional_unet_2d_condition_model_new_conv:__call__:406 - Down block 3
2026-05-29 08:08:51.428 | INFO     | models.demos.wormhole.stable_diffusion.tt.ttnn_functional_unet_2d_condition_model_new_conv:__call__:460 - Mid block
2026-05-29 08:08:51.429 | warning  |              Op | Mismatch between computed MemoryConfig(memory_layout=TensorMemoryLayout::BLOCK_SHARDED,buffer_type=BufferType::L1,shard_spec=ShardSpec(grid={[(x=0,y=0) - (x=7,y=3)]},shape={32, 160},orientation=ShardOrientation::ROW_MAJOR),nd_shard_spec=NdShardSpec(shard_shape=Shape([32, 160]),grid={[(x=0,y=0) - (x=7,y=3)]},orientation=ShardOrientation::ROW_MAJOR,shard_distribution_strategy=ShardDistributionStrategy::GRID_2D),created_with_nd_shard_spec=0) and provided MemoryConfig(memory_layout=TensorMemoryLayout::BLOCK_SHARDED,buffer_type=BufferType::L1,shard_spec=ShardSpec(grid={[(x=0,y=0) - (x=7,y=7)]},shape={32, 160},orientation=ShardOrientation::ROW_MAJOR),nd_shard_spec=std::nullopt,created_with_nd_shard_spec=0) mem config. Using computed config. (matmul_op.cpp:1674)
2026-05-29 08:08:51.430 | INFO     | models.demos.wormhole.stable_diffusion.tt.ttnn_functional_unet_2d_condition_model_new_conv:__call__:491 - Up block 0
2026-05-29 08:08:51.432 | INFO     | models.demos.wormhole.stable_diffusion.tt.ttnn_functional_unet_2d_condition_model_new_conv:__call__:491 - Up block 1
2026-05-29 08:08:51.436 | INFO     | models.demos.wormhole.stable_diffusion.tt.ttnn_functional_unet_2d_condition_model_new_conv:__call__:491 - Up block 2
2026-05-29 08:08:51.444 | INFO     | models.demos.wormhole.stable_diffusion.tt.ttnn_functional_unet_2d_condition_model_new_conv:__call__:491 - Up block 3
  Step 39/41
2026-05-29 08:08:51.468 | INFO     | models.demos.wormhole.stable_diffusion.tt.ttnn_functional_unet_2d_condition_model_new_conv:__call__:406 - Down block 0
2026-05-29 08:08:51.474 | info     |              Op | act_block_h_override 2 is not a valid override for padded_output_height_ntiles_per_core 7, instead 1 was selected as closest valid option! (conv2d_utils.cpp:401)
2026-05-29 08:08:51.474 | INFO     | models.demos.wormhole.stable_diffusion.tt.ttnn_functional_unet_2d_condition_model_new_conv:__call__:406 - Down block 1
2026-05-29 08:08:51.479 | INFO     | models.demos.wormhole.stable_diffusion.tt.ttnn_functional_unet_2d_condition_model_new_conv:__call__:406 - Down block 2
2026-05-29 08:08:51.483 | INFO     | models.demos.wormhole.stable_diffusion.tt.ttnn_functional_unet_2d_condition_model_new_conv:__call__:406 - Down block 3
2026-05-29 08:08:51.484 | INFO     | models.demos.wormhole.stable_diffusion.tt.ttnn_functional_unet_2d_condition_model_new_conv:__call__:460 - Mid block
2026-05-29 08:08:51.484 | warning  |              Op | Mismatch between computed MemoryConfig(memory_layout=TensorMemoryLayout::BLOCK_SHARDED,buffer_type=BufferType::L1,shard_spec=ShardSpec(grid={[(x=0,y=0) - (x=7,y=3)]},shape={32, 160},orientation=ShardOrientation::ROW_MAJOR),nd_shard_spec=NdShardSpec(shard_shape=Shape([32, 160]),grid={[(x=0,y=0) - (x=7,y=3)]},orientation=ShardOrientation::ROW_MAJOR,shard_distribution_strategy=ShardDistributionStrategy::GRID_2D),created_with_nd_shard_spec=0) and provided MemoryConfig(memory_layout=TensorMemoryLayout::BLOCK_SHARDED,buffer_type=BufferType::L1,shard_spec=ShardSpec(grid={[(x=0,y=0) - (x=7,y=7)]},shape={32, 160},orientation=ShardOrientation::ROW_MAJOR),nd_shard_spec=std::nullopt,created_with_nd_shard_spec=0) mem config. Using computed config. (matmul_op.cpp:1674)
2026-05-29 08:08:51.486 | INFO     | models.demos.wormhole.stable_diffusion.tt.ttnn_functional_unet_2d_condition_model_new_conv:__call__:491 - Up block 0
2026-05-29 08:08:51.487 | INFO     | models.demos.wormhole.stable_diffusion.tt.ttnn_functional_unet_2d_condition_model_new_conv:__call__:491 - Up block 1
2026-05-29 08:08:51.492 | INFO     | models.demos.wormhole.stable_diffusion.tt.ttnn_functional_unet_2d_condition_model_new_conv:__call__:491 - Up block 2
2026-05-29 08:08:51.500 | INFO     | models.demos.wormhole.stable_diffusion.tt.ttnn_functional_unet_2d_condition_model_new_conv:__call__:491 - Up block 3
2026-05-29 08:08:51.520 | INFO     | models.demos.wormhole.stable_diffusion.tt.ttnn_functional_unet_2d_condition_model_new_conv:__call__:406 - Down block 0
2026-05-29 08:08:51.526 | info     |              Op | act_block_h_override 2 is not a valid override for padded_output_height_ntiles_per_core 7, instead 1 was selected as closest valid option! (conv2d_utils.cpp:401)
2026-05-29 08:08:51.526 | INFO     | models.demos.wormhole.stable_diffusion.tt.ttnn_functional_unet_2d_condition_model_new_conv:__call__:406 - Down block 1
2026-05-29 08:08:51.531 | INFO     | models.demos.wormhole.stable_diffusion.tt.ttnn_functional_unet_2d_condition_model_new_conv:__call__:406 - Down block 2
2026-05-29 08:08:51.535 | INFO     | models.demos.wormhole.stable_diffusion.tt.ttnn_functional_unet_2d_condition_model_new_conv:__call__:406 - Down block 3
2026-05-29 08:08:51.536 | INFO     | models.demos.wormhole.stable_diffusion.tt.ttnn_functional_unet_2d_condition_model_new_conv:__call__:460 - Mid block
2026-05-29 08:08:51.536 | warning  |              Op | Mismatch between computed MemoryConfig(memory_layout=TensorMemoryLayout::BLOCK_SHARDED,buffer_type=BufferType::L1,shard_spec=ShardSpec(grid={[(x=0,y=0) - (x=7,y=3)]},shape={32, 160},orientation=ShardOrientation::ROW_MAJOR),nd_shard_spec=NdShardSpec(shard_shape=Shape([32, 160]),grid={[(x=0,y=0) - (x=7,y=3)]},orientation=ShardOrientation::ROW_MAJOR,shard_distribution_strategy=ShardDistributionStrategy::GRID_2D),created_with_nd_shard_spec=0) and provided MemoryConfig(memory_layout=TensorMemoryLayout::BLOCK_SHARDED,buffer_type=BufferType::L1,shard_spec=ShardSpec(grid={[(x=0,y=0) - (x=7,y=7)]},shape={32, 160},orientation=ShardOrientation::ROW_MAJOR),nd_shard_spec=std::nullopt,created_with_nd_shard_spec=0) mem config. Using computed config. (matmul_op.cpp:1674)
2026-05-29 08:08:51.538 | INFO     | models.demos.wormhole.stable_diffusion.tt.ttnn_functional_unet_2d_condition_model_new_conv:__call__:491 - Up block 0
2026-05-29 08:08:51.539 | INFO     | models.demos.wormhole.stable_diffusion.tt.ttnn_functional_unet_2d_condition_model_new_conv:__call__:491 - Up block 1
2026-05-29 08:08:51.544 | INFO     | models.demos.wormhole.stable_diffusion.tt.ttnn_functional_unet_2d_condition_model_new_conv:__call__:491 - Up block 2
2026-05-29 08:08:51.552 | INFO     | models.demos.wormhole.stable_diffusion.tt.ttnn_functional_unet_2d_condition_model_new_conv:__call__:491 - Up block 3
2026-05-29 08:08:51.572 | INFO     | models.demos.wormhole.stable_diffusion.tt.ttnn_functional_unet_2d_condition_model_new_conv:__call__:406 - Down block 0
2026-05-29 08:08:51.578 | info     |              Op | act_block_h_override 2 is not a valid override for padded_output_height_ntiles_per_core 7, instead 1 was selected as closest valid option! (conv2d_utils.cpp:401)
2026-05-29 08:08:51.578 | INFO     | models.demos.wormhole.stable_diffusion.tt.ttnn_functional_unet_2d_condition_model_new_conv:__call__:406 - Down block 1
2026-05-29 08:08:51.583 | INFO     | models.demos.wormhole.stable_diffusion.tt.ttnn_functional_unet_2d_condition_model_new_conv:__call__:406 - Down block 2
2026-05-29 08:08:51.587 | INFO     | models.demos.wormhole.stable_diffusion.tt.ttnn_functional_unet_2d_condition_model_new_conv:__call__:406 - Down block 3
2026-05-29 08:08:51.587 | INFO     | models.demos.wormhole.stable_diffusion.tt.ttnn_functional_unet_2d_condition_model_new_conv:__call__:460 - Mid block
2026-05-29 08:08:51.588 | warning  |              Op | Mismatch between computed MemoryConfig(memory_layout=TensorMemoryLayout::BLOCK_SHARDED,buffer_type=BufferType::L1,shard_spec=ShardSpec(grid={[(x=0,y=0) - (x=7,y=3)]},shape={32, 160},orientation=ShardOrientation::ROW_MAJOR),nd_shard_spec=NdShardSpec(shard_shape=Shape([32, 160]),grid={[(x=0,y=0) - (x=7,y=3)]},orientation=ShardOrientation::ROW_MAJOR,shard_distribution_strategy=ShardDistributionStrategy::GRID_2D),created_with_nd_shard_spec=0) and provided MemoryConfig(memory_layout=TensorMemoryLayout::BLOCK_SHARDED,buffer_type=BufferType::L1,shard_spec=ShardSpec(grid={[(x=0,y=0) - (x=7,y=7)]},shape={32, 160},orientation=ShardOrientation::ROW_MAJOR),nd_shard_spec=std::nullopt,created_with_nd_shard_spec=0) mem config. Using computed config. (matmul_op.cpp:1674)
2026-05-29 08:08:51.589 | INFO     | models.demos.wormhole.stable_diffusion.tt.ttnn_functional_unet_2d_condition_model_new_conv:__call__:491 - Up block 0
2026-05-29 08:08:51.591 | INFO     | models.demos.wormhole.stable_diffusion.tt.ttnn_functional_unet_2d_condition_model_new_conv:__call__:491 - Up block 1
2026-05-29 08:08:51.595 | INFO     | models.demos.wormhole.stable_diffusion.tt.ttnn_functional_unet_2d_condition_model_new_conv:__call__:491 - Up block 2
2026-05-29 08:08:51.604 | INFO     | models.demos.wormhole.stable_diffusion.tt.ttnn_functional_unet_2d_condition_model_new_conv:__call__:491 - Up block 3
2026-05-29 08:08:51.625 | INFO     | models.demos.wormhole.stable_diffusion.tt.ttnn_functional_unet_2d_condition_model_new_conv:__call__:406 - Down block 0
2026-05-29 08:08:51.630 | info     |              Op | act_block_h_override 2 is not a valid override for padded_output_height_ntiles_per_core 7, instead 1 was selected as closest valid option! (conv2d_utils.cpp:401)
2026-05-29 08:08:51.630 | INFO     | models.demos.wormhole.stable_diffusion.tt.ttnn_functional_unet_2d_condition_model_new_conv:__call__:406 - Down block 1
2026-05-29 08:08:51.636 | INFO     | models.demos.wormhole.stable_diffusion.tt.ttnn_functional_unet_2d_condition_model_new_conv:__call__:406 - Down block 2
2026-05-29 08:08:51.639 | INFO     | models.demos.wormhole.stable_diffusion.tt.ttnn_functional_unet_2d_condition_model_new_conv:__call__:406 - Down block 3
2026-05-29 08:08:51.639 | INFO     | models.demos.wormhole.stable_diffusion.tt.ttnn_functional_unet_2d_condition_model_new_conv:__call__:460 - Mid block
2026-05-29 08:08:51.640 | warning  |              Op | Mismatch between computed MemoryConfig(memory_layout=TensorMemoryLayout::BLOCK_SHARDED,buffer_type=BufferType::L1,shard_spec=ShardSpec(grid={[(x=0,y=0) - (x=7,y=3)]},shape={32, 160},orientation=ShardOrientation::ROW_MAJOR),nd_shard_spec=NdShardSpec(shard_shape=Shape([32, 160]),grid={[(x=0,y=0) - (x=7,y=3)]},orientation=ShardOrientation::ROW_MAJOR,shard_distribution_strategy=ShardDistributionStrategy::GRID_2D),created_with_nd_shard_spec=0) and provided MemoryConfig(memory_layout=TensorMemoryLayout::BLOCK_SHARDED,buffer_type=BufferType::L1,shard_spec=ShardSpec(grid={[(x=0,y=0) - (x=7,y=7)]},shape={32, 160},orientation=ShardOrientation::ROW_MAJOR),nd_shard_spec=std::nullopt,created_with_nd_shard_spec=0) mem config. Using computed config. (matmul_op.cpp:1674)
2026-05-29 08:08:51.641 | INFO     | models.demos.wormhole.stable_diffusion.tt.ttnn_functional_unet_2d_condition_model_new_conv:__call__:491 - Up block 0
2026-05-29 08:08:51.642 | INFO     | models.demos.wormhole.stable_diffusion.tt.ttnn_functional_unet_2d_condition_model_new_conv:__call__:491 - Up block 1
2026-05-29 08:08:51.647 | INFO     | models.demos.wormhole.stable_diffusion.tt.ttnn_functional_unet_2d_condition_model_new_conv:__call__:491 - Up block 2
2026-05-29 08:08:51.655 | INFO     | models.demos.wormhole.stable_diffusion.tt.ttnn_functional_unet_2d_condition_model_new_conv:__call__:491 - Up block 3
2026-05-29 08:08:51.676 | INFO     | models.demos.wormhole.stable_diffusion.tt.ttnn_functional_unet_2d_condition_model_new_conv:__call__:406 - Down block 0
2026-05-29 08:08:51.682 | info     |              Op | act_block_h_override 2 is not a valid override for padded_output_height_ntiles_per_core 7, instead 1 was selected as closest valid option! (conv2d_utils.cpp:401)
2026-05-29 08:08:51.682 | INFO     | models.demos.wormhole.stable_diffusion.tt.ttnn_functional_unet_2d_condition_model_new_conv:__call__:406 - Down block 1
2026-05-29 08:08:51.688 | INFO     | models.demos.wormhole.stable_diffusion.tt.ttnn_functional_unet_2d_condition_model_new_conv:__call__:406 - Down block 2
2026-05-29 08:08:51.691 | INFO     | models.demos.wormhole.stable_diffusion.tt.ttnn_functional_unet_2d_condition_model_new_conv:__call__:406 - Down block 3
2026-05-29 08:08:51.692 | INFO     | models.demos.wormhole.stable_diffusion.tt.ttnn_functional_unet_2d_condition_model_new_conv:__call__:460 - Mid block
2026-05-29 08:08:51.692 | warning  |              Op | Mismatch between computed MemoryConfig(memory_layout=TensorMemoryLayout::BLOCK_SHARDED,buffer_type=BufferType::L1,shard_spec=ShardSpec(grid={[(x=0,y=0) - (x=7,y=3)]},shape={32, 160},orientation=ShardOrientation::ROW_MAJOR),nd_shard_spec=NdShardSpec(shard_shape=Shape([32, 160]),grid={[(x=0,y=0) - (x=7,y=3)]},orientation=ShardOrientation::ROW_MAJOR,shard_distribution_strategy=ShardDistributionStrategy::GRID_2D),created_with_nd_shard_spec=0) and provided MemoryConfig(memory_layout=TensorMemoryLayout::BLOCK_SHARDED,buffer_type=BufferType::L1,shard_spec=ShardSpec(grid={[(x=0,y=0) - (x=7,y=7)]},shape={32, 160},orientation=ShardOrientation::ROW_MAJOR),nd_shard_spec=std::nullopt,created_with_nd_shard_spec=0) mem config. Using computed config. (matmul_op.cpp:1674)
2026-05-29 08:08:51.694 | INFO     | models.demos.wormhole.stable_diffusion.tt.ttnn_functional_unet_2d_condition_model_new_conv:__call__:491 - Up block 0
2026-05-29 08:08:51.695 | INFO     | models.demos.wormhole.stable_diffusion.tt.ttnn_functional_unet_2d_condition_model_new_conv:__call__:491 - Up block 1
2026-05-29 08:08:51.700 | INFO     | models.demos.wormhole.stable_diffusion.tt.ttnn_functional_unet_2d_condition_model_new_conv:__call__:491 - Up block 2
2026-05-29 08:08:51.708 | INFO     | models.demos.wormhole.stable_diffusion.tt.ttnn_functional_unet_2d_condition_model_new_conv:__call__:491 - Up block 3
2026-05-29 08:08:51.728 | INFO     | models.demos.wormhole.stable_diffusion.tt.ttnn_functional_unet_2d_condition_model_new_conv:__call__:406 - Down block 0
2026-05-29 08:08:51.734 | info     |              Op | act_block_h_override 2 is not a valid override for padded_output_height_ntiles_per_core 7, instead 1 was selected as closest valid option! (conv2d_utils.cpp:401)
2026-05-29 08:08:51.734 | INFO     | models.demos.wormhole.stable_diffusion.tt.ttnn_functional_unet_2d_condition_model_new_conv:__call__:406 - Down block 1
2026-05-29 08:08:51.739 | INFO     | models.demos.wormhole.stable_diffusion.tt.ttnn_functional_unet_2d_condition_model_new_conv:__call__:406 - Down block 2
2026-05-29 08:08:51.743 | INFO     | models.demos.wormhole.stable_diffusion.tt.ttnn_functional_unet_2d_condition_model_new_conv:__call__:406 - Down block 3
2026-05-29 08:08:51.743 | INFO     | models.demos.wormhole.stable_diffusion.tt.ttnn_functional_unet_2d_condition_model_new_conv:__call__:460 - Mid block
2026-05-29 08:08:51.744 | warning  |              Op | Mismatch between computed MemoryConfig(memory_layout=TensorMemoryLayout::BLOCK_SHARDED,buffer_type=BufferType::L1,shard_spec=ShardSpec(grid={[(x=0,y=0) - (x=7,y=3)]},shape={32, 160},orientation=ShardOrientation::ROW_MAJOR),nd_shard_spec=NdShardSpec(shard_shape=Shape([32, 160]),grid={[(x=0,y=0) - (x=7,y=3)]},orientation=ShardOrientation::ROW_MAJOR,shard_distribution_strategy=ShardDistributionStrategy::GRID_2D),created_with_nd_shard_spec=0) and provided MemoryConfig(memory_layout=TensorMemoryLayout::BLOCK_SHARDED,buffer_type=BufferType::L1,shard_spec=ShardSpec(grid={[(x=0,y=0) - (x=7,y=7)]},shape={32, 160},orientation=ShardOrientation::ROW_MAJOR),nd_shard_spec=std::nullopt,created_with_nd_shard_spec=0) mem config. Using computed config. (matmul_op.cpp:1674)
2026-05-29 08:08:51.745 | INFO     | models.demos.wormhole.stable_diffusion.tt.ttnn_functional_unet_2d_condition_model_new_conv:__call__:491 - Up block 0
2026-05-29 08:08:51.746 | INFO     | models.demos.wormhole.stable_diffusion.tt.ttnn_functional_unet_2d_condition_model_new_conv:__call__:491 - Up block 1
2026-05-29 08:08:51.751 | INFO     | models.demos.wormhole.stable_diffusion.tt.ttnn_functional_unet_2d_condition_model_new_conv:__call__:491 - Up block 2
2026-05-29 08:08:51.759 | INFO     | models.demos.wormhole.stable_diffusion.tt.ttnn_functional_unet_2d_condition_model_new_conv:__call__:491 - Up block 3
2026-05-29 08:08:51.780 | INFO     | models.demos.wormhole.stable_diffusion.tt.ttnn_functional_unet_2d_condition_model_new_conv:__call__:406 - Down block 0
2026-05-29 08:08:51.786 | info     |              Op | act_block_h_override 2 is not a valid override for padded_output_height_ntiles_per_core 7, instead 1 was selected as closest valid option! (conv2d_utils.cpp:401)
2026-05-29 08:08:51.786 | INFO     | models.demos.wormhole.stable_diffusion.tt.ttnn_functional_unet_2d_condition_model_new_conv:__call__:406 - Down block 1
2026-05-29 08:08:51.791 | INFO     | models.demos.wormhole.stable_diffusion.tt.ttnn_functional_unet_2d_condition_model_new_conv:__call__:406 - Down block 2
2026-05-29 08:08:51.794 | INFO     | models.demos.wormhole.stable_diffusion.tt.ttnn_functional_unet_2d_condition_model_new_conv:__call__:406 - Down block 3
2026-05-29 08:08:51.795 | INFO     | models.demos.wormhole.stable_diffusion.tt.ttnn_functional_unet_2d_condition_model_new_conv:__call__:460 - Mid block
2026-05-29 08:08:51.796 | warning  |              Op | Mismatch between computed MemoryConfig(memory_layout=TensorMemoryLayout::BLOCK_SHARDED,buffer_type=BufferType::L1,shard_spec=ShardSpec(grid={[(x=0,y=0) - (x=7,y=3)]},shape={32, 160},orientation=ShardOrientation::ROW_MAJOR),nd_shard_spec=NdShardSpec(shard_shape=Shape([32, 160]),grid={[(x=0,y=0) - (x=7,y=3)]},orientation=ShardOrientation::ROW_MAJOR,shard_distribution_strategy=ShardDistributionStrategy::GRID_2D),created_with_nd_shard_spec=0) and provided MemoryConfig(memory_layout=TensorMemoryLayout::BLOCK_SHARDED,buffer_type=BufferType::L1,shard_spec=ShardSpec(grid={[(x=0,y=0) - (x=7,y=7)]},shape={32, 160},orientation=ShardOrientation::ROW_MAJOR),nd_shard_spec=std::nullopt,created_with_nd_shard_spec=0) mem config. Using computed config. (matmul_op.cpp:1674)
2026-05-29 08:08:51.797 | INFO     | models.demos.wormhole.stable_diffusion.tt.ttnn_functional_unet_2d_condition_model_new_conv:__call__:491 - Up block 0
2026-05-29 08:08:51.798 | INFO     | models.demos.wormhole.stable_diffusion.tt.ttnn_functional_unet_2d_condition_model_new_conv:__call__:491 - Up block 1
2026-05-29 08:08:51.803 | INFO     | models.demos.wormhole.stable_diffusion.tt.ttnn_functional_unet_2d_condition_model_new_conv:__call__:491 - Up block 2
2026-05-29 08:08:51.811 | INFO     | models.demos.wormhole.stable_diffusion.tt.ttnn_functional_unet_2d_condition_model_new_conv:__call__:491 - Up block 3
2026-05-29 08:08:51.832 | INFO     | models.demos.wormhole.stable_diffusion.tt.ttnn_functional_unet_2d_condition_model_new_conv:__call__:406 - Down block 0
2026-05-29 08:08:51.838 | info     |              Op | act_block_h_override 2 is not a valid override for padded_output_height_ntiles_per_core 7, instead 1 was selected as closest valid option! (conv2d_utils.cpp:401)
2026-05-29 08:08:51.838 | INFO     | models.demos.wormhole.stable_diffusion.tt.ttnn_functional_unet_2d_condition_model_new_conv:__call__:406 - Down block 1
2026-05-29 08:08:51.843 | INFO     | models.demos.wormhole.stable_diffusion.tt.ttnn_functional_unet_2d_condition_model_new_conv:__call__:406 - Down block 2
2026-05-29 08:08:51.847 | INFO     | models.demos.wormhole.stable_diffusion.tt.ttnn_functional_unet_2d_condition_model_new_conv:__call__:406 - Down block 3
2026-05-29 08:08:51.848 | INFO     | models.demos.wormhole.stable_diffusion.tt.ttnn_functional_unet_2d_condition_model_new_conv:__call__:460 - Mid block
2026-05-29 08:08:51.848 | warning  |              Op | Mismatch between computed MemoryConfig(memory_layout=TensorMemoryLayout::BLOCK_SHARDED,buffer_type=BufferType::L1,shard_spec=ShardSpec(grid={[(x=0,y=0) - (x=7,y=3)]},shape={32, 160},orientation=ShardOrientation::ROW_MAJOR),nd_shard_spec=NdShardSpec(shard_shape=Shape([32, 160]),grid={[(x=0,y=0) - (x=7,y=3)]},orientation=ShardOrientation::ROW_MAJOR,shard_distribution_strategy=ShardDistributionStrategy::GRID_2D),created_with_nd_shard_spec=0) and provided MemoryConfig(memory_layout=TensorMemoryLayout::BLOCK_SHARDED,buffer_type=BufferType::L1,shard_spec=ShardSpec(grid={[(x=0,y=0) - (x=7,y=7)]},shape={32, 160},orientation=ShardOrientation::ROW_MAJOR),nd_shard_spec=std::nullopt,created_with_nd_shard_spec=0) mem config. Using computed config. (matmul_op.cpp:1674)
2026-05-29 08:08:51.850 | INFO     | models.demos.wormhole.stable_diffusion.tt.ttnn_functional_unet_2d_condition_model_new_conv:__call__:491 - Up block 0
2026-05-29 08:08:51.851 | INFO     | models.demos.wormhole.stable_diffusion.tt.ttnn_functional_unet_2d_condition_model_new_conv:__call__:491 - Up block 1
2026-05-29 08:08:51.856 | INFO     | models.demos.wormhole.stable_diffusion.tt.ttnn_functional_unet_2d_condition_model_new_conv:__call__:491 - Up block 2
2026-05-29 08:08:51.864 | INFO     | models.demos.wormhole.stable_diffusion.tt.ttnn_functional_unet_2d_condition_model_new_conv:__call__:491 - Up block 3
  Step 40/41
2026-05-29 08:08:51.886 | INFO     | models.demos.wormhole.stable_diffusion.tt.ttnn_functional_unet_2d_condition_model_new_conv:__call__:406 - Down block 0
2026-05-29 08:08:51.892 | info     |              Op | act_block_h_override 2 is not a valid override for padded_output_height_ntiles_per_core 7, instead 1 was selected as closest valid option! (conv2d_utils.cpp:401)
2026-05-29 08:08:51.892 | INFO     | models.demos.wormhole.stable_diffusion.tt.ttnn_functional_unet_2d_condition_model_new_conv:__call__:406 - Down block 1
2026-05-29 08:08:51.897 | INFO     | models.demos.wormhole.stable_diffusion.tt.ttnn_functional_unet_2d_condition_model_new_conv:__call__:406 - Down block 2
2026-05-29 08:08:51.901 | INFO     | models.demos.wormhole.stable_diffusion.tt.ttnn_functional_unet_2d_condition_model_new_conv:__call__:406 - Down block 3
2026-05-29 08:08:51.902 | INFO     | models.demos.wormhole.stable_diffusion.tt.ttnn_functional_unet_2d_condition_model_new_conv:__call__:460 - Mid block
2026-05-29 08:08:51.902 | warning  |              Op | Mismatch between computed MemoryConfig(memory_layout=TensorMemoryLayout::BLOCK_SHARDED,buffer_type=BufferType::L1,shard_spec=ShardSpec(grid={[(x=0,y=0) - (x=7,y=3)]},shape={32, 160},orientation=ShardOrientation::ROW_MAJOR),nd_shard_spec=NdShardSpec(shard_shape=Shape([32, 160]),grid={[(x=0,y=0) - (x=7,y=3)]},orientation=ShardOrientation::ROW_MAJOR,shard_distribution_strategy=ShardDistributionStrategy::GRID_2D),created_with_nd_shard_spec=0) and provided MemoryConfig(memory_layout=TensorMemoryLayout::BLOCK_SHARDED,buffer_type=BufferType::L1,shard_spec=ShardSpec(grid={[(x=0,y=0) - (x=7,y=7)]},shape={32, 160},orientation=ShardOrientation::ROW_MAJOR),nd_shard_spec=std::nullopt,created_with_nd_shard_spec=0) mem config. Using computed config. (matmul_op.cpp:1674)
2026-05-29 08:08:51.904 | INFO     | models.demos.wormhole.stable_diffusion.tt.ttnn_functional_unet_2d_condition_model_new_conv:__call__:491 - Up block 0
2026-05-29 08:08:51.905 | INFO     | models.demos.wormhole.stable_diffusion.tt.ttnn_functional_unet_2d_condition_model_new_conv:__call__:491 - Up block 1
2026-05-29 08:08:51.910 | INFO     | models.demos.wormhole.stable_diffusion.tt.ttnn_functional_unet_2d_condition_model_new_conv:__call__:491 - Up block 2
2026-05-29 08:08:51.918 | INFO     | models.demos.wormhole.stable_diffusion.tt.ttnn_functional_unet_2d_condition_model_new_conv:__call__:491 - Up block 3
2026-05-29 08:08:51.938 | INFO     | models.demos.wormhole.stable_diffusion.tt.ttnn_functional_unet_2d_condition_model_new_conv:__call__:406 - Down block 0
2026-05-29 08:08:51.944 | info     |              Op | act_block_h_override 2 is not a valid override for padded_output_height_ntiles_per_core 7, instead 1 was selected as closest valid option! (conv2d_utils.cpp:401)
2026-05-29 08:08:51.944 | INFO     | models.demos.wormhole.stable_diffusion.tt.ttnn_functional_unet_2d_condition_model_new_conv:__call__:406 - Down block 1
2026-05-29 08:08:51.950 | INFO     | models.demos.wormhole.stable_diffusion.tt.ttnn_functional_unet_2d_condition_model_new_conv:__call__:406 - Down block 2
2026-05-29 08:08:51.953 | INFO     | models.demos.wormhole.stable_diffusion.tt.ttnn_functional_unet_2d_condition_model_new_conv:__call__:406 - Down block 3
2026-05-29 08:08:51.954 | INFO     | models.demos.wormhole.stable_diffusion.tt.ttnn_functional_unet_2d_condition_model_new_conv:__call__:460 - Mid block
2026-05-29 08:08:51.954 | warning  |              Op | Mismatch between computed MemoryConfig(memory_layout=TensorMemoryLayout::BLOCK_SHARDED,buffer_type=BufferType::L1,shard_spec=ShardSpec(grid={[(x=0,y=0) - (x=7,y=3)]},shape={32, 160},orientation=ShardOrientation::ROW_MAJOR),nd_shard_spec=NdShardSpec(shard_shape=Shape([32, 160]),grid={[(x=0,y=0) - (x=7,y=3)]},orientation=ShardOrientation::ROW_MAJOR,shard_distribution_strategy=ShardDistributionStrategy::GRID_2D),created_with_nd_shard_spec=0) and provided MemoryConfig(memory_layout=TensorMemoryLayout::BLOCK_SHARDED,buffer_type=BufferType::L1,shard_spec=ShardSpec(grid={[(x=0,y=0) - (x=7,y=7)]},shape={32, 160},orientation=ShardOrientation::ROW_MAJOR),nd_shard_spec=std::nullopt,created_with_nd_shard_spec=0) mem config. Using computed config. (matmul_op.cpp:1674)
2026-05-29 08:08:51.956 | INFO     | models.demos.wormhole.stable_diffusion.tt.ttnn_functional_unet_2d_condition_model_new_conv:__call__:491 - Up block 0
2026-05-29 08:08:51.957 | INFO     | models.demos.wormhole.stable_diffusion.tt.ttnn_functional_unet_2d_condition_model_new_conv:__call__:491 - Up block 1
2026-05-29 08:08:51.962 | INFO     | models.demos.wormhole.stable_diffusion.tt.ttnn_functional_unet_2d_condition_model_new_conv:__call__:491 - Up block 2
2026-05-29 08:08:51.970 | INFO     | models.demos.wormhole.stable_diffusion.tt.ttnn_functional_unet_2d_condition_model_new_conv:__call__:491 - Up block 3
2026-05-29 08:08:51.990 | INFO     | models.demos.wormhole.stable_diffusion.tt.ttnn_functional_unet_2d_condition_model_new_conv:__call__:406 - Down block 0
2026-05-29 08:08:51.996 | info     |              Op | act_block_h_override 2 is not a valid override for padded_output_height_ntiles_per_core 7, instead 1 was selected as closest valid option! (conv2d_utils.cpp:401)
2026-05-29 08:08:51.996 | INFO     | models.demos.wormhole.stable_diffusion.tt.ttnn_functional_unet_2d_condition_model_new_conv:__call__:406 - Down block 1
2026-05-29 08:08:52.002 | INFO     | models.demos.wormhole.stable_diffusion.tt.ttnn_functional_unet_2d_condition_model_new_conv:__call__:406 - Down block 2
2026-05-29 08:08:52.005 | INFO     | models.demos.wormhole.stable_diffusion.tt.ttnn_functional_unet_2d_condition_model_new_conv:__call__:406 - Down block 3
2026-05-29 08:08:52.006 | INFO     | models.demos.wormhole.stable_diffusion.tt.ttnn_functional_unet_2d_condition_model_new_conv:__call__:460 - Mid block
2026-05-29 08:08:52.007 | warning  |              Op | Mismatch between computed MemoryConfig(memory_layout=TensorMemoryLayout::BLOCK_SHARDED,buffer_type=BufferType::L1,shard_spec=ShardSpec(grid={[(x=0,y=0) - (x=7,y=3)]},shape={32, 160},orientation=ShardOrientation::ROW_MAJOR),nd_shard_spec=NdShardSpec(shard_shape=Shape([32, 160]),grid={[(x=0,y=0) - (x=7,y=3)]},orientation=ShardOrientation::ROW_MAJOR,shard_distribution_strategy=ShardDistributionStrategy::GRID_2D),created_with_nd_shard_spec=0) and provided MemoryConfig(memory_layout=TensorMemoryLayout::BLOCK_SHARDED,buffer_type=BufferType::L1,shard_spec=ShardSpec(grid={[(x=0,y=0) - (x=7,y=7)]},shape={32, 160},orientation=ShardOrientation::ROW_MAJOR),nd_shard_spec=std::nullopt,created_with_nd_shard_spec=0) mem config. Using computed config. (matmul_op.cpp:1674)
2026-05-29 08:08:52.008 | INFO     | models.demos.wormhole.stable_diffusion.tt.ttnn_functional_unet_2d_condition_model_new_conv:__call__:491 - Up block 0
2026-05-29 08:08:52.009 | INFO     | models.demos.wormhole.stable_diffusion.tt.ttnn_functional_unet_2d_condition_model_new_conv:__call__:491 - Up block 1
2026-05-29 08:08:52.014 | INFO     | models.demos.wormhole.stable_diffusion.tt.ttnn_functional_unet_2d_condition_model_new_conv:__call__:491 - Up block 2
2026-05-29 08:08:52.023 | INFO     | models.demos.wormhole.stable_diffusion.tt.ttnn_functional_unet_2d_condition_model_new_conv:__call__:491 - Up block 3
2026-05-29 08:08:52.043 | INFO     | models.demos.wormhole.stable_diffusion.tt.ttnn_functional_unet_2d_condition_model_new_conv:__call__:406 - Down block 0
2026-05-29 08:08:52.048 | info     |              Op | act_block_h_override 2 is not a valid override for padded_output_height_ntiles_per_core 7, instead 1 was selected as closest valid option! (conv2d_utils.cpp:401)
2026-05-29 08:08:52.048 | INFO     | models.demos.wormhole.stable_diffusion.tt.ttnn_functional_unet_2d_condition_model_new_conv:__call__:406 - Down block 1
2026-05-29 08:08:52.054 | INFO     | models.demos.wormhole.stable_diffusion.tt.ttnn_functional_unet_2d_condition_model_new_conv:__call__:406 - Down block 2
2026-05-29 08:08:52.057 | INFO     | models.demos.wormhole.stable_diffusion.tt.ttnn_functional_unet_2d_condition_model_new_conv:__call__:406 - Down block 3
2026-05-29 08:08:52.058 | INFO     | models.demos.wormhole.stable_diffusion.tt.ttnn_functional_unet_2d_condition_model_new_conv:__call__:460 - Mid block
2026-05-29 08:08:52.059 | warning  |              Op | Mismatch between computed MemoryConfig(memory_layout=TensorMemoryLayout::BLOCK_SHARDED,buffer_type=BufferType::L1,shard_spec=ShardSpec(grid={[(x=0,y=0) - (x=7,y=3)]},shape={32, 160},orientation=ShardOrientation::ROW_MAJOR),nd_shard_spec=NdShardSpec(shard_shape=Shape([32, 160]),grid={[(x=0,y=0) - (x=7,y=3)]},orientation=ShardOrientation::ROW_MAJOR,shard_distribution_strategy=ShardDistributionStrategy::GRID_2D),created_with_nd_shard_spec=0) and provided MemoryConfig(memory_layout=TensorMemoryLayout::BLOCK_SHARDED,buffer_type=BufferType::L1,shard_spec=ShardSpec(grid={[(x=0,y=0) - (x=7,y=7)]},shape={32, 160},orientation=ShardOrientation::ROW_MAJOR),nd_shard_spec=std::nullopt,created_with_nd_shard_spec=0) mem config. Using computed config. (matmul_op.cpp:1674)
2026-05-29 08:08:52.060 | INFO     | models.demos.wormhole.stable_diffusion.tt.ttnn_functional_unet_2d_condition_model_new_conv:__call__:491 - Up block 0
2026-05-29 08:08:52.061 | INFO     | models.demos.wormhole.stable_diffusion.tt.ttnn_functional_unet_2d_condition_model_new_conv:__call__:491 - Up block 1
2026-05-29 08:08:52.066 | INFO     | models.demos.wormhole.stable_diffusion.tt.ttnn_functional_unet_2d_condition_model_new_conv:__call__:491 - Up block 2
2026-05-29 08:08:52.074 | INFO     | models.demos.wormhole.stable_diffusion.tt.ttnn_functional_unet_2d_condition_model_new_conv:__call__:491 - Up block 3
2026-05-29 08:08:52.094 | INFO     | models.demos.wormhole.stable_diffusion.tt.ttnn_functional_unet_2d_condition_model_new_conv:__call__:406 - Down block 0
2026-05-29 08:08:52.100 | info     |              Op | act_block_h_override 2 is not a valid override for padded_output_height_ntiles_per_core 7, instead 1 was selected as closest valid option! (conv2d_utils.cpp:401)
2026-05-29 08:08:52.100 | INFO     | models.demos.wormhole.stable_diffusion.tt.ttnn_functional_unet_2d_condition_model_new_conv:__call__:406 - Down block 1
2026-05-29 08:08:52.106 | INFO     | models.demos.wormhole.stable_diffusion.tt.ttnn_functional_unet_2d_condition_model_new_conv:__call__:406 - Down block 2
2026-05-29 08:08:52.109 | INFO     | models.demos.wormhole.stable_diffusion.tt.ttnn_functional_unet_2d_condition_model_new_conv:__call__:406 - Down block 3
2026-05-29 08:08:52.110 | INFO     | models.demos.wormhole.stable_diffusion.tt.ttnn_functional_unet_2d_condition_model_new_conv:__call__:460 - Mid block
2026-05-29 08:08:52.110 | warning  |              Op | Mismatch between computed MemoryConfig(memory_layout=TensorMemoryLayout::BLOCK_SHARDED,buffer_type=BufferType::L1,shard_spec=ShardSpec(grid={[(x=0,y=0) - (x=7,y=3)]},shape={32, 160},orientation=ShardOrientation::ROW_MAJOR),nd_shard_spec=NdShardSpec(shard_shape=Shape([32, 160]),grid={[(x=0,y=0) - (x=7,y=3)]},orientation=ShardOrientation::ROW_MAJOR,shard_distribution_strategy=ShardDistributionStrategy::GRID_2D),created_with_nd_shard_spec=0) and provided MemoryConfig(memory_layout=TensorMemoryLayout::BLOCK_SHARDED,buffer_type=BufferType::L1,shard_spec=ShardSpec(grid={[(x=0,y=0) - (x=7,y=7)]},shape={32, 160},orientation=ShardOrientation::ROW_MAJOR),nd_shard_spec=std::nullopt,created_with_nd_shard_spec=0) mem config. Using computed config. (matmul_op.cpp:1674)
2026-05-29 08:08:52.112 | INFO     | models.demos.wormhole.stable_diffusion.tt.ttnn_functional_unet_2d_condition_model_new_conv:__call__:491 - Up block 0
2026-05-29 08:08:52.113 | INFO     | models.demos.wormhole.stable_diffusion.tt.ttnn_functional_unet_2d_condition_model_new_conv:__call__:491 - Up block 1
2026-05-29 08:08:52.118 | INFO     | models.demos.wormhole.stable_diffusion.tt.ttnn_functional_unet_2d_condition_model_new_conv:__call__:491 - Up block 2
2026-05-29 08:08:52.127 | INFO     | models.demos.wormhole.stable_diffusion.tt.ttnn_functional_unet_2d_condition_model_new_conv:__call__:491 - Up block 3
2026-05-29 08:08:52.147 | INFO     | models.demos.wormhole.stable_diffusion.tt.ttnn_functional_unet_2d_condition_model_new_conv:__call__:406 - Down block 0
2026-05-29 08:08:52.153 | info     |              Op | act_block_h_override 2 is not a valid override for padded_output_height_ntiles_per_core 7, instead 1 was selected as closest valid option! (conv2d_utils.cpp:401)
2026-05-29 08:08:52.153 | INFO     | models.demos.wormhole.stable_diffusion.tt.ttnn_functional_unet_2d_condition_model_new_conv:__call__:406 - Down block 1
2026-05-29 08:08:52.159 | INFO     | models.demos.wormhole.stable_diffusion.tt.ttnn_functional_unet_2d_condition_model_new_conv:__call__:406 - Down block 2
2026-05-29 08:08:52.162 | INFO     | models.demos.wormhole.stable_diffusion.tt.ttnn_functional_unet_2d_condition_model_new_conv:__call__:406 - Down block 3
2026-05-29 08:08:52.163 | INFO     | models.demos.wormhole.stable_diffusion.tt.ttnn_functional_unet_2d_condition_model_new_conv:__call__:460 - Mid block
2026-05-29 08:08:52.163 | warning  |              Op | Mismatch between computed MemoryConfig(memory_layout=TensorMemoryLayout::BLOCK_SHARDED,buffer_type=BufferType::L1,shard_spec=ShardSpec(grid={[(x=0,y=0) - (x=7,y=3)]},shape={32, 160},orientation=ShardOrientation::ROW_MAJOR),nd_shard_spec=NdShardSpec(shard_shape=Shape([32, 160]),grid={[(x=0,y=0) - (x=7,y=3)]},orientation=ShardOrientation::ROW_MAJOR,shard_distribution_strategy=ShardDistributionStrategy::GRID_2D),created_with_nd_shard_spec=0) and provided MemoryConfig(memory_layout=TensorMemoryLayout::BLOCK_SHARDED,buffer_type=BufferType::L1,shard_spec=ShardSpec(grid={[(x=0,y=0) - (x=7,y=7)]},shape={32, 160},orientation=ShardOrientation::ROW_MAJOR),nd_shard_spec=std::nullopt,created_with_nd_shard_spec=0) mem config. Using computed config. (matmul_op.cpp:1674)
2026-05-29 08:08:52.165 | INFO     | models.demos.wormhole.stable_diffusion.tt.ttnn_functional_unet_2d_condition_model_new_conv:__call__:491 - Up block 0
2026-05-29 08:08:52.166 | INFO     | models.demos.wormhole.stable_diffusion.tt.ttnn_functional_unet_2d_condition_model_new_conv:__call__:491 - Up block 1
2026-05-29 08:08:52.171 | INFO     | models.demos.wormhole.stable_diffusion.tt.ttnn_functional_unet_2d_condition_model_new_conv:__call__:491 - Up block 2
2026-05-29 08:08:52.179 | INFO     | models.demos.wormhole.stable_diffusion.tt.ttnn_functional_unet_2d_condition_model_new_conv:__call__:491 - Up block 3
2026-05-29 08:08:52.199 | INFO     | models.demos.wormhole.stable_diffusion.tt.ttnn_functional_unet_2d_condition_model_new_conv:__call__:406 - Down block 0
2026-05-29 08:08:52.205 | info     |              Op | act_block_h_override 2 is not a valid override for padded_output_height_ntiles_per_core 7, instead 1 was selected as closest valid option! (conv2d_utils.cpp:401)
2026-05-29 08:08:52.205 | INFO     | models.demos.wormhole.stable_diffusion.tt.ttnn_functional_unet_2d_condition_model_new_conv:__call__:406 - Down block 1
2026-05-29 08:08:52.210 | INFO     | models.demos.wormhole.stable_diffusion.tt.ttnn_functional_unet_2d_condition_model_new_conv:__call__:406 - Down block 2
2026-05-29 08:08:52.214 | INFO     | models.demos.wormhole.stable_diffusion.tt.ttnn_functional_unet_2d_condition_model_new_conv:__call__:406 - Down block 3
2026-05-29 08:08:52.214 | INFO     | models.demos.wormhole.stable_diffusion.tt.ttnn_functional_unet_2d_condition_model_new_conv:__call__:460 - Mid block
2026-05-29 08:08:52.215 | warning  |              Op | Mismatch between computed MemoryConfig(memory_layout=TensorMemoryLayout::BLOCK_SHARDED,buffer_type=BufferType::L1,shard_spec=ShardSpec(grid={[(x=0,y=0) - (x=7,y=3)]},shape={32, 160},orientation=ShardOrientation::ROW_MAJOR),nd_shard_spec=NdShardSpec(shard_shape=Shape([32, 160]),grid={[(x=0,y=0) - (x=7,y=3)]},orientation=ShardOrientation::ROW_MAJOR,shard_distribution_strategy=ShardDistributionStrategy::GRID_2D),created_with_nd_shard_spec=0) and provided MemoryConfig(memory_layout=TensorMemoryLayout::BLOCK_SHARDED,buffer_type=BufferType::L1,shard_spec=ShardSpec(grid={[(x=0,y=0) - (x=7,y=7)]},shape={32, 160},orientation=ShardOrientation::ROW_MAJOR),nd_shard_spec=std::nullopt,created_with_nd_shard_spec=0) mem config. Using computed config. (matmul_op.cpp:1674)
2026-05-29 08:08:52.216 | INFO     | models.demos.wormhole.stable_diffusion.tt.ttnn_functional_unet_2d_condition_model_new_conv:__call__:491 - Up block 0
2026-05-29 08:08:52.218 | INFO     | models.demos.wormhole.stable_diffusion.tt.ttnn_functional_unet_2d_condition_model_new_conv:__call__:491 - Up block 1
2026-05-29 08:08:52.222 | INFO     | models.demos.wormhole.stable_diffusion.tt.ttnn_functional_unet_2d_condition_model_new_conv:__call__:491 - Up block 2
2026-05-29 08:08:52.231 | INFO     | models.demos.wormhole.stable_diffusion.tt.ttnn_functional_unet_2d_condition_model_new_conv:__call__:491 - Up block 3
2026-05-29 08:08:52.251 | INFO     | models.demos.wormhole.stable_diffusion.tt.ttnn_functional_unet_2d_condition_model_new_conv:__call__:406 - Down block 0
2026-05-29 08:08:52.257 | info     |              Op | act_block_h_override 2 is not a valid override for padded_output_height_ntiles_per_core 7, instead 1 was selected as closest valid option! (conv2d_utils.cpp:401)
2026-05-29 08:08:52.257 | INFO     | models.demos.wormhole.stable_diffusion.tt.ttnn_functional_unet_2d_condition_model_new_conv:__call__:406 - Down block 1
2026-05-29 08:08:52.262 | INFO     | models.demos.wormhole.stable_diffusion.tt.ttnn_functional_unet_2d_condition_model_new_conv:__call__:406 - Down block 2
2026-05-29 08:08:52.265 | INFO     | models.demos.wormhole.stable_diffusion.tt.ttnn_functional_unet_2d_condition_model_new_conv:__call__:406 - Down block 3
2026-05-29 08:08:52.266 | INFO     | models.demos.wormhole.stable_diffusion.tt.ttnn_functional_unet_2d_condition_model_new_conv:__call__:460 - Mid block
2026-05-29 08:08:52.267 | warning  |              Op | Mismatch between computed MemoryConfig(memory_layout=TensorMemoryLayout::BLOCK_SHARDED,buffer_type=BufferType::L1,shard_spec=ShardSpec(grid={[(x=0,y=0) - (x=7,y=3)]},shape={32, 160},orientation=ShardOrientation::ROW_MAJOR),nd_shard_spec=NdShardSpec(shard_shape=Shape([32, 160]),grid={[(x=0,y=0) - (x=7,y=3)]},orientation=ShardOrientation::ROW_MAJOR,shard_distribution_strategy=ShardDistributionStrategy::GRID_2D),created_with_nd_shard_spec=0) and provided MemoryConfig(memory_layout=TensorMemoryLayout::BLOCK_SHARDED,buffer_type=BufferType::L1,shard_spec=ShardSpec(grid={[(x=0,y=0) - (x=7,y=7)]},shape={32, 160},orientation=ShardOrientation::ROW_MAJOR),nd_shard_spec=std::nullopt,created_with_nd_shard_spec=0) mem config. Using computed config. (matmul_op.cpp:1674)
2026-05-29 08:08:52.268 | INFO     | models.demos.wormhole.stable_diffusion.tt.ttnn_functional_unet_2d_condition_model_new_conv:__call__:491 - Up block 0
2026-05-29 08:08:52.269 | INFO     | models.demos.wormhole.stable_diffusion.tt.ttnn_functional_unet_2d_condition_model_new_conv:__call__:491 - Up block 1
2026-05-29 08:08:52.274 | INFO     | models.demos.wormhole.stable_diffusion.tt.ttnn_functional_unet_2d_condition_model_new_conv:__call__:491 - Up block 2
2026-05-29 08:08:52.282 | INFO     | models.demos.wormhole.stable_diffusion.tt.ttnn_functional_unet_2d_condition_model_new_conv:__call__:491 - Up block 3
  Step 41/41
  Frame 1/8 decoded
  Frame 2/8 decoded
  Frame 3/8 decoded
  Frame 4/8 decoded
  Frame 5/8 decoded
  Frame 6/8 decoded
  Frame 7/8 decoded
  Frame 8/8 decoded
  Generated in 129.1s (16.1s/frame)

Device closed.

Saved 8 frames → /home/ttuser/.local/share/tt-video-gen/videos/20260529_150644_0b9ca517.gif

TTNN UNet spatial denoising: Blackhole hardware
Cross-frame temporal attention (alpha=0.35): CPU at each step
VAE decode: CPU (TTNN VAE conv_out OOMs on Blackhole)
2026-05-29 08:09:15.354 | info     |          Device | Closing user mode device drivers (tt_cluster.cpp:431)
2026-05-29 08:09:15.439 | info     |             UMD | Unpinning pages for DMA: virtual address 0x7fd15b600000 and size 0x100000000 (pci_device.cpp:704)
2026-05-29 08:09:15.616 | info     |             UMD | Unpinning pages for DMA: virtual address 0x7fda7b600000 and size 0x100000000 (pci_device.cpp:704)
2026-05-29 08:09:15.800 | info     |             UMD | Unpinning pages for DMA: virtual address 0x7fe39b800000 and size 0x100000000 (pci_device.cpp:704)
2026-05-29 08:09:15.916 | info     |             UMD | Unpinning pages for DMA: virtual address 0x7fecbb800000 and size 0x100000000 (pci_device.cpp:704)
