# animatediff run 20260529_080916
# cmd: /home/ttuser/tt-metal/python_env/bin/python /home/ttuser/code/tt-local-generator/app/animatediff/examples/generate_blackhole_v2.py --prompt [A woman selling enlightenment, a child's drawing hanging on a wall, and a woman facing away, charged, with a low angle, MTV 1984 aesthetic.] --negative-prompt blurry, low quality --frames 8 --steps 40 --seed 42 --temporal-alpha 0.35 --output /home/ttuser/.local/share/tt-video-gen/videos/20260529_150916_4a3008bd.gif

AnimateDiff Phase 2.5 — Blackhole TTNN UNet + cross-frame temporal attention
  Prompt         : [A woman selling enlightenment, a child's drawing hanging on a wall, and a woman facing away, charged, with a low angle, MTV 1984 aesthetic.]
  Frames         : 8  Steps: 40  Seed: 42
  Temporal alpha : 0.35

Opening Blackhole device...
2026-05-29 08:09:19.106 | DEBUG    | ttnn:<module>:77 - Initial ttnn.CONFIG:
Config{cache_path=/home/ttuser/.cache/ttnn,model_cache_path=/home/ttuser/.cache/ttnn/models,tmp_dir=/tmp/ttnn,enable_model_cache=false,enable_fast_runtime_mode=true,throw_exception_on_fallback=false,enable_logging=false,enable_graph_report=false,enable_detailed_buffer_report=false,enable_detailed_tensor_report=false,enable_comparison_mode=false,comparison_mode_should_raise_exception=false,comparison_mode_pcc=0.9999,root_report_path=generated/ttnn/reports,report_name=std::nullopt,std::nullopt}
2026-05-29 08:09:19.186 | warning  |             UMD | File size 56 is not as expected 48 for mutex ARC_MSG_0_PCIe. This could be due to new pthread library version, or some other external factor. (robust_mutex.cpp:185)
2026-05-29 08:09:19.186 | warning  |             UMD | The file was resized, but the initialized flag is correct. This is an unexpected case, the mutex might fail. Mutex name: ARC_MSG_0_PCIe (robust_mutex.cpp:139)
2026-05-29 08:09:19.186 | warning  |             UMD | File size 56 is not as expected 48 for mutex REMOTE_ARC_MSG_0_PCIe. This could be due to new pthread library version, or some other external factor. (robust_mutex.cpp:185)
2026-05-29 08:09:19.186 | warning  |             UMD | The file was resized, but the initialized flag is correct. This is an unexpected case, the mutex might fail. Mutex name: REMOTE_ARC_MSG_0_PCIe (robust_mutex.cpp:139)
2026-05-29 08:09:19.186 | warning  |             UMD | File size 56 is not as expected 48 for mutex ARC_MSG. This could be due to new pthread library version, or some other external factor. (robust_mutex.cpp:185)
2026-05-29 08:09:19.186 | warning  |             UMD | The file was resized, but the initialized flag is correct. This is an unexpected case, the mutex might fail. Mutex name: ARC_MSG (robust_mutex.cpp:139)
2026-05-29 08:09:19.709 | warning  |             UMD | File size 56 is not as expected 48 for mutex ARC_MSG_1_PCIe. This could be due to new pthread library version, or some other external factor. (robust_mutex.cpp:185)
2026-05-29 08:09:19.709 | warning  |             UMD | The file was resized, but the initialized flag is correct. This is an unexpected case, the mutex might fail. Mutex name: ARC_MSG_1_PCIe (robust_mutex.cpp:139)
2026-05-29 08:09:19.709 | warning  |             UMD | File size 56 is not as expected 48 for mutex REMOTE_ARC_MSG_1_PCIe. This could be due to new pthread library version, or some other external factor. (robust_mutex.cpp:185)
2026-05-29 08:09:19.709 | warning  |             UMD | The file was resized, but the initialized flag is correct. This is an unexpected case, the mutex might fail. Mutex name: REMOTE_ARC_MSG_1_PCIe (robust_mutex.cpp:139)
2026-05-29 08:09:20.134 | warning  |             UMD | File size 56 is not as expected 48 for mutex ARC_MSG_2_PCIe. This could be due to new pthread library version, or some other external factor. (robust_mutex.cpp:185)
2026-05-29 08:09:20.134 | warning  |             UMD | The file was resized, but the initialized flag is correct. This is an unexpected case, the mutex might fail. Mutex name: ARC_MSG_2_PCIe (robust_mutex.cpp:139)
2026-05-29 08:09:20.134 | warning  |             UMD | File size 56 is not as expected 48 for mutex REMOTE_ARC_MSG_2_PCIe. This could be due to new pthread library version, or some other external factor. (robust_mutex.cpp:185)
2026-05-29 08:09:20.134 | warning  |             UMD | The file was resized, but the initialized flag is correct. This is an unexpected case, the mutex might fail. Mutex name: REMOTE_ARC_MSG_2_PCIe (robust_mutex.cpp:139)
2026-05-29 08:09:20.557 | warning  |             UMD | File size 56 is not as expected 48 for mutex ARC_MSG_3_PCIe. This could be due to new pthread library version, or some other external factor. (robust_mutex.cpp:185)
2026-05-29 08:09:20.557 | warning  |             UMD | The file was resized, but the initialized flag is correct. This is an unexpected case, the mutex might fail. Mutex name: ARC_MSG_3_PCIe (robust_mutex.cpp:139)
2026-05-29 08:09:20.557 | warning  |             UMD | File size 56 is not as expected 48 for mutex REMOTE_ARC_MSG_3_PCIe. This could be due to new pthread library version, or some other external factor. (robust_mutex.cpp:185)
2026-05-29 08:09:20.557 | warning  |             UMD | The file was resized, but the initialized flag is correct. This is an unexpected case, the mutex might fail. Mutex name: REMOTE_ARC_MSG_3_PCIe (robust_mutex.cpp:139)
2026-05-29 08:09:21.247 | info     |          Device | Opening user mode device driver (tt_cluster.cpp:213)
2026-05-29 08:09:22.231 | warning  |             UMD | File size 56 is not as expected 48 for mutex ARC_MSG_2_PCIe. This could be due to new pthread library version, or some other external factor. (robust_mutex.cpp:185)
2026-05-29 08:09:22.231 | warning  |             UMD | The file was resized, but the initialized flag is correct. This is an unexpected case, the mutex might fail. Mutex name: ARC_MSG_2_PCIe (robust_mutex.cpp:139)
2026-05-29 08:09:22.231 | warning  |             UMD | File size 56 is not as expected 48 for mutex REMOTE_ARC_MSG_2_PCIe. This could be due to new pthread library version, or some other external factor. (robust_mutex.cpp:185)
2026-05-29 08:09:22.231 | warning  |             UMD | The file was resized, but the initialized flag is correct. This is an unexpected case, the mutex might fail. Mutex name: REMOTE_ARC_MSG_2_PCIe (robust_mutex.cpp:139)
2026-05-29 08:09:22.231 | warning  |             UMD | File size 56 is not as expected 48 for mutex ARC_MSG. This could be due to new pthread library version, or some other external factor. (robust_mutex.cpp:185)
2026-05-29 08:09:22.231 | warning  |             UMD | The file was resized, but the initialized flag is correct. This is an unexpected case, the mutex might fail. Mutex name: ARC_MSG (robust_mutex.cpp:139)
2026-05-29 08:09:22.662 | warning  |             UMD | File size 56 is not as expected 48 for mutex ARC_MSG_3_PCIe. This could be due to new pthread library version, or some other external factor. (robust_mutex.cpp:185)
2026-05-29 08:09:22.662 | warning  |             UMD | The file was resized, but the initialized flag is correct. This is an unexpected case, the mutex might fail. Mutex name: ARC_MSG_3_PCIe (robust_mutex.cpp:139)
2026-05-29 08:09:22.662 | warning  |             UMD | File size 56 is not as expected 48 for mutex REMOTE_ARC_MSG_3_PCIe. This could be due to new pthread library version, or some other external factor. (robust_mutex.cpp:185)
2026-05-29 08:09:22.662 | warning  |             UMD | The file was resized, but the initialized flag is correct. This is an unexpected case, the mutex might fail. Mutex name: REMOTE_ARC_MSG_3_PCIe (robust_mutex.cpp:139)
2026-05-29 08:09:23.387 | warning  |             UMD | File size 56 is not as expected 48 for mutex ARC_MSG_0_PCIe. This could be due to new pthread library version, or some other external factor. (robust_mutex.cpp:185)
2026-05-29 08:09:23.387 | warning  |             UMD | The file was resized, but the initialized flag is correct. This is an unexpected case, the mutex might fail. Mutex name: ARC_MSG_0_PCIe (robust_mutex.cpp:139)
2026-05-29 08:09:23.387 | warning  |             UMD | File size 56 is not as expected 48 for mutex REMOTE_ARC_MSG_0_PCIe. This could be due to new pthread library version, or some other external factor. (robust_mutex.cpp:185)
2026-05-29 08:09:23.387 | warning  |             UMD | The file was resized, but the initialized flag is correct. This is an unexpected case, the mutex might fail. Mutex name: REMOTE_ARC_MSG_0_PCIe (robust_mutex.cpp:139)
2026-05-29 08:09:23.920 | warning  |             UMD | File size 56 is not as expected 48 for mutex ARC_MSG_1_PCIe. This could be due to new pthread library version, or some other external factor. (robust_mutex.cpp:185)
2026-05-29 08:09:23.920 | warning  |             UMD | The file was resized, but the initialized flag is correct. This is an unexpected case, the mutex might fail. Mutex name: ARC_MSG_1_PCIe (robust_mutex.cpp:139)
2026-05-29 08:09:23.920 | warning  |             UMD | File size 56 is not as expected 48 for mutex REMOTE_ARC_MSG_1_PCIe. This could be due to new pthread library version, or some other external factor. (robust_mutex.cpp:185)
2026-05-29 08:09:23.920 | warning  |             UMD | The file was resized, but the initialized flag is correct. This is an unexpected case, the mutex might fail. Mutex name: REMOTE_ARC_MSG_1_PCIe (robust_mutex.cpp:139)
2026-05-29 08:09:25.472 | info     |             UMD | Harvesting mask for chip 3 is 0x1100 (NOC0: 0x1100, simulated harvesting mask: 0x0). (cluster.cpp:399)
2026-05-29 08:09:25.504 | info     |             UMD | Initializing iommu for sysmem (size: 0x100000000). (sysmem_manager.cpp:300)
2026-05-29 08:09:25.504 | info     |             UMD | Allocating sysmem without hugepages (size: 0x100000000). (sysmem_manager.cpp:306)
2026-05-29 08:09:25.983 | info     |             UMD | Harvesting mask for chip 2 is 0x101 (NOC0: 0x101, simulated harvesting mask: 0x0). (cluster.cpp:399)
2026-05-29 08:09:26.013 | info     |             UMD | Initializing iommu for sysmem (size: 0x100000000). (sysmem_manager.cpp:300)
2026-05-29 08:09:26.013 | info     |             UMD | Allocating sysmem without hugepages (size: 0x100000000). (sysmem_manager.cpp:306)
2026-05-29 08:09:26.413 | info     |             UMD | Harvesting mask for chip 1 is 0x810 (NOC0: 0x810, simulated harvesting mask: 0x0). (cluster.cpp:399)
2026-05-29 08:09:26.443 | info     |             UMD | Initializing iommu for sysmem (size: 0x100000000). (sysmem_manager.cpp:300)
2026-05-29 08:09:26.443 | info     |             UMD | Allocating sysmem without hugepages (size: 0x100000000). (sysmem_manager.cpp:306)
2026-05-29 08:09:26.830 | info     |             UMD | Harvesting mask for chip 0 is 0x2800 (NOC0: 0x2800, simulated harvesting mask: 0x0). (cluster.cpp:399)
2026-05-29 08:09:26.859 | info     |             UMD | Initializing iommu for sysmem (size: 0x100000000). (sysmem_manager.cpp:300)
2026-05-29 08:09:26.859 | info     |             UMD | Allocating sysmem without hugepages (size: 0x100000000). (sysmem_manager.cpp:306)
2026-05-29 08:09:27.246 | info     |             UMD | Opening local chip ids/PCIe ids: {0, 1, 2, 3}/[3, 2, 1, 0] and remote chip ids {} (cluster.cpp:251)
2026-05-29 08:09:27.246 | warning  |             UMD | Firmware version 19.8.0 on the system is newer than the maximum supported version 18.10.0 for blackhole architecture. New features may not be supported. (cluster.cpp:211)
2026-05-29 08:09:27.246 | info     |             UMD | All devices in cluster running firmware version: 19.8.0 (cluster.cpp:231)
2026-05-29 08:09:27.246 | info     |             UMD | IOMMU: enabled (cluster.cpp:173)
2026-05-29 08:09:27.246 | info     |             UMD | KMD version: 2.8.0 (cluster.cpp:176)
2026-05-29 08:09:27.273 | info     |             UMD | Pinning pages for DMA: virtual address 0x71a417000000 and size 0x100000000 pinned to physical address 0xfffffffe00000000 without mapping to noc (pci_device.cpp:678)
2026-05-29 08:09:27.273 | info     |             UMD | Mapped sysmem without hugepages to IOVA 0xfffffffe00000000; NOC address 0x2deb0d38 (sysmem_manager.cpp:354)
2026-05-29 08:09:27.273 | info     |             UMD | Device: 3 Mapped iATU region 0 from 0x0 to 0x3fffffff to 0xfffffffe00000000 (blackhole_tt_device.cpp:92)
2026-05-29 08:09:27.273 | info     |             UMD | Device: 3 Mapped iATU region 1 from 0x40000000 to 0x7fffffff to 0xfffffffe40000000 (blackhole_tt_device.cpp:92)
2026-05-29 08:09:27.273 | info     |             UMD | Device: 3 Mapped iATU region 2 from 0x80000000 to 0xbfffffff to 0xfffffffe80000000 (blackhole_tt_device.cpp:92)
2026-05-29 08:09:27.273 | info     |             UMD | Device: 3 Mapped iATU region 3 from 0xc0000000 to 0xffffffff to 0xfffffffec0000000 (blackhole_tt_device.cpp:92)
2026-05-29 08:09:27.301 | info     |             UMD | Pinning pages for DMA: virtual address 0x71ad37200000 and size 0x100000000 pinned to physical address 0xfffffffe00000000 without mapping to noc (pci_device.cpp:678)
2026-05-29 08:09:27.301 | info     |             UMD | Mapped sysmem without hugepages to IOVA 0xfffffffe00000000; NOC address 0x2deb0f08 (sysmem_manager.cpp:354)
2026-05-29 08:09:27.301 | info     |             UMD | Device: 2 Mapped iATU region 0 from 0x0 to 0x3fffffff to 0xfffffffe00000000 (blackhole_tt_device.cpp:92)
2026-05-29 08:09:27.301 | info     |             UMD | Device: 2 Mapped iATU region 1 from 0x40000000 to 0x7fffffff to 0xfffffffe40000000 (blackhole_tt_device.cpp:92)
2026-05-29 08:09:27.301 | info     |             UMD | Device: 2 Mapped iATU region 2 from 0x80000000 to 0xbfffffff to 0xfffffffe80000000 (blackhole_tt_device.cpp:92)
2026-05-29 08:09:27.301 | info     |             UMD | Device: 2 Mapped iATU region 3 from 0xc0000000 to 0xffffffff to 0xfffffffec0000000 (blackhole_tt_device.cpp:92)
2026-05-29 08:09:27.335 | info     |             UMD | Pinning pages for DMA: virtual address 0x71b657200000 and size 0x100000000 pinned to physical address 0xfffffffe00000000 without mapping to noc (pci_device.cpp:678)
2026-05-29 08:09:27.335 | info     |             UMD | Mapped sysmem without hugepages to IOVA 0xfffffffe00000000; NOC address 0x2de0ef88 (sysmem_manager.cpp:354)
2026-05-29 08:09:27.335 | info     |             UMD | Device: 1 Mapped iATU region 0 from 0x0 to 0x3fffffff to 0xfffffffe00000000 (blackhole_tt_device.cpp:92)
2026-05-29 08:09:27.335 | info     |             UMD | Device: 1 Mapped iATU region 1 from 0x40000000 to 0x7fffffff to 0xfffffffe40000000 (blackhole_tt_device.cpp:92)
2026-05-29 08:09:27.335 | info     |             UMD | Device: 1 Mapped iATU region 2 from 0x80000000 to 0xbfffffff to 0xfffffffe80000000 (blackhole_tt_device.cpp:92)
2026-05-29 08:09:27.335 | info     |             UMD | Device: 1 Mapped iATU region 3 from 0xc0000000 to 0xffffffff to 0xfffffffec0000000 (blackhole_tt_device.cpp:92)
2026-05-29 08:09:27.412 | info     |             UMD | Pinning pages for DMA: virtual address 0x71bf77400000 and size 0x100000000 pinned to physical address 0xfffffffe00000000 without mapping to noc (pci_device.cpp:678)
2026-05-29 08:09:27.412 | info     |             UMD | Mapped sysmem without hugepages to IOVA 0xfffffffe00000000; NOC address 0x0 (sysmem_manager.cpp:354)
2026-05-29 08:09:27.412 | info     |             UMD | Device: 0 Mapped iATU region 0 from 0x0 to 0x3fffffff to 0xfffffffe00000000 (blackhole_tt_device.cpp:92)
2026-05-29 08:09:27.412 | info     |             UMD | Device: 0 Mapped iATU region 1 from 0x40000000 to 0x7fffffff to 0xfffffffe40000000 (blackhole_tt_device.cpp:92)
2026-05-29 08:09:27.412 | info     |             UMD | Device: 0 Mapped iATU region 2 from 0x80000000 to 0xbfffffff to 0xfffffffe80000000 (blackhole_tt_device.cpp:92)
2026-05-29 08:09:27.412 | info     |             UMD | Device: 0 Mapped iATU region 3 from 0xc0000000 to 0xffffffff to 0xfffffffec0000000 (blackhole_tt_device.cpp:92)
2026-05-29 08:09:27.804 | DEBUG    | ttnn.device:__init__:150 - Using default dispatch core type for this system: DispatchCoreType.WORKER
2026-05-29 08:09:27.805 | DEBUG    | ttnn.device:__init__:152 - Using default dispatch core axis for this system: DispatchCoreAxis.COL
2026-05-29 08:09:27.805 | warning  |          Fabric | Ethernet between chip 0 and chip 1 have 4 expected ethernet ports, but only 2 present (control_plane.cpp:115)
2026-05-29 08:09:27.805 | warning  |          Fabric | Ethernet between chip 0 and chip 3 have 4 expected ethernet ports, but only 2 present (control_plane.cpp:115)
2026-05-29 08:09:27.805 | warning  |          Fabric | Ethernet between chip 1 and chip 0 have 4 expected ethernet ports, but only 2 present (control_plane.cpp:115)
2026-05-29 08:09:27.805 | warning  |          Fabric | Ethernet between chip 1 and chip 2 have 4 expected ethernet ports, but only 2 present (control_plane.cpp:115)
2026-05-29 08:09:27.805 | warning  |          Fabric | Ethernet between chip 3 and chip 0 have 4 expected ethernet ports, but only 2 present (control_plane.cpp:115)
2026-05-29 08:09:27.805 | warning  |          Fabric | Ethernet between chip 3 and chip 2 have 4 expected ethernet ports, but only 2 present (control_plane.cpp:115)
2026-05-29 08:09:27.805 | warning  |          Fabric | Ethernet between chip 2 and chip 1 have 4 expected ethernet ports, but only 2 present (control_plane.cpp:115)
2026-05-29 08:09:27.805 | warning  |          Fabric | Ethernet between chip 2 and chip 3 have 4 expected ethernet ports, but only 2 present (control_plane.cpp:115)
2026-05-29 08:09:28.275 | warning  |           Metal | Opening subset of mmio devices slows down UMD read/write to remote chips. If opening more devices, consider using CreateDevices API. (device_pool.cpp:303)

Loading SD 1.4 models onto Blackhole...
  Loading PyTorch VAE (CPU decode)...
  Loading PyTorch UNet (for config and time_proj)...
  Building TTNN UNet on Blackhole (~2-3 min first run, cached after)...
2026-05-29 08:09:30.086 | DEBUG    | ttnn:manage_config:85 - Set ttnn.CONFIG.enable_logging to False
2026-05-29 08:09:30.086 | DEBUG    | ttnn:manage_config:85 - Set ttnn.CONFIG.enable_comparison_mode to False
2026-05-29 08:09:30.086 | WARNING  | ttnn.model_preprocessing:from_torch:533 - ttnn: model cache can be enabled by passing model_name argument to preprocess_model[_parameters] and setting env variable TTNN_CONFIG_OVERRIDES='{"enable_model_cache": true}'
/home/ttuser/tt-metal/models/demos/wormhole/stable_diffusion/custom_preprocessing.py:33: UserWarning: The use of `x.T` on tensors of dimension other than 2 to reverse their shape is deprecated and it will throw an error in a future release. Consider `x.mT` to transpose batches of matrices or `x.permute(*torch.arange(x.ndim - 1, -1, -1))` to reverse the dimensions of a tensor. (Triggered internally at /pytorch/aten/src/ATen/native/TensorShape.cpp:4413.)
  weight = model.weight.T.contiguous()
2026-05-29 08:09:31.545 | DEBUG    | ttnn.model_preprocessing:from_torch:612 - Moving model weights to device
2026-05-29 08:09:31.693 | DEBUG    | ttnn.model_preprocessing:from_torch:614 - Moved model weights to device
2026-05-29 08:09:31.694 | DEBUG    | ttnn:manage_config:88 - Restored ttnn.CONFIG.enable_comparison_mode to False
2026-05-29 08:09:31.694 | DEBUG    | ttnn:manage_config:88 - Restored ttnn.CONFIG.enable_logging to False
2026-05-29 08:09:31.716 | INFO     | models.demos.wormhole.stable_diffusion.tt.ttnn_functional_unet_2d_condition_model_new_conv:__init__:99 - CIN: height: 64, width: 64, dim: 8192
2026-05-29 08:09:31.716 | INFO     | models.demos.wormhole.stable_diffusion.tt.ttnn_functional_unet_2d_condition_model_new_conv:__init__:105 - D-1: height: 64, width: 64, dim: 8192
2026-05-29 08:09:33.115 | INFO     | models.demos.wormhole.stable_diffusion.tt.ttnn_functional_cross_attention_down_block_2d_new_conv:__init__:36 - Cross Attention Down Block Input = 64x64 Output = 32x32
2026-05-29 08:09:33.115 | INFO     | models.demos.wormhole.stable_diffusion.tt.ttnn_functional_unet_2d_condition_model_new_conv:__init__:132 - D0:  height: 32, width: 32, dim: 2048
2026-05-29 08:09:33.862 | INFO     | models.demos.wormhole.stable_diffusion.tt.ttnn_functional_cross_attention_down_block_2d_new_conv:__init__:36 - Cross Attention Down Block Input = 32x32 Output = 16x16
2026-05-29 08:09:33.862 | INFO     | models.demos.wormhole.stable_diffusion.tt.ttnn_functional_unet_2d_condition_model_new_conv:__init__:132 - D1:  height: 16, width: 16, dim: 512
2026-05-29 08:09:34.554 | INFO     | models.demos.wormhole.stable_diffusion.tt.ttnn_functional_cross_attention_down_block_2d_new_conv:__init__:36 - Cross Attention Down Block Input = 16x16 Output = 8x8
2026-05-29 08:09:34.554 | INFO     | models.demos.wormhole.stable_diffusion.tt.ttnn_functional_unet_2d_condition_model_new_conv:__init__:132 - D2:  height: 8, width: 8, dim: 128
2026-05-29 08:09:34.627 | INFO     | models.demos.wormhole.stable_diffusion.tt.ttnn_functional_unet_2d_condition_model_new_conv:__init__:132 - D3:  height: 8, width: 8, dim: 128
2026-05-29 08:09:34.879 | INFO     | models.demos.wormhole.stable_diffusion.tt.ttnn_functional_unet_2d_condition_model_new_conv:__init__:145 - MID: height: 8, width: 8, dim: 128
2026-05-29 08:09:35.096 | INFO     | models.demos.wormhole.stable_diffusion.tt.ttnn_functional_upsample_2d_new_conv:__init__:68 - Upsample Output = 16x16
2026-05-29 08:09:35.096 | INFO     | models.demos.wormhole.stable_diffusion.tt.ttnn_functional_upblock_2d_new_conv:__init__:31 - Upblock Input = 8x8 Output = 16x16
2026-05-29 08:09:35.096 | INFO     | models.demos.wormhole.stable_diffusion.tt.ttnn_functional_unet_2d_condition_model_new_conv:__init__:174 - UP0: height: 16, width: 16, dim: 512
2026-05-29 08:09:35.873 | INFO     | models.demos.wormhole.stable_diffusion.tt.ttnn_functional_upsample_2d_new_conv:__init__:68 - Upsample Output = 32x32
2026-05-29 08:09:35.873 | INFO     | models.demos.wormhole.stable_diffusion.tt.ttnn_functional_cross_attn_upblock_new_conv:__init__:42 - Cross Attention UpBlock Input = 16x16 Output = 32x32
2026-05-29 08:09:35.873 | INFO     | models.demos.wormhole.stable_diffusion.tt.ttnn_functional_unet_2d_condition_model_new_conv:__init__:174 - UP1: height: 32, width: 32, dim: 2048
2026-05-29 08:09:36.237 | INFO     | models.demos.wormhole.stable_diffusion.tt.ttnn_functional_upsample_2d_new_conv:__init__:68 - Upsample Output = 64x64
2026-05-29 08:09:36.237 | INFO     | models.demos.wormhole.stable_diffusion.tt.ttnn_functional_cross_attn_upblock_new_conv:__init__:42 - Cross Attention UpBlock Input = 32x32 Output = 64x64
2026-05-29 08:09:36.237 | INFO     | models.demos.wormhole.stable_diffusion.tt.ttnn_functional_unet_2d_condition_model_new_conv:__init__:174 - UP2: height: 64, width: 64, dim: 8192
2026-05-29 08:09:37.007 | INFO     | models.demos.wormhole.stable_diffusion.tt.ttnn_functional_cross_attn_upblock_new_conv:__init__:42 - Cross Attention UpBlock Input = 64x64 Output = 64x64
2026-05-29 08:09:37.008 | INFO     | models.demos.wormhole.stable_diffusion.tt.ttnn_functional_unet_2d_condition_model_new_conv:__init__:174 - UP3: height: 64, width: 64, dim: 8192
2026-05-29 08:09:37.008 | INFO     | models.demos.wormhole.stable_diffusion.tt.ttnn_functional_unet_2d_condition_model_new_conv:__init__:190 - COU: height: 64, width: 64, dim: 8192
  Models loaded in 7.6s

Encoding prompts with CLIP...
  Embeddings shape: torch.Size([2, 96, 768])

Generating 8 frames with temporal attention on Blackhole...
2026-05-29 08:09:41.143 | INFO     | models.demos.wormhole.stable_diffusion.tt.ttnn_functional_unet_2d_condition_model_new_conv:__call__:406 - Down block 0
2026-05-29 08:09:55.149 | info     |              Op | act_block_h_override 2 is not a valid override for padded_output_height_ntiles_per_core 7, instead 1 was selected as closest valid option! (conv2d_utils.cpp:401)
2026-05-29 08:09:55.796 | INFO     | models.demos.wormhole.stable_diffusion.tt.ttnn_functional_unet_2d_condition_model_new_conv:__call__:406 - Down block 1
2026-05-29 08:10:09.873 | INFO     | models.demos.wormhole.stable_diffusion.tt.ttnn_functional_unet_2d_condition_model_new_conv:__call__:406 - Down block 2
2026-05-29 08:10:24.412 | INFO     | models.demos.wormhole.stable_diffusion.tt.ttnn_functional_unet_2d_condition_model_new_conv:__call__:406 - Down block 3
2026-05-29 08:10:27.039 | INFO     | models.demos.wormhole.stable_diffusion.tt.ttnn_functional_unet_2d_condition_model_new_conv:__call__:460 - Mid block
2026-05-29 08:10:27.876 | warning  |              Op | Mismatch between computed MemoryConfig(memory_layout=TensorMemoryLayout::BLOCK_SHARDED,buffer_type=BufferType::L1,shard_spec=ShardSpec(grid={[(x=0,y=0) - (x=7,y=3)]},shape={32, 160},orientation=ShardOrientation::ROW_MAJOR),nd_shard_spec=NdShardSpec(shard_shape=Shape([32, 160]),grid={[(x=0,y=0) - (x=7,y=3)]},orientation=ShardOrientation::ROW_MAJOR,shard_distribution_strategy=ShardDistributionStrategy::GRID_2D),created_with_nd_shard_spec=0) and provided MemoryConfig(memory_layout=TensorMemoryLayout::BLOCK_SHARDED,buffer_type=BufferType::L1,shard_spec=ShardSpec(grid={[(x=0,y=0) - (x=7,y=7)]},shape={32, 160},orientation=ShardOrientation::ROW_MAJOR),nd_shard_spec=std::nullopt,created_with_nd_shard_spec=0) mem config. Using computed config. (matmul_op.cpp:1674)
2026-05-29 08:10:34.900 | INFO     | models.demos.wormhole.stable_diffusion.tt.ttnn_functional_unet_2d_condition_model_new_conv:__call__:491 - Up block 0
2026-05-29 08:10:40.053 | INFO     | models.demos.wormhole.stable_diffusion.tt.ttnn_functional_unet_2d_condition_model_new_conv:__call__:491 - Up block 1
2026-05-29 08:10:47.731 | INFO     | models.demos.wormhole.stable_diffusion.tt.ttnn_functional_unet_2d_condition_model_new_conv:__call__:491 - Up block 2
2026-05-29 08:10:56.410 | INFO     | models.demos.wormhole.stable_diffusion.tt.ttnn_functional_unet_2d_condition_model_new_conv:__call__:491 - Up block 3
2026-05-29 08:11:07.137 | INFO     | models.demos.wormhole.stable_diffusion.tt.ttnn_functional_unet_2d_condition_model_new_conv:__call__:406 - Down block 0
2026-05-29 08:11:07.145 | info     |              Op | act_block_h_override 2 is not a valid override for padded_output_height_ntiles_per_core 7, instead 1 was selected as closest valid option! (conv2d_utils.cpp:401)
2026-05-29 08:11:07.145 | INFO     | models.demos.wormhole.stable_diffusion.tt.ttnn_functional_unet_2d_condition_model_new_conv:__call__:406 - Down block 1
2026-05-29 08:11:07.151 | INFO     | models.demos.wormhole.stable_diffusion.tt.ttnn_functional_unet_2d_condition_model_new_conv:__call__:406 - Down block 2
2026-05-29 08:11:07.155 | INFO     | models.demos.wormhole.stable_diffusion.tt.ttnn_functional_unet_2d_condition_model_new_conv:__call__:406 - Down block 3
2026-05-29 08:11:07.156 | INFO     | models.demos.wormhole.stable_diffusion.tt.ttnn_functional_unet_2d_condition_model_new_conv:__call__:460 - Mid block
2026-05-29 08:11:07.156 | warning  |              Op | Mismatch between computed MemoryConfig(memory_layout=TensorMemoryLayout::BLOCK_SHARDED,buffer_type=BufferType::L1,shard_spec=ShardSpec(grid={[(x=0,y=0) - (x=7,y=3)]},shape={32, 160},orientation=ShardOrientation::ROW_MAJOR),nd_shard_spec=NdShardSpec(shard_shape=Shape([32, 160]),grid={[(x=0,y=0) - (x=7,y=3)]},orientation=ShardOrientation::ROW_MAJOR,shard_distribution_strategy=ShardDistributionStrategy::GRID_2D),created_with_nd_shard_spec=0) and provided MemoryConfig(memory_layout=TensorMemoryLayout::BLOCK_SHARDED,buffer_type=BufferType::L1,shard_spec=ShardSpec(grid={[(x=0,y=0) - (x=7,y=7)]},shape={32, 160},orientation=ShardOrientation::ROW_MAJOR),nd_shard_spec=std::nullopt,created_with_nd_shard_spec=0) mem config. Using computed config. (matmul_op.cpp:1674)
2026-05-29 08:11:07.158 | INFO     | models.demos.wormhole.stable_diffusion.tt.ttnn_functional_unet_2d_condition_model_new_conv:__call__:491 - Up block 0
2026-05-29 08:11:07.159 | INFO     | models.demos.wormhole.stable_diffusion.tt.ttnn_functional_unet_2d_condition_model_new_conv:__call__:491 - Up block 1
2026-05-29 08:11:07.165 | INFO     | models.demos.wormhole.stable_diffusion.tt.ttnn_functional_unet_2d_condition_model_new_conv:__call__:491 - Up block 2
2026-05-29 08:11:07.173 | INFO     | models.demos.wormhole.stable_diffusion.tt.ttnn_functional_unet_2d_condition_model_new_conv:__call__:491 - Up block 3
2026-05-29 08:11:07.193 | INFO     | models.demos.wormhole.stable_diffusion.tt.ttnn_functional_unet_2d_condition_model_new_conv:__call__:406 - Down block 0
2026-05-29 08:11:07.199 | info     |              Op | act_block_h_override 2 is not a valid override for padded_output_height_ntiles_per_core 7, instead 1 was selected as closest valid option! (conv2d_utils.cpp:401)
2026-05-29 08:11:07.199 | INFO     | models.demos.wormhole.stable_diffusion.tt.ttnn_functional_unet_2d_condition_model_new_conv:__call__:406 - Down block 1
2026-05-29 08:11:07.205 | INFO     | models.demos.wormhole.stable_diffusion.tt.ttnn_functional_unet_2d_condition_model_new_conv:__call__:406 - Down block 2
2026-05-29 08:11:07.208 | INFO     | models.demos.wormhole.stable_diffusion.tt.ttnn_functional_unet_2d_condition_model_new_conv:__call__:406 - Down block 3
2026-05-29 08:11:07.209 | INFO     | models.demos.wormhole.stable_diffusion.tt.ttnn_functional_unet_2d_condition_model_new_conv:__call__:460 - Mid block
2026-05-29 08:11:07.209 | warning  |              Op | Mismatch between computed MemoryConfig(memory_layout=TensorMemoryLayout::BLOCK_SHARDED,buffer_type=BufferType::L1,shard_spec=ShardSpec(grid={[(x=0,y=0) - (x=7,y=3)]},shape={32, 160},orientation=ShardOrientation::ROW_MAJOR),nd_shard_spec=NdShardSpec(shard_shape=Shape([32, 160]),grid={[(x=0,y=0) - (x=7,y=3)]},orientation=ShardOrientation::ROW_MAJOR,shard_distribution_strategy=ShardDistributionStrategy::GRID_2D),created_with_nd_shard_spec=0) and provided MemoryConfig(memory_layout=TensorMemoryLayout::BLOCK_SHARDED,buffer_type=BufferType::L1,shard_spec=ShardSpec(grid={[(x=0,y=0) - (x=7,y=7)]},shape={32, 160},orientation=ShardOrientation::ROW_MAJOR),nd_shard_spec=std::nullopt,created_with_nd_shard_spec=0) mem config. Using computed config. (matmul_op.cpp:1674)
2026-05-29 08:11:07.210 | INFO     | models.demos.wormhole.stable_diffusion.tt.ttnn_functional_unet_2d_condition_model_new_conv:__call__:491 - Up block 0
2026-05-29 08:11:07.212 | INFO     | models.demos.wormhole.stable_diffusion.tt.ttnn_functional_unet_2d_condition_model_new_conv:__call__:491 - Up block 1
2026-05-29 08:11:07.217 | INFO     | models.demos.wormhole.stable_diffusion.tt.ttnn_functional_unet_2d_condition_model_new_conv:__call__:491 - Up block 2
2026-05-29 08:11:07.225 | INFO     | models.demos.wormhole.stable_diffusion.tt.ttnn_functional_unet_2d_condition_model_new_conv:__call__:491 - Up block 3
2026-05-29 08:11:07.245 | INFO     | models.demos.wormhole.stable_diffusion.tt.ttnn_functional_unet_2d_condition_model_new_conv:__call__:406 - Down block 0
2026-05-29 08:11:07.251 | info     |              Op | act_block_h_override 2 is not a valid override for padded_output_height_ntiles_per_core 7, instead 1 was selected as closest valid option! (conv2d_utils.cpp:401)
2026-05-29 08:11:07.251 | INFO     | models.demos.wormhole.stable_diffusion.tt.ttnn_functional_unet_2d_condition_model_new_conv:__call__:406 - Down block 1
2026-05-29 08:11:07.257 | INFO     | models.demos.wormhole.stable_diffusion.tt.ttnn_functional_unet_2d_condition_model_new_conv:__call__:406 - Down block 2
2026-05-29 08:11:07.260 | INFO     | models.demos.wormhole.stable_diffusion.tt.ttnn_functional_unet_2d_condition_model_new_conv:__call__:406 - Down block 3
2026-05-29 08:11:07.261 | INFO     | models.demos.wormhole.stable_diffusion.tt.ttnn_functional_unet_2d_condition_model_new_conv:__call__:460 - Mid block
2026-05-29 08:11:07.262 | warning  |              Op | Mismatch between computed MemoryConfig(memory_layout=TensorMemoryLayout::BLOCK_SHARDED,buffer_type=BufferType::L1,shard_spec=ShardSpec(grid={[(x=0,y=0) - (x=7,y=3)]},shape={32, 160},orientation=ShardOrientation::ROW_MAJOR),nd_shard_spec=NdShardSpec(shard_shape=Shape([32, 160]),grid={[(x=0,y=0) - (x=7,y=3)]},orientation=ShardOrientation::ROW_MAJOR,shard_distribution_strategy=ShardDistributionStrategy::GRID_2D),created_with_nd_shard_spec=0) and provided MemoryConfig(memory_layout=TensorMemoryLayout::BLOCK_SHARDED,buffer_type=BufferType::L1,shard_spec=ShardSpec(grid={[(x=0,y=0) - (x=7,y=7)]},shape={32, 160},orientation=ShardOrientation::ROW_MAJOR),nd_shard_spec=std::nullopt,created_with_nd_shard_spec=0) mem config. Using computed config. (matmul_op.cpp:1674)
2026-05-29 08:11:07.263 | INFO     | models.demos.wormhole.stable_diffusion.tt.ttnn_functional_unet_2d_condition_model_new_conv:__call__:491 - Up block 0
2026-05-29 08:11:07.264 | INFO     | models.demos.wormhole.stable_diffusion.tt.ttnn_functional_unet_2d_condition_model_new_conv:__call__:491 - Up block 1
2026-05-29 08:11:07.269 | INFO     | models.demos.wormhole.stable_diffusion.tt.ttnn_functional_unet_2d_condition_model_new_conv:__call__:491 - Up block 2
2026-05-29 08:11:07.278 | INFO     | models.demos.wormhole.stable_diffusion.tt.ttnn_functional_unet_2d_condition_model_new_conv:__call__:491 - Up block 3
2026-05-29 08:11:07.298 | INFO     | models.demos.wormhole.stable_diffusion.tt.ttnn_functional_unet_2d_condition_model_new_conv:__call__:406 - Down block 0
2026-05-29 08:11:07.304 | info     |              Op | act_block_h_override 2 is not a valid override for padded_output_height_ntiles_per_core 7, instead 1 was selected as closest valid option! (conv2d_utils.cpp:401)
2026-05-29 08:11:07.304 | INFO     | models.demos.wormhole.stable_diffusion.tt.ttnn_functional_unet_2d_condition_model_new_conv:__call__:406 - Down block 1
2026-05-29 08:11:07.310 | INFO     | models.demos.wormhole.stable_diffusion.tt.ttnn_functional_unet_2d_condition_model_new_conv:__call__:406 - Down block 2
2026-05-29 08:11:07.313 | INFO     | models.demos.wormhole.stable_diffusion.tt.ttnn_functional_unet_2d_condition_model_new_conv:__call__:406 - Down block 3
2026-05-29 08:11:07.314 | INFO     | models.demos.wormhole.stable_diffusion.tt.ttnn_functional_unet_2d_condition_model_new_conv:__call__:460 - Mid block
2026-05-29 08:11:07.315 | warning  |              Op | Mismatch between computed MemoryConfig(memory_layout=TensorMemoryLayout::BLOCK_SHARDED,buffer_type=BufferType::L1,shard_spec=ShardSpec(grid={[(x=0,y=0) - (x=7,y=3)]},shape={32, 160},orientation=ShardOrientation::ROW_MAJOR),nd_shard_spec=NdShardSpec(shard_shape=Shape([32, 160]),grid={[(x=0,y=0) - (x=7,y=3)]},orientation=ShardOrientation::ROW_MAJOR,shard_distribution_strategy=ShardDistributionStrategy::GRID_2D),created_with_nd_shard_spec=0) and provided MemoryConfig(memory_layout=TensorMemoryLayout::BLOCK_SHARDED,buffer_type=BufferType::L1,shard_spec=ShardSpec(grid={[(x=0,y=0) - (x=7,y=7)]},shape={32, 160},orientation=ShardOrientation::ROW_MAJOR),nd_shard_spec=std::nullopt,created_with_nd_shard_spec=0) mem config. Using computed config. (matmul_op.cpp:1674)
2026-05-29 08:11:07.316 | INFO     | models.demos.wormhole.stable_diffusion.tt.ttnn_functional_unet_2d_condition_model_new_conv:__call__:491 - Up block 0
2026-05-29 08:11:07.318 | INFO     | models.demos.wormhole.stable_diffusion.tt.ttnn_functional_unet_2d_condition_model_new_conv:__call__:491 - Up block 1
2026-05-29 08:11:07.323 | INFO     | models.demos.wormhole.stable_diffusion.tt.ttnn_functional_unet_2d_condition_model_new_conv:__call__:491 - Up block 2
2026-05-29 08:11:07.331 | INFO     | models.demos.wormhole.stable_diffusion.tt.ttnn_functional_unet_2d_condition_model_new_conv:__call__:491 - Up block 3
2026-05-29 08:11:07.351 | INFO     | models.demos.wormhole.stable_diffusion.tt.ttnn_functional_unet_2d_condition_model_new_conv:__call__:406 - Down block 0
2026-05-29 08:11:07.357 | info     |              Op | act_block_h_override 2 is not a valid override for padded_output_height_ntiles_per_core 7, instead 1 was selected as closest valid option! (conv2d_utils.cpp:401)
2026-05-29 08:11:07.357 | INFO     | models.demos.wormhole.stable_diffusion.tt.ttnn_functional_unet_2d_condition_model_new_conv:__call__:406 - Down block 1
2026-05-29 08:11:07.363 | INFO     | models.demos.wormhole.stable_diffusion.tt.ttnn_functional_unet_2d_condition_model_new_conv:__call__:406 - Down block 2
2026-05-29 08:11:07.366 | INFO     | models.demos.wormhole.stable_diffusion.tt.ttnn_functional_unet_2d_condition_model_new_conv:__call__:406 - Down block 3
2026-05-29 08:11:07.367 | INFO     | models.demos.wormhole.stable_diffusion.tt.ttnn_functional_unet_2d_condition_model_new_conv:__call__:460 - Mid block
2026-05-29 08:11:07.367 | warning  |              Op | Mismatch between computed MemoryConfig(memory_layout=TensorMemoryLayout::BLOCK_SHARDED,buffer_type=BufferType::L1,shard_spec=ShardSpec(grid={[(x=0,y=0) - (x=7,y=3)]},shape={32, 160},orientation=ShardOrientation::ROW_MAJOR),nd_shard_spec=NdShardSpec(shard_shape=Shape([32, 160]),grid={[(x=0,y=0) - (x=7,y=3)]},orientation=ShardOrientation::ROW_MAJOR,shard_distribution_strategy=ShardDistributionStrategy::GRID_2D),created_with_nd_shard_spec=0) and provided MemoryConfig(memory_layout=TensorMemoryLayout::BLOCK_SHARDED,buffer_type=BufferType::L1,shard_spec=ShardSpec(grid={[(x=0,y=0) - (x=7,y=7)]},shape={32, 160},orientation=ShardOrientation::ROW_MAJOR),nd_shard_spec=std::nullopt,created_with_nd_shard_spec=0) mem config. Using computed config. (matmul_op.cpp:1674)
2026-05-29 08:11:07.369 | INFO     | models.demos.wormhole.stable_diffusion.tt.ttnn_functional_unet_2d_condition_model_new_conv:__call__:491 - Up block 0
2026-05-29 08:11:07.370 | INFO     | models.demos.wormhole.stable_diffusion.tt.ttnn_functional_unet_2d_condition_model_new_conv:__call__:491 - Up block 1
2026-05-29 08:11:07.375 | INFO     | models.demos.wormhole.stable_diffusion.tt.ttnn_functional_unet_2d_condition_model_new_conv:__call__:491 - Up block 2
2026-05-29 08:11:07.383 | INFO     | models.demos.wormhole.stable_diffusion.tt.ttnn_functional_unet_2d_condition_model_new_conv:__call__:491 - Up block 3
2026-05-29 08:11:07.403 | INFO     | models.demos.wormhole.stable_diffusion.tt.ttnn_functional_unet_2d_condition_model_new_conv:__call__:406 - Down block 0
2026-05-29 08:11:07.409 | info     |              Op | act_block_h_override 2 is not a valid override for padded_output_height_ntiles_per_core 7, instead 1 was selected as closest valid option! (conv2d_utils.cpp:401)
2026-05-29 08:11:07.409 | INFO     | models.demos.wormhole.stable_diffusion.tt.ttnn_functional_unet_2d_condition_model_new_conv:__call__:406 - Down block 1
2026-05-29 08:11:07.415 | INFO     | models.demos.wormhole.stable_diffusion.tt.ttnn_functional_unet_2d_condition_model_new_conv:__call__:406 - Down block 2
2026-05-29 08:11:07.418 | INFO     | models.demos.wormhole.stable_diffusion.tt.ttnn_functional_unet_2d_condition_model_new_conv:__call__:406 - Down block 3
2026-05-29 08:11:07.419 | INFO     | models.demos.wormhole.stable_diffusion.tt.ttnn_functional_unet_2d_condition_model_new_conv:__call__:460 - Mid block
2026-05-29 08:11:07.420 | warning  |              Op | Mismatch between computed MemoryConfig(memory_layout=TensorMemoryLayout::BLOCK_SHARDED,buffer_type=BufferType::L1,shard_spec=ShardSpec(grid={[(x=0,y=0) - (x=7,y=3)]},shape={32, 160},orientation=ShardOrientation::ROW_MAJOR),nd_shard_spec=NdShardSpec(shard_shape=Shape([32, 160]),grid={[(x=0,y=0) - (x=7,y=3)]},orientation=ShardOrientation::ROW_MAJOR,shard_distribution_strategy=ShardDistributionStrategy::GRID_2D),created_with_nd_shard_spec=0) and provided MemoryConfig(memory_layout=TensorMemoryLayout::BLOCK_SHARDED,buffer_type=BufferType::L1,shard_spec=ShardSpec(grid={[(x=0,y=0) - (x=7,y=7)]},shape={32, 160},orientation=ShardOrientation::ROW_MAJOR),nd_shard_spec=std::nullopt,created_with_nd_shard_spec=0) mem config. Using computed config. (matmul_op.cpp:1674)
2026-05-29 08:11:07.421 | INFO     | models.demos.wormhole.stable_diffusion.tt.ttnn_functional_unet_2d_condition_model_new_conv:__call__:491 - Up block 0
2026-05-29 08:11:07.422 | INFO     | models.demos.wormhole.stable_diffusion.tt.ttnn_functional_unet_2d_condition_model_new_conv:__call__:491 - Up block 1
2026-05-29 08:11:07.427 | INFO     | models.demos.wormhole.stable_diffusion.tt.ttnn_functional_unet_2d_condition_model_new_conv:__call__:491 - Up block 2
2026-05-29 08:11:07.436 | INFO     | models.demos.wormhole.stable_diffusion.tt.ttnn_functional_unet_2d_condition_model_new_conv:__call__:491 - Up block 3
2026-05-29 08:11:07.456 | INFO     | models.demos.wormhole.stable_diffusion.tt.ttnn_functional_unet_2d_condition_model_new_conv:__call__:406 - Down block 0
2026-05-29 08:11:07.462 | info     |              Op | act_block_h_override 2 is not a valid override for padded_output_height_ntiles_per_core 7, instead 1 was selected as closest valid option! (conv2d_utils.cpp:401)
2026-05-29 08:11:07.462 | INFO     | models.demos.wormhole.stable_diffusion.tt.ttnn_functional_unet_2d_condition_model_new_conv:__call__:406 - Down block 1
2026-05-29 08:11:07.468 | INFO     | models.demos.wormhole.stable_diffusion.tt.ttnn_functional_unet_2d_condition_model_new_conv:__call__:406 - Down block 2
2026-05-29 08:11:07.471 | INFO     | models.demos.wormhole.stable_diffusion.tt.ttnn_functional_unet_2d_condition_model_new_conv:__call__:406 - Down block 3
2026-05-29 08:11:07.472 | INFO     | models.demos.wormhole.stable_diffusion.tt.ttnn_functional_unet_2d_condition_model_new_conv:__call__:460 - Mid block
2026-05-29 08:11:07.472 | warning  |              Op | Mismatch between computed MemoryConfig(memory_layout=TensorMemoryLayout::BLOCK_SHARDED,buffer_type=BufferType::L1,shard_spec=ShardSpec(grid={[(x=0,y=0) - (x=7,y=3)]},shape={32, 160},orientation=ShardOrientation::ROW_MAJOR),nd_shard_spec=NdShardSpec(shard_shape=Shape([32, 160]),grid={[(x=0,y=0) - (x=7,y=3)]},orientation=ShardOrientation::ROW_MAJOR,shard_distribution_strategy=ShardDistributionStrategy::GRID_2D),created_with_nd_shard_spec=0) and provided MemoryConfig(memory_layout=TensorMemoryLayout::BLOCK_SHARDED,buffer_type=BufferType::L1,shard_spec=ShardSpec(grid={[(x=0,y=0) - (x=7,y=7)]},shape={32, 160},orientation=ShardOrientation::ROW_MAJOR),nd_shard_spec=std::nullopt,created_with_nd_shard_spec=0) mem config. Using computed config. (matmul_op.cpp:1674)
2026-05-29 08:11:07.474 | INFO     | models.demos.wormhole.stable_diffusion.tt.ttnn_functional_unet_2d_condition_model_new_conv:__call__:491 - Up block 0
2026-05-29 08:11:07.475 | INFO     | models.demos.wormhole.stable_diffusion.tt.ttnn_functional_unet_2d_condition_model_new_conv:__call__:491 - Up block 1
2026-05-29 08:11:07.480 | INFO     | models.demos.wormhole.stable_diffusion.tt.ttnn_functional_unet_2d_condition_model_new_conv:__call__:491 - Up block 2
2026-05-29 08:11:07.488 | INFO     | models.demos.wormhole.stable_diffusion.tt.ttnn_functional_unet_2d_condition_model_new_conv:__call__:491 - Up block 3
  Step 1/41
2026-05-29 08:11:07.510 | INFO     | models.demos.wormhole.stable_diffusion.tt.ttnn_functional_unet_2d_condition_model_new_conv:__call__:406 - Down block 0
2026-05-29 08:11:07.516 | info     |              Op | act_block_h_override 2 is not a valid override for padded_output_height_ntiles_per_core 7, instead 1 was selected as closest valid option! (conv2d_utils.cpp:401)
2026-05-29 08:11:07.516 | INFO     | models.demos.wormhole.stable_diffusion.tt.ttnn_functional_unet_2d_condition_model_new_conv:__call__:406 - Down block 1
2026-05-29 08:11:07.523 | INFO     | models.demos.wormhole.stable_diffusion.tt.ttnn_functional_unet_2d_condition_model_new_conv:__call__:406 - Down block 2
2026-05-29 08:11:07.526 | INFO     | models.demos.wormhole.stable_diffusion.tt.ttnn_functional_unet_2d_condition_model_new_conv:__call__:406 - Down block 3
2026-05-29 08:11:07.527 | INFO     | models.demos.wormhole.stable_diffusion.tt.ttnn_functional_unet_2d_condition_model_new_conv:__call__:460 - Mid block
2026-05-29 08:11:07.528 | warning  |              Op | Mismatch between computed MemoryConfig(memory_layout=TensorMemoryLayout::BLOCK_SHARDED,buffer_type=BufferType::L1,shard_spec=ShardSpec(grid={[(x=0,y=0) - (x=7,y=3)]},shape={32, 160},orientation=ShardOrientation::ROW_MAJOR),nd_shard_spec=NdShardSpec(shard_shape=Shape([32, 160]),grid={[(x=0,y=0) - (x=7,y=3)]},orientation=ShardOrientation::ROW_MAJOR,shard_distribution_strategy=ShardDistributionStrategy::GRID_2D),created_with_nd_shard_spec=0) and provided MemoryConfig(memory_layout=TensorMemoryLayout::BLOCK_SHARDED,buffer_type=BufferType::L1,shard_spec=ShardSpec(grid={[(x=0,y=0) - (x=7,y=7)]},shape={32, 160},orientation=ShardOrientation::ROW_MAJOR),nd_shard_spec=std::nullopt,created_with_nd_shard_spec=0) mem config. Using computed config. (matmul_op.cpp:1674)
2026-05-29 08:11:07.529 | INFO     | models.demos.wormhole.stable_diffusion.tt.ttnn_functional_unet_2d_condition_model_new_conv:__call__:491 - Up block 0
2026-05-29 08:11:07.530 | INFO     | models.demos.wormhole.stable_diffusion.tt.ttnn_functional_unet_2d_condition_model_new_conv:__call__:491 - Up block 1
2026-05-29 08:11:07.535 | INFO     | models.demos.wormhole.stable_diffusion.tt.ttnn_functional_unet_2d_condition_model_new_conv:__call__:491 - Up block 2
2026-05-29 08:11:07.544 | INFO     | models.demos.wormhole.stable_diffusion.tt.ttnn_functional_unet_2d_condition_model_new_conv:__call__:491 - Up block 3
2026-05-29 08:11:07.564 | INFO     | models.demos.wormhole.stable_diffusion.tt.ttnn_functional_unet_2d_condition_model_new_conv:__call__:406 - Down block 0
2026-05-29 08:11:07.570 | info     |              Op | act_block_h_override 2 is not a valid override for padded_output_height_ntiles_per_core 7, instead 1 was selected as closest valid option! (conv2d_utils.cpp:401)
2026-05-29 08:11:07.570 | INFO     | models.demos.wormhole.stable_diffusion.tt.ttnn_functional_unet_2d_condition_model_new_conv:__call__:406 - Down block 1
2026-05-29 08:11:07.576 | INFO     | models.demos.wormhole.stable_diffusion.tt.ttnn_functional_unet_2d_condition_model_new_conv:__call__:406 - Down block 2
2026-05-29 08:11:07.580 | INFO     | models.demos.wormhole.stable_diffusion.tt.ttnn_functional_unet_2d_condition_model_new_conv:__call__:406 - Down block 3
2026-05-29 08:11:07.580 | INFO     | models.demos.wormhole.stable_diffusion.tt.ttnn_functional_unet_2d_condition_model_new_conv:__call__:460 - Mid block
2026-05-29 08:11:07.581 | warning  |              Op | Mismatch between computed MemoryConfig(memory_layout=TensorMemoryLayout::BLOCK_SHARDED,buffer_type=BufferType::L1,shard_spec=ShardSpec(grid={[(x=0,y=0) - (x=7,y=3)]},shape={32, 160},orientation=ShardOrientation::ROW_MAJOR),nd_shard_spec=NdShardSpec(shard_shape=Shape([32, 160]),grid={[(x=0,y=0) - (x=7,y=3)]},orientation=ShardOrientation::ROW_MAJOR,shard_distribution_strategy=ShardDistributionStrategy::GRID_2D),created_with_nd_shard_spec=0) and provided MemoryConfig(memory_layout=TensorMemoryLayout::BLOCK_SHARDED,buffer_type=BufferType::L1,shard_spec=ShardSpec(grid={[(x=0,y=0) - (x=7,y=7)]},shape={32, 160},orientation=ShardOrientation::ROW_MAJOR),nd_shard_spec=std::nullopt,created_with_nd_shard_spec=0) mem config. Using computed config. (matmul_op.cpp:1674)
2026-05-29 08:11:07.582 | INFO     | models.demos.wormhole.stable_diffusion.tt.ttnn_functional_unet_2d_condition_model_new_conv:__call__:491 - Up block 0
2026-05-29 08:11:07.584 | INFO     | models.demos.wormhole.stable_diffusion.tt.ttnn_functional_unet_2d_condition_model_new_conv:__call__:491 - Up block 1
2026-05-29 08:11:07.589 | INFO     | models.demos.wormhole.stable_diffusion.tt.ttnn_functional_unet_2d_condition_model_new_conv:__call__:491 - Up block 2
2026-05-29 08:11:07.597 | INFO     | models.demos.wormhole.stable_diffusion.tt.ttnn_functional_unet_2d_condition_model_new_conv:__call__:491 - Up block 3
2026-05-29 08:11:07.617 | INFO     | models.demos.wormhole.stable_diffusion.tt.ttnn_functional_unet_2d_condition_model_new_conv:__call__:406 - Down block 0
2026-05-29 08:11:07.626 | info     |              Op | act_block_h_override 2 is not a valid override for padded_output_height_ntiles_per_core 7, instead 1 was selected as closest valid option! (conv2d_utils.cpp:401)
2026-05-29 08:11:07.626 | INFO     | models.demos.wormhole.stable_diffusion.tt.ttnn_functional_unet_2d_condition_model_new_conv:__call__:406 - Down block 1
2026-05-29 08:11:07.632 | INFO     | models.demos.wormhole.stable_diffusion.tt.ttnn_functional_unet_2d_condition_model_new_conv:__call__:406 - Down block 2
2026-05-29 08:11:07.635 | INFO     | models.demos.wormhole.stable_diffusion.tt.ttnn_functional_unet_2d_condition_model_new_conv:__call__:406 - Down block 3
2026-05-29 08:11:07.636 | INFO     | models.demos.wormhole.stable_diffusion.tt.ttnn_functional_unet_2d_condition_model_new_conv:__call__:460 - Mid block
2026-05-29 08:11:07.636 | warning  |              Op | Mismatch between computed MemoryConfig(memory_layout=TensorMemoryLayout::BLOCK_SHARDED,buffer_type=BufferType::L1,shard_spec=ShardSpec(grid={[(x=0,y=0) - (x=7,y=3)]},shape={32, 160},orientation=ShardOrientation::ROW_MAJOR),nd_shard_spec=NdShardSpec(shard_shape=Shape([32, 160]),grid={[(x=0,y=0) - (x=7,y=3)]},orientation=ShardOrientation::ROW_MAJOR,shard_distribution_strategy=ShardDistributionStrategy::GRID_2D),created_with_nd_shard_spec=0) and provided MemoryConfig(memory_layout=TensorMemoryLayout::BLOCK_SHARDED,buffer_type=BufferType::L1,shard_spec=ShardSpec(grid={[(x=0,y=0) - (x=7,y=7)]},shape={32, 160},orientation=ShardOrientation::ROW_MAJOR),nd_shard_spec=std::nullopt,created_with_nd_shard_spec=0) mem config. Using computed config. (matmul_op.cpp:1674)
2026-05-29 08:11:07.638 | INFO     | models.demos.wormhole.stable_diffusion.tt.ttnn_functional_unet_2d_condition_model_new_conv:__call__:491 - Up block 0
2026-05-29 08:11:07.639 | INFO     | models.demos.wormhole.stable_diffusion.tt.ttnn_functional_unet_2d_condition_model_new_conv:__call__:491 - Up block 1
2026-05-29 08:11:07.644 | INFO     | models.demos.wormhole.stable_diffusion.tt.ttnn_functional_unet_2d_condition_model_new_conv:__call__:491 - Up block 2
2026-05-29 08:11:07.652 | INFO     | models.demos.wormhole.stable_diffusion.tt.ttnn_functional_unet_2d_condition_model_new_conv:__call__:491 - Up block 3
2026-05-29 08:11:07.672 | INFO     | models.demos.wormhole.stable_diffusion.tt.ttnn_functional_unet_2d_condition_model_new_conv:__call__:406 - Down block 0
2026-05-29 08:11:07.678 | info     |              Op | act_block_h_override 2 is not a valid override for padded_output_height_ntiles_per_core 7, instead 1 was selected as closest valid option! (conv2d_utils.cpp:401)
2026-05-29 08:11:07.678 | INFO     | models.demos.wormhole.stable_diffusion.tt.ttnn_functional_unet_2d_condition_model_new_conv:__call__:406 - Down block 1
2026-05-29 08:11:07.684 | INFO     | models.demos.wormhole.stable_diffusion.tt.ttnn_functional_unet_2d_condition_model_new_conv:__call__:406 - Down block 2
2026-05-29 08:11:07.687 | INFO     | models.demos.wormhole.stable_diffusion.tt.ttnn_functional_unet_2d_condition_model_new_conv:__call__:406 - Down block 3
2026-05-29 08:11:07.688 | INFO     | models.demos.wormhole.stable_diffusion.tt.ttnn_functional_unet_2d_condition_model_new_conv:__call__:460 - Mid block
2026-05-29 08:11:07.689 | warning  |              Op | Mismatch between computed MemoryConfig(memory_layout=TensorMemoryLayout::BLOCK_SHARDED,buffer_type=BufferType::L1,shard_spec=ShardSpec(grid={[(x=0,y=0) - (x=7,y=3)]},shape={32, 160},orientation=ShardOrientation::ROW_MAJOR),nd_shard_spec=NdShardSpec(shard_shape=Shape([32, 160]),grid={[(x=0,y=0) - (x=7,y=3)]},orientation=ShardOrientation::ROW_MAJOR,shard_distribution_strategy=ShardDistributionStrategy::GRID_2D),created_with_nd_shard_spec=0) and provided MemoryConfig(memory_layout=TensorMemoryLayout::BLOCK_SHARDED,buffer_type=BufferType::L1,shard_spec=ShardSpec(grid={[(x=0,y=0) - (x=7,y=7)]},shape={32, 160},orientation=ShardOrientation::ROW_MAJOR),nd_shard_spec=std::nullopt,created_with_nd_shard_spec=0) mem config. Using computed config. (matmul_op.cpp:1674)
2026-05-29 08:11:07.690 | INFO     | models.demos.wormhole.stable_diffusion.tt.ttnn_functional_unet_2d_condition_model_new_conv:__call__:491 - Up block 0
2026-05-29 08:11:07.691 | INFO     | models.demos.wormhole.stable_diffusion.tt.ttnn_functional_unet_2d_condition_model_new_conv:__call__:491 - Up block 1
2026-05-29 08:11:07.696 | INFO     | models.demos.wormhole.stable_diffusion.tt.ttnn_functional_unet_2d_condition_model_new_conv:__call__:491 - Up block 2
2026-05-29 08:11:07.704 | INFO     | models.demos.wormhole.stable_diffusion.tt.ttnn_functional_unet_2d_condition_model_new_conv:__call__:491 - Up block 3
2026-05-29 08:11:07.724 | INFO     | models.demos.wormhole.stable_diffusion.tt.ttnn_functional_unet_2d_condition_model_new_conv:__call__:406 - Down block 0
2026-05-29 08:11:07.730 | info     |              Op | act_block_h_override 2 is not a valid override for padded_output_height_ntiles_per_core 7, instead 1 was selected as closest valid option! (conv2d_utils.cpp:401)
2026-05-29 08:11:07.730 | INFO     | models.demos.wormhole.stable_diffusion.tt.ttnn_functional_unet_2d_condition_model_new_conv:__call__:406 - Down block 1
2026-05-29 08:11:07.736 | INFO     | models.demos.wormhole.stable_diffusion.tt.ttnn_functional_unet_2d_condition_model_new_conv:__call__:406 - Down block 2
2026-05-29 08:11:07.740 | INFO     | models.demos.wormhole.stable_diffusion.tt.ttnn_functional_unet_2d_condition_model_new_conv:__call__:406 - Down block 3
2026-05-29 08:11:07.741 | INFO     | models.demos.wormhole.stable_diffusion.tt.ttnn_functional_unet_2d_condition_model_new_conv:__call__:460 - Mid block
2026-05-29 08:11:07.741 | warning  |              Op | Mismatch between computed MemoryConfig(memory_layout=TensorMemoryLayout::BLOCK_SHARDED,buffer_type=BufferType::L1,shard_spec=ShardSpec(grid={[(x=0,y=0) - (x=7,y=3)]},shape={32, 160},orientation=ShardOrientation::ROW_MAJOR),nd_shard_spec=NdShardSpec(shard_shape=Shape([32, 160]),grid={[(x=0,y=0) - (x=7,y=3)]},orientation=ShardOrientation::ROW_MAJOR,shard_distribution_strategy=ShardDistributionStrategy::GRID_2D),created_with_nd_shard_spec=0) and provided MemoryConfig(memory_layout=TensorMemoryLayout::BLOCK_SHARDED,buffer_type=BufferType::L1,shard_spec=ShardSpec(grid={[(x=0,y=0) - (x=7,y=7)]},shape={32, 160},orientation=ShardOrientation::ROW_MAJOR),nd_shard_spec=std::nullopt,created_with_nd_shard_spec=0) mem config. Using computed config. (matmul_op.cpp:1674)
2026-05-29 08:11:07.742 | INFO     | models.demos.wormhole.stable_diffusion.tt.ttnn_functional_unet_2d_condition_model_new_conv:__call__:491 - Up block 0
2026-05-29 08:11:07.744 | INFO     | models.demos.wormhole.stable_diffusion.tt.ttnn_functional_unet_2d_condition_model_new_conv:__call__:491 - Up block 1
2026-05-29 08:11:07.749 | INFO     | models.demos.wormhole.stable_diffusion.tt.ttnn_functional_unet_2d_condition_model_new_conv:__call__:491 - Up block 2
2026-05-29 08:11:07.757 | INFO     | models.demos.wormhole.stable_diffusion.tt.ttnn_functional_unet_2d_condition_model_new_conv:__call__:491 - Up block 3
2026-05-29 08:11:07.777 | INFO     | models.demos.wormhole.stable_diffusion.tt.ttnn_functional_unet_2d_condition_model_new_conv:__call__:406 - Down block 0
2026-05-29 08:11:07.783 | info     |              Op | act_block_h_override 2 is not a valid override for padded_output_height_ntiles_per_core 7, instead 1 was selected as closest valid option! (conv2d_utils.cpp:401)
2026-05-29 08:11:07.783 | INFO     | models.demos.wormhole.stable_diffusion.tt.ttnn_functional_unet_2d_condition_model_new_conv:__call__:406 - Down block 1
2026-05-29 08:11:07.789 | INFO     | models.demos.wormhole.stable_diffusion.tt.ttnn_functional_unet_2d_condition_model_new_conv:__call__:406 - Down block 2
2026-05-29 08:11:07.792 | INFO     | models.demos.wormhole.stable_diffusion.tt.ttnn_functional_unet_2d_condition_model_new_conv:__call__:406 - Down block 3
2026-05-29 08:11:07.793 | INFO     | models.demos.wormhole.stable_diffusion.tt.ttnn_functional_unet_2d_condition_model_new_conv:__call__:460 - Mid block
2026-05-29 08:11:07.793 | warning  |              Op | Mismatch between computed MemoryConfig(memory_layout=TensorMemoryLayout::BLOCK_SHARDED,buffer_type=BufferType::L1,shard_spec=ShardSpec(grid={[(x=0,y=0) - (x=7,y=3)]},shape={32, 160},orientation=ShardOrientation::ROW_MAJOR),nd_shard_spec=NdShardSpec(shard_shape=Shape([32, 160]),grid={[(x=0,y=0) - (x=7,y=3)]},orientation=ShardOrientation::ROW_MAJOR,shard_distribution_strategy=ShardDistributionStrategy::GRID_2D),created_with_nd_shard_spec=0) and provided MemoryConfig(memory_layout=TensorMemoryLayout::BLOCK_SHARDED,buffer_type=BufferType::L1,shard_spec=ShardSpec(grid={[(x=0,y=0) - (x=7,y=7)]},shape={32, 160},orientation=ShardOrientation::ROW_MAJOR),nd_shard_spec=std::nullopt,created_with_nd_shard_spec=0) mem config. Using computed config. (matmul_op.cpp:1674)
2026-05-29 08:11:07.795 | INFO     | models.demos.wormhole.stable_diffusion.tt.ttnn_functional_unet_2d_condition_model_new_conv:__call__:491 - Up block 0
2026-05-29 08:11:07.796 | INFO     | models.demos.wormhole.stable_diffusion.tt.ttnn_functional_unet_2d_condition_model_new_conv:__call__:491 - Up block 1
2026-05-29 08:11:07.801 | INFO     | models.demos.wormhole.stable_diffusion.tt.ttnn_functional_unet_2d_condition_model_new_conv:__call__:491 - Up block 2
2026-05-29 08:11:07.810 | INFO     | models.demos.wormhole.stable_diffusion.tt.ttnn_functional_unet_2d_condition_model_new_conv:__call__:491 - Up block 3
2026-05-29 08:11:07.830 | INFO     | models.demos.wormhole.stable_diffusion.tt.ttnn_functional_unet_2d_condition_model_new_conv:__call__:406 - Down block 0
2026-05-29 08:11:07.836 | info     |              Op | act_block_h_override 2 is not a valid override for padded_output_height_ntiles_per_core 7, instead 1 was selected as closest valid option! (conv2d_utils.cpp:401)
2026-05-29 08:11:07.836 | INFO     | models.demos.wormhole.stable_diffusion.tt.ttnn_functional_unet_2d_condition_model_new_conv:__call__:406 - Down block 1
2026-05-29 08:11:07.841 | INFO     | models.demos.wormhole.stable_diffusion.tt.ttnn_functional_unet_2d_condition_model_new_conv:__call__:406 - Down block 2
2026-05-29 08:11:07.844 | INFO     | models.demos.wormhole.stable_diffusion.tt.ttnn_functional_unet_2d_condition_model_new_conv:__call__:406 - Down block 3
2026-05-29 08:11:07.845 | INFO     | models.demos.wormhole.stable_diffusion.tt.ttnn_functional_unet_2d_condition_model_new_conv:__call__:460 - Mid block
2026-05-29 08:11:07.846 | warning  |              Op | Mismatch between computed MemoryConfig(memory_layout=TensorMemoryLayout::BLOCK_SHARDED,buffer_type=BufferType::L1,shard_spec=ShardSpec(grid={[(x=0,y=0) - (x=7,y=3)]},shape={32, 160},orientation=ShardOrientation::ROW_MAJOR),nd_shard_spec=NdShardSpec(shard_shape=Shape([32, 160]),grid={[(x=0,y=0) - (x=7,y=3)]},orientation=ShardOrientation::ROW_MAJOR,shard_distribution_strategy=ShardDistributionStrategy::GRID_2D),created_with_nd_shard_spec=0) and provided MemoryConfig(memory_layout=TensorMemoryLayout::BLOCK_SHARDED,buffer_type=BufferType::L1,shard_spec=ShardSpec(grid={[(x=0,y=0) - (x=7,y=7)]},shape={32, 160},orientation=ShardOrientation::ROW_MAJOR),nd_shard_spec=std::nullopt,created_with_nd_shard_spec=0) mem config. Using computed config. (matmul_op.cpp:1674)
2026-05-29 08:11:07.847 | INFO     | models.demos.wormhole.stable_diffusion.tt.ttnn_functional_unet_2d_condition_model_new_conv:__call__:491 - Up block 0
2026-05-29 08:11:07.848 | INFO     | models.demos.wormhole.stable_diffusion.tt.ttnn_functional_unet_2d_condition_model_new_conv:__call__:491 - Up block 1
2026-05-29 08:11:07.853 | INFO     | models.demos.wormhole.stable_diffusion.tt.ttnn_functional_unet_2d_condition_model_new_conv:__call__:491 - Up block 2
2026-05-29 08:11:07.862 | INFO     | models.demos.wormhole.stable_diffusion.tt.ttnn_functional_unet_2d_condition_model_new_conv:__call__:491 - Up block 3
2026-05-29 08:11:07.882 | INFO     | models.demos.wormhole.stable_diffusion.tt.ttnn_functional_unet_2d_condition_model_new_conv:__call__:406 - Down block 0
2026-05-29 08:11:07.888 | info     |              Op | act_block_h_override 2 is not a valid override for padded_output_height_ntiles_per_core 7, instead 1 was selected as closest valid option! (conv2d_utils.cpp:401)
2026-05-29 08:11:07.888 | INFO     | models.demos.wormhole.stable_diffusion.tt.ttnn_functional_unet_2d_condition_model_new_conv:__call__:406 - Down block 1
2026-05-29 08:11:07.894 | INFO     | models.demos.wormhole.stable_diffusion.tt.ttnn_functional_unet_2d_condition_model_new_conv:__call__:406 - Down block 2
2026-05-29 08:11:07.897 | INFO     | models.demos.wormhole.stable_diffusion.tt.ttnn_functional_unet_2d_condition_model_new_conv:__call__:406 - Down block 3
2026-05-29 08:11:07.898 | INFO     | models.demos.wormhole.stable_diffusion.tt.ttnn_functional_unet_2d_condition_model_new_conv:__call__:460 - Mid block
2026-05-29 08:11:07.899 | warning  |              Op | Mismatch between computed MemoryConfig(memory_layout=TensorMemoryLayout::BLOCK_SHARDED,buffer_type=BufferType::L1,shard_spec=ShardSpec(grid={[(x=0,y=0) - (x=7,y=3)]},shape={32, 160},orientation=ShardOrientation::ROW_MAJOR),nd_shard_spec=NdShardSpec(shard_shape=Shape([32, 160]),grid={[(x=0,y=0) - (x=7,y=3)]},orientation=ShardOrientation::ROW_MAJOR,shard_distribution_strategy=ShardDistributionStrategy::GRID_2D),created_with_nd_shard_spec=0) and provided MemoryConfig(memory_layout=TensorMemoryLayout::BLOCK_SHARDED,buffer_type=BufferType::L1,shard_spec=ShardSpec(grid={[(x=0,y=0) - (x=7,y=7)]},shape={32, 160},orientation=ShardOrientation::ROW_MAJOR),nd_shard_spec=std::nullopt,created_with_nd_shard_spec=0) mem config. Using computed config. (matmul_op.cpp:1674)
2026-05-29 08:11:07.900 | INFO     | models.demos.wormhole.stable_diffusion.tt.ttnn_functional_unet_2d_condition_model_new_conv:__call__:491 - Up block 0
2026-05-29 08:11:07.901 | INFO     | models.demos.wormhole.stable_diffusion.tt.ttnn_functional_unet_2d_condition_model_new_conv:__call__:491 - Up block 1
2026-05-29 08:11:07.906 | INFO     | models.demos.wormhole.stable_diffusion.tt.ttnn_functional_unet_2d_condition_model_new_conv:__call__:491 - Up block 2
2026-05-29 08:11:07.915 | INFO     | models.demos.wormhole.stable_diffusion.tt.ttnn_functional_unet_2d_condition_model_new_conv:__call__:491 - Up block 3
  Step 2/41
2026-05-29 08:11:07.937 | INFO     | models.demos.wormhole.stable_diffusion.tt.ttnn_functional_unet_2d_condition_model_new_conv:__call__:406 - Down block 0
2026-05-29 08:11:07.943 | info     |              Op | act_block_h_override 2 is not a valid override for padded_output_height_ntiles_per_core 7, instead 1 was selected as closest valid option! (conv2d_utils.cpp:401)
2026-05-29 08:11:07.943 | INFO     | models.demos.wormhole.stable_diffusion.tt.ttnn_functional_unet_2d_condition_model_new_conv:__call__:406 - Down block 1
2026-05-29 08:11:07.948 | INFO     | models.demos.wormhole.stable_diffusion.tt.ttnn_functional_unet_2d_condition_model_new_conv:__call__:406 - Down block 2
2026-05-29 08:11:07.952 | INFO     | models.demos.wormhole.stable_diffusion.tt.ttnn_functional_unet_2d_condition_model_new_conv:__call__:406 - Down block 3
2026-05-29 08:11:07.952 | INFO     | models.demos.wormhole.stable_diffusion.tt.ttnn_functional_unet_2d_condition_model_new_conv:__call__:460 - Mid block
2026-05-29 08:11:07.953 | warning  |              Op | Mismatch between computed MemoryConfig(memory_layout=TensorMemoryLayout::BLOCK_SHARDED,buffer_type=BufferType::L1,shard_spec=ShardSpec(grid={[(x=0,y=0) - (x=7,y=3)]},shape={32, 160},orientation=ShardOrientation::ROW_MAJOR),nd_shard_spec=NdShardSpec(shard_shape=Shape([32, 160]),grid={[(x=0,y=0) - (x=7,y=3)]},orientation=ShardOrientation::ROW_MAJOR,shard_distribution_strategy=ShardDistributionStrategy::GRID_2D),created_with_nd_shard_spec=0) and provided MemoryConfig(memory_layout=TensorMemoryLayout::BLOCK_SHARDED,buffer_type=BufferType::L1,shard_spec=ShardSpec(grid={[(x=0,y=0) - (x=7,y=7)]},shape={32, 160},orientation=ShardOrientation::ROW_MAJOR),nd_shard_spec=std::nullopt,created_with_nd_shard_spec=0) mem config. Using computed config. (matmul_op.cpp:1674)
2026-05-29 08:11:07.954 | INFO     | models.demos.wormhole.stable_diffusion.tt.ttnn_functional_unet_2d_condition_model_new_conv:__call__:491 - Up block 0
2026-05-29 08:11:07.955 | INFO     | models.demos.wormhole.stable_diffusion.tt.ttnn_functional_unet_2d_condition_model_new_conv:__call__:491 - Up block 1
2026-05-29 08:11:07.960 | INFO     | models.demos.wormhole.stable_diffusion.tt.ttnn_functional_unet_2d_condition_model_new_conv:__call__:491 - Up block 2
2026-05-29 08:11:07.969 | INFO     | models.demos.wormhole.stable_diffusion.tt.ttnn_functional_unet_2d_condition_model_new_conv:__call__:491 - Up block 3
2026-05-29 08:11:07.989 | INFO     | models.demos.wormhole.stable_diffusion.tt.ttnn_functional_unet_2d_condition_model_new_conv:__call__:406 - Down block 0
2026-05-29 08:11:07.995 | info     |              Op | act_block_h_override 2 is not a valid override for padded_output_height_ntiles_per_core 7, instead 1 was selected as closest valid option! (conv2d_utils.cpp:401)
2026-05-29 08:11:07.995 | INFO     | models.demos.wormhole.stable_diffusion.tt.ttnn_functional_unet_2d_condition_model_new_conv:__call__:406 - Down block 1
2026-05-29 08:11:08.001 | INFO     | models.demos.wormhole.stable_diffusion.tt.ttnn_functional_unet_2d_condition_model_new_conv:__call__:406 - Down block 2
2026-05-29 08:11:08.004 | INFO     | models.demos.wormhole.stable_diffusion.tt.ttnn_functional_unet_2d_condition_model_new_conv:__call__:406 - Down block 3
2026-05-29 08:11:08.005 | INFO     | models.demos.wormhole.stable_diffusion.tt.ttnn_functional_unet_2d_condition_model_new_conv:__call__:460 - Mid block
2026-05-29 08:11:08.006 | warning  |              Op | Mismatch between computed MemoryConfig(memory_layout=TensorMemoryLayout::BLOCK_SHARDED,buffer_type=BufferType::L1,shard_spec=ShardSpec(grid={[(x=0,y=0) - (x=7,y=3)]},shape={32, 160},orientation=ShardOrientation::ROW_MAJOR),nd_shard_spec=NdShardSpec(shard_shape=Shape([32, 160]),grid={[(x=0,y=0) - (x=7,y=3)]},orientation=ShardOrientation::ROW_MAJOR,shard_distribution_strategy=ShardDistributionStrategy::GRID_2D),created_with_nd_shard_spec=0) and provided MemoryConfig(memory_layout=TensorMemoryLayout::BLOCK_SHARDED,buffer_type=BufferType::L1,shard_spec=ShardSpec(grid={[(x=0,y=0) - (x=7,y=7)]},shape={32, 160},orientation=ShardOrientation::ROW_MAJOR),nd_shard_spec=std::nullopt,created_with_nd_shard_spec=0) mem config. Using computed config. (matmul_op.cpp:1674)
2026-05-29 08:11:08.007 | INFO     | models.demos.wormhole.stable_diffusion.tt.ttnn_functional_unet_2d_condition_model_new_conv:__call__:491 - Up block 0
2026-05-29 08:11:08.008 | INFO     | models.demos.wormhole.stable_diffusion.tt.ttnn_functional_unet_2d_condition_model_new_conv:__call__:491 - Up block 1
2026-05-29 08:11:08.014 | INFO     | models.demos.wormhole.stable_diffusion.tt.ttnn_functional_unet_2d_condition_model_new_conv:__call__:491 - Up block 2
2026-05-29 08:11:08.022 | INFO     | models.demos.wormhole.stable_diffusion.tt.ttnn_functional_unet_2d_condition_model_new_conv:__call__:491 - Up block 3
2026-05-29 08:11:08.042 | INFO     | models.demos.wormhole.stable_diffusion.tt.ttnn_functional_unet_2d_condition_model_new_conv:__call__:406 - Down block 0
2026-05-29 08:11:08.048 | info     |              Op | act_block_h_override 2 is not a valid override for padded_output_height_ntiles_per_core 7, instead 1 was selected as closest valid option! (conv2d_utils.cpp:401)
2026-05-29 08:11:08.048 | INFO     | models.demos.wormhole.stable_diffusion.tt.ttnn_functional_unet_2d_condition_model_new_conv:__call__:406 - Down block 1
2026-05-29 08:11:08.053 | INFO     | models.demos.wormhole.stable_diffusion.tt.ttnn_functional_unet_2d_condition_model_new_conv:__call__:406 - Down block 2
2026-05-29 08:11:08.057 | INFO     | models.demos.wormhole.stable_diffusion.tt.ttnn_functional_unet_2d_condition_model_new_conv:__call__:406 - Down block 3
2026-05-29 08:11:08.057 | INFO     | models.demos.wormhole.stable_diffusion.tt.ttnn_functional_unet_2d_condition_model_new_conv:__call__:460 - Mid block
2026-05-29 08:11:08.058 | warning  |              Op | Mismatch between computed MemoryConfig(memory_layout=TensorMemoryLayout::BLOCK_SHARDED,buffer_type=BufferType::L1,shard_spec=ShardSpec(grid={[(x=0,y=0) - (x=7,y=3)]},shape={32, 160},orientation=ShardOrientation::ROW_MAJOR),nd_shard_spec=NdShardSpec(shard_shape=Shape([32, 160]),grid={[(x=0,y=0) - (x=7,y=3)]},orientation=ShardOrientation::ROW_MAJOR,shard_distribution_strategy=ShardDistributionStrategy::GRID_2D),created_with_nd_shard_spec=0) and provided MemoryConfig(memory_layout=TensorMemoryLayout::BLOCK_SHARDED,buffer_type=BufferType::L1,shard_spec=ShardSpec(grid={[(x=0,y=0) - (x=7,y=7)]},shape={32, 160},orientation=ShardOrientation::ROW_MAJOR),nd_shard_spec=std::nullopt,created_with_nd_shard_spec=0) mem config. Using computed config. (matmul_op.cpp:1674)
2026-05-29 08:11:08.059 | INFO     | models.demos.wormhole.stable_diffusion.tt.ttnn_functional_unet_2d_condition_model_new_conv:__call__:491 - Up block 0
2026-05-29 08:11:08.060 | INFO     | models.demos.wormhole.stable_diffusion.tt.ttnn_functional_unet_2d_condition_model_new_conv:__call__:491 - Up block 1
2026-05-29 08:11:08.065 | INFO     | models.demos.wormhole.stable_diffusion.tt.ttnn_functional_unet_2d_condition_model_new_conv:__call__:491 - Up block 2
2026-05-29 08:11:08.073 | INFO     | models.demos.wormhole.stable_diffusion.tt.ttnn_functional_unet_2d_condition_model_new_conv:__call__:491 - Up block 3
2026-05-29 08:11:08.094 | INFO     | models.demos.wormhole.stable_diffusion.tt.ttnn_functional_unet_2d_condition_model_new_conv:__call__:406 - Down block 0
2026-05-29 08:11:08.100 | info     |              Op | act_block_h_override 2 is not a valid override for padded_output_height_ntiles_per_core 7, instead 1 was selected as closest valid option! (conv2d_utils.cpp:401)
2026-05-29 08:11:08.100 | INFO     | models.demos.wormhole.stable_diffusion.tt.ttnn_functional_unet_2d_condition_model_new_conv:__call__:406 - Down block 1
2026-05-29 08:11:08.106 | INFO     | models.demos.wormhole.stable_diffusion.tt.ttnn_functional_unet_2d_condition_model_new_conv:__call__:406 - Down block 2
2026-05-29 08:11:08.109 | INFO     | models.demos.wormhole.stable_diffusion.tt.ttnn_functional_unet_2d_condition_model_new_conv:__call__:406 - Down block 3
2026-05-29 08:11:08.110 | INFO     | models.demos.wormhole.stable_diffusion.tt.ttnn_functional_unet_2d_condition_model_new_conv:__call__:460 - Mid block
2026-05-29 08:11:08.110 | warning  |              Op | Mismatch between computed MemoryConfig(memory_layout=TensorMemoryLayout::BLOCK_SHARDED,buffer_type=BufferType::L1,shard_spec=ShardSpec(grid={[(x=0,y=0) - (x=7,y=3)]},shape={32, 160},orientation=ShardOrientation::ROW_MAJOR),nd_shard_spec=NdShardSpec(shard_shape=Shape([32, 160]),grid={[(x=0,y=0) - (x=7,y=3)]},orientation=ShardOrientation::ROW_MAJOR,shard_distribution_strategy=ShardDistributionStrategy::GRID_2D),created_with_nd_shard_spec=0) and provided MemoryConfig(memory_layout=TensorMemoryLayout::BLOCK_SHARDED,buffer_type=BufferType::L1,shard_spec=ShardSpec(grid={[(x=0,y=0) - (x=7,y=7)]},shape={32, 160},orientation=ShardOrientation::ROW_MAJOR),nd_shard_spec=std::nullopt,created_with_nd_shard_spec=0) mem config. Using computed config. (matmul_op.cpp:1674)
2026-05-29 08:11:08.112 | INFO     | models.demos.wormhole.stable_diffusion.tt.ttnn_functional_unet_2d_condition_model_new_conv:__call__:491 - Up block 0
2026-05-29 08:11:08.113 | INFO     | models.demos.wormhole.stable_diffusion.tt.ttnn_functional_unet_2d_condition_model_new_conv:__call__:491 - Up block 1
2026-05-29 08:11:08.118 | INFO     | models.demos.wormhole.stable_diffusion.tt.ttnn_functional_unet_2d_condition_model_new_conv:__call__:491 - Up block 2
2026-05-29 08:11:08.127 | INFO     | models.demos.wormhole.stable_diffusion.tt.ttnn_functional_unet_2d_condition_model_new_conv:__call__:491 - Up block 3
2026-05-29 08:11:08.147 | INFO     | models.demos.wormhole.stable_diffusion.tt.ttnn_functional_unet_2d_condition_model_new_conv:__call__:406 - Down block 0
2026-05-29 08:11:08.153 | info     |              Op | act_block_h_override 2 is not a valid override for padded_output_height_ntiles_per_core 7, instead 1 was selected as closest valid option! (conv2d_utils.cpp:401)
2026-05-29 08:11:08.153 | INFO     | models.demos.wormhole.stable_diffusion.tt.ttnn_functional_unet_2d_condition_model_new_conv:__call__:406 - Down block 1
2026-05-29 08:11:08.159 | INFO     | models.demos.wormhole.stable_diffusion.tt.ttnn_functional_unet_2d_condition_model_new_conv:__call__:406 - Down block 2
2026-05-29 08:11:08.162 | INFO     | models.demos.wormhole.stable_diffusion.tt.ttnn_functional_unet_2d_condition_model_new_conv:__call__:406 - Down block 3
2026-05-29 08:11:08.163 | INFO     | models.demos.wormhole.stable_diffusion.tt.ttnn_functional_unet_2d_condition_model_new_conv:__call__:460 - Mid block
2026-05-29 08:11:08.164 | warning  |              Op | Mismatch between computed MemoryConfig(memory_layout=TensorMemoryLayout::BLOCK_SHARDED,buffer_type=BufferType::L1,shard_spec=ShardSpec(grid={[(x=0,y=0) - (x=7,y=3)]},shape={32, 160},orientation=ShardOrientation::ROW_MAJOR),nd_shard_spec=NdShardSpec(shard_shape=Shape([32, 160]),grid={[(x=0,y=0) - (x=7,y=3)]},orientation=ShardOrientation::ROW_MAJOR,shard_distribution_strategy=ShardDistributionStrategy::GRID_2D),created_with_nd_shard_spec=0) and provided MemoryConfig(memory_layout=TensorMemoryLayout::BLOCK_SHARDED,buffer_type=BufferType::L1,shard_spec=ShardSpec(grid={[(x=0,y=0) - (x=7,y=7)]},shape={32, 160},orientation=ShardOrientation::ROW_MAJOR),nd_shard_spec=std::nullopt,created_with_nd_shard_spec=0) mem config. Using computed config. (matmul_op.cpp:1674)
2026-05-29 08:11:08.165 | INFO     | models.demos.wormhole.stable_diffusion.tt.ttnn_functional_unet_2d_condition_model_new_conv:__call__:491 - Up block 0
2026-05-29 08:11:08.166 | INFO     | models.demos.wormhole.stable_diffusion.tt.ttnn_functional_unet_2d_condition_model_new_conv:__call__:491 - Up block 1
2026-05-29 08:11:08.171 | INFO     | models.demos.wormhole.stable_diffusion.tt.ttnn_functional_unet_2d_condition_model_new_conv:__call__:491 - Up block 2
2026-05-29 08:11:08.180 | INFO     | models.demos.wormhole.stable_diffusion.tt.ttnn_functional_unet_2d_condition_model_new_conv:__call__:491 - Up block 3
2026-05-29 08:11:08.200 | INFO     | models.demos.wormhole.stable_diffusion.tt.ttnn_functional_unet_2d_condition_model_new_conv:__call__:406 - Down block 0
2026-05-29 08:11:08.206 | info     |              Op | act_block_h_override 2 is not a valid override for padded_output_height_ntiles_per_core 7, instead 1 was selected as closest valid option! (conv2d_utils.cpp:401)
2026-05-29 08:11:08.206 | INFO     | models.demos.wormhole.stable_diffusion.tt.ttnn_functional_unet_2d_condition_model_new_conv:__call__:406 - Down block 1
2026-05-29 08:11:08.211 | INFO     | models.demos.wormhole.stable_diffusion.tt.ttnn_functional_unet_2d_condition_model_new_conv:__call__:406 - Down block 2
2026-05-29 08:11:08.214 | INFO     | models.demos.wormhole.stable_diffusion.tt.ttnn_functional_unet_2d_condition_model_new_conv:__call__:406 - Down block 3
2026-05-29 08:11:08.215 | INFO     | models.demos.wormhole.stable_diffusion.tt.ttnn_functional_unet_2d_condition_model_new_conv:__call__:460 - Mid block
2026-05-29 08:11:08.216 | warning  |              Op | Mismatch between computed MemoryConfig(memory_layout=TensorMemoryLayout::BLOCK_SHARDED,buffer_type=BufferType::L1,shard_spec=ShardSpec(grid={[(x=0,y=0) - (x=7,y=3)]},shape={32, 160},orientation=ShardOrientation::ROW_MAJOR),nd_shard_spec=NdShardSpec(shard_shape=Shape([32, 160]),grid={[(x=0,y=0) - (x=7,y=3)]},orientation=ShardOrientation::ROW_MAJOR,shard_distribution_strategy=ShardDistributionStrategy::GRID_2D),created_with_nd_shard_spec=0) and provided MemoryConfig(memory_layout=TensorMemoryLayout::BLOCK_SHARDED,buffer_type=BufferType::L1,shard_spec=ShardSpec(grid={[(x=0,y=0) - (x=7,y=7)]},shape={32, 160},orientation=ShardOrientation::ROW_MAJOR),nd_shard_spec=std::nullopt,created_with_nd_shard_spec=0) mem config. Using computed config. (matmul_op.cpp:1674)
2026-05-29 08:11:08.217 | INFO     | models.demos.wormhole.stable_diffusion.tt.ttnn_functional_unet_2d_condition_model_new_conv:__call__:491 - Up block 0
2026-05-29 08:11:08.218 | INFO     | models.demos.wormhole.stable_diffusion.tt.ttnn_functional_unet_2d_condition_model_new_conv:__call__:491 - Up block 1
2026-05-29 08:11:08.223 | INFO     | models.demos.wormhole.stable_diffusion.tt.ttnn_functional_unet_2d_condition_model_new_conv:__call__:491 - Up block 2
2026-05-29 08:11:08.232 | INFO     | models.demos.wormhole.stable_diffusion.tt.ttnn_functional_unet_2d_condition_model_new_conv:__call__:491 - Up block 3
2026-05-29 08:11:08.252 | INFO     | models.demos.wormhole.stable_diffusion.tt.ttnn_functional_unet_2d_condition_model_new_conv:__call__:406 - Down block 0
2026-05-29 08:11:08.258 | info     |              Op | act_block_h_override 2 is not a valid override for padded_output_height_ntiles_per_core 7, instead 1 was selected as closest valid option! (conv2d_utils.cpp:401)
2026-05-29 08:11:08.258 | INFO     | models.demos.wormhole.stable_diffusion.tt.ttnn_functional_unet_2d_condition_model_new_conv:__call__:406 - Down block 1
2026-05-29 08:11:08.264 | INFO     | models.demos.wormhole.stable_diffusion.tt.ttnn_functional_unet_2d_condition_model_new_conv:__call__:406 - Down block 2
2026-05-29 08:11:08.267 | INFO     | models.demos.wormhole.stable_diffusion.tt.ttnn_functional_unet_2d_condition_model_new_conv:__call__:406 - Down block 3
2026-05-29 08:11:08.268 | INFO     | models.demos.wormhole.stable_diffusion.tt.ttnn_functional_unet_2d_condition_model_new_conv:__call__:460 - Mid block
2026-05-29 08:11:08.269 | warning  |              Op | Mismatch between computed MemoryConfig(memory_layout=TensorMemoryLayout::BLOCK_SHARDED,buffer_type=BufferType::L1,shard_spec=ShardSpec(grid={[(x=0,y=0) - (x=7,y=3)]},shape={32, 160},orientation=ShardOrientation::ROW_MAJOR),nd_shard_spec=NdShardSpec(shard_shape=Shape([32, 160]),grid={[(x=0,y=0) - (x=7,y=3)]},orientation=ShardOrientation::ROW_MAJOR,shard_distribution_strategy=ShardDistributionStrategy::GRID_2D),created_with_nd_shard_spec=0) and provided MemoryConfig(memory_layout=TensorMemoryLayout::BLOCK_SHARDED,buffer_type=BufferType::L1,shard_spec=ShardSpec(grid={[(x=0,y=0) - (x=7,y=7)]},shape={32, 160},orientation=ShardOrientation::ROW_MAJOR),nd_shard_spec=std::nullopt,created_with_nd_shard_spec=0) mem config. Using computed config. (matmul_op.cpp:1674)
2026-05-29 08:11:08.270 | INFO     | models.demos.wormhole.stable_diffusion.tt.ttnn_functional_unet_2d_condition_model_new_conv:__call__:491 - Up block 0
2026-05-29 08:11:08.272 | INFO     | models.demos.wormhole.stable_diffusion.tt.ttnn_functional_unet_2d_condition_model_new_conv:__call__:491 - Up block 1
2026-05-29 08:11:08.277 | INFO     | models.demos.wormhole.stable_diffusion.tt.ttnn_functional_unet_2d_condition_model_new_conv:__call__:491 - Up block 2
2026-05-29 08:11:08.285 | INFO     | models.demos.wormhole.stable_diffusion.tt.ttnn_functional_unet_2d_condition_model_new_conv:__call__:491 - Up block 3
2026-05-29 08:11:08.305 | INFO     | models.demos.wormhole.stable_diffusion.tt.ttnn_functional_unet_2d_condition_model_new_conv:__call__:406 - Down block 0
2026-05-29 08:11:08.311 | info     |              Op | act_block_h_override 2 is not a valid override for padded_output_height_ntiles_per_core 7, instead 1 was selected as closest valid option! (conv2d_utils.cpp:401)
2026-05-29 08:11:08.311 | INFO     | models.demos.wormhole.stable_diffusion.tt.ttnn_functional_unet_2d_condition_model_new_conv:__call__:406 - Down block 1
2026-05-29 08:11:08.317 | INFO     | models.demos.wormhole.stable_diffusion.tt.ttnn_functional_unet_2d_condition_model_new_conv:__call__:406 - Down block 2
2026-05-29 08:11:08.320 | INFO     | models.demos.wormhole.stable_diffusion.tt.ttnn_functional_unet_2d_condition_model_new_conv:__call__:406 - Down block 3
2026-05-29 08:11:08.321 | INFO     | models.demos.wormhole.stable_diffusion.tt.ttnn_functional_unet_2d_condition_model_new_conv:__call__:460 - Mid block
2026-05-29 08:11:08.321 | warning  |              Op | Mismatch between computed MemoryConfig(memory_layout=TensorMemoryLayout::BLOCK_SHARDED,buffer_type=BufferType::L1,shard_spec=ShardSpec(grid={[(x=0,y=0) - (x=7,y=3)]},shape={32, 160},orientation=ShardOrientation::ROW_MAJOR),nd_shard_spec=NdShardSpec(shard_shape=Shape([32, 160]),grid={[(x=0,y=0) - (x=7,y=3)]},orientation=ShardOrientation::ROW_MAJOR,shard_distribution_strategy=ShardDistributionStrategy::GRID_2D),created_with_nd_shard_spec=0) and provided MemoryConfig(memory_layout=TensorMemoryLayout::BLOCK_SHARDED,buffer_type=BufferType::L1,shard_spec=ShardSpec(grid={[(x=0,y=0) - (x=7,y=7)]},shape={32, 160},orientation=ShardOrientation::ROW_MAJOR),nd_shard_spec=std::nullopt,created_with_nd_shard_spec=0) mem config. Using computed config. (matmul_op.cpp:1674)
2026-05-29 08:11:08.323 | INFO     | models.demos.wormhole.stable_diffusion.tt.ttnn_functional_unet_2d_condition_model_new_conv:__call__:491 - Up block 0
2026-05-29 08:11:08.324 | INFO     | models.demos.wormhole.stable_diffusion.tt.ttnn_functional_unet_2d_condition_model_new_conv:__call__:491 - Up block 1
2026-05-29 08:11:08.329 | INFO     | models.demos.wormhole.stable_diffusion.tt.ttnn_functional_unet_2d_condition_model_new_conv:__call__:491 - Up block 2
2026-05-29 08:11:08.337 | INFO     | models.demos.wormhole.stable_diffusion.tt.ttnn_functional_unet_2d_condition_model_new_conv:__call__:491 - Up block 3
  Step 3/41
2026-05-29 08:11:08.360 | INFO     | models.demos.wormhole.stable_diffusion.tt.ttnn_functional_unet_2d_condition_model_new_conv:__call__:406 - Down block 0
2026-05-29 08:11:08.366 | info     |              Op | act_block_h_override 2 is not a valid override for padded_output_height_ntiles_per_core 7, instead 1 was selected as closest valid option! (conv2d_utils.cpp:401)
2026-05-29 08:11:08.366 | INFO     | models.demos.wormhole.stable_diffusion.tt.ttnn_functional_unet_2d_condition_model_new_conv:__call__:406 - Down block 1
2026-05-29 08:11:08.372 | INFO     | models.demos.wormhole.stable_diffusion.tt.ttnn_functional_unet_2d_condition_model_new_conv:__call__:406 - Down block 2
2026-05-29 08:11:08.376 | INFO     | models.demos.wormhole.stable_diffusion.tt.ttnn_functional_unet_2d_condition_model_new_conv:__call__:406 - Down block 3
2026-05-29 08:11:08.377 | INFO     | models.demos.wormhole.stable_diffusion.tt.ttnn_functional_unet_2d_condition_model_new_conv:__call__:460 - Mid block
2026-05-29 08:11:08.377 | warning  |              Op | Mismatch between computed MemoryConfig(memory_layout=TensorMemoryLayout::BLOCK_SHARDED,buffer_type=BufferType::L1,shard_spec=ShardSpec(grid={[(x=0,y=0) - (x=7,y=3)]},shape={32, 160},orientation=ShardOrientation::ROW_MAJOR),nd_shard_spec=NdShardSpec(shard_shape=Shape([32, 160]),grid={[(x=0,y=0) - (x=7,y=3)]},orientation=ShardOrientation::ROW_MAJOR,shard_distribution_strategy=ShardDistributionStrategy::GRID_2D),created_with_nd_shard_spec=0) and provided MemoryConfig(memory_layout=TensorMemoryLayout::BLOCK_SHARDED,buffer_type=BufferType::L1,shard_spec=ShardSpec(grid={[(x=0,y=0) - (x=7,y=7)]},shape={32, 160},orientation=ShardOrientation::ROW_MAJOR),nd_shard_spec=std::nullopt,created_with_nd_shard_spec=0) mem config. Using computed config. (matmul_op.cpp:1674)
2026-05-29 08:11:08.379 | INFO     | models.demos.wormhole.stable_diffusion.tt.ttnn_functional_unet_2d_condition_model_new_conv:__call__:491 - Up block 0
2026-05-29 08:11:08.380 | INFO     | models.demos.wormhole.stable_diffusion.tt.ttnn_functional_unet_2d_condition_model_new_conv:__call__:491 - Up block 1
2026-05-29 08:11:08.385 | INFO     | models.demos.wormhole.stable_diffusion.tt.ttnn_functional_unet_2d_condition_model_new_conv:__call__:491 - Up block 2
2026-05-29 08:11:08.393 | INFO     | models.demos.wormhole.stable_diffusion.tt.ttnn_functional_unet_2d_condition_model_new_conv:__call__:491 - Up block 3
2026-05-29 08:11:08.414 | INFO     | models.demos.wormhole.stable_diffusion.tt.ttnn_functional_unet_2d_condition_model_new_conv:__call__:406 - Down block 0
2026-05-29 08:11:08.420 | info     |              Op | act_block_h_override 2 is not a valid override for padded_output_height_ntiles_per_core 7, instead 1 was selected as closest valid option! (conv2d_utils.cpp:401)
2026-05-29 08:11:08.420 | INFO     | models.demos.wormhole.stable_diffusion.tt.ttnn_functional_unet_2d_condition_model_new_conv:__call__:406 - Down block 1
2026-05-29 08:11:08.425 | INFO     | models.demos.wormhole.stable_diffusion.tt.ttnn_functional_unet_2d_condition_model_new_conv:__call__:406 - Down block 2
2026-05-29 08:11:08.429 | INFO     | models.demos.wormhole.stable_diffusion.tt.ttnn_functional_unet_2d_condition_model_new_conv:__call__:406 - Down block 3
2026-05-29 08:11:08.430 | INFO     | models.demos.wormhole.stable_diffusion.tt.ttnn_functional_unet_2d_condition_model_new_conv:__call__:460 - Mid block
2026-05-29 08:11:08.430 | warning  |              Op | Mismatch between computed MemoryConfig(memory_layout=TensorMemoryLayout::BLOCK_SHARDED,buffer_type=BufferType::L1,shard_spec=ShardSpec(grid={[(x=0,y=0) - (x=7,y=3)]},shape={32, 160},orientation=ShardOrientation::ROW_MAJOR),nd_shard_spec=NdShardSpec(shard_shape=Shape([32, 160]),grid={[(x=0,y=0) - (x=7,y=3)]},orientation=ShardOrientation::ROW_MAJOR,shard_distribution_strategy=ShardDistributionStrategy::GRID_2D),created_with_nd_shard_spec=0) and provided MemoryConfig(memory_layout=TensorMemoryLayout::BLOCK_SHARDED,buffer_type=BufferType::L1,shard_spec=ShardSpec(grid={[(x=0,y=0) - (x=7,y=7)]},shape={32, 160},orientation=ShardOrientation::ROW_MAJOR),nd_shard_spec=std::nullopt,created_with_nd_shard_spec=0) mem config. Using computed config. (matmul_op.cpp:1674)
2026-05-29 08:11:08.432 | INFO     | models.demos.wormhole.stable_diffusion.tt.ttnn_functional_unet_2d_condition_model_new_conv:__call__:491 - Up block 0
2026-05-29 08:11:08.433 | INFO     | models.demos.wormhole.stable_diffusion.tt.ttnn_functional_unet_2d_condition_model_new_conv:__call__:491 - Up block 1
2026-05-29 08:11:08.438 | INFO     | models.demos.wormhole.stable_diffusion.tt.ttnn_functional_unet_2d_condition_model_new_conv:__call__:491 - Up block 2
2026-05-29 08:11:08.447 | INFO     | models.demos.wormhole.stable_diffusion.tt.ttnn_functional_unet_2d_condition_model_new_conv:__call__:491 - Up block 3
2026-05-29 08:11:08.467 | INFO     | models.demos.wormhole.stable_diffusion.tt.ttnn_functional_unet_2d_condition_model_new_conv:__call__:406 - Down block 0
2026-05-29 08:11:08.473 | info     |              Op | act_block_h_override 2 is not a valid override for padded_output_height_ntiles_per_core 7, instead 1 was selected as closest valid option! (conv2d_utils.cpp:401)
2026-05-29 08:11:08.474 | INFO     | models.demos.wormhole.stable_diffusion.tt.ttnn_functional_unet_2d_condition_model_new_conv:__call__:406 - Down block 1
2026-05-29 08:11:08.480 | INFO     | models.demos.wormhole.stable_diffusion.tt.ttnn_functional_unet_2d_condition_model_new_conv:__call__:406 - Down block 2
2026-05-29 08:11:08.483 | INFO     | models.demos.wormhole.stable_diffusion.tt.ttnn_functional_unet_2d_condition_model_new_conv:__call__:406 - Down block 3
2026-05-29 08:11:08.484 | INFO     | models.demos.wormhole.stable_diffusion.tt.ttnn_functional_unet_2d_condition_model_new_conv:__call__:460 - Mid block
2026-05-29 08:11:08.485 | warning  |              Op | Mismatch between computed MemoryConfig(memory_layout=TensorMemoryLayout::BLOCK_SHARDED,buffer_type=BufferType::L1,shard_spec=ShardSpec(grid={[(x=0,y=0) - (x=7,y=3)]},shape={32, 160},orientation=ShardOrientation::ROW_MAJOR),nd_shard_spec=NdShardSpec(shard_shape=Shape([32, 160]),grid={[(x=0,y=0) - (x=7,y=3)]},orientation=ShardOrientation::ROW_MAJOR,shard_distribution_strategy=ShardDistributionStrategy::GRID_2D),created_with_nd_shard_spec=0) and provided MemoryConfig(memory_layout=TensorMemoryLayout::BLOCK_SHARDED,buffer_type=BufferType::L1,shard_spec=ShardSpec(grid={[(x=0,y=0) - (x=7,y=7)]},shape={32, 160},orientation=ShardOrientation::ROW_MAJOR),nd_shard_spec=std::nullopt,created_with_nd_shard_spec=0) mem config. Using computed config. (matmul_op.cpp:1674)
2026-05-29 08:11:08.486 | INFO     | models.demos.wormhole.stable_diffusion.tt.ttnn_functional_unet_2d_condition_model_new_conv:__call__:491 - Up block 0
2026-05-29 08:11:08.487 | INFO     | models.demos.wormhole.stable_diffusion.tt.ttnn_functional_unet_2d_condition_model_new_conv:__call__:491 - Up block 1
2026-05-29 08:11:08.493 | INFO     | models.demos.wormhole.stable_diffusion.tt.ttnn_functional_unet_2d_condition_model_new_conv:__call__:491 - Up block 2
2026-05-29 08:11:08.501 | INFO     | models.demos.wormhole.stable_diffusion.tt.ttnn_functional_unet_2d_condition_model_new_conv:__call__:491 - Up block 3
2026-05-29 08:11:08.521 | INFO     | models.demos.wormhole.stable_diffusion.tt.ttnn_functional_unet_2d_condition_model_new_conv:__call__:406 - Down block 0
2026-05-29 08:11:08.527 | info     |              Op | act_block_h_override 2 is not a valid override for padded_output_height_ntiles_per_core 7, instead 1 was selected as closest valid option! (conv2d_utils.cpp:401)
2026-05-29 08:11:08.527 | INFO     | models.demos.wormhole.stable_diffusion.tt.ttnn_functional_unet_2d_condition_model_new_conv:__call__:406 - Down block 1
2026-05-29 08:11:08.533 | INFO     | models.demos.wormhole.stable_diffusion.tt.ttnn_functional_unet_2d_condition_model_new_conv:__call__:406 - Down block 2
2026-05-29 08:11:08.536 | INFO     | models.demos.wormhole.stable_diffusion.tt.ttnn_functional_unet_2d_condition_model_new_conv:__call__:406 - Down block 3
2026-05-29 08:11:08.537 | INFO     | models.demos.wormhole.stable_diffusion.tt.ttnn_functional_unet_2d_condition_model_new_conv:__call__:460 - Mid block
2026-05-29 08:11:08.537 | warning  |              Op | Mismatch between computed MemoryConfig(memory_layout=TensorMemoryLayout::BLOCK_SHARDED,buffer_type=BufferType::L1,shard_spec=ShardSpec(grid={[(x=0,y=0) - (x=7,y=3)]},shape={32, 160},orientation=ShardOrientation::ROW_MAJOR),nd_shard_spec=NdShardSpec(shard_shape=Shape([32, 160]),grid={[(x=0,y=0) - (x=7,y=3)]},orientation=ShardOrientation::ROW_MAJOR,shard_distribution_strategy=ShardDistributionStrategy::GRID_2D),created_with_nd_shard_spec=0) and provided MemoryConfig(memory_layout=TensorMemoryLayout::BLOCK_SHARDED,buffer_type=BufferType::L1,shard_spec=ShardSpec(grid={[(x=0,y=0) - (x=7,y=7)]},shape={32, 160},orientation=ShardOrientation::ROW_MAJOR),nd_shard_spec=std::nullopt,created_with_nd_shard_spec=0) mem config. Using computed config. (matmul_op.cpp:1674)
2026-05-29 08:11:08.539 | INFO     | models.demos.wormhole.stable_diffusion.tt.ttnn_functional_unet_2d_condition_model_new_conv:__call__:491 - Up block 0
2026-05-29 08:11:08.540 | INFO     | models.demos.wormhole.stable_diffusion.tt.ttnn_functional_unet_2d_condition_model_new_conv:__call__:491 - Up block 1
2026-05-29 08:11:08.545 | INFO     | models.demos.wormhole.stable_diffusion.tt.ttnn_functional_unet_2d_condition_model_new_conv:__call__:491 - Up block 2
2026-05-29 08:11:08.553 | INFO     | models.demos.wormhole.stable_diffusion.tt.ttnn_functional_unet_2d_condition_model_new_conv:__call__:491 - Up block 3
2026-05-29 08:11:08.573 | INFO     | models.demos.wormhole.stable_diffusion.tt.ttnn_functional_unet_2d_condition_model_new_conv:__call__:406 - Down block 0
2026-05-29 08:11:08.579 | info     |              Op | act_block_h_override 2 is not a valid override for padded_output_height_ntiles_per_core 7, instead 1 was selected as closest valid option! (conv2d_utils.cpp:401)
2026-05-29 08:11:08.579 | INFO     | models.demos.wormhole.stable_diffusion.tt.ttnn_functional_unet_2d_condition_model_new_conv:__call__:406 - Down block 1
2026-05-29 08:11:08.585 | INFO     | models.demos.wormhole.stable_diffusion.tt.ttnn_functional_unet_2d_condition_model_new_conv:__call__:406 - Down block 2
2026-05-29 08:11:08.588 | INFO     | models.demos.wormhole.stable_diffusion.tt.ttnn_functional_unet_2d_condition_model_new_conv:__call__:406 - Down block 3
2026-05-29 08:11:08.589 | INFO     | models.demos.wormhole.stable_diffusion.tt.ttnn_functional_unet_2d_condition_model_new_conv:__call__:460 - Mid block
2026-05-29 08:11:08.589 | warning  |              Op | Mismatch between computed MemoryConfig(memory_layout=TensorMemoryLayout::BLOCK_SHARDED,buffer_type=BufferType::L1,shard_spec=ShardSpec(grid={[(x=0,y=0) - (x=7,y=3)]},shape={32, 160},orientation=ShardOrientation::ROW_MAJOR),nd_shard_spec=NdShardSpec(shard_shape=Shape([32, 160]),grid={[(x=0,y=0) - (x=7,y=3)]},orientation=ShardOrientation::ROW_MAJOR,shard_distribution_strategy=ShardDistributionStrategy::GRID_2D),created_with_nd_shard_spec=0) and provided MemoryConfig(memory_layout=TensorMemoryLayout::BLOCK_SHARDED,buffer_type=BufferType::L1,shard_spec=ShardSpec(grid={[(x=0,y=0) - (x=7,y=7)]},shape={32, 160},orientation=ShardOrientation::ROW_MAJOR),nd_shard_spec=std::nullopt,created_with_nd_shard_spec=0) mem config. Using computed config. (matmul_op.cpp:1674)
2026-05-29 08:11:08.591 | INFO     | models.demos.wormhole.stable_diffusion.tt.ttnn_functional_unet_2d_condition_model_new_conv:__call__:491 - Up block 0
2026-05-29 08:11:08.592 | INFO     | models.demos.wormhole.stable_diffusion.tt.ttnn_functional_unet_2d_condition_model_new_conv:__call__:491 - Up block 1
2026-05-29 08:11:08.597 | INFO     | models.demos.wormhole.stable_diffusion.tt.ttnn_functional_unet_2d_condition_model_new_conv:__call__:491 - Up block 2
2026-05-29 08:11:08.605 | INFO     | models.demos.wormhole.stable_diffusion.tt.ttnn_functional_unet_2d_condition_model_new_conv:__call__:491 - Up block 3
2026-05-29 08:11:08.626 | INFO     | models.demos.wormhole.stable_diffusion.tt.ttnn_functional_unet_2d_condition_model_new_conv:__call__:406 - Down block 0
2026-05-29 08:11:08.632 | info     |              Op | act_block_h_override 2 is not a valid override for padded_output_height_ntiles_per_core 7, instead 1 was selected as closest valid option! (conv2d_utils.cpp:401)
2026-05-29 08:11:08.632 | INFO     | models.demos.wormhole.stable_diffusion.tt.ttnn_functional_unet_2d_condition_model_new_conv:__call__:406 - Down block 1
2026-05-29 08:11:08.638 | INFO     | models.demos.wormhole.stable_diffusion.tt.ttnn_functional_unet_2d_condition_model_new_conv:__call__:406 - Down block 2
2026-05-29 08:11:08.641 | INFO     | models.demos.wormhole.stable_diffusion.tt.ttnn_functional_unet_2d_condition_model_new_conv:__call__:406 - Down block 3
2026-05-29 08:11:08.642 | INFO     | models.demos.wormhole.stable_diffusion.tt.ttnn_functional_unet_2d_condition_model_new_conv:__call__:460 - Mid block
2026-05-29 08:11:08.642 | warning  |              Op | Mismatch between computed MemoryConfig(memory_layout=TensorMemoryLayout::BLOCK_SHARDED,buffer_type=BufferType::L1,shard_spec=ShardSpec(grid={[(x=0,y=0) - (x=7,y=3)]},shape={32, 160},orientation=ShardOrientation::ROW_MAJOR),nd_shard_spec=NdShardSpec(shard_shape=Shape([32, 160]),grid={[(x=0,y=0) - (x=7,y=3)]},orientation=ShardOrientation::ROW_MAJOR,shard_distribution_strategy=ShardDistributionStrategy::GRID_2D),created_with_nd_shard_spec=0) and provided MemoryConfig(memory_layout=TensorMemoryLayout::BLOCK_SHARDED,buffer_type=BufferType::L1,shard_spec=ShardSpec(grid={[(x=0,y=0) - (x=7,y=7)]},shape={32, 160},orientation=ShardOrientation::ROW_MAJOR),nd_shard_spec=std::nullopt,created_with_nd_shard_spec=0) mem config. Using computed config. (matmul_op.cpp:1674)
2026-05-29 08:11:08.644 | INFO     | models.demos.wormhole.stable_diffusion.tt.ttnn_functional_unet_2d_condition_model_new_conv:__call__:491 - Up block 0
2026-05-29 08:11:08.645 | INFO     | models.demos.wormhole.stable_diffusion.tt.ttnn_functional_unet_2d_condition_model_new_conv:__call__:491 - Up block 1
2026-05-29 08:11:08.650 | INFO     | models.demos.wormhole.stable_diffusion.tt.ttnn_functional_unet_2d_condition_model_new_conv:__call__:491 - Up block 2
2026-05-29 08:11:08.658 | INFO     | models.demos.wormhole.stable_diffusion.tt.ttnn_functional_unet_2d_condition_model_new_conv:__call__:491 - Up block 3
2026-05-29 08:11:08.678 | INFO     | models.demos.wormhole.stable_diffusion.tt.ttnn_functional_unet_2d_condition_model_new_conv:__call__:406 - Down block 0
2026-05-29 08:11:08.684 | info     |              Op | act_block_h_override 2 is not a valid override for padded_output_height_ntiles_per_core 7, instead 1 was selected as closest valid option! (conv2d_utils.cpp:401)
2026-05-29 08:11:08.684 | INFO     | models.demos.wormhole.stable_diffusion.tt.ttnn_functional_unet_2d_condition_model_new_conv:__call__:406 - Down block 1
2026-05-29 08:11:08.689 | INFO     | models.demos.wormhole.stable_diffusion.tt.ttnn_functional_unet_2d_condition_model_new_conv:__call__:406 - Down block 2
2026-05-29 08:11:08.693 | INFO     | models.demos.wormhole.stable_diffusion.tt.ttnn_functional_unet_2d_condition_model_new_conv:__call__:406 - Down block 3
2026-05-29 08:11:08.693 | INFO     | models.demos.wormhole.stable_diffusion.tt.ttnn_functional_unet_2d_condition_model_new_conv:__call__:460 - Mid block
2026-05-29 08:11:08.694 | warning  |              Op | Mismatch between computed MemoryConfig(memory_layout=TensorMemoryLayout::BLOCK_SHARDED,buffer_type=BufferType::L1,shard_spec=ShardSpec(grid={[(x=0,y=0) - (x=7,y=3)]},shape={32, 160},orientation=ShardOrientation::ROW_MAJOR),nd_shard_spec=NdShardSpec(shard_shape=Shape([32, 160]),grid={[(x=0,y=0) - (x=7,y=3)]},orientation=ShardOrientation::ROW_MAJOR,shard_distribution_strategy=ShardDistributionStrategy::GRID_2D),created_with_nd_shard_spec=0) and provided MemoryConfig(memory_layout=TensorMemoryLayout::BLOCK_SHARDED,buffer_type=BufferType::L1,shard_spec=ShardSpec(grid={[(x=0,y=0) - (x=7,y=7)]},shape={32, 160},orientation=ShardOrientation::ROW_MAJOR),nd_shard_spec=std::nullopt,created_with_nd_shard_spec=0) mem config. Using computed config. (matmul_op.cpp:1674)
2026-05-29 08:11:08.695 | INFO     | models.demos.wormhole.stable_diffusion.tt.ttnn_functional_unet_2d_condition_model_new_conv:__call__:491 - Up block 0
2026-05-29 08:11:08.697 | INFO     | models.demos.wormhole.stable_diffusion.tt.ttnn_functional_unet_2d_condition_model_new_conv:__call__:491 - Up block 1
2026-05-29 08:11:08.701 | INFO     | models.demos.wormhole.stable_diffusion.tt.ttnn_functional_unet_2d_condition_model_new_conv:__call__:491 - Up block 2
2026-05-29 08:11:08.711 | INFO     | models.demos.wormhole.stable_diffusion.tt.ttnn_functional_unet_2d_condition_model_new_conv:__call__:491 - Up block 3
2026-05-29 08:11:08.731 | INFO     | models.demos.wormhole.stable_diffusion.tt.ttnn_functional_unet_2d_condition_model_new_conv:__call__:406 - Down block 0
2026-05-29 08:11:08.737 | info     |              Op | act_block_h_override 2 is not a valid override for padded_output_height_ntiles_per_core 7, instead 1 was selected as closest valid option! (conv2d_utils.cpp:401)
2026-05-29 08:11:08.737 | INFO     | models.demos.wormhole.stable_diffusion.tt.ttnn_functional_unet_2d_condition_model_new_conv:__call__:406 - Down block 1
2026-05-29 08:11:08.743 | INFO     | models.demos.wormhole.stable_diffusion.tt.ttnn_functional_unet_2d_condition_model_new_conv:__call__:406 - Down block 2
2026-05-29 08:11:08.746 | INFO     | models.demos.wormhole.stable_diffusion.tt.ttnn_functional_unet_2d_condition_model_new_conv:__call__:406 - Down block 3
2026-05-29 08:11:08.747 | INFO     | models.demos.wormhole.stable_diffusion.tt.ttnn_functional_unet_2d_condition_model_new_conv:__call__:460 - Mid block
2026-05-29 08:11:08.748 | warning  |              Op | Mismatch between computed MemoryConfig(memory_layout=TensorMemoryLayout::BLOCK_SHARDED,buffer_type=BufferType::L1,shard_spec=ShardSpec(grid={[(x=0,y=0) - (x=7,y=3)]},shape={32, 160},orientation=ShardOrientation::ROW_MAJOR),nd_shard_spec=NdShardSpec(shard_shape=Shape([32, 160]),grid={[(x=0,y=0) - (x=7,y=3)]},orientation=ShardOrientation::ROW_MAJOR,shard_distribution_strategy=ShardDistributionStrategy::GRID_2D),created_with_nd_shard_spec=0) and provided MemoryConfig(memory_layout=TensorMemoryLayout::BLOCK_SHARDED,buffer_type=BufferType::L1,shard_spec=ShardSpec(grid={[(x=0,y=0) - (x=7,y=7)]},shape={32, 160},orientation=ShardOrientation::ROW_MAJOR),nd_shard_spec=std::nullopt,created_with_nd_shard_spec=0) mem config. Using computed config. (matmul_op.cpp:1674)
2026-05-29 08:11:08.749 | INFO     | models.demos.wormhole.stable_diffusion.tt.ttnn_functional_unet_2d_condition_model_new_conv:__call__:491 - Up block 0
2026-05-29 08:11:08.750 | INFO     | models.demos.wormhole.stable_diffusion.tt.ttnn_functional_unet_2d_condition_model_new_conv:__call__:491 - Up block 1
2026-05-29 08:11:08.756 | INFO     | models.demos.wormhole.stable_diffusion.tt.ttnn_functional_unet_2d_condition_model_new_conv:__call__:491 - Up block 2
2026-05-29 08:11:08.764 | INFO     | models.demos.wormhole.stable_diffusion.tt.ttnn_functional_unet_2d_condition_model_new_conv:__call__:491 - Up block 3
  Step 4/41
2026-05-29 08:11:08.786 | INFO     | models.demos.wormhole.stable_diffusion.tt.ttnn_functional_unet_2d_condition_model_new_conv:__call__:406 - Down block 0
2026-05-29 08:11:08.792 | info     |              Op | act_block_h_override 2 is not a valid override for padded_output_height_ntiles_per_core 7, instead 1 was selected as closest valid option! (conv2d_utils.cpp:401)
2026-05-29 08:11:08.792 | INFO     | models.demos.wormhole.stable_diffusion.tt.ttnn_functional_unet_2d_condition_model_new_conv:__call__:406 - Down block 1
2026-05-29 08:11:08.797 | INFO     | models.demos.wormhole.stable_diffusion.tt.ttnn_functional_unet_2d_condition_model_new_conv:__call__:406 - Down block 2
2026-05-29 08:11:08.801 | INFO     | models.demos.wormhole.stable_diffusion.tt.ttnn_functional_unet_2d_condition_model_new_conv:__call__:406 - Down block 3
2026-05-29 08:11:08.801 | INFO     | models.demos.wormhole.stable_diffusion.tt.ttnn_functional_unet_2d_condition_model_new_conv:__call__:460 - Mid block
2026-05-29 08:11:08.802 | warning  |              Op | Mismatch between computed MemoryConfig(memory_layout=TensorMemoryLayout::BLOCK_SHARDED,buffer_type=BufferType::L1,shard_spec=ShardSpec(grid={[(x=0,y=0) - (x=7,y=3)]},shape={32, 160},orientation=ShardOrientation::ROW_MAJOR),nd_shard_spec=NdShardSpec(shard_shape=Shape([32, 160]),grid={[(x=0,y=0) - (x=7,y=3)]},orientation=ShardOrientation::ROW_MAJOR,shard_distribution_strategy=ShardDistributionStrategy::GRID_2D),created_with_nd_shard_spec=0) and provided MemoryConfig(memory_layout=TensorMemoryLayout::BLOCK_SHARDED,buffer_type=BufferType::L1,shard_spec=ShardSpec(grid={[(x=0,y=0) - (x=7,y=7)]},shape={32, 160},orientation=ShardOrientation::ROW_MAJOR),nd_shard_spec=std::nullopt,created_with_nd_shard_spec=0) mem config. Using computed config. (matmul_op.cpp:1674)
2026-05-29 08:11:08.803 | INFO     | models.demos.wormhole.stable_diffusion.tt.ttnn_functional_unet_2d_condition_model_new_conv:__call__:491 - Up block 0
2026-05-29 08:11:08.805 | INFO     | models.demos.wormhole.stable_diffusion.tt.ttnn_functional_unet_2d_condition_model_new_conv:__call__:491 - Up block 1
2026-05-29 08:11:08.809 | INFO     | models.demos.wormhole.stable_diffusion.tt.ttnn_functional_unet_2d_condition_model_new_conv:__call__:491 - Up block 2
2026-05-29 08:11:08.818 | INFO     | models.demos.wormhole.stable_diffusion.tt.ttnn_functional_unet_2d_condition_model_new_conv:__call__:491 - Up block 3
2026-05-29 08:11:08.838 | INFO     | models.demos.wormhole.stable_diffusion.tt.ttnn_functional_unet_2d_condition_model_new_conv:__call__:406 - Down block 0
2026-05-29 08:11:08.844 | info     |              Op | act_block_h_override 2 is not a valid override for padded_output_height_ntiles_per_core 7, instead 1 was selected as closest valid option! (conv2d_utils.cpp:401)
2026-05-29 08:11:08.844 | INFO     | models.demos.wormhole.stable_diffusion.tt.ttnn_functional_unet_2d_condition_model_new_conv:__call__:406 - Down block 1
2026-05-29 08:11:08.850 | INFO     | models.demos.wormhole.stable_diffusion.tt.ttnn_functional_unet_2d_condition_model_new_conv:__call__:406 - Down block 2
2026-05-29 08:11:08.854 | INFO     | models.demos.wormhole.stable_diffusion.tt.ttnn_functional_unet_2d_condition_model_new_conv:__call__:406 - Down block 3
2026-05-29 08:11:08.855 | INFO     | models.demos.wormhole.stable_diffusion.tt.ttnn_functional_unet_2d_condition_model_new_conv:__call__:460 - Mid block
2026-05-29 08:11:08.855 | warning  |              Op | Mismatch between computed MemoryConfig(memory_layout=TensorMemoryLayout::BLOCK_SHARDED,buffer_type=BufferType::L1,shard_spec=ShardSpec(grid={[(x=0,y=0) - (x=7,y=3)]},shape={32, 160},orientation=ShardOrientation::ROW_MAJOR),nd_shard_spec=NdShardSpec(shard_shape=Shape([32, 160]),grid={[(x=0,y=0) - (x=7,y=3)]},orientation=ShardOrientation::ROW_MAJOR,shard_distribution_strategy=ShardDistributionStrategy::GRID_2D),created_with_nd_shard_spec=0) and provided MemoryConfig(memory_layout=TensorMemoryLayout::BLOCK_SHARDED,buffer_type=BufferType::L1,shard_spec=ShardSpec(grid={[(x=0,y=0) - (x=7,y=7)]},shape={32, 160},orientation=ShardOrientation::ROW_MAJOR),nd_shard_spec=std::nullopt,created_with_nd_shard_spec=0) mem config. Using computed config. (matmul_op.cpp:1674)
2026-05-29 08:11:08.857 | INFO     | models.demos.wormhole.stable_diffusion.tt.ttnn_functional_unet_2d_condition_model_new_conv:__call__:491 - Up block 0
2026-05-29 08:11:08.858 | INFO     | models.demos.wormhole.stable_diffusion.tt.ttnn_functional_unet_2d_condition_model_new_conv:__call__:491 - Up block 1
2026-05-29 08:11:08.863 | INFO     | models.demos.wormhole.stable_diffusion.tt.ttnn_functional_unet_2d_condition_model_new_conv:__call__:491 - Up block 2
2026-05-29 08:11:08.871 | INFO     | models.demos.wormhole.stable_diffusion.tt.ttnn_functional_unet_2d_condition_model_new_conv:__call__:491 - Up block 3
2026-05-29 08:11:08.892 | INFO     | models.demos.wormhole.stable_diffusion.tt.ttnn_functional_unet_2d_condition_model_new_conv:__call__:406 - Down block 0
2026-05-29 08:11:08.898 | info     |              Op | act_block_h_override 2 is not a valid override for padded_output_height_ntiles_per_core 7, instead 1 was selected as closest valid option! (conv2d_utils.cpp:401)
2026-05-29 08:11:08.898 | INFO     | models.demos.wormhole.stable_diffusion.tt.ttnn_functional_unet_2d_condition_model_new_conv:__call__:406 - Down block 1
2026-05-29 08:11:08.904 | INFO     | models.demos.wormhole.stable_diffusion.tt.ttnn_functional_unet_2d_condition_model_new_conv:__call__:406 - Down block 2
2026-05-29 08:11:08.907 | INFO     | models.demos.wormhole.stable_diffusion.tt.ttnn_functional_unet_2d_condition_model_new_conv:__call__:406 - Down block 3
2026-05-29 08:11:08.908 | INFO     | models.demos.wormhole.stable_diffusion.tt.ttnn_functional_unet_2d_condition_model_new_conv:__call__:460 - Mid block
2026-05-29 08:11:08.908 | warning  |              Op | Mismatch between computed MemoryConfig(memory_layout=TensorMemoryLayout::BLOCK_SHARDED,buffer_type=BufferType::L1,shard_spec=ShardSpec(grid={[(x=0,y=0) - (x=7,y=3)]},shape={32, 160},orientation=ShardOrientation::ROW_MAJOR),nd_shard_spec=NdShardSpec(shard_shape=Shape([32, 160]),grid={[(x=0,y=0) - (x=7,y=3)]},orientation=ShardOrientation::ROW_MAJOR,shard_distribution_strategy=ShardDistributionStrategy::GRID_2D),created_with_nd_shard_spec=0) and provided MemoryConfig(memory_layout=TensorMemoryLayout::BLOCK_SHARDED,buffer_type=BufferType::L1,shard_spec=ShardSpec(grid={[(x=0,y=0) - (x=7,y=7)]},shape={32, 160},orientation=ShardOrientation::ROW_MAJOR),nd_shard_spec=std::nullopt,created_with_nd_shard_spec=0) mem config. Using computed config. (matmul_op.cpp:1674)
2026-05-29 08:11:08.910 | INFO     | models.demos.wormhole.stable_diffusion.tt.ttnn_functional_unet_2d_condition_model_new_conv:__call__:491 - Up block 0
2026-05-29 08:11:08.911 | INFO     | models.demos.wormhole.stable_diffusion.tt.ttnn_functional_unet_2d_condition_model_new_conv:__call__:491 - Up block 1
2026-05-29 08:11:08.917 | INFO     | models.demos.wormhole.stable_diffusion.tt.ttnn_functional_unet_2d_condition_model_new_conv:__call__:491 - Up block 2
2026-05-29 08:11:08.925 | INFO     | models.demos.wormhole.stable_diffusion.tt.ttnn_functional_unet_2d_condition_model_new_conv:__call__:491 - Up block 3
2026-05-29 08:11:08.945 | INFO     | models.demos.wormhole.stable_diffusion.tt.ttnn_functional_unet_2d_condition_model_new_conv:__call__:406 - Down block 0
2026-05-29 08:11:08.951 | info     |              Op | act_block_h_override 2 is not a valid override for padded_output_height_ntiles_per_core 7, instead 1 was selected as closest valid option! (conv2d_utils.cpp:401)
2026-05-29 08:11:08.952 | INFO     | models.demos.wormhole.stable_diffusion.tt.ttnn_functional_unet_2d_condition_model_new_conv:__call__:406 - Down block 1
2026-05-29 08:11:08.957 | INFO     | models.demos.wormhole.stable_diffusion.tt.ttnn_functional_unet_2d_condition_model_new_conv:__call__:406 - Down block 2
2026-05-29 08:11:08.961 | INFO     | models.demos.wormhole.stable_diffusion.tt.ttnn_functional_unet_2d_condition_model_new_conv:__call__:406 - Down block 3
2026-05-29 08:11:08.961 | INFO     | models.demos.wormhole.stable_diffusion.tt.ttnn_functional_unet_2d_condition_model_new_conv:__call__:460 - Mid block
2026-05-29 08:11:08.962 | warning  |              Op | Mismatch between computed MemoryConfig(memory_layout=TensorMemoryLayout::BLOCK_SHARDED,buffer_type=BufferType::L1,shard_spec=ShardSpec(grid={[(x=0,y=0) - (x=7,y=3)]},shape={32, 160},orientation=ShardOrientation::ROW_MAJOR),nd_shard_spec=NdShardSpec(shard_shape=Shape([32, 160]),grid={[(x=0,y=0) - (x=7,y=3)]},orientation=ShardOrientation::ROW_MAJOR,shard_distribution_strategy=ShardDistributionStrategy::GRID_2D),created_with_nd_shard_spec=0) and provided MemoryConfig(memory_layout=TensorMemoryLayout::BLOCK_SHARDED,buffer_type=BufferType::L1,shard_spec=ShardSpec(grid={[(x=0,y=0) - (x=7,y=7)]},shape={32, 160},orientation=ShardOrientation::ROW_MAJOR),nd_shard_spec=std::nullopt,created_with_nd_shard_spec=0) mem config. Using computed config. (matmul_op.cpp:1674)
2026-05-29 08:11:08.963 | INFO     | models.demos.wormhole.stable_diffusion.tt.ttnn_functional_unet_2d_condition_model_new_conv:__call__:491 - Up block 0
2026-05-29 08:11:08.965 | INFO     | models.demos.wormhole.stable_diffusion.tt.ttnn_functional_unet_2d_condition_model_new_conv:__call__:491 - Up block 1
2026-05-29 08:11:08.970 | INFO     | models.demos.wormhole.stable_diffusion.tt.ttnn_functional_unet_2d_condition_model_new_conv:__call__:491 - Up block 2
2026-05-29 08:11:08.978 | INFO     | models.demos.wormhole.stable_diffusion.tt.ttnn_functional_unet_2d_condition_model_new_conv:__call__:491 - Up block 3
2026-05-29 08:11:08.998 | INFO     | models.demos.wormhole.stable_diffusion.tt.ttnn_functional_unet_2d_condition_model_new_conv:__call__:406 - Down block 0
2026-05-29 08:11:09.005 | info     |              Op | act_block_h_override 2 is not a valid override for padded_output_height_ntiles_per_core 7, instead 1 was selected as closest valid option! (conv2d_utils.cpp:401)
2026-05-29 08:11:09.005 | INFO     | models.demos.wormhole.stable_diffusion.tt.ttnn_functional_unet_2d_condition_model_new_conv:__call__:406 - Down block 1
2026-05-29 08:11:09.011 | INFO     | models.demos.wormhole.stable_diffusion.tt.ttnn_functional_unet_2d_condition_model_new_conv:__call__:406 - Down block 2
2026-05-29 08:11:09.015 | INFO     | models.demos.wormhole.stable_diffusion.tt.ttnn_functional_unet_2d_condition_model_new_conv:__call__:406 - Down block 3
2026-05-29 08:11:09.015 | INFO     | models.demos.wormhole.stable_diffusion.tt.ttnn_functional_unet_2d_condition_model_new_conv:__call__:460 - Mid block
2026-05-29 08:11:09.016 | warning  |              Op | Mismatch between computed MemoryConfig(memory_layout=TensorMemoryLayout::BLOCK_SHARDED,buffer_type=BufferType::L1,shard_spec=ShardSpec(grid={[(x=0,y=0) - (x=7,y=3)]},shape={32, 160},orientation=ShardOrientation::ROW_MAJOR),nd_shard_spec=NdShardSpec(shard_shape=Shape([32, 160]),grid={[(x=0,y=0) - (x=7,y=3)]},orientation=ShardOrientation::ROW_MAJOR,shard_distribution_strategy=ShardDistributionStrategy::GRID_2D),created_with_nd_shard_spec=0) and provided MemoryConfig(memory_layout=TensorMemoryLayout::BLOCK_SHARDED,buffer_type=BufferType::L1,shard_spec=ShardSpec(grid={[(x=0,y=0) - (x=7,y=7)]},shape={32, 160},orientation=ShardOrientation::ROW_MAJOR),nd_shard_spec=std::nullopt,created_with_nd_shard_spec=0) mem config. Using computed config. (matmul_op.cpp:1674)
2026-05-29 08:11:09.017 | INFO     | models.demos.wormhole.stable_diffusion.tt.ttnn_functional_unet_2d_condition_model_new_conv:__call__:491 - Up block 0
2026-05-29 08:11:09.019 | INFO     | models.demos.wormhole.stable_diffusion.tt.ttnn_functional_unet_2d_condition_model_new_conv:__call__:491 - Up block 1
2026-05-29 08:11:09.024 | INFO     | models.demos.wormhole.stable_diffusion.tt.ttnn_functional_unet_2d_condition_model_new_conv:__call__:491 - Up block 2
2026-05-29 08:11:09.032 | INFO     | models.demos.wormhole.stable_diffusion.tt.ttnn_functional_unet_2d_condition_model_new_conv:__call__:491 - Up block 3
2026-05-29 08:11:09.052 | INFO     | models.demos.wormhole.stable_diffusion.tt.ttnn_functional_unet_2d_condition_model_new_conv:__call__:406 - Down block 0
2026-05-29 08:11:09.058 | info     |              Op | act_block_h_override 2 is not a valid override for padded_output_height_ntiles_per_core 7, instead 1 was selected as closest valid option! (conv2d_utils.cpp:401)
2026-05-29 08:11:09.058 | INFO     | models.demos.wormhole.stable_diffusion.tt.ttnn_functional_unet_2d_condition_model_new_conv:__call__:406 - Down block 1
2026-05-29 08:11:09.064 | INFO     | models.demos.wormhole.stable_diffusion.tt.ttnn_functional_unet_2d_condition_model_new_conv:__call__:406 - Down block 2
2026-05-29 08:11:09.067 | INFO     | models.demos.wormhole.stable_diffusion.tt.ttnn_functional_unet_2d_condition_model_new_conv:__call__:406 - Down block 3
2026-05-29 08:11:09.068 | INFO     | models.demos.wormhole.stable_diffusion.tt.ttnn_functional_unet_2d_condition_model_new_conv:__call__:460 - Mid block
2026-05-29 08:11:09.069 | warning  |              Op | Mismatch between computed MemoryConfig(memory_layout=TensorMemoryLayout::BLOCK_SHARDED,buffer_type=BufferType::L1,shard_spec=ShardSpec(grid={[(x=0,y=0) - (x=7,y=3)]},shape={32, 160},orientation=ShardOrientation::ROW_MAJOR),nd_shard_spec=NdShardSpec(shard_shape=Shape([32, 160]),grid={[(x=0,y=0) - (x=7,y=3)]},orientation=ShardOrientation::ROW_MAJOR,shard_distribution_strategy=ShardDistributionStrategy::GRID_2D),created_with_nd_shard_spec=0) and provided MemoryConfig(memory_layout=TensorMemoryLayout::BLOCK_SHARDED,buffer_type=BufferType::L1,shard_spec=ShardSpec(grid={[(x=0,y=0) - (x=7,y=7)]},shape={32, 160},orientation=ShardOrientation::ROW_MAJOR),nd_shard_spec=std::nullopt,created_with_nd_shard_spec=0) mem config. Using computed config. (matmul_op.cpp:1674)
2026-05-29 08:11:09.070 | INFO     | models.demos.wormhole.stable_diffusion.tt.ttnn_functional_unet_2d_condition_model_new_conv:__call__:491 - Up block 0
2026-05-29 08:11:09.071 | INFO     | models.demos.wormhole.stable_diffusion.tt.ttnn_functional_unet_2d_condition_model_new_conv:__call__:491 - Up block 1
2026-05-29 08:11:09.076 | INFO     | models.demos.wormhole.stable_diffusion.tt.ttnn_functional_unet_2d_condition_model_new_conv:__call__:491 - Up block 2
2026-05-29 08:11:09.085 | INFO     | models.demos.wormhole.stable_diffusion.tt.ttnn_functional_unet_2d_condition_model_new_conv:__call__:491 - Up block 3
2026-05-29 08:11:09.105 | INFO     | models.demos.wormhole.stable_diffusion.tt.ttnn_functional_unet_2d_condition_model_new_conv:__call__:406 - Down block 0
2026-05-29 08:11:09.111 | info     |              Op | act_block_h_override 2 is not a valid override for padded_output_height_ntiles_per_core 7, instead 1 was selected as closest valid option! (conv2d_utils.cpp:401)
2026-05-29 08:11:09.112 | INFO     | models.demos.wormhole.stable_diffusion.tt.ttnn_functional_unet_2d_condition_model_new_conv:__call__:406 - Down block 1
2026-05-29 08:11:09.117 | INFO     | models.demos.wormhole.stable_diffusion.tt.ttnn_functional_unet_2d_condition_model_new_conv:__call__:406 - Down block 2
2026-05-29 08:11:09.121 | INFO     | models.demos.wormhole.stable_diffusion.tt.ttnn_functional_unet_2d_condition_model_new_conv:__call__:406 - Down block 3
2026-05-29 08:11:09.121 | INFO     | models.demos.wormhole.stable_diffusion.tt.ttnn_functional_unet_2d_condition_model_new_conv:__call__:460 - Mid block
2026-05-29 08:11:09.122 | warning  |              Op | Mismatch between computed MemoryConfig(memory_layout=TensorMemoryLayout::BLOCK_SHARDED,buffer_type=BufferType::L1,shard_spec=ShardSpec(grid={[(x=0,y=0) - (x=7,y=3)]},shape={32, 160},orientation=ShardOrientation::ROW_MAJOR),nd_shard_spec=NdShardSpec(shard_shape=Shape([32, 160]),grid={[(x=0,y=0) - (x=7,y=3)]},orientation=ShardOrientation::ROW_MAJOR,shard_distribution_strategy=ShardDistributionStrategy::GRID_2D),created_with_nd_shard_spec=0) and provided MemoryConfig(memory_layout=TensorMemoryLayout::BLOCK_SHARDED,buffer_type=BufferType::L1,shard_spec=ShardSpec(grid={[(x=0,y=0) - (x=7,y=7)]},shape={32, 160},orientation=ShardOrientation::ROW_MAJOR),nd_shard_spec=std::nullopt,created_with_nd_shard_spec=0) mem config. Using computed config. (matmul_op.cpp:1674)
2026-05-29 08:11:09.123 | INFO     | models.demos.wormhole.stable_diffusion.tt.ttnn_functional_unet_2d_condition_model_new_conv:__call__:491 - Up block 0
2026-05-29 08:11:09.125 | INFO     | models.demos.wormhole.stable_diffusion.tt.ttnn_functional_unet_2d_condition_model_new_conv:__call__:491 - Up block 1
2026-05-29 08:11:09.130 | INFO     | models.demos.wormhole.stable_diffusion.tt.ttnn_functional_unet_2d_condition_model_new_conv:__call__:491 - Up block 2
2026-05-29 08:11:09.138 | INFO     | models.demos.wormhole.stable_diffusion.tt.ttnn_functional_unet_2d_condition_model_new_conv:__call__:491 - Up block 3
2026-05-29 08:11:09.158 | INFO     | models.demos.wormhole.stable_diffusion.tt.ttnn_functional_unet_2d_condition_model_new_conv:__call__:406 - Down block 0
2026-05-29 08:11:09.164 | info     |              Op | act_block_h_override 2 is not a valid override for padded_output_height_ntiles_per_core 7, instead 1 was selected as closest valid option! (conv2d_utils.cpp:401)
2026-05-29 08:11:09.164 | INFO     | models.demos.wormhole.stable_diffusion.tt.ttnn_functional_unet_2d_condition_model_new_conv:__call__:406 - Down block 1
2026-05-29 08:11:09.170 | INFO     | models.demos.wormhole.stable_diffusion.tt.ttnn_functional_unet_2d_condition_model_new_conv:__call__:406 - Down block 2
2026-05-29 08:11:09.173 | INFO     | models.demos.wormhole.stable_diffusion.tt.ttnn_functional_unet_2d_condition_model_new_conv:__call__:406 - Down block 3
2026-05-29 08:11:09.174 | INFO     | models.demos.wormhole.stable_diffusion.tt.ttnn_functional_unet_2d_condition_model_new_conv:__call__:460 - Mid block
2026-05-29 08:11:09.174 | warning  |              Op | Mismatch between computed MemoryConfig(memory_layout=TensorMemoryLayout::BLOCK_SHARDED,buffer_type=BufferType::L1,shard_spec=ShardSpec(grid={[(x=0,y=0) - (x=7,y=3)]},shape={32, 160},orientation=ShardOrientation::ROW_MAJOR),nd_shard_spec=NdShardSpec(shard_shape=Shape([32, 160]),grid={[(x=0,y=0) - (x=7,y=3)]},orientation=ShardOrientation::ROW_MAJOR,shard_distribution_strategy=ShardDistributionStrategy::GRID_2D),created_with_nd_shard_spec=0) and provided MemoryConfig(memory_layout=TensorMemoryLayout::BLOCK_SHARDED,buffer_type=BufferType::L1,shard_spec=ShardSpec(grid={[(x=0,y=0) - (x=7,y=7)]},shape={32, 160},orientation=ShardOrientation::ROW_MAJOR),nd_shard_spec=std::nullopt,created_with_nd_shard_spec=0) mem config. Using computed config. (matmul_op.cpp:1674)
2026-05-29 08:11:09.176 | INFO     | models.demos.wormhole.stable_diffusion.tt.ttnn_functional_unet_2d_condition_model_new_conv:__call__:491 - Up block 0
2026-05-29 08:11:09.177 | INFO     | models.demos.wormhole.stable_diffusion.tt.ttnn_functional_unet_2d_condition_model_new_conv:__call__:491 - Up block 1
2026-05-29 08:11:09.183 | INFO     | models.demos.wormhole.stable_diffusion.tt.ttnn_functional_unet_2d_condition_model_new_conv:__call__:491 - Up block 2
2026-05-29 08:11:09.191 | INFO     | models.demos.wormhole.stable_diffusion.tt.ttnn_functional_unet_2d_condition_model_new_conv:__call__:491 - Up block 3
  Step 5/41
2026-05-29 08:11:09.214 | INFO     | models.demos.wormhole.stable_diffusion.tt.ttnn_functional_unet_2d_condition_model_new_conv:__call__:406 - Down block 0
2026-05-29 08:11:09.220 | info     |              Op | act_block_h_override 2 is not a valid override for padded_output_height_ntiles_per_core 7, instead 1 was selected as closest valid option! (conv2d_utils.cpp:401)
2026-05-29 08:11:09.220 | INFO     | models.demos.wormhole.stable_diffusion.tt.ttnn_functional_unet_2d_condition_model_new_conv:__call__:406 - Down block 1
2026-05-29 08:11:09.226 | INFO     | models.demos.wormhole.stable_diffusion.tt.ttnn_functional_unet_2d_condition_model_new_conv:__call__:406 - Down block 2
2026-05-29 08:11:09.230 | INFO     | models.demos.wormhole.stable_diffusion.tt.ttnn_functional_unet_2d_condition_model_new_conv:__call__:406 - Down block 3
2026-05-29 08:11:09.231 | INFO     | models.demos.wormhole.stable_diffusion.tt.ttnn_functional_unet_2d_condition_model_new_conv:__call__:460 - Mid block
2026-05-29 08:11:09.231 | warning  |              Op | Mismatch between computed MemoryConfig(memory_layout=TensorMemoryLayout::BLOCK_SHARDED,buffer_type=BufferType::L1,shard_spec=ShardSpec(grid={[(x=0,y=0) - (x=7,y=3)]},shape={32, 160},orientation=ShardOrientation::ROW_MAJOR),nd_shard_spec=NdShardSpec(shard_shape=Shape([32, 160]),grid={[(x=0,y=0) - (x=7,y=3)]},orientation=ShardOrientation::ROW_MAJOR,shard_distribution_strategy=ShardDistributionStrategy::GRID_2D),created_with_nd_shard_spec=0) and provided MemoryConfig(memory_layout=TensorMemoryLayout::BLOCK_SHARDED,buffer_type=BufferType::L1,shard_spec=ShardSpec(grid={[(x=0,y=0) - (x=7,y=7)]},shape={32, 160},orientation=ShardOrientation::ROW_MAJOR),nd_shard_spec=std::nullopt,created_with_nd_shard_spec=0) mem config. Using computed config. (matmul_op.cpp:1674)
2026-05-29 08:11:09.233 | INFO     | models.demos.wormhole.stable_diffusion.tt.ttnn_functional_unet_2d_condition_model_new_conv:__call__:491 - Up block 0
2026-05-29 08:11:09.234 | INFO     | models.demos.wormhole.stable_diffusion.tt.ttnn_functional_unet_2d_condition_model_new_conv:__call__:491 - Up block 1
2026-05-29 08:11:09.239 | INFO     | models.demos.wormhole.stable_diffusion.tt.ttnn_functional_unet_2d_condition_model_new_conv:__call__:491 - Up block 2
2026-05-29 08:11:09.248 | INFO     | models.demos.wormhole.stable_diffusion.tt.ttnn_functional_unet_2d_condition_model_new_conv:__call__:491 - Up block 3
2026-05-29 08:11:09.268 | INFO     | models.demos.wormhole.stable_diffusion.tt.ttnn_functional_unet_2d_condition_model_new_conv:__call__:406 - Down block 0
2026-05-29 08:11:09.274 | info     |              Op | act_block_h_override 2 is not a valid override for padded_output_height_ntiles_per_core 7, instead 1 was selected as closest valid option! (conv2d_utils.cpp:401)
2026-05-29 08:11:09.274 | INFO     | models.demos.wormhole.stable_diffusion.tt.ttnn_functional_unet_2d_condition_model_new_conv:__call__:406 - Down block 1
2026-05-29 08:11:09.280 | INFO     | models.demos.wormhole.stable_diffusion.tt.ttnn_functional_unet_2d_condition_model_new_conv:__call__:406 - Down block 2
2026-05-29 08:11:09.283 | INFO     | models.demos.wormhole.stable_diffusion.tt.ttnn_functional_unet_2d_condition_model_new_conv:__call__:406 - Down block 3
2026-05-29 08:11:09.284 | INFO     | models.demos.wormhole.stable_diffusion.tt.ttnn_functional_unet_2d_condition_model_new_conv:__call__:460 - Mid block
2026-05-29 08:11:09.284 | warning  |              Op | Mismatch between computed MemoryConfig(memory_layout=TensorMemoryLayout::BLOCK_SHARDED,buffer_type=BufferType::L1,shard_spec=ShardSpec(grid={[(x=0,y=0) - (x=7,y=3)]},shape={32, 160},orientation=ShardOrientation::ROW_MAJOR),nd_shard_spec=NdShardSpec(shard_shape=Shape([32, 160]),grid={[(x=0,y=0) - (x=7,y=3)]},orientation=ShardOrientation::ROW_MAJOR,shard_distribution_strategy=ShardDistributionStrategy::GRID_2D),created_with_nd_shard_spec=0) and provided MemoryConfig(memory_layout=TensorMemoryLayout::BLOCK_SHARDED,buffer_type=BufferType::L1,shard_spec=ShardSpec(grid={[(x=0,y=0) - (x=7,y=7)]},shape={32, 160},orientation=ShardOrientation::ROW_MAJOR),nd_shard_spec=std::nullopt,created_with_nd_shard_spec=0) mem config. Using computed config. (matmul_op.cpp:1674)
2026-05-29 08:11:09.286 | INFO     | models.demos.wormhole.stable_diffusion.tt.ttnn_functional_unet_2d_condition_model_new_conv:__call__:491 - Up block 0
2026-05-29 08:11:09.287 | INFO     | models.demos.wormhole.stable_diffusion.tt.ttnn_functional_unet_2d_condition_model_new_conv:__call__:491 - Up block 1
2026-05-29 08:11:09.293 | INFO     | models.demos.wormhole.stable_diffusion.tt.ttnn_functional_unet_2d_condition_model_new_conv:__call__:491 - Up block 2
2026-05-29 08:11:09.301 | INFO     | models.demos.wormhole.stable_diffusion.tt.ttnn_functional_unet_2d_condition_model_new_conv:__call__:491 - Up block 3
2026-05-29 08:11:09.322 | INFO     | models.demos.wormhole.stable_diffusion.tt.ttnn_functional_unet_2d_condition_model_new_conv:__call__:406 - Down block 0
2026-05-29 08:11:09.328 | info     |              Op | act_block_h_override 2 is not a valid override for padded_output_height_ntiles_per_core 7, instead 1 was selected as closest valid option! (conv2d_utils.cpp:401)
2026-05-29 08:11:09.328 | INFO     | models.demos.wormhole.stable_diffusion.tt.ttnn_functional_unet_2d_condition_model_new_conv:__call__:406 - Down block 1
2026-05-29 08:11:09.333 | INFO     | models.demos.wormhole.stable_diffusion.tt.ttnn_functional_unet_2d_condition_model_new_conv:__call__:406 - Down block 2
2026-05-29 08:11:09.337 | INFO     | models.demos.wormhole.stable_diffusion.tt.ttnn_functional_unet_2d_condition_model_new_conv:__call__:406 - Down block 3
2026-05-29 08:11:09.338 | INFO     | models.demos.wormhole.stable_diffusion.tt.ttnn_functional_unet_2d_condition_model_new_conv:__call__:460 - Mid block
2026-05-29 08:11:09.338 | warning  |              Op | Mismatch between computed MemoryConfig(memory_layout=TensorMemoryLayout::BLOCK_SHARDED,buffer_type=BufferType::L1,shard_spec=ShardSpec(grid={[(x=0,y=0) - (x=7,y=3)]},shape={32, 160},orientation=ShardOrientation::ROW_MAJOR),nd_shard_spec=NdShardSpec(shard_shape=Shape([32, 160]),grid={[(x=0,y=0) - (x=7,y=3)]},orientation=ShardOrientation::ROW_MAJOR,shard_distribution_strategy=ShardDistributionStrategy::GRID_2D),created_with_nd_shard_spec=0) and provided MemoryConfig(memory_layout=TensorMemoryLayout::BLOCK_SHARDED,buffer_type=BufferType::L1,shard_spec=ShardSpec(grid={[(x=0,y=0) - (x=7,y=7)]},shape={32, 160},orientation=ShardOrientation::ROW_MAJOR),nd_shard_spec=std::nullopt,created_with_nd_shard_spec=0) mem config. Using computed config. (matmul_op.cpp:1674)
2026-05-29 08:11:09.340 | INFO     | models.demos.wormhole.stable_diffusion.tt.ttnn_functional_unet_2d_condition_model_new_conv:__call__:491 - Up block 0
2026-05-29 08:11:09.341 | INFO     | models.demos.wormhole.stable_diffusion.tt.ttnn_functional_unet_2d_condition_model_new_conv:__call__:491 - Up block 1
2026-05-29 08:11:09.346 | INFO     | models.demos.wormhole.stable_diffusion.tt.ttnn_functional_unet_2d_condition_model_new_conv:__call__:491 - Up block 2
2026-05-29 08:11:09.354 | INFO     | models.demos.wormhole.stable_diffusion.tt.ttnn_functional_unet_2d_condition_model_new_conv:__call__:491 - Up block 3
2026-05-29 08:11:09.374 | INFO     | models.demos.wormhole.stable_diffusion.tt.ttnn_functional_unet_2d_condition_model_new_conv:__call__:406 - Down block 0
2026-05-29 08:11:09.381 | info     |              Op | act_block_h_override 2 is not a valid override for padded_output_height_ntiles_per_core 7, instead 1 was selected as closest valid option! (conv2d_utils.cpp:401)
2026-05-29 08:11:09.381 | INFO     | models.demos.wormhole.stable_diffusion.tt.ttnn_functional_unet_2d_condition_model_new_conv:__call__:406 - Down block 1
2026-05-29 08:11:09.387 | INFO     | models.demos.wormhole.stable_diffusion.tt.ttnn_functional_unet_2d_condition_model_new_conv:__call__:406 - Down block 2
2026-05-29 08:11:09.390 | INFO     | models.demos.wormhole.stable_diffusion.tt.ttnn_functional_unet_2d_condition_model_new_conv:__call__:406 - Down block 3
2026-05-29 08:11:09.391 | INFO     | models.demos.wormhole.stable_diffusion.tt.ttnn_functional_unet_2d_condition_model_new_conv:__call__:460 - Mid block
2026-05-29 08:11:09.392 | warning  |              Op | Mismatch between computed MemoryConfig(memory_layout=TensorMemoryLayout::BLOCK_SHARDED,buffer_type=BufferType::L1,shard_spec=ShardSpec(grid={[(x=0,y=0) - (x=7,y=3)]},shape={32, 160},orientation=ShardOrientation::ROW_MAJOR),nd_shard_spec=NdShardSpec(shard_shape=Shape([32, 160]),grid={[(x=0,y=0) - (x=7,y=3)]},orientation=ShardOrientation::ROW_MAJOR,shard_distribution_strategy=ShardDistributionStrategy::GRID_2D),created_with_nd_shard_spec=0) and provided MemoryConfig(memory_layout=TensorMemoryLayout::BLOCK_SHARDED,buffer_type=BufferType::L1,shard_spec=ShardSpec(grid={[(x=0,y=0) - (x=7,y=7)]},shape={32, 160},orientation=ShardOrientation::ROW_MAJOR),nd_shard_spec=std::nullopt,created_with_nd_shard_spec=0) mem config. Using computed config. (matmul_op.cpp:1674)
2026-05-29 08:11:09.393 | INFO     | models.demos.wormhole.stable_diffusion.tt.ttnn_functional_unet_2d_condition_model_new_conv:__call__:491 - Up block 0
2026-05-29 08:11:09.394 | INFO     | models.demos.wormhole.stable_diffusion.tt.ttnn_functional_unet_2d_condition_model_new_conv:__call__:491 - Up block 1
2026-05-29 08:11:09.399 | INFO     | models.demos.wormhole.stable_diffusion.tt.ttnn_functional_unet_2d_condition_model_new_conv:__call__:491 - Up block 2
2026-05-29 08:11:09.407 | INFO     | models.demos.wormhole.stable_diffusion.tt.ttnn_functional_unet_2d_condition_model_new_conv:__call__:491 - Up block 3
2026-05-29 08:11:09.428 | INFO     | models.demos.wormhole.stable_diffusion.tt.ttnn_functional_unet_2d_condition_model_new_conv:__call__:406 - Down block 0
2026-05-29 08:11:09.434 | info     |              Op | act_block_h_override 2 is not a valid override for padded_output_height_ntiles_per_core 7, instead 1 was selected as closest valid option! (conv2d_utils.cpp:401)
2026-05-29 08:11:09.434 | INFO     | models.demos.wormhole.stable_diffusion.tt.ttnn_functional_unet_2d_condition_model_new_conv:__call__:406 - Down block 1
2026-05-29 08:11:09.439 | INFO     | models.demos.wormhole.stable_diffusion.tt.ttnn_functional_unet_2d_condition_model_new_conv:__call__:406 - Down block 2
2026-05-29 08:11:09.443 | INFO     | models.demos.wormhole.stable_diffusion.tt.ttnn_functional_unet_2d_condition_model_new_conv:__call__:406 - Down block 3
2026-05-29 08:11:09.444 | INFO     | models.demos.wormhole.stable_diffusion.tt.ttnn_functional_unet_2d_condition_model_new_conv:__call__:460 - Mid block
2026-05-29 08:11:09.444 | warning  |              Op | Mismatch between computed MemoryConfig(memory_layout=TensorMemoryLayout::BLOCK_SHARDED,buffer_type=BufferType::L1,shard_spec=ShardSpec(grid={[(x=0,y=0) - (x=7,y=3)]},shape={32, 160},orientation=ShardOrientation::ROW_MAJOR),nd_shard_spec=NdShardSpec(shard_shape=Shape([32, 160]),grid={[(x=0,y=0) - (x=7,y=3)]},orientation=ShardOrientation::ROW_MAJOR,shard_distribution_strategy=ShardDistributionStrategy::GRID_2D),created_with_nd_shard_spec=0) and provided MemoryConfig(memory_layout=TensorMemoryLayout::BLOCK_SHARDED,buffer_type=BufferType::L1,shard_spec=ShardSpec(grid={[(x=0,y=0) - (x=7,y=7)]},shape={32, 160},orientation=ShardOrientation::ROW_MAJOR),nd_shard_spec=std::nullopt,created_with_nd_shard_spec=0) mem config. Using computed config. (matmul_op.cpp:1674)
2026-05-29 08:11:09.446 | INFO     | models.demos.wormhole.stable_diffusion.tt.ttnn_functional_unet_2d_condition_model_new_conv:__call__:491 - Up block 0
2026-05-29 08:11:09.447 | INFO     | models.demos.wormhole.stable_diffusion.tt.ttnn_functional_unet_2d_condition_model_new_conv:__call__:491 - Up block 1
2026-05-29 08:11:09.452 | INFO     | models.demos.wormhole.stable_diffusion.tt.ttnn_functional_unet_2d_condition_model_new_conv:__call__:491 - Up block 2
2026-05-29 08:11:09.460 | INFO     | models.demos.wormhole.stable_diffusion.tt.ttnn_functional_unet_2d_condition_model_new_conv:__call__:491 - Up block 3
2026-05-29 08:11:09.480 | INFO     | models.demos.wormhole.stable_diffusion.tt.ttnn_functional_unet_2d_condition_model_new_conv:__call__:406 - Down block 0
2026-05-29 08:11:09.486 | info     |              Op | act_block_h_override 2 is not a valid override for padded_output_height_ntiles_per_core 7, instead 1 was selected as closest valid option! (conv2d_utils.cpp:401)
2026-05-29 08:11:09.487 | INFO     | models.demos.wormhole.stable_diffusion.tt.ttnn_functional_unet_2d_condition_model_new_conv:__call__:406 - Down block 1
2026-05-29 08:11:09.492 | INFO     | models.demos.wormhole.stable_diffusion.tt.ttnn_functional_unet_2d_condition_model_new_conv:__call__:406 - Down block 2
2026-05-29 08:11:09.496 | INFO     | models.demos.wormhole.stable_diffusion.tt.ttnn_functional_unet_2d_condition_model_new_conv:__call__:406 - Down block 3
2026-05-29 08:11:09.496 | INFO     | models.demos.wormhole.stable_diffusion.tt.ttnn_functional_unet_2d_condition_model_new_conv:__call__:460 - Mid block
2026-05-29 08:11:09.497 | warning  |              Op | Mismatch between computed MemoryConfig(memory_layout=TensorMemoryLayout::BLOCK_SHARDED,buffer_type=BufferType::L1,shard_spec=ShardSpec(grid={[(x=0,y=0) - (x=7,y=3)]},shape={32, 160},orientation=ShardOrientation::ROW_MAJOR),nd_shard_spec=NdShardSpec(shard_shape=Shape([32, 160]),grid={[(x=0,y=0) - (x=7,y=3)]},orientation=ShardOrientation::ROW_MAJOR,shard_distribution_strategy=ShardDistributionStrategy::GRID_2D),created_with_nd_shard_spec=0) and provided MemoryConfig(memory_layout=TensorMemoryLayout::BLOCK_SHARDED,buffer_type=BufferType::L1,shard_spec=ShardSpec(grid={[(x=0,y=0) - (x=7,y=7)]},shape={32, 160},orientation=ShardOrientation::ROW_MAJOR),nd_shard_spec=std::nullopt,created_with_nd_shard_spec=0) mem config. Using computed config. (matmul_op.cpp:1674)
2026-05-29 08:11:09.498 | INFO     | models.demos.wormhole.stable_diffusion.tt.ttnn_functional_unet_2d_condition_model_new_conv:__call__:491 - Up block 0
2026-05-29 08:11:09.500 | INFO     | models.demos.wormhole.stable_diffusion.tt.ttnn_functional_unet_2d_condition_model_new_conv:__call__:491 - Up block 1
2026-05-29 08:11:09.505 | INFO     | models.demos.wormhole.stable_diffusion.tt.ttnn_functional_unet_2d_condition_model_new_conv:__call__:491 - Up block 2
2026-05-29 08:11:09.513 | INFO     | models.demos.wormhole.stable_diffusion.tt.ttnn_functional_unet_2d_condition_model_new_conv:__call__:491 - Up block 3
2026-05-29 08:11:09.533 | INFO     | models.demos.wormhole.stable_diffusion.tt.ttnn_functional_unet_2d_condition_model_new_conv:__call__:406 - Down block 0
2026-05-29 08:11:09.539 | info     |              Op | act_block_h_override 2 is not a valid override for padded_output_height_ntiles_per_core 7, instead 1 was selected as closest valid option! (conv2d_utils.cpp:401)
2026-05-29 08:11:09.539 | INFO     | models.demos.wormhole.stable_diffusion.tt.ttnn_functional_unet_2d_condition_model_new_conv:__call__:406 - Down block 1
2026-05-29 08:11:09.544 | INFO     | models.demos.wormhole.stable_diffusion.tt.ttnn_functional_unet_2d_condition_model_new_conv:__call__:406 - Down block 2
2026-05-29 08:11:09.548 | INFO     | models.demos.wormhole.stable_diffusion.tt.ttnn_functional_unet_2d_condition_model_new_conv:__call__:406 - Down block 3
2026-05-29 08:11:09.548 | INFO     | models.demos.wormhole.stable_diffusion.tt.ttnn_functional_unet_2d_condition_model_new_conv:__call__:460 - Mid block
2026-05-29 08:11:09.549 | warning  |              Op | Mismatch between computed MemoryConfig(memory_layout=TensorMemoryLayout::BLOCK_SHARDED,buffer_type=BufferType::L1,shard_spec=ShardSpec(grid={[(x=0,y=0) - (x=7,y=3)]},shape={32, 160},orientation=ShardOrientation::ROW_MAJOR),nd_shard_spec=NdShardSpec(shard_shape=Shape([32, 160]),grid={[(x=0,y=0) - (x=7,y=3)]},orientation=ShardOrientation::ROW_MAJOR,shard_distribution_strategy=ShardDistributionStrategy::GRID_2D),created_with_nd_shard_spec=0) and provided MemoryConfig(memory_layout=TensorMemoryLayout::BLOCK_SHARDED,buffer_type=BufferType::L1,shard_spec=ShardSpec(grid={[(x=0,y=0) - (x=7,y=7)]},shape={32, 160},orientation=ShardOrientation::ROW_MAJOR),nd_shard_spec=std::nullopt,created_with_nd_shard_spec=0) mem config. Using computed config. (matmul_op.cpp:1674)
2026-05-29 08:11:09.550 | INFO     | models.demos.wormhole.stable_diffusion.tt.ttnn_functional_unet_2d_condition_model_new_conv:__call__:491 - Up block 0
2026-05-29 08:11:09.551 | INFO     | models.demos.wormhole.stable_diffusion.tt.ttnn_functional_unet_2d_condition_model_new_conv:__call__:491 - Up block 1
2026-05-29 08:11:09.556 | INFO     | models.demos.wormhole.stable_diffusion.tt.ttnn_functional_unet_2d_condition_model_new_conv:__call__:491 - Up block 2
2026-05-29 08:11:09.565 | INFO     | models.demos.wormhole.stable_diffusion.tt.ttnn_functional_unet_2d_condition_model_new_conv:__call__:491 - Up block 3
2026-05-29 08:11:09.585 | INFO     | models.demos.wormhole.stable_diffusion.tt.ttnn_functional_unet_2d_condition_model_new_conv:__call__:406 - Down block 0
2026-05-29 08:11:09.591 | info     |              Op | act_block_h_override 2 is not a valid override for padded_output_height_ntiles_per_core 7, instead 1 was selected as closest valid option! (conv2d_utils.cpp:401)
2026-05-29 08:11:09.592 | INFO     | models.demos.wormhole.stable_diffusion.tt.ttnn_functional_unet_2d_condition_model_new_conv:__call__:406 - Down block 1
2026-05-29 08:11:09.597 | INFO     | models.demos.wormhole.stable_diffusion.tt.ttnn_functional_unet_2d_condition_model_new_conv:__call__:406 - Down block 2
2026-05-29 08:11:09.600 | INFO     | models.demos.wormhole.stable_diffusion.tt.ttnn_functional_unet_2d_condition_model_new_conv:__call__:406 - Down block 3
2026-05-29 08:11:09.601 | INFO     | models.demos.wormhole.stable_diffusion.tt.ttnn_functional_unet_2d_condition_model_new_conv:__call__:460 - Mid block
2026-05-29 08:11:09.602 | warning  |              Op | Mismatch between computed MemoryConfig(memory_layout=TensorMemoryLayout::BLOCK_SHARDED,buffer_type=BufferType::L1,shard_spec=ShardSpec(grid={[(x=0,y=0) - (x=7,y=3)]},shape={32, 160},orientation=ShardOrientation::ROW_MAJOR),nd_shard_spec=NdShardSpec(shard_shape=Shape([32, 160]),grid={[(x=0,y=0) - (x=7,y=3)]},orientation=ShardOrientation::ROW_MAJOR,shard_distribution_strategy=ShardDistributionStrategy::GRID_2D),created_with_nd_shard_spec=0) and provided MemoryConfig(memory_layout=TensorMemoryLayout::BLOCK_SHARDED,buffer_type=BufferType::L1,shard_spec=ShardSpec(grid={[(x=0,y=0) - (x=7,y=7)]},shape={32, 160},orientation=ShardOrientation::ROW_MAJOR),nd_shard_spec=std::nullopt,created_with_nd_shard_spec=0) mem config. Using computed config. (matmul_op.cpp:1674)
2026-05-29 08:11:09.603 | INFO     | models.demos.wormhole.stable_diffusion.tt.ttnn_functional_unet_2d_condition_model_new_conv:__call__:491 - Up block 0
2026-05-29 08:11:09.604 | INFO     | models.demos.wormhole.stable_diffusion.tt.ttnn_functional_unet_2d_condition_model_new_conv:__call__:491 - Up block 1
2026-05-29 08:11:09.609 | INFO     | models.demos.wormhole.stable_diffusion.tt.ttnn_functional_unet_2d_condition_model_new_conv:__call__:491 - Up block 2
2026-05-29 08:11:09.617 | INFO     | models.demos.wormhole.stable_diffusion.tt.ttnn_functional_unet_2d_condition_model_new_conv:__call__:491 - Up block 3
  Step 6/41
2026-05-29 08:11:09.639 | INFO     | models.demos.wormhole.stable_diffusion.tt.ttnn_functional_unet_2d_condition_model_new_conv:__call__:406 - Down block 0
2026-05-29 08:11:09.645 | info     |              Op | act_block_h_override 2 is not a valid override for padded_output_height_ntiles_per_core 7, instead 1 was selected as closest valid option! (conv2d_utils.cpp:401)
2026-05-29 08:11:09.645 | INFO     | models.demos.wormhole.stable_diffusion.tt.ttnn_functional_unet_2d_condition_model_new_conv:__call__:406 - Down block 1
2026-05-29 08:11:09.651 | INFO     | models.demos.wormhole.stable_diffusion.tt.ttnn_functional_unet_2d_condition_model_new_conv:__call__:406 - Down block 2
2026-05-29 08:11:09.655 | INFO     | models.demos.wormhole.stable_diffusion.tt.ttnn_functional_unet_2d_condition_model_new_conv:__call__:406 - Down block 3
2026-05-29 08:11:09.655 | INFO     | models.demos.wormhole.stable_diffusion.tt.ttnn_functional_unet_2d_condition_model_new_conv:__call__:460 - Mid block
2026-05-29 08:11:09.656 | warning  |              Op | Mismatch between computed MemoryConfig(memory_layout=TensorMemoryLayout::BLOCK_SHARDED,buffer_type=BufferType::L1,shard_spec=ShardSpec(grid={[(x=0,y=0) - (x=7,y=3)]},shape={32, 160},orientation=ShardOrientation::ROW_MAJOR),nd_shard_spec=NdShardSpec(shard_shape=Shape([32, 160]),grid={[(x=0,y=0) - (x=7,y=3)]},orientation=ShardOrientation::ROW_MAJOR,shard_distribution_strategy=ShardDistributionStrategy::GRID_2D),created_with_nd_shard_spec=0) and provided MemoryConfig(memory_layout=TensorMemoryLayout::BLOCK_SHARDED,buffer_type=BufferType::L1,shard_spec=ShardSpec(grid={[(x=0,y=0) - (x=7,y=7)]},shape={32, 160},orientation=ShardOrientation::ROW_MAJOR),nd_shard_spec=std::nullopt,created_with_nd_shard_spec=0) mem config. Using computed config. (matmul_op.cpp:1674)
2026-05-29 08:11:09.657 | INFO     | models.demos.wormhole.stable_diffusion.tt.ttnn_functional_unet_2d_condition_model_new_conv:__call__:491 - Up block 0
2026-05-29 08:11:09.658 | INFO     | models.demos.wormhole.stable_diffusion.tt.ttnn_functional_unet_2d_condition_model_new_conv:__call__:491 - Up block 1
2026-05-29 08:11:09.663 | INFO     | models.demos.wormhole.stable_diffusion.tt.ttnn_functional_unet_2d_condition_model_new_conv:__call__:491 - Up block 2
2026-05-29 08:11:09.672 | INFO     | models.demos.wormhole.stable_diffusion.tt.ttnn_functional_unet_2d_condition_model_new_conv:__call__:491 - Up block 3
2026-05-29 08:11:09.692 | INFO     | models.demos.wormhole.stable_diffusion.tt.ttnn_functional_unet_2d_condition_model_new_conv:__call__:406 - Down block 0
2026-05-29 08:11:09.698 | info     |              Op | act_block_h_override 2 is not a valid override for padded_output_height_ntiles_per_core 7, instead 1 was selected as closest valid option! (conv2d_utils.cpp:401)
2026-05-29 08:11:09.698 | INFO     | models.demos.wormhole.stable_diffusion.tt.ttnn_functional_unet_2d_condition_model_new_conv:__call__:406 - Down block 1
2026-05-29 08:11:09.703 | INFO     | models.demos.wormhole.stable_diffusion.tt.ttnn_functional_unet_2d_condition_model_new_conv:__call__:406 - Down block 2
2026-05-29 08:11:09.707 | INFO     | models.demos.wormhole.stable_diffusion.tt.ttnn_functional_unet_2d_condition_model_new_conv:__call__:406 - Down block 3
2026-05-29 08:11:09.708 | INFO     | models.demos.wormhole.stable_diffusion.tt.ttnn_functional_unet_2d_condition_model_new_conv:__call__:460 - Mid block
2026-05-29 08:11:09.708 | warning  |              Op | Mismatch between computed MemoryConfig(memory_layout=TensorMemoryLayout::BLOCK_SHARDED,buffer_type=BufferType::L1,shard_spec=ShardSpec(grid={[(x=0,y=0) - (x=7,y=3)]},shape={32, 160},orientation=ShardOrientation::ROW_MAJOR),nd_shard_spec=NdShardSpec(shard_shape=Shape([32, 160]),grid={[(x=0,y=0) - (x=7,y=3)]},orientation=ShardOrientation::ROW_MAJOR,shard_distribution_strategy=ShardDistributionStrategy::GRID_2D),created_with_nd_shard_spec=0) and provided MemoryConfig(memory_layout=TensorMemoryLayout::BLOCK_SHARDED,buffer_type=BufferType::L1,shard_spec=ShardSpec(grid={[(x=0,y=0) - (x=7,y=7)]},shape={32, 160},orientation=ShardOrientation::ROW_MAJOR),nd_shard_spec=std::nullopt,created_with_nd_shard_spec=0) mem config. Using computed config. (matmul_op.cpp:1674)
2026-05-29 08:11:09.710 | INFO     | models.demos.wormhole.stable_diffusion.tt.ttnn_functional_unet_2d_condition_model_new_conv:__call__:491 - Up block 0
2026-05-29 08:11:09.711 | INFO     | models.demos.wormhole.stable_diffusion.tt.ttnn_functional_unet_2d_condition_model_new_conv:__call__:491 - Up block 1
2026-05-29 08:11:09.716 | INFO     | models.demos.wormhole.stable_diffusion.tt.ttnn_functional_unet_2d_condition_model_new_conv:__call__:491 - Up block 2
2026-05-29 08:11:09.724 | INFO     | models.demos.wormhole.stable_diffusion.tt.ttnn_functional_unet_2d_condition_model_new_conv:__call__:491 - Up block 3
2026-05-29 08:11:09.744 | INFO     | models.demos.wormhole.stable_diffusion.tt.ttnn_functional_unet_2d_condition_model_new_conv:__call__:406 - Down block 0
2026-05-29 08:11:09.750 | info     |              Op | act_block_h_override 2 is not a valid override for padded_output_height_ntiles_per_core 7, instead 1 was selected as closest valid option! (conv2d_utils.cpp:401)
2026-05-29 08:11:09.750 | INFO     | models.demos.wormhole.stable_diffusion.tt.ttnn_functional_unet_2d_condition_model_new_conv:__call__:406 - Down block 1
2026-05-29 08:11:09.756 | INFO     | models.demos.wormhole.stable_diffusion.tt.ttnn_functional_unet_2d_condition_model_new_conv:__call__:406 - Down block 2
2026-05-29 08:11:09.759 | INFO     | models.demos.wormhole.stable_diffusion.tt.ttnn_functional_unet_2d_condition_model_new_conv:__call__:406 - Down block 3
2026-05-29 08:11:09.760 | INFO     | models.demos.wormhole.stable_diffusion.tt.ttnn_functional_unet_2d_condition_model_new_conv:__call__:460 - Mid block
2026-05-29 08:11:09.760 | warning  |              Op | Mismatch between computed MemoryConfig(memory_layout=TensorMemoryLayout::BLOCK_SHARDED,buffer_type=BufferType::L1,shard_spec=ShardSpec(grid={[(x=0,y=0) - (x=7,y=3)]},shape={32, 160},orientation=ShardOrientation::ROW_MAJOR),nd_shard_spec=NdShardSpec(shard_shape=Shape([32, 160]),grid={[(x=0,y=0) - (x=7,y=3)]},orientation=ShardOrientation::ROW_MAJOR,shard_distribution_strategy=ShardDistributionStrategy::GRID_2D),created_with_nd_shard_spec=0) and provided MemoryConfig(memory_layout=TensorMemoryLayout::BLOCK_SHARDED,buffer_type=BufferType::L1,shard_spec=ShardSpec(grid={[(x=0,y=0) - (x=7,y=7)]},shape={32, 160},orientation=ShardOrientation::ROW_MAJOR),nd_shard_spec=std::nullopt,created_with_nd_shard_spec=0) mem config. Using computed config. (matmul_op.cpp:1674)
2026-05-29 08:11:09.761 | INFO     | models.demos.wormhole.stable_diffusion.tt.ttnn_functional_unet_2d_condition_model_new_conv:__call__:491 - Up block 0
2026-05-29 08:11:09.763 | INFO     | models.demos.wormhole.stable_diffusion.tt.ttnn_functional_unet_2d_condition_model_new_conv:__call__:491 - Up block 1
2026-05-29 08:11:09.768 | INFO     | models.demos.wormhole.stable_diffusion.tt.ttnn_functional_unet_2d_condition_model_new_conv:__call__:491 - Up block 2
2026-05-29 08:11:09.776 | INFO     | models.demos.wormhole.stable_diffusion.tt.ttnn_functional_unet_2d_condition_model_new_conv:__call__:491 - Up block 3
2026-05-29 08:11:09.796 | INFO     | models.demos.wormhole.stable_diffusion.tt.ttnn_functional_unet_2d_condition_model_new_conv:__call__:406 - Down block 0
2026-05-29 08:11:09.802 | info     |              Op | act_block_h_override 2 is not a valid override for padded_output_height_ntiles_per_core 7, instead 1 was selected as closest valid option! (conv2d_utils.cpp:401)
2026-05-29 08:11:09.802 | INFO     | models.demos.wormhole.stable_diffusion.tt.ttnn_functional_unet_2d_condition_model_new_conv:__call__:406 - Down block 1
2026-05-29 08:11:09.807 | INFO     | models.demos.wormhole.stable_diffusion.tt.ttnn_functional_unet_2d_condition_model_new_conv:__call__:406 - Down block 2
2026-05-29 08:11:09.811 | INFO     | models.demos.wormhole.stable_diffusion.tt.ttnn_functional_unet_2d_condition_model_new_conv:__call__:406 - Down block 3
2026-05-29 08:11:09.811 | INFO     | models.demos.wormhole.stable_diffusion.tt.ttnn_functional_unet_2d_condition_model_new_conv:__call__:460 - Mid block
2026-05-29 08:11:09.812 | warning  |              Op | Mismatch between computed MemoryConfig(memory_layout=TensorMemoryLayout::BLOCK_SHARDED,buffer_type=BufferType::L1,shard_spec=ShardSpec(grid={[(x=0,y=0) - (x=7,y=3)]},shape={32, 160},orientation=ShardOrientation::ROW_MAJOR),nd_shard_spec=NdShardSpec(shard_shape=Shape([32, 160]),grid={[(x=0,y=0) - (x=7,y=3)]},orientation=ShardOrientation::ROW_MAJOR,shard_distribution_strategy=ShardDistributionStrategy::GRID_2D),created_with_nd_shard_spec=0) and provided MemoryConfig(memory_layout=TensorMemoryLayout::BLOCK_SHARDED,buffer_type=BufferType::L1,shard_spec=ShardSpec(grid={[(x=0,y=0) - (x=7,y=7)]},shape={32, 160},orientation=ShardOrientation::ROW_MAJOR),nd_shard_spec=std::nullopt,created_with_nd_shard_spec=0) mem config. Using computed config. (matmul_op.cpp:1674)
2026-05-29 08:11:09.813 | INFO     | models.demos.wormhole.stable_diffusion.tt.ttnn_functional_unet_2d_condition_model_new_conv:__call__:491 - Up block 0
2026-05-29 08:11:09.815 | INFO     | models.demos.wormhole.stable_diffusion.tt.ttnn_functional_unet_2d_condition_model_new_conv:__call__:491 - Up block 1
2026-05-29 08:11:09.820 | INFO     | models.demos.wormhole.stable_diffusion.tt.ttnn_functional_unet_2d_condition_model_new_conv:__call__:491 - Up block 2
2026-05-29 08:11:09.828 | INFO     | models.demos.wormhole.stable_diffusion.tt.ttnn_functional_unet_2d_condition_model_new_conv:__call__:491 - Up block 3
2026-05-29 08:11:09.848 | INFO     | models.demos.wormhole.stable_diffusion.tt.ttnn_functional_unet_2d_condition_model_new_conv:__call__:406 - Down block 0
2026-05-29 08:11:09.854 | info     |              Op | act_block_h_override 2 is not a valid override for padded_output_height_ntiles_per_core 7, instead 1 was selected as closest valid option! (conv2d_utils.cpp:401)
2026-05-29 08:11:09.854 | INFO     | models.demos.wormhole.stable_diffusion.tt.ttnn_functional_unet_2d_condition_model_new_conv:__call__:406 - Down block 1
2026-05-29 08:11:09.860 | INFO     | models.demos.wormhole.stable_diffusion.tt.ttnn_functional_unet_2d_condition_model_new_conv:__call__:406 - Down block 2
2026-05-29 08:11:09.863 | INFO     | models.demos.wormhole.stable_diffusion.tt.ttnn_functional_unet_2d_condition_model_new_conv:__call__:406 - Down block 3
2026-05-29 08:11:09.864 | INFO     | models.demos.wormhole.stable_diffusion.tt.ttnn_functional_unet_2d_condition_model_new_conv:__call__:460 - Mid block
2026-05-29 08:11:09.864 | warning  |              Op | Mismatch between computed MemoryConfig(memory_layout=TensorMemoryLayout::BLOCK_SHARDED,buffer_type=BufferType::L1,shard_spec=ShardSpec(grid={[(x=0,y=0) - (x=7,y=3)]},shape={32, 160},orientation=ShardOrientation::ROW_MAJOR),nd_shard_spec=NdShardSpec(shard_shape=Shape([32, 160]),grid={[(x=0,y=0) - (x=7,y=3)]},orientation=ShardOrientation::ROW_MAJOR,shard_distribution_strategy=ShardDistributionStrategy::GRID_2D),created_with_nd_shard_spec=0) and provided MemoryConfig(memory_layout=TensorMemoryLayout::BLOCK_SHARDED,buffer_type=BufferType::L1,shard_spec=ShardSpec(grid={[(x=0,y=0) - (x=7,y=7)]},shape={32, 160},orientation=ShardOrientation::ROW_MAJOR),nd_shard_spec=std::nullopt,created_with_nd_shard_spec=0) mem config. Using computed config. (matmul_op.cpp:1674)
2026-05-29 08:11:09.865 | INFO     | models.demos.wormhole.stable_diffusion.tt.ttnn_functional_unet_2d_condition_model_new_conv:__call__:491 - Up block 0
2026-05-29 08:11:09.867 | INFO     | models.demos.wormhole.stable_diffusion.tt.ttnn_functional_unet_2d_condition_model_new_conv:__call__:491 - Up block 1
2026-05-29 08:11:09.872 | INFO     | models.demos.wormhole.stable_diffusion.tt.ttnn_functional_unet_2d_condition_model_new_conv:__call__:491 - Up block 2
2026-05-29 08:11:09.881 | INFO     | models.demos.wormhole.stable_diffusion.tt.ttnn_functional_unet_2d_condition_model_new_conv:__call__:491 - Up block 3
2026-05-29 08:11:09.901 | INFO     | models.demos.wormhole.stable_diffusion.tt.ttnn_functional_unet_2d_condition_model_new_conv:__call__:406 - Down block 0
2026-05-29 08:11:09.907 | info     |              Op | act_block_h_override 2 is not a valid override for padded_output_height_ntiles_per_core 7, instead 1 was selected as closest valid option! (conv2d_utils.cpp:401)
2026-05-29 08:11:09.907 | INFO     | models.demos.wormhole.stable_diffusion.tt.ttnn_functional_unet_2d_condition_model_new_conv:__call__:406 - Down block 1
2026-05-29 08:11:09.913 | INFO     | models.demos.wormhole.stable_diffusion.tt.ttnn_functional_unet_2d_condition_model_new_conv:__call__:406 - Down block 2
2026-05-29 08:11:09.916 | INFO     | models.demos.wormhole.stable_diffusion.tt.ttnn_functional_unet_2d_condition_model_new_conv:__call__:406 - Down block 3
2026-05-29 08:11:09.917 | INFO     | models.demos.wormhole.stable_diffusion.tt.ttnn_functional_unet_2d_condition_model_new_conv:__call__:460 - Mid block
2026-05-29 08:11:09.917 | warning  |              Op | Mismatch between computed MemoryConfig(memory_layout=TensorMemoryLayout::BLOCK_SHARDED,buffer_type=BufferType::L1,shard_spec=ShardSpec(grid={[(x=0,y=0) - (x=7,y=3)]},shape={32, 160},orientation=ShardOrientation::ROW_MAJOR),nd_shard_spec=NdShardSpec(shard_shape=Shape([32, 160]),grid={[(x=0,y=0) - (x=7,y=3)]},orientation=ShardOrientation::ROW_MAJOR,shard_distribution_strategy=ShardDistributionStrategy::GRID_2D),created_with_nd_shard_spec=0) and provided MemoryConfig(memory_layout=TensorMemoryLayout::BLOCK_SHARDED,buffer_type=BufferType::L1,shard_spec=ShardSpec(grid={[(x=0,y=0) - (x=7,y=7)]},shape={32, 160},orientation=ShardOrientation::ROW_MAJOR),nd_shard_spec=std::nullopt,created_with_nd_shard_spec=0) mem config. Using computed config. (matmul_op.cpp:1674)
2026-05-29 08:11:09.919 | INFO     | models.demos.wormhole.stable_diffusion.tt.ttnn_functional_unet_2d_condition_model_new_conv:__call__:491 - Up block 0
2026-05-29 08:11:09.920 | INFO     | models.demos.wormhole.stable_diffusion.tt.ttnn_functional_unet_2d_condition_model_new_conv:__call__:491 - Up block 1
2026-05-29 08:11:09.925 | INFO     | models.demos.wormhole.stable_diffusion.tt.ttnn_functional_unet_2d_condition_model_new_conv:__call__:491 - Up block 2
2026-05-29 08:11:09.933 | INFO     | models.demos.wormhole.stable_diffusion.tt.ttnn_functional_unet_2d_condition_model_new_conv:__call__:491 - Up block 3
2026-05-29 08:11:09.954 | INFO     | models.demos.wormhole.stable_diffusion.tt.ttnn_functional_unet_2d_condition_model_new_conv:__call__:406 - Down block 0
2026-05-29 08:11:09.960 | info     |              Op | act_block_h_override 2 is not a valid override for padded_output_height_ntiles_per_core 7, instead 1 was selected as closest valid option! (conv2d_utils.cpp:401)
2026-05-29 08:11:09.960 | INFO     | models.demos.wormhole.stable_diffusion.tt.ttnn_functional_unet_2d_condition_model_new_conv:__call__:406 - Down block 1
2026-05-29 08:11:09.965 | INFO     | models.demos.wormhole.stable_diffusion.tt.ttnn_functional_unet_2d_condition_model_new_conv:__call__:406 - Down block 2
2026-05-29 08:11:09.969 | INFO     | models.demos.wormhole.stable_diffusion.tt.ttnn_functional_unet_2d_condition_model_new_conv:__call__:406 - Down block 3
2026-05-29 08:11:09.969 | INFO     | models.demos.wormhole.stable_diffusion.tt.ttnn_functional_unet_2d_condition_model_new_conv:__call__:460 - Mid block
2026-05-29 08:11:09.970 | warning  |              Op | Mismatch between computed MemoryConfig(memory_layout=TensorMemoryLayout::BLOCK_SHARDED,buffer_type=BufferType::L1,shard_spec=ShardSpec(grid={[(x=0,y=0) - (x=7,y=3)]},shape={32, 160},orientation=ShardOrientation::ROW_MAJOR),nd_shard_spec=NdShardSpec(shard_shape=Shape([32, 160]),grid={[(x=0,y=0) - (x=7,y=3)]},orientation=ShardOrientation::ROW_MAJOR,shard_distribution_strategy=ShardDistributionStrategy::GRID_2D),created_with_nd_shard_spec=0) and provided MemoryConfig(memory_layout=TensorMemoryLayout::BLOCK_SHARDED,buffer_type=BufferType::L1,shard_spec=ShardSpec(grid={[(x=0,y=0) - (x=7,y=7)]},shape={32, 160},orientation=ShardOrientation::ROW_MAJOR),nd_shard_spec=std::nullopt,created_with_nd_shard_spec=0) mem config. Using computed config. (matmul_op.cpp:1674)
2026-05-29 08:11:09.971 | INFO     | models.demos.wormhole.stable_diffusion.tt.ttnn_functional_unet_2d_condition_model_new_conv:__call__:491 - Up block 0
2026-05-29 08:11:09.973 | INFO     | models.demos.wormhole.stable_diffusion.tt.ttnn_functional_unet_2d_condition_model_new_conv:__call__:491 - Up block 1
2026-05-29 08:11:09.978 | INFO     | models.demos.wormhole.stable_diffusion.tt.ttnn_functional_unet_2d_condition_model_new_conv:__call__:491 - Up block 2
2026-05-29 08:11:09.986 | INFO     | models.demos.wormhole.stable_diffusion.tt.ttnn_functional_unet_2d_condition_model_new_conv:__call__:491 - Up block 3
2026-05-29 08:11:10.006 | INFO     | models.demos.wormhole.stable_diffusion.tt.ttnn_functional_unet_2d_condition_model_new_conv:__call__:406 - Down block 0
2026-05-29 08:11:10.012 | info     |              Op | act_block_h_override 2 is not a valid override for padded_output_height_ntiles_per_core 7, instead 1 was selected as closest valid option! (conv2d_utils.cpp:401)
2026-05-29 08:11:10.012 | INFO     | models.demos.wormhole.stable_diffusion.tt.ttnn_functional_unet_2d_condition_model_new_conv:__call__:406 - Down block 1
2026-05-29 08:11:10.017 | INFO     | models.demos.wormhole.stable_diffusion.tt.ttnn_functional_unet_2d_condition_model_new_conv:__call__:406 - Down block 2
2026-05-29 08:11:10.021 | INFO     | models.demos.wormhole.stable_diffusion.tt.ttnn_functional_unet_2d_condition_model_new_conv:__call__:406 - Down block 3
2026-05-29 08:11:10.022 | INFO     | models.demos.wormhole.stable_diffusion.tt.ttnn_functional_unet_2d_condition_model_new_conv:__call__:460 - Mid block
2026-05-29 08:11:10.022 | warning  |              Op | Mismatch between computed MemoryConfig(memory_layout=TensorMemoryLayout::BLOCK_SHARDED,buffer_type=BufferType::L1,shard_spec=ShardSpec(grid={[(x=0,y=0) - (x=7,y=3)]},shape={32, 160},orientation=ShardOrientation::ROW_MAJOR),nd_shard_spec=NdShardSpec(shard_shape=Shape([32, 160]),grid={[(x=0,y=0) - (x=7,y=3)]},orientation=ShardOrientation::ROW_MAJOR,shard_distribution_strategy=ShardDistributionStrategy::GRID_2D),created_with_nd_shard_spec=0) and provided MemoryConfig(memory_layout=TensorMemoryLayout::BLOCK_SHARDED,buffer_type=BufferType::L1,shard_spec=ShardSpec(grid={[(x=0,y=0) - (x=7,y=7)]},shape={32, 160},orientation=ShardOrientation::ROW_MAJOR),nd_shard_spec=std::nullopt,created_with_nd_shard_spec=0) mem config. Using computed config. (matmul_op.cpp:1674)
2026-05-29 08:11:10.024 | INFO     | models.demos.wormhole.stable_diffusion.tt.ttnn_functional_unet_2d_condition_model_new_conv:__call__:491 - Up block 0
2026-05-29 08:11:10.025 | INFO     | models.demos.wormhole.stable_diffusion.tt.ttnn_functional_unet_2d_condition_model_new_conv:__call__:491 - Up block 1
2026-05-29 08:11:10.030 | INFO     | models.demos.wormhole.stable_diffusion.tt.ttnn_functional_unet_2d_condition_model_new_conv:__call__:491 - Up block 2
2026-05-29 08:11:10.038 | INFO     | models.demos.wormhole.stable_diffusion.tt.ttnn_functional_unet_2d_condition_model_new_conv:__call__:491 - Up block 3
  Step 7/41
2026-05-29 08:11:10.061 | INFO     | models.demos.wormhole.stable_diffusion.tt.ttnn_functional_unet_2d_condition_model_new_conv:__call__:406 - Down block 0
2026-05-29 08:11:10.067 | info     |              Op | act_block_h_override 2 is not a valid override for padded_output_height_ntiles_per_core 7, instead 1 was selected as closest valid option! (conv2d_utils.cpp:401)
2026-05-29 08:11:10.067 | INFO     | models.demos.wormhole.stable_diffusion.tt.ttnn_functional_unet_2d_condition_model_new_conv:__call__:406 - Down block 1
2026-05-29 08:11:10.073 | INFO     | models.demos.wormhole.stable_diffusion.tt.ttnn_functional_unet_2d_condition_model_new_conv:__call__:406 - Down block 2
2026-05-29 08:11:10.077 | INFO     | models.demos.wormhole.stable_diffusion.tt.ttnn_functional_unet_2d_condition_model_new_conv:__call__:406 - Down block 3
2026-05-29 08:11:10.077 | INFO     | models.demos.wormhole.stable_diffusion.tt.ttnn_functional_unet_2d_condition_model_new_conv:__call__:460 - Mid block
2026-05-29 08:11:10.078 | warning  |              Op | Mismatch between computed MemoryConfig(memory_layout=TensorMemoryLayout::BLOCK_SHARDED,buffer_type=BufferType::L1,shard_spec=ShardSpec(grid={[(x=0,y=0) - (x=7,y=3)]},shape={32, 160},orientation=ShardOrientation::ROW_MAJOR),nd_shard_spec=NdShardSpec(shard_shape=Shape([32, 160]),grid={[(x=0,y=0) - (x=7,y=3)]},orientation=ShardOrientation::ROW_MAJOR,shard_distribution_strategy=ShardDistributionStrategy::GRID_2D),created_with_nd_shard_spec=0) and provided MemoryConfig(memory_layout=TensorMemoryLayout::BLOCK_SHARDED,buffer_type=BufferType::L1,shard_spec=ShardSpec(grid={[(x=0,y=0) - (x=7,y=7)]},shape={32, 160},orientation=ShardOrientation::ROW_MAJOR),nd_shard_spec=std::nullopt,created_with_nd_shard_spec=0) mem config. Using computed config. (matmul_op.cpp:1674)
2026-05-29 08:11:10.079 | INFO     | models.demos.wormhole.stable_diffusion.tt.ttnn_functional_unet_2d_condition_model_new_conv:__call__:491 - Up block 0
2026-05-29 08:11:10.081 | INFO     | models.demos.wormhole.stable_diffusion.tt.ttnn_functional_unet_2d_condition_model_new_conv:__call__:491 - Up block 1
2026-05-29 08:11:10.086 | INFO     | models.demos.wormhole.stable_diffusion.tt.ttnn_functional_unet_2d_condition_model_new_conv:__call__:491 - Up block 2
2026-05-29 08:11:10.094 | INFO     | models.demos.wormhole.stable_diffusion.tt.ttnn_functional_unet_2d_condition_model_new_conv:__call__:491 - Up block 3
2026-05-29 08:11:10.114 | INFO     | models.demos.wormhole.stable_diffusion.tt.ttnn_functional_unet_2d_condition_model_new_conv:__call__:406 - Down block 0
2026-05-29 08:11:10.120 | info     |              Op | act_block_h_override 2 is not a valid override for padded_output_height_ntiles_per_core 7, instead 1 was selected as closest valid option! (conv2d_utils.cpp:401)
2026-05-29 08:11:10.120 | INFO     | models.demos.wormhole.stable_diffusion.tt.ttnn_functional_unet_2d_condition_model_new_conv:__call__:406 - Down block 1
2026-05-29 08:11:10.126 | INFO     | models.demos.wormhole.stable_diffusion.tt.ttnn_functional_unet_2d_condition_model_new_conv:__call__:406 - Down block 2
2026-05-29 08:11:10.129 | INFO     | models.demos.wormhole.stable_diffusion.tt.ttnn_functional_unet_2d_condition_model_new_conv:__call__:406 - Down block 3
2026-05-29 08:11:10.130 | INFO     | models.demos.wormhole.stable_diffusion.tt.ttnn_functional_unet_2d_condition_model_new_conv:__call__:460 - Mid block
2026-05-29 08:11:10.130 | warning  |              Op | Mismatch between computed MemoryConfig(memory_layout=TensorMemoryLayout::BLOCK_SHARDED,buffer_type=BufferType::L1,shard_spec=ShardSpec(grid={[(x=0,y=0) - (x=7,y=3)]},shape={32, 160},orientation=ShardOrientation::ROW_MAJOR),nd_shard_spec=NdShardSpec(shard_shape=Shape([32, 160]),grid={[(x=0,y=0) - (x=7,y=3)]},orientation=ShardOrientation::ROW_MAJOR,shard_distribution_strategy=ShardDistributionStrategy::GRID_2D),created_with_nd_shard_spec=0) and provided MemoryConfig(memory_layout=TensorMemoryLayout::BLOCK_SHARDED,buffer_type=BufferType::L1,shard_spec=ShardSpec(grid={[(x=0,y=0) - (x=7,y=7)]},shape={32, 160},orientation=ShardOrientation::ROW_MAJOR),nd_shard_spec=std::nullopt,created_with_nd_shard_spec=0) mem config. Using computed config. (matmul_op.cpp:1674)
2026-05-29 08:11:10.132 | INFO     | models.demos.wormhole.stable_diffusion.tt.ttnn_functional_unet_2d_condition_model_new_conv:__call__:491 - Up block 0
2026-05-29 08:11:10.133 | INFO     | models.demos.wormhole.stable_diffusion.tt.ttnn_functional_unet_2d_condition_model_new_conv:__call__:491 - Up block 1
2026-05-29 08:11:10.138 | INFO     | models.demos.wormhole.stable_diffusion.tt.ttnn_functional_unet_2d_condition_model_new_conv:__call__:491 - Up block 2
2026-05-29 08:11:10.146 | INFO     | models.demos.wormhole.stable_diffusion.tt.ttnn_functional_unet_2d_condition_model_new_conv:__call__:491 - Up block 3
2026-05-29 08:11:10.166 | INFO     | models.demos.wormhole.stable_diffusion.tt.ttnn_functional_unet_2d_condition_model_new_conv:__call__:406 - Down block 0
2026-05-29 08:11:10.172 | info     |              Op | act_block_h_override 2 is not a valid override for padded_output_height_ntiles_per_core 7, instead 1 was selected as closest valid option! (conv2d_utils.cpp:401)
2026-05-29 08:11:10.172 | INFO     | models.demos.wormhole.stable_diffusion.tt.ttnn_functional_unet_2d_condition_model_new_conv:__call__:406 - Down block 1
2026-05-29 08:11:10.178 | INFO     | models.demos.wormhole.stable_diffusion.tt.ttnn_functional_unet_2d_condition_model_new_conv:__call__:406 - Down block 2
2026-05-29 08:11:10.182 | INFO     | models.demos.wormhole.stable_diffusion.tt.ttnn_functional_unet_2d_condition_model_new_conv:__call__:406 - Down block 3
2026-05-29 08:11:10.182 | INFO     | models.demos.wormhole.stable_diffusion.tt.ttnn_functional_unet_2d_condition_model_new_conv:__call__:460 - Mid block
2026-05-29 08:11:10.183 | warning  |              Op | Mismatch between computed MemoryConfig(memory_layout=TensorMemoryLayout::BLOCK_SHARDED,buffer_type=BufferType::L1,shard_spec=ShardSpec(grid={[(x=0,y=0) - (x=7,y=3)]},shape={32, 160},orientation=ShardOrientation::ROW_MAJOR),nd_shard_spec=NdShardSpec(shard_shape=Shape([32, 160]),grid={[(x=0,y=0) - (x=7,y=3)]},orientation=ShardOrientation::ROW_MAJOR,shard_distribution_strategy=ShardDistributionStrategy::GRID_2D),created_with_nd_shard_spec=0) and provided MemoryConfig(memory_layout=TensorMemoryLayout::BLOCK_SHARDED,buffer_type=BufferType::L1,shard_spec=ShardSpec(grid={[(x=0,y=0) - (x=7,y=7)]},shape={32, 160},orientation=ShardOrientation::ROW_MAJOR),nd_shard_spec=std::nullopt,created_with_nd_shard_spec=0) mem config. Using computed config. (matmul_op.cpp:1674)
2026-05-29 08:11:10.184 | INFO     | models.demos.wormhole.stable_diffusion.tt.ttnn_functional_unet_2d_condition_model_new_conv:__call__:491 - Up block 0
2026-05-29 08:11:10.186 | INFO     | models.demos.wormhole.stable_diffusion.tt.ttnn_functional_unet_2d_condition_model_new_conv:__call__:491 - Up block 1
2026-05-29 08:11:10.191 | INFO     | models.demos.wormhole.stable_diffusion.tt.ttnn_functional_unet_2d_condition_model_new_conv:__call__:491 - Up block 2
2026-05-29 08:11:10.199 | INFO     | models.demos.wormhole.stable_diffusion.tt.ttnn_functional_unet_2d_condition_model_new_conv:__call__:491 - Up block 3
2026-05-29 08:11:10.219 | INFO     | models.demos.wormhole.stable_diffusion.tt.ttnn_functional_unet_2d_condition_model_new_conv:__call__:406 - Down block 0
2026-05-29 08:11:10.225 | info     |              Op | act_block_h_override 2 is not a valid override for padded_output_height_ntiles_per_core 7, instead 1 was selected as closest valid option! (conv2d_utils.cpp:401)
2026-05-29 08:11:10.225 | INFO     | models.demos.wormhole.stable_diffusion.tt.ttnn_functional_unet_2d_condition_model_new_conv:__call__:406 - Down block 1
2026-05-29 08:11:10.230 | INFO     | models.demos.wormhole.stable_diffusion.tt.ttnn_functional_unet_2d_condition_model_new_conv:__call__:406 - Down block 2
2026-05-29 08:11:10.234 | INFO     | models.demos.wormhole.stable_diffusion.tt.ttnn_functional_unet_2d_condition_model_new_conv:__call__:406 - Down block 3
2026-05-29 08:11:10.234 | INFO     | models.demos.wormhole.stable_diffusion.tt.ttnn_functional_unet_2d_condition_model_new_conv:__call__:460 - Mid block
2026-05-29 08:11:10.235 | warning  |              Op | Mismatch between computed MemoryConfig(memory_layout=TensorMemoryLayout::BLOCK_SHARDED,buffer_type=BufferType::L1,shard_spec=ShardSpec(grid={[(x=0,y=0) - (x=7,y=3)]},shape={32, 160},orientation=ShardOrientation::ROW_MAJOR),nd_shard_spec=NdShardSpec(shard_shape=Shape([32, 160]),grid={[(x=0,y=0) - (x=7,y=3)]},orientation=ShardOrientation::ROW_MAJOR,shard_distribution_strategy=ShardDistributionStrategy::GRID_2D),created_with_nd_shard_spec=0) and provided MemoryConfig(memory_layout=TensorMemoryLayout::BLOCK_SHARDED,buffer_type=BufferType::L1,shard_spec=ShardSpec(grid={[(x=0,y=0) - (x=7,y=7)]},shape={32, 160},orientation=ShardOrientation::ROW_MAJOR),nd_shard_spec=std::nullopt,created_with_nd_shard_spec=0) mem config. Using computed config. (matmul_op.cpp:1674)
2026-05-29 08:11:10.236 | INFO     | models.demos.wormhole.stable_diffusion.tt.ttnn_functional_unet_2d_condition_model_new_conv:__call__:491 - Up block 0
2026-05-29 08:11:10.238 | INFO     | models.demos.wormhole.stable_diffusion.tt.ttnn_functional_unet_2d_condition_model_new_conv:__call__:491 - Up block 1
2026-05-29 08:11:10.242 | INFO     | models.demos.wormhole.stable_diffusion.tt.ttnn_functional_unet_2d_condition_model_new_conv:__call__:491 - Up block 2
2026-05-29 08:11:10.251 | INFO     | models.demos.wormhole.stable_diffusion.tt.ttnn_functional_unet_2d_condition_model_new_conv:__call__:491 - Up block 3
2026-05-29 08:11:10.271 | INFO     | models.demos.wormhole.stable_diffusion.tt.ttnn_functional_unet_2d_condition_model_new_conv:__call__:406 - Down block 0
2026-05-29 08:11:10.277 | info     |              Op | act_block_h_override 2 is not a valid override for padded_output_height_ntiles_per_core 7, instead 1 was selected as closest valid option! (conv2d_utils.cpp:401)
2026-05-29 08:11:10.277 | INFO     | models.demos.wormhole.stable_diffusion.tt.ttnn_functional_unet_2d_condition_model_new_conv:__call__:406 - Down block 1
2026-05-29 08:11:10.282 | INFO     | models.demos.wormhole.stable_diffusion.tt.ttnn_functional_unet_2d_condition_model_new_conv:__call__:406 - Down block 2
2026-05-29 08:11:10.286 | INFO     | models.demos.wormhole.stable_diffusion.tt.ttnn_functional_unet_2d_condition_model_new_conv:__call__:406 - Down block 3
2026-05-29 08:11:10.287 | INFO     | models.demos.wormhole.stable_diffusion.tt.ttnn_functional_unet_2d_condition_model_new_conv:__call__:460 - Mid block
2026-05-29 08:11:10.287 | warning  |              Op | Mismatch between computed MemoryConfig(memory_layout=TensorMemoryLayout::BLOCK_SHARDED,buffer_type=BufferType::L1,shard_spec=ShardSpec(grid={[(x=0,y=0) - (x=7,y=3)]},shape={32, 160},orientation=ShardOrientation::ROW_MAJOR),nd_shard_spec=NdShardSpec(shard_shape=Shape([32, 160]),grid={[(x=0,y=0) - (x=7,y=3)]},orientation=ShardOrientation::ROW_MAJOR,shard_distribution_strategy=ShardDistributionStrategy::GRID_2D),created_with_nd_shard_spec=0) and provided MemoryConfig(memory_layout=TensorMemoryLayout::BLOCK_SHARDED,buffer_type=BufferType::L1,shard_spec=ShardSpec(grid={[(x=0,y=0) - (x=7,y=7)]},shape={32, 160},orientation=ShardOrientation::ROW_MAJOR),nd_shard_spec=std::nullopt,created_with_nd_shard_spec=0) mem config. Using computed config. (matmul_op.cpp:1674)
2026-05-29 08:11:10.289 | INFO     | models.demos.wormhole.stable_diffusion.tt.ttnn_functional_unet_2d_condition_model_new_conv:__call__:491 - Up block 0
2026-05-29 08:11:10.290 | INFO     | models.demos.wormhole.stable_diffusion.tt.ttnn_functional_unet_2d_condition_model_new_conv:__call__:491 - Up block 1
2026-05-29 08:11:10.295 | INFO     | models.demos.wormhole.stable_diffusion.tt.ttnn_functional_unet_2d_condition_model_new_conv:__call__:491 - Up block 2
2026-05-29 08:11:10.303 | INFO     | models.demos.wormhole.stable_diffusion.tt.ttnn_functional_unet_2d_condition_model_new_conv:__call__:491 - Up block 3
2026-05-29 08:11:10.323 | INFO     | models.demos.wormhole.stable_diffusion.tt.ttnn_functional_unet_2d_condition_model_new_conv:__call__:406 - Down block 0
2026-05-29 08:11:10.329 | info     |              Op | act_block_h_override 2 is not a valid override for padded_output_height_ntiles_per_core 7, instead 1 was selected as closest valid option! (conv2d_utils.cpp:401)
2026-05-29 08:11:10.329 | INFO     | models.demos.wormhole.stable_diffusion.tt.ttnn_functional_unet_2d_condition_model_new_conv:__call__:406 - Down block 1
2026-05-29 08:11:10.334 | INFO     | models.demos.wormhole.stable_diffusion.tt.ttnn_functional_unet_2d_condition_model_new_conv:__call__:406 - Down block 2
2026-05-29 08:11:10.338 | INFO     | models.demos.wormhole.stable_diffusion.tt.ttnn_functional_unet_2d_condition_model_new_conv:__call__:406 - Down block 3
2026-05-29 08:11:10.338 | INFO     | models.demos.wormhole.stable_diffusion.tt.ttnn_functional_unet_2d_condition_model_new_conv:__call__:460 - Mid block
2026-05-29 08:11:10.339 | warning  |              Op | Mismatch between computed MemoryConfig(memory_layout=TensorMemoryLayout::BLOCK_SHARDED,buffer_type=BufferType::L1,shard_spec=ShardSpec(grid={[(x=0,y=0) - (x=7,y=3)]},shape={32, 160},orientation=ShardOrientation::ROW_MAJOR),nd_shard_spec=NdShardSpec(shard_shape=Shape([32, 160]),grid={[(x=0,y=0) - (x=7,y=3)]},orientation=ShardOrientation::ROW_MAJOR,shard_distribution_strategy=ShardDistributionStrategy::GRID_2D),created_with_nd_shard_spec=0) and provided MemoryConfig(memory_layout=TensorMemoryLayout::BLOCK_SHARDED,buffer_type=BufferType::L1,shard_spec=ShardSpec(grid={[(x=0,y=0) - (x=7,y=7)]},shape={32, 160},orientation=ShardOrientation::ROW_MAJOR),nd_shard_spec=std::nullopt,created_with_nd_shard_spec=0) mem config. Using computed config. (matmul_op.cpp:1674)
2026-05-29 08:11:10.340 | INFO     | models.demos.wormhole.stable_diffusion.tt.ttnn_functional_unet_2d_condition_model_new_conv:__call__:491 - Up block 0
2026-05-29 08:11:10.342 | INFO     | models.demos.wormhole.stable_diffusion.tt.ttnn_functional_unet_2d_condition_model_new_conv:__call__:491 - Up block 1
2026-05-29 08:11:10.346 | INFO     | models.demos.wormhole.stable_diffusion.tt.ttnn_functional_unet_2d_condition_model_new_conv:__call__:491 - Up block 2
2026-05-29 08:11:10.355 | INFO     | models.demos.wormhole.stable_diffusion.tt.ttnn_functional_unet_2d_condition_model_new_conv:__call__:491 - Up block 3
2026-05-29 08:11:10.375 | INFO     | models.demos.wormhole.stable_diffusion.tt.ttnn_functional_unet_2d_condition_model_new_conv:__call__:406 - Down block 0
2026-05-29 08:11:10.381 | info     |              Op | act_block_h_override 2 is not a valid override for padded_output_height_ntiles_per_core 7, instead 1 was selected as closest valid option! (conv2d_utils.cpp:401)
2026-05-29 08:11:10.381 | INFO     | models.demos.wormhole.stable_diffusion.tt.ttnn_functional_unet_2d_condition_model_new_conv:__call__:406 - Down block 1
2026-05-29 08:11:10.387 | INFO     | models.demos.wormhole.stable_diffusion.tt.ttnn_functional_unet_2d_condition_model_new_conv:__call__:406 - Down block 2
2026-05-29 08:11:10.390 | INFO     | models.demos.wormhole.stable_diffusion.tt.ttnn_functional_unet_2d_condition_model_new_conv:__call__:406 - Down block 3
2026-05-29 08:11:10.391 | INFO     | models.demos.wormhole.stable_diffusion.tt.ttnn_functional_unet_2d_condition_model_new_conv:__call__:460 - Mid block
2026-05-29 08:11:10.391 | warning  |              Op | Mismatch between computed MemoryConfig(memory_layout=TensorMemoryLayout::BLOCK_SHARDED,buffer_type=BufferType::L1,shard_spec=ShardSpec(grid={[(x=0,y=0) - (x=7,y=3)]},shape={32, 160},orientation=ShardOrientation::ROW_MAJOR),nd_shard_spec=NdShardSpec(shard_shape=Shape([32, 160]),grid={[(x=0,y=0) - (x=7,y=3)]},orientation=ShardOrientation::ROW_MAJOR,shard_distribution_strategy=ShardDistributionStrategy::GRID_2D),created_with_nd_shard_spec=0) and provided MemoryConfig(memory_layout=TensorMemoryLayout::BLOCK_SHARDED,buffer_type=BufferType::L1,shard_spec=ShardSpec(grid={[(x=0,y=0) - (x=7,y=7)]},shape={32, 160},orientation=ShardOrientation::ROW_MAJOR),nd_shard_spec=std::nullopt,created_with_nd_shard_spec=0) mem config. Using computed config. (matmul_op.cpp:1674)
2026-05-29 08:11:10.393 | INFO     | models.demos.wormhole.stable_diffusion.tt.ttnn_functional_unet_2d_condition_model_new_conv:__call__:491 - Up block 0
2026-05-29 08:11:10.394 | INFO     | models.demos.wormhole.stable_diffusion.tt.ttnn_functional_unet_2d_condition_model_new_conv:__call__:491 - Up block 1
2026-05-29 08:11:10.399 | INFO     | models.demos.wormhole.stable_diffusion.tt.ttnn_functional_unet_2d_condition_model_new_conv:__call__:491 - Up block 2
2026-05-29 08:11:10.407 | INFO     | models.demos.wormhole.stable_diffusion.tt.ttnn_functional_unet_2d_condition_model_new_conv:__call__:491 - Up block 3
2026-05-29 08:11:10.427 | INFO     | models.demos.wormhole.stable_diffusion.tt.ttnn_functional_unet_2d_condition_model_new_conv:__call__:406 - Down block 0
2026-05-29 08:11:10.433 | info     |              Op | act_block_h_override 2 is not a valid override for padded_output_height_ntiles_per_core 7, instead 1 was selected as closest valid option! (conv2d_utils.cpp:401)
2026-05-29 08:11:10.433 | INFO     | models.demos.wormhole.stable_diffusion.tt.ttnn_functional_unet_2d_condition_model_new_conv:__call__:406 - Down block 1
2026-05-29 08:11:10.438 | INFO     | models.demos.wormhole.stable_diffusion.tt.ttnn_functional_unet_2d_condition_model_new_conv:__call__:406 - Down block 2
2026-05-29 08:11:10.442 | INFO     | models.demos.wormhole.stable_diffusion.tt.ttnn_functional_unet_2d_condition_model_new_conv:__call__:406 - Down block 3
2026-05-29 08:11:10.442 | INFO     | models.demos.wormhole.stable_diffusion.tt.ttnn_functional_unet_2d_condition_model_new_conv:__call__:460 - Mid block
2026-05-29 08:11:10.443 | warning  |              Op | Mismatch between computed MemoryConfig(memory_layout=TensorMemoryLayout::BLOCK_SHARDED,buffer_type=BufferType::L1,shard_spec=ShardSpec(grid={[(x=0,y=0) - (x=7,y=3)]},shape={32, 160},orientation=ShardOrientation::ROW_MAJOR),nd_shard_spec=NdShardSpec(shard_shape=Shape([32, 160]),grid={[(x=0,y=0) - (x=7,y=3)]},orientation=ShardOrientation::ROW_MAJOR,shard_distribution_strategy=ShardDistributionStrategy::GRID_2D),created_with_nd_shard_spec=0) and provided MemoryConfig(memory_layout=TensorMemoryLayout::BLOCK_SHARDED,buffer_type=BufferType::L1,shard_spec=ShardSpec(grid={[(x=0,y=0) - (x=7,y=7)]},shape={32, 160},orientation=ShardOrientation::ROW_MAJOR),nd_shard_spec=std::nullopt,created_with_nd_shard_spec=0) mem config. Using computed config. (matmul_op.cpp:1674)
2026-05-29 08:11:10.444 | INFO     | models.demos.wormhole.stable_diffusion.tt.ttnn_functional_unet_2d_condition_model_new_conv:__call__:491 - Up block 0
2026-05-29 08:11:10.446 | INFO     | models.demos.wormhole.stable_diffusion.tt.ttnn_functional_unet_2d_condition_model_new_conv:__call__:491 - Up block 1
2026-05-29 08:11:10.451 | INFO     | models.demos.wormhole.stable_diffusion.tt.ttnn_functional_unet_2d_condition_model_new_conv:__call__:491 - Up block 2
2026-05-29 08:11:10.459 | INFO     | models.demos.wormhole.stable_diffusion.tt.ttnn_functional_unet_2d_condition_model_new_conv:__call__:491 - Up block 3
  Step 8/41
2026-05-29 08:11:10.481 | INFO     | models.demos.wormhole.stable_diffusion.tt.ttnn_functional_unet_2d_condition_model_new_conv:__call__:406 - Down block 0
2026-05-29 08:11:10.488 | info     |              Op | act_block_h_override 2 is not a valid override for padded_output_height_ntiles_per_core 7, instead 1 was selected as closest valid option! (conv2d_utils.cpp:401)
2026-05-29 08:11:10.488 | INFO     | models.demos.wormhole.stable_diffusion.tt.ttnn_functional_unet_2d_condition_model_new_conv:__call__:406 - Down block 1
2026-05-29 08:11:10.493 | INFO     | models.demos.wormhole.stable_diffusion.tt.ttnn_functional_unet_2d_condition_model_new_conv:__call__:406 - Down block 2
2026-05-29 08:11:10.497 | INFO     | models.demos.wormhole.stable_diffusion.tt.ttnn_functional_unet_2d_condition_model_new_conv:__call__:406 - Down block 3
2026-05-29 08:11:10.498 | INFO     | models.demos.wormhole.stable_diffusion.tt.ttnn_functional_unet_2d_condition_model_new_conv:__call__:460 - Mid block
2026-05-29 08:11:10.498 | warning  |              Op | Mismatch between computed MemoryConfig(memory_layout=TensorMemoryLayout::BLOCK_SHARDED,buffer_type=BufferType::L1,shard_spec=ShardSpec(grid={[(x=0,y=0) - (x=7,y=3)]},shape={32, 160},orientation=ShardOrientation::ROW_MAJOR),nd_shard_spec=NdShardSpec(shard_shape=Shape([32, 160]),grid={[(x=0,y=0) - (x=7,y=3)]},orientation=ShardOrientation::ROW_MAJOR,shard_distribution_strategy=ShardDistributionStrategy::GRID_2D),created_with_nd_shard_spec=0) and provided MemoryConfig(memory_layout=TensorMemoryLayout::BLOCK_SHARDED,buffer_type=BufferType::L1,shard_spec=ShardSpec(grid={[(x=0,y=0) - (x=7,y=7)]},shape={32, 160},orientation=ShardOrientation::ROW_MAJOR),nd_shard_spec=std::nullopt,created_with_nd_shard_spec=0) mem config. Using computed config. (matmul_op.cpp:1674)
2026-05-29 08:11:10.500 | INFO     | models.demos.wormhole.stable_diffusion.tt.ttnn_functional_unet_2d_condition_model_new_conv:__call__:491 - Up block 0
2026-05-29 08:11:10.501 | INFO     | models.demos.wormhole.stable_diffusion.tt.ttnn_functional_unet_2d_condition_model_new_conv:__call__:491 - Up block 1
2026-05-29 08:11:10.506 | INFO     | models.demos.wormhole.stable_diffusion.tt.ttnn_functional_unet_2d_condition_model_new_conv:__call__:491 - Up block 2
2026-05-29 08:11:10.515 | INFO     | models.demos.wormhole.stable_diffusion.tt.ttnn_functional_unet_2d_condition_model_new_conv:__call__:491 - Up block 3
2026-05-29 08:11:10.535 | INFO     | models.demos.wormhole.stable_diffusion.tt.ttnn_functional_unet_2d_condition_model_new_conv:__call__:406 - Down block 0
2026-05-29 08:11:10.541 | info     |              Op | act_block_h_override 2 is not a valid override for padded_output_height_ntiles_per_core 7, instead 1 was selected as closest valid option! (conv2d_utils.cpp:401)
2026-05-29 08:11:10.541 | INFO     | models.demos.wormhole.stable_diffusion.tt.ttnn_functional_unet_2d_condition_model_new_conv:__call__:406 - Down block 1
2026-05-29 08:11:10.546 | INFO     | models.demos.wormhole.stable_diffusion.tt.ttnn_functional_unet_2d_condition_model_new_conv:__call__:406 - Down block 2
2026-05-29 08:11:10.550 | INFO     | models.demos.wormhole.stable_diffusion.tt.ttnn_functional_unet_2d_condition_model_new_conv:__call__:406 - Down block 3
2026-05-29 08:11:10.550 | INFO     | models.demos.wormhole.stable_diffusion.tt.ttnn_functional_unet_2d_condition_model_new_conv:__call__:460 - Mid block
2026-05-29 08:11:10.551 | warning  |              Op | Mismatch between computed MemoryConfig(memory_layout=TensorMemoryLayout::BLOCK_SHARDED,buffer_type=BufferType::L1,shard_spec=ShardSpec(grid={[(x=0,y=0) - (x=7,y=3)]},shape={32, 160},orientation=ShardOrientation::ROW_MAJOR),nd_shard_spec=NdShardSpec(shard_shape=Shape([32, 160]),grid={[(x=0,y=0) - (x=7,y=3)]},orientation=ShardOrientation::ROW_MAJOR,shard_distribution_strategy=ShardDistributionStrategy::GRID_2D),created_with_nd_shard_spec=0) and provided MemoryConfig(memory_layout=TensorMemoryLayout::BLOCK_SHARDED,buffer_type=BufferType::L1,shard_spec=ShardSpec(grid={[(x=0,y=0) - (x=7,y=7)]},shape={32, 160},orientation=ShardOrientation::ROW_MAJOR),nd_shard_spec=std::nullopt,created_with_nd_shard_spec=0) mem config. Using computed config. (matmul_op.cpp:1674)
2026-05-29 08:11:10.552 | INFO     | models.demos.wormhole.stable_diffusion.tt.ttnn_functional_unet_2d_condition_model_new_conv:__call__:491 - Up block 0
2026-05-29 08:11:10.554 | INFO     | models.demos.wormhole.stable_diffusion.tt.ttnn_functional_unet_2d_condition_model_new_conv:__call__:491 - Up block 1
2026-05-29 08:11:10.558 | INFO     | models.demos.wormhole.stable_diffusion.tt.ttnn_functional_unet_2d_condition_model_new_conv:__call__:491 - Up block 2
2026-05-29 08:11:10.567 | INFO     | models.demos.wormhole.stable_diffusion.tt.ttnn_functional_unet_2d_condition_model_new_conv:__call__:491 - Up block 3
2026-05-29 08:11:10.587 | INFO     | models.demos.wormhole.stable_diffusion.tt.ttnn_functional_unet_2d_condition_model_new_conv:__call__:406 - Down block 0
2026-05-29 08:11:10.592 | info     |              Op | act_block_h_override 2 is not a valid override for padded_output_height_ntiles_per_core 7, instead 1 was selected as closest valid option! (conv2d_utils.cpp:401)
2026-05-29 08:11:10.593 | INFO     | models.demos.wormhole.stable_diffusion.tt.ttnn_functional_unet_2d_condition_model_new_conv:__call__:406 - Down block 1
2026-05-29 08:11:10.598 | INFO     | models.demos.wormhole.stable_diffusion.tt.ttnn_functional_unet_2d_condition_model_new_conv:__call__:406 - Down block 2
2026-05-29 08:11:10.601 | INFO     | models.demos.wormhole.stable_diffusion.tt.ttnn_functional_unet_2d_condition_model_new_conv:__call__:406 - Down block 3
2026-05-29 08:11:10.602 | INFO     | models.demos.wormhole.stable_diffusion.tt.ttnn_functional_unet_2d_condition_model_new_conv:__call__:460 - Mid block
2026-05-29 08:11:10.602 | warning  |              Op | Mismatch between computed MemoryConfig(memory_layout=TensorMemoryLayout::BLOCK_SHARDED,buffer_type=BufferType::L1,shard_spec=ShardSpec(grid={[(x=0,y=0) - (x=7,y=3)]},shape={32, 160},orientation=ShardOrientation::ROW_MAJOR),nd_shard_spec=NdShardSpec(shard_shape=Shape([32, 160]),grid={[(x=0,y=0) - (x=7,y=3)]},orientation=ShardOrientation::ROW_MAJOR,shard_distribution_strategy=ShardDistributionStrategy::GRID_2D),created_with_nd_shard_spec=0) and provided MemoryConfig(memory_layout=TensorMemoryLayout::BLOCK_SHARDED,buffer_type=BufferType::L1,shard_spec=ShardSpec(grid={[(x=0,y=0) - (x=7,y=7)]},shape={32, 160},orientation=ShardOrientation::ROW_MAJOR),nd_shard_spec=std::nullopt,created_with_nd_shard_spec=0) mem config. Using computed config. (matmul_op.cpp:1674)
2026-05-29 08:11:10.604 | INFO     | models.demos.wormhole.stable_diffusion.tt.ttnn_functional_unet_2d_condition_model_new_conv:__call__:491 - Up block 0
2026-05-29 08:11:10.605 | INFO     | models.demos.wormhole.stable_diffusion.tt.ttnn_functional_unet_2d_condition_model_new_conv:__call__:491 - Up block 1
2026-05-29 08:11:10.610 | INFO     | models.demos.wormhole.stable_diffusion.tt.ttnn_functional_unet_2d_condition_model_new_conv:__call__:491 - Up block 2
2026-05-29 08:11:10.618 | INFO     | models.demos.wormhole.stable_diffusion.tt.ttnn_functional_unet_2d_condition_model_new_conv:__call__:491 - Up block 3
2026-05-29 08:11:10.639 | INFO     | models.demos.wormhole.stable_diffusion.tt.ttnn_functional_unet_2d_condition_model_new_conv:__call__:406 - Down block 0
2026-05-29 08:11:10.644 | info     |              Op | act_block_h_override 2 is not a valid override for padded_output_height_ntiles_per_core 7, instead 1 was selected as closest valid option! (conv2d_utils.cpp:401)
2026-05-29 08:11:10.644 | INFO     | models.demos.wormhole.stable_diffusion.tt.ttnn_functional_unet_2d_condition_model_new_conv:__call__:406 - Down block 1
2026-05-29 08:11:10.650 | INFO     | models.demos.wormhole.stable_diffusion.tt.ttnn_functional_unet_2d_condition_model_new_conv:__call__:406 - Down block 2
2026-05-29 08:11:10.654 | INFO     | models.demos.wormhole.stable_diffusion.tt.ttnn_functional_unet_2d_condition_model_new_conv:__call__:406 - Down block 3
2026-05-29 08:11:10.654 | INFO     | models.demos.wormhole.stable_diffusion.tt.ttnn_functional_unet_2d_condition_model_new_conv:__call__:460 - Mid block
2026-05-29 08:11:10.655 | warning  |              Op | Mismatch between computed MemoryConfig(memory_layout=TensorMemoryLayout::BLOCK_SHARDED,buffer_type=BufferType::L1,shard_spec=ShardSpec(grid={[(x=0,y=0) - (x=7,y=3)]},shape={32, 160},orientation=ShardOrientation::ROW_MAJOR),nd_shard_spec=NdShardSpec(shard_shape=Shape([32, 160]),grid={[(x=0,y=0) - (x=7,y=3)]},orientation=ShardOrientation::ROW_MAJOR,shard_distribution_strategy=ShardDistributionStrategy::GRID_2D),created_with_nd_shard_spec=0) and provided MemoryConfig(memory_layout=TensorMemoryLayout::BLOCK_SHARDED,buffer_type=BufferType::L1,shard_spec=ShardSpec(grid={[(x=0,y=0) - (x=7,y=7)]},shape={32, 160},orientation=ShardOrientation::ROW_MAJOR),nd_shard_spec=std::nullopt,created_with_nd_shard_spec=0) mem config. Using computed config. (matmul_op.cpp:1674)
2026-05-29 08:11:10.656 | INFO     | models.demos.wormhole.stable_diffusion.tt.ttnn_functional_unet_2d_condition_model_new_conv:__call__:491 - Up block 0
2026-05-29 08:11:10.658 | INFO     | models.demos.wormhole.stable_diffusion.tt.ttnn_functional_unet_2d_condition_model_new_conv:__call__:491 - Up block 1
2026-05-29 08:11:10.662 | INFO     | models.demos.wormhole.stable_diffusion.tt.ttnn_functional_unet_2d_condition_model_new_conv:__call__:491 - Up block 2
2026-05-29 08:11:10.671 | INFO     | models.demos.wormhole.stable_diffusion.tt.ttnn_functional_unet_2d_condition_model_new_conv:__call__:491 - Up block 3
2026-05-29 08:11:10.691 | INFO     | models.demos.wormhole.stable_diffusion.tt.ttnn_functional_unet_2d_condition_model_new_conv:__call__:406 - Down block 0
2026-05-29 08:11:10.697 | info     |              Op | act_block_h_override 2 is not a valid override for padded_output_height_ntiles_per_core 7, instead 1 was selected as closest valid option! (conv2d_utils.cpp:401)
2026-05-29 08:11:10.697 | INFO     | models.demos.wormhole.stable_diffusion.tt.ttnn_functional_unet_2d_condition_model_new_conv:__call__:406 - Down block 1
2026-05-29 08:11:10.702 | INFO     | models.demos.wormhole.stable_diffusion.tt.ttnn_functional_unet_2d_condition_model_new_conv:__call__:406 - Down block 2
2026-05-29 08:11:10.706 | INFO     | models.demos.wormhole.stable_diffusion.tt.ttnn_functional_unet_2d_condition_model_new_conv:__call__:406 - Down block 3
2026-05-29 08:11:10.706 | INFO     | models.demos.wormhole.stable_diffusion.tt.ttnn_functional_unet_2d_condition_model_new_conv:__call__:460 - Mid block
2026-05-29 08:11:10.707 | warning  |              Op | Mismatch between computed MemoryConfig(memory_layout=TensorMemoryLayout::BLOCK_SHARDED,buffer_type=BufferType::L1,shard_spec=ShardSpec(grid={[(x=0,y=0) - (x=7,y=3)]},shape={32, 160},orientation=ShardOrientation::ROW_MAJOR),nd_shard_spec=NdShardSpec(shard_shape=Shape([32, 160]),grid={[(x=0,y=0) - (x=7,y=3)]},orientation=ShardOrientation::ROW_MAJOR,shard_distribution_strategy=ShardDistributionStrategy::GRID_2D),created_with_nd_shard_spec=0) and provided MemoryConfig(memory_layout=TensorMemoryLayout::BLOCK_SHARDED,buffer_type=BufferType::L1,shard_spec=ShardSpec(grid={[(x=0,y=0) - (x=7,y=7)]},shape={32, 160},orientation=ShardOrientation::ROW_MAJOR),nd_shard_spec=std::nullopt,created_with_nd_shard_spec=0) mem config. Using computed config. (matmul_op.cpp:1674)
2026-05-29 08:11:10.708 | INFO     | models.demos.wormhole.stable_diffusion.tt.ttnn_functional_unet_2d_condition_model_new_conv:__call__:491 - Up block 0
2026-05-29 08:11:10.709 | INFO     | models.demos.wormhole.stable_diffusion.tt.ttnn_functional_unet_2d_condition_model_new_conv:__call__:491 - Up block 1
2026-05-29 08:11:10.714 | INFO     | models.demos.wormhole.stable_diffusion.tt.ttnn_functional_unet_2d_condition_model_new_conv:__call__:491 - Up block 2
2026-05-29 08:11:10.722 | INFO     | models.demos.wormhole.stable_diffusion.tt.ttnn_functional_unet_2d_condition_model_new_conv:__call__:491 - Up block 3
2026-05-29 08:11:10.743 | INFO     | models.demos.wormhole.stable_diffusion.tt.ttnn_functional_unet_2d_condition_model_new_conv:__call__:406 - Down block 0
2026-05-29 08:11:10.749 | info     |              Op | act_block_h_override 2 is not a valid override for padded_output_height_ntiles_per_core 7, instead 1 was selected as closest valid option! (conv2d_utils.cpp:401)
2026-05-29 08:11:10.749 | INFO     | models.demos.wormhole.stable_diffusion.tt.ttnn_functional_unet_2d_condition_model_new_conv:__call__:406 - Down block 1
2026-05-29 08:11:10.754 | INFO     | models.demos.wormhole.stable_diffusion.tt.ttnn_functional_unet_2d_condition_model_new_conv:__call__:406 - Down block 2
2026-05-29 08:11:10.758 | INFO     | models.demos.wormhole.stable_diffusion.tt.ttnn_functional_unet_2d_condition_model_new_conv:__call__:406 - Down block 3
2026-05-29 08:11:10.759 | INFO     | models.demos.wormhole.stable_diffusion.tt.ttnn_functional_unet_2d_condition_model_new_conv:__call__:460 - Mid block
2026-05-29 08:11:10.759 | warning  |              Op | Mismatch between computed MemoryConfig(memory_layout=TensorMemoryLayout::BLOCK_SHARDED,buffer_type=BufferType::L1,shard_spec=ShardSpec(grid={[(x=0,y=0) - (x=7,y=3)]},shape={32, 160},orientation=ShardOrientation::ROW_MAJOR),nd_shard_spec=NdShardSpec(shard_shape=Shape([32, 160]),grid={[(x=0,y=0) - (x=7,y=3)]},orientation=ShardOrientation::ROW_MAJOR,shard_distribution_strategy=ShardDistributionStrategy::GRID_2D),created_with_nd_shard_spec=0) and provided MemoryConfig(memory_layout=TensorMemoryLayout::BLOCK_SHARDED,buffer_type=BufferType::L1,shard_spec=ShardSpec(grid={[(x=0,y=0) - (x=7,y=7)]},shape={32, 160},orientation=ShardOrientation::ROW_MAJOR),nd_shard_spec=std::nullopt,created_with_nd_shard_spec=0) mem config. Using computed config. (matmul_op.cpp:1674)
2026-05-29 08:11:10.760 | INFO     | models.demos.wormhole.stable_diffusion.tt.ttnn_functional_unet_2d_condition_model_new_conv:__call__:491 - Up block 0
2026-05-29 08:11:10.762 | INFO     | models.demos.wormhole.stable_diffusion.tt.ttnn_functional_unet_2d_condition_model_new_conv:__call__:491 - Up block 1
2026-05-29 08:11:10.767 | INFO     | models.demos.wormhole.stable_diffusion.tt.ttnn_functional_unet_2d_condition_model_new_conv:__call__:491 - Up block 2
2026-05-29 08:11:10.775 | INFO     | models.demos.wormhole.stable_diffusion.tt.ttnn_functional_unet_2d_condition_model_new_conv:__call__:491 - Up block 3
2026-05-29 08:11:10.795 | INFO     | models.demos.wormhole.stable_diffusion.tt.ttnn_functional_unet_2d_condition_model_new_conv:__call__:406 - Down block 0
2026-05-29 08:11:10.801 | info     |              Op | act_block_h_override 2 is not a valid override for padded_output_height_ntiles_per_core 7, instead 1 was selected as closest valid option! (conv2d_utils.cpp:401)
2026-05-29 08:11:10.801 | INFO     | models.demos.wormhole.stable_diffusion.tt.ttnn_functional_unet_2d_condition_model_new_conv:__call__:406 - Down block 1
2026-05-29 08:11:10.806 | INFO     | models.demos.wormhole.stable_diffusion.tt.ttnn_functional_unet_2d_condition_model_new_conv:__call__:406 - Down block 2
2026-05-29 08:11:10.810 | INFO     | models.demos.wormhole.stable_diffusion.tt.ttnn_functional_unet_2d_condition_model_new_conv:__call__:406 - Down block 3
2026-05-29 08:11:10.810 | INFO     | models.demos.wormhole.stable_diffusion.tt.ttnn_functional_unet_2d_condition_model_new_conv:__call__:460 - Mid block
2026-05-29 08:11:10.811 | warning  |              Op | Mismatch between computed MemoryConfig(memory_layout=TensorMemoryLayout::BLOCK_SHARDED,buffer_type=BufferType::L1,shard_spec=ShardSpec(grid={[(x=0,y=0) - (x=7,y=3)]},shape={32, 160},orientation=ShardOrientation::ROW_MAJOR),nd_shard_spec=NdShardSpec(shard_shape=Shape([32, 160]),grid={[(x=0,y=0) - (x=7,y=3)]},orientation=ShardOrientation::ROW_MAJOR,shard_distribution_strategy=ShardDistributionStrategy::GRID_2D),created_with_nd_shard_spec=0) and provided MemoryConfig(memory_layout=TensorMemoryLayout::BLOCK_SHARDED,buffer_type=BufferType::L1,shard_spec=ShardSpec(grid={[(x=0,y=0) - (x=7,y=7)]},shape={32, 160},orientation=ShardOrientation::ROW_MAJOR),nd_shard_spec=std::nullopt,created_with_nd_shard_spec=0) mem config. Using computed config. (matmul_op.cpp:1674)
2026-05-29 08:11:10.812 | INFO     | models.demos.wormhole.stable_diffusion.tt.ttnn_functional_unet_2d_condition_model_new_conv:__call__:491 - Up block 0
2026-05-29 08:11:10.813 | INFO     | models.demos.wormhole.stable_diffusion.tt.ttnn_functional_unet_2d_condition_model_new_conv:__call__:491 - Up block 1
2026-05-29 08:11:10.818 | INFO     | models.demos.wormhole.stable_diffusion.tt.ttnn_functional_unet_2d_condition_model_new_conv:__call__:491 - Up block 2
2026-05-29 08:11:10.826 | INFO     | models.demos.wormhole.stable_diffusion.tt.ttnn_functional_unet_2d_condition_model_new_conv:__call__:491 - Up block 3
2026-05-29 08:11:10.847 | INFO     | models.demos.wormhole.stable_diffusion.tt.ttnn_functional_unet_2d_condition_model_new_conv:__call__:406 - Down block 0
2026-05-29 08:11:10.853 | info     |              Op | act_block_h_override 2 is not a valid override for padded_output_height_ntiles_per_core 7, instead 1 was selected as closest valid option! (conv2d_utils.cpp:401)
2026-05-29 08:11:10.853 | INFO     | models.demos.wormhole.stable_diffusion.tt.ttnn_functional_unet_2d_condition_model_new_conv:__call__:406 - Down block 1
2026-05-29 08:11:10.858 | INFO     | models.demos.wormhole.stable_diffusion.tt.ttnn_functional_unet_2d_condition_model_new_conv:__call__:406 - Down block 2
2026-05-29 08:11:10.862 | INFO     | models.demos.wormhole.stable_diffusion.tt.ttnn_functional_unet_2d_condition_model_new_conv:__call__:406 - Down block 3
2026-05-29 08:11:10.862 | INFO     | models.demos.wormhole.stable_diffusion.tt.ttnn_functional_unet_2d_condition_model_new_conv:__call__:460 - Mid block
2026-05-29 08:11:10.863 | warning  |              Op | Mismatch between computed MemoryConfig(memory_layout=TensorMemoryLayout::BLOCK_SHARDED,buffer_type=BufferType::L1,shard_spec=ShardSpec(grid={[(x=0,y=0) - (x=7,y=3)]},shape={32, 160},orientation=ShardOrientation::ROW_MAJOR),nd_shard_spec=NdShardSpec(shard_shape=Shape([32, 160]),grid={[(x=0,y=0) - (x=7,y=3)]},orientation=ShardOrientation::ROW_MAJOR,shard_distribution_strategy=ShardDistributionStrategy::GRID_2D),created_with_nd_shard_spec=0) and provided MemoryConfig(memory_layout=TensorMemoryLayout::BLOCK_SHARDED,buffer_type=BufferType::L1,shard_spec=ShardSpec(grid={[(x=0,y=0) - (x=7,y=7)]},shape={32, 160},orientation=ShardOrientation::ROW_MAJOR),nd_shard_spec=std::nullopt,created_with_nd_shard_spec=0) mem config. Using computed config. (matmul_op.cpp:1674)
2026-05-29 08:11:10.864 | INFO     | models.demos.wormhole.stable_diffusion.tt.ttnn_functional_unet_2d_condition_model_new_conv:__call__:491 - Up block 0
2026-05-29 08:11:10.866 | INFO     | models.demos.wormhole.stable_diffusion.tt.ttnn_functional_unet_2d_condition_model_new_conv:__call__:491 - Up block 1
2026-05-29 08:11:10.871 | INFO     | models.demos.wormhole.stable_diffusion.tt.ttnn_functional_unet_2d_condition_model_new_conv:__call__:491 - Up block 2
2026-05-29 08:11:10.879 | INFO     | models.demos.wormhole.stable_diffusion.tt.ttnn_functional_unet_2d_condition_model_new_conv:__call__:491 - Up block 3
  Step 9/41
2026-05-29 08:11:10.901 | INFO     | models.demos.wormhole.stable_diffusion.tt.ttnn_functional_unet_2d_condition_model_new_conv:__call__:406 - Down block 0
2026-05-29 08:11:10.907 | info     |              Op | act_block_h_override 2 is not a valid override for padded_output_height_ntiles_per_core 7, instead 1 was selected as closest valid option! (conv2d_utils.cpp:401)
2026-05-29 08:11:10.907 | INFO     | models.demos.wormhole.stable_diffusion.tt.ttnn_functional_unet_2d_condition_model_new_conv:__call__:406 - Down block 1
2026-05-29 08:11:10.913 | INFO     | models.demos.wormhole.stable_diffusion.tt.ttnn_functional_unet_2d_condition_model_new_conv:__call__:406 - Down block 2
2026-05-29 08:11:10.916 | INFO     | models.demos.wormhole.stable_diffusion.tt.ttnn_functional_unet_2d_condition_model_new_conv:__call__:406 - Down block 3
2026-05-29 08:11:10.917 | INFO     | models.demos.wormhole.stable_diffusion.tt.ttnn_functional_unet_2d_condition_model_new_conv:__call__:460 - Mid block
2026-05-29 08:11:10.918 | warning  |              Op | Mismatch between computed MemoryConfig(memory_layout=TensorMemoryLayout::BLOCK_SHARDED,buffer_type=BufferType::L1,shard_spec=ShardSpec(grid={[(x=0,y=0) - (x=7,y=3)]},shape={32, 160},orientation=ShardOrientation::ROW_MAJOR),nd_shard_spec=NdShardSpec(shard_shape=Shape([32, 160]),grid={[(x=0,y=0) - (x=7,y=3)]},orientation=ShardOrientation::ROW_MAJOR,shard_distribution_strategy=ShardDistributionStrategy::GRID_2D),created_with_nd_shard_spec=0) and provided MemoryConfig(memory_layout=TensorMemoryLayout::BLOCK_SHARDED,buffer_type=BufferType::L1,shard_spec=ShardSpec(grid={[(x=0,y=0) - (x=7,y=7)]},shape={32, 160},orientation=ShardOrientation::ROW_MAJOR),nd_shard_spec=std::nullopt,created_with_nd_shard_spec=0) mem config. Using computed config. (matmul_op.cpp:1674)
2026-05-29 08:11:10.919 | INFO     | models.demos.wormhole.stable_diffusion.tt.ttnn_functional_unet_2d_condition_model_new_conv:__call__:491 - Up block 0
2026-05-29 08:11:10.920 | INFO     | models.demos.wormhole.stable_diffusion.tt.ttnn_functional_unet_2d_condition_model_new_conv:__call__:491 - Up block 1
2026-05-29 08:11:10.925 | INFO     | models.demos.wormhole.stable_diffusion.tt.ttnn_functional_unet_2d_condition_model_new_conv:__call__:491 - Up block 2
2026-05-29 08:11:10.934 | INFO     | models.demos.wormhole.stable_diffusion.tt.ttnn_functional_unet_2d_condition_model_new_conv:__call__:491 - Up block 3
2026-05-29 08:11:10.954 | INFO     | models.demos.wormhole.stable_diffusion.tt.ttnn_functional_unet_2d_condition_model_new_conv:__call__:406 - Down block 0
2026-05-29 08:11:10.960 | info     |              Op | act_block_h_override 2 is not a valid override for padded_output_height_ntiles_per_core 7, instead 1 was selected as closest valid option! (conv2d_utils.cpp:401)
2026-05-29 08:11:10.960 | INFO     | models.demos.wormhole.stable_diffusion.tt.ttnn_functional_unet_2d_condition_model_new_conv:__call__:406 - Down block 1
2026-05-29 08:11:10.965 | INFO     | models.demos.wormhole.stable_diffusion.tt.ttnn_functional_unet_2d_condition_model_new_conv:__call__:406 - Down block 2
2026-05-29 08:11:10.968 | INFO     | models.demos.wormhole.stable_diffusion.tt.ttnn_functional_unet_2d_condition_model_new_conv:__call__:406 - Down block 3
2026-05-29 08:11:10.969 | INFO     | models.demos.wormhole.stable_diffusion.tt.ttnn_functional_unet_2d_condition_model_new_conv:__call__:460 - Mid block
2026-05-29 08:11:10.969 | warning  |              Op | Mismatch between computed MemoryConfig(memory_layout=TensorMemoryLayout::BLOCK_SHARDED,buffer_type=BufferType::L1,shard_spec=ShardSpec(grid={[(x=0,y=0) - (x=7,y=3)]},shape={32, 160},orientation=ShardOrientation::ROW_MAJOR),nd_shard_spec=NdShardSpec(shard_shape=Shape([32, 160]),grid={[(x=0,y=0) - (x=7,y=3)]},orientation=ShardOrientation::ROW_MAJOR,shard_distribution_strategy=ShardDistributionStrategy::GRID_2D),created_with_nd_shard_spec=0) and provided MemoryConfig(memory_layout=TensorMemoryLayout::BLOCK_SHARDED,buffer_type=BufferType::L1,shard_spec=ShardSpec(grid={[(x=0,y=0) - (x=7,y=7)]},shape={32, 160},orientation=ShardOrientation::ROW_MAJOR),nd_shard_spec=std::nullopt,created_with_nd_shard_spec=0) mem config. Using computed config. (matmul_op.cpp:1674)
2026-05-29 08:11:10.971 | INFO     | models.demos.wormhole.stable_diffusion.tt.ttnn_functional_unet_2d_condition_model_new_conv:__call__:491 - Up block 0
2026-05-29 08:11:10.972 | INFO     | models.demos.wormhole.stable_diffusion.tt.ttnn_functional_unet_2d_condition_model_new_conv:__call__:491 - Up block 1
2026-05-29 08:11:10.977 | INFO     | models.demos.wormhole.stable_diffusion.tt.ttnn_functional_unet_2d_condition_model_new_conv:__call__:491 - Up block 2
2026-05-29 08:11:10.985 | INFO     | models.demos.wormhole.stable_diffusion.tt.ttnn_functional_unet_2d_condition_model_new_conv:__call__:491 - Up block 3
2026-05-29 08:11:11.006 | INFO     | models.demos.wormhole.stable_diffusion.tt.ttnn_functional_unet_2d_condition_model_new_conv:__call__:406 - Down block 0
2026-05-29 08:11:11.012 | info     |              Op | act_block_h_override 2 is not a valid override for padded_output_height_ntiles_per_core 7, instead 1 was selected as closest valid option! (conv2d_utils.cpp:401)
2026-05-29 08:11:11.012 | INFO     | models.demos.wormhole.stable_diffusion.tt.ttnn_functional_unet_2d_condition_model_new_conv:__call__:406 - Down block 1
2026-05-29 08:11:11.018 | INFO     | models.demos.wormhole.stable_diffusion.tt.ttnn_functional_unet_2d_condition_model_new_conv:__call__:406 - Down block 2
2026-05-29 08:11:11.021 | INFO     | models.demos.wormhole.stable_diffusion.tt.ttnn_functional_unet_2d_condition_model_new_conv:__call__:406 - Down block 3
2026-05-29 08:11:11.022 | INFO     | models.demos.wormhole.stable_diffusion.tt.ttnn_functional_unet_2d_condition_model_new_conv:__call__:460 - Mid block
2026-05-29 08:11:11.022 | warning  |              Op | Mismatch between computed MemoryConfig(memory_layout=TensorMemoryLayout::BLOCK_SHARDED,buffer_type=BufferType::L1,shard_spec=ShardSpec(grid={[(x=0,y=0) - (x=7,y=3)]},shape={32, 160},orientation=ShardOrientation::ROW_MAJOR),nd_shard_spec=NdShardSpec(shard_shape=Shape([32, 160]),grid={[(x=0,y=0) - (x=7,y=3)]},orientation=ShardOrientation::ROW_MAJOR,shard_distribution_strategy=ShardDistributionStrategy::GRID_2D),created_with_nd_shard_spec=0) and provided MemoryConfig(memory_layout=TensorMemoryLayout::BLOCK_SHARDED,buffer_type=BufferType::L1,shard_spec=ShardSpec(grid={[(x=0,y=0) - (x=7,y=7)]},shape={32, 160},orientation=ShardOrientation::ROW_MAJOR),nd_shard_spec=std::nullopt,created_with_nd_shard_spec=0) mem config. Using computed config. (matmul_op.cpp:1674)
2026-05-29 08:11:11.024 | INFO     | models.demos.wormhole.stable_diffusion.tt.ttnn_functional_unet_2d_condition_model_new_conv:__call__:491 - Up block 0
2026-05-29 08:11:11.025 | INFO     | models.demos.wormhole.stable_diffusion.tt.ttnn_functional_unet_2d_condition_model_new_conv:__call__:491 - Up block 1
2026-05-29 08:11:11.030 | INFO     | models.demos.wormhole.stable_diffusion.tt.ttnn_functional_unet_2d_condition_model_new_conv:__call__:491 - Up block 2
2026-05-29 08:11:11.038 | INFO     | models.demos.wormhole.stable_diffusion.tt.ttnn_functional_unet_2d_condition_model_new_conv:__call__:491 - Up block 3
2026-05-29 08:11:11.058 | INFO     | models.demos.wormhole.stable_diffusion.tt.ttnn_functional_unet_2d_condition_model_new_conv:__call__:406 - Down block 0
2026-05-29 08:11:11.064 | info     |              Op | act_block_h_override 2 is not a valid override for padded_output_height_ntiles_per_core 7, instead 1 was selected as closest valid option! (conv2d_utils.cpp:401)
2026-05-29 08:11:11.064 | INFO     | models.demos.wormhole.stable_diffusion.tt.ttnn_functional_unet_2d_condition_model_new_conv:__call__:406 - Down block 1
2026-05-29 08:11:11.069 | INFO     | models.demos.wormhole.stable_diffusion.tt.ttnn_functional_unet_2d_condition_model_new_conv:__call__:406 - Down block 2
2026-05-29 08:11:11.073 | INFO     | models.demos.wormhole.stable_diffusion.tt.ttnn_functional_unet_2d_condition_model_new_conv:__call__:406 - Down block 3
2026-05-29 08:11:11.073 | INFO     | models.demos.wormhole.stable_diffusion.tt.ttnn_functional_unet_2d_condition_model_new_conv:__call__:460 - Mid block
2026-05-29 08:11:11.074 | warning  |              Op | Mismatch between computed MemoryConfig(memory_layout=TensorMemoryLayout::BLOCK_SHARDED,buffer_type=BufferType::L1,shard_spec=ShardSpec(grid={[(x=0,y=0) - (x=7,y=3)]},shape={32, 160},orientation=ShardOrientation::ROW_MAJOR),nd_shard_spec=NdShardSpec(shard_shape=Shape([32, 160]),grid={[(x=0,y=0) - (x=7,y=3)]},orientation=ShardOrientation::ROW_MAJOR,shard_distribution_strategy=ShardDistributionStrategy::GRID_2D),created_with_nd_shard_spec=0) and provided MemoryConfig(memory_layout=TensorMemoryLayout::BLOCK_SHARDED,buffer_type=BufferType::L1,shard_spec=ShardSpec(grid={[(x=0,y=0) - (x=7,y=7)]},shape={32, 160},orientation=ShardOrientation::ROW_MAJOR),nd_shard_spec=std::nullopt,created_with_nd_shard_spec=0) mem config. Using computed config. (matmul_op.cpp:1674)
2026-05-29 08:11:11.075 | INFO     | models.demos.wormhole.stable_diffusion.tt.ttnn_functional_unet_2d_condition_model_new_conv:__call__:491 - Up block 0
2026-05-29 08:11:11.077 | INFO     | models.demos.wormhole.stable_diffusion.tt.ttnn_functional_unet_2d_condition_model_new_conv:__call__:491 - Up block 1
2026-05-29 08:11:11.082 | INFO     | models.demos.wormhole.stable_diffusion.tt.ttnn_functional_unet_2d_condition_model_new_conv:__call__:491 - Up block 2
2026-05-29 08:11:11.090 | INFO     | models.demos.wormhole.stable_diffusion.tt.ttnn_functional_unet_2d_condition_model_new_conv:__call__:491 - Up block 3
2026-05-29 08:11:11.110 | INFO     | models.demos.wormhole.stable_diffusion.tt.ttnn_functional_unet_2d_condition_model_new_conv:__call__:406 - Down block 0
2026-05-29 08:11:11.116 | info     |              Op | act_block_h_override 2 is not a valid override for padded_output_height_ntiles_per_core 7, instead 1 was selected as closest valid option! (conv2d_utils.cpp:401)
2026-05-29 08:11:11.116 | INFO     | models.demos.wormhole.stable_diffusion.tt.ttnn_functional_unet_2d_condition_model_new_conv:__call__:406 - Down block 1
2026-05-29 08:11:11.122 | INFO     | models.demos.wormhole.stable_diffusion.tt.ttnn_functional_unet_2d_condition_model_new_conv:__call__:406 - Down block 2
2026-05-29 08:11:11.126 | INFO     | models.demos.wormhole.stable_diffusion.tt.ttnn_functional_unet_2d_condition_model_new_conv:__call__:406 - Down block 3
2026-05-29 08:11:11.126 | INFO     | models.demos.wormhole.stable_diffusion.tt.ttnn_functional_unet_2d_condition_model_new_conv:__call__:460 - Mid block
2026-05-29 08:11:11.127 | warning  |              Op | Mismatch between computed MemoryConfig(memory_layout=TensorMemoryLayout::BLOCK_SHARDED,buffer_type=BufferType::L1,shard_spec=ShardSpec(grid={[(x=0,y=0) - (x=7,y=3)]},shape={32, 160},orientation=ShardOrientation::ROW_MAJOR),nd_shard_spec=NdShardSpec(shard_shape=Shape([32, 160]),grid={[(x=0,y=0) - (x=7,y=3)]},orientation=ShardOrientation::ROW_MAJOR,shard_distribution_strategy=ShardDistributionStrategy::GRID_2D),created_with_nd_shard_spec=0) and provided MemoryConfig(memory_layout=TensorMemoryLayout::BLOCK_SHARDED,buffer_type=BufferType::L1,shard_spec=ShardSpec(grid={[(x=0,y=0) - (x=7,y=7)]},shape={32, 160},orientation=ShardOrientation::ROW_MAJOR),nd_shard_spec=std::nullopt,created_with_nd_shard_spec=0) mem config. Using computed config. (matmul_op.cpp:1674)
2026-05-29 08:11:11.128 | INFO     | models.demos.wormhole.stable_diffusion.tt.ttnn_functional_unet_2d_condition_model_new_conv:__call__:491 - Up block 0
2026-05-29 08:11:11.130 | INFO     | models.demos.wormhole.stable_diffusion.tt.ttnn_functional_unet_2d_condition_model_new_conv:__call__:491 - Up block 1
2026-05-29 08:11:11.135 | INFO     | models.demos.wormhole.stable_diffusion.tt.ttnn_functional_unet_2d_condition_model_new_conv:__call__:491 - Up block 2
2026-05-29 08:11:11.143 | INFO     | models.demos.wormhole.stable_diffusion.tt.ttnn_functional_unet_2d_condition_model_new_conv:__call__:491 - Up block 3
2026-05-29 08:11:11.163 | INFO     | models.demos.wormhole.stable_diffusion.tt.ttnn_functional_unet_2d_condition_model_new_conv:__call__:406 - Down block 0
2026-05-29 08:11:11.169 | info     |              Op | act_block_h_override 2 is not a valid override for padded_output_height_ntiles_per_core 7, instead 1 was selected as closest valid option! (conv2d_utils.cpp:401)
2026-05-29 08:11:11.169 | INFO     | models.demos.wormhole.stable_diffusion.tt.ttnn_functional_unet_2d_condition_model_new_conv:__call__:406 - Down block 1
2026-05-29 08:11:11.175 | INFO     | models.demos.wormhole.stable_diffusion.tt.ttnn_functional_unet_2d_condition_model_new_conv:__call__:406 - Down block 2
2026-05-29 08:11:11.178 | INFO     | models.demos.wormhole.stable_diffusion.tt.ttnn_functional_unet_2d_condition_model_new_conv:__call__:406 - Down block 3
2026-05-29 08:11:11.179 | INFO     | models.demos.wormhole.stable_diffusion.tt.ttnn_functional_unet_2d_condition_model_new_conv:__call__:460 - Mid block
2026-05-29 08:11:11.180 | warning  |              Op | Mismatch between computed MemoryConfig(memory_layout=TensorMemoryLayout::BLOCK_SHARDED,buffer_type=BufferType::L1,shard_spec=ShardSpec(grid={[(x=0,y=0) - (x=7,y=3)]},shape={32, 160},orientation=ShardOrientation::ROW_MAJOR),nd_shard_spec=NdShardSpec(shard_shape=Shape([32, 160]),grid={[(x=0,y=0) - (x=7,y=3)]},orientation=ShardOrientation::ROW_MAJOR,shard_distribution_strategy=ShardDistributionStrategy::GRID_2D),created_with_nd_shard_spec=0) and provided MemoryConfig(memory_layout=TensorMemoryLayout::BLOCK_SHARDED,buffer_type=BufferType::L1,shard_spec=ShardSpec(grid={[(x=0,y=0) - (x=7,y=7)]},shape={32, 160},orientation=ShardOrientation::ROW_MAJOR),nd_shard_spec=std::nullopt,created_with_nd_shard_spec=0) mem config. Using computed config. (matmul_op.cpp:1674)
2026-05-29 08:11:11.181 | INFO     | models.demos.wormhole.stable_diffusion.tt.ttnn_functional_unet_2d_condition_model_new_conv:__call__:491 - Up block 0
2026-05-29 08:11:11.182 | INFO     | models.demos.wormhole.stable_diffusion.tt.ttnn_functional_unet_2d_condition_model_new_conv:__call__:491 - Up block 1
2026-05-29 08:11:11.187 | INFO     | models.demos.wormhole.stable_diffusion.tt.ttnn_functional_unet_2d_condition_model_new_conv:__call__:491 - Up block 2
2026-05-29 08:11:11.195 | INFO     | models.demos.wormhole.stable_diffusion.tt.ttnn_functional_unet_2d_condition_model_new_conv:__call__:491 - Up block 3
2026-05-29 08:11:11.216 | INFO     | models.demos.wormhole.stable_diffusion.tt.ttnn_functional_unet_2d_condition_model_new_conv:__call__:406 - Down block 0
2026-05-29 08:11:11.222 | info     |              Op | act_block_h_override 2 is not a valid override for padded_output_height_ntiles_per_core 7, instead 1 was selected as closest valid option! (conv2d_utils.cpp:401)
2026-05-29 08:11:11.222 | INFO     | models.demos.wormhole.stable_diffusion.tt.ttnn_functional_unet_2d_condition_model_new_conv:__call__:406 - Down block 1
2026-05-29 08:11:11.227 | INFO     | models.demos.wormhole.stable_diffusion.tt.ttnn_functional_unet_2d_condition_model_new_conv:__call__:406 - Down block 2
2026-05-29 08:11:11.231 | INFO     | models.demos.wormhole.stable_diffusion.tt.ttnn_functional_unet_2d_condition_model_new_conv:__call__:406 - Down block 3
2026-05-29 08:11:11.231 | INFO     | models.demos.wormhole.stable_diffusion.tt.ttnn_functional_unet_2d_condition_model_new_conv:__call__:460 - Mid block
2026-05-29 08:11:11.232 | warning  |              Op | Mismatch between computed MemoryConfig(memory_layout=TensorMemoryLayout::BLOCK_SHARDED,buffer_type=BufferType::L1,shard_spec=ShardSpec(grid={[(x=0,y=0) - (x=7,y=3)]},shape={32, 160},orientation=ShardOrientation::ROW_MAJOR),nd_shard_spec=NdShardSpec(shard_shape=Shape([32, 160]),grid={[(x=0,y=0) - (x=7,y=3)]},orientation=ShardOrientation::ROW_MAJOR,shard_distribution_strategy=ShardDistributionStrategy::GRID_2D),created_with_nd_shard_spec=0) and provided MemoryConfig(memory_layout=TensorMemoryLayout::BLOCK_SHARDED,buffer_type=BufferType::L1,shard_spec=ShardSpec(grid={[(x=0,y=0) - (x=7,y=7)]},shape={32, 160},orientation=ShardOrientation::ROW_MAJOR),nd_shard_spec=std::nullopt,created_with_nd_shard_spec=0) mem config. Using computed config. (matmul_op.cpp:1674)
2026-05-29 08:11:11.233 | INFO     | models.demos.wormhole.stable_diffusion.tt.ttnn_functional_unet_2d_condition_model_new_conv:__call__:491 - Up block 0
2026-05-29 08:11:11.234 | INFO     | models.demos.wormhole.stable_diffusion.tt.ttnn_functional_unet_2d_condition_model_new_conv:__call__:491 - Up block 1
2026-05-29 08:11:11.239 | INFO     | models.demos.wormhole.stable_diffusion.tt.ttnn_functional_unet_2d_condition_model_new_conv:__call__:491 - Up block 2
2026-05-29 08:11:11.247 | INFO     | models.demos.wormhole.stable_diffusion.tt.ttnn_functional_unet_2d_condition_model_new_conv:__call__:491 - Up block 3
2026-05-29 08:11:11.267 | INFO     | models.demos.wormhole.stable_diffusion.tt.ttnn_functional_unet_2d_condition_model_new_conv:__call__:406 - Down block 0
2026-05-29 08:11:11.273 | info     |              Op | act_block_h_override 2 is not a valid override for padded_output_height_ntiles_per_core 7, instead 1 was selected as closest valid option! (conv2d_utils.cpp:401)
2026-05-29 08:11:11.273 | INFO     | models.demos.wormhole.stable_diffusion.tt.ttnn_functional_unet_2d_condition_model_new_conv:__call__:406 - Down block 1
2026-05-29 08:11:11.278 | INFO     | models.demos.wormhole.stable_diffusion.tt.ttnn_functional_unet_2d_condition_model_new_conv:__call__:406 - Down block 2
2026-05-29 08:11:11.282 | INFO     | models.demos.wormhole.stable_diffusion.tt.ttnn_functional_unet_2d_condition_model_new_conv:__call__:406 - Down block 3
2026-05-29 08:11:11.282 | INFO     | models.demos.wormhole.stable_diffusion.tt.ttnn_functional_unet_2d_condition_model_new_conv:__call__:460 - Mid block
2026-05-29 08:11:11.283 | warning  |              Op | Mismatch between computed MemoryConfig(memory_layout=TensorMemoryLayout::BLOCK_SHARDED,buffer_type=BufferType::L1,shard_spec=ShardSpec(grid={[(x=0,y=0) - (x=7,y=3)]},shape={32, 160},orientation=ShardOrientation::ROW_MAJOR),nd_shard_spec=NdShardSpec(shard_shape=Shape([32, 160]),grid={[(x=0,y=0) - (x=7,y=3)]},orientation=ShardOrientation::ROW_MAJOR,shard_distribution_strategy=ShardDistributionStrategy::GRID_2D),created_with_nd_shard_spec=0) and provided MemoryConfig(memory_layout=TensorMemoryLayout::BLOCK_SHARDED,buffer_type=BufferType::L1,shard_spec=ShardSpec(grid={[(x=0,y=0) - (x=7,y=7)]},shape={32, 160},orientation=ShardOrientation::ROW_MAJOR),nd_shard_spec=std::nullopt,created_with_nd_shard_spec=0) mem config. Using computed config. (matmul_op.cpp:1674)
2026-05-29 08:11:11.284 | INFO     | models.demos.wormhole.stable_diffusion.tt.ttnn_functional_unet_2d_condition_model_new_conv:__call__:491 - Up block 0
2026-05-29 08:11:11.286 | INFO     | models.demos.wormhole.stable_diffusion.tt.ttnn_functional_unet_2d_condition_model_new_conv:__call__:491 - Up block 1
2026-05-29 08:11:11.290 | INFO     | models.demos.wormhole.stable_diffusion.tt.ttnn_functional_unet_2d_condition_model_new_conv:__call__:491 - Up block 2
2026-05-29 08:11:11.298 | INFO     | models.demos.wormhole.stable_diffusion.tt.ttnn_functional_unet_2d_condition_model_new_conv:__call__:491 - Up block 3
  Step 10/41
2026-05-29 08:11:11.321 | INFO     | models.demos.wormhole.stable_diffusion.tt.ttnn_functional_unet_2d_condition_model_new_conv:__call__:406 - Down block 0
2026-05-29 08:11:11.327 | info     |              Op | act_block_h_override 2 is not a valid override for padded_output_height_ntiles_per_core 7, instead 1 was selected as closest valid option! (conv2d_utils.cpp:401)
2026-05-29 08:11:11.327 | INFO     | models.demos.wormhole.stable_diffusion.tt.ttnn_functional_unet_2d_condition_model_new_conv:__call__:406 - Down block 1
2026-05-29 08:11:11.333 | INFO     | models.demos.wormhole.stable_diffusion.tt.ttnn_functional_unet_2d_condition_model_new_conv:__call__:406 - Down block 2
2026-05-29 08:11:11.336 | INFO     | models.demos.wormhole.stable_diffusion.tt.ttnn_functional_unet_2d_condition_model_new_conv:__call__:406 - Down block 3
2026-05-29 08:11:11.337 | INFO     | models.demos.wormhole.stable_diffusion.tt.ttnn_functional_unet_2d_condition_model_new_conv:__call__:460 - Mid block
2026-05-29 08:11:11.338 | warning  |              Op | Mismatch between computed MemoryConfig(memory_layout=TensorMemoryLayout::BLOCK_SHARDED,buffer_type=BufferType::L1,shard_spec=ShardSpec(grid={[(x=0,y=0) - (x=7,y=3)]},shape={32, 160},orientation=ShardOrientation::ROW_MAJOR),nd_shard_spec=NdShardSpec(shard_shape=Shape([32, 160]),grid={[(x=0,y=0) - (x=7,y=3)]},orientation=ShardOrientation::ROW_MAJOR,shard_distribution_strategy=ShardDistributionStrategy::GRID_2D),created_with_nd_shard_spec=0) and provided MemoryConfig(memory_layout=TensorMemoryLayout::BLOCK_SHARDED,buffer_type=BufferType::L1,shard_spec=ShardSpec(grid={[(x=0,y=0) - (x=7,y=7)]},shape={32, 160},orientation=ShardOrientation::ROW_MAJOR),nd_shard_spec=std::nullopt,created_with_nd_shard_spec=0) mem config. Using computed config. (matmul_op.cpp:1674)
2026-05-29 08:11:11.339 | INFO     | models.demos.wormhole.stable_diffusion.tt.ttnn_functional_unet_2d_condition_model_new_conv:__call__:491 - Up block 0
2026-05-29 08:11:11.340 | INFO     | models.demos.wormhole.stable_diffusion.tt.ttnn_functional_unet_2d_condition_model_new_conv:__call__:491 - Up block 1
2026-05-29 08:11:11.346 | INFO     | models.demos.wormhole.stable_diffusion.tt.ttnn_functional_unet_2d_condition_model_new_conv:__call__:491 - Up block 2
2026-05-29 08:11:11.354 | INFO     | models.demos.wormhole.stable_diffusion.tt.ttnn_functional_unet_2d_condition_model_new_conv:__call__:491 - Up block 3
2026-05-29 08:11:11.374 | INFO     | models.demos.wormhole.stable_diffusion.tt.ttnn_functional_unet_2d_condition_model_new_conv:__call__:406 - Down block 0
2026-05-29 08:11:11.380 | info     |              Op | act_block_h_override 2 is not a valid override for padded_output_height_ntiles_per_core 7, instead 1 was selected as closest valid option! (conv2d_utils.cpp:401)
2026-05-29 08:11:11.380 | INFO     | models.demos.wormhole.stable_diffusion.tt.ttnn_functional_unet_2d_condition_model_new_conv:__call__:406 - Down block 1
2026-05-29 08:11:11.385 | INFO     | models.demos.wormhole.stable_diffusion.tt.ttnn_functional_unet_2d_condition_model_new_conv:__call__:406 - Down block 2
2026-05-29 08:11:11.389 | INFO     | models.demos.wormhole.stable_diffusion.tt.ttnn_functional_unet_2d_condition_model_new_conv:__call__:406 - Down block 3
2026-05-29 08:11:11.389 | INFO     | models.demos.wormhole.stable_diffusion.tt.ttnn_functional_unet_2d_condition_model_new_conv:__call__:460 - Mid block
2026-05-29 08:11:11.390 | warning  |              Op | Mismatch between computed MemoryConfig(memory_layout=TensorMemoryLayout::BLOCK_SHARDED,buffer_type=BufferType::L1,shard_spec=ShardSpec(grid={[(x=0,y=0) - (x=7,y=3)]},shape={32, 160},orientation=ShardOrientation::ROW_MAJOR),nd_shard_spec=NdShardSpec(shard_shape=Shape([32, 160]),grid={[(x=0,y=0) - (x=7,y=3)]},orientation=ShardOrientation::ROW_MAJOR,shard_distribution_strategy=ShardDistributionStrategy::GRID_2D),created_with_nd_shard_spec=0) and provided MemoryConfig(memory_layout=TensorMemoryLayout::BLOCK_SHARDED,buffer_type=BufferType::L1,shard_spec=ShardSpec(grid={[(x=0,y=0) - (x=7,y=7)]},shape={32, 160},orientation=ShardOrientation::ROW_MAJOR),nd_shard_spec=std::nullopt,created_with_nd_shard_spec=0) mem config. Using computed config. (matmul_op.cpp:1674)
2026-05-29 08:11:11.391 | INFO     | models.demos.wormhole.stable_diffusion.tt.ttnn_functional_unet_2d_condition_model_new_conv:__call__:491 - Up block 0
2026-05-29 08:11:11.393 | INFO     | models.demos.wormhole.stable_diffusion.tt.ttnn_functional_unet_2d_condition_model_new_conv:__call__:491 - Up block 1
2026-05-29 08:11:11.398 | INFO     | models.demos.wormhole.stable_diffusion.tt.ttnn_functional_unet_2d_condition_model_new_conv:__call__:491 - Up block 2
2026-05-29 08:11:11.406 | INFO     | models.demos.wormhole.stable_diffusion.tt.ttnn_functional_unet_2d_condition_model_new_conv:__call__:491 - Up block 3
2026-05-29 08:11:11.426 | INFO     | models.demos.wormhole.stable_diffusion.tt.ttnn_functional_unet_2d_condition_model_new_conv:__call__:406 - Down block 0
2026-05-29 08:11:11.432 | info     |              Op | act_block_h_override 2 is not a valid override for padded_output_height_ntiles_per_core 7, instead 1 was selected as closest valid option! (conv2d_utils.cpp:401)
2026-05-29 08:11:11.432 | INFO     | models.demos.wormhole.stable_diffusion.tt.ttnn_functional_unet_2d_condition_model_new_conv:__call__:406 - Down block 1
2026-05-29 08:11:11.437 | INFO     | models.demos.wormhole.stable_diffusion.tt.ttnn_functional_unet_2d_condition_model_new_conv:__call__:406 - Down block 2
2026-05-29 08:11:11.441 | INFO     | models.demos.wormhole.stable_diffusion.tt.ttnn_functional_unet_2d_condition_model_new_conv:__call__:406 - Down block 3
2026-05-29 08:11:11.441 | INFO     | models.demos.wormhole.stable_diffusion.tt.ttnn_functional_unet_2d_condition_model_new_conv:__call__:460 - Mid block
2026-05-29 08:11:11.442 | warning  |              Op | Mismatch between computed MemoryConfig(memory_layout=TensorMemoryLayout::BLOCK_SHARDED,buffer_type=BufferType::L1,shard_spec=ShardSpec(grid={[(x=0,y=0) - (x=7,y=3)]},shape={32, 160},orientation=ShardOrientation::ROW_MAJOR),nd_shard_spec=NdShardSpec(shard_shape=Shape([32, 160]),grid={[(x=0,y=0) - (x=7,y=3)]},orientation=ShardOrientation::ROW_MAJOR,shard_distribution_strategy=ShardDistributionStrategy::GRID_2D),created_with_nd_shard_spec=0) and provided MemoryConfig(memory_layout=TensorMemoryLayout::BLOCK_SHARDED,buffer_type=BufferType::L1,shard_spec=ShardSpec(grid={[(x=0,y=0) - (x=7,y=7)]},shape={32, 160},orientation=ShardOrientation::ROW_MAJOR),nd_shard_spec=std::nullopt,created_with_nd_shard_spec=0) mem config. Using computed config. (matmul_op.cpp:1674)
2026-05-29 08:11:11.443 | INFO     | models.demos.wormhole.stable_diffusion.tt.ttnn_functional_unet_2d_condition_model_new_conv:__call__:491 - Up block 0
2026-05-29 08:11:11.445 | INFO     | models.demos.wormhole.stable_diffusion.tt.ttnn_functional_unet_2d_condition_model_new_conv:__call__:491 - Up block 1
2026-05-29 08:11:11.449 | INFO     | models.demos.wormhole.stable_diffusion.tt.ttnn_functional_unet_2d_condition_model_new_conv:__call__:491 - Up block 2
2026-05-29 08:11:11.458 | INFO     | models.demos.wormhole.stable_diffusion.tt.ttnn_functional_unet_2d_condition_model_new_conv:__call__:491 - Up block 3
2026-05-29 08:11:11.478 | INFO     | models.demos.wormhole.stable_diffusion.tt.ttnn_functional_unet_2d_condition_model_new_conv:__call__:406 - Down block 0
2026-05-29 08:11:11.484 | info     |              Op | act_block_h_override 2 is not a valid override for padded_output_height_ntiles_per_core 7, instead 1 was selected as closest valid option! (conv2d_utils.cpp:401)
2026-05-29 08:11:11.484 | INFO     | models.demos.wormhole.stable_diffusion.tt.ttnn_functional_unet_2d_condition_model_new_conv:__call__:406 - Down block 1
2026-05-29 08:11:11.490 | INFO     | models.demos.wormhole.stable_diffusion.tt.ttnn_functional_unet_2d_condition_model_new_conv:__call__:406 - Down block 2
2026-05-29 08:11:11.493 | INFO     | models.demos.wormhole.stable_diffusion.tt.ttnn_functional_unet_2d_condition_model_new_conv:__call__:406 - Down block 3
2026-05-29 08:11:11.494 | INFO     | models.demos.wormhole.stable_diffusion.tt.ttnn_functional_unet_2d_condition_model_new_conv:__call__:460 - Mid block
2026-05-29 08:11:11.495 | warning  |              Op | Mismatch between computed MemoryConfig(memory_layout=TensorMemoryLayout::BLOCK_SHARDED,buffer_type=BufferType::L1,shard_spec=ShardSpec(grid={[(x=0,y=0) - (x=7,y=3)]},shape={32, 160},orientation=ShardOrientation::ROW_MAJOR),nd_shard_spec=NdShardSpec(shard_shape=Shape([32, 160]),grid={[(x=0,y=0) - (x=7,y=3)]},orientation=ShardOrientation::ROW_MAJOR,shard_distribution_strategy=ShardDistributionStrategy::GRID_2D),created_with_nd_shard_spec=0) and provided MemoryConfig(memory_layout=TensorMemoryLayout::BLOCK_SHARDED,buffer_type=BufferType::L1,shard_spec=ShardSpec(grid={[(x=0,y=0) - (x=7,y=7)]},shape={32, 160},orientation=ShardOrientation::ROW_MAJOR),nd_shard_spec=std::nullopt,created_with_nd_shard_spec=0) mem config. Using computed config. (matmul_op.cpp:1674)
2026-05-29 08:11:11.496 | INFO     | models.demos.wormhole.stable_diffusion.tt.ttnn_functional_unet_2d_condition_model_new_conv:__call__:491 - Up block 0
2026-05-29 08:11:11.498 | INFO     | models.demos.wormhole.stable_diffusion.tt.ttnn_functional_unet_2d_condition_model_new_conv:__call__:491 - Up block 1
2026-05-29 08:11:11.503 | INFO     | models.demos.wormhole.stable_diffusion.tt.ttnn_functional_unet_2d_condition_model_new_conv:__call__:491 - Up block 2
2026-05-29 08:11:11.511 | INFO     | models.demos.wormhole.stable_diffusion.tt.ttnn_functional_unet_2d_condition_model_new_conv:__call__:491 - Up block 3
2026-05-29 08:11:11.531 | INFO     | models.demos.wormhole.stable_diffusion.tt.ttnn_functional_unet_2d_condition_model_new_conv:__call__:406 - Down block 0
2026-05-29 08:11:11.537 | info     |              Op | act_block_h_override 2 is not a valid override for padded_output_height_ntiles_per_core 7, instead 1 was selected as closest valid option! (conv2d_utils.cpp:401)
2026-05-29 08:11:11.537 | INFO     | models.demos.wormhole.stable_diffusion.tt.ttnn_functional_unet_2d_condition_model_new_conv:__call__:406 - Down block 1
2026-05-29 08:11:11.543 | INFO     | models.demos.wormhole.stable_diffusion.tt.ttnn_functional_unet_2d_condition_model_new_conv:__call__:406 - Down block 2
2026-05-29 08:11:11.546 | INFO     | models.demos.wormhole.stable_diffusion.tt.ttnn_functional_unet_2d_condition_model_new_conv:__call__:406 - Down block 3
2026-05-29 08:11:11.547 | INFO     | models.demos.wormhole.stable_diffusion.tt.ttnn_functional_unet_2d_condition_model_new_conv:__call__:460 - Mid block
2026-05-29 08:11:11.547 | warning  |              Op | Mismatch between computed MemoryConfig(memory_layout=TensorMemoryLayout::BLOCK_SHARDED,buffer_type=BufferType::L1,shard_spec=ShardSpec(grid={[(x=0,y=0) - (x=7,y=3)]},shape={32, 160},orientation=ShardOrientation::ROW_MAJOR),nd_shard_spec=NdShardSpec(shard_shape=Shape([32, 160]),grid={[(x=0,y=0) - (x=7,y=3)]},orientation=ShardOrientation::ROW_MAJOR,shard_distribution_strategy=ShardDistributionStrategy::GRID_2D),created_with_nd_shard_spec=0) and provided MemoryConfig(memory_layout=TensorMemoryLayout::BLOCK_SHARDED,buffer_type=BufferType::L1,shard_spec=ShardSpec(grid={[(x=0,y=0) - (x=7,y=7)]},shape={32, 160},orientation=ShardOrientation::ROW_MAJOR),nd_shard_spec=std::nullopt,created_with_nd_shard_spec=0) mem config. Using computed config. (matmul_op.cpp:1674)
2026-05-29 08:11:11.549 | INFO     | models.demos.wormhole.stable_diffusion.tt.ttnn_functional_unet_2d_condition_model_new_conv:__call__:491 - Up block 0
2026-05-29 08:11:11.550 | INFO     | models.demos.wormhole.stable_diffusion.tt.ttnn_functional_unet_2d_condition_model_new_conv:__call__:491 - Up block 1
2026-05-29 08:11:11.555 | INFO     | models.demos.wormhole.stable_diffusion.tt.ttnn_functional_unet_2d_condition_model_new_conv:__call__:491 - Up block 2
2026-05-29 08:11:11.563 | INFO     | models.demos.wormhole.stable_diffusion.tt.ttnn_functional_unet_2d_condition_model_new_conv:__call__:491 - Up block 3
2026-05-29 08:11:11.583 | INFO     | models.demos.wormhole.stable_diffusion.tt.ttnn_functional_unet_2d_condition_model_new_conv:__call__:406 - Down block 0
2026-05-29 08:11:11.589 | info     |              Op | act_block_h_override 2 is not a valid override for padded_output_height_ntiles_per_core 7, instead 1 was selected as closest valid option! (conv2d_utils.cpp:401)
2026-05-29 08:11:11.589 | INFO     | models.demos.wormhole.stable_diffusion.tt.ttnn_functional_unet_2d_condition_model_new_conv:__call__:406 - Down block 1
2026-05-29 08:11:11.595 | INFO     | models.demos.wormhole.stable_diffusion.tt.ttnn_functional_unet_2d_condition_model_new_conv:__call__:406 - Down block 2
2026-05-29 08:11:11.598 | INFO     | models.demos.wormhole.stable_diffusion.tt.ttnn_functional_unet_2d_condition_model_new_conv:__call__:406 - Down block 3
2026-05-29 08:11:11.599 | INFO     | models.demos.wormhole.stable_diffusion.tt.ttnn_functional_unet_2d_condition_model_new_conv:__call__:460 - Mid block
2026-05-29 08:11:11.600 | warning  |              Op | Mismatch between computed MemoryConfig(memory_layout=TensorMemoryLayout::BLOCK_SHARDED,buffer_type=BufferType::L1,shard_spec=ShardSpec(grid={[(x=0,y=0) - (x=7,y=3)]},shape={32, 160},orientation=ShardOrientation::ROW_MAJOR),nd_shard_spec=NdShardSpec(shard_shape=Shape([32, 160]),grid={[(x=0,y=0) - (x=7,y=3)]},orientation=ShardOrientation::ROW_MAJOR,shard_distribution_strategy=ShardDistributionStrategy::GRID_2D),created_with_nd_shard_spec=0) and provided MemoryConfig(memory_layout=TensorMemoryLayout::BLOCK_SHARDED,buffer_type=BufferType::L1,shard_spec=ShardSpec(grid={[(x=0,y=0) - (x=7,y=7)]},shape={32, 160},orientation=ShardOrientation::ROW_MAJOR),nd_shard_spec=std::nullopt,created_with_nd_shard_spec=0) mem config. Using computed config. (matmul_op.cpp:1674)
2026-05-29 08:11:11.601 | INFO     | models.demos.wormhole.stable_diffusion.tt.ttnn_functional_unet_2d_condition_model_new_conv:__call__:491 - Up block 0
2026-05-29 08:11:11.603 | INFO     | models.demos.wormhole.stable_diffusion.tt.ttnn_functional_unet_2d_condition_model_new_conv:__call__:491 - Up block 1
2026-05-29 08:11:11.608 | INFO     | models.demos.wormhole.stable_diffusion.tt.ttnn_functional_unet_2d_condition_model_new_conv:__call__:491 - Up block 2
2026-05-29 08:11:11.616 | INFO     | models.demos.wormhole.stable_diffusion.tt.ttnn_functional_unet_2d_condition_model_new_conv:__call__:491 - Up block 3
2026-05-29 08:11:11.636 | INFO     | models.demos.wormhole.stable_diffusion.tt.ttnn_functional_unet_2d_condition_model_new_conv:__call__:406 - Down block 0
2026-05-29 08:11:11.642 | info     |              Op | act_block_h_override 2 is not a valid override for padded_output_height_ntiles_per_core 7, instead 1 was selected as closest valid option! (conv2d_utils.cpp:401)
2026-05-29 08:11:11.642 | INFO     | models.demos.wormhole.stable_diffusion.tt.ttnn_functional_unet_2d_condition_model_new_conv:__call__:406 - Down block 1
2026-05-29 08:11:11.648 | INFO     | models.demos.wormhole.stable_diffusion.tt.ttnn_functional_unet_2d_condition_model_new_conv:__call__:406 - Down block 2
2026-05-29 08:11:11.651 | INFO     | models.demos.wormhole.stable_diffusion.tt.ttnn_functional_unet_2d_condition_model_new_conv:__call__:406 - Down block 3
2026-05-29 08:11:11.652 | INFO     | models.demos.wormhole.stable_diffusion.tt.ttnn_functional_unet_2d_condition_model_new_conv:__call__:460 - Mid block
2026-05-29 08:11:11.652 | warning  |              Op | Mismatch between computed MemoryConfig(memory_layout=TensorMemoryLayout::BLOCK_SHARDED,buffer_type=BufferType::L1,shard_spec=ShardSpec(grid={[(x=0,y=0) - (x=7,y=3)]},shape={32, 160},orientation=ShardOrientation::ROW_MAJOR),nd_shard_spec=NdShardSpec(shard_shape=Shape([32, 160]),grid={[(x=0,y=0) - (x=7,y=3)]},orientation=ShardOrientation::ROW_MAJOR,shard_distribution_strategy=ShardDistributionStrategy::GRID_2D),created_with_nd_shard_spec=0) and provided MemoryConfig(memory_layout=TensorMemoryLayout::BLOCK_SHARDED,buffer_type=BufferType::L1,shard_spec=ShardSpec(grid={[(x=0,y=0) - (x=7,y=7)]},shape={32, 160},orientation=ShardOrientation::ROW_MAJOR),nd_shard_spec=std::nullopt,created_with_nd_shard_spec=0) mem config. Using computed config. (matmul_op.cpp:1674)
2026-05-29 08:11:11.654 | INFO     | models.demos.wormhole.stable_diffusion.tt.ttnn_functional_unet_2d_condition_model_new_conv:__call__:491 - Up block 0
2026-05-29 08:11:11.655 | INFO     | models.demos.wormhole.stable_diffusion.tt.ttnn_functional_unet_2d_condition_model_new_conv:__call__:491 - Up block 1
2026-05-29 08:11:11.660 | INFO     | models.demos.wormhole.stable_diffusion.tt.ttnn_functional_unet_2d_condition_model_new_conv:__call__:491 - Up block 2
2026-05-29 08:11:11.668 | INFO     | models.demos.wormhole.stable_diffusion.tt.ttnn_functional_unet_2d_condition_model_new_conv:__call__:491 - Up block 3
2026-05-29 08:11:11.688 | INFO     | models.demos.wormhole.stable_diffusion.tt.ttnn_functional_unet_2d_condition_model_new_conv:__call__:406 - Down block 0
2026-05-29 08:11:11.694 | info     |              Op | act_block_h_override 2 is not a valid override for padded_output_height_ntiles_per_core 7, instead 1 was selected as closest valid option! (conv2d_utils.cpp:401)
2026-05-29 08:11:11.694 | INFO     | models.demos.wormhole.stable_diffusion.tt.ttnn_functional_unet_2d_condition_model_new_conv:__call__:406 - Down block 1
2026-05-29 08:11:11.700 | INFO     | models.demos.wormhole.stable_diffusion.tt.ttnn_functional_unet_2d_condition_model_new_conv:__call__:406 - Down block 2
2026-05-29 08:11:11.703 | INFO     | models.demos.wormhole.stable_diffusion.tt.ttnn_functional_unet_2d_condition_model_new_conv:__call__:406 - Down block 3
2026-05-29 08:11:11.704 | INFO     | models.demos.wormhole.stable_diffusion.tt.ttnn_functional_unet_2d_condition_model_new_conv:__call__:460 - Mid block
2026-05-29 08:11:11.704 | warning  |              Op | Mismatch between computed MemoryConfig(memory_layout=TensorMemoryLayout::BLOCK_SHARDED,buffer_type=BufferType::L1,shard_spec=ShardSpec(grid={[(x=0,y=0) - (x=7,y=3)]},shape={32, 160},orientation=ShardOrientation::ROW_MAJOR),nd_shard_spec=NdShardSpec(shard_shape=Shape([32, 160]),grid={[(x=0,y=0) - (x=7,y=3)]},orientation=ShardOrientation::ROW_MAJOR,shard_distribution_strategy=ShardDistributionStrategy::GRID_2D),created_with_nd_shard_spec=0) and provided MemoryConfig(memory_layout=TensorMemoryLayout::BLOCK_SHARDED,buffer_type=BufferType::L1,shard_spec=ShardSpec(grid={[(x=0,y=0) - (x=7,y=7)]},shape={32, 160},orientation=ShardOrientation::ROW_MAJOR),nd_shard_spec=std::nullopt,created_with_nd_shard_spec=0) mem config. Using computed config. (matmul_op.cpp:1674)
2026-05-29 08:11:11.706 | INFO     | models.demos.wormhole.stable_diffusion.tt.ttnn_functional_unet_2d_condition_model_new_conv:__call__:491 - Up block 0
2026-05-29 08:11:11.707 | INFO     | models.demos.wormhole.stable_diffusion.tt.ttnn_functional_unet_2d_condition_model_new_conv:__call__:491 - Up block 1
2026-05-29 08:11:11.712 | INFO     | models.demos.wormhole.stable_diffusion.tt.ttnn_functional_unet_2d_condition_model_new_conv:__call__:491 - Up block 2
2026-05-29 08:11:11.721 | INFO     | models.demos.wormhole.stable_diffusion.tt.ttnn_functional_unet_2d_condition_model_new_conv:__call__:491 - Up block 3
  Step 11/41
2026-05-29 08:11:11.743 | INFO     | models.demos.wormhole.stable_diffusion.tt.ttnn_functional_unet_2d_condition_model_new_conv:__call__:406 - Down block 0
2026-05-29 08:11:11.749 | info     |              Op | act_block_h_override 2 is not a valid override for padded_output_height_ntiles_per_core 7, instead 1 was selected as closest valid option! (conv2d_utils.cpp:401)
2026-05-29 08:11:11.749 | INFO     | models.demos.wormhole.stable_diffusion.tt.ttnn_functional_unet_2d_condition_model_new_conv:__call__:406 - Down block 1
2026-05-29 08:11:11.755 | INFO     | models.demos.wormhole.stable_diffusion.tt.ttnn_functional_unet_2d_condition_model_new_conv:__call__:406 - Down block 2
2026-05-29 08:11:11.759 | INFO     | models.demos.wormhole.stable_diffusion.tt.ttnn_functional_unet_2d_condition_model_new_conv:__call__:406 - Down block 3
2026-05-29 08:11:11.760 | INFO     | models.demos.wormhole.stable_diffusion.tt.ttnn_functional_unet_2d_condition_model_new_conv:__call__:460 - Mid block
2026-05-29 08:11:11.760 | warning  |              Op | Mismatch between computed MemoryConfig(memory_layout=TensorMemoryLayout::BLOCK_SHARDED,buffer_type=BufferType::L1,shard_spec=ShardSpec(grid={[(x=0,y=0) - (x=7,y=3)]},shape={32, 160},orientation=ShardOrientation::ROW_MAJOR),nd_shard_spec=NdShardSpec(shard_shape=Shape([32, 160]),grid={[(x=0,y=0) - (x=7,y=3)]},orientation=ShardOrientation::ROW_MAJOR,shard_distribution_strategy=ShardDistributionStrategy::GRID_2D),created_with_nd_shard_spec=0) and provided MemoryConfig(memory_layout=TensorMemoryLayout::BLOCK_SHARDED,buffer_type=BufferType::L1,shard_spec=ShardSpec(grid={[(x=0,y=0) - (x=7,y=7)]},shape={32, 160},orientation=ShardOrientation::ROW_MAJOR),nd_shard_spec=std::nullopt,created_with_nd_shard_spec=0) mem config. Using computed config. (matmul_op.cpp:1674)
2026-05-29 08:11:11.762 | INFO     | models.demos.wormhole.stable_diffusion.tt.ttnn_functional_unet_2d_condition_model_new_conv:__call__:491 - Up block 0
2026-05-29 08:11:11.763 | INFO     | models.demos.wormhole.stable_diffusion.tt.ttnn_functional_unet_2d_condition_model_new_conv:__call__:491 - Up block 1
2026-05-29 08:11:11.768 | INFO     | models.demos.wormhole.stable_diffusion.tt.ttnn_functional_unet_2d_condition_model_new_conv:__call__:491 - Up block 2
2026-05-29 08:11:11.776 | INFO     | models.demos.wormhole.stable_diffusion.tt.ttnn_functional_unet_2d_condition_model_new_conv:__call__:491 - Up block 3
2026-05-29 08:11:11.797 | INFO     | models.demos.wormhole.stable_diffusion.tt.ttnn_functional_unet_2d_condition_model_new_conv:__call__:406 - Down block 0
2026-05-29 08:11:11.802 | info     |              Op | act_block_h_override 2 is not a valid override for padded_output_height_ntiles_per_core 7, instead 1 was selected as closest valid option! (conv2d_utils.cpp:401)
2026-05-29 08:11:11.802 | INFO     | models.demos.wormhole.stable_diffusion.tt.ttnn_functional_unet_2d_condition_model_new_conv:__call__:406 - Down block 1
2026-05-29 08:11:11.808 | INFO     | models.demos.wormhole.stable_diffusion.tt.ttnn_functional_unet_2d_condition_model_new_conv:__call__:406 - Down block 2
2026-05-29 08:11:11.811 | INFO     | models.demos.wormhole.stable_diffusion.tt.ttnn_functional_unet_2d_condition_model_new_conv:__call__:406 - Down block 3
2026-05-29 08:11:11.812 | INFO     | models.demos.wormhole.stable_diffusion.tt.ttnn_functional_unet_2d_condition_model_new_conv:__call__:460 - Mid block
2026-05-29 08:11:11.812 | warning  |              Op | Mismatch between computed MemoryConfig(memory_layout=TensorMemoryLayout::BLOCK_SHARDED,buffer_type=BufferType::L1,shard_spec=ShardSpec(grid={[(x=0,y=0) - (x=7,y=3)]},shape={32, 160},orientation=ShardOrientation::ROW_MAJOR),nd_shard_spec=NdShardSpec(shard_shape=Shape([32, 160]),grid={[(x=0,y=0) - (x=7,y=3)]},orientation=ShardOrientation::ROW_MAJOR,shard_distribution_strategy=ShardDistributionStrategy::GRID_2D),created_with_nd_shard_spec=0) and provided MemoryConfig(memory_layout=TensorMemoryLayout::BLOCK_SHARDED,buffer_type=BufferType::L1,shard_spec=ShardSpec(grid={[(x=0,y=0) - (x=7,y=7)]},shape={32, 160},orientation=ShardOrientation::ROW_MAJOR),nd_shard_spec=std::nullopt,created_with_nd_shard_spec=0) mem config. Using computed config. (matmul_op.cpp:1674)
2026-05-29 08:11:11.814 | INFO     | models.demos.wormhole.stable_diffusion.tt.ttnn_functional_unet_2d_condition_model_new_conv:__call__:491 - Up block 0
2026-05-29 08:11:11.815 | INFO     | models.demos.wormhole.stable_diffusion.tt.ttnn_functional_unet_2d_condition_model_new_conv:__call__:491 - Up block 1
2026-05-29 08:11:11.820 | INFO     | models.demos.wormhole.stable_diffusion.tt.ttnn_functional_unet_2d_condition_model_new_conv:__call__:491 - Up block 2
2026-05-29 08:11:11.828 | INFO     | models.demos.wormhole.stable_diffusion.tt.ttnn_functional_unet_2d_condition_model_new_conv:__call__:491 - Up block 3
2026-05-29 08:11:11.848 | INFO     | models.demos.wormhole.stable_diffusion.tt.ttnn_functional_unet_2d_condition_model_new_conv:__call__:406 - Down block 0
2026-05-29 08:11:11.854 | info     |              Op | act_block_h_override 2 is not a valid override for padded_output_height_ntiles_per_core 7, instead 1 was selected as closest valid option! (conv2d_utils.cpp:401)
2026-05-29 08:11:11.854 | INFO     | models.demos.wormhole.stable_diffusion.tt.ttnn_functional_unet_2d_condition_model_new_conv:__call__:406 - Down block 1
2026-05-29 08:11:11.860 | INFO     | models.demos.wormhole.stable_diffusion.tt.ttnn_functional_unet_2d_condition_model_new_conv:__call__:406 - Down block 2
2026-05-29 08:11:11.863 | INFO     | models.demos.wormhole.stable_diffusion.tt.ttnn_functional_unet_2d_condition_model_new_conv:__call__:406 - Down block 3
2026-05-29 08:11:11.864 | INFO     | models.demos.wormhole.stable_diffusion.tt.ttnn_functional_unet_2d_condition_model_new_conv:__call__:460 - Mid block
2026-05-29 08:11:11.865 | warning  |              Op | Mismatch between computed MemoryConfig(memory_layout=TensorMemoryLayout::BLOCK_SHARDED,buffer_type=BufferType::L1,shard_spec=ShardSpec(grid={[(x=0,y=0) - (x=7,y=3)]},shape={32, 160},orientation=ShardOrientation::ROW_MAJOR),nd_shard_spec=NdShardSpec(shard_shape=Shape([32, 160]),grid={[(x=0,y=0) - (x=7,y=3)]},orientation=ShardOrientation::ROW_MAJOR,shard_distribution_strategy=ShardDistributionStrategy::GRID_2D),created_with_nd_shard_spec=0) and provided MemoryConfig(memory_layout=TensorMemoryLayout::BLOCK_SHARDED,buffer_type=BufferType::L1,shard_spec=ShardSpec(grid={[(x=0,y=0) - (x=7,y=7)]},shape={32, 160},orientation=ShardOrientation::ROW_MAJOR),nd_shard_spec=std::nullopt,created_with_nd_shard_spec=0) mem config. Using computed config. (matmul_op.cpp:1674)
2026-05-29 08:11:11.866 | INFO     | models.demos.wormhole.stable_diffusion.tt.ttnn_functional_unet_2d_condition_model_new_conv:__call__:491 - Up block 0
2026-05-29 08:11:11.867 | INFO     | models.demos.wormhole.stable_diffusion.tt.ttnn_functional_unet_2d_condition_model_new_conv:__call__:491 - Up block 1
2026-05-29 08:11:11.872 | INFO     | models.demos.wormhole.stable_diffusion.tt.ttnn_functional_unet_2d_condition_model_new_conv:__call__:491 - Up block 2
2026-05-29 08:11:11.881 | INFO     | models.demos.wormhole.stable_diffusion.tt.ttnn_functional_unet_2d_condition_model_new_conv:__call__:491 - Up block 3
2026-05-29 08:11:11.901 | INFO     | models.demos.wormhole.stable_diffusion.tt.ttnn_functional_unet_2d_condition_model_new_conv:__call__:406 - Down block 0
2026-05-29 08:11:11.906 | info     |              Op | act_block_h_override 2 is not a valid override for padded_output_height_ntiles_per_core 7, instead 1 was selected as closest valid option! (conv2d_utils.cpp:401)
2026-05-29 08:11:11.906 | INFO     | models.demos.wormhole.stable_diffusion.tt.ttnn_functional_unet_2d_condition_model_new_conv:__call__:406 - Down block 1
2026-05-29 08:11:11.912 | INFO     | models.demos.wormhole.stable_diffusion.tt.ttnn_functional_unet_2d_condition_model_new_conv:__call__:406 - Down block 2
2026-05-29 08:11:11.915 | INFO     | models.demos.wormhole.stable_diffusion.tt.ttnn_functional_unet_2d_condition_model_new_conv:__call__:406 - Down block 3
2026-05-29 08:11:11.916 | INFO     | models.demos.wormhole.stable_diffusion.tt.ttnn_functional_unet_2d_condition_model_new_conv:__call__:460 - Mid block
2026-05-29 08:11:11.916 | warning  |              Op | Mismatch between computed MemoryConfig(memory_layout=TensorMemoryLayout::BLOCK_SHARDED,buffer_type=BufferType::L1,shard_spec=ShardSpec(grid={[(x=0,y=0) - (x=7,y=3)]},shape={32, 160},orientation=ShardOrientation::ROW_MAJOR),nd_shard_spec=NdShardSpec(shard_shape=Shape([32, 160]),grid={[(x=0,y=0) - (x=7,y=3)]},orientation=ShardOrientation::ROW_MAJOR,shard_distribution_strategy=ShardDistributionStrategy::GRID_2D),created_with_nd_shard_spec=0) and provided MemoryConfig(memory_layout=TensorMemoryLayout::BLOCK_SHARDED,buffer_type=BufferType::L1,shard_spec=ShardSpec(grid={[(x=0,y=0) - (x=7,y=7)]},shape={32, 160},orientation=ShardOrientation::ROW_MAJOR),nd_shard_spec=std::nullopt,created_with_nd_shard_spec=0) mem config. Using computed config. (matmul_op.cpp:1674)
2026-05-29 08:11:11.917 | INFO     | models.demos.wormhole.stable_diffusion.tt.ttnn_functional_unet_2d_condition_model_new_conv:__call__:491 - Up block 0
2026-05-29 08:11:11.919 | INFO     | models.demos.wormhole.stable_diffusion.tt.ttnn_functional_unet_2d_condition_model_new_conv:__call__:491 - Up block 1
2026-05-29 08:11:11.923 | INFO     | models.demos.wormhole.stable_diffusion.tt.ttnn_functional_unet_2d_condition_model_new_conv:__call__:491 - Up block 2
2026-05-29 08:11:11.932 | INFO     | models.demos.wormhole.stable_diffusion.tt.ttnn_functional_unet_2d_condition_model_new_conv:__call__:491 - Up block 3
2026-05-29 08:11:11.952 | INFO     | models.demos.wormhole.stable_diffusion.tt.ttnn_functional_unet_2d_condition_model_new_conv:__call__:406 - Down block 0
2026-05-29 08:11:11.958 | info     |              Op | act_block_h_override 2 is not a valid override for padded_output_height_ntiles_per_core 7, instead 1 was selected as closest valid option! (conv2d_utils.cpp:401)
2026-05-29 08:11:11.958 | INFO     | models.demos.wormhole.stable_diffusion.tt.ttnn_functional_unet_2d_condition_model_new_conv:__call__:406 - Down block 1
2026-05-29 08:11:11.964 | INFO     | models.demos.wormhole.stable_diffusion.tt.ttnn_functional_unet_2d_condition_model_new_conv:__call__:406 - Down block 2
2026-05-29 08:11:11.967 | INFO     | models.demos.wormhole.stable_diffusion.tt.ttnn_functional_unet_2d_condition_model_new_conv:__call__:406 - Down block 3
2026-05-29 08:11:11.968 | INFO     | models.demos.wormhole.stable_diffusion.tt.ttnn_functional_unet_2d_condition_model_new_conv:__call__:460 - Mid block
2026-05-29 08:11:11.969 | warning  |              Op | Mismatch between computed MemoryConfig(memory_layout=TensorMemoryLayout::BLOCK_SHARDED,buffer_type=BufferType::L1,shard_spec=ShardSpec(grid={[(x=0,y=0) - (x=7,y=3)]},shape={32, 160},orientation=ShardOrientation::ROW_MAJOR),nd_shard_spec=NdShardSpec(shard_shape=Shape([32, 160]),grid={[(x=0,y=0) - (x=7,y=3)]},orientation=ShardOrientation::ROW_MAJOR,shard_distribution_strategy=ShardDistributionStrategy::GRID_2D),created_with_nd_shard_spec=0) and provided MemoryConfig(memory_layout=TensorMemoryLayout::BLOCK_SHARDED,buffer_type=BufferType::L1,shard_spec=ShardSpec(grid={[(x=0,y=0) - (x=7,y=7)]},shape={32, 160},orientation=ShardOrientation::ROW_MAJOR),nd_shard_spec=std::nullopt,created_with_nd_shard_spec=0) mem config. Using computed config. (matmul_op.cpp:1674)
2026-05-29 08:11:11.970 | INFO     | models.demos.wormhole.stable_diffusion.tt.ttnn_functional_unet_2d_condition_model_new_conv:__call__:491 - Up block 0
2026-05-29 08:11:11.971 | INFO     | models.demos.wormhole.stable_diffusion.tt.ttnn_functional_unet_2d_condition_model_new_conv:__call__:491 - Up block 1
2026-05-29 08:11:11.976 | INFO     | models.demos.wormhole.stable_diffusion.tt.ttnn_functional_unet_2d_condition_model_new_conv:__call__:491 - Up block 2
2026-05-29 08:11:11.985 | INFO     | models.demos.wormhole.stable_diffusion.tt.ttnn_functional_unet_2d_condition_model_new_conv:__call__:491 - Up block 3
2026-05-29 08:11:12.005 | INFO     | models.demos.wormhole.stable_diffusion.tt.ttnn_functional_unet_2d_condition_model_new_conv:__call__:406 - Down block 0
2026-05-29 08:11:12.010 | info     |              Op | act_block_h_override 2 is not a valid override for padded_output_height_ntiles_per_core 7, instead 1 was selected as closest valid option! (conv2d_utils.cpp:401)
2026-05-29 08:11:12.011 | INFO     | models.demos.wormhole.stable_diffusion.tt.ttnn_functional_unet_2d_condition_model_new_conv:__call__:406 - Down block 1
2026-05-29 08:11:12.016 | INFO     | models.demos.wormhole.stable_diffusion.tt.ttnn_functional_unet_2d_condition_model_new_conv:__call__:406 - Down block 2
2026-05-29 08:11:12.019 | INFO     | models.demos.wormhole.stable_diffusion.tt.ttnn_functional_unet_2d_condition_model_new_conv:__call__:406 - Down block 3
2026-05-29 08:11:12.020 | INFO     | models.demos.wormhole.stable_diffusion.tt.ttnn_functional_unet_2d_condition_model_new_conv:__call__:460 - Mid block
2026-05-29 08:11:12.020 | warning  |              Op | Mismatch between computed MemoryConfig(memory_layout=TensorMemoryLayout::BLOCK_SHARDED,buffer_type=BufferType::L1,shard_spec=ShardSpec(grid={[(x=0,y=0) - (x=7,y=3)]},shape={32, 160},orientation=ShardOrientation::ROW_MAJOR),nd_shard_spec=NdShardSpec(shard_shape=Shape([32, 160]),grid={[(x=0,y=0) - (x=7,y=3)]},orientation=ShardOrientation::ROW_MAJOR,shard_distribution_strategy=ShardDistributionStrategy::GRID_2D),created_with_nd_shard_spec=0) and provided MemoryConfig(memory_layout=TensorMemoryLayout::BLOCK_SHARDED,buffer_type=BufferType::L1,shard_spec=ShardSpec(grid={[(x=0,y=0) - (x=7,y=7)]},shape={32, 160},orientation=ShardOrientation::ROW_MAJOR),nd_shard_spec=std::nullopt,created_with_nd_shard_spec=0) mem config. Using computed config. (matmul_op.cpp:1674)
2026-05-29 08:11:12.022 | INFO     | models.demos.wormhole.stable_diffusion.tt.ttnn_functional_unet_2d_condition_model_new_conv:__call__:491 - Up block 0
2026-05-29 08:11:12.023 | INFO     | models.demos.wormhole.stable_diffusion.tt.ttnn_functional_unet_2d_condition_model_new_conv:__call__:491 - Up block 1
2026-05-29 08:11:12.028 | INFO     | models.demos.wormhole.stable_diffusion.tt.ttnn_functional_unet_2d_condition_model_new_conv:__call__:491 - Up block 2
2026-05-29 08:11:12.036 | INFO     | models.demos.wormhole.stable_diffusion.tt.ttnn_functional_unet_2d_condition_model_new_conv:__call__:491 - Up block 3
2026-05-29 08:11:12.056 | INFO     | models.demos.wormhole.stable_diffusion.tt.ttnn_functional_unet_2d_condition_model_new_conv:__call__:406 - Down block 0
2026-05-29 08:11:12.062 | info     |              Op | act_block_h_override 2 is not a valid override for padded_output_height_ntiles_per_core 7, instead 1 was selected as closest valid option! (conv2d_utils.cpp:401)
2026-05-29 08:11:12.062 | INFO     | models.demos.wormhole.stable_diffusion.tt.ttnn_functional_unet_2d_condition_model_new_conv:__call__:406 - Down block 1
2026-05-29 08:11:12.068 | INFO     | models.demos.wormhole.stable_diffusion.tt.ttnn_functional_unet_2d_condition_model_new_conv:__call__:406 - Down block 2
2026-05-29 08:11:12.072 | INFO     | models.demos.wormhole.stable_diffusion.tt.ttnn_functional_unet_2d_condition_model_new_conv:__call__:406 - Down block 3
2026-05-29 08:11:12.072 | INFO     | models.demos.wormhole.stable_diffusion.tt.ttnn_functional_unet_2d_condition_model_new_conv:__call__:460 - Mid block
2026-05-29 08:11:12.073 | warning  |              Op | Mismatch between computed MemoryConfig(memory_layout=TensorMemoryLayout::BLOCK_SHARDED,buffer_type=BufferType::L1,shard_spec=ShardSpec(grid={[(x=0,y=0) - (x=7,y=3)]},shape={32, 160},orientation=ShardOrientation::ROW_MAJOR),nd_shard_spec=NdShardSpec(shard_shape=Shape([32, 160]),grid={[(x=0,y=0) - (x=7,y=3)]},orientation=ShardOrientation::ROW_MAJOR,shard_distribution_strategy=ShardDistributionStrategy::GRID_2D),created_with_nd_shard_spec=0) and provided MemoryConfig(memory_layout=TensorMemoryLayout::BLOCK_SHARDED,buffer_type=BufferType::L1,shard_spec=ShardSpec(grid={[(x=0,y=0) - (x=7,y=7)]},shape={32, 160},orientation=ShardOrientation::ROW_MAJOR),nd_shard_spec=std::nullopt,created_with_nd_shard_spec=0) mem config. Using computed config. (matmul_op.cpp:1674)
2026-05-29 08:11:12.074 | INFO     | models.demos.wormhole.stable_diffusion.tt.ttnn_functional_unet_2d_condition_model_new_conv:__call__:491 - Up block 0
2026-05-29 08:11:12.076 | INFO     | models.demos.wormhole.stable_diffusion.tt.ttnn_functional_unet_2d_condition_model_new_conv:__call__:491 - Up block 1
2026-05-29 08:11:12.081 | INFO     | models.demos.wormhole.stable_diffusion.tt.ttnn_functional_unet_2d_condition_model_new_conv:__call__:491 - Up block 2
2026-05-29 08:11:12.089 | INFO     | models.demos.wormhole.stable_diffusion.tt.ttnn_functional_unet_2d_condition_model_new_conv:__call__:491 - Up block 3
2026-05-29 08:11:12.109 | INFO     | models.demos.wormhole.stable_diffusion.tt.ttnn_functional_unet_2d_condition_model_new_conv:__call__:406 - Down block 0
2026-05-29 08:11:12.115 | info     |              Op | act_block_h_override 2 is not a valid override for padded_output_height_ntiles_per_core 7, instead 1 was selected as closest valid option! (conv2d_utils.cpp:401)
2026-05-29 08:11:12.115 | INFO     | models.demos.wormhole.stable_diffusion.tt.ttnn_functional_unet_2d_condition_model_new_conv:__call__:406 - Down block 1
2026-05-29 08:11:12.121 | INFO     | models.demos.wormhole.stable_diffusion.tt.ttnn_functional_unet_2d_condition_model_new_conv:__call__:406 - Down block 2
2026-05-29 08:11:12.124 | INFO     | models.demos.wormhole.stable_diffusion.tt.ttnn_functional_unet_2d_condition_model_new_conv:__call__:406 - Down block 3
2026-05-29 08:11:12.125 | INFO     | models.demos.wormhole.stable_diffusion.tt.ttnn_functional_unet_2d_condition_model_new_conv:__call__:460 - Mid block
2026-05-29 08:11:12.125 | warning  |              Op | Mismatch between computed MemoryConfig(memory_layout=TensorMemoryLayout::BLOCK_SHARDED,buffer_type=BufferType::L1,shard_spec=ShardSpec(grid={[(x=0,y=0) - (x=7,y=3)]},shape={32, 160},orientation=ShardOrientation::ROW_MAJOR),nd_shard_spec=NdShardSpec(shard_shape=Shape([32, 160]),grid={[(x=0,y=0) - (x=7,y=3)]},orientation=ShardOrientation::ROW_MAJOR,shard_distribution_strategy=ShardDistributionStrategy::GRID_2D),created_with_nd_shard_spec=0) and provided MemoryConfig(memory_layout=TensorMemoryLayout::BLOCK_SHARDED,buffer_type=BufferType::L1,shard_spec=ShardSpec(grid={[(x=0,y=0) - (x=7,y=7)]},shape={32, 160},orientation=ShardOrientation::ROW_MAJOR),nd_shard_spec=std::nullopt,created_with_nd_shard_spec=0) mem config. Using computed config. (matmul_op.cpp:1674)
2026-05-29 08:11:12.127 | INFO     | models.demos.wormhole.stable_diffusion.tt.ttnn_functional_unet_2d_condition_model_new_conv:__call__:491 - Up block 0
2026-05-29 08:11:12.128 | INFO     | models.demos.wormhole.stable_diffusion.tt.ttnn_functional_unet_2d_condition_model_new_conv:__call__:491 - Up block 1
2026-05-29 08:11:12.133 | INFO     | models.demos.wormhole.stable_diffusion.tt.ttnn_functional_unet_2d_condition_model_new_conv:__call__:491 - Up block 2
2026-05-29 08:11:12.141 | INFO     | models.demos.wormhole.stable_diffusion.tt.ttnn_functional_unet_2d_condition_model_new_conv:__call__:491 - Up block 3
  Step 12/41
2026-05-29 08:11:12.164 | INFO     | models.demos.wormhole.stable_diffusion.tt.ttnn_functional_unet_2d_condition_model_new_conv:__call__:406 - Down block 0
2026-05-29 08:11:12.170 | info     |              Op | act_block_h_override 2 is not a valid override for padded_output_height_ntiles_per_core 7, instead 1 was selected as closest valid option! (conv2d_utils.cpp:401)
2026-05-29 08:11:12.170 | INFO     | models.demos.wormhole.stable_diffusion.tt.ttnn_functional_unet_2d_condition_model_new_conv:__call__:406 - Down block 1
2026-05-29 08:11:12.175 | INFO     | models.demos.wormhole.stable_diffusion.tt.ttnn_functional_unet_2d_condition_model_new_conv:__call__:406 - Down block 2
2026-05-29 08:11:12.179 | INFO     | models.demos.wormhole.stable_diffusion.tt.ttnn_functional_unet_2d_condition_model_new_conv:__call__:406 - Down block 3
2026-05-29 08:11:12.180 | INFO     | models.demos.wormhole.stable_diffusion.tt.ttnn_functional_unet_2d_condition_model_new_conv:__call__:460 - Mid block
2026-05-29 08:11:12.180 | warning  |              Op | Mismatch between computed MemoryConfig(memory_layout=TensorMemoryLayout::BLOCK_SHARDED,buffer_type=BufferType::L1,shard_spec=ShardSpec(grid={[(x=0,y=0) - (x=7,y=3)]},shape={32, 160},orientation=ShardOrientation::ROW_MAJOR),nd_shard_spec=NdShardSpec(shard_shape=Shape([32, 160]),grid={[(x=0,y=0) - (x=7,y=3)]},orientation=ShardOrientation::ROW_MAJOR,shard_distribution_strategy=ShardDistributionStrategy::GRID_2D),created_with_nd_shard_spec=0) and provided MemoryConfig(memory_layout=TensorMemoryLayout::BLOCK_SHARDED,buffer_type=BufferType::L1,shard_spec=ShardSpec(grid={[(x=0,y=0) - (x=7,y=7)]},shape={32, 160},orientation=ShardOrientation::ROW_MAJOR),nd_shard_spec=std::nullopt,created_with_nd_shard_spec=0) mem config. Using computed config. (matmul_op.cpp:1674)
2026-05-29 08:11:12.181 | INFO     | models.demos.wormhole.stable_diffusion.tt.ttnn_functional_unet_2d_condition_model_new_conv:__call__:491 - Up block 0
2026-05-29 08:11:12.183 | INFO     | models.demos.wormhole.stable_diffusion.tt.ttnn_functional_unet_2d_condition_model_new_conv:__call__:491 - Up block 1
2026-05-29 08:11:12.188 | INFO     | models.demos.wormhole.stable_diffusion.tt.ttnn_functional_unet_2d_condition_model_new_conv:__call__:491 - Up block 2
2026-05-29 08:11:12.196 | INFO     | models.demos.wormhole.stable_diffusion.tt.ttnn_functional_unet_2d_condition_model_new_conv:__call__:491 - Up block 3
2026-05-29 08:11:12.216 | INFO     | models.demos.wormhole.stable_diffusion.tt.ttnn_functional_unet_2d_condition_model_new_conv:__call__:406 - Down block 0
2026-05-29 08:11:12.222 | info     |              Op | act_block_h_override 2 is not a valid override for padded_output_height_ntiles_per_core 7, instead 1 was selected as closest valid option! (conv2d_utils.cpp:401)
2026-05-29 08:11:12.222 | INFO     | models.demos.wormhole.stable_diffusion.tt.ttnn_functional_unet_2d_condition_model_new_conv:__call__:406 - Down block 1
2026-05-29 08:11:12.228 | INFO     | models.demos.wormhole.stable_diffusion.tt.ttnn_functional_unet_2d_condition_model_new_conv:__call__:406 - Down block 2
2026-05-29 08:11:12.231 | INFO     | models.demos.wormhole.stable_diffusion.tt.ttnn_functional_unet_2d_condition_model_new_conv:__call__:406 - Down block 3
2026-05-29 08:11:12.232 | INFO     | models.demos.wormhole.stable_diffusion.tt.ttnn_functional_unet_2d_condition_model_new_conv:__call__:460 - Mid block
2026-05-29 08:11:12.232 | warning  |              Op | Mismatch between computed MemoryConfig(memory_layout=TensorMemoryLayout::BLOCK_SHARDED,buffer_type=BufferType::L1,shard_spec=ShardSpec(grid={[(x=0,y=0) - (x=7,y=3)]},shape={32, 160},orientation=ShardOrientation::ROW_MAJOR),nd_shard_spec=NdShardSpec(shard_shape=Shape([32, 160]),grid={[(x=0,y=0) - (x=7,y=3)]},orientation=ShardOrientation::ROW_MAJOR,shard_distribution_strategy=ShardDistributionStrategy::GRID_2D),created_with_nd_shard_spec=0) and provided MemoryConfig(memory_layout=TensorMemoryLayout::BLOCK_SHARDED,buffer_type=BufferType::L1,shard_spec=ShardSpec(grid={[(x=0,y=0) - (x=7,y=7)]},shape={32, 160},orientation=ShardOrientation::ROW_MAJOR),nd_shard_spec=std::nullopt,created_with_nd_shard_spec=0) mem config. Using computed config. (matmul_op.cpp:1674)
2026-05-29 08:11:12.234 | INFO     | models.demos.wormhole.stable_diffusion.tt.ttnn_functional_unet_2d_condition_model_new_conv:__call__:491 - Up block 0
2026-05-29 08:11:12.235 | INFO     | models.demos.wormhole.stable_diffusion.tt.ttnn_functional_unet_2d_condition_model_new_conv:__call__:491 - Up block 1
2026-05-29 08:11:12.240 | INFO     | models.demos.wormhole.stable_diffusion.tt.ttnn_functional_unet_2d_condition_model_new_conv:__call__:491 - Up block 2
2026-05-29 08:11:12.248 | INFO     | models.demos.wormhole.stable_diffusion.tt.ttnn_functional_unet_2d_condition_model_new_conv:__call__:491 - Up block 3
2026-05-29 08:11:12.268 | INFO     | models.demos.wormhole.stable_diffusion.tt.ttnn_functional_unet_2d_condition_model_new_conv:__call__:406 - Down block 0
2026-05-29 08:11:12.274 | info     |              Op | act_block_h_override 2 is not a valid override for padded_output_height_ntiles_per_core 7, instead 1 was selected as closest valid option! (conv2d_utils.cpp:401)
2026-05-29 08:11:12.274 | INFO     | models.demos.wormhole.stable_diffusion.tt.ttnn_functional_unet_2d_condition_model_new_conv:__call__:406 - Down block 1
2026-05-29 08:11:12.279 | INFO     | models.demos.wormhole.stable_diffusion.tt.ttnn_functional_unet_2d_condition_model_new_conv:__call__:406 - Down block 2
2026-05-29 08:11:12.283 | INFO     | models.demos.wormhole.stable_diffusion.tt.ttnn_functional_unet_2d_condition_model_new_conv:__call__:406 - Down block 3
2026-05-29 08:11:12.283 | INFO     | models.demos.wormhole.stable_diffusion.tt.ttnn_functional_unet_2d_condition_model_new_conv:__call__:460 - Mid block
2026-05-29 08:11:12.284 | warning  |              Op | Mismatch between computed MemoryConfig(memory_layout=TensorMemoryLayout::BLOCK_SHARDED,buffer_type=BufferType::L1,shard_spec=ShardSpec(grid={[(x=0,y=0) - (x=7,y=3)]},shape={32, 160},orientation=ShardOrientation::ROW_MAJOR),nd_shard_spec=NdShardSpec(shard_shape=Shape([32, 160]),grid={[(x=0,y=0) - (x=7,y=3)]},orientation=ShardOrientation::ROW_MAJOR,shard_distribution_strategy=ShardDistributionStrategy::GRID_2D),created_with_nd_shard_spec=0) and provided MemoryConfig(memory_layout=TensorMemoryLayout::BLOCK_SHARDED,buffer_type=BufferType::L1,shard_spec=ShardSpec(grid={[(x=0,y=0) - (x=7,y=7)]},shape={32, 160},orientation=ShardOrientation::ROW_MAJOR),nd_shard_spec=std::nullopt,created_with_nd_shard_spec=0) mem config. Using computed config. (matmul_op.cpp:1674)
2026-05-29 08:11:12.285 | INFO     | models.demos.wormhole.stable_diffusion.tt.ttnn_functional_unet_2d_condition_model_new_conv:__call__:491 - Up block 0
2026-05-29 08:11:12.286 | INFO     | models.demos.wormhole.stable_diffusion.tt.ttnn_functional_unet_2d_condition_model_new_conv:__call__:491 - Up block 1
2026-05-29 08:11:12.291 | INFO     | models.demos.wormhole.stable_diffusion.tt.ttnn_functional_unet_2d_condition_model_new_conv:__call__:491 - Up block 2
2026-05-29 08:11:12.299 | INFO     | models.demos.wormhole.stable_diffusion.tt.ttnn_functional_unet_2d_condition_model_new_conv:__call__:491 - Up block 3
2026-05-29 08:11:12.320 | INFO     | models.demos.wormhole.stable_diffusion.tt.ttnn_functional_unet_2d_condition_model_new_conv:__call__:406 - Down block 0
2026-05-29 08:11:12.326 | info     |              Op | act_block_h_override 2 is not a valid override for padded_output_height_ntiles_per_core 7, instead 1 was selected as closest valid option! (conv2d_utils.cpp:401)
2026-05-29 08:11:12.326 | INFO     | models.demos.wormhole.stable_diffusion.tt.ttnn_functional_unet_2d_condition_model_new_conv:__call__:406 - Down block 1
2026-05-29 08:11:12.331 | INFO     | models.demos.wormhole.stable_diffusion.tt.ttnn_functional_unet_2d_condition_model_new_conv:__call__:406 - Down block 2
2026-05-29 08:11:12.335 | INFO     | models.demos.wormhole.stable_diffusion.tt.ttnn_functional_unet_2d_condition_model_new_conv:__call__:406 - Down block 3
2026-05-29 08:11:12.335 | INFO     | models.demos.wormhole.stable_diffusion.tt.ttnn_functional_unet_2d_condition_model_new_conv:__call__:460 - Mid block
2026-05-29 08:11:12.336 | warning  |              Op | Mismatch between computed MemoryConfig(memory_layout=TensorMemoryLayout::BLOCK_SHARDED,buffer_type=BufferType::L1,shard_spec=ShardSpec(grid={[(x=0,y=0) - (x=7,y=3)]},shape={32, 160},orientation=ShardOrientation::ROW_MAJOR),nd_shard_spec=NdShardSpec(shard_shape=Shape([32, 160]),grid={[(x=0,y=0) - (x=7,y=3)]},orientation=ShardOrientation::ROW_MAJOR,shard_distribution_strategy=ShardDistributionStrategy::GRID_2D),created_with_nd_shard_spec=0) and provided MemoryConfig(memory_layout=TensorMemoryLayout::BLOCK_SHARDED,buffer_type=BufferType::L1,shard_spec=ShardSpec(grid={[(x=0,y=0) - (x=7,y=7)]},shape={32, 160},orientation=ShardOrientation::ROW_MAJOR),nd_shard_spec=std::nullopt,created_with_nd_shard_spec=0) mem config. Using computed config. (matmul_op.cpp:1674)
2026-05-29 08:11:12.337 | INFO     | models.demos.wormhole.stable_diffusion.tt.ttnn_functional_unet_2d_condition_model_new_conv:__call__:491 - Up block 0
2026-05-29 08:11:12.339 | INFO     | models.demos.wormhole.stable_diffusion.tt.ttnn_functional_unet_2d_condition_model_new_conv:__call__:491 - Up block 1
2026-05-29 08:11:12.344 | INFO     | models.demos.wormhole.stable_diffusion.tt.ttnn_functional_unet_2d_condition_model_new_conv:__call__:491 - Up block 2
2026-05-29 08:11:12.352 | INFO     | models.demos.wormhole.stable_diffusion.tt.ttnn_functional_unet_2d_condition_model_new_conv:__call__:491 - Up block 3
2026-05-29 08:11:12.372 | INFO     | models.demos.wormhole.stable_diffusion.tt.ttnn_functional_unet_2d_condition_model_new_conv:__call__:406 - Down block 0
2026-05-29 08:11:12.378 | info     |              Op | act_block_h_override 2 is not a valid override for padded_output_height_ntiles_per_core 7, instead 1 was selected as closest valid option! (conv2d_utils.cpp:401)
2026-05-29 08:11:12.378 | INFO     | models.demos.wormhole.stable_diffusion.tt.ttnn_functional_unet_2d_condition_model_new_conv:__call__:406 - Down block 1
2026-05-29 08:11:12.383 | INFO     | models.demos.wormhole.stable_diffusion.tt.ttnn_functional_unet_2d_condition_model_new_conv:__call__:406 - Down block 2
2026-05-29 08:11:12.386 | INFO     | models.demos.wormhole.stable_diffusion.tt.ttnn_functional_unet_2d_condition_model_new_conv:__call__:406 - Down block 3
2026-05-29 08:11:12.387 | INFO     | models.demos.wormhole.stable_diffusion.tt.ttnn_functional_unet_2d_condition_model_new_conv:__call__:460 - Mid block
2026-05-29 08:11:12.388 | warning  |              Op | Mismatch between computed MemoryConfig(memory_layout=TensorMemoryLayout::BLOCK_SHARDED,buffer_type=BufferType::L1,shard_spec=ShardSpec(grid={[(x=0,y=0) - (x=7,y=3)]},shape={32, 160},orientation=ShardOrientation::ROW_MAJOR),nd_shard_spec=NdShardSpec(shard_shape=Shape([32, 160]),grid={[(x=0,y=0) - (x=7,y=3)]},orientation=ShardOrientation::ROW_MAJOR,shard_distribution_strategy=ShardDistributionStrategy::GRID_2D),created_with_nd_shard_spec=0) and provided MemoryConfig(memory_layout=TensorMemoryLayout::BLOCK_SHARDED,buffer_type=BufferType::L1,shard_spec=ShardSpec(grid={[(x=0,y=0) - (x=7,y=7)]},shape={32, 160},orientation=ShardOrientation::ROW_MAJOR),nd_shard_spec=std::nullopt,created_with_nd_shard_spec=0) mem config. Using computed config. (matmul_op.cpp:1674)
2026-05-29 08:11:12.389 | INFO     | models.demos.wormhole.stable_diffusion.tt.ttnn_functional_unet_2d_condition_model_new_conv:__call__:491 - Up block 0
2026-05-29 08:11:12.390 | INFO     | models.demos.wormhole.stable_diffusion.tt.ttnn_functional_unet_2d_condition_model_new_conv:__call__:491 - Up block 1
2026-05-29 08:11:12.395 | INFO     | models.demos.wormhole.stable_diffusion.tt.ttnn_functional_unet_2d_condition_model_new_conv:__call__:491 - Up block 2
2026-05-29 08:11:12.403 | INFO     | models.demos.wormhole.stable_diffusion.tt.ttnn_functional_unet_2d_condition_model_new_conv:__call__:491 - Up block 3
2026-05-29 08:11:12.424 | INFO     | models.demos.wormhole.stable_diffusion.tt.ttnn_functional_unet_2d_condition_model_new_conv:__call__:406 - Down block 0
2026-05-29 08:11:12.429 | info     |              Op | act_block_h_override 2 is not a valid override for padded_output_height_ntiles_per_core 7, instead 1 was selected as closest valid option! (conv2d_utils.cpp:401)
2026-05-29 08:11:12.430 | INFO     | models.demos.wormhole.stable_diffusion.tt.ttnn_functional_unet_2d_condition_model_new_conv:__call__:406 - Down block 1
2026-05-29 08:11:12.435 | INFO     | models.demos.wormhole.stable_diffusion.tt.ttnn_functional_unet_2d_condition_model_new_conv:__call__:406 - Down block 2
2026-05-29 08:11:12.439 | INFO     | models.demos.wormhole.stable_diffusion.tt.ttnn_functional_unet_2d_condition_model_new_conv:__call__:406 - Down block 3
2026-05-29 08:11:12.439 | INFO     | models.demos.wormhole.stable_diffusion.tt.ttnn_functional_unet_2d_condition_model_new_conv:__call__:460 - Mid block
2026-05-29 08:11:12.440 | warning  |              Op | Mismatch between computed MemoryConfig(memory_layout=TensorMemoryLayout::BLOCK_SHARDED,buffer_type=BufferType::L1,shard_spec=ShardSpec(grid={[(x=0,y=0) - (x=7,y=3)]},shape={32, 160},orientation=ShardOrientation::ROW_MAJOR),nd_shard_spec=NdShardSpec(shard_shape=Shape([32, 160]),grid={[(x=0,y=0) - (x=7,y=3)]},orientation=ShardOrientation::ROW_MAJOR,shard_distribution_strategy=ShardDistributionStrategy::GRID_2D),created_with_nd_shard_spec=0) and provided MemoryConfig(memory_layout=TensorMemoryLayout::BLOCK_SHARDED,buffer_type=BufferType::L1,shard_spec=ShardSpec(grid={[(x=0,y=0) - (x=7,y=7)]},shape={32, 160},orientation=ShardOrientation::ROW_MAJOR),nd_shard_spec=std::nullopt,created_with_nd_shard_spec=0) mem config. Using computed config. (matmul_op.cpp:1674)
2026-05-29 08:11:12.441 | INFO     | models.demos.wormhole.stable_diffusion.tt.ttnn_functional_unet_2d_condition_model_new_conv:__call__:491 - Up block 0
2026-05-29 08:11:12.442 | INFO     | models.demos.wormhole.stable_diffusion.tt.ttnn_functional_unet_2d_condition_model_new_conv:__call__:491 - Up block 1
2026-05-29 08:11:12.447 | INFO     | models.demos.wormhole.stable_diffusion.tt.ttnn_functional_unet_2d_condition_model_new_conv:__call__:491 - Up block 2
2026-05-29 08:11:12.456 | INFO     | models.demos.wormhole.stable_diffusion.tt.ttnn_functional_unet_2d_condition_model_new_conv:__call__:491 - Up block 3
2026-05-29 08:11:12.476 | INFO     | models.demos.wormhole.stable_diffusion.tt.ttnn_functional_unet_2d_condition_model_new_conv:__call__:406 - Down block 0
2026-05-29 08:11:12.481 | info     |              Op | act_block_h_override 2 is not a valid override for padded_output_height_ntiles_per_core 7, instead 1 was selected as closest valid option! (conv2d_utils.cpp:401)
2026-05-29 08:11:12.482 | INFO     | models.demos.wormhole.stable_diffusion.tt.ttnn_functional_unet_2d_condition_model_new_conv:__call__:406 - Down block 1
2026-05-29 08:11:12.487 | INFO     | models.demos.wormhole.stable_diffusion.tt.ttnn_functional_unet_2d_condition_model_new_conv:__call__:406 - Down block 2
2026-05-29 08:11:12.491 | INFO     | models.demos.wormhole.stable_diffusion.tt.ttnn_functional_unet_2d_condition_model_new_conv:__call__:406 - Down block 3
2026-05-29 08:11:12.491 | INFO     | models.demos.wormhole.stable_diffusion.tt.ttnn_functional_unet_2d_condition_model_new_conv:__call__:460 - Mid block
2026-05-29 08:11:12.492 | warning  |              Op | Mismatch between computed MemoryConfig(memory_layout=TensorMemoryLayout::BLOCK_SHARDED,buffer_type=BufferType::L1,shard_spec=ShardSpec(grid={[(x=0,y=0) - (x=7,y=3)]},shape={32, 160},orientation=ShardOrientation::ROW_MAJOR),nd_shard_spec=NdShardSpec(shard_shape=Shape([32, 160]),grid={[(x=0,y=0) - (x=7,y=3)]},orientation=ShardOrientation::ROW_MAJOR,shard_distribution_strategy=ShardDistributionStrategy::GRID_2D),created_with_nd_shard_spec=0) and provided MemoryConfig(memory_layout=TensorMemoryLayout::BLOCK_SHARDED,buffer_type=BufferType::L1,shard_spec=ShardSpec(grid={[(x=0,y=0) - (x=7,y=7)]},shape={32, 160},orientation=ShardOrientation::ROW_MAJOR),nd_shard_spec=std::nullopt,created_with_nd_shard_spec=0) mem config. Using computed config. (matmul_op.cpp:1674)
2026-05-29 08:11:12.493 | INFO     | models.demos.wormhole.stable_diffusion.tt.ttnn_functional_unet_2d_condition_model_new_conv:__call__:491 - Up block 0
2026-05-29 08:11:12.495 | INFO     | models.demos.wormhole.stable_diffusion.tt.ttnn_functional_unet_2d_condition_model_new_conv:__call__:491 - Up block 1
2026-05-29 08:11:12.500 | INFO     | models.demos.wormhole.stable_diffusion.tt.ttnn_functional_unet_2d_condition_model_new_conv:__call__:491 - Up block 2
2026-05-29 08:11:12.508 | INFO     | models.demos.wormhole.stable_diffusion.tt.ttnn_functional_unet_2d_condition_model_new_conv:__call__:491 - Up block 3
2026-05-29 08:11:12.528 | INFO     | models.demos.wormhole.stable_diffusion.tt.ttnn_functional_unet_2d_condition_model_new_conv:__call__:406 - Down block 0
2026-05-29 08:11:12.533 | info     |              Op | act_block_h_override 2 is not a valid override for padded_output_height_ntiles_per_core 7, instead 1 was selected as closest valid option! (conv2d_utils.cpp:401)
2026-05-29 08:11:12.534 | INFO     | models.demos.wormhole.stable_diffusion.tt.ttnn_functional_unet_2d_condition_model_new_conv:__call__:406 - Down block 1
2026-05-29 08:11:12.539 | INFO     | models.demos.wormhole.stable_diffusion.tt.ttnn_functional_unet_2d_condition_model_new_conv:__call__:406 - Down block 2
2026-05-29 08:11:12.542 | INFO     | models.demos.wormhole.stable_diffusion.tt.ttnn_functional_unet_2d_condition_model_new_conv:__call__:406 - Down block 3
2026-05-29 08:11:12.543 | INFO     | models.demos.wormhole.stable_diffusion.tt.ttnn_functional_unet_2d_condition_model_new_conv:__call__:460 - Mid block
2026-05-29 08:11:12.544 | warning  |              Op | Mismatch between computed MemoryConfig(memory_layout=TensorMemoryLayout::BLOCK_SHARDED,buffer_type=BufferType::L1,shard_spec=ShardSpec(grid={[(x=0,y=0) - (x=7,y=3)]},shape={32, 160},orientation=ShardOrientation::ROW_MAJOR),nd_shard_spec=NdShardSpec(shard_shape=Shape([32, 160]),grid={[(x=0,y=0) - (x=7,y=3)]},orientation=ShardOrientation::ROW_MAJOR,shard_distribution_strategy=ShardDistributionStrategy::GRID_2D),created_with_nd_shard_spec=0) and provided MemoryConfig(memory_layout=TensorMemoryLayout::BLOCK_SHARDED,buffer_type=BufferType::L1,shard_spec=ShardSpec(grid={[(x=0,y=0) - (x=7,y=7)]},shape={32, 160},orientation=ShardOrientation::ROW_MAJOR),nd_shard_spec=std::nullopt,created_with_nd_shard_spec=0) mem config. Using computed config. (matmul_op.cpp:1674)
2026-05-29 08:11:12.545 | INFO     | models.demos.wormhole.stable_diffusion.tt.ttnn_functional_unet_2d_condition_model_new_conv:__call__:491 - Up block 0
2026-05-29 08:11:12.546 | INFO     | models.demos.wormhole.stable_diffusion.tt.ttnn_functional_unet_2d_condition_model_new_conv:__call__:491 - Up block 1
2026-05-29 08:11:12.551 | INFO     | models.demos.wormhole.stable_diffusion.tt.ttnn_functional_unet_2d_condition_model_new_conv:__call__:491 - Up block 2
2026-05-29 08:11:12.560 | INFO     | models.demos.wormhole.stable_diffusion.tt.ttnn_functional_unet_2d_condition_model_new_conv:__call__:491 - Up block 3
  Step 13/41
2026-05-29 08:11:12.582 | INFO     | models.demos.wormhole.stable_diffusion.tt.ttnn_functional_unet_2d_condition_model_new_conv:__call__:406 - Down block 0
2026-05-29 08:11:12.588 | info     |              Op | act_block_h_override 2 is not a valid override for padded_output_height_ntiles_per_core 7, instead 1 was selected as closest valid option! (conv2d_utils.cpp:401)
2026-05-29 08:11:12.588 | INFO     | models.demos.wormhole.stable_diffusion.tt.ttnn_functional_unet_2d_condition_model_new_conv:__call__:406 - Down block 1
2026-05-29 08:11:12.593 | INFO     | models.demos.wormhole.stable_diffusion.tt.ttnn_functional_unet_2d_condition_model_new_conv:__call__:406 - Down block 2
2026-05-29 08:11:12.597 | INFO     | models.demos.wormhole.stable_diffusion.tt.ttnn_functional_unet_2d_condition_model_new_conv:__call__:406 - Down block 3
2026-05-29 08:11:12.598 | INFO     | models.demos.wormhole.stable_diffusion.tt.ttnn_functional_unet_2d_condition_model_new_conv:__call__:460 - Mid block
2026-05-29 08:11:12.598 | warning  |              Op | Mismatch between computed MemoryConfig(memory_layout=TensorMemoryLayout::BLOCK_SHARDED,buffer_type=BufferType::L1,shard_spec=ShardSpec(grid={[(x=0,y=0) - (x=7,y=3)]},shape={32, 160},orientation=ShardOrientation::ROW_MAJOR),nd_shard_spec=NdShardSpec(shard_shape=Shape([32, 160]),grid={[(x=0,y=0) - (x=7,y=3)]},orientation=ShardOrientation::ROW_MAJOR,shard_distribution_strategy=ShardDistributionStrategy::GRID_2D),created_with_nd_shard_spec=0) and provided MemoryConfig(memory_layout=TensorMemoryLayout::BLOCK_SHARDED,buffer_type=BufferType::L1,shard_spec=ShardSpec(grid={[(x=0,y=0) - (x=7,y=7)]},shape={32, 160},orientation=ShardOrientation::ROW_MAJOR),nd_shard_spec=std::nullopt,created_with_nd_shard_spec=0) mem config. Using computed config. (matmul_op.cpp:1674)
2026-05-29 08:11:12.600 | INFO     | models.demos.wormhole.stable_diffusion.tt.ttnn_functional_unet_2d_condition_model_new_conv:__call__:491 - Up block 0
2026-05-29 08:11:12.601 | INFO     | models.demos.wormhole.stable_diffusion.tt.ttnn_functional_unet_2d_condition_model_new_conv:__call__:491 - Up block 1
2026-05-29 08:11:12.606 | INFO     | models.demos.wormhole.stable_diffusion.tt.ttnn_functional_unet_2d_condition_model_new_conv:__call__:491 - Up block 2
2026-05-29 08:11:12.614 | INFO     | models.demos.wormhole.stable_diffusion.tt.ttnn_functional_unet_2d_condition_model_new_conv:__call__:491 - Up block 3
2026-05-29 08:11:12.634 | INFO     | models.demos.wormhole.stable_diffusion.tt.ttnn_functional_unet_2d_condition_model_new_conv:__call__:406 - Down block 0
2026-05-29 08:11:12.640 | info     |              Op | act_block_h_override 2 is not a valid override for padded_output_height_ntiles_per_core 7, instead 1 was selected as closest valid option! (conv2d_utils.cpp:401)
2026-05-29 08:11:12.640 | INFO     | models.demos.wormhole.stable_diffusion.tt.ttnn_functional_unet_2d_condition_model_new_conv:__call__:406 - Down block 1
2026-05-29 08:11:12.645 | INFO     | models.demos.wormhole.stable_diffusion.tt.ttnn_functional_unet_2d_condition_model_new_conv:__call__:406 - Down block 2
2026-05-29 08:11:12.649 | INFO     | models.demos.wormhole.stable_diffusion.tt.ttnn_functional_unet_2d_condition_model_new_conv:__call__:406 - Down block 3
2026-05-29 08:11:12.649 | INFO     | models.demos.wormhole.stable_diffusion.tt.ttnn_functional_unet_2d_condition_model_new_conv:__call__:460 - Mid block
2026-05-29 08:11:12.650 | warning  |              Op | Mismatch between computed MemoryConfig(memory_layout=TensorMemoryLayout::BLOCK_SHARDED,buffer_type=BufferType::L1,shard_spec=ShardSpec(grid={[(x=0,y=0) - (x=7,y=3)]},shape={32, 160},orientation=ShardOrientation::ROW_MAJOR),nd_shard_spec=NdShardSpec(shard_shape=Shape([32, 160]),grid={[(x=0,y=0) - (x=7,y=3)]},orientation=ShardOrientation::ROW_MAJOR,shard_distribution_strategy=ShardDistributionStrategy::GRID_2D),created_with_nd_shard_spec=0) and provided MemoryConfig(memory_layout=TensorMemoryLayout::BLOCK_SHARDED,buffer_type=BufferType::L1,shard_spec=ShardSpec(grid={[(x=0,y=0) - (x=7,y=7)]},shape={32, 160},orientation=ShardOrientation::ROW_MAJOR),nd_shard_spec=std::nullopt,created_with_nd_shard_spec=0) mem config. Using computed config. (matmul_op.cpp:1674)
2026-05-29 08:11:12.651 | INFO     | models.demos.wormhole.stable_diffusion.tt.ttnn_functional_unet_2d_condition_model_new_conv:__call__:491 - Up block 0
2026-05-29 08:11:12.652 | INFO     | models.demos.wormhole.stable_diffusion.tt.ttnn_functional_unet_2d_condition_model_new_conv:__call__:491 - Up block 1
2026-05-29 08:11:12.657 | INFO     | models.demos.wormhole.stable_diffusion.tt.ttnn_functional_unet_2d_condition_model_new_conv:__call__:491 - Up block 2
2026-05-29 08:11:12.665 | INFO     | models.demos.wormhole.stable_diffusion.tt.ttnn_functional_unet_2d_condition_model_new_conv:__call__:491 - Up block 3
2026-05-29 08:11:12.686 | INFO     | models.demos.wormhole.stable_diffusion.tt.ttnn_functional_unet_2d_condition_model_new_conv:__call__:406 - Down block 0
2026-05-29 08:11:12.692 | info     |              Op | act_block_h_override 2 is not a valid override for padded_output_height_ntiles_per_core 7, instead 1 was selected as closest valid option! (conv2d_utils.cpp:401)
2026-05-29 08:11:12.692 | INFO     | models.demos.wormhole.stable_diffusion.tt.ttnn_functional_unet_2d_condition_model_new_conv:__call__:406 - Down block 1
2026-05-29 08:11:12.698 | INFO     | models.demos.wormhole.stable_diffusion.tt.ttnn_functional_unet_2d_condition_model_new_conv:__call__:406 - Down block 2
2026-05-29 08:11:12.701 | INFO     | models.demos.wormhole.stable_diffusion.tt.ttnn_functional_unet_2d_condition_model_new_conv:__call__:406 - Down block 3
2026-05-29 08:11:12.702 | INFO     | models.demos.wormhole.stable_diffusion.tt.ttnn_functional_unet_2d_condition_model_new_conv:__call__:460 - Mid block
2026-05-29 08:11:12.702 | warning  |              Op | Mismatch between computed MemoryConfig(memory_layout=TensorMemoryLayout::BLOCK_SHARDED,buffer_type=BufferType::L1,shard_spec=ShardSpec(grid={[(x=0,y=0) - (x=7,y=3)]},shape={32, 160},orientation=ShardOrientation::ROW_MAJOR),nd_shard_spec=NdShardSpec(shard_shape=Shape([32, 160]),grid={[(x=0,y=0) - (x=7,y=3)]},orientation=ShardOrientation::ROW_MAJOR,shard_distribution_strategy=ShardDistributionStrategy::GRID_2D),created_with_nd_shard_spec=0) and provided MemoryConfig(memory_layout=TensorMemoryLayout::BLOCK_SHARDED,buffer_type=BufferType::L1,shard_spec=ShardSpec(grid={[(x=0,y=0) - (x=7,y=7)]},shape={32, 160},orientation=ShardOrientation::ROW_MAJOR),nd_shard_spec=std::nullopt,created_with_nd_shard_spec=0) mem config. Using computed config. (matmul_op.cpp:1674)
2026-05-29 08:11:12.704 | INFO     | models.demos.wormhole.stable_diffusion.tt.ttnn_functional_unet_2d_condition_model_new_conv:__call__:491 - Up block 0
2026-05-29 08:11:12.705 | INFO     | models.demos.wormhole.stable_diffusion.tt.ttnn_functional_unet_2d_condition_model_new_conv:__call__:491 - Up block 1
2026-05-29 08:11:12.710 | INFO     | models.demos.wormhole.stable_diffusion.tt.ttnn_functional_unet_2d_condition_model_new_conv:__call__:491 - Up block 2
2026-05-29 08:11:12.718 | INFO     | models.demos.wormhole.stable_diffusion.tt.ttnn_functional_unet_2d_condition_model_new_conv:__call__:491 - Up block 3
2026-05-29 08:11:12.738 | INFO     | models.demos.wormhole.stable_diffusion.tt.ttnn_functional_unet_2d_condition_model_new_conv:__call__:406 - Down block 0
2026-05-29 08:11:12.744 | info     |              Op | act_block_h_override 2 is not a valid override for padded_output_height_ntiles_per_core 7, instead 1 was selected as closest valid option! (conv2d_utils.cpp:401)
2026-05-29 08:11:12.744 | INFO     | models.demos.wormhole.stable_diffusion.tt.ttnn_functional_unet_2d_condition_model_new_conv:__call__:406 - Down block 1
2026-05-29 08:11:12.749 | INFO     | models.demos.wormhole.stable_diffusion.tt.ttnn_functional_unet_2d_condition_model_new_conv:__call__:406 - Down block 2
2026-05-29 08:11:12.753 | INFO     | models.demos.wormhole.stable_diffusion.tt.ttnn_functional_unet_2d_condition_model_new_conv:__call__:406 - Down block 3
2026-05-29 08:11:12.753 | INFO     | models.demos.wormhole.stable_diffusion.tt.ttnn_functional_unet_2d_condition_model_new_conv:__call__:460 - Mid block
2026-05-29 08:11:12.754 | warning  |              Op | Mismatch between computed MemoryConfig(memory_layout=TensorMemoryLayout::BLOCK_SHARDED,buffer_type=BufferType::L1,shard_spec=ShardSpec(grid={[(x=0,y=0) - (x=7,y=3)]},shape={32, 160},orientation=ShardOrientation::ROW_MAJOR),nd_shard_spec=NdShardSpec(shard_shape=Shape([32, 160]),grid={[(x=0,y=0) - (x=7,y=3)]},orientation=ShardOrientation::ROW_MAJOR,shard_distribution_strategy=ShardDistributionStrategy::GRID_2D),created_with_nd_shard_spec=0) and provided MemoryConfig(memory_layout=TensorMemoryLayout::BLOCK_SHARDED,buffer_type=BufferType::L1,shard_spec=ShardSpec(grid={[(x=0,y=0) - (x=7,y=7)]},shape={32, 160},orientation=ShardOrientation::ROW_MAJOR),nd_shard_spec=std::nullopt,created_with_nd_shard_spec=0) mem config. Using computed config. (matmul_op.cpp:1674)
2026-05-29 08:11:12.755 | INFO     | models.demos.wormhole.stable_diffusion.tt.ttnn_functional_unet_2d_condition_model_new_conv:__call__:491 - Up block 0
2026-05-29 08:11:12.756 | INFO     | models.demos.wormhole.stable_diffusion.tt.ttnn_functional_unet_2d_condition_model_new_conv:__call__:491 - Up block 1
2026-05-29 08:11:12.761 | INFO     | models.demos.wormhole.stable_diffusion.tt.ttnn_functional_unet_2d_condition_model_new_conv:__call__:491 - Up block 2
2026-05-29 08:11:12.769 | INFO     | models.demos.wormhole.stable_diffusion.tt.ttnn_functional_unet_2d_condition_model_new_conv:__call__:491 - Up block 3
2026-05-29 08:11:12.790 | INFO     | models.demos.wormhole.stable_diffusion.tt.ttnn_functional_unet_2d_condition_model_new_conv:__call__:406 - Down block 0
2026-05-29 08:11:12.798 | info     |              Op | act_block_h_override 2 is not a valid override for padded_output_height_ntiles_per_core 7, instead 1 was selected as closest valid option! (conv2d_utils.cpp:401)
2026-05-29 08:11:12.798 | INFO     | models.demos.wormhole.stable_diffusion.tt.ttnn_functional_unet_2d_condition_model_new_conv:__call__:406 - Down block 1
2026-05-29 08:11:12.805 | INFO     | models.demos.wormhole.stable_diffusion.tt.ttnn_functional_unet_2d_condition_model_new_conv:__call__:406 - Down block 2
2026-05-29 08:11:12.808 | INFO     | models.demos.wormhole.stable_diffusion.tt.ttnn_functional_unet_2d_condition_model_new_conv:__call__:406 - Down block 3
2026-05-29 08:11:12.809 | INFO     | models.demos.wormhole.stable_diffusion.tt.ttnn_functional_unet_2d_condition_model_new_conv:__call__:460 - Mid block
2026-05-29 08:11:12.810 | warning  |              Op | Mismatch between computed MemoryConfig(memory_layout=TensorMemoryLayout::BLOCK_SHARDED,buffer_type=BufferType::L1,shard_spec=ShardSpec(grid={[(x=0,y=0) - (x=7,y=3)]},shape={32, 160},orientation=ShardOrientation::ROW_MAJOR),nd_shard_spec=NdShardSpec(shard_shape=Shape([32, 160]),grid={[(x=0,y=0) - (x=7,y=3)]},orientation=ShardOrientation::ROW_MAJOR,shard_distribution_strategy=ShardDistributionStrategy::GRID_2D),created_with_nd_shard_spec=0) and provided MemoryConfig(memory_layout=TensorMemoryLayout::BLOCK_SHARDED,buffer_type=BufferType::L1,shard_spec=ShardSpec(grid={[(x=0,y=0) - (x=7,y=7)]},shape={32, 160},orientation=ShardOrientation::ROW_MAJOR),nd_shard_spec=std::nullopt,created_with_nd_shard_spec=0) mem config. Using computed config. (matmul_op.cpp:1674)
2026-05-29 08:11:12.812 | INFO     | models.demos.wormhole.stable_diffusion.tt.ttnn_functional_unet_2d_condition_model_new_conv:__call__:491 - Up block 0
2026-05-29 08:11:12.813 | INFO     | models.demos.wormhole.stable_diffusion.tt.ttnn_functional_unet_2d_condition_model_new_conv:__call__:491 - Up block 1
2026-05-29 08:11:12.819 | INFO     | models.demos.wormhole.stable_diffusion.tt.ttnn_functional_unet_2d_condition_model_new_conv:__call__:491 - Up block 2
2026-05-29 08:11:12.827 | INFO     | models.demos.wormhole.stable_diffusion.tt.ttnn_functional_unet_2d_condition_model_new_conv:__call__:491 - Up block 3
2026-05-29 08:11:12.847 | INFO     | models.demos.wormhole.stable_diffusion.tt.ttnn_functional_unet_2d_condition_model_new_conv:__call__:406 - Down block 0
2026-05-29 08:11:12.853 | info     |              Op | act_block_h_override 2 is not a valid override for padded_output_height_ntiles_per_core 7, instead 1 was selected as closest valid option! (conv2d_utils.cpp:401)
2026-05-29 08:11:12.853 | INFO     | models.demos.wormhole.stable_diffusion.tt.ttnn_functional_unet_2d_condition_model_new_conv:__call__:406 - Down block 1
2026-05-29 08:11:12.858 | INFO     | models.demos.wormhole.stable_diffusion.tt.ttnn_functional_unet_2d_condition_model_new_conv:__call__:406 - Down block 2
2026-05-29 08:11:12.862 | INFO     | models.demos.wormhole.stable_diffusion.tt.ttnn_functional_unet_2d_condition_model_new_conv:__call__:406 - Down block 3
2026-05-29 08:11:12.862 | INFO     | models.demos.wormhole.stable_diffusion.tt.ttnn_functional_unet_2d_condition_model_new_conv:__call__:460 - Mid block
2026-05-29 08:11:12.863 | warning  |              Op | Mismatch between computed MemoryConfig(memory_layout=TensorMemoryLayout::BLOCK_SHARDED,buffer_type=BufferType::L1,shard_spec=ShardSpec(grid={[(x=0,y=0) - (x=7,y=3)]},shape={32, 160},orientation=ShardOrientation::ROW_MAJOR),nd_shard_spec=NdShardSpec(shard_shape=Shape([32, 160]),grid={[(x=0,y=0) - (x=7,y=3)]},orientation=ShardOrientation::ROW_MAJOR,shard_distribution_strategy=ShardDistributionStrategy::GRID_2D),created_with_nd_shard_spec=0) and provided MemoryConfig(memory_layout=TensorMemoryLayout::BLOCK_SHARDED,buffer_type=BufferType::L1,shard_spec=ShardSpec(grid={[(x=0,y=0) - (x=7,y=7)]},shape={32, 160},orientation=ShardOrientation::ROW_MAJOR),nd_shard_spec=std::nullopt,created_with_nd_shard_spec=0) mem config. Using computed config. (matmul_op.cpp:1674)
2026-05-29 08:11:12.864 | INFO     | models.demos.wormhole.stable_diffusion.tt.ttnn_functional_unet_2d_condition_model_new_conv:__call__:491 - Up block 0
2026-05-29 08:11:12.866 | INFO     | models.demos.wormhole.stable_diffusion.tt.ttnn_functional_unet_2d_condition_model_new_conv:__call__:491 - Up block 1
2026-05-29 08:11:12.871 | INFO     | models.demos.wormhole.stable_diffusion.tt.ttnn_functional_unet_2d_condition_model_new_conv:__call__:491 - Up block 2
2026-05-29 08:11:12.879 | INFO     | models.demos.wormhole.stable_diffusion.tt.ttnn_functional_unet_2d_condition_model_new_conv:__call__:491 - Up block 3
2026-05-29 08:11:12.899 | INFO     | models.demos.wormhole.stable_diffusion.tt.ttnn_functional_unet_2d_condition_model_new_conv:__call__:406 - Down block 0
2026-05-29 08:11:12.905 | info     |              Op | act_block_h_override 2 is not a valid override for padded_output_height_ntiles_per_core 7, instead 1 was selected as closest valid option! (conv2d_utils.cpp:401)
2026-05-29 08:11:12.905 | INFO     | models.demos.wormhole.stable_diffusion.tt.ttnn_functional_unet_2d_condition_model_new_conv:__call__:406 - Down block 1
2026-05-29 08:11:12.911 | INFO     | models.demos.wormhole.stable_diffusion.tt.ttnn_functional_unet_2d_condition_model_new_conv:__call__:406 - Down block 2
2026-05-29 08:11:12.914 | INFO     | models.demos.wormhole.stable_diffusion.tt.ttnn_functional_unet_2d_condition_model_new_conv:__call__:406 - Down block 3
2026-05-29 08:11:12.915 | INFO     | models.demos.wormhole.stable_diffusion.tt.ttnn_functional_unet_2d_condition_model_new_conv:__call__:460 - Mid block
2026-05-29 08:11:12.916 | warning  |              Op | Mismatch between computed MemoryConfig(memory_layout=TensorMemoryLayout::BLOCK_SHARDED,buffer_type=BufferType::L1,shard_spec=ShardSpec(grid={[(x=0,y=0) - (x=7,y=3)]},shape={32, 160},orientation=ShardOrientation::ROW_MAJOR),nd_shard_spec=NdShardSpec(shard_shape=Shape([32, 160]),grid={[(x=0,y=0) - (x=7,y=3)]},orientation=ShardOrientation::ROW_MAJOR,shard_distribution_strategy=ShardDistributionStrategy::GRID_2D),created_with_nd_shard_spec=0) and provided MemoryConfig(memory_layout=TensorMemoryLayout::BLOCK_SHARDED,buffer_type=BufferType::L1,shard_spec=ShardSpec(grid={[(x=0,y=0) - (x=7,y=7)]},shape={32, 160},orientation=ShardOrientation::ROW_MAJOR),nd_shard_spec=std::nullopt,created_with_nd_shard_spec=0) mem config. Using computed config. (matmul_op.cpp:1674)
2026-05-29 08:11:12.917 | INFO     | models.demos.wormhole.stable_diffusion.tt.ttnn_functional_unet_2d_condition_model_new_conv:__call__:491 - Up block 0
2026-05-29 08:11:12.918 | INFO     | models.demos.wormhole.stable_diffusion.tt.ttnn_functional_unet_2d_condition_model_new_conv:__call__:491 - Up block 1
2026-05-29 08:11:12.923 | INFO     | models.demos.wormhole.stable_diffusion.tt.ttnn_functional_unet_2d_condition_model_new_conv:__call__:491 - Up block 2
2026-05-29 08:11:12.932 | INFO     | models.demos.wormhole.stable_diffusion.tt.ttnn_functional_unet_2d_condition_model_new_conv:__call__:491 - Up block 3
2026-05-29 08:11:12.952 | INFO     | models.demos.wormhole.stable_diffusion.tt.ttnn_functional_unet_2d_condition_model_new_conv:__call__:406 - Down block 0
2026-05-29 08:11:12.958 | info     |              Op | act_block_h_override 2 is not a valid override for padded_output_height_ntiles_per_core 7, instead 1 was selected as closest valid option! (conv2d_utils.cpp:401)
2026-05-29 08:11:12.958 | INFO     | models.demos.wormhole.stable_diffusion.tt.ttnn_functional_unet_2d_condition_model_new_conv:__call__:406 - Down block 1
2026-05-29 08:11:12.963 | INFO     | models.demos.wormhole.stable_diffusion.tt.ttnn_functional_unet_2d_condition_model_new_conv:__call__:406 - Down block 2
2026-05-29 08:11:12.967 | INFO     | models.demos.wormhole.stable_diffusion.tt.ttnn_functional_unet_2d_condition_model_new_conv:__call__:406 - Down block 3
2026-05-29 08:11:12.967 | INFO     | models.demos.wormhole.stable_diffusion.tt.ttnn_functional_unet_2d_condition_model_new_conv:__call__:460 - Mid block
2026-05-29 08:11:12.968 | warning  |              Op | Mismatch between computed MemoryConfig(memory_layout=TensorMemoryLayout::BLOCK_SHARDED,buffer_type=BufferType::L1,shard_spec=ShardSpec(grid={[(x=0,y=0) - (x=7,y=3)]},shape={32, 160},orientation=ShardOrientation::ROW_MAJOR),nd_shard_spec=NdShardSpec(shard_shape=Shape([32, 160]),grid={[(x=0,y=0) - (x=7,y=3)]},orientation=ShardOrientation::ROW_MAJOR,shard_distribution_strategy=ShardDistributionStrategy::GRID_2D),created_with_nd_shard_spec=0) and provided MemoryConfig(memory_layout=TensorMemoryLayout::BLOCK_SHARDED,buffer_type=BufferType::L1,shard_spec=ShardSpec(grid={[(x=0,y=0) - (x=7,y=7)]},shape={32, 160},orientation=ShardOrientation::ROW_MAJOR),nd_shard_spec=std::nullopt,created_with_nd_shard_spec=0) mem config. Using computed config. (matmul_op.cpp:1674)
2026-05-29 08:11:12.969 | INFO     | models.demos.wormhole.stable_diffusion.tt.ttnn_functional_unet_2d_condition_model_new_conv:__call__:491 - Up block 0
2026-05-29 08:11:12.971 | INFO     | models.demos.wormhole.stable_diffusion.tt.ttnn_functional_unet_2d_condition_model_new_conv:__call__:491 - Up block 1
2026-05-29 08:11:12.976 | INFO     | models.demos.wormhole.stable_diffusion.tt.ttnn_functional_unet_2d_condition_model_new_conv:__call__:491 - Up block 2
2026-05-29 08:11:12.984 | INFO     | models.demos.wormhole.stable_diffusion.tt.ttnn_functional_unet_2d_condition_model_new_conv:__call__:491 - Up block 3
  Step 14/41
2026-05-29 08:11:13.007 | INFO     | models.demos.wormhole.stable_diffusion.tt.ttnn_functional_unet_2d_condition_model_new_conv:__call__:406 - Down block 0
2026-05-29 08:11:13.014 | info     |              Op | act_block_h_override 2 is not a valid override for padded_output_height_ntiles_per_core 7, instead 1 was selected as closest valid option! (conv2d_utils.cpp:401)
2026-05-29 08:11:13.014 | INFO     | models.demos.wormhole.stable_diffusion.tt.ttnn_functional_unet_2d_condition_model_new_conv:__call__:406 - Down block 1
2026-05-29 08:11:13.020 | INFO     | models.demos.wormhole.stable_diffusion.tt.ttnn_functional_unet_2d_condition_model_new_conv:__call__:406 - Down block 2
2026-05-29 08:11:13.024 | INFO     | models.demos.wormhole.stable_diffusion.tt.ttnn_functional_unet_2d_condition_model_new_conv:__call__:406 - Down block 3
2026-05-29 08:11:13.025 | INFO     | models.demos.wormhole.stable_diffusion.tt.ttnn_functional_unet_2d_condition_model_new_conv:__call__:460 - Mid block
2026-05-29 08:11:13.025 | warning  |              Op | Mismatch between computed MemoryConfig(memory_layout=TensorMemoryLayout::BLOCK_SHARDED,buffer_type=BufferType::L1,shard_spec=ShardSpec(grid={[(x=0,y=0) - (x=7,y=3)]},shape={32, 160},orientation=ShardOrientation::ROW_MAJOR),nd_shard_spec=NdShardSpec(shard_shape=Shape([32, 160]),grid={[(x=0,y=0) - (x=7,y=3)]},orientation=ShardOrientation::ROW_MAJOR,shard_distribution_strategy=ShardDistributionStrategy::GRID_2D),created_with_nd_shard_spec=0) and provided MemoryConfig(memory_layout=TensorMemoryLayout::BLOCK_SHARDED,buffer_type=BufferType::L1,shard_spec=ShardSpec(grid={[(x=0,y=0) - (x=7,y=7)]},shape={32, 160},orientation=ShardOrientation::ROW_MAJOR),nd_shard_spec=std::nullopt,created_with_nd_shard_spec=0) mem config. Using computed config. (matmul_op.cpp:1674)
2026-05-29 08:11:13.027 | INFO     | models.demos.wormhole.stable_diffusion.tt.ttnn_functional_unet_2d_condition_model_new_conv:__call__:491 - Up block 0
2026-05-29 08:11:13.028 | INFO     | models.demos.wormhole.stable_diffusion.tt.ttnn_functional_unet_2d_condition_model_new_conv:__call__:491 - Up block 1
2026-05-29 08:11:13.034 | INFO     | models.demos.wormhole.stable_diffusion.tt.ttnn_functional_unet_2d_condition_model_new_conv:__call__:491 - Up block 2
2026-05-29 08:11:13.042 | INFO     | models.demos.wormhole.stable_diffusion.tt.ttnn_functional_unet_2d_condition_model_new_conv:__call__:491 - Up block 3
2026-05-29 08:11:13.062 | INFO     | models.demos.wormhole.stable_diffusion.tt.ttnn_functional_unet_2d_condition_model_new_conv:__call__:406 - Down block 0
2026-05-29 08:11:13.068 | info     |              Op | act_block_h_override 2 is not a valid override for padded_output_height_ntiles_per_core 7, instead 1 was selected as closest valid option! (conv2d_utils.cpp:401)
2026-05-29 08:11:13.068 | INFO     | models.demos.wormhole.stable_diffusion.tt.ttnn_functional_unet_2d_condition_model_new_conv:__call__:406 - Down block 1
2026-05-29 08:11:13.075 | INFO     | models.demos.wormhole.stable_diffusion.tt.ttnn_functional_unet_2d_condition_model_new_conv:__call__:406 - Down block 2
2026-05-29 08:11:13.079 | INFO     | models.demos.wormhole.stable_diffusion.tt.ttnn_functional_unet_2d_condition_model_new_conv:__call__:406 - Down block 3
2026-05-29 08:11:13.080 | INFO     | models.demos.wormhole.stable_diffusion.tt.ttnn_functional_unet_2d_condition_model_new_conv:__call__:460 - Mid block
2026-05-29 08:11:13.080 | warning  |              Op | Mismatch between computed MemoryConfig(memory_layout=TensorMemoryLayout::BLOCK_SHARDED,buffer_type=BufferType::L1,shard_spec=ShardSpec(grid={[(x=0,y=0) - (x=7,y=3)]},shape={32, 160},orientation=ShardOrientation::ROW_MAJOR),nd_shard_spec=NdShardSpec(shard_shape=Shape([32, 160]),grid={[(x=0,y=0) - (x=7,y=3)]},orientation=ShardOrientation::ROW_MAJOR,shard_distribution_strategy=ShardDistributionStrategy::GRID_2D),created_with_nd_shard_spec=0) and provided MemoryConfig(memory_layout=TensorMemoryLayout::BLOCK_SHARDED,buffer_type=BufferType::L1,shard_spec=ShardSpec(grid={[(x=0,y=0) - (x=7,y=7)]},shape={32, 160},orientation=ShardOrientation::ROW_MAJOR),nd_shard_spec=std::nullopt,created_with_nd_shard_spec=0) mem config. Using computed config. (matmul_op.cpp:1674)
2026-05-29 08:11:13.082 | INFO     | models.demos.wormhole.stable_diffusion.tt.ttnn_functional_unet_2d_condition_model_new_conv:__call__:491 - Up block 0
2026-05-29 08:11:13.083 | INFO     | models.demos.wormhole.stable_diffusion.tt.ttnn_functional_unet_2d_condition_model_new_conv:__call__:491 - Up block 1
2026-05-29 08:11:13.088 | INFO     | models.demos.wormhole.stable_diffusion.tt.ttnn_functional_unet_2d_condition_model_new_conv:__call__:491 - Up block 2
2026-05-29 08:11:13.097 | INFO     | models.demos.wormhole.stable_diffusion.tt.ttnn_functional_unet_2d_condition_model_new_conv:__call__:491 - Up block 3
2026-05-29 08:11:13.117 | INFO     | models.demos.wormhole.stable_diffusion.tt.ttnn_functional_unet_2d_condition_model_new_conv:__call__:406 - Down block 0
2026-05-29 08:11:13.122 | info     |              Op | act_block_h_override 2 is not a valid override for padded_output_height_ntiles_per_core 7, instead 1 was selected as closest valid option! (conv2d_utils.cpp:401)
2026-05-29 08:11:13.123 | INFO     | models.demos.wormhole.stable_diffusion.tt.ttnn_functional_unet_2d_condition_model_new_conv:__call__:406 - Down block 1
2026-05-29 08:11:13.128 | INFO     | models.demos.wormhole.stable_diffusion.tt.ttnn_functional_unet_2d_condition_model_new_conv:__call__:406 - Down block 2
2026-05-29 08:11:13.132 | INFO     | models.demos.wormhole.stable_diffusion.tt.ttnn_functional_unet_2d_condition_model_new_conv:__call__:406 - Down block 3
2026-05-29 08:11:13.133 | INFO     | models.demos.wormhole.stable_diffusion.tt.ttnn_functional_unet_2d_condition_model_new_conv:__call__:460 - Mid block
2026-05-29 08:11:13.133 | warning  |              Op | Mismatch between computed MemoryConfig(memory_layout=TensorMemoryLayout::BLOCK_SHARDED,buffer_type=BufferType::L1,shard_spec=ShardSpec(grid={[(x=0,y=0) - (x=7,y=3)]},shape={32, 160},orientation=ShardOrientation::ROW_MAJOR),nd_shard_spec=NdShardSpec(shard_shape=Shape([32, 160]),grid={[(x=0,y=0) - (x=7,y=3)]},orientation=ShardOrientation::ROW_MAJOR,shard_distribution_strategy=ShardDistributionStrategy::GRID_2D),created_with_nd_shard_spec=0) and provided MemoryConfig(memory_layout=TensorMemoryLayout::BLOCK_SHARDED,buffer_type=BufferType::L1,shard_spec=ShardSpec(grid={[(x=0,y=0) - (x=7,y=7)]},shape={32, 160},orientation=ShardOrientation::ROW_MAJOR),nd_shard_spec=std::nullopt,created_with_nd_shard_spec=0) mem config. Using computed config. (matmul_op.cpp:1674)
2026-05-29 08:11:13.135 | INFO     | models.demos.wormhole.stable_diffusion.tt.ttnn_functional_unet_2d_condition_model_new_conv:__call__:491 - Up block 0
2026-05-29 08:11:13.136 | INFO     | models.demos.wormhole.stable_diffusion.tt.ttnn_functional_unet_2d_condition_model_new_conv:__call__:491 - Up block 1
2026-05-29 08:11:13.141 | INFO     | models.demos.wormhole.stable_diffusion.tt.ttnn_functional_unet_2d_condition_model_new_conv:__call__:491 - Up block 2
2026-05-29 08:11:13.150 | INFO     | models.demos.wormhole.stable_diffusion.tt.ttnn_functional_unet_2d_condition_model_new_conv:__call__:491 - Up block 3
2026-05-29 08:11:13.170 | INFO     | models.demos.wormhole.stable_diffusion.tt.ttnn_functional_unet_2d_condition_model_new_conv:__call__:406 - Down block 0
2026-05-29 08:11:13.176 | info     |              Op | act_block_h_override 2 is not a valid override for padded_output_height_ntiles_per_core 7, instead 1 was selected as closest valid option! (conv2d_utils.cpp:401)
2026-05-29 08:11:13.176 | INFO     | models.demos.wormhole.stable_diffusion.tt.ttnn_functional_unet_2d_condition_model_new_conv:__call__:406 - Down block 1
2026-05-29 08:11:13.182 | INFO     | models.demos.wormhole.stable_diffusion.tt.ttnn_functional_unet_2d_condition_model_new_conv:__call__:406 - Down block 2
2026-05-29 08:11:13.185 | INFO     | models.demos.wormhole.stable_diffusion.tt.ttnn_functional_unet_2d_condition_model_new_conv:__call__:406 - Down block 3
2026-05-29 08:11:13.186 | INFO     | models.demos.wormhole.stable_diffusion.tt.ttnn_functional_unet_2d_condition_model_new_conv:__call__:460 - Mid block
2026-05-29 08:11:13.187 | warning  |              Op | Mismatch between computed MemoryConfig(memory_layout=TensorMemoryLayout::BLOCK_SHARDED,buffer_type=BufferType::L1,shard_spec=ShardSpec(grid={[(x=0,y=0) - (x=7,y=3)]},shape={32, 160},orientation=ShardOrientation::ROW_MAJOR),nd_shard_spec=NdShardSpec(shard_shape=Shape([32, 160]),grid={[(x=0,y=0) - (x=7,y=3)]},orientation=ShardOrientation::ROW_MAJOR,shard_distribution_strategy=ShardDistributionStrategy::GRID_2D),created_with_nd_shard_spec=0) and provided MemoryConfig(memory_layout=TensorMemoryLayout::BLOCK_SHARDED,buffer_type=BufferType::L1,shard_spec=ShardSpec(grid={[(x=0,y=0) - (x=7,y=7)]},shape={32, 160},orientation=ShardOrientation::ROW_MAJOR),nd_shard_spec=std::nullopt,created_with_nd_shard_spec=0) mem config. Using computed config. (matmul_op.cpp:1674)
2026-05-29 08:11:13.188 | INFO     | models.demos.wormhole.stable_diffusion.tt.ttnn_functional_unet_2d_condition_model_new_conv:__call__:491 - Up block 0
2026-05-29 08:11:13.189 | INFO     | models.demos.wormhole.stable_diffusion.tt.ttnn_functional_unet_2d_condition_model_new_conv:__call__:491 - Up block 1
2026-05-29 08:11:13.194 | INFO     | models.demos.wormhole.stable_diffusion.tt.ttnn_functional_unet_2d_condition_model_new_conv:__call__:491 - Up block 2
2026-05-29 08:11:13.202 | INFO     | models.demos.wormhole.stable_diffusion.tt.ttnn_functional_unet_2d_condition_model_new_conv:__call__:491 - Up block 3
2026-05-29 08:11:13.223 | INFO     | models.demos.wormhole.stable_diffusion.tt.ttnn_functional_unet_2d_condition_model_new_conv:__call__:406 - Down block 0
2026-05-29 08:11:13.228 | info     |              Op | act_block_h_override 2 is not a valid override for padded_output_height_ntiles_per_core 7, instead 1 was selected as closest valid option! (conv2d_utils.cpp:401)
2026-05-29 08:11:13.228 | INFO     | models.demos.wormhole.stable_diffusion.tt.ttnn_functional_unet_2d_condition_model_new_conv:__call__:406 - Down block 1
2026-05-29 08:11:13.234 | INFO     | models.demos.wormhole.stable_diffusion.tt.ttnn_functional_unet_2d_condition_model_new_conv:__call__:406 - Down block 2
2026-05-29 08:11:13.237 | INFO     | models.demos.wormhole.stable_diffusion.tt.ttnn_functional_unet_2d_condition_model_new_conv:__call__:406 - Down block 3
2026-05-29 08:11:13.238 | INFO     | models.demos.wormhole.stable_diffusion.tt.ttnn_functional_unet_2d_condition_model_new_conv:__call__:460 - Mid block
2026-05-29 08:11:13.238 | warning  |              Op | Mismatch between computed MemoryConfig(memory_layout=TensorMemoryLayout::BLOCK_SHARDED,buffer_type=BufferType::L1,shard_spec=ShardSpec(grid={[(x=0,y=0) - (x=7,y=3)]},shape={32, 160},orientation=ShardOrientation::ROW_MAJOR),nd_shard_spec=NdShardSpec(shard_shape=Shape([32, 160]),grid={[(x=0,y=0) - (x=7,y=3)]},orientation=ShardOrientation::ROW_MAJOR,shard_distribution_strategy=ShardDistributionStrategy::GRID_2D),created_with_nd_shard_spec=0) and provided MemoryConfig(memory_layout=TensorMemoryLayout::BLOCK_SHARDED,buffer_type=BufferType::L1,shard_spec=ShardSpec(grid={[(x=0,y=0) - (x=7,y=7)]},shape={32, 160},orientation=ShardOrientation::ROW_MAJOR),nd_shard_spec=std::nullopt,created_with_nd_shard_spec=0) mem config. Using computed config. (matmul_op.cpp:1674)
2026-05-29 08:11:13.240 | INFO     | models.demos.wormhole.stable_diffusion.tt.ttnn_functional_unet_2d_condition_model_new_conv:__call__:491 - Up block 0
2026-05-29 08:11:13.241 | INFO     | models.demos.wormhole.stable_diffusion.tt.ttnn_functional_unet_2d_condition_model_new_conv:__call__:491 - Up block 1
2026-05-29 08:11:13.246 | INFO     | models.demos.wormhole.stable_diffusion.tt.ttnn_functional_unet_2d_condition_model_new_conv:__call__:491 - Up block 2
2026-05-29 08:11:13.254 | INFO     | models.demos.wormhole.stable_diffusion.tt.ttnn_functional_unet_2d_condition_model_new_conv:__call__:491 - Up block 3
2026-05-29 08:11:13.274 | INFO     | models.demos.wormhole.stable_diffusion.tt.ttnn_functional_unet_2d_condition_model_new_conv:__call__:406 - Down block 0
2026-05-29 08:11:13.282 | info     |              Op | act_block_h_override 2 is not a valid override for padded_output_height_ntiles_per_core 7, instead 1 was selected as closest valid option! (conv2d_utils.cpp:401)
2026-05-29 08:11:13.282 | INFO     | models.demos.wormhole.stable_diffusion.tt.ttnn_functional_unet_2d_condition_model_new_conv:__call__:406 - Down block 1
2026-05-29 08:11:13.288 | INFO     | models.demos.wormhole.stable_diffusion.tt.ttnn_functional_unet_2d_condition_model_new_conv:__call__:406 - Down block 2
2026-05-29 08:11:13.292 | INFO     | models.demos.wormhole.stable_diffusion.tt.ttnn_functional_unet_2d_condition_model_new_conv:__call__:406 - Down block 3
2026-05-29 08:11:13.292 | INFO     | models.demos.wormhole.stable_diffusion.tt.ttnn_functional_unet_2d_condition_model_new_conv:__call__:460 - Mid block
2026-05-29 08:11:13.293 | warning  |              Op | Mismatch between computed MemoryConfig(memory_layout=TensorMemoryLayout::BLOCK_SHARDED,buffer_type=BufferType::L1,shard_spec=ShardSpec(grid={[(x=0,y=0) - (x=7,y=3)]},shape={32, 160},orientation=ShardOrientation::ROW_MAJOR),nd_shard_spec=NdShardSpec(shard_shape=Shape([32, 160]),grid={[(x=0,y=0) - (x=7,y=3)]},orientation=ShardOrientation::ROW_MAJOR,shard_distribution_strategy=ShardDistributionStrategy::GRID_2D),created_with_nd_shard_spec=0) and provided MemoryConfig(memory_layout=TensorMemoryLayout::BLOCK_SHARDED,buffer_type=BufferType::L1,shard_spec=ShardSpec(grid={[(x=0,y=0) - (x=7,y=7)]},shape={32, 160},orientation=ShardOrientation::ROW_MAJOR),nd_shard_spec=std::nullopt,created_with_nd_shard_spec=0) mem config. Using computed config. (matmul_op.cpp:1674)
2026-05-29 08:11:13.294 | INFO     | models.demos.wormhole.stable_diffusion.tt.ttnn_functional_unet_2d_condition_model_new_conv:__call__:491 - Up block 0
2026-05-29 08:11:13.295 | INFO     | models.demos.wormhole.stable_diffusion.tt.ttnn_functional_unet_2d_condition_model_new_conv:__call__:491 - Up block 1
2026-05-29 08:11:13.300 | INFO     | models.demos.wormhole.stable_diffusion.tt.ttnn_functional_unet_2d_condition_model_new_conv:__call__:491 - Up block 2
2026-05-29 08:11:13.309 | INFO     | models.demos.wormhole.stable_diffusion.tt.ttnn_functional_unet_2d_condition_model_new_conv:__call__:491 - Up block 3
2026-05-29 08:11:13.329 | INFO     | models.demos.wormhole.stable_diffusion.tt.ttnn_functional_unet_2d_condition_model_new_conv:__call__:406 - Down block 0
2026-05-29 08:11:13.334 | info     |              Op | act_block_h_override 2 is not a valid override for padded_output_height_ntiles_per_core 7, instead 1 was selected as closest valid option! (conv2d_utils.cpp:401)
2026-05-29 08:11:13.334 | INFO     | models.demos.wormhole.stable_diffusion.tt.ttnn_functional_unet_2d_condition_model_new_conv:__call__:406 - Down block 1
2026-05-29 08:11:13.340 | INFO     | models.demos.wormhole.stable_diffusion.tt.ttnn_functional_unet_2d_condition_model_new_conv:__call__:406 - Down block 2
2026-05-29 08:11:13.343 | INFO     | models.demos.wormhole.stable_diffusion.tt.ttnn_functional_unet_2d_condition_model_new_conv:__call__:406 - Down block 3
2026-05-29 08:11:13.344 | INFO     | models.demos.wormhole.stable_diffusion.tt.ttnn_functional_unet_2d_condition_model_new_conv:__call__:460 - Mid block
2026-05-29 08:11:13.344 | warning  |              Op | Mismatch between computed MemoryConfig(memory_layout=TensorMemoryLayout::BLOCK_SHARDED,buffer_type=BufferType::L1,shard_spec=ShardSpec(grid={[(x=0,y=0) - (x=7,y=3)]},shape={32, 160},orientation=ShardOrientation::ROW_MAJOR),nd_shard_spec=NdShardSpec(shard_shape=Shape([32, 160]),grid={[(x=0,y=0) - (x=7,y=3)]},orientation=ShardOrientation::ROW_MAJOR,shard_distribution_strategy=ShardDistributionStrategy::GRID_2D),created_with_nd_shard_spec=0) and provided MemoryConfig(memory_layout=TensorMemoryLayout::BLOCK_SHARDED,buffer_type=BufferType::L1,shard_spec=ShardSpec(grid={[(x=0,y=0) - (x=7,y=7)]},shape={32, 160},orientation=ShardOrientation::ROW_MAJOR),nd_shard_spec=std::nullopt,created_with_nd_shard_spec=0) mem config. Using computed config. (matmul_op.cpp:1674)
2026-05-29 08:11:13.346 | INFO     | models.demos.wormhole.stable_diffusion.tt.ttnn_functional_unet_2d_condition_model_new_conv:__call__:491 - Up block 0
2026-05-29 08:11:13.347 | INFO     | models.demos.wormhole.stable_diffusion.tt.ttnn_functional_unet_2d_condition_model_new_conv:__call__:491 - Up block 1
2026-05-29 08:11:13.352 | INFO     | models.demos.wormhole.stable_diffusion.tt.ttnn_functional_unet_2d_condition_model_new_conv:__call__:491 - Up block 2
2026-05-29 08:11:13.360 | INFO     | models.demos.wormhole.stable_diffusion.tt.ttnn_functional_unet_2d_condition_model_new_conv:__call__:491 - Up block 3
2026-05-29 08:11:13.380 | INFO     | models.demos.wormhole.stable_diffusion.tt.ttnn_functional_unet_2d_condition_model_new_conv:__call__:406 - Down block 0
2026-05-29 08:11:13.386 | info     |              Op | act_block_h_override 2 is not a valid override for padded_output_height_ntiles_per_core 7, instead 1 was selected as closest valid option! (conv2d_utils.cpp:401)
2026-05-29 08:11:13.386 | INFO     | models.demos.wormhole.stable_diffusion.tt.ttnn_functional_unet_2d_condition_model_new_conv:__call__:406 - Down block 1
2026-05-29 08:11:13.392 | INFO     | models.demos.wormhole.stable_diffusion.tt.ttnn_functional_unet_2d_condition_model_new_conv:__call__:406 - Down block 2
2026-05-29 08:11:13.395 | INFO     | models.demos.wormhole.stable_diffusion.tt.ttnn_functional_unet_2d_condition_model_new_conv:__call__:406 - Down block 3
2026-05-29 08:11:13.396 | INFO     | models.demos.wormhole.stable_diffusion.tt.ttnn_functional_unet_2d_condition_model_new_conv:__call__:460 - Mid block
2026-05-29 08:11:13.396 | warning  |              Op | Mismatch between computed MemoryConfig(memory_layout=TensorMemoryLayout::BLOCK_SHARDED,buffer_type=BufferType::L1,shard_spec=ShardSpec(grid={[(x=0,y=0) - (x=7,y=3)]},shape={32, 160},orientation=ShardOrientation::ROW_MAJOR),nd_shard_spec=NdShardSpec(shard_shape=Shape([32, 160]),grid={[(x=0,y=0) - (x=7,y=3)]},orientation=ShardOrientation::ROW_MAJOR,shard_distribution_strategy=ShardDistributionStrategy::GRID_2D),created_with_nd_shard_spec=0) and provided MemoryConfig(memory_layout=TensorMemoryLayout::BLOCK_SHARDED,buffer_type=BufferType::L1,shard_spec=ShardSpec(grid={[(x=0,y=0) - (x=7,y=7)]},shape={32, 160},orientation=ShardOrientation::ROW_MAJOR),nd_shard_spec=std::nullopt,created_with_nd_shard_spec=0) mem config. Using computed config. (matmul_op.cpp:1674)
2026-05-29 08:11:13.398 | INFO     | models.demos.wormhole.stable_diffusion.tt.ttnn_functional_unet_2d_condition_model_new_conv:__call__:491 - Up block 0
2026-05-29 08:11:13.399 | INFO     | models.demos.wormhole.stable_diffusion.tt.ttnn_functional_unet_2d_condition_model_new_conv:__call__:491 - Up block 1
2026-05-29 08:11:13.404 | INFO     | models.demos.wormhole.stable_diffusion.tt.ttnn_functional_unet_2d_condition_model_new_conv:__call__:491 - Up block 2
2026-05-29 08:11:13.412 | INFO     | models.demos.wormhole.stable_diffusion.tt.ttnn_functional_unet_2d_condition_model_new_conv:__call__:491 - Up block 3
  Step 15/41
2026-05-29 08:11:13.435 | INFO     | models.demos.wormhole.stable_diffusion.tt.ttnn_functional_unet_2d_condition_model_new_conv:__call__:406 - Down block 0
2026-05-29 08:11:13.442 | info     |              Op | act_block_h_override 2 is not a valid override for padded_output_height_ntiles_per_core 7, instead 1 was selected as closest valid option! (conv2d_utils.cpp:401)
2026-05-29 08:11:13.442 | INFO     | models.demos.wormhole.stable_diffusion.tt.ttnn_functional_unet_2d_condition_model_new_conv:__call__:406 - Down block 1
2026-05-29 08:11:13.447 | INFO     | models.demos.wormhole.stable_diffusion.tt.ttnn_functional_unet_2d_condition_model_new_conv:__call__:406 - Down block 2
2026-05-29 08:11:13.451 | INFO     | models.demos.wormhole.stable_diffusion.tt.ttnn_functional_unet_2d_condition_model_new_conv:__call__:406 - Down block 3
2026-05-29 08:11:13.452 | INFO     | models.demos.wormhole.stable_diffusion.tt.ttnn_functional_unet_2d_condition_model_new_conv:__call__:460 - Mid block
2026-05-29 08:11:13.452 | warning  |              Op | Mismatch between computed MemoryConfig(memory_layout=TensorMemoryLayout::BLOCK_SHARDED,buffer_type=BufferType::L1,shard_spec=ShardSpec(grid={[(x=0,y=0) - (x=7,y=3)]},shape={32, 160},orientation=ShardOrientation::ROW_MAJOR),nd_shard_spec=NdShardSpec(shard_shape=Shape([32, 160]),grid={[(x=0,y=0) - (x=7,y=3)]},orientation=ShardOrientation::ROW_MAJOR,shard_distribution_strategy=ShardDistributionStrategy::GRID_2D),created_with_nd_shard_spec=0) and provided MemoryConfig(memory_layout=TensorMemoryLayout::BLOCK_SHARDED,buffer_type=BufferType::L1,shard_spec=ShardSpec(grid={[(x=0,y=0) - (x=7,y=7)]},shape={32, 160},orientation=ShardOrientation::ROW_MAJOR),nd_shard_spec=std::nullopt,created_with_nd_shard_spec=0) mem config. Using computed config. (matmul_op.cpp:1674)
2026-05-29 08:11:13.454 | INFO     | models.demos.wormhole.stable_diffusion.tt.ttnn_functional_unet_2d_condition_model_new_conv:__call__:491 - Up block 0
2026-05-29 08:11:13.455 | INFO     | models.demos.wormhole.stable_diffusion.tt.ttnn_functional_unet_2d_condition_model_new_conv:__call__:491 - Up block 1
2026-05-29 08:11:13.460 | INFO     | models.demos.wormhole.stable_diffusion.tt.ttnn_functional_unet_2d_condition_model_new_conv:__call__:491 - Up block 2
2026-05-29 08:11:13.468 | INFO     | models.demos.wormhole.stable_diffusion.tt.ttnn_functional_unet_2d_condition_model_new_conv:__call__:491 - Up block 3
2026-05-29 08:11:13.488 | INFO     | models.demos.wormhole.stable_diffusion.tt.ttnn_functional_unet_2d_condition_model_new_conv:__call__:406 - Down block 0
2026-05-29 08:11:13.494 | info     |              Op | act_block_h_override 2 is not a valid override for padded_output_height_ntiles_per_core 7, instead 1 was selected as closest valid option! (conv2d_utils.cpp:401)
2026-05-29 08:11:13.494 | INFO     | models.demos.wormhole.stable_diffusion.tt.ttnn_functional_unet_2d_condition_model_new_conv:__call__:406 - Down block 1
2026-05-29 08:11:13.500 | INFO     | models.demos.wormhole.stable_diffusion.tt.ttnn_functional_unet_2d_condition_model_new_conv:__call__:406 - Down block 2
2026-05-29 08:11:13.504 | INFO     | models.demos.wormhole.stable_diffusion.tt.ttnn_functional_unet_2d_condition_model_new_conv:__call__:406 - Down block 3
2026-05-29 08:11:13.505 | INFO     | models.demos.wormhole.stable_diffusion.tt.ttnn_functional_unet_2d_condition_model_new_conv:__call__:460 - Mid block
2026-05-29 08:11:13.505 | warning  |              Op | Mismatch between computed MemoryConfig(memory_layout=TensorMemoryLayout::BLOCK_SHARDED,buffer_type=BufferType::L1,shard_spec=ShardSpec(grid={[(x=0,y=0) - (x=7,y=3)]},shape={32, 160},orientation=ShardOrientation::ROW_MAJOR),nd_shard_spec=NdShardSpec(shard_shape=Shape([32, 160]),grid={[(x=0,y=0) - (x=7,y=3)]},orientation=ShardOrientation::ROW_MAJOR,shard_distribution_strategy=ShardDistributionStrategy::GRID_2D),created_with_nd_shard_spec=0) and provided MemoryConfig(memory_layout=TensorMemoryLayout::BLOCK_SHARDED,buffer_type=BufferType::L1,shard_spec=ShardSpec(grid={[(x=0,y=0) - (x=7,y=7)]},shape={32, 160},orientation=ShardOrientation::ROW_MAJOR),nd_shard_spec=std::nullopt,created_with_nd_shard_spec=0) mem config. Using computed config. (matmul_op.cpp:1674)
2026-05-29 08:11:13.507 | INFO     | models.demos.wormhole.stable_diffusion.tt.ttnn_functional_unet_2d_condition_model_new_conv:__call__:491 - Up block 0
2026-05-29 08:11:13.508 | INFO     | models.demos.wormhole.stable_diffusion.tt.ttnn_functional_unet_2d_condition_model_new_conv:__call__:491 - Up block 1
2026-05-29 08:11:13.513 | INFO     | models.demos.wormhole.stable_diffusion.tt.ttnn_functional_unet_2d_condition_model_new_conv:__call__:491 - Up block 2
2026-05-29 08:11:13.521 | INFO     | models.demos.wormhole.stable_diffusion.tt.ttnn_functional_unet_2d_condition_model_new_conv:__call__:491 - Up block 3
2026-05-29 08:11:13.541 | INFO     | models.demos.wormhole.stable_diffusion.tt.ttnn_functional_unet_2d_condition_model_new_conv:__call__:406 - Down block 0
2026-05-29 08:11:13.547 | info     |              Op | act_block_h_override 2 is not a valid override for padded_output_height_ntiles_per_core 7, instead 1 was selected as closest valid option! (conv2d_utils.cpp:401)
2026-05-29 08:11:13.547 | INFO     | models.demos.wormhole.stable_diffusion.tt.ttnn_functional_unet_2d_condition_model_new_conv:__call__:406 - Down block 1
2026-05-29 08:11:13.553 | INFO     | models.demos.wormhole.stable_diffusion.tt.ttnn_functional_unet_2d_condition_model_new_conv:__call__:406 - Down block 2
2026-05-29 08:11:13.556 | INFO     | models.demos.wormhole.stable_diffusion.tt.ttnn_functional_unet_2d_condition_model_new_conv:__call__:406 - Down block 3
2026-05-29 08:11:13.557 | INFO     | models.demos.wormhole.stable_diffusion.tt.ttnn_functional_unet_2d_condition_model_new_conv:__call__:460 - Mid block
2026-05-29 08:11:13.557 | warning  |              Op | Mismatch between computed MemoryConfig(memory_layout=TensorMemoryLayout::BLOCK_SHARDED,buffer_type=BufferType::L1,shard_spec=ShardSpec(grid={[(x=0,y=0) - (x=7,y=3)]},shape={32, 160},orientation=ShardOrientation::ROW_MAJOR),nd_shard_spec=NdShardSpec(shard_shape=Shape([32, 160]),grid={[(x=0,y=0) - (x=7,y=3)]},orientation=ShardOrientation::ROW_MAJOR,shard_distribution_strategy=ShardDistributionStrategy::GRID_2D),created_with_nd_shard_spec=0) and provided MemoryConfig(memory_layout=TensorMemoryLayout::BLOCK_SHARDED,buffer_type=BufferType::L1,shard_spec=ShardSpec(grid={[(x=0,y=0) - (x=7,y=7)]},shape={32, 160},orientation=ShardOrientation::ROW_MAJOR),nd_shard_spec=std::nullopt,created_with_nd_shard_spec=0) mem config. Using computed config. (matmul_op.cpp:1674)
2026-05-29 08:11:13.559 | INFO     | models.demos.wormhole.stable_diffusion.tt.ttnn_functional_unet_2d_condition_model_new_conv:__call__:491 - Up block 0
2026-05-29 08:11:13.560 | INFO     | models.demos.wormhole.stable_diffusion.tt.ttnn_functional_unet_2d_condition_model_new_conv:__call__:491 - Up block 1
2026-05-29 08:11:13.565 | INFO     | models.demos.wormhole.stable_diffusion.tt.ttnn_functional_unet_2d_condition_model_new_conv:__call__:491 - Up block 2
2026-05-29 08:11:13.573 | INFO     | models.demos.wormhole.stable_diffusion.tt.ttnn_functional_unet_2d_condition_model_new_conv:__call__:491 - Up block 3
2026-05-29 08:11:13.593 | INFO     | models.demos.wormhole.stable_diffusion.tt.ttnn_functional_unet_2d_condition_model_new_conv:__call__:406 - Down block 0
2026-05-29 08:11:13.599 | info     |              Op | act_block_h_override 2 is not a valid override for padded_output_height_ntiles_per_core 7, instead 1 was selected as closest valid option! (conv2d_utils.cpp:401)
2026-05-29 08:11:13.599 | INFO     | models.demos.wormhole.stable_diffusion.tt.ttnn_functional_unet_2d_condition_model_new_conv:__call__:406 - Down block 1
2026-05-29 08:11:13.604 | INFO     | models.demos.wormhole.stable_diffusion.tt.ttnn_functional_unet_2d_condition_model_new_conv:__call__:406 - Down block 2
2026-05-29 08:11:13.608 | INFO     | models.demos.wormhole.stable_diffusion.tt.ttnn_functional_unet_2d_condition_model_new_conv:__call__:406 - Down block 3
2026-05-29 08:11:13.608 | INFO     | models.demos.wormhole.stable_diffusion.tt.ttnn_functional_unet_2d_condition_model_new_conv:__call__:460 - Mid block
2026-05-29 08:11:13.609 | warning  |              Op | Mismatch between computed MemoryConfig(memory_layout=TensorMemoryLayout::BLOCK_SHARDED,buffer_type=BufferType::L1,shard_spec=ShardSpec(grid={[(x=0,y=0) - (x=7,y=3)]},shape={32, 160},orientation=ShardOrientation::ROW_MAJOR),nd_shard_spec=NdShardSpec(shard_shape=Shape([32, 160]),grid={[(x=0,y=0) - (x=7,y=3)]},orientation=ShardOrientation::ROW_MAJOR,shard_distribution_strategy=ShardDistributionStrategy::GRID_2D),created_with_nd_shard_spec=0) and provided MemoryConfig(memory_layout=TensorMemoryLayout::BLOCK_SHARDED,buffer_type=BufferType::L1,shard_spec=ShardSpec(grid={[(x=0,y=0) - (x=7,y=7)]},shape={32, 160},orientation=ShardOrientation::ROW_MAJOR),nd_shard_spec=std::nullopt,created_with_nd_shard_spec=0) mem config. Using computed config. (matmul_op.cpp:1674)
2026-05-29 08:11:13.610 | INFO     | models.demos.wormhole.stable_diffusion.tt.ttnn_functional_unet_2d_condition_model_new_conv:__call__:491 - Up block 0
2026-05-29 08:11:13.611 | INFO     | models.demos.wormhole.stable_diffusion.tt.ttnn_functional_unet_2d_condition_model_new_conv:__call__:491 - Up block 1
2026-05-29 08:11:13.616 | INFO     | models.demos.wormhole.stable_diffusion.tt.ttnn_functional_unet_2d_condition_model_new_conv:__call__:491 - Up block 2
2026-05-29 08:11:13.624 | INFO     | models.demos.wormhole.stable_diffusion.tt.ttnn_functional_unet_2d_condition_model_new_conv:__call__:491 - Up block 3
2026-05-29 08:11:13.645 | INFO     | models.demos.wormhole.stable_diffusion.tt.ttnn_functional_unet_2d_condition_model_new_conv:__call__:406 - Down block 0
2026-05-29 08:11:13.651 | info     |              Op | act_block_h_override 2 is not a valid override for padded_output_height_ntiles_per_core 7, instead 1 was selected as closest valid option! (conv2d_utils.cpp:401)
2026-05-29 08:11:13.651 | INFO     | models.demos.wormhole.stable_diffusion.tt.ttnn_functional_unet_2d_condition_model_new_conv:__call__:406 - Down block 1
2026-05-29 08:11:13.656 | INFO     | models.demos.wormhole.stable_diffusion.tt.ttnn_functional_unet_2d_condition_model_new_conv:__call__:406 - Down block 2
2026-05-29 08:11:13.660 | INFO     | models.demos.wormhole.stable_diffusion.tt.ttnn_functional_unet_2d_condition_model_new_conv:__call__:406 - Down block 3
2026-05-29 08:11:13.661 | INFO     | models.demos.wormhole.stable_diffusion.tt.ttnn_functional_unet_2d_condition_model_new_conv:__call__:460 - Mid block
2026-05-29 08:11:13.661 | warning  |              Op | Mismatch between computed MemoryConfig(memory_layout=TensorMemoryLayout::BLOCK_SHARDED,buffer_type=BufferType::L1,shard_spec=ShardSpec(grid={[(x=0,y=0) - (x=7,y=3)]},shape={32, 160},orientation=ShardOrientation::ROW_MAJOR),nd_shard_spec=NdShardSpec(shard_shape=Shape([32, 160]),grid={[(x=0,y=0) - (x=7,y=3)]},orientation=ShardOrientation::ROW_MAJOR,shard_distribution_strategy=ShardDistributionStrategy::GRID_2D),created_with_nd_shard_spec=0) and provided MemoryConfig(memory_layout=TensorMemoryLayout::BLOCK_SHARDED,buffer_type=BufferType::L1,shard_spec=ShardSpec(grid={[(x=0,y=0) - (x=7,y=7)]},shape={32, 160},orientation=ShardOrientation::ROW_MAJOR),nd_shard_spec=std::nullopt,created_with_nd_shard_spec=0) mem config. Using computed config. (matmul_op.cpp:1674)
2026-05-29 08:11:13.663 | INFO     | models.demos.wormhole.stable_diffusion.tt.ttnn_functional_unet_2d_condition_model_new_conv:__call__:491 - Up block 0
2026-05-29 08:11:13.664 | INFO     | models.demos.wormhole.stable_diffusion.tt.ttnn_functional_unet_2d_condition_model_new_conv:__call__:491 - Up block 1
2026-05-29 08:11:13.669 | INFO     | models.demos.wormhole.stable_diffusion.tt.ttnn_functional_unet_2d_condition_model_new_conv:__call__:491 - Up block 2
2026-05-29 08:11:13.677 | INFO     | models.demos.wormhole.stable_diffusion.tt.ttnn_functional_unet_2d_condition_model_new_conv:__call__:491 - Up block 3
2026-05-29 08:11:13.697 | INFO     | models.demos.wormhole.stable_diffusion.tt.ttnn_functional_unet_2d_condition_model_new_conv:__call__:406 - Down block 0
2026-05-29 08:11:13.703 | info     |              Op | act_block_h_override 2 is not a valid override for padded_output_height_ntiles_per_core 7, instead 1 was selected as closest valid option! (conv2d_utils.cpp:401)
2026-05-29 08:11:13.703 | INFO     | models.demos.wormhole.stable_diffusion.tt.ttnn_functional_unet_2d_condition_model_new_conv:__call__:406 - Down block 1
2026-05-29 08:11:13.708 | INFO     | models.demos.wormhole.stable_diffusion.tt.ttnn_functional_unet_2d_condition_model_new_conv:__call__:406 - Down block 2
2026-05-29 08:11:13.712 | INFO     | models.demos.wormhole.stable_diffusion.tt.ttnn_functional_unet_2d_condition_model_new_conv:__call__:406 - Down block 3
2026-05-29 08:11:13.712 | INFO     | models.demos.wormhole.stable_diffusion.tt.ttnn_functional_unet_2d_condition_model_new_conv:__call__:460 - Mid block
2026-05-29 08:11:13.713 | warning  |              Op | Mismatch between computed MemoryConfig(memory_layout=TensorMemoryLayout::BLOCK_SHARDED,buffer_type=BufferType::L1,shard_spec=ShardSpec(grid={[(x=0,y=0) - (x=7,y=3)]},shape={32, 160},orientation=ShardOrientation::ROW_MAJOR),nd_shard_spec=NdShardSpec(shard_shape=Shape([32, 160]),grid={[(x=0,y=0) - (x=7,y=3)]},orientation=ShardOrientation::ROW_MAJOR,shard_distribution_strategy=ShardDistributionStrategy::GRID_2D),created_with_nd_shard_spec=0) and provided MemoryConfig(memory_layout=TensorMemoryLayout::BLOCK_SHARDED,buffer_type=BufferType::L1,shard_spec=ShardSpec(grid={[(x=0,y=0) - (x=7,y=7)]},shape={32, 160},orientation=ShardOrientation::ROW_MAJOR),nd_shard_spec=std::nullopt,created_with_nd_shard_spec=0) mem config. Using computed config. (matmul_op.cpp:1674)
2026-05-29 08:11:13.714 | INFO     | models.demos.wormhole.stable_diffusion.tt.ttnn_functional_unet_2d_condition_model_new_conv:__call__:491 - Up block 0
2026-05-29 08:11:13.715 | INFO     | models.demos.wormhole.stable_diffusion.tt.ttnn_functional_unet_2d_condition_model_new_conv:__call__:491 - Up block 1
2026-05-29 08:11:13.720 | INFO     | models.demos.wormhole.stable_diffusion.tt.ttnn_functional_unet_2d_condition_model_new_conv:__call__:491 - Up block 2
2026-05-29 08:11:13.729 | INFO     | models.demos.wormhole.stable_diffusion.tt.ttnn_functional_unet_2d_condition_model_new_conv:__call__:491 - Up block 3
2026-05-29 08:11:13.749 | INFO     | models.demos.wormhole.stable_diffusion.tt.ttnn_functional_unet_2d_condition_model_new_conv:__call__:406 - Down block 0
2026-05-29 08:11:13.755 | info     |              Op | act_block_h_override 2 is not a valid override for padded_output_height_ntiles_per_core 7, instead 1 was selected as closest valid option! (conv2d_utils.cpp:401)
2026-05-29 08:11:13.755 | INFO     | models.demos.wormhole.stable_diffusion.tt.ttnn_functional_unet_2d_condition_model_new_conv:__call__:406 - Down block 1
2026-05-29 08:11:13.760 | INFO     | models.demos.wormhole.stable_diffusion.tt.ttnn_functional_unet_2d_condition_model_new_conv:__call__:406 - Down block 2
2026-05-29 08:11:13.764 | INFO     | models.demos.wormhole.stable_diffusion.tt.ttnn_functional_unet_2d_condition_model_new_conv:__call__:406 - Down block 3
2026-05-29 08:11:13.764 | INFO     | models.demos.wormhole.stable_diffusion.tt.ttnn_functional_unet_2d_condition_model_new_conv:__call__:460 - Mid block
2026-05-29 08:11:13.765 | warning  |              Op | Mismatch between computed MemoryConfig(memory_layout=TensorMemoryLayout::BLOCK_SHARDED,buffer_type=BufferType::L1,shard_spec=ShardSpec(grid={[(x=0,y=0) - (x=7,y=3)]},shape={32, 160},orientation=ShardOrientation::ROW_MAJOR),nd_shard_spec=NdShardSpec(shard_shape=Shape([32, 160]),grid={[(x=0,y=0) - (x=7,y=3)]},orientation=ShardOrientation::ROW_MAJOR,shard_distribution_strategy=ShardDistributionStrategy::GRID_2D),created_with_nd_shard_spec=0) and provided MemoryConfig(memory_layout=TensorMemoryLayout::BLOCK_SHARDED,buffer_type=BufferType::L1,shard_spec=ShardSpec(grid={[(x=0,y=0) - (x=7,y=7)]},shape={32, 160},orientation=ShardOrientation::ROW_MAJOR),nd_shard_spec=std::nullopt,created_with_nd_shard_spec=0) mem config. Using computed config. (matmul_op.cpp:1674)
2026-05-29 08:11:13.766 | INFO     | models.demos.wormhole.stable_diffusion.tt.ttnn_functional_unet_2d_condition_model_new_conv:__call__:491 - Up block 0
2026-05-29 08:11:13.768 | INFO     | models.demos.wormhole.stable_diffusion.tt.ttnn_functional_unet_2d_condition_model_new_conv:__call__:491 - Up block 1
2026-05-29 08:11:13.773 | INFO     | models.demos.wormhole.stable_diffusion.tt.ttnn_functional_unet_2d_condition_model_new_conv:__call__:491 - Up block 2
2026-05-29 08:11:13.781 | INFO     | models.demos.wormhole.stable_diffusion.tt.ttnn_functional_unet_2d_condition_model_new_conv:__call__:491 - Up block 3
2026-05-29 08:11:13.801 | INFO     | models.demos.wormhole.stable_diffusion.tt.ttnn_functional_unet_2d_condition_model_new_conv:__call__:406 - Down block 0
2026-05-29 08:11:13.807 | info     |              Op | act_block_h_override 2 is not a valid override for padded_output_height_ntiles_per_core 7, instead 1 was selected as closest valid option! (conv2d_utils.cpp:401)
2026-05-29 08:11:13.807 | INFO     | models.demos.wormhole.stable_diffusion.tt.ttnn_functional_unet_2d_condition_model_new_conv:__call__:406 - Down block 1
2026-05-29 08:11:13.812 | INFO     | models.demos.wormhole.stable_diffusion.tt.ttnn_functional_unet_2d_condition_model_new_conv:__call__:406 - Down block 2
2026-05-29 08:11:13.816 | INFO     | models.demos.wormhole.stable_diffusion.tt.ttnn_functional_unet_2d_condition_model_new_conv:__call__:406 - Down block 3
2026-05-29 08:11:13.817 | INFO     | models.demos.wormhole.stable_diffusion.tt.ttnn_functional_unet_2d_condition_model_new_conv:__call__:460 - Mid block
2026-05-29 08:11:13.817 | warning  |              Op | Mismatch between computed MemoryConfig(memory_layout=TensorMemoryLayout::BLOCK_SHARDED,buffer_type=BufferType::L1,shard_spec=ShardSpec(grid={[(x=0,y=0) - (x=7,y=3)]},shape={32, 160},orientation=ShardOrientation::ROW_MAJOR),nd_shard_spec=NdShardSpec(shard_shape=Shape([32, 160]),grid={[(x=0,y=0) - (x=7,y=3)]},orientation=ShardOrientation::ROW_MAJOR,shard_distribution_strategy=ShardDistributionStrategy::GRID_2D),created_with_nd_shard_spec=0) and provided MemoryConfig(memory_layout=TensorMemoryLayout::BLOCK_SHARDED,buffer_type=BufferType::L1,shard_spec=ShardSpec(grid={[(x=0,y=0) - (x=7,y=7)]},shape={32, 160},orientation=ShardOrientation::ROW_MAJOR),nd_shard_spec=std::nullopt,created_with_nd_shard_spec=0) mem config. Using computed config. (matmul_op.cpp:1674)
2026-05-29 08:11:13.818 | INFO     | models.demos.wormhole.stable_diffusion.tt.ttnn_functional_unet_2d_condition_model_new_conv:__call__:491 - Up block 0
2026-05-29 08:11:13.820 | INFO     | models.demos.wormhole.stable_diffusion.tt.ttnn_functional_unet_2d_condition_model_new_conv:__call__:491 - Up block 1
2026-05-29 08:11:13.825 | INFO     | models.demos.wormhole.stable_diffusion.tt.ttnn_functional_unet_2d_condition_model_new_conv:__call__:491 - Up block 2
2026-05-29 08:11:13.833 | INFO     | models.demos.wormhole.stable_diffusion.tt.ttnn_functional_unet_2d_condition_model_new_conv:__call__:491 - Up block 3
  Step 16/41
2026-05-29 08:11:13.855 | INFO     | models.demos.wormhole.stable_diffusion.tt.ttnn_functional_unet_2d_condition_model_new_conv:__call__:406 - Down block 0
2026-05-29 08:11:13.862 | info     |              Op | act_block_h_override 2 is not a valid override for padded_output_height_ntiles_per_core 7, instead 1 was selected as closest valid option! (conv2d_utils.cpp:401)
2026-05-29 08:11:13.862 | INFO     | models.demos.wormhole.stable_diffusion.tt.ttnn_functional_unet_2d_condition_model_new_conv:__call__:406 - Down block 1
2026-05-29 08:11:13.868 | INFO     | models.demos.wormhole.stable_diffusion.tt.ttnn_functional_unet_2d_condition_model_new_conv:__call__:406 - Down block 2
2026-05-29 08:11:13.871 | INFO     | models.demos.wormhole.stable_diffusion.tt.ttnn_functional_unet_2d_condition_model_new_conv:__call__:406 - Down block 3
2026-05-29 08:11:13.872 | INFO     | models.demos.wormhole.stable_diffusion.tt.ttnn_functional_unet_2d_condition_model_new_conv:__call__:460 - Mid block
2026-05-29 08:11:13.873 | warning  |              Op | Mismatch between computed MemoryConfig(memory_layout=TensorMemoryLayout::BLOCK_SHARDED,buffer_type=BufferType::L1,shard_spec=ShardSpec(grid={[(x=0,y=0) - (x=7,y=3)]},shape={32, 160},orientation=ShardOrientation::ROW_MAJOR),nd_shard_spec=NdShardSpec(shard_shape=Shape([32, 160]),grid={[(x=0,y=0) - (x=7,y=3)]},orientation=ShardOrientation::ROW_MAJOR,shard_distribution_strategy=ShardDistributionStrategy::GRID_2D),created_with_nd_shard_spec=0) and provided MemoryConfig(memory_layout=TensorMemoryLayout::BLOCK_SHARDED,buffer_type=BufferType::L1,shard_spec=ShardSpec(grid={[(x=0,y=0) - (x=7,y=7)]},shape={32, 160},orientation=ShardOrientation::ROW_MAJOR),nd_shard_spec=std::nullopt,created_with_nd_shard_spec=0) mem config. Using computed config. (matmul_op.cpp:1674)
2026-05-29 08:11:13.874 | INFO     | models.demos.wormhole.stable_diffusion.tt.ttnn_functional_unet_2d_condition_model_new_conv:__call__:491 - Up block 0
2026-05-29 08:11:13.875 | INFO     | models.demos.wormhole.stable_diffusion.tt.ttnn_functional_unet_2d_condition_model_new_conv:__call__:491 - Up block 1
2026-05-29 08:11:13.880 | INFO     | models.demos.wormhole.stable_diffusion.tt.ttnn_functional_unet_2d_condition_model_new_conv:__call__:491 - Up block 2
2026-05-29 08:11:13.889 | INFO     | models.demos.wormhole.stable_diffusion.tt.ttnn_functional_unet_2d_condition_model_new_conv:__call__:491 - Up block 3
2026-05-29 08:11:13.909 | INFO     | models.demos.wormhole.stable_diffusion.tt.ttnn_functional_unet_2d_condition_model_new_conv:__call__:406 - Down block 0
2026-05-29 08:11:13.915 | info     |              Op | act_block_h_override 2 is not a valid override for padded_output_height_ntiles_per_core 7, instead 1 was selected as closest valid option! (conv2d_utils.cpp:401)
2026-05-29 08:11:13.915 | INFO     | models.demos.wormhole.stable_diffusion.tt.ttnn_functional_unet_2d_condition_model_new_conv:__call__:406 - Down block 1
2026-05-29 08:11:13.920 | INFO     | models.demos.wormhole.stable_diffusion.tt.ttnn_functional_unet_2d_condition_model_new_conv:__call__:406 - Down block 2
2026-05-29 08:11:13.924 | INFO     | models.demos.wormhole.stable_diffusion.tt.ttnn_functional_unet_2d_condition_model_new_conv:__call__:406 - Down block 3
2026-05-29 08:11:13.924 | INFO     | models.demos.wormhole.stable_diffusion.tt.ttnn_functional_unet_2d_condition_model_new_conv:__call__:460 - Mid block
2026-05-29 08:11:13.925 | warning  |              Op | Mismatch between computed MemoryConfig(memory_layout=TensorMemoryLayout::BLOCK_SHARDED,buffer_type=BufferType::L1,shard_spec=ShardSpec(grid={[(x=0,y=0) - (x=7,y=3)]},shape={32, 160},orientation=ShardOrientation::ROW_MAJOR),nd_shard_spec=NdShardSpec(shard_shape=Shape([32, 160]),grid={[(x=0,y=0) - (x=7,y=3)]},orientation=ShardOrientation::ROW_MAJOR,shard_distribution_strategy=ShardDistributionStrategy::GRID_2D),created_with_nd_shard_spec=0) and provided MemoryConfig(memory_layout=TensorMemoryLayout::BLOCK_SHARDED,buffer_type=BufferType::L1,shard_spec=ShardSpec(grid={[(x=0,y=0) - (x=7,y=7)]},shape={32, 160},orientation=ShardOrientation::ROW_MAJOR),nd_shard_spec=std::nullopt,created_with_nd_shard_spec=0) mem config. Using computed config. (matmul_op.cpp:1674)
2026-05-29 08:11:13.926 | INFO     | models.demos.wormhole.stable_diffusion.tt.ttnn_functional_unet_2d_condition_model_new_conv:__call__:491 - Up block 0
2026-05-29 08:11:13.928 | INFO     | models.demos.wormhole.stable_diffusion.tt.ttnn_functional_unet_2d_condition_model_new_conv:__call__:491 - Up block 1
2026-05-29 08:11:13.933 | INFO     | models.demos.wormhole.stable_diffusion.tt.ttnn_functional_unet_2d_condition_model_new_conv:__call__:491 - Up block 2
2026-05-29 08:11:13.941 | INFO     | models.demos.wormhole.stable_diffusion.tt.ttnn_functional_unet_2d_condition_model_new_conv:__call__:491 - Up block 3
2026-05-29 08:11:13.961 | INFO     | models.demos.wormhole.stable_diffusion.tt.ttnn_functional_unet_2d_condition_model_new_conv:__call__:406 - Down block 0
2026-05-29 08:11:13.967 | info     |              Op | act_block_h_override 2 is not a valid override for padded_output_height_ntiles_per_core 7, instead 1 was selected as closest valid option! (conv2d_utils.cpp:401)
2026-05-29 08:11:13.967 | INFO     | models.demos.wormhole.stable_diffusion.tt.ttnn_functional_unet_2d_condition_model_new_conv:__call__:406 - Down block 1
2026-05-29 08:11:13.972 | INFO     | models.demos.wormhole.stable_diffusion.tt.ttnn_functional_unet_2d_condition_model_new_conv:__call__:406 - Down block 2
2026-05-29 08:11:13.976 | INFO     | models.demos.wormhole.stable_diffusion.tt.ttnn_functional_unet_2d_condition_model_new_conv:__call__:406 - Down block 3
2026-05-29 08:11:13.976 | INFO     | models.demos.wormhole.stable_diffusion.tt.ttnn_functional_unet_2d_condition_model_new_conv:__call__:460 - Mid block
2026-05-29 08:11:13.977 | warning  |              Op | Mismatch between computed MemoryConfig(memory_layout=TensorMemoryLayout::BLOCK_SHARDED,buffer_type=BufferType::L1,shard_spec=ShardSpec(grid={[(x=0,y=0) - (x=7,y=3)]},shape={32, 160},orientation=ShardOrientation::ROW_MAJOR),nd_shard_spec=NdShardSpec(shard_shape=Shape([32, 160]),grid={[(x=0,y=0) - (x=7,y=3)]},orientation=ShardOrientation::ROW_MAJOR,shard_distribution_strategy=ShardDistributionStrategy::GRID_2D),created_with_nd_shard_spec=0) and provided MemoryConfig(memory_layout=TensorMemoryLayout::BLOCK_SHARDED,buffer_type=BufferType::L1,shard_spec=ShardSpec(grid={[(x=0,y=0) - (x=7,y=7)]},shape={32, 160},orientation=ShardOrientation::ROW_MAJOR),nd_shard_spec=std::nullopt,created_with_nd_shard_spec=0) mem config. Using computed config. (matmul_op.cpp:1674)
2026-05-29 08:11:13.978 | INFO     | models.demos.wormhole.stable_diffusion.tt.ttnn_functional_unet_2d_condition_model_new_conv:__call__:491 - Up block 0
2026-05-29 08:11:13.980 | INFO     | models.demos.wormhole.stable_diffusion.tt.ttnn_functional_unet_2d_condition_model_new_conv:__call__:491 - Up block 1
2026-05-29 08:11:13.985 | INFO     | models.demos.wormhole.stable_diffusion.tt.ttnn_functional_unet_2d_condition_model_new_conv:__call__:491 - Up block 2
2026-05-29 08:11:13.993 | INFO     | models.demos.wormhole.stable_diffusion.tt.ttnn_functional_unet_2d_condition_model_new_conv:__call__:491 - Up block 3
2026-05-29 08:11:14.013 | INFO     | models.demos.wormhole.stable_diffusion.tt.ttnn_functional_unet_2d_condition_model_new_conv:__call__:406 - Down block 0
2026-05-29 08:11:14.019 | info     |              Op | act_block_h_override 2 is not a valid override for padded_output_height_ntiles_per_core 7, instead 1 was selected as closest valid option! (conv2d_utils.cpp:401)
2026-05-29 08:11:14.019 | INFO     | models.demos.wormhole.stable_diffusion.tt.ttnn_functional_unet_2d_condition_model_new_conv:__call__:406 - Down block 1
2026-05-29 08:11:14.025 | INFO     | models.demos.wormhole.stable_diffusion.tt.ttnn_functional_unet_2d_condition_model_new_conv:__call__:406 - Down block 2
2026-05-29 08:11:14.029 | INFO     | models.demos.wormhole.stable_diffusion.tt.ttnn_functional_unet_2d_condition_model_new_conv:__call__:406 - Down block 3
2026-05-29 08:11:14.030 | INFO     | models.demos.wormhole.stable_diffusion.tt.ttnn_functional_unet_2d_condition_model_new_conv:__call__:460 - Mid block
2026-05-29 08:11:14.030 | warning  |              Op | Mismatch between computed MemoryConfig(memory_layout=TensorMemoryLayout::BLOCK_SHARDED,buffer_type=BufferType::L1,shard_spec=ShardSpec(grid={[(x=0,y=0) - (x=7,y=3)]},shape={32, 160},orientation=ShardOrientation::ROW_MAJOR),nd_shard_spec=NdShardSpec(shard_shape=Shape([32, 160]),grid={[(x=0,y=0) - (x=7,y=3)]},orientation=ShardOrientation::ROW_MAJOR,shard_distribution_strategy=ShardDistributionStrategy::GRID_2D),created_with_nd_shard_spec=0) and provided MemoryConfig(memory_layout=TensorMemoryLayout::BLOCK_SHARDED,buffer_type=BufferType::L1,shard_spec=ShardSpec(grid={[(x=0,y=0) - (x=7,y=7)]},shape={32, 160},orientation=ShardOrientation::ROW_MAJOR),nd_shard_spec=std::nullopt,created_with_nd_shard_spec=0) mem config. Using computed config. (matmul_op.cpp:1674)
2026-05-29 08:11:14.032 | INFO     | models.demos.wormhole.stable_diffusion.tt.ttnn_functional_unet_2d_condition_model_new_conv:__call__:491 - Up block 0
2026-05-29 08:11:14.033 | INFO     | models.demos.wormhole.stable_diffusion.tt.ttnn_functional_unet_2d_condition_model_new_conv:__call__:491 - Up block 1
2026-05-29 08:11:14.038 | INFO     | models.demos.wormhole.stable_diffusion.tt.ttnn_functional_unet_2d_condition_model_new_conv:__call__:491 - Up block 2
2026-05-29 08:11:14.047 | INFO     | models.demos.wormhole.stable_diffusion.tt.ttnn_functional_unet_2d_condition_model_new_conv:__call__:491 - Up block 3
2026-05-29 08:11:14.067 | INFO     | models.demos.wormhole.stable_diffusion.tt.ttnn_functional_unet_2d_condition_model_new_conv:__call__:406 - Down block 0
2026-05-29 08:11:14.072 | info     |              Op | act_block_h_override 2 is not a valid override for padded_output_height_ntiles_per_core 7, instead 1 was selected as closest valid option! (conv2d_utils.cpp:401)
2026-05-29 08:11:14.073 | INFO     | models.demos.wormhole.stable_diffusion.tt.ttnn_functional_unet_2d_condition_model_new_conv:__call__:406 - Down block 1
2026-05-29 08:11:14.078 | INFO     | models.demos.wormhole.stable_diffusion.tt.ttnn_functional_unet_2d_condition_model_new_conv:__call__:406 - Down block 2
2026-05-29 08:11:14.081 | INFO     | models.demos.wormhole.stable_diffusion.tt.ttnn_functional_unet_2d_condition_model_new_conv:__call__:406 - Down block 3
2026-05-29 08:11:14.082 | INFO     | models.demos.wormhole.stable_diffusion.tt.ttnn_functional_unet_2d_condition_model_new_conv:__call__:460 - Mid block
2026-05-29 08:11:14.083 | warning  |              Op | Mismatch between computed MemoryConfig(memory_layout=TensorMemoryLayout::BLOCK_SHARDED,buffer_type=BufferType::L1,shard_spec=ShardSpec(grid={[(x=0,y=0) - (x=7,y=3)]},shape={32, 160},orientation=ShardOrientation::ROW_MAJOR),nd_shard_spec=NdShardSpec(shard_shape=Shape([32, 160]),grid={[(x=0,y=0) - (x=7,y=3)]},orientation=ShardOrientation::ROW_MAJOR,shard_distribution_strategy=ShardDistributionStrategy::GRID_2D),created_with_nd_shard_spec=0) and provided MemoryConfig(memory_layout=TensorMemoryLayout::BLOCK_SHARDED,buffer_type=BufferType::L1,shard_spec=ShardSpec(grid={[(x=0,y=0) - (x=7,y=7)]},shape={32, 160},orientation=ShardOrientation::ROW_MAJOR),nd_shard_spec=std::nullopt,created_with_nd_shard_spec=0) mem config. Using computed config. (matmul_op.cpp:1674)
2026-05-29 08:11:14.084 | INFO     | models.demos.wormhole.stable_diffusion.tt.ttnn_functional_unet_2d_condition_model_new_conv:__call__:491 - Up block 0
2026-05-29 08:11:14.085 | INFO     | models.demos.wormhole.stable_diffusion.tt.ttnn_functional_unet_2d_condition_model_new_conv:__call__:491 - Up block 1
2026-05-29 08:11:14.090 | INFO     | models.demos.wormhole.stable_diffusion.tt.ttnn_functional_unet_2d_condition_model_new_conv:__call__:491 - Up block 2
2026-05-29 08:11:14.099 | INFO     | models.demos.wormhole.stable_diffusion.tt.ttnn_functional_unet_2d_condition_model_new_conv:__call__:491 - Up block 3
2026-05-29 08:11:14.119 | INFO     | models.demos.wormhole.stable_diffusion.tt.ttnn_functional_unet_2d_condition_model_new_conv:__call__:406 - Down block 0
2026-05-29 08:11:14.124 | info     |              Op | act_block_h_override 2 is not a valid override for padded_output_height_ntiles_per_core 7, instead 1 was selected as closest valid option! (conv2d_utils.cpp:401)
2026-05-29 08:11:14.125 | INFO     | models.demos.wormhole.stable_diffusion.tt.ttnn_functional_unet_2d_condition_model_new_conv:__call__:406 - Down block 1
2026-05-29 08:11:14.130 | INFO     | models.demos.wormhole.stable_diffusion.tt.ttnn_functional_unet_2d_condition_model_new_conv:__call__:406 - Down block 2
2026-05-29 08:11:14.134 | INFO     | models.demos.wormhole.stable_diffusion.tt.ttnn_functional_unet_2d_condition_model_new_conv:__call__:406 - Down block 3
2026-05-29 08:11:14.134 | INFO     | models.demos.wormhole.stable_diffusion.tt.ttnn_functional_unet_2d_condition_model_new_conv:__call__:460 - Mid block
2026-05-29 08:11:14.135 | warning  |              Op | Mismatch between computed MemoryConfig(memory_layout=TensorMemoryLayout::BLOCK_SHARDED,buffer_type=BufferType::L1,shard_spec=ShardSpec(grid={[(x=0,y=0) - (x=7,y=3)]},shape={32, 160},orientation=ShardOrientation::ROW_MAJOR),nd_shard_spec=NdShardSpec(shard_shape=Shape([32, 160]),grid={[(x=0,y=0) - (x=7,y=3)]},orientation=ShardOrientation::ROW_MAJOR,shard_distribution_strategy=ShardDistributionStrategy::GRID_2D),created_with_nd_shard_spec=0) and provided MemoryConfig(memory_layout=TensorMemoryLayout::BLOCK_SHARDED,buffer_type=BufferType::L1,shard_spec=ShardSpec(grid={[(x=0,y=0) - (x=7,y=7)]},shape={32, 160},orientation=ShardOrientation::ROW_MAJOR),nd_shard_spec=std::nullopt,created_with_nd_shard_spec=0) mem config. Using computed config. (matmul_op.cpp:1674)
2026-05-29 08:11:14.136 | INFO     | models.demos.wormhole.stable_diffusion.tt.ttnn_functional_unet_2d_condition_model_new_conv:__call__:491 - Up block 0
2026-05-29 08:11:14.138 | INFO     | models.demos.wormhole.stable_diffusion.tt.ttnn_functional_unet_2d_condition_model_new_conv:__call__:491 - Up block 1
2026-05-29 08:11:14.143 | INFO     | models.demos.wormhole.stable_diffusion.tt.ttnn_functional_unet_2d_condition_model_new_conv:__call__:491 - Up block 2
2026-05-29 08:11:14.151 | INFO     | models.demos.wormhole.stable_diffusion.tt.ttnn_functional_unet_2d_condition_model_new_conv:__call__:491 - Up block 3
2026-05-29 08:11:14.171 | INFO     | models.demos.wormhole.stable_diffusion.tt.ttnn_functional_unet_2d_condition_model_new_conv:__call__:406 - Down block 0
2026-05-29 08:11:14.177 | info     |              Op | act_block_h_override 2 is not a valid override for padded_output_height_ntiles_per_core 7, instead 1 was selected as closest valid option! (conv2d_utils.cpp:401)
2026-05-29 08:11:14.177 | INFO     | models.demos.wormhole.stable_diffusion.tt.ttnn_functional_unet_2d_condition_model_new_conv:__call__:406 - Down block 1
2026-05-29 08:11:14.182 | INFO     | models.demos.wormhole.stable_diffusion.tt.ttnn_functional_unet_2d_condition_model_new_conv:__call__:406 - Down block 2
2026-05-29 08:11:14.186 | INFO     | models.demos.wormhole.stable_diffusion.tt.ttnn_functional_unet_2d_condition_model_new_conv:__call__:406 - Down block 3
2026-05-29 08:11:14.186 | INFO     | models.demos.wormhole.stable_diffusion.tt.ttnn_functional_unet_2d_condition_model_new_conv:__call__:460 - Mid block
2026-05-29 08:11:14.187 | warning  |              Op | Mismatch between computed MemoryConfig(memory_layout=TensorMemoryLayout::BLOCK_SHARDED,buffer_type=BufferType::L1,shard_spec=ShardSpec(grid={[(x=0,y=0) - (x=7,y=3)]},shape={32, 160},orientation=ShardOrientation::ROW_MAJOR),nd_shard_spec=NdShardSpec(shard_shape=Shape([32, 160]),grid={[(x=0,y=0) - (x=7,y=3)]},orientation=ShardOrientation::ROW_MAJOR,shard_distribution_strategy=ShardDistributionStrategy::GRID_2D),created_with_nd_shard_spec=0) and provided MemoryConfig(memory_layout=TensorMemoryLayout::BLOCK_SHARDED,buffer_type=BufferType::L1,shard_spec=ShardSpec(grid={[(x=0,y=0) - (x=7,y=7)]},shape={32, 160},orientation=ShardOrientation::ROW_MAJOR),nd_shard_spec=std::nullopt,created_with_nd_shard_spec=0) mem config. Using computed config. (matmul_op.cpp:1674)
2026-05-29 08:11:14.188 | INFO     | models.demos.wormhole.stable_diffusion.tt.ttnn_functional_unet_2d_condition_model_new_conv:__call__:491 - Up block 0
2026-05-29 08:11:14.190 | INFO     | models.demos.wormhole.stable_diffusion.tt.ttnn_functional_unet_2d_condition_model_new_conv:__call__:491 - Up block 1
2026-05-29 08:11:14.194 | INFO     | models.demos.wormhole.stable_diffusion.tt.ttnn_functional_unet_2d_condition_model_new_conv:__call__:491 - Up block 2
2026-05-29 08:11:14.203 | INFO     | models.demos.wormhole.stable_diffusion.tt.ttnn_functional_unet_2d_condition_model_new_conv:__call__:491 - Up block 3
2026-05-29 08:11:14.223 | INFO     | models.demos.wormhole.stable_diffusion.tt.ttnn_functional_unet_2d_condition_model_new_conv:__call__:406 - Down block 0
2026-05-29 08:11:14.229 | info     |              Op | act_block_h_override 2 is not a valid override for padded_output_height_ntiles_per_core 7, instead 1 was selected as closest valid option! (conv2d_utils.cpp:401)
2026-05-29 08:11:14.229 | INFO     | models.demos.wormhole.stable_diffusion.tt.ttnn_functional_unet_2d_condition_model_new_conv:__call__:406 - Down block 1
2026-05-29 08:11:14.234 | INFO     | models.demos.wormhole.stable_diffusion.tt.ttnn_functional_unet_2d_condition_model_new_conv:__call__:406 - Down block 2
2026-05-29 08:11:14.238 | INFO     | models.demos.wormhole.stable_diffusion.tt.ttnn_functional_unet_2d_condition_model_new_conv:__call__:406 - Down block 3
2026-05-29 08:11:14.239 | INFO     | models.demos.wormhole.stable_diffusion.tt.ttnn_functional_unet_2d_condition_model_new_conv:__call__:460 - Mid block
2026-05-29 08:11:14.239 | warning  |              Op | Mismatch between computed MemoryConfig(memory_layout=TensorMemoryLayout::BLOCK_SHARDED,buffer_type=BufferType::L1,shard_spec=ShardSpec(grid={[(x=0,y=0) - (x=7,y=3)]},shape={32, 160},orientation=ShardOrientation::ROW_MAJOR),nd_shard_spec=NdShardSpec(shard_shape=Shape([32, 160]),grid={[(x=0,y=0) - (x=7,y=3)]},orientation=ShardOrientation::ROW_MAJOR,shard_distribution_strategy=ShardDistributionStrategy::GRID_2D),created_with_nd_shard_spec=0) and provided MemoryConfig(memory_layout=TensorMemoryLayout::BLOCK_SHARDED,buffer_type=BufferType::L1,shard_spec=ShardSpec(grid={[(x=0,y=0) - (x=7,y=7)]},shape={32, 160},orientation=ShardOrientation::ROW_MAJOR),nd_shard_spec=std::nullopt,created_with_nd_shard_spec=0) mem config. Using computed config. (matmul_op.cpp:1674)
2026-05-29 08:11:14.240 | INFO     | models.demos.wormhole.stable_diffusion.tt.ttnn_functional_unet_2d_condition_model_new_conv:__call__:491 - Up block 0
2026-05-29 08:11:14.242 | INFO     | models.demos.wormhole.stable_diffusion.tt.ttnn_functional_unet_2d_condition_model_new_conv:__call__:491 - Up block 1
2026-05-29 08:11:14.247 | INFO     | models.demos.wormhole.stable_diffusion.tt.ttnn_functional_unet_2d_condition_model_new_conv:__call__:491 - Up block 2
2026-05-29 08:11:14.255 | INFO     | models.demos.wormhole.stable_diffusion.tt.ttnn_functional_unet_2d_condition_model_new_conv:__call__:491 - Up block 3
  Step 17/41
2026-05-29 08:11:14.278 | INFO     | models.demos.wormhole.stable_diffusion.tt.ttnn_functional_unet_2d_condition_model_new_conv:__call__:406 - Down block 0
2026-05-29 08:11:14.283 | info     |              Op | act_block_h_override 2 is not a valid override for padded_output_height_ntiles_per_core 7, instead 1 was selected as closest valid option! (conv2d_utils.cpp:401)
2026-05-29 08:11:14.283 | INFO     | models.demos.wormhole.stable_diffusion.tt.ttnn_functional_unet_2d_condition_model_new_conv:__call__:406 - Down block 1
2026-05-29 08:11:14.289 | INFO     | models.demos.wormhole.stable_diffusion.tt.ttnn_functional_unet_2d_condition_model_new_conv:__call__:406 - Down block 2
2026-05-29 08:11:14.292 | INFO     | models.demos.wormhole.stable_diffusion.tt.ttnn_functional_unet_2d_condition_model_new_conv:__call__:406 - Down block 3
2026-05-29 08:11:14.293 | INFO     | models.demos.wormhole.stable_diffusion.tt.ttnn_functional_unet_2d_condition_model_new_conv:__call__:460 - Mid block
2026-05-29 08:11:14.294 | warning  |              Op | Mismatch between computed MemoryConfig(memory_layout=TensorMemoryLayout::BLOCK_SHARDED,buffer_type=BufferType::L1,shard_spec=ShardSpec(grid={[(x=0,y=0) - (x=7,y=3)]},shape={32, 160},orientation=ShardOrientation::ROW_MAJOR),nd_shard_spec=NdShardSpec(shard_shape=Shape([32, 160]),grid={[(x=0,y=0) - (x=7,y=3)]},orientation=ShardOrientation::ROW_MAJOR,shard_distribution_strategy=ShardDistributionStrategy::GRID_2D),created_with_nd_shard_spec=0) and provided MemoryConfig(memory_layout=TensorMemoryLayout::BLOCK_SHARDED,buffer_type=BufferType::L1,shard_spec=ShardSpec(grid={[(x=0,y=0) - (x=7,y=7)]},shape={32, 160},orientation=ShardOrientation::ROW_MAJOR),nd_shard_spec=std::nullopt,created_with_nd_shard_spec=0) mem config. Using computed config. (matmul_op.cpp:1674)
2026-05-29 08:11:14.295 | INFO     | models.demos.wormhole.stable_diffusion.tt.ttnn_functional_unet_2d_condition_model_new_conv:__call__:491 - Up block 0
2026-05-29 08:11:14.296 | INFO     | models.demos.wormhole.stable_diffusion.tt.ttnn_functional_unet_2d_condition_model_new_conv:__call__:491 - Up block 1
2026-05-29 08:11:14.301 | INFO     | models.demos.wormhole.stable_diffusion.tt.ttnn_functional_unet_2d_condition_model_new_conv:__call__:491 - Up block 2
2026-05-29 08:11:14.309 | INFO     | models.demos.wormhole.stable_diffusion.tt.ttnn_functional_unet_2d_condition_model_new_conv:__call__:491 - Up block 3
2026-05-29 08:11:14.329 | INFO     | models.demos.wormhole.stable_diffusion.tt.ttnn_functional_unet_2d_condition_model_new_conv:__call__:406 - Down block 0
2026-05-29 08:11:14.335 | info     |              Op | act_block_h_override 2 is not a valid override for padded_output_height_ntiles_per_core 7, instead 1 was selected as closest valid option! (conv2d_utils.cpp:401)
2026-05-29 08:11:14.335 | INFO     | models.demos.wormhole.stable_diffusion.tt.ttnn_functional_unet_2d_condition_model_new_conv:__call__:406 - Down block 1
2026-05-29 08:11:14.341 | INFO     | models.demos.wormhole.stable_diffusion.tt.ttnn_functional_unet_2d_condition_model_new_conv:__call__:406 - Down block 2
2026-05-29 08:11:14.344 | INFO     | models.demos.wormhole.stable_diffusion.tt.ttnn_functional_unet_2d_condition_model_new_conv:__call__:406 - Down block 3
2026-05-29 08:11:14.345 | INFO     | models.demos.wormhole.stable_diffusion.tt.ttnn_functional_unet_2d_condition_model_new_conv:__call__:460 - Mid block
2026-05-29 08:11:14.345 | warning  |              Op | Mismatch between computed MemoryConfig(memory_layout=TensorMemoryLayout::BLOCK_SHARDED,buffer_type=BufferType::L1,shard_spec=ShardSpec(grid={[(x=0,y=0) - (x=7,y=3)]},shape={32, 160},orientation=ShardOrientation::ROW_MAJOR),nd_shard_spec=NdShardSpec(shard_shape=Shape([32, 160]),grid={[(x=0,y=0) - (x=7,y=3)]},orientation=ShardOrientation::ROW_MAJOR,shard_distribution_strategy=ShardDistributionStrategy::GRID_2D),created_with_nd_shard_spec=0) and provided MemoryConfig(memory_layout=TensorMemoryLayout::BLOCK_SHARDED,buffer_type=BufferType::L1,shard_spec=ShardSpec(grid={[(x=0,y=0) - (x=7,y=7)]},shape={32, 160},orientation=ShardOrientation::ROW_MAJOR),nd_shard_spec=std::nullopt,created_with_nd_shard_spec=0) mem config. Using computed config. (matmul_op.cpp:1674)
2026-05-29 08:11:14.347 | INFO     | models.demos.wormhole.stable_diffusion.tt.ttnn_functional_unet_2d_condition_model_new_conv:__call__:491 - Up block 0
2026-05-29 08:11:14.348 | INFO     | models.demos.wormhole.stable_diffusion.tt.ttnn_functional_unet_2d_condition_model_new_conv:__call__:491 - Up block 1
2026-05-29 08:11:14.353 | INFO     | models.demos.wormhole.stable_diffusion.tt.ttnn_functional_unet_2d_condition_model_new_conv:__call__:491 - Up block 2
2026-05-29 08:11:14.361 | INFO     | models.demos.wormhole.stable_diffusion.tt.ttnn_functional_unet_2d_condition_model_new_conv:__call__:491 - Up block 3
2026-05-29 08:11:14.381 | INFO     | models.demos.wormhole.stable_diffusion.tt.ttnn_functional_unet_2d_condition_model_new_conv:__call__:406 - Down block 0
2026-05-29 08:11:14.387 | info     |              Op | act_block_h_override 2 is not a valid override for padded_output_height_ntiles_per_core 7, instead 1 was selected as closest valid option! (conv2d_utils.cpp:401)
2026-05-29 08:11:14.387 | INFO     | models.demos.wormhole.stable_diffusion.tt.ttnn_functional_unet_2d_condition_model_new_conv:__call__:406 - Down block 1
2026-05-29 08:11:14.393 | INFO     | models.demos.wormhole.stable_diffusion.tt.ttnn_functional_unet_2d_condition_model_new_conv:__call__:406 - Down block 2
2026-05-29 08:11:14.396 | INFO     | models.demos.wormhole.stable_diffusion.tt.ttnn_functional_unet_2d_condition_model_new_conv:__call__:406 - Down block 3
2026-05-29 08:11:14.397 | INFO     | models.demos.wormhole.stable_diffusion.tt.ttnn_functional_unet_2d_condition_model_new_conv:__call__:460 - Mid block
2026-05-29 08:11:14.397 | warning  |              Op | Mismatch between computed MemoryConfig(memory_layout=TensorMemoryLayout::BLOCK_SHARDED,buffer_type=BufferType::L1,shard_spec=ShardSpec(grid={[(x=0,y=0) - (x=7,y=3)]},shape={32, 160},orientation=ShardOrientation::ROW_MAJOR),nd_shard_spec=NdShardSpec(shard_shape=Shape([32, 160]),grid={[(x=0,y=0) - (x=7,y=3)]},orientation=ShardOrientation::ROW_MAJOR,shard_distribution_strategy=ShardDistributionStrategy::GRID_2D),created_with_nd_shard_spec=0) and provided MemoryConfig(memory_layout=TensorMemoryLayout::BLOCK_SHARDED,buffer_type=BufferType::L1,shard_spec=ShardSpec(grid={[(x=0,y=0) - (x=7,y=7)]},shape={32, 160},orientation=ShardOrientation::ROW_MAJOR),nd_shard_spec=std::nullopt,created_with_nd_shard_spec=0) mem config. Using computed config. (matmul_op.cpp:1674)
2026-05-29 08:11:14.399 | INFO     | models.demos.wormhole.stable_diffusion.tt.ttnn_functional_unet_2d_condition_model_new_conv:__call__:491 - Up block 0
2026-05-29 08:11:14.400 | INFO     | models.demos.wormhole.stable_diffusion.tt.ttnn_functional_unet_2d_condition_model_new_conv:__call__:491 - Up block 1
2026-05-29 08:11:14.405 | INFO     | models.demos.wormhole.stable_diffusion.tt.ttnn_functional_unet_2d_condition_model_new_conv:__call__:491 - Up block 2
2026-05-29 08:11:14.413 | INFO     | models.demos.wormhole.stable_diffusion.tt.ttnn_functional_unet_2d_condition_model_new_conv:__call__:491 - Up block 3
2026-05-29 08:11:14.433 | INFO     | models.demos.wormhole.stable_diffusion.tt.ttnn_functional_unet_2d_condition_model_new_conv:__call__:406 - Down block 0
2026-05-29 08:11:14.439 | info     |              Op | act_block_h_override 2 is not a valid override for padded_output_height_ntiles_per_core 7, instead 1 was selected as closest valid option! (conv2d_utils.cpp:401)
2026-05-29 08:11:14.439 | INFO     | models.demos.wormhole.stable_diffusion.tt.ttnn_functional_unet_2d_condition_model_new_conv:__call__:406 - Down block 1
2026-05-29 08:11:14.444 | INFO     | models.demos.wormhole.stable_diffusion.tt.ttnn_functional_unet_2d_condition_model_new_conv:__call__:406 - Down block 2
2026-05-29 08:11:14.448 | INFO     | models.demos.wormhole.stable_diffusion.tt.ttnn_functional_unet_2d_condition_model_new_conv:__call__:406 - Down block 3
2026-05-29 08:11:14.448 | INFO     | models.demos.wormhole.stable_diffusion.tt.ttnn_functional_unet_2d_condition_model_new_conv:__call__:460 - Mid block
2026-05-29 08:11:14.449 | warning  |              Op | Mismatch between computed MemoryConfig(memory_layout=TensorMemoryLayout::BLOCK_SHARDED,buffer_type=BufferType::L1,shard_spec=ShardSpec(grid={[(x=0,y=0) - (x=7,y=3)]},shape={32, 160},orientation=ShardOrientation::ROW_MAJOR),nd_shard_spec=NdShardSpec(shard_shape=Shape([32, 160]),grid={[(x=0,y=0) - (x=7,y=3)]},orientation=ShardOrientation::ROW_MAJOR,shard_distribution_strategy=ShardDistributionStrategy::GRID_2D),created_with_nd_shard_spec=0) and provided MemoryConfig(memory_layout=TensorMemoryLayout::BLOCK_SHARDED,buffer_type=BufferType::L1,shard_spec=ShardSpec(grid={[(x=0,y=0) - (x=7,y=7)]},shape={32, 160},orientation=ShardOrientation::ROW_MAJOR),nd_shard_spec=std::nullopt,created_with_nd_shard_spec=0) mem config. Using computed config. (matmul_op.cpp:1674)
2026-05-29 08:11:14.450 | INFO     | models.demos.wormhole.stable_diffusion.tt.ttnn_functional_unet_2d_condition_model_new_conv:__call__:491 - Up block 0
2026-05-29 08:11:14.451 | INFO     | models.demos.wormhole.stable_diffusion.tt.ttnn_functional_unet_2d_condition_model_new_conv:__call__:491 - Up block 1
2026-05-29 08:11:14.456 | INFO     | models.demos.wormhole.stable_diffusion.tt.ttnn_functional_unet_2d_condition_model_new_conv:__call__:491 - Up block 2
2026-05-29 08:11:14.465 | INFO     | models.demos.wormhole.stable_diffusion.tt.ttnn_functional_unet_2d_condition_model_new_conv:__call__:491 - Up block 3
2026-05-29 08:11:14.485 | INFO     | models.demos.wormhole.stable_diffusion.tt.ttnn_functional_unet_2d_condition_model_new_conv:__call__:406 - Down block 0
2026-05-29 08:11:14.491 | info     |              Op | act_block_h_override 2 is not a valid override for padded_output_height_ntiles_per_core 7, instead 1 was selected as closest valid option! (conv2d_utils.cpp:401)
2026-05-29 08:11:14.491 | INFO     | models.demos.wormhole.stable_diffusion.tt.ttnn_functional_unet_2d_condition_model_new_conv:__call__:406 - Down block 1
2026-05-29 08:11:14.497 | INFO     | models.demos.wormhole.stable_diffusion.tt.ttnn_functional_unet_2d_condition_model_new_conv:__call__:406 - Down block 2
2026-05-29 08:11:14.500 | INFO     | models.demos.wormhole.stable_diffusion.tt.ttnn_functional_unet_2d_condition_model_new_conv:__call__:406 - Down block 3
2026-05-29 08:11:14.501 | INFO     | models.demos.wormhole.stable_diffusion.tt.ttnn_functional_unet_2d_condition_model_new_conv:__call__:460 - Mid block
2026-05-29 08:11:14.501 | warning  |              Op | Mismatch between computed MemoryConfig(memory_layout=TensorMemoryLayout::BLOCK_SHARDED,buffer_type=BufferType::L1,shard_spec=ShardSpec(grid={[(x=0,y=0) - (x=7,y=3)]},shape={32, 160},orientation=ShardOrientation::ROW_MAJOR),nd_shard_spec=NdShardSpec(shard_shape=Shape([32, 160]),grid={[(x=0,y=0) - (x=7,y=3)]},orientation=ShardOrientation::ROW_MAJOR,shard_distribution_strategy=ShardDistributionStrategy::GRID_2D),created_with_nd_shard_spec=0) and provided MemoryConfig(memory_layout=TensorMemoryLayout::BLOCK_SHARDED,buffer_type=BufferType::L1,shard_spec=ShardSpec(grid={[(x=0,y=0) - (x=7,y=7)]},shape={32, 160},orientation=ShardOrientation::ROW_MAJOR),nd_shard_spec=std::nullopt,created_with_nd_shard_spec=0) mem config. Using computed config. (matmul_op.cpp:1674)
2026-05-29 08:11:14.503 | INFO     | models.demos.wormhole.stable_diffusion.tt.ttnn_functional_unet_2d_condition_model_new_conv:__call__:491 - Up block 0
2026-05-29 08:11:14.504 | INFO     | models.demos.wormhole.stable_diffusion.tt.ttnn_functional_unet_2d_condition_model_new_conv:__call__:491 - Up block 1
2026-05-29 08:11:14.509 | INFO     | models.demos.wormhole.stable_diffusion.tt.ttnn_functional_unet_2d_condition_model_new_conv:__call__:491 - Up block 2
2026-05-29 08:11:14.518 | INFO     | models.demos.wormhole.stable_diffusion.tt.ttnn_functional_unet_2d_condition_model_new_conv:__call__:491 - Up block 3
2026-05-29 08:11:14.538 | INFO     | models.demos.wormhole.stable_diffusion.tt.ttnn_functional_unet_2d_condition_model_new_conv:__call__:406 - Down block 0
2026-05-29 08:11:14.543 | info     |              Op | act_block_h_override 2 is not a valid override for padded_output_height_ntiles_per_core 7, instead 1 was selected as closest valid option! (conv2d_utils.cpp:401)
2026-05-29 08:11:14.544 | INFO     | models.demos.wormhole.stable_diffusion.tt.ttnn_functional_unet_2d_condition_model_new_conv:__call__:406 - Down block 1
2026-05-29 08:11:14.549 | INFO     | models.demos.wormhole.stable_diffusion.tt.ttnn_functional_unet_2d_condition_model_new_conv:__call__:406 - Down block 2
2026-05-29 08:11:14.552 | INFO     | models.demos.wormhole.stable_diffusion.tt.ttnn_functional_unet_2d_condition_model_new_conv:__call__:406 - Down block 3
2026-05-29 08:11:14.553 | INFO     | models.demos.wormhole.stable_diffusion.tt.ttnn_functional_unet_2d_condition_model_new_conv:__call__:460 - Mid block
2026-05-29 08:11:14.554 | warning  |              Op | Mismatch between computed MemoryConfig(memory_layout=TensorMemoryLayout::BLOCK_SHARDED,buffer_type=BufferType::L1,shard_spec=ShardSpec(grid={[(x=0,y=0) - (x=7,y=3)]},shape={32, 160},orientation=ShardOrientation::ROW_MAJOR),nd_shard_spec=NdShardSpec(shard_shape=Shape([32, 160]),grid={[(x=0,y=0) - (x=7,y=3)]},orientation=ShardOrientation::ROW_MAJOR,shard_distribution_strategy=ShardDistributionStrategy::GRID_2D),created_with_nd_shard_spec=0) and provided MemoryConfig(memory_layout=TensorMemoryLayout::BLOCK_SHARDED,buffer_type=BufferType::L1,shard_spec=ShardSpec(grid={[(x=0,y=0) - (x=7,y=7)]},shape={32, 160},orientation=ShardOrientation::ROW_MAJOR),nd_shard_spec=std::nullopt,created_with_nd_shard_spec=0) mem config. Using computed config. (matmul_op.cpp:1674)
2026-05-29 08:11:14.555 | INFO     | models.demos.wormhole.stable_diffusion.tt.ttnn_functional_unet_2d_condition_model_new_conv:__call__:491 - Up block 0
2026-05-29 08:11:14.556 | INFO     | models.demos.wormhole.stable_diffusion.tt.ttnn_functional_unet_2d_condition_model_new_conv:__call__:491 - Up block 1
2026-05-29 08:11:14.561 | INFO     | models.demos.wormhole.stable_diffusion.tt.ttnn_functional_unet_2d_condition_model_new_conv:__call__:491 - Up block 2
2026-05-29 08:11:14.570 | INFO     | models.demos.wormhole.stable_diffusion.tt.ttnn_functional_unet_2d_condition_model_new_conv:__call__:491 - Up block 3
2026-05-29 08:11:14.590 | INFO     | models.demos.wormhole.stable_diffusion.tt.ttnn_functional_unet_2d_condition_model_new_conv:__call__:406 - Down block 0
2026-05-29 08:11:14.596 | info     |              Op | act_block_h_override 2 is not a valid override for padded_output_height_ntiles_per_core 7, instead 1 was selected as closest valid option! (conv2d_utils.cpp:401)
2026-05-29 08:11:14.596 | INFO     | models.demos.wormhole.stable_diffusion.tt.ttnn_functional_unet_2d_condition_model_new_conv:__call__:406 - Down block 1
2026-05-29 08:11:14.602 | INFO     | models.demos.wormhole.stable_diffusion.tt.ttnn_functional_unet_2d_condition_model_new_conv:__call__:406 - Down block 2
2026-05-29 08:11:14.606 | INFO     | models.demos.wormhole.stable_diffusion.tt.ttnn_functional_unet_2d_condition_model_new_conv:__call__:406 - Down block 3
2026-05-29 08:11:14.607 | INFO     | models.demos.wormhole.stable_diffusion.tt.ttnn_functional_unet_2d_condition_model_new_conv:__call__:460 - Mid block
2026-05-29 08:11:14.607 | warning  |              Op | Mismatch between computed MemoryConfig(memory_layout=TensorMemoryLayout::BLOCK_SHARDED,buffer_type=BufferType::L1,shard_spec=ShardSpec(grid={[(x=0,y=0) - (x=7,y=3)]},shape={32, 160},orientation=ShardOrientation::ROW_MAJOR),nd_shard_spec=NdShardSpec(shard_shape=Shape([32, 160]),grid={[(x=0,y=0) - (x=7,y=3)]},orientation=ShardOrientation::ROW_MAJOR,shard_distribution_strategy=ShardDistributionStrategy::GRID_2D),created_with_nd_shard_spec=0) and provided MemoryConfig(memory_layout=TensorMemoryLayout::BLOCK_SHARDED,buffer_type=BufferType::L1,shard_spec=ShardSpec(grid={[(x=0,y=0) - (x=7,y=7)]},shape={32, 160},orientation=ShardOrientation::ROW_MAJOR),nd_shard_spec=std::nullopt,created_with_nd_shard_spec=0) mem config. Using computed config. (matmul_op.cpp:1674)
2026-05-29 08:11:14.609 | INFO     | models.demos.wormhole.stable_diffusion.tt.ttnn_functional_unet_2d_condition_model_new_conv:__call__:491 - Up block 0
2026-05-29 08:11:14.610 | INFO     | models.demos.wormhole.stable_diffusion.tt.ttnn_functional_unet_2d_condition_model_new_conv:__call__:491 - Up block 1
2026-05-29 08:11:14.616 | INFO     | models.demos.wormhole.stable_diffusion.tt.ttnn_functional_unet_2d_condition_model_new_conv:__call__:491 - Up block 2
2026-05-29 08:11:14.624 | INFO     | models.demos.wormhole.stable_diffusion.tt.ttnn_functional_unet_2d_condition_model_new_conv:__call__:491 - Up block 3
2026-05-29 08:11:14.644 | INFO     | models.demos.wormhole.stable_diffusion.tt.ttnn_functional_unet_2d_condition_model_new_conv:__call__:406 - Down block 0
2026-05-29 08:11:14.650 | info     |              Op | act_block_h_override 2 is not a valid override for padded_output_height_ntiles_per_core 7, instead 1 was selected as closest valid option! (conv2d_utils.cpp:401)
2026-05-29 08:11:14.650 | INFO     | models.demos.wormhole.stable_diffusion.tt.ttnn_functional_unet_2d_condition_model_new_conv:__call__:406 - Down block 1
2026-05-29 08:11:14.656 | INFO     | models.demos.wormhole.stable_diffusion.tt.ttnn_functional_unet_2d_condition_model_new_conv:__call__:406 - Down block 2
2026-05-29 08:11:14.660 | INFO     | models.demos.wormhole.stable_diffusion.tt.ttnn_functional_unet_2d_condition_model_new_conv:__call__:406 - Down block 3
2026-05-29 08:11:14.660 | INFO     | models.demos.wormhole.stable_diffusion.tt.ttnn_functional_unet_2d_condition_model_new_conv:__call__:460 - Mid block
2026-05-29 08:11:14.661 | warning  |              Op | Mismatch between computed MemoryConfig(memory_layout=TensorMemoryLayout::BLOCK_SHARDED,buffer_type=BufferType::L1,shard_spec=ShardSpec(grid={[(x=0,y=0) - (x=7,y=3)]},shape={32, 160},orientation=ShardOrientation::ROW_MAJOR),nd_shard_spec=NdShardSpec(shard_shape=Shape([32, 160]),grid={[(x=0,y=0) - (x=7,y=3)]},orientation=ShardOrientation::ROW_MAJOR,shard_distribution_strategy=ShardDistributionStrategy::GRID_2D),created_with_nd_shard_spec=0) and provided MemoryConfig(memory_layout=TensorMemoryLayout::BLOCK_SHARDED,buffer_type=BufferType::L1,shard_spec=ShardSpec(grid={[(x=0,y=0) - (x=7,y=7)]},shape={32, 160},orientation=ShardOrientation::ROW_MAJOR),nd_shard_spec=std::nullopt,created_with_nd_shard_spec=0) mem config. Using computed config. (matmul_op.cpp:1674)
2026-05-29 08:11:14.662 | INFO     | models.demos.wormhole.stable_diffusion.tt.ttnn_functional_unet_2d_condition_model_new_conv:__call__:491 - Up block 0
2026-05-29 08:11:14.664 | INFO     | models.demos.wormhole.stable_diffusion.tt.ttnn_functional_unet_2d_condition_model_new_conv:__call__:491 - Up block 1
2026-05-29 08:11:14.669 | INFO     | models.demos.wormhole.stable_diffusion.tt.ttnn_functional_unet_2d_condition_model_new_conv:__call__:491 - Up block 2
2026-05-29 08:11:14.677 | INFO     | models.demos.wormhole.stable_diffusion.tt.ttnn_functional_unet_2d_condition_model_new_conv:__call__:491 - Up block 3
  Step 18/41
2026-05-29 08:11:14.700 | INFO     | models.demos.wormhole.stable_diffusion.tt.ttnn_functional_unet_2d_condition_model_new_conv:__call__:406 - Down block 0
2026-05-29 08:11:14.707 | info     |              Op | act_block_h_override 2 is not a valid override for padded_output_height_ntiles_per_core 7, instead 1 was selected as closest valid option! (conv2d_utils.cpp:401)
2026-05-29 08:11:14.708 | INFO     | models.demos.wormhole.stable_diffusion.tt.ttnn_functional_unet_2d_condition_model_new_conv:__call__:406 - Down block 1
2026-05-29 08:11:14.714 | INFO     | models.demos.wormhole.stable_diffusion.tt.ttnn_functional_unet_2d_condition_model_new_conv:__call__:406 - Down block 2
2026-05-29 08:11:14.718 | INFO     | models.demos.wormhole.stable_diffusion.tt.ttnn_functional_unet_2d_condition_model_new_conv:__call__:406 - Down block 3
2026-05-29 08:11:14.719 | INFO     | models.demos.wormhole.stable_diffusion.tt.ttnn_functional_unet_2d_condition_model_new_conv:__call__:460 - Mid block
2026-05-29 08:11:14.719 | warning  |              Op | Mismatch between computed MemoryConfig(memory_layout=TensorMemoryLayout::BLOCK_SHARDED,buffer_type=BufferType::L1,shard_spec=ShardSpec(grid={[(x=0,y=0) - (x=7,y=3)]},shape={32, 160},orientation=ShardOrientation::ROW_MAJOR),nd_shard_spec=NdShardSpec(shard_shape=Shape([32, 160]),grid={[(x=0,y=0) - (x=7,y=3)]},orientation=ShardOrientation::ROW_MAJOR,shard_distribution_strategy=ShardDistributionStrategy::GRID_2D),created_with_nd_shard_spec=0) and provided MemoryConfig(memory_layout=TensorMemoryLayout::BLOCK_SHARDED,buffer_type=BufferType::L1,shard_spec=ShardSpec(grid={[(x=0,y=0) - (x=7,y=7)]},shape={32, 160},orientation=ShardOrientation::ROW_MAJOR),nd_shard_spec=std::nullopt,created_with_nd_shard_spec=0) mem config. Using computed config. (matmul_op.cpp:1674)
2026-05-29 08:11:14.721 | INFO     | models.demos.wormhole.stable_diffusion.tt.ttnn_functional_unet_2d_condition_model_new_conv:__call__:491 - Up block 0
2026-05-29 08:11:14.722 | INFO     | models.demos.wormhole.stable_diffusion.tt.ttnn_functional_unet_2d_condition_model_new_conv:__call__:491 - Up block 1
2026-05-29 08:11:14.727 | INFO     | models.demos.wormhole.stable_diffusion.tt.ttnn_functional_unet_2d_condition_model_new_conv:__call__:491 - Up block 2
2026-05-29 08:11:14.736 | INFO     | models.demos.wormhole.stable_diffusion.tt.ttnn_functional_unet_2d_condition_model_new_conv:__call__:491 - Up block 3
2026-05-29 08:11:14.756 | INFO     | models.demos.wormhole.stable_diffusion.tt.ttnn_functional_unet_2d_condition_model_new_conv:__call__:406 - Down block 0
2026-05-29 08:11:14.763 | info     |              Op | act_block_h_override 2 is not a valid override for padded_output_height_ntiles_per_core 7, instead 1 was selected as closest valid option! (conv2d_utils.cpp:401)
2026-05-29 08:11:14.763 | INFO     | models.demos.wormhole.stable_diffusion.tt.ttnn_functional_unet_2d_condition_model_new_conv:__call__:406 - Down block 1
2026-05-29 08:11:14.770 | INFO     | models.demos.wormhole.stable_diffusion.tt.ttnn_functional_unet_2d_condition_model_new_conv:__call__:406 - Down block 2
2026-05-29 08:11:14.774 | INFO     | models.demos.wormhole.stable_diffusion.tt.ttnn_functional_unet_2d_condition_model_new_conv:__call__:406 - Down block 3
2026-05-29 08:11:14.775 | INFO     | models.demos.wormhole.stable_diffusion.tt.ttnn_functional_unet_2d_condition_model_new_conv:__call__:460 - Mid block
2026-05-29 08:11:14.775 | warning  |              Op | Mismatch between computed MemoryConfig(memory_layout=TensorMemoryLayout::BLOCK_SHARDED,buffer_type=BufferType::L1,shard_spec=ShardSpec(grid={[(x=0,y=0) - (x=7,y=3)]},shape={32, 160},orientation=ShardOrientation::ROW_MAJOR),nd_shard_spec=NdShardSpec(shard_shape=Shape([32, 160]),grid={[(x=0,y=0) - (x=7,y=3)]},orientation=ShardOrientation::ROW_MAJOR,shard_distribution_strategy=ShardDistributionStrategy::GRID_2D),created_with_nd_shard_spec=0) and provided MemoryConfig(memory_layout=TensorMemoryLayout::BLOCK_SHARDED,buffer_type=BufferType::L1,shard_spec=ShardSpec(grid={[(x=0,y=0) - (x=7,y=7)]},shape={32, 160},orientation=ShardOrientation::ROW_MAJOR),nd_shard_spec=std::nullopt,created_with_nd_shard_spec=0) mem config. Using computed config. (matmul_op.cpp:1674)
2026-05-29 08:11:14.777 | INFO     | models.demos.wormhole.stable_diffusion.tt.ttnn_functional_unet_2d_condition_model_new_conv:__call__:491 - Up block 0
2026-05-29 08:11:14.778 | INFO     | models.demos.wormhole.stable_diffusion.tt.ttnn_functional_unet_2d_condition_model_new_conv:__call__:491 - Up block 1
2026-05-29 08:11:14.783 | INFO     | models.demos.wormhole.stable_diffusion.tt.ttnn_functional_unet_2d_condition_model_new_conv:__call__:491 - Up block 2
2026-05-29 08:11:14.792 | INFO     | models.demos.wormhole.stable_diffusion.tt.ttnn_functional_unet_2d_condition_model_new_conv:__call__:491 - Up block 3
2026-05-29 08:11:14.812 | INFO     | models.demos.wormhole.stable_diffusion.tt.ttnn_functional_unet_2d_condition_model_new_conv:__call__:406 - Down block 0
2026-05-29 08:11:14.818 | info     |              Op | act_block_h_override 2 is not a valid override for padded_output_height_ntiles_per_core 7, instead 1 was selected as closest valid option! (conv2d_utils.cpp:401)
2026-05-29 08:11:14.818 | INFO     | models.demos.wormhole.stable_diffusion.tt.ttnn_functional_unet_2d_condition_model_new_conv:__call__:406 - Down block 1
2026-05-29 08:11:14.824 | INFO     | models.demos.wormhole.stable_diffusion.tt.ttnn_functional_unet_2d_condition_model_new_conv:__call__:406 - Down block 2
2026-05-29 08:11:14.827 | INFO     | models.demos.wormhole.stable_diffusion.tt.ttnn_functional_unet_2d_condition_model_new_conv:__call__:406 - Down block 3
2026-05-29 08:11:14.828 | INFO     | models.demos.wormhole.stable_diffusion.tt.ttnn_functional_unet_2d_condition_model_new_conv:__call__:460 - Mid block
2026-05-29 08:11:14.828 | warning  |              Op | Mismatch between computed MemoryConfig(memory_layout=TensorMemoryLayout::BLOCK_SHARDED,buffer_type=BufferType::L1,shard_spec=ShardSpec(grid={[(x=0,y=0) - (x=7,y=3)]},shape={32, 160},orientation=ShardOrientation::ROW_MAJOR),nd_shard_spec=NdShardSpec(shard_shape=Shape([32, 160]),grid={[(x=0,y=0) - (x=7,y=3)]},orientation=ShardOrientation::ROW_MAJOR,shard_distribution_strategy=ShardDistributionStrategy::GRID_2D),created_with_nd_shard_spec=0) and provided MemoryConfig(memory_layout=TensorMemoryLayout::BLOCK_SHARDED,buffer_type=BufferType::L1,shard_spec=ShardSpec(grid={[(x=0,y=0) - (x=7,y=7)]},shape={32, 160},orientation=ShardOrientation::ROW_MAJOR),nd_shard_spec=std::nullopt,created_with_nd_shard_spec=0) mem config. Using computed config. (matmul_op.cpp:1674)
2026-05-29 08:11:14.830 | INFO     | models.demos.wormhole.stable_diffusion.tt.ttnn_functional_unet_2d_condition_model_new_conv:__call__:491 - Up block 0
2026-05-29 08:11:14.831 | INFO     | models.demos.wormhole.stable_diffusion.tt.ttnn_functional_unet_2d_condition_model_new_conv:__call__:491 - Up block 1
2026-05-29 08:11:14.836 | INFO     | models.demos.wormhole.stable_diffusion.tt.ttnn_functional_unet_2d_condition_model_new_conv:__call__:491 - Up block 2
2026-05-29 08:11:14.844 | INFO     | models.demos.wormhole.stable_diffusion.tt.ttnn_functional_unet_2d_condition_model_new_conv:__call__:491 - Up block 3
2026-05-29 08:11:14.864 | INFO     | models.demos.wormhole.stable_diffusion.tt.ttnn_functional_unet_2d_condition_model_new_conv:__call__:406 - Down block 0
2026-05-29 08:11:14.870 | info     |              Op | act_block_h_override 2 is not a valid override for padded_output_height_ntiles_per_core 7, instead 1 was selected as closest valid option! (conv2d_utils.cpp:401)
2026-05-29 08:11:14.870 | INFO     | models.demos.wormhole.stable_diffusion.tt.ttnn_functional_unet_2d_condition_model_new_conv:__call__:406 - Down block 1
2026-05-29 08:11:14.876 | INFO     | models.demos.wormhole.stable_diffusion.tt.ttnn_functional_unet_2d_condition_model_new_conv:__call__:406 - Down block 2
2026-05-29 08:11:14.879 | INFO     | models.demos.wormhole.stable_diffusion.tt.ttnn_functional_unet_2d_condition_model_new_conv:__call__:406 - Down block 3
2026-05-29 08:11:14.880 | INFO     | models.demos.wormhole.stable_diffusion.tt.ttnn_functional_unet_2d_condition_model_new_conv:__call__:460 - Mid block
2026-05-29 08:11:14.881 | warning  |              Op | Mismatch between computed MemoryConfig(memory_layout=TensorMemoryLayout::BLOCK_SHARDED,buffer_type=BufferType::L1,shard_spec=ShardSpec(grid={[(x=0,y=0) - (x=7,y=3)]},shape={32, 160},orientation=ShardOrientation::ROW_MAJOR),nd_shard_spec=NdShardSpec(shard_shape=Shape([32, 160]),grid={[(x=0,y=0) - (x=7,y=3)]},orientation=ShardOrientation::ROW_MAJOR,shard_distribution_strategy=ShardDistributionStrategy::GRID_2D),created_with_nd_shard_spec=0) and provided MemoryConfig(memory_layout=TensorMemoryLayout::BLOCK_SHARDED,buffer_type=BufferType::L1,shard_spec=ShardSpec(grid={[(x=0,y=0) - (x=7,y=7)]},shape={32, 160},orientation=ShardOrientation::ROW_MAJOR),nd_shard_spec=std::nullopt,created_with_nd_shard_spec=0) mem config. Using computed config. (matmul_op.cpp:1674)
2026-05-29 08:11:14.882 | INFO     | models.demos.wormhole.stable_diffusion.tt.ttnn_functional_unet_2d_condition_model_new_conv:__call__:491 - Up block 0
2026-05-29 08:11:14.883 | INFO     | models.demos.wormhole.stable_diffusion.tt.ttnn_functional_unet_2d_condition_model_new_conv:__call__:491 - Up block 1
2026-05-29 08:11:14.888 | INFO     | models.demos.wormhole.stable_diffusion.tt.ttnn_functional_unet_2d_condition_model_new_conv:__call__:491 - Up block 2
2026-05-29 08:11:14.896 | INFO     | models.demos.wormhole.stable_diffusion.tt.ttnn_functional_unet_2d_condition_model_new_conv:__call__:491 - Up block 3
2026-05-29 08:11:14.916 | INFO     | models.demos.wormhole.stable_diffusion.tt.ttnn_functional_unet_2d_condition_model_new_conv:__call__:406 - Down block 0
2026-05-29 08:11:14.922 | info     |              Op | act_block_h_override 2 is not a valid override for padded_output_height_ntiles_per_core 7, instead 1 was selected as closest valid option! (conv2d_utils.cpp:401)
2026-05-29 08:11:14.922 | INFO     | models.demos.wormhole.stable_diffusion.tt.ttnn_functional_unet_2d_condition_model_new_conv:__call__:406 - Down block 1
2026-05-29 08:11:14.928 | INFO     | models.demos.wormhole.stable_diffusion.tt.ttnn_functional_unet_2d_condition_model_new_conv:__call__:406 - Down block 2
2026-05-29 08:11:14.931 | INFO     | models.demos.wormhole.stable_diffusion.tt.ttnn_functional_unet_2d_condition_model_new_conv:__call__:406 - Down block 3
2026-05-29 08:11:14.932 | INFO     | models.demos.wormhole.stable_diffusion.tt.ttnn_functional_unet_2d_condition_model_new_conv:__call__:460 - Mid block
2026-05-29 08:11:14.932 | warning  |              Op | Mismatch between computed MemoryConfig(memory_layout=TensorMemoryLayout::BLOCK_SHARDED,buffer_type=BufferType::L1,shard_spec=ShardSpec(grid={[(x=0,y=0) - (x=7,y=3)]},shape={32, 160},orientation=ShardOrientation::ROW_MAJOR),nd_shard_spec=NdShardSpec(shard_shape=Shape([32, 160]),grid={[(x=0,y=0) - (x=7,y=3)]},orientation=ShardOrientation::ROW_MAJOR,shard_distribution_strategy=ShardDistributionStrategy::GRID_2D),created_with_nd_shard_spec=0) and provided MemoryConfig(memory_layout=TensorMemoryLayout::BLOCK_SHARDED,buffer_type=BufferType::L1,shard_spec=ShardSpec(grid={[(x=0,y=0) - (x=7,y=7)]},shape={32, 160},orientation=ShardOrientation::ROW_MAJOR),nd_shard_spec=std::nullopt,created_with_nd_shard_spec=0) mem config. Using computed config. (matmul_op.cpp:1674)
2026-05-29 08:11:14.933 | INFO     | models.demos.wormhole.stable_diffusion.tt.ttnn_functional_unet_2d_condition_model_new_conv:__call__:491 - Up block 0
2026-05-29 08:11:14.935 | INFO     | models.demos.wormhole.stable_diffusion.tt.ttnn_functional_unet_2d_condition_model_new_conv:__call__:491 - Up block 1
2026-05-29 08:11:14.939 | INFO     | models.demos.wormhole.stable_diffusion.tt.ttnn_functional_unet_2d_condition_model_new_conv:__call__:491 - Up block 2
2026-05-29 08:11:14.948 | INFO     | models.demos.wormhole.stable_diffusion.tt.ttnn_functional_unet_2d_condition_model_new_conv:__call__:491 - Up block 3
2026-05-29 08:11:14.968 | INFO     | models.demos.wormhole.stable_diffusion.tt.ttnn_functional_unet_2d_condition_model_new_conv:__call__:406 - Down block 0
2026-05-29 08:11:14.974 | info     |              Op | act_block_h_override 2 is not a valid override for padded_output_height_ntiles_per_core 7, instead 1 was selected as closest valid option! (conv2d_utils.cpp:401)
2026-05-29 08:11:14.974 | INFO     | models.demos.wormhole.stable_diffusion.tt.ttnn_functional_unet_2d_condition_model_new_conv:__call__:406 - Down block 1
2026-05-29 08:11:14.980 | INFO     | models.demos.wormhole.stable_diffusion.tt.ttnn_functional_unet_2d_condition_model_new_conv:__call__:406 - Down block 2
2026-05-29 08:11:14.984 | INFO     | models.demos.wormhole.stable_diffusion.tt.ttnn_functional_unet_2d_condition_model_new_conv:__call__:406 - Down block 3
2026-05-29 08:11:14.985 | INFO     | models.demos.wormhole.stable_diffusion.tt.ttnn_functional_unet_2d_condition_model_new_conv:__call__:460 - Mid block
2026-05-29 08:11:14.985 | warning  |              Op | Mismatch between computed MemoryConfig(memory_layout=TensorMemoryLayout::BLOCK_SHARDED,buffer_type=BufferType::L1,shard_spec=ShardSpec(grid={[(x=0,y=0) - (x=7,y=3)]},shape={32, 160},orientation=ShardOrientation::ROW_MAJOR),nd_shard_spec=NdShardSpec(shard_shape=Shape([32, 160]),grid={[(x=0,y=0) - (x=7,y=3)]},orientation=ShardOrientation::ROW_MAJOR,shard_distribution_strategy=ShardDistributionStrategy::GRID_2D),created_with_nd_shard_spec=0) and provided MemoryConfig(memory_layout=TensorMemoryLayout::BLOCK_SHARDED,buffer_type=BufferType::L1,shard_spec=ShardSpec(grid={[(x=0,y=0) - (x=7,y=7)]},shape={32, 160},orientation=ShardOrientation::ROW_MAJOR),nd_shard_spec=std::nullopt,created_with_nd_shard_spec=0) mem config. Using computed config. (matmul_op.cpp:1674)
2026-05-29 08:11:14.987 | INFO     | models.demos.wormhole.stable_diffusion.tt.ttnn_functional_unet_2d_condition_model_new_conv:__call__:491 - Up block 0
2026-05-29 08:11:14.988 | INFO     | models.demos.wormhole.stable_diffusion.tt.ttnn_functional_unet_2d_condition_model_new_conv:__call__:491 - Up block 1
2026-05-29 08:11:14.993 | INFO     | models.demos.wormhole.stable_diffusion.tt.ttnn_functional_unet_2d_condition_model_new_conv:__call__:491 - Up block 2
2026-05-29 08:11:15.002 | INFO     | models.demos.wormhole.stable_diffusion.tt.ttnn_functional_unet_2d_condition_model_new_conv:__call__:491 - Up block 3
2026-05-29 08:11:15.022 | INFO     | models.demos.wormhole.stable_diffusion.tt.ttnn_functional_unet_2d_condition_model_new_conv:__call__:406 - Down block 0
2026-05-29 08:11:15.027 | info     |              Op | act_block_h_override 2 is not a valid override for padded_output_height_ntiles_per_core 7, instead 1 was selected as closest valid option! (conv2d_utils.cpp:401)
2026-05-29 08:11:15.027 | INFO     | models.demos.wormhole.stable_diffusion.tt.ttnn_functional_unet_2d_condition_model_new_conv:__call__:406 - Down block 1
2026-05-29 08:11:15.033 | INFO     | models.demos.wormhole.stable_diffusion.tt.ttnn_functional_unet_2d_condition_model_new_conv:__call__:406 - Down block 2
2026-05-29 08:11:15.036 | INFO     | models.demos.wormhole.stable_diffusion.tt.ttnn_functional_unet_2d_condition_model_new_conv:__call__:406 - Down block 3
2026-05-29 08:11:15.037 | INFO     | models.demos.wormhole.stable_diffusion.tt.ttnn_functional_unet_2d_condition_model_new_conv:__call__:460 - Mid block
2026-05-29 08:11:15.038 | warning  |              Op | Mismatch between computed MemoryConfig(memory_layout=TensorMemoryLayout::BLOCK_SHARDED,buffer_type=BufferType::L1,shard_spec=ShardSpec(grid={[(x=0,y=0) - (x=7,y=3)]},shape={32, 160},orientation=ShardOrientation::ROW_MAJOR),nd_shard_spec=NdShardSpec(shard_shape=Shape([32, 160]),grid={[(x=0,y=0) - (x=7,y=3)]},orientation=ShardOrientation::ROW_MAJOR,shard_distribution_strategy=ShardDistributionStrategy::GRID_2D),created_with_nd_shard_spec=0) and provided MemoryConfig(memory_layout=TensorMemoryLayout::BLOCK_SHARDED,buffer_type=BufferType::L1,shard_spec=ShardSpec(grid={[(x=0,y=0) - (x=7,y=7)]},shape={32, 160},orientation=ShardOrientation::ROW_MAJOR),nd_shard_spec=std::nullopt,created_with_nd_shard_spec=0) mem config. Using computed config. (matmul_op.cpp:1674)
2026-05-29 08:11:15.039 | INFO     | models.demos.wormhole.stable_diffusion.tt.ttnn_functional_unet_2d_condition_model_new_conv:__call__:491 - Up block 0
2026-05-29 08:11:15.040 | INFO     | models.demos.wormhole.stable_diffusion.tt.ttnn_functional_unet_2d_condition_model_new_conv:__call__:491 - Up block 1
2026-05-29 08:11:15.045 | INFO     | models.demos.wormhole.stable_diffusion.tt.ttnn_functional_unet_2d_condition_model_new_conv:__call__:491 - Up block 2
2026-05-29 08:11:15.053 | INFO     | models.demos.wormhole.stable_diffusion.tt.ttnn_functional_unet_2d_condition_model_new_conv:__call__:491 - Up block 3
2026-05-29 08:11:15.073 | INFO     | models.demos.wormhole.stable_diffusion.tt.ttnn_functional_unet_2d_condition_model_new_conv:__call__:406 - Down block 0
2026-05-29 08:11:15.079 | info     |              Op | act_block_h_override 2 is not a valid override for padded_output_height_ntiles_per_core 7, instead 1 was selected as closest valid option! (conv2d_utils.cpp:401)
2026-05-29 08:11:15.079 | INFO     | models.demos.wormhole.stable_diffusion.tt.ttnn_functional_unet_2d_condition_model_new_conv:__call__:406 - Down block 1
2026-05-29 08:11:15.085 | INFO     | models.demos.wormhole.stable_diffusion.tt.ttnn_functional_unet_2d_condition_model_new_conv:__call__:406 - Down block 2
2026-05-29 08:11:15.088 | INFO     | models.demos.wormhole.stable_diffusion.tt.ttnn_functional_unet_2d_condition_model_new_conv:__call__:406 - Down block 3
2026-05-29 08:11:15.089 | INFO     | models.demos.wormhole.stable_diffusion.tt.ttnn_functional_unet_2d_condition_model_new_conv:__call__:460 - Mid block
2026-05-29 08:11:15.090 | warning  |              Op | Mismatch between computed MemoryConfig(memory_layout=TensorMemoryLayout::BLOCK_SHARDED,buffer_type=BufferType::L1,shard_spec=ShardSpec(grid={[(x=0,y=0) - (x=7,y=3)]},shape={32, 160},orientation=ShardOrientation::ROW_MAJOR),nd_shard_spec=NdShardSpec(shard_shape=Shape([32, 160]),grid={[(x=0,y=0) - (x=7,y=3)]},orientation=ShardOrientation::ROW_MAJOR,shard_distribution_strategy=ShardDistributionStrategy::GRID_2D),created_with_nd_shard_spec=0) and provided MemoryConfig(memory_layout=TensorMemoryLayout::BLOCK_SHARDED,buffer_type=BufferType::L1,shard_spec=ShardSpec(grid={[(x=0,y=0) - (x=7,y=7)]},shape={32, 160},orientation=ShardOrientation::ROW_MAJOR),nd_shard_spec=std::nullopt,created_with_nd_shard_spec=0) mem config. Using computed config. (matmul_op.cpp:1674)
2026-05-29 08:11:15.091 | INFO     | models.demos.wormhole.stable_diffusion.tt.ttnn_functional_unet_2d_condition_model_new_conv:__call__:491 - Up block 0
2026-05-29 08:11:15.093 | INFO     | models.demos.wormhole.stable_diffusion.tt.ttnn_functional_unet_2d_condition_model_new_conv:__call__:491 - Up block 1
2026-05-29 08:11:15.098 | INFO     | models.demos.wormhole.stable_diffusion.tt.ttnn_functional_unet_2d_condition_model_new_conv:__call__:491 - Up block 2
2026-05-29 08:11:15.106 | INFO     | models.demos.wormhole.stable_diffusion.tt.ttnn_functional_unet_2d_condition_model_new_conv:__call__:491 - Up block 3
  Step 19/41
2026-05-29 08:11:15.128 | INFO     | models.demos.wormhole.stable_diffusion.tt.ttnn_functional_unet_2d_condition_model_new_conv:__call__:406 - Down block 0
2026-05-29 08:11:15.134 | info     |              Op | act_block_h_override 2 is not a valid override for padded_output_height_ntiles_per_core 7, instead 1 was selected as closest valid option! (conv2d_utils.cpp:401)
2026-05-29 08:11:15.134 | INFO     | models.demos.wormhole.stable_diffusion.tt.ttnn_functional_unet_2d_condition_model_new_conv:__call__:406 - Down block 1
2026-05-29 08:11:15.139 | INFO     | models.demos.wormhole.stable_diffusion.tt.ttnn_functional_unet_2d_condition_model_new_conv:__call__:406 - Down block 2
2026-05-29 08:11:15.143 | INFO     | models.demos.wormhole.stable_diffusion.tt.ttnn_functional_unet_2d_condition_model_new_conv:__call__:406 - Down block 3
2026-05-29 08:11:15.143 | INFO     | models.demos.wormhole.stable_diffusion.tt.ttnn_functional_unet_2d_condition_model_new_conv:__call__:460 - Mid block
2026-05-29 08:11:15.144 | warning  |              Op | Mismatch between computed MemoryConfig(memory_layout=TensorMemoryLayout::BLOCK_SHARDED,buffer_type=BufferType::L1,shard_spec=ShardSpec(grid={[(x=0,y=0) - (x=7,y=3)]},shape={32, 160},orientation=ShardOrientation::ROW_MAJOR),nd_shard_spec=NdShardSpec(shard_shape=Shape([32, 160]),grid={[(x=0,y=0) - (x=7,y=3)]},orientation=ShardOrientation::ROW_MAJOR,shard_distribution_strategy=ShardDistributionStrategy::GRID_2D),created_with_nd_shard_spec=0) and provided MemoryConfig(memory_layout=TensorMemoryLayout::BLOCK_SHARDED,buffer_type=BufferType::L1,shard_spec=ShardSpec(grid={[(x=0,y=0) - (x=7,y=7)]},shape={32, 160},orientation=ShardOrientation::ROW_MAJOR),nd_shard_spec=std::nullopt,created_with_nd_shard_spec=0) mem config. Using computed config. (matmul_op.cpp:1674)
2026-05-29 08:11:15.145 | INFO     | models.demos.wormhole.stable_diffusion.tt.ttnn_functional_unet_2d_condition_model_new_conv:__call__:491 - Up block 0
2026-05-29 08:11:15.147 | INFO     | models.demos.wormhole.stable_diffusion.tt.ttnn_functional_unet_2d_condition_model_new_conv:__call__:491 - Up block 1
2026-05-29 08:11:15.151 | INFO     | models.demos.wormhole.stable_diffusion.tt.ttnn_functional_unet_2d_condition_model_new_conv:__call__:491 - Up block 2
2026-05-29 08:11:15.160 | INFO     | models.demos.wormhole.stable_diffusion.tt.ttnn_functional_unet_2d_condition_model_new_conv:__call__:491 - Up block 3
2026-05-29 08:11:15.180 | INFO     | models.demos.wormhole.stable_diffusion.tt.ttnn_functional_unet_2d_condition_model_new_conv:__call__:406 - Down block 0
2026-05-29 08:11:15.185 | info     |              Op | act_block_h_override 2 is not a valid override for padded_output_height_ntiles_per_core 7, instead 1 was selected as closest valid option! (conv2d_utils.cpp:401)
2026-05-29 08:11:15.186 | INFO     | models.demos.wormhole.stable_diffusion.tt.ttnn_functional_unet_2d_condition_model_new_conv:__call__:406 - Down block 1
2026-05-29 08:11:15.191 | INFO     | models.demos.wormhole.stable_diffusion.tt.ttnn_functional_unet_2d_condition_model_new_conv:__call__:406 - Down block 2
2026-05-29 08:11:15.195 | INFO     | models.demos.wormhole.stable_diffusion.tt.ttnn_functional_unet_2d_condition_model_new_conv:__call__:406 - Down block 3
2026-05-29 08:11:15.195 | INFO     | models.demos.wormhole.stable_diffusion.tt.ttnn_functional_unet_2d_condition_model_new_conv:__call__:460 - Mid block
2026-05-29 08:11:15.196 | warning  |              Op | Mismatch between computed MemoryConfig(memory_layout=TensorMemoryLayout::BLOCK_SHARDED,buffer_type=BufferType::L1,shard_spec=ShardSpec(grid={[(x=0,y=0) - (x=7,y=3)]},shape={32, 160},orientation=ShardOrientation::ROW_MAJOR),nd_shard_spec=NdShardSpec(shard_shape=Shape([32, 160]),grid={[(x=0,y=0) - (x=7,y=3)]},orientation=ShardOrientation::ROW_MAJOR,shard_distribution_strategy=ShardDistributionStrategy::GRID_2D),created_with_nd_shard_spec=0) and provided MemoryConfig(memory_layout=TensorMemoryLayout::BLOCK_SHARDED,buffer_type=BufferType::L1,shard_spec=ShardSpec(grid={[(x=0,y=0) - (x=7,y=7)]},shape={32, 160},orientation=ShardOrientation::ROW_MAJOR),nd_shard_spec=std::nullopt,created_with_nd_shard_spec=0) mem config. Using computed config. (matmul_op.cpp:1674)
2026-05-29 08:11:15.197 | INFO     | models.demos.wormhole.stable_diffusion.tt.ttnn_functional_unet_2d_condition_model_new_conv:__call__:491 - Up block 0
2026-05-29 08:11:15.199 | INFO     | models.demos.wormhole.stable_diffusion.tt.ttnn_functional_unet_2d_condition_model_new_conv:__call__:491 - Up block 1
2026-05-29 08:11:15.204 | INFO     | models.demos.wormhole.stable_diffusion.tt.ttnn_functional_unet_2d_condition_model_new_conv:__call__:491 - Up block 2
2026-05-29 08:11:15.212 | INFO     | models.demos.wormhole.stable_diffusion.tt.ttnn_functional_unet_2d_condition_model_new_conv:__call__:491 - Up block 3
2026-05-29 08:11:15.232 | INFO     | models.demos.wormhole.stable_diffusion.tt.ttnn_functional_unet_2d_condition_model_new_conv:__call__:406 - Down block 0
2026-05-29 08:11:15.238 | info     |              Op | act_block_h_override 2 is not a valid override for padded_output_height_ntiles_per_core 7, instead 1 was selected as closest valid option! (conv2d_utils.cpp:401)
2026-05-29 08:11:15.238 | INFO     | models.demos.wormhole.stable_diffusion.tt.ttnn_functional_unet_2d_condition_model_new_conv:__call__:406 - Down block 1
2026-05-29 08:11:15.243 | INFO     | models.demos.wormhole.stable_diffusion.tt.ttnn_functional_unet_2d_condition_model_new_conv:__call__:406 - Down block 2
2026-05-29 08:11:15.247 | INFO     | models.demos.wormhole.stable_diffusion.tt.ttnn_functional_unet_2d_condition_model_new_conv:__call__:406 - Down block 3
2026-05-29 08:11:15.247 | INFO     | models.demos.wormhole.stable_diffusion.tt.ttnn_functional_unet_2d_condition_model_new_conv:__call__:460 - Mid block
2026-05-29 08:11:15.248 | warning  |              Op | Mismatch between computed MemoryConfig(memory_layout=TensorMemoryLayout::BLOCK_SHARDED,buffer_type=BufferType::L1,shard_spec=ShardSpec(grid={[(x=0,y=0) - (x=7,y=3)]},shape={32, 160},orientation=ShardOrientation::ROW_MAJOR),nd_shard_spec=NdShardSpec(shard_shape=Shape([32, 160]),grid={[(x=0,y=0) - (x=7,y=3)]},orientation=ShardOrientation::ROW_MAJOR,shard_distribution_strategy=ShardDistributionStrategy::GRID_2D),created_with_nd_shard_spec=0) and provided MemoryConfig(memory_layout=TensorMemoryLayout::BLOCK_SHARDED,buffer_type=BufferType::L1,shard_spec=ShardSpec(grid={[(x=0,y=0) - (x=7,y=7)]},shape={32, 160},orientation=ShardOrientation::ROW_MAJOR),nd_shard_spec=std::nullopt,created_with_nd_shard_spec=0) mem config. Using computed config. (matmul_op.cpp:1674)
2026-05-29 08:11:15.249 | INFO     | models.demos.wormhole.stable_diffusion.tt.ttnn_functional_unet_2d_condition_model_new_conv:__call__:491 - Up block 0
2026-05-29 08:11:15.251 | INFO     | models.demos.wormhole.stable_diffusion.tt.ttnn_functional_unet_2d_condition_model_new_conv:__call__:491 - Up block 1
2026-05-29 08:11:15.255 | INFO     | models.demos.wormhole.stable_diffusion.tt.ttnn_functional_unet_2d_condition_model_new_conv:__call__:491 - Up block 2
2026-05-29 08:11:15.264 | INFO     | models.demos.wormhole.stable_diffusion.tt.ttnn_functional_unet_2d_condition_model_new_conv:__call__:491 - Up block 3
2026-05-29 08:11:15.284 | INFO     | models.demos.wormhole.stable_diffusion.tt.ttnn_functional_unet_2d_condition_model_new_conv:__call__:406 - Down block 0
2026-05-29 08:11:15.289 | info     |              Op | act_block_h_override 2 is not a valid override for padded_output_height_ntiles_per_core 7, instead 1 was selected as closest valid option! (conv2d_utils.cpp:401)
2026-05-29 08:11:15.289 | INFO     | models.demos.wormhole.stable_diffusion.tt.ttnn_functional_unet_2d_condition_model_new_conv:__call__:406 - Down block 1
2026-05-29 08:11:15.295 | INFO     | models.demos.wormhole.stable_diffusion.tt.ttnn_functional_unet_2d_condition_model_new_conv:__call__:406 - Down block 2
2026-05-29 08:11:15.298 | INFO     | models.demos.wormhole.stable_diffusion.tt.ttnn_functional_unet_2d_condition_model_new_conv:__call__:406 - Down block 3
2026-05-29 08:11:15.299 | INFO     | models.demos.wormhole.stable_diffusion.tt.ttnn_functional_unet_2d_condition_model_new_conv:__call__:460 - Mid block
2026-05-29 08:11:15.299 | warning  |              Op | Mismatch between computed MemoryConfig(memory_layout=TensorMemoryLayout::BLOCK_SHARDED,buffer_type=BufferType::L1,shard_spec=ShardSpec(grid={[(x=0,y=0) - (x=7,y=3)]},shape={32, 160},orientation=ShardOrientation::ROW_MAJOR),nd_shard_spec=NdShardSpec(shard_shape=Shape([32, 160]),grid={[(x=0,y=0) - (x=7,y=3)]},orientation=ShardOrientation::ROW_MAJOR,shard_distribution_strategy=ShardDistributionStrategy::GRID_2D),created_with_nd_shard_spec=0) and provided MemoryConfig(memory_layout=TensorMemoryLayout::BLOCK_SHARDED,buffer_type=BufferType::L1,shard_spec=ShardSpec(grid={[(x=0,y=0) - (x=7,y=7)]},shape={32, 160},orientation=ShardOrientation::ROW_MAJOR),nd_shard_spec=std::nullopt,created_with_nd_shard_spec=0) mem config. Using computed config. (matmul_op.cpp:1674)
2026-05-29 08:11:15.301 | INFO     | models.demos.wormhole.stable_diffusion.tt.ttnn_functional_unet_2d_condition_model_new_conv:__call__:491 - Up block 0
2026-05-29 08:11:15.302 | INFO     | models.demos.wormhole.stable_diffusion.tt.ttnn_functional_unet_2d_condition_model_new_conv:__call__:491 - Up block 1
2026-05-29 08:11:15.307 | INFO     | models.demos.wormhole.stable_diffusion.tt.ttnn_functional_unet_2d_condition_model_new_conv:__call__:491 - Up block 2
2026-05-29 08:11:15.315 | INFO     | models.demos.wormhole.stable_diffusion.tt.ttnn_functional_unet_2d_condition_model_new_conv:__call__:491 - Up block 3
2026-05-29 08:11:15.335 | INFO     | models.demos.wormhole.stable_diffusion.tt.ttnn_functional_unet_2d_condition_model_new_conv:__call__:406 - Down block 0
2026-05-29 08:11:15.341 | info     |              Op | act_block_h_override 2 is not a valid override for padded_output_height_ntiles_per_core 7, instead 1 was selected as closest valid option! (conv2d_utils.cpp:401)
2026-05-29 08:11:15.341 | INFO     | models.demos.wormhole.stable_diffusion.tt.ttnn_functional_unet_2d_condition_model_new_conv:__call__:406 - Down block 1
2026-05-29 08:11:15.347 | INFO     | models.demos.wormhole.stable_diffusion.tt.ttnn_functional_unet_2d_condition_model_new_conv:__call__:406 - Down block 2
2026-05-29 08:11:15.350 | INFO     | models.demos.wormhole.stable_diffusion.tt.ttnn_functional_unet_2d_condition_model_new_conv:__call__:406 - Down block 3
2026-05-29 08:11:15.351 | INFO     | models.demos.wormhole.stable_diffusion.tt.ttnn_functional_unet_2d_condition_model_new_conv:__call__:460 - Mid block
2026-05-29 08:11:15.352 | warning  |              Op | Mismatch between computed MemoryConfig(memory_layout=TensorMemoryLayout::BLOCK_SHARDED,buffer_type=BufferType::L1,shard_spec=ShardSpec(grid={[(x=0,y=0) - (x=7,y=3)]},shape={32, 160},orientation=ShardOrientation::ROW_MAJOR),nd_shard_spec=NdShardSpec(shard_shape=Shape([32, 160]),grid={[(x=0,y=0) - (x=7,y=3)]},orientation=ShardOrientation::ROW_MAJOR,shard_distribution_strategy=ShardDistributionStrategy::GRID_2D),created_with_nd_shard_spec=0) and provided MemoryConfig(memory_layout=TensorMemoryLayout::BLOCK_SHARDED,buffer_type=BufferType::L1,shard_spec=ShardSpec(grid={[(x=0,y=0) - (x=7,y=7)]},shape={32, 160},orientation=ShardOrientation::ROW_MAJOR),nd_shard_spec=std::nullopt,created_with_nd_shard_spec=0) mem config. Using computed config. (matmul_op.cpp:1674)
2026-05-29 08:11:15.353 | INFO     | models.demos.wormhole.stable_diffusion.tt.ttnn_functional_unet_2d_condition_model_new_conv:__call__:491 - Up block 0
2026-05-29 08:11:15.354 | INFO     | models.demos.wormhole.stable_diffusion.tt.ttnn_functional_unet_2d_condition_model_new_conv:__call__:491 - Up block 1
2026-05-29 08:11:15.359 | INFO     | models.demos.wormhole.stable_diffusion.tt.ttnn_functional_unet_2d_condition_model_new_conv:__call__:491 - Up block 2
2026-05-29 08:11:15.367 | INFO     | models.demos.wormhole.stable_diffusion.tt.ttnn_functional_unet_2d_condition_model_new_conv:__call__:491 - Up block 3
2026-05-29 08:11:15.387 | INFO     | models.demos.wormhole.stable_diffusion.tt.ttnn_functional_unet_2d_condition_model_new_conv:__call__:406 - Down block 0
2026-05-29 08:11:15.393 | info     |              Op | act_block_h_override 2 is not a valid override for padded_output_height_ntiles_per_core 7, instead 1 was selected as closest valid option! (conv2d_utils.cpp:401)
2026-05-29 08:11:15.393 | INFO     | models.demos.wormhole.stable_diffusion.tt.ttnn_functional_unet_2d_condition_model_new_conv:__call__:406 - Down block 1
2026-05-29 08:11:15.398 | INFO     | models.demos.wormhole.stable_diffusion.tt.ttnn_functional_unet_2d_condition_model_new_conv:__call__:406 - Down block 2
2026-05-29 08:11:15.402 | INFO     | models.demos.wormhole.stable_diffusion.tt.ttnn_functional_unet_2d_condition_model_new_conv:__call__:406 - Down block 3
2026-05-29 08:11:15.402 | INFO     | models.demos.wormhole.stable_diffusion.tt.ttnn_functional_unet_2d_condition_model_new_conv:__call__:460 - Mid block
2026-05-29 08:11:15.403 | warning  |              Op | Mismatch between computed MemoryConfig(memory_layout=TensorMemoryLayout::BLOCK_SHARDED,buffer_type=BufferType::L1,shard_spec=ShardSpec(grid={[(x=0,y=0) - (x=7,y=3)]},shape={32, 160},orientation=ShardOrientation::ROW_MAJOR),nd_shard_spec=NdShardSpec(shard_shape=Shape([32, 160]),grid={[(x=0,y=0) - (x=7,y=3)]},orientation=ShardOrientation::ROW_MAJOR,shard_distribution_strategy=ShardDistributionStrategy::GRID_2D),created_with_nd_shard_spec=0) and provided MemoryConfig(memory_layout=TensorMemoryLayout::BLOCK_SHARDED,buffer_type=BufferType::L1,shard_spec=ShardSpec(grid={[(x=0,y=0) - (x=7,y=7)]},shape={32, 160},orientation=ShardOrientation::ROW_MAJOR),nd_shard_spec=std::nullopt,created_with_nd_shard_spec=0) mem config. Using computed config. (matmul_op.cpp:1674)
2026-05-29 08:11:15.404 | INFO     | models.demos.wormhole.stable_diffusion.tt.ttnn_functional_unet_2d_condition_model_new_conv:__call__:491 - Up block 0
2026-05-29 08:11:15.405 | INFO     | models.demos.wormhole.stable_diffusion.tt.ttnn_functional_unet_2d_condition_model_new_conv:__call__:491 - Up block 1
2026-05-29 08:11:15.410 | INFO     | models.demos.wormhole.stable_diffusion.tt.ttnn_functional_unet_2d_condition_model_new_conv:__call__:491 - Up block 2
2026-05-29 08:11:15.418 | INFO     | models.demos.wormhole.stable_diffusion.tt.ttnn_functional_unet_2d_condition_model_new_conv:__call__:491 - Up block 3
2026-05-29 08:11:15.439 | INFO     | models.demos.wormhole.stable_diffusion.tt.ttnn_functional_unet_2d_condition_model_new_conv:__call__:406 - Down block 0
2026-05-29 08:11:15.445 | info     |              Op | act_block_h_override 2 is not a valid override for padded_output_height_ntiles_per_core 7, instead 1 was selected as closest valid option! (conv2d_utils.cpp:401)
2026-05-29 08:11:15.445 | INFO     | models.demos.wormhole.stable_diffusion.tt.ttnn_functional_unet_2d_condition_model_new_conv:__call__:406 - Down block 1
2026-05-29 08:11:15.451 | INFO     | models.demos.wormhole.stable_diffusion.tt.ttnn_functional_unet_2d_condition_model_new_conv:__call__:406 - Down block 2
2026-05-29 08:11:15.454 | INFO     | models.demos.wormhole.stable_diffusion.tt.ttnn_functional_unet_2d_condition_model_new_conv:__call__:406 - Down block 3
2026-05-29 08:11:15.455 | INFO     | models.demos.wormhole.stable_diffusion.tt.ttnn_functional_unet_2d_condition_model_new_conv:__call__:460 - Mid block
2026-05-29 08:11:15.455 | warning  |              Op | Mismatch between computed MemoryConfig(memory_layout=TensorMemoryLayout::BLOCK_SHARDED,buffer_type=BufferType::L1,shard_spec=ShardSpec(grid={[(x=0,y=0) - (x=7,y=3)]},shape={32, 160},orientation=ShardOrientation::ROW_MAJOR),nd_shard_spec=NdShardSpec(shard_shape=Shape([32, 160]),grid={[(x=0,y=0) - (x=7,y=3)]},orientation=ShardOrientation::ROW_MAJOR,shard_distribution_strategy=ShardDistributionStrategy::GRID_2D),created_with_nd_shard_spec=0) and provided MemoryConfig(memory_layout=TensorMemoryLayout::BLOCK_SHARDED,buffer_type=BufferType::L1,shard_spec=ShardSpec(grid={[(x=0,y=0) - (x=7,y=7)]},shape={32, 160},orientation=ShardOrientation::ROW_MAJOR),nd_shard_spec=std::nullopt,created_with_nd_shard_spec=0) mem config. Using computed config. (matmul_op.cpp:1674)
2026-05-29 08:11:15.457 | INFO     | models.demos.wormhole.stable_diffusion.tt.ttnn_functional_unet_2d_condition_model_new_conv:__call__:491 - Up block 0
2026-05-29 08:11:15.458 | INFO     | models.demos.wormhole.stable_diffusion.tt.ttnn_functional_unet_2d_condition_model_new_conv:__call__:491 - Up block 1
2026-05-29 08:11:15.463 | INFO     | models.demos.wormhole.stable_diffusion.tt.ttnn_functional_unet_2d_condition_model_new_conv:__call__:491 - Up block 2
2026-05-29 08:11:15.471 | INFO     | models.demos.wormhole.stable_diffusion.tt.ttnn_functional_unet_2d_condition_model_new_conv:__call__:491 - Up block 3
2026-05-29 08:11:15.491 | INFO     | models.demos.wormhole.stable_diffusion.tt.ttnn_functional_unet_2d_condition_model_new_conv:__call__:406 - Down block 0
2026-05-29 08:11:15.497 | info     |              Op | act_block_h_override 2 is not a valid override for padded_output_height_ntiles_per_core 7, instead 1 was selected as closest valid option! (conv2d_utils.cpp:401)
2026-05-29 08:11:15.498 | INFO     | models.demos.wormhole.stable_diffusion.tt.ttnn_functional_unet_2d_condition_model_new_conv:__call__:406 - Down block 1
2026-05-29 08:11:15.503 | INFO     | models.demos.wormhole.stable_diffusion.tt.ttnn_functional_unet_2d_condition_model_new_conv:__call__:406 - Down block 2
2026-05-29 08:11:15.507 | INFO     | models.demos.wormhole.stable_diffusion.tt.ttnn_functional_unet_2d_condition_model_new_conv:__call__:406 - Down block 3
2026-05-29 08:11:15.507 | INFO     | models.demos.wormhole.stable_diffusion.tt.ttnn_functional_unet_2d_condition_model_new_conv:__call__:460 - Mid block
2026-05-29 08:11:15.508 | warning  |              Op | Mismatch between computed MemoryConfig(memory_layout=TensorMemoryLayout::BLOCK_SHARDED,buffer_type=BufferType::L1,shard_spec=ShardSpec(grid={[(x=0,y=0) - (x=7,y=3)]},shape={32, 160},orientation=ShardOrientation::ROW_MAJOR),nd_shard_spec=NdShardSpec(shard_shape=Shape([32, 160]),grid={[(x=0,y=0) - (x=7,y=3)]},orientation=ShardOrientation::ROW_MAJOR,shard_distribution_strategy=ShardDistributionStrategy::GRID_2D),created_with_nd_shard_spec=0) and provided MemoryConfig(memory_layout=TensorMemoryLayout::BLOCK_SHARDED,buffer_type=BufferType::L1,shard_spec=ShardSpec(grid={[(x=0,y=0) - (x=7,y=7)]},shape={32, 160},orientation=ShardOrientation::ROW_MAJOR),nd_shard_spec=std::nullopt,created_with_nd_shard_spec=0) mem config. Using computed config. (matmul_op.cpp:1674)
2026-05-29 08:11:15.509 | INFO     | models.demos.wormhole.stable_diffusion.tt.ttnn_functional_unet_2d_condition_model_new_conv:__call__:491 - Up block 0
2026-05-29 08:11:15.511 | INFO     | models.demos.wormhole.stable_diffusion.tt.ttnn_functional_unet_2d_condition_model_new_conv:__call__:491 - Up block 1
2026-05-29 08:11:15.516 | INFO     | models.demos.wormhole.stable_diffusion.tt.ttnn_functional_unet_2d_condition_model_new_conv:__call__:491 - Up block 2
2026-05-29 08:11:15.524 | INFO     | models.demos.wormhole.stable_diffusion.tt.ttnn_functional_unet_2d_condition_model_new_conv:__call__:491 - Up block 3
  Step 20/41
2026-05-29 08:11:15.546 | INFO     | models.demos.wormhole.stable_diffusion.tt.ttnn_functional_unet_2d_condition_model_new_conv:__call__:406 - Down block 0
2026-05-29 08:11:15.552 | info     |              Op | act_block_h_override 2 is not a valid override for padded_output_height_ntiles_per_core 7, instead 1 was selected as closest valid option! (conv2d_utils.cpp:401)
2026-05-29 08:11:15.552 | INFO     | models.demos.wormhole.stable_diffusion.tt.ttnn_functional_unet_2d_condition_model_new_conv:__call__:406 - Down block 1
2026-05-29 08:11:15.558 | INFO     | models.demos.wormhole.stable_diffusion.tt.ttnn_functional_unet_2d_condition_model_new_conv:__call__:406 - Down block 2
2026-05-29 08:11:15.561 | INFO     | models.demos.wormhole.stable_diffusion.tt.ttnn_functional_unet_2d_condition_model_new_conv:__call__:406 - Down block 3
2026-05-29 08:11:15.562 | INFO     | models.demos.wormhole.stable_diffusion.tt.ttnn_functional_unet_2d_condition_model_new_conv:__call__:460 - Mid block
2026-05-29 08:11:15.562 | warning  |              Op | Mismatch between computed MemoryConfig(memory_layout=TensorMemoryLayout::BLOCK_SHARDED,buffer_type=BufferType::L1,shard_spec=ShardSpec(grid={[(x=0,y=0) - (x=7,y=3)]},shape={32, 160},orientation=ShardOrientation::ROW_MAJOR),nd_shard_spec=NdShardSpec(shard_shape=Shape([32, 160]),grid={[(x=0,y=0) - (x=7,y=3)]},orientation=ShardOrientation::ROW_MAJOR,shard_distribution_strategy=ShardDistributionStrategy::GRID_2D),created_with_nd_shard_spec=0) and provided MemoryConfig(memory_layout=TensorMemoryLayout::BLOCK_SHARDED,buffer_type=BufferType::L1,shard_spec=ShardSpec(grid={[(x=0,y=0) - (x=7,y=7)]},shape={32, 160},orientation=ShardOrientation::ROW_MAJOR),nd_shard_spec=std::nullopt,created_with_nd_shard_spec=0) mem config. Using computed config. (matmul_op.cpp:1674)
2026-05-29 08:11:15.564 | INFO     | models.demos.wormhole.stable_diffusion.tt.ttnn_functional_unet_2d_condition_model_new_conv:__call__:491 - Up block 0
2026-05-29 08:11:15.565 | INFO     | models.demos.wormhole.stable_diffusion.tt.ttnn_functional_unet_2d_condition_model_new_conv:__call__:491 - Up block 1
2026-05-29 08:11:15.570 | INFO     | models.demos.wormhole.stable_diffusion.tt.ttnn_functional_unet_2d_condition_model_new_conv:__call__:491 - Up block 2
2026-05-29 08:11:15.579 | INFO     | models.demos.wormhole.stable_diffusion.tt.ttnn_functional_unet_2d_condition_model_new_conv:__call__:491 - Up block 3
2026-05-29 08:11:15.599 | INFO     | models.demos.wormhole.stable_diffusion.tt.ttnn_functional_unet_2d_condition_model_new_conv:__call__:406 - Down block 0
2026-05-29 08:11:15.604 | info     |              Op | act_block_h_override 2 is not a valid override for padded_output_height_ntiles_per_core 7, instead 1 was selected as closest valid option! (conv2d_utils.cpp:401)
2026-05-29 08:11:15.604 | INFO     | models.demos.wormhole.stable_diffusion.tt.ttnn_functional_unet_2d_condition_model_new_conv:__call__:406 - Down block 1
2026-05-29 08:11:15.610 | INFO     | models.demos.wormhole.stable_diffusion.tt.ttnn_functional_unet_2d_condition_model_new_conv:__call__:406 - Down block 2
2026-05-29 08:11:15.613 | INFO     | models.demos.wormhole.stable_diffusion.tt.ttnn_functional_unet_2d_condition_model_new_conv:__call__:406 - Down block 3
2026-05-29 08:11:15.614 | INFO     | models.demos.wormhole.stable_diffusion.tt.ttnn_functional_unet_2d_condition_model_new_conv:__call__:460 - Mid block
2026-05-29 08:11:15.614 | warning  |              Op | Mismatch between computed MemoryConfig(memory_layout=TensorMemoryLayout::BLOCK_SHARDED,buffer_type=BufferType::L1,shard_spec=ShardSpec(grid={[(x=0,y=0) - (x=7,y=3)]},shape={32, 160},orientation=ShardOrientation::ROW_MAJOR),nd_shard_spec=NdShardSpec(shard_shape=Shape([32, 160]),grid={[(x=0,y=0) - (x=7,y=3)]},orientation=ShardOrientation::ROW_MAJOR,shard_distribution_strategy=ShardDistributionStrategy::GRID_2D),created_with_nd_shard_spec=0) and provided MemoryConfig(memory_layout=TensorMemoryLayout::BLOCK_SHARDED,buffer_type=BufferType::L1,shard_spec=ShardSpec(grid={[(x=0,y=0) - (x=7,y=7)]},shape={32, 160},orientation=ShardOrientation::ROW_MAJOR),nd_shard_spec=std::nullopt,created_with_nd_shard_spec=0) mem config. Using computed config. (matmul_op.cpp:1674)
2026-05-29 08:11:15.616 | INFO     | models.demos.wormhole.stable_diffusion.tt.ttnn_functional_unet_2d_condition_model_new_conv:__call__:491 - Up block 0
2026-05-29 08:11:15.617 | INFO     | models.demos.wormhole.stable_diffusion.tt.ttnn_functional_unet_2d_condition_model_new_conv:__call__:491 - Up block 1
2026-05-29 08:11:15.622 | INFO     | models.demos.wormhole.stable_diffusion.tt.ttnn_functional_unet_2d_condition_model_new_conv:__call__:491 - Up block 2
2026-05-29 08:11:15.630 | INFO     | models.demos.wormhole.stable_diffusion.tt.ttnn_functional_unet_2d_condition_model_new_conv:__call__:491 - Up block 3
2026-05-29 08:11:15.650 | INFO     | models.demos.wormhole.stable_diffusion.tt.ttnn_functional_unet_2d_condition_model_new_conv:__call__:406 - Down block 0
2026-05-29 08:11:15.656 | info     |              Op | act_block_h_override 2 is not a valid override for padded_output_height_ntiles_per_core 7, instead 1 was selected as closest valid option! (conv2d_utils.cpp:401)
2026-05-29 08:11:15.656 | INFO     | models.demos.wormhole.stable_diffusion.tt.ttnn_functional_unet_2d_condition_model_new_conv:__call__:406 - Down block 1
2026-05-29 08:11:15.662 | INFO     | models.demos.wormhole.stable_diffusion.tt.ttnn_functional_unet_2d_condition_model_new_conv:__call__:406 - Down block 2
2026-05-29 08:11:15.665 | INFO     | models.demos.wormhole.stable_diffusion.tt.ttnn_functional_unet_2d_condition_model_new_conv:__call__:406 - Down block 3
2026-05-29 08:11:15.666 | INFO     | models.demos.wormhole.stable_diffusion.tt.ttnn_functional_unet_2d_condition_model_new_conv:__call__:460 - Mid block
2026-05-29 08:11:15.666 | warning  |              Op | Mismatch between computed MemoryConfig(memory_layout=TensorMemoryLayout::BLOCK_SHARDED,buffer_type=BufferType::L1,shard_spec=ShardSpec(grid={[(x=0,y=0) - (x=7,y=3)]},shape={32, 160},orientation=ShardOrientation::ROW_MAJOR),nd_shard_spec=NdShardSpec(shard_shape=Shape([32, 160]),grid={[(x=0,y=0) - (x=7,y=3)]},orientation=ShardOrientation::ROW_MAJOR,shard_distribution_strategy=ShardDistributionStrategy::GRID_2D),created_with_nd_shard_spec=0) and provided MemoryConfig(memory_layout=TensorMemoryLayout::BLOCK_SHARDED,buffer_type=BufferType::L1,shard_spec=ShardSpec(grid={[(x=0,y=0) - (x=7,y=7)]},shape={32, 160},orientation=ShardOrientation::ROW_MAJOR),nd_shard_spec=std::nullopt,created_with_nd_shard_spec=0) mem config. Using computed config. (matmul_op.cpp:1674)
2026-05-29 08:11:15.668 | INFO     | models.demos.wormhole.stable_diffusion.tt.ttnn_functional_unet_2d_condition_model_new_conv:__call__:491 - Up block 0
2026-05-29 08:11:15.669 | INFO     | models.demos.wormhole.stable_diffusion.tt.ttnn_functional_unet_2d_condition_model_new_conv:__call__:491 - Up block 1
2026-05-29 08:11:15.674 | INFO     | models.demos.wormhole.stable_diffusion.tt.ttnn_functional_unet_2d_condition_model_new_conv:__call__:491 - Up block 2
2026-05-29 08:11:15.682 | INFO     | models.demos.wormhole.stable_diffusion.tt.ttnn_functional_unet_2d_condition_model_new_conv:__call__:491 - Up block 3
2026-05-29 08:11:15.702 | INFO     | models.demos.wormhole.stable_diffusion.tt.ttnn_functional_unet_2d_condition_model_new_conv:__call__:406 - Down block 0
2026-05-29 08:11:15.708 | info     |              Op | act_block_h_override 2 is not a valid override for padded_output_height_ntiles_per_core 7, instead 1 was selected as closest valid option! (conv2d_utils.cpp:401)
2026-05-29 08:11:15.708 | INFO     | models.demos.wormhole.stable_diffusion.tt.ttnn_functional_unet_2d_condition_model_new_conv:__call__:406 - Down block 1
2026-05-29 08:11:15.714 | INFO     | models.demos.wormhole.stable_diffusion.tt.ttnn_functional_unet_2d_condition_model_new_conv:__call__:406 - Down block 2
2026-05-29 08:11:15.717 | INFO     | models.demos.wormhole.stable_diffusion.tt.ttnn_functional_unet_2d_condition_model_new_conv:__call__:406 - Down block 3
2026-05-29 08:11:15.718 | INFO     | models.demos.wormhole.stable_diffusion.tt.ttnn_functional_unet_2d_condition_model_new_conv:__call__:460 - Mid block
2026-05-29 08:11:15.718 | warning  |              Op | Mismatch between computed MemoryConfig(memory_layout=TensorMemoryLayout::BLOCK_SHARDED,buffer_type=BufferType::L1,shard_spec=ShardSpec(grid={[(x=0,y=0) - (x=7,y=3)]},shape={32, 160},orientation=ShardOrientation::ROW_MAJOR),nd_shard_spec=NdShardSpec(shard_shape=Shape([32, 160]),grid={[(x=0,y=0) - (x=7,y=3)]},orientation=ShardOrientation::ROW_MAJOR,shard_distribution_strategy=ShardDistributionStrategy::GRID_2D),created_with_nd_shard_spec=0) and provided MemoryConfig(memory_layout=TensorMemoryLayout::BLOCK_SHARDED,buffer_type=BufferType::L1,shard_spec=ShardSpec(grid={[(x=0,y=0) - (x=7,y=7)]},shape={32, 160},orientation=ShardOrientation::ROW_MAJOR),nd_shard_spec=std::nullopt,created_with_nd_shard_spec=0) mem config. Using computed config. (matmul_op.cpp:1674)
2026-05-29 08:11:15.720 | INFO     | models.demos.wormhole.stable_diffusion.tt.ttnn_functional_unet_2d_condition_model_new_conv:__call__:491 - Up block 0
2026-05-29 08:11:15.721 | INFO     | models.demos.wormhole.stable_diffusion.tt.ttnn_functional_unet_2d_condition_model_new_conv:__call__:491 - Up block 1
2026-05-29 08:11:15.726 | INFO     | models.demos.wormhole.stable_diffusion.tt.ttnn_functional_unet_2d_condition_model_new_conv:__call__:491 - Up block 2
2026-05-29 08:11:15.734 | INFO     | models.demos.wormhole.stable_diffusion.tt.ttnn_functional_unet_2d_condition_model_new_conv:__call__:491 - Up block 3
2026-05-29 08:11:15.754 | INFO     | models.demos.wormhole.stable_diffusion.tt.ttnn_functional_unet_2d_condition_model_new_conv:__call__:406 - Down block 0
2026-05-29 08:11:15.760 | info     |              Op | act_block_h_override 2 is not a valid override for padded_output_height_ntiles_per_core 7, instead 1 was selected as closest valid option! (conv2d_utils.cpp:401)
2026-05-29 08:11:15.760 | INFO     | models.demos.wormhole.stable_diffusion.tt.ttnn_functional_unet_2d_condition_model_new_conv:__call__:406 - Down block 1
2026-05-29 08:11:15.765 | INFO     | models.demos.wormhole.stable_diffusion.tt.ttnn_functional_unet_2d_condition_model_new_conv:__call__:406 - Down block 2
2026-05-29 08:11:15.769 | INFO     | models.demos.wormhole.stable_diffusion.tt.ttnn_functional_unet_2d_condition_model_new_conv:__call__:406 - Down block 3
2026-05-29 08:11:15.769 | INFO     | models.demos.wormhole.stable_diffusion.tt.ttnn_functional_unet_2d_condition_model_new_conv:__call__:460 - Mid block
2026-05-29 08:11:15.770 | warning  |              Op | Mismatch between computed MemoryConfig(memory_layout=TensorMemoryLayout::BLOCK_SHARDED,buffer_type=BufferType::L1,shard_spec=ShardSpec(grid={[(x=0,y=0) - (x=7,y=3)]},shape={32, 160},orientation=ShardOrientation::ROW_MAJOR),nd_shard_spec=NdShardSpec(shard_shape=Shape([32, 160]),grid={[(x=0,y=0) - (x=7,y=3)]},orientation=ShardOrientation::ROW_MAJOR,shard_distribution_strategy=ShardDistributionStrategy::GRID_2D),created_with_nd_shard_spec=0) and provided MemoryConfig(memory_layout=TensorMemoryLayout::BLOCK_SHARDED,buffer_type=BufferType::L1,shard_spec=ShardSpec(grid={[(x=0,y=0) - (x=7,y=7)]},shape={32, 160},orientation=ShardOrientation::ROW_MAJOR),nd_shard_spec=std::nullopt,created_with_nd_shard_spec=0) mem config. Using computed config. (matmul_op.cpp:1674)
2026-05-29 08:11:15.771 | INFO     | models.demos.wormhole.stable_diffusion.tt.ttnn_functional_unet_2d_condition_model_new_conv:__call__:491 - Up block 0
2026-05-29 08:11:15.772 | INFO     | models.demos.wormhole.stable_diffusion.tt.ttnn_functional_unet_2d_condition_model_new_conv:__call__:491 - Up block 1
2026-05-29 08:11:15.777 | INFO     | models.demos.wormhole.stable_diffusion.tt.ttnn_functional_unet_2d_condition_model_new_conv:__call__:491 - Up block 2
2026-05-29 08:11:15.785 | INFO     | models.demos.wormhole.stable_diffusion.tt.ttnn_functional_unet_2d_condition_model_new_conv:__call__:491 - Up block 3
2026-05-29 08:11:15.806 | INFO     | models.demos.wormhole.stable_diffusion.tt.ttnn_functional_unet_2d_condition_model_new_conv:__call__:406 - Down block 0
2026-05-29 08:11:15.812 | info     |              Op | act_block_h_override 2 is not a valid override for padded_output_height_ntiles_per_core 7, instead 1 was selected as closest valid option! (conv2d_utils.cpp:401)
2026-05-29 08:11:15.812 | INFO     | models.demos.wormhole.stable_diffusion.tt.ttnn_functional_unet_2d_condition_model_new_conv:__call__:406 - Down block 1
2026-05-29 08:11:15.817 | INFO     | models.demos.wormhole.stable_diffusion.tt.ttnn_functional_unet_2d_condition_model_new_conv:__call__:406 - Down block 2
2026-05-29 08:11:15.821 | INFO     | models.demos.wormhole.stable_diffusion.tt.ttnn_functional_unet_2d_condition_model_new_conv:__call__:406 - Down block 3
2026-05-29 08:11:15.822 | INFO     | models.demos.wormhole.stable_diffusion.tt.ttnn_functional_unet_2d_condition_model_new_conv:__call__:460 - Mid block
2026-05-29 08:11:15.822 | warning  |              Op | Mismatch between computed MemoryConfig(memory_layout=TensorMemoryLayout::BLOCK_SHARDED,buffer_type=BufferType::L1,shard_spec=ShardSpec(grid={[(x=0,y=0) - (x=7,y=3)]},shape={32, 160},orientation=ShardOrientation::ROW_MAJOR),nd_shard_spec=NdShardSpec(shard_shape=Shape([32, 160]),grid={[(x=0,y=0) - (x=7,y=3)]},orientation=ShardOrientation::ROW_MAJOR,shard_distribution_strategy=ShardDistributionStrategy::GRID_2D),created_with_nd_shard_spec=0) and provided MemoryConfig(memory_layout=TensorMemoryLayout::BLOCK_SHARDED,buffer_type=BufferType::L1,shard_spec=ShardSpec(grid={[(x=0,y=0) - (x=7,y=7)]},shape={32, 160},orientation=ShardOrientation::ROW_MAJOR),nd_shard_spec=std::nullopt,created_with_nd_shard_spec=0) mem config. Using computed config. (matmul_op.cpp:1674)
2026-05-29 08:11:15.823 | INFO     | models.demos.wormhole.stable_diffusion.tt.ttnn_functional_unet_2d_condition_model_new_conv:__call__:491 - Up block 0
2026-05-29 08:11:15.825 | INFO     | models.demos.wormhole.stable_diffusion.tt.ttnn_functional_unet_2d_condition_model_new_conv:__call__:491 - Up block 1
2026-05-29 08:11:15.830 | INFO     | models.demos.wormhole.stable_diffusion.tt.ttnn_functional_unet_2d_condition_model_new_conv:__call__:491 - Up block 2
2026-05-29 08:11:15.838 | INFO     | models.demos.wormhole.stable_diffusion.tt.ttnn_functional_unet_2d_condition_model_new_conv:__call__:491 - Up block 3
2026-05-29 08:11:15.858 | INFO     | models.demos.wormhole.stable_diffusion.tt.ttnn_functional_unet_2d_condition_model_new_conv:__call__:406 - Down block 0
2026-05-29 08:11:15.864 | info     |              Op | act_block_h_override 2 is not a valid override for padded_output_height_ntiles_per_core 7, instead 1 was selected as closest valid option! (conv2d_utils.cpp:401)
2026-05-29 08:11:15.864 | INFO     | models.demos.wormhole.stable_diffusion.tt.ttnn_functional_unet_2d_condition_model_new_conv:__call__:406 - Down block 1
2026-05-29 08:11:15.869 | INFO     | models.demos.wormhole.stable_diffusion.tt.ttnn_functional_unet_2d_condition_model_new_conv:__call__:406 - Down block 2
2026-05-29 08:11:15.872 | INFO     | models.demos.wormhole.stable_diffusion.tt.ttnn_functional_unet_2d_condition_model_new_conv:__call__:406 - Down block 3
2026-05-29 08:11:15.873 | INFO     | models.demos.wormhole.stable_diffusion.tt.ttnn_functional_unet_2d_condition_model_new_conv:__call__:460 - Mid block
2026-05-29 08:11:15.874 | warning  |              Op | Mismatch between computed MemoryConfig(memory_layout=TensorMemoryLayout::BLOCK_SHARDED,buffer_type=BufferType::L1,shard_spec=ShardSpec(grid={[(x=0,y=0) - (x=7,y=3)]},shape={32, 160},orientation=ShardOrientation::ROW_MAJOR),nd_shard_spec=NdShardSpec(shard_shape=Shape([32, 160]),grid={[(x=0,y=0) - (x=7,y=3)]},orientation=ShardOrientation::ROW_MAJOR,shard_distribution_strategy=ShardDistributionStrategy::GRID_2D),created_with_nd_shard_spec=0) and provided MemoryConfig(memory_layout=TensorMemoryLayout::BLOCK_SHARDED,buffer_type=BufferType::L1,shard_spec=ShardSpec(grid={[(x=0,y=0) - (x=7,y=7)]},shape={32, 160},orientation=ShardOrientation::ROW_MAJOR),nd_shard_spec=std::nullopt,created_with_nd_shard_spec=0) mem config. Using computed config. (matmul_op.cpp:1674)
2026-05-29 08:11:15.875 | INFO     | models.demos.wormhole.stable_diffusion.tt.ttnn_functional_unet_2d_condition_model_new_conv:__call__:491 - Up block 0
2026-05-29 08:11:15.876 | INFO     | models.demos.wormhole.stable_diffusion.tt.ttnn_functional_unet_2d_condition_model_new_conv:__call__:491 - Up block 1
2026-05-29 08:11:15.881 | INFO     | models.demos.wormhole.stable_diffusion.tt.ttnn_functional_unet_2d_condition_model_new_conv:__call__:491 - Up block 2
2026-05-29 08:11:15.889 | INFO     | models.demos.wormhole.stable_diffusion.tt.ttnn_functional_unet_2d_condition_model_new_conv:__call__:491 - Up block 3
2026-05-29 08:11:15.910 | INFO     | models.demos.wormhole.stable_diffusion.tt.ttnn_functional_unet_2d_condition_model_new_conv:__call__:406 - Down block 0
2026-05-29 08:11:15.916 | info     |              Op | act_block_h_override 2 is not a valid override for padded_output_height_ntiles_per_core 7, instead 1 was selected as closest valid option! (conv2d_utils.cpp:401)
2026-05-29 08:11:15.916 | INFO     | models.demos.wormhole.stable_diffusion.tt.ttnn_functional_unet_2d_condition_model_new_conv:__call__:406 - Down block 1
2026-05-29 08:11:15.921 | INFO     | models.demos.wormhole.stable_diffusion.tt.ttnn_functional_unet_2d_condition_model_new_conv:__call__:406 - Down block 2
2026-05-29 08:11:15.925 | INFO     | models.demos.wormhole.stable_diffusion.tt.ttnn_functional_unet_2d_condition_model_new_conv:__call__:406 - Down block 3
2026-05-29 08:11:15.926 | INFO     | models.demos.wormhole.stable_diffusion.tt.ttnn_functional_unet_2d_condition_model_new_conv:__call__:460 - Mid block
2026-05-29 08:11:15.926 | warning  |              Op | Mismatch between computed MemoryConfig(memory_layout=TensorMemoryLayout::BLOCK_SHARDED,buffer_type=BufferType::L1,shard_spec=ShardSpec(grid={[(x=0,y=0) - (x=7,y=3)]},shape={32, 160},orientation=ShardOrientation::ROW_MAJOR),nd_shard_spec=NdShardSpec(shard_shape=Shape([32, 160]),grid={[(x=0,y=0) - (x=7,y=3)]},orientation=ShardOrientation::ROW_MAJOR,shard_distribution_strategy=ShardDistributionStrategy::GRID_2D),created_with_nd_shard_spec=0) and provided MemoryConfig(memory_layout=TensorMemoryLayout::BLOCK_SHARDED,buffer_type=BufferType::L1,shard_spec=ShardSpec(grid={[(x=0,y=0) - (x=7,y=7)]},shape={32, 160},orientation=ShardOrientation::ROW_MAJOR),nd_shard_spec=std::nullopt,created_with_nd_shard_spec=0) mem config. Using computed config. (matmul_op.cpp:1674)
2026-05-29 08:11:15.928 | INFO     | models.demos.wormhole.stable_diffusion.tt.ttnn_functional_unet_2d_condition_model_new_conv:__call__:491 - Up block 0
2026-05-29 08:11:15.929 | INFO     | models.demos.wormhole.stable_diffusion.tt.ttnn_functional_unet_2d_condition_model_new_conv:__call__:491 - Up block 1
2026-05-29 08:11:15.934 | INFO     | models.demos.wormhole.stable_diffusion.tt.ttnn_functional_unet_2d_condition_model_new_conv:__call__:491 - Up block 2
2026-05-29 08:11:15.942 | INFO     | models.demos.wormhole.stable_diffusion.tt.ttnn_functional_unet_2d_condition_model_new_conv:__call__:491 - Up block 3
  Step 21/41
2026-05-29 08:11:15.965 | INFO     | models.demos.wormhole.stable_diffusion.tt.ttnn_functional_unet_2d_condition_model_new_conv:__call__:406 - Down block 0
2026-05-29 08:11:15.971 | info     |              Op | act_block_h_override 2 is not a valid override for padded_output_height_ntiles_per_core 7, instead 1 was selected as closest valid option! (conv2d_utils.cpp:401)
2026-05-29 08:11:15.971 | INFO     | models.demos.wormhole.stable_diffusion.tt.ttnn_functional_unet_2d_condition_model_new_conv:__call__:406 - Down block 1
2026-05-29 08:11:15.976 | INFO     | models.demos.wormhole.stable_diffusion.tt.ttnn_functional_unet_2d_condition_model_new_conv:__call__:406 - Down block 2
2026-05-29 08:11:15.980 | INFO     | models.demos.wormhole.stable_diffusion.tt.ttnn_functional_unet_2d_condition_model_new_conv:__call__:406 - Down block 3
2026-05-29 08:11:15.981 | INFO     | models.demos.wormhole.stable_diffusion.tt.ttnn_functional_unet_2d_condition_model_new_conv:__call__:460 - Mid block
2026-05-29 08:11:15.981 | warning  |              Op | Mismatch between computed MemoryConfig(memory_layout=TensorMemoryLayout::BLOCK_SHARDED,buffer_type=BufferType::L1,shard_spec=ShardSpec(grid={[(x=0,y=0) - (x=7,y=3)]},shape={32, 160},orientation=ShardOrientation::ROW_MAJOR),nd_shard_spec=NdShardSpec(shard_shape=Shape([32, 160]),grid={[(x=0,y=0) - (x=7,y=3)]},orientation=ShardOrientation::ROW_MAJOR,shard_distribution_strategy=ShardDistributionStrategy::GRID_2D),created_with_nd_shard_spec=0) and provided MemoryConfig(memory_layout=TensorMemoryLayout::BLOCK_SHARDED,buffer_type=BufferType::L1,shard_spec=ShardSpec(grid={[(x=0,y=0) - (x=7,y=7)]},shape={32, 160},orientation=ShardOrientation::ROW_MAJOR),nd_shard_spec=std::nullopt,created_with_nd_shard_spec=0) mem config. Using computed config. (matmul_op.cpp:1674)
2026-05-29 08:11:15.983 | INFO     | models.demos.wormhole.stable_diffusion.tt.ttnn_functional_unet_2d_condition_model_new_conv:__call__:491 - Up block 0
2026-05-29 08:11:15.984 | INFO     | models.demos.wormhole.stable_diffusion.tt.ttnn_functional_unet_2d_condition_model_new_conv:__call__:491 - Up block 1
2026-05-29 08:11:15.989 | INFO     | models.demos.wormhole.stable_diffusion.tt.ttnn_functional_unet_2d_condition_model_new_conv:__call__:491 - Up block 2
2026-05-29 08:11:15.997 | INFO     | models.demos.wormhole.stable_diffusion.tt.ttnn_functional_unet_2d_condition_model_new_conv:__call__:491 - Up block 3
2026-05-29 08:11:16.017 | INFO     | models.demos.wormhole.stable_diffusion.tt.ttnn_functional_unet_2d_condition_model_new_conv:__call__:406 - Down block 0
2026-05-29 08:11:16.023 | info     |              Op | act_block_h_override 2 is not a valid override for padded_output_height_ntiles_per_core 7, instead 1 was selected as closest valid option! (conv2d_utils.cpp:401)
2026-05-29 08:11:16.023 | INFO     | models.demos.wormhole.stable_diffusion.tt.ttnn_functional_unet_2d_condition_model_new_conv:__call__:406 - Down block 1
2026-05-29 08:11:16.029 | INFO     | models.demos.wormhole.stable_diffusion.tt.ttnn_functional_unet_2d_condition_model_new_conv:__call__:406 - Down block 2
2026-05-29 08:11:16.032 | INFO     | models.demos.wormhole.stable_diffusion.tt.ttnn_functional_unet_2d_condition_model_new_conv:__call__:406 - Down block 3
2026-05-29 08:11:16.033 | INFO     | models.demos.wormhole.stable_diffusion.tt.ttnn_functional_unet_2d_condition_model_new_conv:__call__:460 - Mid block
2026-05-29 08:11:16.033 | warning  |              Op | Mismatch between computed MemoryConfig(memory_layout=TensorMemoryLayout::BLOCK_SHARDED,buffer_type=BufferType::L1,shard_spec=ShardSpec(grid={[(x=0,y=0) - (x=7,y=3)]},shape={32, 160},orientation=ShardOrientation::ROW_MAJOR),nd_shard_spec=NdShardSpec(shard_shape=Shape([32, 160]),grid={[(x=0,y=0) - (x=7,y=3)]},orientation=ShardOrientation::ROW_MAJOR,shard_distribution_strategy=ShardDistributionStrategy::GRID_2D),created_with_nd_shard_spec=0) and provided MemoryConfig(memory_layout=TensorMemoryLayout::BLOCK_SHARDED,buffer_type=BufferType::L1,shard_spec=ShardSpec(grid={[(x=0,y=0) - (x=7,y=7)]},shape={32, 160},orientation=ShardOrientation::ROW_MAJOR),nd_shard_spec=std::nullopt,created_with_nd_shard_spec=0) mem config. Using computed config. (matmul_op.cpp:1674)
2026-05-29 08:11:16.035 | INFO     | models.demos.wormhole.stable_diffusion.tt.ttnn_functional_unet_2d_condition_model_new_conv:__call__:491 - Up block 0
2026-05-29 08:11:16.036 | INFO     | models.demos.wormhole.stable_diffusion.tt.ttnn_functional_unet_2d_condition_model_new_conv:__call__:491 - Up block 1
2026-05-29 08:11:16.041 | INFO     | models.demos.wormhole.stable_diffusion.tt.ttnn_functional_unet_2d_condition_model_new_conv:__call__:491 - Up block 2
2026-05-29 08:11:16.049 | INFO     | models.demos.wormhole.stable_diffusion.tt.ttnn_functional_unet_2d_condition_model_new_conv:__call__:491 - Up block 3
2026-05-29 08:11:16.069 | INFO     | models.demos.wormhole.stable_diffusion.tt.ttnn_functional_unet_2d_condition_model_new_conv:__call__:406 - Down block 0
2026-05-29 08:11:16.075 | info     |              Op | act_block_h_override 2 is not a valid override for padded_output_height_ntiles_per_core 7, instead 1 was selected as closest valid option! (conv2d_utils.cpp:401)
2026-05-29 08:11:16.075 | INFO     | models.demos.wormhole.stable_diffusion.tt.ttnn_functional_unet_2d_condition_model_new_conv:__call__:406 - Down block 1
2026-05-29 08:11:16.081 | INFO     | models.demos.wormhole.stable_diffusion.tt.ttnn_functional_unet_2d_condition_model_new_conv:__call__:406 - Down block 2
2026-05-29 08:11:16.084 | INFO     | models.demos.wormhole.stable_diffusion.tt.ttnn_functional_unet_2d_condition_model_new_conv:__call__:406 - Down block 3
2026-05-29 08:11:16.085 | INFO     | models.demos.wormhole.stable_diffusion.tt.ttnn_functional_unet_2d_condition_model_new_conv:__call__:460 - Mid block
2026-05-29 08:11:16.085 | warning  |              Op | Mismatch between computed MemoryConfig(memory_layout=TensorMemoryLayout::BLOCK_SHARDED,buffer_type=BufferType::L1,shard_spec=ShardSpec(grid={[(x=0,y=0) - (x=7,y=3)]},shape={32, 160},orientation=ShardOrientation::ROW_MAJOR),nd_shard_spec=NdShardSpec(shard_shape=Shape([32, 160]),grid={[(x=0,y=0) - (x=7,y=3)]},orientation=ShardOrientation::ROW_MAJOR,shard_distribution_strategy=ShardDistributionStrategy::GRID_2D),created_with_nd_shard_spec=0) and provided MemoryConfig(memory_layout=TensorMemoryLayout::BLOCK_SHARDED,buffer_type=BufferType::L1,shard_spec=ShardSpec(grid={[(x=0,y=0) - (x=7,y=7)]},shape={32, 160},orientation=ShardOrientation::ROW_MAJOR),nd_shard_spec=std::nullopt,created_with_nd_shard_spec=0) mem config. Using computed config. (matmul_op.cpp:1674)
2026-05-29 08:11:16.087 | INFO     | models.demos.wormhole.stable_diffusion.tt.ttnn_functional_unet_2d_condition_model_new_conv:__call__:491 - Up block 0
2026-05-29 08:11:16.088 | INFO     | models.demos.wormhole.stable_diffusion.tt.ttnn_functional_unet_2d_condition_model_new_conv:__call__:491 - Up block 1
2026-05-29 08:11:16.093 | INFO     | models.demos.wormhole.stable_diffusion.tt.ttnn_functional_unet_2d_condition_model_new_conv:__call__:491 - Up block 2
2026-05-29 08:11:16.101 | INFO     | models.demos.wormhole.stable_diffusion.tt.ttnn_functional_unet_2d_condition_model_new_conv:__call__:491 - Up block 3
2026-05-29 08:11:16.121 | INFO     | models.demos.wormhole.stable_diffusion.tt.ttnn_functional_unet_2d_condition_model_new_conv:__call__:406 - Down block 0
2026-05-29 08:11:16.127 | info     |              Op | act_block_h_override 2 is not a valid override for padded_output_height_ntiles_per_core 7, instead 1 was selected as closest valid option! (conv2d_utils.cpp:401)
2026-05-29 08:11:16.127 | INFO     | models.demos.wormhole.stable_diffusion.tt.ttnn_functional_unet_2d_condition_model_new_conv:__call__:406 - Down block 1
2026-05-29 08:11:16.132 | INFO     | models.demos.wormhole.stable_diffusion.tt.ttnn_functional_unet_2d_condition_model_new_conv:__call__:406 - Down block 2
2026-05-29 08:11:16.136 | INFO     | models.demos.wormhole.stable_diffusion.tt.ttnn_functional_unet_2d_condition_model_new_conv:__call__:406 - Down block 3
2026-05-29 08:11:16.136 | INFO     | models.demos.wormhole.stable_diffusion.tt.ttnn_functional_unet_2d_condition_model_new_conv:__call__:460 - Mid block
2026-05-29 08:11:16.137 | warning  |              Op | Mismatch between computed MemoryConfig(memory_layout=TensorMemoryLayout::BLOCK_SHARDED,buffer_type=BufferType::L1,shard_spec=ShardSpec(grid={[(x=0,y=0) - (x=7,y=3)]},shape={32, 160},orientation=ShardOrientation::ROW_MAJOR),nd_shard_spec=NdShardSpec(shard_shape=Shape([32, 160]),grid={[(x=0,y=0) - (x=7,y=3)]},orientation=ShardOrientation::ROW_MAJOR,shard_distribution_strategy=ShardDistributionStrategy::GRID_2D),created_with_nd_shard_spec=0) and provided MemoryConfig(memory_layout=TensorMemoryLayout::BLOCK_SHARDED,buffer_type=BufferType::L1,shard_spec=ShardSpec(grid={[(x=0,y=0) - (x=7,y=7)]},shape={32, 160},orientation=ShardOrientation::ROW_MAJOR),nd_shard_spec=std::nullopt,created_with_nd_shard_spec=0) mem config. Using computed config. (matmul_op.cpp:1674)
2026-05-29 08:11:16.138 | INFO     | models.demos.wormhole.stable_diffusion.tt.ttnn_functional_unet_2d_condition_model_new_conv:__call__:491 - Up block 0
2026-05-29 08:11:16.139 | INFO     | models.demos.wormhole.stable_diffusion.tt.ttnn_functional_unet_2d_condition_model_new_conv:__call__:491 - Up block 1
2026-05-29 08:11:16.144 | INFO     | models.demos.wormhole.stable_diffusion.tt.ttnn_functional_unet_2d_condition_model_new_conv:__call__:491 - Up block 2
2026-05-29 08:11:16.153 | INFO     | models.demos.wormhole.stable_diffusion.tt.ttnn_functional_unet_2d_condition_model_new_conv:__call__:491 - Up block 3
2026-05-29 08:11:16.173 | INFO     | models.demos.wormhole.stable_diffusion.tt.ttnn_functional_unet_2d_condition_model_new_conv:__call__:406 - Down block 0
2026-05-29 08:11:16.179 | info     |              Op | act_block_h_override 2 is not a valid override for padded_output_height_ntiles_per_core 7, instead 1 was selected as closest valid option! (conv2d_utils.cpp:401)
2026-05-29 08:11:16.179 | INFO     | models.demos.wormhole.stable_diffusion.tt.ttnn_functional_unet_2d_condition_model_new_conv:__call__:406 - Down block 1
2026-05-29 08:11:16.184 | INFO     | models.demos.wormhole.stable_diffusion.tt.ttnn_functional_unet_2d_condition_model_new_conv:__call__:406 - Down block 2
2026-05-29 08:11:16.188 | INFO     | models.demos.wormhole.stable_diffusion.tt.ttnn_functional_unet_2d_condition_model_new_conv:__call__:406 - Down block 3
2026-05-29 08:11:16.189 | INFO     | models.demos.wormhole.stable_diffusion.tt.ttnn_functional_unet_2d_condition_model_new_conv:__call__:460 - Mid block
2026-05-29 08:11:16.189 | warning  |              Op | Mismatch between computed MemoryConfig(memory_layout=TensorMemoryLayout::BLOCK_SHARDED,buffer_type=BufferType::L1,shard_spec=ShardSpec(grid={[(x=0,y=0) - (x=7,y=3)]},shape={32, 160},orientation=ShardOrientation::ROW_MAJOR),nd_shard_spec=NdShardSpec(shard_shape=Shape([32, 160]),grid={[(x=0,y=0) - (x=7,y=3)]},orientation=ShardOrientation::ROW_MAJOR,shard_distribution_strategy=ShardDistributionStrategy::GRID_2D),created_with_nd_shard_spec=0) and provided MemoryConfig(memory_layout=TensorMemoryLayout::BLOCK_SHARDED,buffer_type=BufferType::L1,shard_spec=ShardSpec(grid={[(x=0,y=0) - (x=7,y=7)]},shape={32, 160},orientation=ShardOrientation::ROW_MAJOR),nd_shard_spec=std::nullopt,created_with_nd_shard_spec=0) mem config. Using computed config. (matmul_op.cpp:1674)
2026-05-29 08:11:16.191 | INFO     | models.demos.wormhole.stable_diffusion.tt.ttnn_functional_unet_2d_condition_model_new_conv:__call__:491 - Up block 0
2026-05-29 08:11:16.192 | INFO     | models.demos.wormhole.stable_diffusion.tt.ttnn_functional_unet_2d_condition_model_new_conv:__call__:491 - Up block 1
2026-05-29 08:11:16.197 | INFO     | models.demos.wormhole.stable_diffusion.tt.ttnn_functional_unet_2d_condition_model_new_conv:__call__:491 - Up block 2
2026-05-29 08:11:16.205 | INFO     | models.demos.wormhole.stable_diffusion.tt.ttnn_functional_unet_2d_condition_model_new_conv:__call__:491 - Up block 3
2026-05-29 08:11:16.225 | INFO     | models.demos.wormhole.stable_diffusion.tt.ttnn_functional_unet_2d_condition_model_new_conv:__call__:406 - Down block 0
2026-05-29 08:11:16.231 | info     |              Op | act_block_h_override 2 is not a valid override for padded_output_height_ntiles_per_core 7, instead 1 was selected as closest valid option! (conv2d_utils.cpp:401)
2026-05-29 08:11:16.231 | INFO     | models.demos.wormhole.stable_diffusion.tt.ttnn_functional_unet_2d_condition_model_new_conv:__call__:406 - Down block 1
2026-05-29 08:11:16.236 | INFO     | models.demos.wormhole.stable_diffusion.tt.ttnn_functional_unet_2d_condition_model_new_conv:__call__:406 - Down block 2
2026-05-29 08:11:16.239 | INFO     | models.demos.wormhole.stable_diffusion.tt.ttnn_functional_unet_2d_condition_model_new_conv:__call__:406 - Down block 3
2026-05-29 08:11:16.240 | INFO     | models.demos.wormhole.stable_diffusion.tt.ttnn_functional_unet_2d_condition_model_new_conv:__call__:460 - Mid block
2026-05-29 08:11:16.241 | warning  |              Op | Mismatch between computed MemoryConfig(memory_layout=TensorMemoryLayout::BLOCK_SHARDED,buffer_type=BufferType::L1,shard_spec=ShardSpec(grid={[(x=0,y=0) - (x=7,y=3)]},shape={32, 160},orientation=ShardOrientation::ROW_MAJOR),nd_shard_spec=NdShardSpec(shard_shape=Shape([32, 160]),grid={[(x=0,y=0) - (x=7,y=3)]},orientation=ShardOrientation::ROW_MAJOR,shard_distribution_strategy=ShardDistributionStrategy::GRID_2D),created_with_nd_shard_spec=0) and provided MemoryConfig(memory_layout=TensorMemoryLayout::BLOCK_SHARDED,buffer_type=BufferType::L1,shard_spec=ShardSpec(grid={[(x=0,y=0) - (x=7,y=7)]},shape={32, 160},orientation=ShardOrientation::ROW_MAJOR),nd_shard_spec=std::nullopt,created_with_nd_shard_spec=0) mem config. Using computed config. (matmul_op.cpp:1674)
2026-05-29 08:11:16.242 | INFO     | models.demos.wormhole.stable_diffusion.tt.ttnn_functional_unet_2d_condition_model_new_conv:__call__:491 - Up block 0
2026-05-29 08:11:16.243 | INFO     | models.demos.wormhole.stable_diffusion.tt.ttnn_functional_unet_2d_condition_model_new_conv:__call__:491 - Up block 1
2026-05-29 08:11:16.248 | INFO     | models.demos.wormhole.stable_diffusion.tt.ttnn_functional_unet_2d_condition_model_new_conv:__call__:491 - Up block 2
2026-05-29 08:11:16.256 | INFO     | models.demos.wormhole.stable_diffusion.tt.ttnn_functional_unet_2d_condition_model_new_conv:__call__:491 - Up block 3
2026-05-29 08:11:16.277 | INFO     | models.demos.wormhole.stable_diffusion.tt.ttnn_functional_unet_2d_condition_model_new_conv:__call__:406 - Down block 0
2026-05-29 08:11:16.283 | info     |              Op | act_block_h_override 2 is not a valid override for padded_output_height_ntiles_per_core 7, instead 1 was selected as closest valid option! (conv2d_utils.cpp:401)
2026-05-29 08:11:16.283 | INFO     | models.demos.wormhole.stable_diffusion.tt.ttnn_functional_unet_2d_condition_model_new_conv:__call__:406 - Down block 1
2026-05-29 08:11:16.288 | INFO     | models.demos.wormhole.stable_diffusion.tt.ttnn_functional_unet_2d_condition_model_new_conv:__call__:406 - Down block 2
2026-05-29 08:11:16.292 | INFO     | models.demos.wormhole.stable_diffusion.tt.ttnn_functional_unet_2d_condition_model_new_conv:__call__:406 - Down block 3
2026-05-29 08:11:16.292 | INFO     | models.demos.wormhole.stable_diffusion.tt.ttnn_functional_unet_2d_condition_model_new_conv:__call__:460 - Mid block
2026-05-29 08:11:16.293 | warning  |              Op | Mismatch between computed MemoryConfig(memory_layout=TensorMemoryLayout::BLOCK_SHARDED,buffer_type=BufferType::L1,shard_spec=ShardSpec(grid={[(x=0,y=0) - (x=7,y=3)]},shape={32, 160},orientation=ShardOrientation::ROW_MAJOR),nd_shard_spec=NdShardSpec(shard_shape=Shape([32, 160]),grid={[(x=0,y=0) - (x=7,y=3)]},orientation=ShardOrientation::ROW_MAJOR,shard_distribution_strategy=ShardDistributionStrategy::GRID_2D),created_with_nd_shard_spec=0) and provided MemoryConfig(memory_layout=TensorMemoryLayout::BLOCK_SHARDED,buffer_type=BufferType::L1,shard_spec=ShardSpec(grid={[(x=0,y=0) - (x=7,y=7)]},shape={32, 160},orientation=ShardOrientation::ROW_MAJOR),nd_shard_spec=std::nullopt,created_with_nd_shard_spec=0) mem config. Using computed config. (matmul_op.cpp:1674)
2026-05-29 08:11:16.294 | INFO     | models.demos.wormhole.stable_diffusion.tt.ttnn_functional_unet_2d_condition_model_new_conv:__call__:491 - Up block 0
2026-05-29 08:11:16.296 | INFO     | models.demos.wormhole.stable_diffusion.tt.ttnn_functional_unet_2d_condition_model_new_conv:__call__:491 - Up block 1
2026-05-29 08:11:16.301 | INFO     | models.demos.wormhole.stable_diffusion.tt.ttnn_functional_unet_2d_condition_model_new_conv:__call__:491 - Up block 2
2026-05-29 08:11:16.309 | INFO     | models.demos.wormhole.stable_diffusion.tt.ttnn_functional_unet_2d_condition_model_new_conv:__call__:491 - Up block 3
2026-05-29 08:11:16.329 | INFO     | models.demos.wormhole.stable_diffusion.tt.ttnn_functional_unet_2d_condition_model_new_conv:__call__:406 - Down block 0
2026-05-29 08:11:16.335 | info     |              Op | act_block_h_override 2 is not a valid override for padded_output_height_ntiles_per_core 7, instead 1 was selected as closest valid option! (conv2d_utils.cpp:401)
2026-05-29 08:11:16.335 | INFO     | models.demos.wormhole.stable_diffusion.tt.ttnn_functional_unet_2d_condition_model_new_conv:__call__:406 - Down block 1
2026-05-29 08:11:16.340 | INFO     | models.demos.wormhole.stable_diffusion.tt.ttnn_functional_unet_2d_condition_model_new_conv:__call__:406 - Down block 2
2026-05-29 08:11:16.343 | INFO     | models.demos.wormhole.stable_diffusion.tt.ttnn_functional_unet_2d_condition_model_new_conv:__call__:406 - Down block 3
2026-05-29 08:11:16.344 | INFO     | models.demos.wormhole.stable_diffusion.tt.ttnn_functional_unet_2d_condition_model_new_conv:__call__:460 - Mid block
2026-05-29 08:11:16.344 | warning  |              Op | Mismatch between computed MemoryConfig(memory_layout=TensorMemoryLayout::BLOCK_SHARDED,buffer_type=BufferType::L1,shard_spec=ShardSpec(grid={[(x=0,y=0) - (x=7,y=3)]},shape={32, 160},orientation=ShardOrientation::ROW_MAJOR),nd_shard_spec=NdShardSpec(shard_shape=Shape([32, 160]),grid={[(x=0,y=0) - (x=7,y=3)]},orientation=ShardOrientation::ROW_MAJOR,shard_distribution_strategy=ShardDistributionStrategy::GRID_2D),created_with_nd_shard_spec=0) and provided MemoryConfig(memory_layout=TensorMemoryLayout::BLOCK_SHARDED,buffer_type=BufferType::L1,shard_spec=ShardSpec(grid={[(x=0,y=0) - (x=7,y=7)]},shape={32, 160},orientation=ShardOrientation::ROW_MAJOR),nd_shard_spec=std::nullopt,created_with_nd_shard_spec=0) mem config. Using computed config. (matmul_op.cpp:1674)
2026-05-29 08:11:16.346 | INFO     | models.demos.wormhole.stable_diffusion.tt.ttnn_functional_unet_2d_condition_model_new_conv:__call__:491 - Up block 0
2026-05-29 08:11:16.347 | INFO     | models.demos.wormhole.stable_diffusion.tt.ttnn_functional_unet_2d_condition_model_new_conv:__call__:491 - Up block 1
2026-05-29 08:11:16.352 | INFO     | models.demos.wormhole.stable_diffusion.tt.ttnn_functional_unet_2d_condition_model_new_conv:__call__:491 - Up block 2
2026-05-29 08:11:16.360 | INFO     | models.demos.wormhole.stable_diffusion.tt.ttnn_functional_unet_2d_condition_model_new_conv:__call__:491 - Up block 3
  Step 22/41
2026-05-29 08:11:16.383 | INFO     | models.demos.wormhole.stable_diffusion.tt.ttnn_functional_unet_2d_condition_model_new_conv:__call__:406 - Down block 0
2026-05-29 08:11:16.389 | info     |              Op | act_block_h_override 2 is not a valid override for padded_output_height_ntiles_per_core 7, instead 1 was selected as closest valid option! (conv2d_utils.cpp:401)
2026-05-29 08:11:16.389 | INFO     | models.demos.wormhole.stable_diffusion.tt.ttnn_functional_unet_2d_condition_model_new_conv:__call__:406 - Down block 1
2026-05-29 08:11:16.395 | INFO     | models.demos.wormhole.stable_diffusion.tt.ttnn_functional_unet_2d_condition_model_new_conv:__call__:406 - Down block 2
2026-05-29 08:11:16.398 | INFO     | models.demos.wormhole.stable_diffusion.tt.ttnn_functional_unet_2d_condition_model_new_conv:__call__:406 - Down block 3
2026-05-29 08:11:16.399 | INFO     | models.demos.wormhole.stable_diffusion.tt.ttnn_functional_unet_2d_condition_model_new_conv:__call__:460 - Mid block
2026-05-29 08:11:16.399 | warning  |              Op | Mismatch between computed MemoryConfig(memory_layout=TensorMemoryLayout::BLOCK_SHARDED,buffer_type=BufferType::L1,shard_spec=ShardSpec(grid={[(x=0,y=0) - (x=7,y=3)]},shape={32, 160},orientation=ShardOrientation::ROW_MAJOR),nd_shard_spec=NdShardSpec(shard_shape=Shape([32, 160]),grid={[(x=0,y=0) - (x=7,y=3)]},orientation=ShardOrientation::ROW_MAJOR,shard_distribution_strategy=ShardDistributionStrategy::GRID_2D),created_with_nd_shard_spec=0) and provided MemoryConfig(memory_layout=TensorMemoryLayout::BLOCK_SHARDED,buffer_type=BufferType::L1,shard_spec=ShardSpec(grid={[(x=0,y=0) - (x=7,y=7)]},shape={32, 160},orientation=ShardOrientation::ROW_MAJOR),nd_shard_spec=std::nullopt,created_with_nd_shard_spec=0) mem config. Using computed config. (matmul_op.cpp:1674)
2026-05-29 08:11:16.401 | INFO     | models.demos.wormhole.stable_diffusion.tt.ttnn_functional_unet_2d_condition_model_new_conv:__call__:491 - Up block 0
2026-05-29 08:11:16.402 | INFO     | models.demos.wormhole.stable_diffusion.tt.ttnn_functional_unet_2d_condition_model_new_conv:__call__:491 - Up block 1
2026-05-29 08:11:16.407 | INFO     | models.demos.wormhole.stable_diffusion.tt.ttnn_functional_unet_2d_condition_model_new_conv:__call__:491 - Up block 2
2026-05-29 08:11:16.415 | INFO     | models.demos.wormhole.stable_diffusion.tt.ttnn_functional_unet_2d_condition_model_new_conv:__call__:491 - Up block 3
2026-05-29 08:11:16.435 | INFO     | models.demos.wormhole.stable_diffusion.tt.ttnn_functional_unet_2d_condition_model_new_conv:__call__:406 - Down block 0
2026-05-29 08:11:16.441 | info     |              Op | act_block_h_override 2 is not a valid override for padded_output_height_ntiles_per_core 7, instead 1 was selected as closest valid option! (conv2d_utils.cpp:401)
2026-05-29 08:11:16.441 | INFO     | models.demos.wormhole.stable_diffusion.tt.ttnn_functional_unet_2d_condition_model_new_conv:__call__:406 - Down block 1
2026-05-29 08:11:16.447 | INFO     | models.demos.wormhole.stable_diffusion.tt.ttnn_functional_unet_2d_condition_model_new_conv:__call__:406 - Down block 2
2026-05-29 08:11:16.450 | INFO     | models.demos.wormhole.stable_diffusion.tt.ttnn_functional_unet_2d_condition_model_new_conv:__call__:406 - Down block 3
2026-05-29 08:11:16.451 | INFO     | models.demos.wormhole.stable_diffusion.tt.ttnn_functional_unet_2d_condition_model_new_conv:__call__:460 - Mid block
2026-05-29 08:11:16.451 | warning  |              Op | Mismatch between computed MemoryConfig(memory_layout=TensorMemoryLayout::BLOCK_SHARDED,buffer_type=BufferType::L1,shard_spec=ShardSpec(grid={[(x=0,y=0) - (x=7,y=3)]},shape={32, 160},orientation=ShardOrientation::ROW_MAJOR),nd_shard_spec=NdShardSpec(shard_shape=Shape([32, 160]),grid={[(x=0,y=0) - (x=7,y=3)]},orientation=ShardOrientation::ROW_MAJOR,shard_distribution_strategy=ShardDistributionStrategy::GRID_2D),created_with_nd_shard_spec=0) and provided MemoryConfig(memory_layout=TensorMemoryLayout::BLOCK_SHARDED,buffer_type=BufferType::L1,shard_spec=ShardSpec(grid={[(x=0,y=0) - (x=7,y=7)]},shape={32, 160},orientation=ShardOrientation::ROW_MAJOR),nd_shard_spec=std::nullopt,created_with_nd_shard_spec=0) mem config. Using computed config. (matmul_op.cpp:1674)
2026-05-29 08:11:16.453 | INFO     | models.demos.wormhole.stable_diffusion.tt.ttnn_functional_unet_2d_condition_model_new_conv:__call__:491 - Up block 0
2026-05-29 08:11:16.454 | INFO     | models.demos.wormhole.stable_diffusion.tt.ttnn_functional_unet_2d_condition_model_new_conv:__call__:491 - Up block 1
2026-05-29 08:11:16.459 | INFO     | models.demos.wormhole.stable_diffusion.tt.ttnn_functional_unet_2d_condition_model_new_conv:__call__:491 - Up block 2
2026-05-29 08:11:16.467 | INFO     | models.demos.wormhole.stable_diffusion.tt.ttnn_functional_unet_2d_condition_model_new_conv:__call__:491 - Up block 3
2026-05-29 08:11:16.487 | INFO     | models.demos.wormhole.stable_diffusion.tt.ttnn_functional_unet_2d_condition_model_new_conv:__call__:406 - Down block 0
2026-05-29 08:11:16.493 | info     |              Op | act_block_h_override 2 is not a valid override for padded_output_height_ntiles_per_core 7, instead 1 was selected as closest valid option! (conv2d_utils.cpp:401)
2026-05-29 08:11:16.493 | INFO     | models.demos.wormhole.stable_diffusion.tt.ttnn_functional_unet_2d_condition_model_new_conv:__call__:406 - Down block 1
2026-05-29 08:11:16.499 | INFO     | models.demos.wormhole.stable_diffusion.tt.ttnn_functional_unet_2d_condition_model_new_conv:__call__:406 - Down block 2
2026-05-29 08:11:16.502 | INFO     | models.demos.wormhole.stable_diffusion.tt.ttnn_functional_unet_2d_condition_model_new_conv:__call__:406 - Down block 3
2026-05-29 08:11:16.503 | INFO     | models.demos.wormhole.stable_diffusion.tt.ttnn_functional_unet_2d_condition_model_new_conv:__call__:460 - Mid block
2026-05-29 08:11:16.504 | warning  |              Op | Mismatch between computed MemoryConfig(memory_layout=TensorMemoryLayout::BLOCK_SHARDED,buffer_type=BufferType::L1,shard_spec=ShardSpec(grid={[(x=0,y=0) - (x=7,y=3)]},shape={32, 160},orientation=ShardOrientation::ROW_MAJOR),nd_shard_spec=NdShardSpec(shard_shape=Shape([32, 160]),grid={[(x=0,y=0) - (x=7,y=3)]},orientation=ShardOrientation::ROW_MAJOR,shard_distribution_strategy=ShardDistributionStrategy::GRID_2D),created_with_nd_shard_spec=0) and provided MemoryConfig(memory_layout=TensorMemoryLayout::BLOCK_SHARDED,buffer_type=BufferType::L1,shard_spec=ShardSpec(grid={[(x=0,y=0) - (x=7,y=7)]},shape={32, 160},orientation=ShardOrientation::ROW_MAJOR),nd_shard_spec=std::nullopt,created_with_nd_shard_spec=0) mem config. Using computed config. (matmul_op.cpp:1674)
2026-05-29 08:11:16.505 | INFO     | models.demos.wormhole.stable_diffusion.tt.ttnn_functional_unet_2d_condition_model_new_conv:__call__:491 - Up block 0
2026-05-29 08:11:16.506 | INFO     | models.demos.wormhole.stable_diffusion.tt.ttnn_functional_unet_2d_condition_model_new_conv:__call__:491 - Up block 1
2026-05-29 08:11:16.511 | INFO     | models.demos.wormhole.stable_diffusion.tt.ttnn_functional_unet_2d_condition_model_new_conv:__call__:491 - Up block 2
2026-05-29 08:11:16.520 | INFO     | models.demos.wormhole.stable_diffusion.tt.ttnn_functional_unet_2d_condition_model_new_conv:__call__:491 - Up block 3
2026-05-29 08:11:16.540 | INFO     | models.demos.wormhole.stable_diffusion.tt.ttnn_functional_unet_2d_condition_model_new_conv:__call__:406 - Down block 0
2026-05-29 08:11:16.546 | info     |              Op | act_block_h_override 2 is not a valid override for padded_output_height_ntiles_per_core 7, instead 1 was selected as closest valid option! (conv2d_utils.cpp:401)
2026-05-29 08:11:16.546 | INFO     | models.demos.wormhole.stable_diffusion.tt.ttnn_functional_unet_2d_condition_model_new_conv:__call__:406 - Down block 1
2026-05-29 08:11:16.551 | INFO     | models.demos.wormhole.stable_diffusion.tt.ttnn_functional_unet_2d_condition_model_new_conv:__call__:406 - Down block 2
2026-05-29 08:11:16.555 | INFO     | models.demos.wormhole.stable_diffusion.tt.ttnn_functional_unet_2d_condition_model_new_conv:__call__:406 - Down block 3
2026-05-29 08:11:16.555 | INFO     | models.demos.wormhole.stable_diffusion.tt.ttnn_functional_unet_2d_condition_model_new_conv:__call__:460 - Mid block
2026-05-29 08:11:16.556 | warning  |              Op | Mismatch between computed MemoryConfig(memory_layout=TensorMemoryLayout::BLOCK_SHARDED,buffer_type=BufferType::L1,shard_spec=ShardSpec(grid={[(x=0,y=0) - (x=7,y=3)]},shape={32, 160},orientation=ShardOrientation::ROW_MAJOR),nd_shard_spec=NdShardSpec(shard_shape=Shape([32, 160]),grid={[(x=0,y=0) - (x=7,y=3)]},orientation=ShardOrientation::ROW_MAJOR,shard_distribution_strategy=ShardDistributionStrategy::GRID_2D),created_with_nd_shard_spec=0) and provided MemoryConfig(memory_layout=TensorMemoryLayout::BLOCK_SHARDED,buffer_type=BufferType::L1,shard_spec=ShardSpec(grid={[(x=0,y=0) - (x=7,y=7)]},shape={32, 160},orientation=ShardOrientation::ROW_MAJOR),nd_shard_spec=std::nullopt,created_with_nd_shard_spec=0) mem config. Using computed config. (matmul_op.cpp:1674)
2026-05-29 08:11:16.557 | INFO     | models.demos.wormhole.stable_diffusion.tt.ttnn_functional_unet_2d_condition_model_new_conv:__call__:491 - Up block 0
2026-05-29 08:11:16.559 | INFO     | models.demos.wormhole.stable_diffusion.tt.ttnn_functional_unet_2d_condition_model_new_conv:__call__:491 - Up block 1
2026-05-29 08:11:16.563 | INFO     | models.demos.wormhole.stable_diffusion.tt.ttnn_functional_unet_2d_condition_model_new_conv:__call__:491 - Up block 2
2026-05-29 08:11:16.572 | INFO     | models.demos.wormhole.stable_diffusion.tt.ttnn_functional_unet_2d_condition_model_new_conv:__call__:491 - Up block 3
2026-05-29 08:11:16.592 | INFO     | models.demos.wormhole.stable_diffusion.tt.ttnn_functional_unet_2d_condition_model_new_conv:__call__:406 - Down block 0
2026-05-29 08:11:16.597 | info     |              Op | act_block_h_override 2 is not a valid override for padded_output_height_ntiles_per_core 7, instead 1 was selected as closest valid option! (conv2d_utils.cpp:401)
2026-05-29 08:11:16.598 | INFO     | models.demos.wormhole.stable_diffusion.tt.ttnn_functional_unet_2d_condition_model_new_conv:__call__:406 - Down block 1
2026-05-29 08:11:16.603 | INFO     | models.demos.wormhole.stable_diffusion.tt.ttnn_functional_unet_2d_condition_model_new_conv:__call__:406 - Down block 2
2026-05-29 08:11:16.606 | INFO     | models.demos.wormhole.stable_diffusion.tt.ttnn_functional_unet_2d_condition_model_new_conv:__call__:406 - Down block 3
2026-05-29 08:11:16.607 | INFO     | models.demos.wormhole.stable_diffusion.tt.ttnn_functional_unet_2d_condition_model_new_conv:__call__:460 - Mid block
2026-05-29 08:11:16.607 | warning  |              Op | Mismatch between computed MemoryConfig(memory_layout=TensorMemoryLayout::BLOCK_SHARDED,buffer_type=BufferType::L1,shard_spec=ShardSpec(grid={[(x=0,y=0) - (x=7,y=3)]},shape={32, 160},orientation=ShardOrientation::ROW_MAJOR),nd_shard_spec=NdShardSpec(shard_shape=Shape([32, 160]),grid={[(x=0,y=0) - (x=7,y=3)]},orientation=ShardOrientation::ROW_MAJOR,shard_distribution_strategy=ShardDistributionStrategy::GRID_2D),created_with_nd_shard_spec=0) and provided MemoryConfig(memory_layout=TensorMemoryLayout::BLOCK_SHARDED,buffer_type=BufferType::L1,shard_spec=ShardSpec(grid={[(x=0,y=0) - (x=7,y=7)]},shape={32, 160},orientation=ShardOrientation::ROW_MAJOR),nd_shard_spec=std::nullopt,created_with_nd_shard_spec=0) mem config. Using computed config. (matmul_op.cpp:1674)
2026-05-29 08:11:16.609 | INFO     | models.demos.wormhole.stable_diffusion.tt.ttnn_functional_unet_2d_condition_model_new_conv:__call__:491 - Up block 0
2026-05-29 08:11:16.610 | INFO     | models.demos.wormhole.stable_diffusion.tt.ttnn_functional_unet_2d_condition_model_new_conv:__call__:491 - Up block 1
2026-05-29 08:11:16.615 | INFO     | models.demos.wormhole.stable_diffusion.tt.ttnn_functional_unet_2d_condition_model_new_conv:__call__:491 - Up block 2
2026-05-29 08:11:16.623 | INFO     | models.demos.wormhole.stable_diffusion.tt.ttnn_functional_unet_2d_condition_model_new_conv:__call__:491 - Up block 3
2026-05-29 08:11:16.643 | INFO     | models.demos.wormhole.stable_diffusion.tt.ttnn_functional_unet_2d_condition_model_new_conv:__call__:406 - Down block 0
2026-05-29 08:11:16.649 | info     |              Op | act_block_h_override 2 is not a valid override for padded_output_height_ntiles_per_core 7, instead 1 was selected as closest valid option! (conv2d_utils.cpp:401)
2026-05-29 08:11:16.649 | INFO     | models.demos.wormhole.stable_diffusion.tt.ttnn_functional_unet_2d_condition_model_new_conv:__call__:406 - Down block 1
2026-05-29 08:11:16.655 | INFO     | models.demos.wormhole.stable_diffusion.tt.ttnn_functional_unet_2d_condition_model_new_conv:__call__:406 - Down block 2
2026-05-29 08:11:16.658 | INFO     | models.demos.wormhole.stable_diffusion.tt.ttnn_functional_unet_2d_condition_model_new_conv:__call__:406 - Down block 3
2026-05-29 08:11:16.659 | INFO     | models.demos.wormhole.stable_diffusion.tt.ttnn_functional_unet_2d_condition_model_new_conv:__call__:460 - Mid block
2026-05-29 08:11:16.659 | warning  |              Op | Mismatch between computed MemoryConfig(memory_layout=TensorMemoryLayout::BLOCK_SHARDED,buffer_type=BufferType::L1,shard_spec=ShardSpec(grid={[(x=0,y=0) - (x=7,y=3)]},shape={32, 160},orientation=ShardOrientation::ROW_MAJOR),nd_shard_spec=NdShardSpec(shard_shape=Shape([32, 160]),grid={[(x=0,y=0) - (x=7,y=3)]},orientation=ShardOrientation::ROW_MAJOR,shard_distribution_strategy=ShardDistributionStrategy::GRID_2D),created_with_nd_shard_spec=0) and provided MemoryConfig(memory_layout=TensorMemoryLayout::BLOCK_SHARDED,buffer_type=BufferType::L1,shard_spec=ShardSpec(grid={[(x=0,y=0) - (x=7,y=7)]},shape={32, 160},orientation=ShardOrientation::ROW_MAJOR),nd_shard_spec=std::nullopt,created_with_nd_shard_spec=0) mem config. Using computed config. (matmul_op.cpp:1674)
2026-05-29 08:11:16.661 | INFO     | models.demos.wormhole.stable_diffusion.tt.ttnn_functional_unet_2d_condition_model_new_conv:__call__:491 - Up block 0
2026-05-29 08:11:16.662 | INFO     | models.demos.wormhole.stable_diffusion.tt.ttnn_functional_unet_2d_condition_model_new_conv:__call__:491 - Up block 1
2026-05-29 08:11:16.667 | INFO     | models.demos.wormhole.stable_diffusion.tt.ttnn_functional_unet_2d_condition_model_new_conv:__call__:491 - Up block 2
2026-05-29 08:11:16.675 | INFO     | models.demos.wormhole.stable_diffusion.tt.ttnn_functional_unet_2d_condition_model_new_conv:__call__:491 - Up block 3
2026-05-29 08:11:16.695 | INFO     | models.demos.wormhole.stable_diffusion.tt.ttnn_functional_unet_2d_condition_model_new_conv:__call__:406 - Down block 0
2026-05-29 08:11:16.701 | info     |              Op | act_block_h_override 2 is not a valid override for padded_output_height_ntiles_per_core 7, instead 1 was selected as closest valid option! (conv2d_utils.cpp:401)
2026-05-29 08:11:16.701 | INFO     | models.demos.wormhole.stable_diffusion.tt.ttnn_functional_unet_2d_condition_model_new_conv:__call__:406 - Down block 1
2026-05-29 08:11:16.707 | INFO     | models.demos.wormhole.stable_diffusion.tt.ttnn_functional_unet_2d_condition_model_new_conv:__call__:406 - Down block 2
2026-05-29 08:11:16.710 | INFO     | models.demos.wormhole.stable_diffusion.tt.ttnn_functional_unet_2d_condition_model_new_conv:__call__:406 - Down block 3
2026-05-29 08:11:16.711 | INFO     | models.demos.wormhole.stable_diffusion.tt.ttnn_functional_unet_2d_condition_model_new_conv:__call__:460 - Mid block
2026-05-29 08:11:16.711 | warning  |              Op | Mismatch between computed MemoryConfig(memory_layout=TensorMemoryLayout::BLOCK_SHARDED,buffer_type=BufferType::L1,shard_spec=ShardSpec(grid={[(x=0,y=0) - (x=7,y=3)]},shape={32, 160},orientation=ShardOrientation::ROW_MAJOR),nd_shard_spec=NdShardSpec(shard_shape=Shape([32, 160]),grid={[(x=0,y=0) - (x=7,y=3)]},orientation=ShardOrientation::ROW_MAJOR,shard_distribution_strategy=ShardDistributionStrategy::GRID_2D),created_with_nd_shard_spec=0) and provided MemoryConfig(memory_layout=TensorMemoryLayout::BLOCK_SHARDED,buffer_type=BufferType::L1,shard_spec=ShardSpec(grid={[(x=0,y=0) - (x=7,y=7)]},shape={32, 160},orientation=ShardOrientation::ROW_MAJOR),nd_shard_spec=std::nullopt,created_with_nd_shard_spec=0) mem config. Using computed config. (matmul_op.cpp:1674)
2026-05-29 08:11:16.712 | INFO     | models.demos.wormhole.stable_diffusion.tt.ttnn_functional_unet_2d_condition_model_new_conv:__call__:491 - Up block 0
2026-05-29 08:11:16.714 | INFO     | models.demos.wormhole.stable_diffusion.tt.ttnn_functional_unet_2d_condition_model_new_conv:__call__:491 - Up block 1
2026-05-29 08:11:16.719 | INFO     | models.demos.wormhole.stable_diffusion.tt.ttnn_functional_unet_2d_condition_model_new_conv:__call__:491 - Up block 2
2026-05-29 08:11:16.727 | INFO     | models.demos.wormhole.stable_diffusion.tt.ttnn_functional_unet_2d_condition_model_new_conv:__call__:491 - Up block 3
2026-05-29 08:11:16.747 | INFO     | models.demos.wormhole.stable_diffusion.tt.ttnn_functional_unet_2d_condition_model_new_conv:__call__:406 - Down block 0
2026-05-29 08:11:16.753 | info     |              Op | act_block_h_override 2 is not a valid override for padded_output_height_ntiles_per_core 7, instead 1 was selected as closest valid option! (conv2d_utils.cpp:401)
2026-05-29 08:11:16.753 | INFO     | models.demos.wormhole.stable_diffusion.tt.ttnn_functional_unet_2d_condition_model_new_conv:__call__:406 - Down block 1
2026-05-29 08:11:16.759 | INFO     | models.demos.wormhole.stable_diffusion.tt.ttnn_functional_unet_2d_condition_model_new_conv:__call__:406 - Down block 2
2026-05-29 08:11:16.762 | INFO     | models.demos.wormhole.stable_diffusion.tt.ttnn_functional_unet_2d_condition_model_new_conv:__call__:406 - Down block 3
2026-05-29 08:11:16.763 | INFO     | models.demos.wormhole.stable_diffusion.tt.ttnn_functional_unet_2d_condition_model_new_conv:__call__:460 - Mid block
2026-05-29 08:11:16.763 | warning  |              Op | Mismatch between computed MemoryConfig(memory_layout=TensorMemoryLayout::BLOCK_SHARDED,buffer_type=BufferType::L1,shard_spec=ShardSpec(grid={[(x=0,y=0) - (x=7,y=3)]},shape={32, 160},orientation=ShardOrientation::ROW_MAJOR),nd_shard_spec=NdShardSpec(shard_shape=Shape([32, 160]),grid={[(x=0,y=0) - (x=7,y=3)]},orientation=ShardOrientation::ROW_MAJOR,shard_distribution_strategy=ShardDistributionStrategy::GRID_2D),created_with_nd_shard_spec=0) and provided MemoryConfig(memory_layout=TensorMemoryLayout::BLOCK_SHARDED,buffer_type=BufferType::L1,shard_spec=ShardSpec(grid={[(x=0,y=0) - (x=7,y=7)]},shape={32, 160},orientation=ShardOrientation::ROW_MAJOR),nd_shard_spec=std::nullopt,created_with_nd_shard_spec=0) mem config. Using computed config. (matmul_op.cpp:1674)
2026-05-29 08:11:16.765 | INFO     | models.demos.wormhole.stable_diffusion.tt.ttnn_functional_unet_2d_condition_model_new_conv:__call__:491 - Up block 0
2026-05-29 08:11:16.766 | INFO     | models.demos.wormhole.stable_diffusion.tt.ttnn_functional_unet_2d_condition_model_new_conv:__call__:491 - Up block 1
2026-05-29 08:11:16.771 | INFO     | models.demos.wormhole.stable_diffusion.tt.ttnn_functional_unet_2d_condition_model_new_conv:__call__:491 - Up block 2
2026-05-29 08:11:16.779 | INFO     | models.demos.wormhole.stable_diffusion.tt.ttnn_functional_unet_2d_condition_model_new_conv:__call__:491 - Up block 3
  Step 23/41
2026-05-29 08:11:16.802 | INFO     | models.demos.wormhole.stable_diffusion.tt.ttnn_functional_unet_2d_condition_model_new_conv:__call__:406 - Down block 0
2026-05-29 08:11:16.808 | info     |              Op | act_block_h_override 2 is not a valid override for padded_output_height_ntiles_per_core 7, instead 1 was selected as closest valid option! (conv2d_utils.cpp:401)
2026-05-29 08:11:16.808 | INFO     | models.demos.wormhole.stable_diffusion.tt.ttnn_functional_unet_2d_condition_model_new_conv:__call__:406 - Down block 1
2026-05-29 08:11:16.814 | INFO     | models.demos.wormhole.stable_diffusion.tt.ttnn_functional_unet_2d_condition_model_new_conv:__call__:406 - Down block 2
2026-05-29 08:11:16.817 | INFO     | models.demos.wormhole.stable_diffusion.tt.ttnn_functional_unet_2d_condition_model_new_conv:__call__:406 - Down block 3
2026-05-29 08:11:16.818 | INFO     | models.demos.wormhole.stable_diffusion.tt.ttnn_functional_unet_2d_condition_model_new_conv:__call__:460 - Mid block
2026-05-29 08:11:16.818 | warning  |              Op | Mismatch between computed MemoryConfig(memory_layout=TensorMemoryLayout::BLOCK_SHARDED,buffer_type=BufferType::L1,shard_spec=ShardSpec(grid={[(x=0,y=0) - (x=7,y=3)]},shape={32, 160},orientation=ShardOrientation::ROW_MAJOR),nd_shard_spec=NdShardSpec(shard_shape=Shape([32, 160]),grid={[(x=0,y=0) - (x=7,y=3)]},orientation=ShardOrientation::ROW_MAJOR,shard_distribution_strategy=ShardDistributionStrategy::GRID_2D),created_with_nd_shard_spec=0) and provided MemoryConfig(memory_layout=TensorMemoryLayout::BLOCK_SHARDED,buffer_type=BufferType::L1,shard_spec=ShardSpec(grid={[(x=0,y=0) - (x=7,y=7)]},shape={32, 160},orientation=ShardOrientation::ROW_MAJOR),nd_shard_spec=std::nullopt,created_with_nd_shard_spec=0) mem config. Using computed config. (matmul_op.cpp:1674)
2026-05-29 08:11:16.820 | INFO     | models.demos.wormhole.stable_diffusion.tt.ttnn_functional_unet_2d_condition_model_new_conv:__call__:491 - Up block 0
2026-05-29 08:11:16.821 | INFO     | models.demos.wormhole.stable_diffusion.tt.ttnn_functional_unet_2d_condition_model_new_conv:__call__:491 - Up block 1
2026-05-29 08:11:16.826 | INFO     | models.demos.wormhole.stable_diffusion.tt.ttnn_functional_unet_2d_condition_model_new_conv:__call__:491 - Up block 2
2026-05-29 08:11:16.834 | INFO     | models.demos.wormhole.stable_diffusion.tt.ttnn_functional_unet_2d_condition_model_new_conv:__call__:491 - Up block 3
2026-05-29 08:11:16.854 | INFO     | models.demos.wormhole.stable_diffusion.tt.ttnn_functional_unet_2d_condition_model_new_conv:__call__:406 - Down block 0
2026-05-29 08:11:16.860 | info     |              Op | act_block_h_override 2 is not a valid override for padded_output_height_ntiles_per_core 7, instead 1 was selected as closest valid option! (conv2d_utils.cpp:401)
2026-05-29 08:11:16.860 | INFO     | models.demos.wormhole.stable_diffusion.tt.ttnn_functional_unet_2d_condition_model_new_conv:__call__:406 - Down block 1
2026-05-29 08:11:16.866 | INFO     | models.demos.wormhole.stable_diffusion.tt.ttnn_functional_unet_2d_condition_model_new_conv:__call__:406 - Down block 2
2026-05-29 08:11:16.870 | INFO     | models.demos.wormhole.stable_diffusion.tt.ttnn_functional_unet_2d_condition_model_new_conv:__call__:406 - Down block 3
2026-05-29 08:11:16.871 | INFO     | models.demos.wormhole.stable_diffusion.tt.ttnn_functional_unet_2d_condition_model_new_conv:__call__:460 - Mid block
2026-05-29 08:11:16.871 | warning  |              Op | Mismatch between computed MemoryConfig(memory_layout=TensorMemoryLayout::BLOCK_SHARDED,buffer_type=BufferType::L1,shard_spec=ShardSpec(grid={[(x=0,y=0) - (x=7,y=3)]},shape={32, 160},orientation=ShardOrientation::ROW_MAJOR),nd_shard_spec=NdShardSpec(shard_shape=Shape([32, 160]),grid={[(x=0,y=0) - (x=7,y=3)]},orientation=ShardOrientation::ROW_MAJOR,shard_distribution_strategy=ShardDistributionStrategy::GRID_2D),created_with_nd_shard_spec=0) and provided MemoryConfig(memory_layout=TensorMemoryLayout::BLOCK_SHARDED,buffer_type=BufferType::L1,shard_spec=ShardSpec(grid={[(x=0,y=0) - (x=7,y=7)]},shape={32, 160},orientation=ShardOrientation::ROW_MAJOR),nd_shard_spec=std::nullopt,created_with_nd_shard_spec=0) mem config. Using computed config. (matmul_op.cpp:1674)
2026-05-29 08:11:16.873 | INFO     | models.demos.wormhole.stable_diffusion.tt.ttnn_functional_unet_2d_condition_model_new_conv:__call__:491 - Up block 0
2026-05-29 08:11:16.874 | INFO     | models.demos.wormhole.stable_diffusion.tt.ttnn_functional_unet_2d_condition_model_new_conv:__call__:491 - Up block 1
2026-05-29 08:11:16.879 | INFO     | models.demos.wormhole.stable_diffusion.tt.ttnn_functional_unet_2d_condition_model_new_conv:__call__:491 - Up block 2
2026-05-29 08:11:16.888 | INFO     | models.demos.wormhole.stable_diffusion.tt.ttnn_functional_unet_2d_condition_model_new_conv:__call__:491 - Up block 3
2026-05-29 08:11:16.908 | INFO     | models.demos.wormhole.stable_diffusion.tt.ttnn_functional_unet_2d_condition_model_new_conv:__call__:406 - Down block 0
2026-05-29 08:11:16.913 | info     |              Op | act_block_h_override 2 is not a valid override for padded_output_height_ntiles_per_core 7, instead 1 was selected as closest valid option! (conv2d_utils.cpp:401)
2026-05-29 08:11:16.914 | INFO     | models.demos.wormhole.stable_diffusion.tt.ttnn_functional_unet_2d_condition_model_new_conv:__call__:406 - Down block 1
2026-05-29 08:11:16.919 | INFO     | models.demos.wormhole.stable_diffusion.tt.ttnn_functional_unet_2d_condition_model_new_conv:__call__:406 - Down block 2
2026-05-29 08:11:16.923 | INFO     | models.demos.wormhole.stable_diffusion.tt.ttnn_functional_unet_2d_condition_model_new_conv:__call__:406 - Down block 3
2026-05-29 08:11:16.923 | INFO     | models.demos.wormhole.stable_diffusion.tt.ttnn_functional_unet_2d_condition_model_new_conv:__call__:460 - Mid block
2026-05-29 08:11:16.924 | warning  |              Op | Mismatch between computed MemoryConfig(memory_layout=TensorMemoryLayout::BLOCK_SHARDED,buffer_type=BufferType::L1,shard_spec=ShardSpec(grid={[(x=0,y=0) - (x=7,y=3)]},shape={32, 160},orientation=ShardOrientation::ROW_MAJOR),nd_shard_spec=NdShardSpec(shard_shape=Shape([32, 160]),grid={[(x=0,y=0) - (x=7,y=3)]},orientation=ShardOrientation::ROW_MAJOR,shard_distribution_strategy=ShardDistributionStrategy::GRID_2D),created_with_nd_shard_spec=0) and provided MemoryConfig(memory_layout=TensorMemoryLayout::BLOCK_SHARDED,buffer_type=BufferType::L1,shard_spec=ShardSpec(grid={[(x=0,y=0) - (x=7,y=7)]},shape={32, 160},orientation=ShardOrientation::ROW_MAJOR),nd_shard_spec=std::nullopt,created_with_nd_shard_spec=0) mem config. Using computed config. (matmul_op.cpp:1674)
2026-05-29 08:11:16.925 | INFO     | models.demos.wormhole.stable_diffusion.tt.ttnn_functional_unet_2d_condition_model_new_conv:__call__:491 - Up block 0
2026-05-29 08:11:16.927 | INFO     | models.demos.wormhole.stable_diffusion.tt.ttnn_functional_unet_2d_condition_model_new_conv:__call__:491 - Up block 1
2026-05-29 08:11:16.932 | INFO     | models.demos.wormhole.stable_diffusion.tt.ttnn_functional_unet_2d_condition_model_new_conv:__call__:491 - Up block 2
2026-05-29 08:11:16.940 | INFO     | models.demos.wormhole.stable_diffusion.tt.ttnn_functional_unet_2d_condition_model_new_conv:__call__:491 - Up block 3
2026-05-29 08:11:16.960 | INFO     | models.demos.wormhole.stable_diffusion.tt.ttnn_functional_unet_2d_condition_model_new_conv:__call__:406 - Down block 0
2026-05-29 08:11:16.966 | info     |              Op | act_block_h_override 2 is not a valid override for padded_output_height_ntiles_per_core 7, instead 1 was selected as closest valid option! (conv2d_utils.cpp:401)
2026-05-29 08:11:16.966 | INFO     | models.demos.wormhole.stable_diffusion.tt.ttnn_functional_unet_2d_condition_model_new_conv:__call__:406 - Down block 1
2026-05-29 08:11:16.972 | INFO     | models.demos.wormhole.stable_diffusion.tt.ttnn_functional_unet_2d_condition_model_new_conv:__call__:406 - Down block 2
2026-05-29 08:11:16.975 | INFO     | models.demos.wormhole.stable_diffusion.tt.ttnn_functional_unet_2d_condition_model_new_conv:__call__:406 - Down block 3
2026-05-29 08:11:16.976 | INFO     | models.demos.wormhole.stable_diffusion.tt.ttnn_functional_unet_2d_condition_model_new_conv:__call__:460 - Mid block
2026-05-29 08:11:16.976 | warning  |              Op | Mismatch between computed MemoryConfig(memory_layout=TensorMemoryLayout::BLOCK_SHARDED,buffer_type=BufferType::L1,shard_spec=ShardSpec(grid={[(x=0,y=0) - (x=7,y=3)]},shape={32, 160},orientation=ShardOrientation::ROW_MAJOR),nd_shard_spec=NdShardSpec(shard_shape=Shape([32, 160]),grid={[(x=0,y=0) - (x=7,y=3)]},orientation=ShardOrientation::ROW_MAJOR,shard_distribution_strategy=ShardDistributionStrategy::GRID_2D),created_with_nd_shard_spec=0) and provided MemoryConfig(memory_layout=TensorMemoryLayout::BLOCK_SHARDED,buffer_type=BufferType::L1,shard_spec=ShardSpec(grid={[(x=0,y=0) - (x=7,y=7)]},shape={32, 160},orientation=ShardOrientation::ROW_MAJOR),nd_shard_spec=std::nullopt,created_with_nd_shard_spec=0) mem config. Using computed config. (matmul_op.cpp:1674)
2026-05-29 08:11:16.977 | INFO     | models.demos.wormhole.stable_diffusion.tt.ttnn_functional_unet_2d_condition_model_new_conv:__call__:491 - Up block 0
2026-05-29 08:11:16.979 | INFO     | models.demos.wormhole.stable_diffusion.tt.ttnn_functional_unet_2d_condition_model_new_conv:__call__:491 - Up block 1
2026-05-29 08:11:16.984 | INFO     | models.demos.wormhole.stable_diffusion.tt.ttnn_functional_unet_2d_condition_model_new_conv:__call__:491 - Up block 2
2026-05-29 08:11:16.992 | INFO     | models.demos.wormhole.stable_diffusion.tt.ttnn_functional_unet_2d_condition_model_new_conv:__call__:491 - Up block 3
2026-05-29 08:11:17.012 | INFO     | models.demos.wormhole.stable_diffusion.tt.ttnn_functional_unet_2d_condition_model_new_conv:__call__:406 - Down block 0
2026-05-29 08:11:17.018 | info     |              Op | act_block_h_override 2 is not a valid override for padded_output_height_ntiles_per_core 7, instead 1 was selected as closest valid option! (conv2d_utils.cpp:401)
2026-05-29 08:11:17.018 | INFO     | models.demos.wormhole.stable_diffusion.tt.ttnn_functional_unet_2d_condition_model_new_conv:__call__:406 - Down block 1
2026-05-29 08:11:17.024 | INFO     | models.demos.wormhole.stable_diffusion.tt.ttnn_functional_unet_2d_condition_model_new_conv:__call__:406 - Down block 2
2026-05-29 08:11:17.027 | INFO     | models.demos.wormhole.stable_diffusion.tt.ttnn_functional_unet_2d_condition_model_new_conv:__call__:406 - Down block 3
2026-05-29 08:11:17.028 | INFO     | models.demos.wormhole.stable_diffusion.tt.ttnn_functional_unet_2d_condition_model_new_conv:__call__:460 - Mid block
2026-05-29 08:11:17.029 | warning  |              Op | Mismatch between computed MemoryConfig(memory_layout=TensorMemoryLayout::BLOCK_SHARDED,buffer_type=BufferType::L1,shard_spec=ShardSpec(grid={[(x=0,y=0) - (x=7,y=3)]},shape={32, 160},orientation=ShardOrientation::ROW_MAJOR),nd_shard_spec=NdShardSpec(shard_shape=Shape([32, 160]),grid={[(x=0,y=0) - (x=7,y=3)]},orientation=ShardOrientation::ROW_MAJOR,shard_distribution_strategy=ShardDistributionStrategy::GRID_2D),created_with_nd_shard_spec=0) and provided MemoryConfig(memory_layout=TensorMemoryLayout::BLOCK_SHARDED,buffer_type=BufferType::L1,shard_spec=ShardSpec(grid={[(x=0,y=0) - (x=7,y=7)]},shape={32, 160},orientation=ShardOrientation::ROW_MAJOR),nd_shard_spec=std::nullopt,created_with_nd_shard_spec=0) mem config. Using computed config. (matmul_op.cpp:1674)
2026-05-29 08:11:17.030 | INFO     | models.demos.wormhole.stable_diffusion.tt.ttnn_functional_unet_2d_condition_model_new_conv:__call__:491 - Up block 0
2026-05-29 08:11:17.031 | INFO     | models.demos.wormhole.stable_diffusion.tt.ttnn_functional_unet_2d_condition_model_new_conv:__call__:491 - Up block 1
2026-05-29 08:11:17.036 | INFO     | models.demos.wormhole.stable_diffusion.tt.ttnn_functional_unet_2d_condition_model_new_conv:__call__:491 - Up block 2
2026-05-29 08:11:17.045 | INFO     | models.demos.wormhole.stable_diffusion.tt.ttnn_functional_unet_2d_condition_model_new_conv:__call__:491 - Up block 3
2026-05-29 08:11:17.065 | INFO     | models.demos.wormhole.stable_diffusion.tt.ttnn_functional_unet_2d_condition_model_new_conv:__call__:406 - Down block 0
2026-05-29 08:11:17.070 | info     |              Op | act_block_h_override 2 is not a valid override for padded_output_height_ntiles_per_core 7, instead 1 was selected as closest valid option! (conv2d_utils.cpp:401)
2026-05-29 08:11:17.071 | INFO     | models.demos.wormhole.stable_diffusion.tt.ttnn_functional_unet_2d_condition_model_new_conv:__call__:406 - Down block 1
2026-05-29 08:11:17.076 | INFO     | models.demos.wormhole.stable_diffusion.tt.ttnn_functional_unet_2d_condition_model_new_conv:__call__:406 - Down block 2
2026-05-29 08:11:17.079 | INFO     | models.demos.wormhole.stable_diffusion.tt.ttnn_functional_unet_2d_condition_model_new_conv:__call__:406 - Down block 3
2026-05-29 08:11:17.080 | INFO     | models.demos.wormhole.stable_diffusion.tt.ttnn_functional_unet_2d_condition_model_new_conv:__call__:460 - Mid block
2026-05-29 08:11:17.080 | warning  |              Op | Mismatch between computed MemoryConfig(memory_layout=TensorMemoryLayout::BLOCK_SHARDED,buffer_type=BufferType::L1,shard_spec=ShardSpec(grid={[(x=0,y=0) - (x=7,y=3)]},shape={32, 160},orientation=ShardOrientation::ROW_MAJOR),nd_shard_spec=NdShardSpec(shard_shape=Shape([32, 160]),grid={[(x=0,y=0) - (x=7,y=3)]},orientation=ShardOrientation::ROW_MAJOR,shard_distribution_strategy=ShardDistributionStrategy::GRID_2D),created_with_nd_shard_spec=0) and provided MemoryConfig(memory_layout=TensorMemoryLayout::BLOCK_SHARDED,buffer_type=BufferType::L1,shard_spec=ShardSpec(grid={[(x=0,y=0) - (x=7,y=7)]},shape={32, 160},orientation=ShardOrientation::ROW_MAJOR),nd_shard_spec=std::nullopt,created_with_nd_shard_spec=0) mem config. Using computed config. (matmul_op.cpp:1674)
2026-05-29 08:11:17.082 | INFO     | models.demos.wormhole.stable_diffusion.tt.ttnn_functional_unet_2d_condition_model_new_conv:__call__:491 - Up block 0
2026-05-29 08:11:17.083 | INFO     | models.demos.wormhole.stable_diffusion.tt.ttnn_functional_unet_2d_condition_model_new_conv:__call__:491 - Up block 1
2026-05-29 08:11:17.088 | INFO     | models.demos.wormhole.stable_diffusion.tt.ttnn_functional_unet_2d_condition_model_new_conv:__call__:491 - Up block 2
2026-05-29 08:11:17.096 | INFO     | models.demos.wormhole.stable_diffusion.tt.ttnn_functional_unet_2d_condition_model_new_conv:__call__:491 - Up block 3
2026-05-29 08:11:17.116 | INFO     | models.demos.wormhole.stable_diffusion.tt.ttnn_functional_unet_2d_condition_model_new_conv:__call__:406 - Down block 0
2026-05-29 08:11:17.122 | info     |              Op | act_block_h_override 2 is not a valid override for padded_output_height_ntiles_per_core 7, instead 1 was selected as closest valid option! (conv2d_utils.cpp:401)
2026-05-29 08:11:17.122 | INFO     | models.demos.wormhole.stable_diffusion.tt.ttnn_functional_unet_2d_condition_model_new_conv:__call__:406 - Down block 1
2026-05-29 08:11:17.128 | INFO     | models.demos.wormhole.stable_diffusion.tt.ttnn_functional_unet_2d_condition_model_new_conv:__call__:406 - Down block 2
2026-05-29 08:11:17.131 | INFO     | models.demos.wormhole.stable_diffusion.tt.ttnn_functional_unet_2d_condition_model_new_conv:__call__:406 - Down block 3
2026-05-29 08:11:17.132 | INFO     | models.demos.wormhole.stable_diffusion.tt.ttnn_functional_unet_2d_condition_model_new_conv:__call__:460 - Mid block
2026-05-29 08:11:17.133 | warning  |              Op | Mismatch between computed MemoryConfig(memory_layout=TensorMemoryLayout::BLOCK_SHARDED,buffer_type=BufferType::L1,shard_spec=ShardSpec(grid={[(x=0,y=0) - (x=7,y=3)]},shape={32, 160},orientation=ShardOrientation::ROW_MAJOR),nd_shard_spec=NdShardSpec(shard_shape=Shape([32, 160]),grid={[(x=0,y=0) - (x=7,y=3)]},orientation=ShardOrientation::ROW_MAJOR,shard_distribution_strategy=ShardDistributionStrategy::GRID_2D),created_with_nd_shard_spec=0) and provided MemoryConfig(memory_layout=TensorMemoryLayout::BLOCK_SHARDED,buffer_type=BufferType::L1,shard_spec=ShardSpec(grid={[(x=0,y=0) - (x=7,y=7)]},shape={32, 160},orientation=ShardOrientation::ROW_MAJOR),nd_shard_spec=std::nullopt,created_with_nd_shard_spec=0) mem config. Using computed config. (matmul_op.cpp:1674)
2026-05-29 08:11:17.134 | INFO     | models.demos.wormhole.stable_diffusion.tt.ttnn_functional_unet_2d_condition_model_new_conv:__call__:491 - Up block 0
2026-05-29 08:11:17.135 | INFO     | models.demos.wormhole.stable_diffusion.tt.ttnn_functional_unet_2d_condition_model_new_conv:__call__:491 - Up block 1
2026-05-29 08:11:17.140 | INFO     | models.demos.wormhole.stable_diffusion.tt.ttnn_functional_unet_2d_condition_model_new_conv:__call__:491 - Up block 2
2026-05-29 08:11:17.149 | INFO     | models.demos.wormhole.stable_diffusion.tt.ttnn_functional_unet_2d_condition_model_new_conv:__call__:491 - Up block 3
2026-05-29 08:11:17.169 | INFO     | models.demos.wormhole.stable_diffusion.tt.ttnn_functional_unet_2d_condition_model_new_conv:__call__:406 - Down block 0
2026-05-29 08:11:17.174 | info     |              Op | act_block_h_override 2 is not a valid override for padded_output_height_ntiles_per_core 7, instead 1 was selected as closest valid option! (conv2d_utils.cpp:401)
2026-05-29 08:11:17.175 | INFO     | models.demos.wormhole.stable_diffusion.tt.ttnn_functional_unet_2d_condition_model_new_conv:__call__:406 - Down block 1
2026-05-29 08:11:17.180 | INFO     | models.demos.wormhole.stable_diffusion.tt.ttnn_functional_unet_2d_condition_model_new_conv:__call__:406 - Down block 2
2026-05-29 08:11:17.183 | INFO     | models.demos.wormhole.stable_diffusion.tt.ttnn_functional_unet_2d_condition_model_new_conv:__call__:406 - Down block 3
2026-05-29 08:11:17.184 | INFO     | models.demos.wormhole.stable_diffusion.tt.ttnn_functional_unet_2d_condition_model_new_conv:__call__:460 - Mid block
2026-05-29 08:11:17.184 | warning  |              Op | Mismatch between computed MemoryConfig(memory_layout=TensorMemoryLayout::BLOCK_SHARDED,buffer_type=BufferType::L1,shard_spec=ShardSpec(grid={[(x=0,y=0) - (x=7,y=3)]},shape={32, 160},orientation=ShardOrientation::ROW_MAJOR),nd_shard_spec=NdShardSpec(shard_shape=Shape([32, 160]),grid={[(x=0,y=0) - (x=7,y=3)]},orientation=ShardOrientation::ROW_MAJOR,shard_distribution_strategy=ShardDistributionStrategy::GRID_2D),created_with_nd_shard_spec=0) and provided MemoryConfig(memory_layout=TensorMemoryLayout::BLOCK_SHARDED,buffer_type=BufferType::L1,shard_spec=ShardSpec(grid={[(x=0,y=0) - (x=7,y=7)]},shape={32, 160},orientation=ShardOrientation::ROW_MAJOR),nd_shard_spec=std::nullopt,created_with_nd_shard_spec=0) mem config. Using computed config. (matmul_op.cpp:1674)
2026-05-29 08:11:17.186 | INFO     | models.demos.wormhole.stable_diffusion.tt.ttnn_functional_unet_2d_condition_model_new_conv:__call__:491 - Up block 0
2026-05-29 08:11:17.187 | INFO     | models.demos.wormhole.stable_diffusion.tt.ttnn_functional_unet_2d_condition_model_new_conv:__call__:491 - Up block 1
2026-05-29 08:11:17.192 | INFO     | models.demos.wormhole.stable_diffusion.tt.ttnn_functional_unet_2d_condition_model_new_conv:__call__:491 - Up block 2
2026-05-29 08:11:17.200 | INFO     | models.demos.wormhole.stable_diffusion.tt.ttnn_functional_unet_2d_condition_model_new_conv:__call__:491 - Up block 3
  Step 24/41
2026-05-29 08:11:17.223 | INFO     | models.demos.wormhole.stable_diffusion.tt.ttnn_functional_unet_2d_condition_model_new_conv:__call__:406 - Down block 0
2026-05-29 08:11:17.229 | info     |              Op | act_block_h_override 2 is not a valid override for padded_output_height_ntiles_per_core 7, instead 1 was selected as closest valid option! (conv2d_utils.cpp:401)
2026-05-29 08:11:17.229 | INFO     | models.demos.wormhole.stable_diffusion.tt.ttnn_functional_unet_2d_condition_model_new_conv:__call__:406 - Down block 1
2026-05-29 08:11:17.234 | INFO     | models.demos.wormhole.stable_diffusion.tt.ttnn_functional_unet_2d_condition_model_new_conv:__call__:406 - Down block 2
2026-05-29 08:11:17.238 | INFO     | models.demos.wormhole.stable_diffusion.tt.ttnn_functional_unet_2d_condition_model_new_conv:__call__:406 - Down block 3
2026-05-29 08:11:17.239 | INFO     | models.demos.wormhole.stable_diffusion.tt.ttnn_functional_unet_2d_condition_model_new_conv:__call__:460 - Mid block
2026-05-29 08:11:17.239 | warning  |              Op | Mismatch between computed MemoryConfig(memory_layout=TensorMemoryLayout::BLOCK_SHARDED,buffer_type=BufferType::L1,shard_spec=ShardSpec(grid={[(x=0,y=0) - (x=7,y=3)]},shape={32, 160},orientation=ShardOrientation::ROW_MAJOR),nd_shard_spec=NdShardSpec(shard_shape=Shape([32, 160]),grid={[(x=0,y=0) - (x=7,y=3)]},orientation=ShardOrientation::ROW_MAJOR,shard_distribution_strategy=ShardDistributionStrategy::GRID_2D),created_with_nd_shard_spec=0) and provided MemoryConfig(memory_layout=TensorMemoryLayout::BLOCK_SHARDED,buffer_type=BufferType::L1,shard_spec=ShardSpec(grid={[(x=0,y=0) - (x=7,y=7)]},shape={32, 160},orientation=ShardOrientation::ROW_MAJOR),nd_shard_spec=std::nullopt,created_with_nd_shard_spec=0) mem config. Using computed config. (matmul_op.cpp:1674)
2026-05-29 08:11:17.241 | INFO     | models.demos.wormhole.stable_diffusion.tt.ttnn_functional_unet_2d_condition_model_new_conv:__call__:491 - Up block 0
2026-05-29 08:11:17.242 | INFO     | models.demos.wormhole.stable_diffusion.tt.ttnn_functional_unet_2d_condition_model_new_conv:__call__:491 - Up block 1
2026-05-29 08:11:17.247 | INFO     | models.demos.wormhole.stable_diffusion.tt.ttnn_functional_unet_2d_condition_model_new_conv:__call__:491 - Up block 2
2026-05-29 08:11:17.255 | INFO     | models.demos.wormhole.stable_diffusion.tt.ttnn_functional_unet_2d_condition_model_new_conv:__call__:491 - Up block 3
2026-05-29 08:11:17.275 | INFO     | models.demos.wormhole.stable_diffusion.tt.ttnn_functional_unet_2d_condition_model_new_conv:__call__:406 - Down block 0
2026-05-29 08:11:17.281 | info     |              Op | act_block_h_override 2 is not a valid override for padded_output_height_ntiles_per_core 7, instead 1 was selected as closest valid option! (conv2d_utils.cpp:401)
2026-05-29 08:11:17.281 | INFO     | models.demos.wormhole.stable_diffusion.tt.ttnn_functional_unet_2d_condition_model_new_conv:__call__:406 - Down block 1
2026-05-29 08:11:17.287 | INFO     | models.demos.wormhole.stable_diffusion.tt.ttnn_functional_unet_2d_condition_model_new_conv:__call__:406 - Down block 2
2026-05-29 08:11:17.290 | INFO     | models.demos.wormhole.stable_diffusion.tt.ttnn_functional_unet_2d_condition_model_new_conv:__call__:406 - Down block 3
2026-05-29 08:11:17.291 | INFO     | models.demos.wormhole.stable_diffusion.tt.ttnn_functional_unet_2d_condition_model_new_conv:__call__:460 - Mid block
2026-05-29 08:11:17.291 | warning  |              Op | Mismatch between computed MemoryConfig(memory_layout=TensorMemoryLayout::BLOCK_SHARDED,buffer_type=BufferType::L1,shard_spec=ShardSpec(grid={[(x=0,y=0) - (x=7,y=3)]},shape={32, 160},orientation=ShardOrientation::ROW_MAJOR),nd_shard_spec=NdShardSpec(shard_shape=Shape([32, 160]),grid={[(x=0,y=0) - (x=7,y=3)]},orientation=ShardOrientation::ROW_MAJOR,shard_distribution_strategy=ShardDistributionStrategy::GRID_2D),created_with_nd_shard_spec=0) and provided MemoryConfig(memory_layout=TensorMemoryLayout::BLOCK_SHARDED,buffer_type=BufferType::L1,shard_spec=ShardSpec(grid={[(x=0,y=0) - (x=7,y=7)]},shape={32, 160},orientation=ShardOrientation::ROW_MAJOR),nd_shard_spec=std::nullopt,created_with_nd_shard_spec=0) mem config. Using computed config. (matmul_op.cpp:1674)
2026-05-29 08:11:17.293 | INFO     | models.demos.wormhole.stable_diffusion.tt.ttnn_functional_unet_2d_condition_model_new_conv:__call__:491 - Up block 0
2026-05-29 08:11:17.294 | INFO     | models.demos.wormhole.stable_diffusion.tt.ttnn_functional_unet_2d_condition_model_new_conv:__call__:491 - Up block 1
2026-05-29 08:11:17.299 | INFO     | models.demos.wormhole.stable_diffusion.tt.ttnn_functional_unet_2d_condition_model_new_conv:__call__:491 - Up block 2
2026-05-29 08:11:17.307 | INFO     | models.demos.wormhole.stable_diffusion.tt.ttnn_functional_unet_2d_condition_model_new_conv:__call__:491 - Up block 3
2026-05-29 08:11:17.327 | INFO     | models.demos.wormhole.stable_diffusion.tt.ttnn_functional_unet_2d_condition_model_new_conv:__call__:406 - Down block 0
2026-05-29 08:11:17.333 | info     |              Op | act_block_h_override 2 is not a valid override for padded_output_height_ntiles_per_core 7, instead 1 was selected as closest valid option! (conv2d_utils.cpp:401)
2026-05-29 08:11:17.333 | INFO     | models.demos.wormhole.stable_diffusion.tt.ttnn_functional_unet_2d_condition_model_new_conv:__call__:406 - Down block 1
2026-05-29 08:11:17.339 | INFO     | models.demos.wormhole.stable_diffusion.tt.ttnn_functional_unet_2d_condition_model_new_conv:__call__:406 - Down block 2
2026-05-29 08:11:17.342 | INFO     | models.demos.wormhole.stable_diffusion.tt.ttnn_functional_unet_2d_condition_model_new_conv:__call__:406 - Down block 3
2026-05-29 08:11:17.343 | INFO     | models.demos.wormhole.stable_diffusion.tt.ttnn_functional_unet_2d_condition_model_new_conv:__call__:460 - Mid block
2026-05-29 08:11:17.343 | warning  |              Op | Mismatch between computed MemoryConfig(memory_layout=TensorMemoryLayout::BLOCK_SHARDED,buffer_type=BufferType::L1,shard_spec=ShardSpec(grid={[(x=0,y=0) - (x=7,y=3)]},shape={32, 160},orientation=ShardOrientation::ROW_MAJOR),nd_shard_spec=NdShardSpec(shard_shape=Shape([32, 160]),grid={[(x=0,y=0) - (x=7,y=3)]},orientation=ShardOrientation::ROW_MAJOR,shard_distribution_strategy=ShardDistributionStrategy::GRID_2D),created_with_nd_shard_spec=0) and provided MemoryConfig(memory_layout=TensorMemoryLayout::BLOCK_SHARDED,buffer_type=BufferType::L1,shard_spec=ShardSpec(grid={[(x=0,y=0) - (x=7,y=7)]},shape={32, 160},orientation=ShardOrientation::ROW_MAJOR),nd_shard_spec=std::nullopt,created_with_nd_shard_spec=0) mem config. Using computed config. (matmul_op.cpp:1674)
2026-05-29 08:11:17.344 | INFO     | models.demos.wormhole.stable_diffusion.tt.ttnn_functional_unet_2d_condition_model_new_conv:__call__:491 - Up block 0
2026-05-29 08:11:17.346 | INFO     | models.demos.wormhole.stable_diffusion.tt.ttnn_functional_unet_2d_condition_model_new_conv:__call__:491 - Up block 1
2026-05-29 08:11:17.351 | INFO     | models.demos.wormhole.stable_diffusion.tt.ttnn_functional_unet_2d_condition_model_new_conv:__call__:491 - Up block 2
2026-05-29 08:11:17.359 | INFO     | models.demos.wormhole.stable_diffusion.tt.ttnn_functional_unet_2d_condition_model_new_conv:__call__:491 - Up block 3
2026-05-29 08:11:17.379 | INFO     | models.demos.wormhole.stable_diffusion.tt.ttnn_functional_unet_2d_condition_model_new_conv:__call__:406 - Down block 0
2026-05-29 08:11:17.385 | info     |              Op | act_block_h_override 2 is not a valid override for padded_output_height_ntiles_per_core 7, instead 1 was selected as closest valid option! (conv2d_utils.cpp:401)
2026-05-29 08:11:17.385 | INFO     | models.demos.wormhole.stable_diffusion.tt.ttnn_functional_unet_2d_condition_model_new_conv:__call__:406 - Down block 1
2026-05-29 08:11:17.390 | INFO     | models.demos.wormhole.stable_diffusion.tt.ttnn_functional_unet_2d_condition_model_new_conv:__call__:406 - Down block 2
2026-05-29 08:11:17.394 | INFO     | models.demos.wormhole.stable_diffusion.tt.ttnn_functional_unet_2d_condition_model_new_conv:__call__:406 - Down block 3
2026-05-29 08:11:17.395 | INFO     | models.demos.wormhole.stable_diffusion.tt.ttnn_functional_unet_2d_condition_model_new_conv:__call__:460 - Mid block
2026-05-29 08:11:17.395 | warning  |              Op | Mismatch between computed MemoryConfig(memory_layout=TensorMemoryLayout::BLOCK_SHARDED,buffer_type=BufferType::L1,shard_spec=ShardSpec(grid={[(x=0,y=0) - (x=7,y=3)]},shape={32, 160},orientation=ShardOrientation::ROW_MAJOR),nd_shard_spec=NdShardSpec(shard_shape=Shape([32, 160]),grid={[(x=0,y=0) - (x=7,y=3)]},orientation=ShardOrientation::ROW_MAJOR,shard_distribution_strategy=ShardDistributionStrategy::GRID_2D),created_with_nd_shard_spec=0) and provided MemoryConfig(memory_layout=TensorMemoryLayout::BLOCK_SHARDED,buffer_type=BufferType::L1,shard_spec=ShardSpec(grid={[(x=0,y=0) - (x=7,y=7)]},shape={32, 160},orientation=ShardOrientation::ROW_MAJOR),nd_shard_spec=std::nullopt,created_with_nd_shard_spec=0) mem config. Using computed config. (matmul_op.cpp:1674)
2026-05-29 08:11:17.396 | INFO     | models.demos.wormhole.stable_diffusion.tt.ttnn_functional_unet_2d_condition_model_new_conv:__call__:491 - Up block 0
2026-05-29 08:11:17.398 | INFO     | models.demos.wormhole.stable_diffusion.tt.ttnn_functional_unet_2d_condition_model_new_conv:__call__:491 - Up block 1
2026-05-29 08:11:17.403 | INFO     | models.demos.wormhole.stable_diffusion.tt.ttnn_functional_unet_2d_condition_model_new_conv:__call__:491 - Up block 2
2026-05-29 08:11:17.411 | INFO     | models.demos.wormhole.stable_diffusion.tt.ttnn_functional_unet_2d_condition_model_new_conv:__call__:491 - Up block 3
2026-05-29 08:11:17.431 | INFO     | models.demos.wormhole.stable_diffusion.tt.ttnn_functional_unet_2d_condition_model_new_conv:__call__:406 - Down block 0
2026-05-29 08:11:17.437 | info     |              Op | act_block_h_override 2 is not a valid override for padded_output_height_ntiles_per_core 7, instead 1 was selected as closest valid option! (conv2d_utils.cpp:401)
2026-05-29 08:11:17.437 | INFO     | models.demos.wormhole.stable_diffusion.tt.ttnn_functional_unet_2d_condition_model_new_conv:__call__:406 - Down block 1
2026-05-29 08:11:17.442 | INFO     | models.demos.wormhole.stable_diffusion.tt.ttnn_functional_unet_2d_condition_model_new_conv:__call__:406 - Down block 2
2026-05-29 08:11:17.445 | INFO     | models.demos.wormhole.stable_diffusion.tt.ttnn_functional_unet_2d_condition_model_new_conv:__call__:406 - Down block 3
2026-05-29 08:11:17.446 | INFO     | models.demos.wormhole.stable_diffusion.tt.ttnn_functional_unet_2d_condition_model_new_conv:__call__:460 - Mid block
2026-05-29 08:11:17.447 | warning  |              Op | Mismatch between computed MemoryConfig(memory_layout=TensorMemoryLayout::BLOCK_SHARDED,buffer_type=BufferType::L1,shard_spec=ShardSpec(grid={[(x=0,y=0) - (x=7,y=3)]},shape={32, 160},orientation=ShardOrientation::ROW_MAJOR),nd_shard_spec=NdShardSpec(shard_shape=Shape([32, 160]),grid={[(x=0,y=0) - (x=7,y=3)]},orientation=ShardOrientation::ROW_MAJOR,shard_distribution_strategy=ShardDistributionStrategy::GRID_2D),created_with_nd_shard_spec=0) and provided MemoryConfig(memory_layout=TensorMemoryLayout::BLOCK_SHARDED,buffer_type=BufferType::L1,shard_spec=ShardSpec(grid={[(x=0,y=0) - (x=7,y=7)]},shape={32, 160},orientation=ShardOrientation::ROW_MAJOR),nd_shard_spec=std::nullopt,created_with_nd_shard_spec=0) mem config. Using computed config. (matmul_op.cpp:1674)
2026-05-29 08:11:17.448 | INFO     | models.demos.wormhole.stable_diffusion.tt.ttnn_functional_unet_2d_condition_model_new_conv:__call__:491 - Up block 0
2026-05-29 08:11:17.449 | INFO     | models.demos.wormhole.stable_diffusion.tt.ttnn_functional_unet_2d_condition_model_new_conv:__call__:491 - Up block 1
2026-05-29 08:11:17.454 | INFO     | models.demos.wormhole.stable_diffusion.tt.ttnn_functional_unet_2d_condition_model_new_conv:__call__:491 - Up block 2
2026-05-29 08:11:17.462 | INFO     | models.demos.wormhole.stable_diffusion.tt.ttnn_functional_unet_2d_condition_model_new_conv:__call__:491 - Up block 3
2026-05-29 08:11:17.483 | INFO     | models.demos.wormhole.stable_diffusion.tt.ttnn_functional_unet_2d_condition_model_new_conv:__call__:406 - Down block 0
2026-05-29 08:11:17.489 | info     |              Op | act_block_h_override 2 is not a valid override for padded_output_height_ntiles_per_core 7, instead 1 was selected as closest valid option! (conv2d_utils.cpp:401)
2026-05-29 08:11:17.489 | INFO     | models.demos.wormhole.stable_diffusion.tt.ttnn_functional_unet_2d_condition_model_new_conv:__call__:406 - Down block 1
2026-05-29 08:11:17.495 | INFO     | models.demos.wormhole.stable_diffusion.tt.ttnn_functional_unet_2d_condition_model_new_conv:__call__:406 - Down block 2
2026-05-29 08:11:17.498 | INFO     | models.demos.wormhole.stable_diffusion.tt.ttnn_functional_unet_2d_condition_model_new_conv:__call__:406 - Down block 3
2026-05-29 08:11:17.499 | INFO     | models.demos.wormhole.stable_diffusion.tt.ttnn_functional_unet_2d_condition_model_new_conv:__call__:460 - Mid block
2026-05-29 08:11:17.499 | warning  |              Op | Mismatch between computed MemoryConfig(memory_layout=TensorMemoryLayout::BLOCK_SHARDED,buffer_type=BufferType::L1,shard_spec=ShardSpec(grid={[(x=0,y=0) - (x=7,y=3)]},shape={32, 160},orientation=ShardOrientation::ROW_MAJOR),nd_shard_spec=NdShardSpec(shard_shape=Shape([32, 160]),grid={[(x=0,y=0) - (x=7,y=3)]},orientation=ShardOrientation::ROW_MAJOR,shard_distribution_strategy=ShardDistributionStrategy::GRID_2D),created_with_nd_shard_spec=0) and provided MemoryConfig(memory_layout=TensorMemoryLayout::BLOCK_SHARDED,buffer_type=BufferType::L1,shard_spec=ShardSpec(grid={[(x=0,y=0) - (x=7,y=7)]},shape={32, 160},orientation=ShardOrientation::ROW_MAJOR),nd_shard_spec=std::nullopt,created_with_nd_shard_spec=0) mem config. Using computed config. (matmul_op.cpp:1674)
2026-05-29 08:11:17.501 | INFO     | models.demos.wormhole.stable_diffusion.tt.ttnn_functional_unet_2d_condition_model_new_conv:__call__:491 - Up block 0
2026-05-29 08:11:17.502 | INFO     | models.demos.wormhole.stable_diffusion.tt.ttnn_functional_unet_2d_condition_model_new_conv:__call__:491 - Up block 1
2026-05-29 08:11:17.507 | INFO     | models.demos.wormhole.stable_diffusion.tt.ttnn_functional_unet_2d_condition_model_new_conv:__call__:491 - Up block 2
2026-05-29 08:11:17.516 | INFO     | models.demos.wormhole.stable_diffusion.tt.ttnn_functional_unet_2d_condition_model_new_conv:__call__:491 - Up block 3
2026-05-29 08:11:17.536 | INFO     | models.demos.wormhole.stable_diffusion.tt.ttnn_functional_unet_2d_condition_model_new_conv:__call__:406 - Down block 0
2026-05-29 08:11:17.541 | info     |              Op | act_block_h_override 2 is not a valid override for padded_output_height_ntiles_per_core 7, instead 1 was selected as closest valid option! (conv2d_utils.cpp:401)
2026-05-29 08:11:17.541 | INFO     | models.demos.wormhole.stable_diffusion.tt.ttnn_functional_unet_2d_condition_model_new_conv:__call__:406 - Down block 1
2026-05-29 08:11:17.547 | INFO     | models.demos.wormhole.stable_diffusion.tt.ttnn_functional_unet_2d_condition_model_new_conv:__call__:406 - Down block 2
2026-05-29 08:11:17.550 | INFO     | models.demos.wormhole.stable_diffusion.tt.ttnn_functional_unet_2d_condition_model_new_conv:__call__:406 - Down block 3
2026-05-29 08:11:17.551 | INFO     | models.demos.wormhole.stable_diffusion.tt.ttnn_functional_unet_2d_condition_model_new_conv:__call__:460 - Mid block
2026-05-29 08:11:17.551 | warning  |              Op | Mismatch between computed MemoryConfig(memory_layout=TensorMemoryLayout::BLOCK_SHARDED,buffer_type=BufferType::L1,shard_spec=ShardSpec(grid={[(x=0,y=0) - (x=7,y=3)]},shape={32, 160},orientation=ShardOrientation::ROW_MAJOR),nd_shard_spec=NdShardSpec(shard_shape=Shape([32, 160]),grid={[(x=0,y=0) - (x=7,y=3)]},orientation=ShardOrientation::ROW_MAJOR,shard_distribution_strategy=ShardDistributionStrategy::GRID_2D),created_with_nd_shard_spec=0) and provided MemoryConfig(memory_layout=TensorMemoryLayout::BLOCK_SHARDED,buffer_type=BufferType::L1,shard_spec=ShardSpec(grid={[(x=0,y=0) - (x=7,y=7)]},shape={32, 160},orientation=ShardOrientation::ROW_MAJOR),nd_shard_spec=std::nullopt,created_with_nd_shard_spec=0) mem config. Using computed config. (matmul_op.cpp:1674)
2026-05-29 08:11:17.553 | INFO     | models.demos.wormhole.stable_diffusion.tt.ttnn_functional_unet_2d_condition_model_new_conv:__call__:491 - Up block 0
2026-05-29 08:11:17.554 | INFO     | models.demos.wormhole.stable_diffusion.tt.ttnn_functional_unet_2d_condition_model_new_conv:__call__:491 - Up block 1
2026-05-29 08:11:17.559 | INFO     | models.demos.wormhole.stable_diffusion.tt.ttnn_functional_unet_2d_condition_model_new_conv:__call__:491 - Up block 2
2026-05-29 08:11:17.567 | INFO     | models.demos.wormhole.stable_diffusion.tt.ttnn_functional_unet_2d_condition_model_new_conv:__call__:491 - Up block 3
2026-05-29 08:11:17.587 | INFO     | models.demos.wormhole.stable_diffusion.tt.ttnn_functional_unet_2d_condition_model_new_conv:__call__:406 - Down block 0
2026-05-29 08:11:17.593 | info     |              Op | act_block_h_override 2 is not a valid override for padded_output_height_ntiles_per_core 7, instead 1 was selected as closest valid option! (conv2d_utils.cpp:401)
2026-05-29 08:11:17.593 | INFO     | models.demos.wormhole.stable_diffusion.tt.ttnn_functional_unet_2d_condition_model_new_conv:__call__:406 - Down block 1
2026-05-29 08:11:17.599 | INFO     | models.demos.wormhole.stable_diffusion.tt.ttnn_functional_unet_2d_condition_model_new_conv:__call__:406 - Down block 2
2026-05-29 08:11:17.602 | INFO     | models.demos.wormhole.stable_diffusion.tt.ttnn_functional_unet_2d_condition_model_new_conv:__call__:406 - Down block 3
2026-05-29 08:11:17.603 | INFO     | models.demos.wormhole.stable_diffusion.tt.ttnn_functional_unet_2d_condition_model_new_conv:__call__:460 - Mid block
2026-05-29 08:11:17.604 | warning  |              Op | Mismatch between computed MemoryConfig(memory_layout=TensorMemoryLayout::BLOCK_SHARDED,buffer_type=BufferType::L1,shard_spec=ShardSpec(grid={[(x=0,y=0) - (x=7,y=3)]},shape={32, 160},orientation=ShardOrientation::ROW_MAJOR),nd_shard_spec=NdShardSpec(shard_shape=Shape([32, 160]),grid={[(x=0,y=0) - (x=7,y=3)]},orientation=ShardOrientation::ROW_MAJOR,shard_distribution_strategy=ShardDistributionStrategy::GRID_2D),created_with_nd_shard_spec=0) and provided MemoryConfig(memory_layout=TensorMemoryLayout::BLOCK_SHARDED,buffer_type=BufferType::L1,shard_spec=ShardSpec(grid={[(x=0,y=0) - (x=7,y=7)]},shape={32, 160},orientation=ShardOrientation::ROW_MAJOR),nd_shard_spec=std::nullopt,created_with_nd_shard_spec=0) mem config. Using computed config. (matmul_op.cpp:1674)
2026-05-29 08:11:17.605 | INFO     | models.demos.wormhole.stable_diffusion.tt.ttnn_functional_unet_2d_condition_model_new_conv:__call__:491 - Up block 0
2026-05-29 08:11:17.606 | INFO     | models.demos.wormhole.stable_diffusion.tt.ttnn_functional_unet_2d_condition_model_new_conv:__call__:491 - Up block 1
2026-05-29 08:11:17.611 | INFO     | models.demos.wormhole.stable_diffusion.tt.ttnn_functional_unet_2d_condition_model_new_conv:__call__:491 - Up block 2
2026-05-29 08:11:17.620 | INFO     | models.demos.wormhole.stable_diffusion.tt.ttnn_functional_unet_2d_condition_model_new_conv:__call__:491 - Up block 3
  Step 25/41
2026-05-29 08:11:17.642 | INFO     | models.demos.wormhole.stable_diffusion.tt.ttnn_functional_unet_2d_condition_model_new_conv:__call__:406 - Down block 0
2026-05-29 08:11:17.647 | info     |              Op | act_block_h_override 2 is not a valid override for padded_output_height_ntiles_per_core 7, instead 1 was selected as closest valid option! (conv2d_utils.cpp:401)
2026-05-29 08:11:17.648 | INFO     | models.demos.wormhole.stable_diffusion.tt.ttnn_functional_unet_2d_condition_model_new_conv:__call__:406 - Down block 1
2026-05-29 08:11:17.653 | INFO     | models.demos.wormhole.stable_diffusion.tt.ttnn_functional_unet_2d_condition_model_new_conv:__call__:406 - Down block 2
2026-05-29 08:11:17.657 | INFO     | models.demos.wormhole.stable_diffusion.tt.ttnn_functional_unet_2d_condition_model_new_conv:__call__:406 - Down block 3
2026-05-29 08:11:17.657 | INFO     | models.demos.wormhole.stable_diffusion.tt.ttnn_functional_unet_2d_condition_model_new_conv:__call__:460 - Mid block
2026-05-29 08:11:17.658 | warning  |              Op | Mismatch between computed MemoryConfig(memory_layout=TensorMemoryLayout::BLOCK_SHARDED,buffer_type=BufferType::L1,shard_spec=ShardSpec(grid={[(x=0,y=0) - (x=7,y=3)]},shape={32, 160},orientation=ShardOrientation::ROW_MAJOR),nd_shard_spec=NdShardSpec(shard_shape=Shape([32, 160]),grid={[(x=0,y=0) - (x=7,y=3)]},orientation=ShardOrientation::ROW_MAJOR,shard_distribution_strategy=ShardDistributionStrategy::GRID_2D),created_with_nd_shard_spec=0) and provided MemoryConfig(memory_layout=TensorMemoryLayout::BLOCK_SHARDED,buffer_type=BufferType::L1,shard_spec=ShardSpec(grid={[(x=0,y=0) - (x=7,y=7)]},shape={32, 160},orientation=ShardOrientation::ROW_MAJOR),nd_shard_spec=std::nullopt,created_with_nd_shard_spec=0) mem config. Using computed config. (matmul_op.cpp:1674)
2026-05-29 08:11:17.659 | INFO     | models.demos.wormhole.stable_diffusion.tt.ttnn_functional_unet_2d_condition_model_new_conv:__call__:491 - Up block 0
2026-05-29 08:11:17.661 | INFO     | models.demos.wormhole.stable_diffusion.tt.ttnn_functional_unet_2d_condition_model_new_conv:__call__:491 - Up block 1
2026-05-29 08:11:17.666 | INFO     | models.demos.wormhole.stable_diffusion.tt.ttnn_functional_unet_2d_condition_model_new_conv:__call__:491 - Up block 2
2026-05-29 08:11:17.674 | INFO     | models.demos.wormhole.stable_diffusion.tt.ttnn_functional_unet_2d_condition_model_new_conv:__call__:491 - Up block 3
2026-05-29 08:11:17.694 | INFO     | models.demos.wormhole.stable_diffusion.tt.ttnn_functional_unet_2d_condition_model_new_conv:__call__:406 - Down block 0
2026-05-29 08:11:17.699 | info     |              Op | act_block_h_override 2 is not a valid override for padded_output_height_ntiles_per_core 7, instead 1 was selected as closest valid option! (conv2d_utils.cpp:401)
2026-05-29 08:11:17.700 | INFO     | models.demos.wormhole.stable_diffusion.tt.ttnn_functional_unet_2d_condition_model_new_conv:__call__:406 - Down block 1
2026-05-29 08:11:17.705 | INFO     | models.demos.wormhole.stable_diffusion.tt.ttnn_functional_unet_2d_condition_model_new_conv:__call__:406 - Down block 2
2026-05-29 08:11:17.708 | INFO     | models.demos.wormhole.stable_diffusion.tt.ttnn_functional_unet_2d_condition_model_new_conv:__call__:406 - Down block 3
2026-05-29 08:11:17.709 | INFO     | models.demos.wormhole.stable_diffusion.tt.ttnn_functional_unet_2d_condition_model_new_conv:__call__:460 - Mid block
2026-05-29 08:11:17.710 | warning  |              Op | Mismatch between computed MemoryConfig(memory_layout=TensorMemoryLayout::BLOCK_SHARDED,buffer_type=BufferType::L1,shard_spec=ShardSpec(grid={[(x=0,y=0) - (x=7,y=3)]},shape={32, 160},orientation=ShardOrientation::ROW_MAJOR),nd_shard_spec=NdShardSpec(shard_shape=Shape([32, 160]),grid={[(x=0,y=0) - (x=7,y=3)]},orientation=ShardOrientation::ROW_MAJOR,shard_distribution_strategy=ShardDistributionStrategy::GRID_2D),created_with_nd_shard_spec=0) and provided MemoryConfig(memory_layout=TensorMemoryLayout::BLOCK_SHARDED,buffer_type=BufferType::L1,shard_spec=ShardSpec(grid={[(x=0,y=0) - (x=7,y=7)]},shape={32, 160},orientation=ShardOrientation::ROW_MAJOR),nd_shard_spec=std::nullopt,created_with_nd_shard_spec=0) mem config. Using computed config. (matmul_op.cpp:1674)
2026-05-29 08:11:17.711 | INFO     | models.demos.wormhole.stable_diffusion.tt.ttnn_functional_unet_2d_condition_model_new_conv:__call__:491 - Up block 0
2026-05-29 08:11:17.713 | INFO     | models.demos.wormhole.stable_diffusion.tt.ttnn_functional_unet_2d_condition_model_new_conv:__call__:491 - Up block 1
2026-05-29 08:11:17.718 | INFO     | models.demos.wormhole.stable_diffusion.tt.ttnn_functional_unet_2d_condition_model_new_conv:__call__:491 - Up block 2
2026-05-29 08:11:17.726 | INFO     | models.demos.wormhole.stable_diffusion.tt.ttnn_functional_unet_2d_condition_model_new_conv:__call__:491 - Up block 3
2026-05-29 08:11:17.746 | INFO     | models.demos.wormhole.stable_diffusion.tt.ttnn_functional_unet_2d_condition_model_new_conv:__call__:406 - Down block 0
2026-05-29 08:11:17.752 | info     |              Op | act_block_h_override 2 is not a valid override for padded_output_height_ntiles_per_core 7, instead 1 was selected as closest valid option! (conv2d_utils.cpp:401)
2026-05-29 08:11:17.752 | INFO     | models.demos.wormhole.stable_diffusion.tt.ttnn_functional_unet_2d_condition_model_new_conv:__call__:406 - Down block 1
2026-05-29 08:11:17.757 | INFO     | models.demos.wormhole.stable_diffusion.tt.ttnn_functional_unet_2d_condition_model_new_conv:__call__:406 - Down block 2
2026-05-29 08:11:17.761 | INFO     | models.demos.wormhole.stable_diffusion.tt.ttnn_functional_unet_2d_condition_model_new_conv:__call__:406 - Down block 3
2026-05-29 08:11:17.761 | INFO     | models.demos.wormhole.stable_diffusion.tt.ttnn_functional_unet_2d_condition_model_new_conv:__call__:460 - Mid block
2026-05-29 08:11:17.762 | warning  |              Op | Mismatch between computed MemoryConfig(memory_layout=TensorMemoryLayout::BLOCK_SHARDED,buffer_type=BufferType::L1,shard_spec=ShardSpec(grid={[(x=0,y=0) - (x=7,y=3)]},shape={32, 160},orientation=ShardOrientation::ROW_MAJOR),nd_shard_spec=NdShardSpec(shard_shape=Shape([32, 160]),grid={[(x=0,y=0) - (x=7,y=3)]},orientation=ShardOrientation::ROW_MAJOR,shard_distribution_strategy=ShardDistributionStrategy::GRID_2D),created_with_nd_shard_spec=0) and provided MemoryConfig(memory_layout=TensorMemoryLayout::BLOCK_SHARDED,buffer_type=BufferType::L1,shard_spec=ShardSpec(grid={[(x=0,y=0) - (x=7,y=7)]},shape={32, 160},orientation=ShardOrientation::ROW_MAJOR),nd_shard_spec=std::nullopt,created_with_nd_shard_spec=0) mem config. Using computed config. (matmul_op.cpp:1674)
2026-05-29 08:11:17.763 | INFO     | models.demos.wormhole.stable_diffusion.tt.ttnn_functional_unet_2d_condition_model_new_conv:__call__:491 - Up block 0
2026-05-29 08:11:17.764 | INFO     | models.demos.wormhole.stable_diffusion.tt.ttnn_functional_unet_2d_condition_model_new_conv:__call__:491 - Up block 1
2026-05-29 08:11:17.769 | INFO     | models.demos.wormhole.stable_diffusion.tt.ttnn_functional_unet_2d_condition_model_new_conv:__call__:491 - Up block 2
2026-05-29 08:11:17.778 | INFO     | models.demos.wormhole.stable_diffusion.tt.ttnn_functional_unet_2d_condition_model_new_conv:__call__:491 - Up block 3
2026-05-29 08:11:17.798 | INFO     | models.demos.wormhole.stable_diffusion.tt.ttnn_functional_unet_2d_condition_model_new_conv:__call__:406 - Down block 0
2026-05-29 08:11:17.803 | info     |              Op | act_block_h_override 2 is not a valid override for padded_output_height_ntiles_per_core 7, instead 1 was selected as closest valid option! (conv2d_utils.cpp:401)
2026-05-29 08:11:17.804 | INFO     | models.demos.wormhole.stable_diffusion.tt.ttnn_functional_unet_2d_condition_model_new_conv:__call__:406 - Down block 1
2026-05-29 08:11:17.809 | INFO     | models.demos.wormhole.stable_diffusion.tt.ttnn_functional_unet_2d_condition_model_new_conv:__call__:406 - Down block 2
2026-05-29 08:11:17.812 | INFO     | models.demos.wormhole.stable_diffusion.tt.ttnn_functional_unet_2d_condition_model_new_conv:__call__:406 - Down block 3
2026-05-29 08:11:17.813 | INFO     | models.demos.wormhole.stable_diffusion.tt.ttnn_functional_unet_2d_condition_model_new_conv:__call__:460 - Mid block
2026-05-29 08:11:17.813 | warning  |              Op | Mismatch between computed MemoryConfig(memory_layout=TensorMemoryLayout::BLOCK_SHARDED,buffer_type=BufferType::L1,shard_spec=ShardSpec(grid={[(x=0,y=0) - (x=7,y=3)]},shape={32, 160},orientation=ShardOrientation::ROW_MAJOR),nd_shard_spec=NdShardSpec(shard_shape=Shape([32, 160]),grid={[(x=0,y=0) - (x=7,y=3)]},orientation=ShardOrientation::ROW_MAJOR,shard_distribution_strategy=ShardDistributionStrategy::GRID_2D),created_with_nd_shard_spec=0) and provided MemoryConfig(memory_layout=TensorMemoryLayout::BLOCK_SHARDED,buffer_type=BufferType::L1,shard_spec=ShardSpec(grid={[(x=0,y=0) - (x=7,y=7)]},shape={32, 160},orientation=ShardOrientation::ROW_MAJOR),nd_shard_spec=std::nullopt,created_with_nd_shard_spec=0) mem config. Using computed config. (matmul_op.cpp:1674)
2026-05-29 08:11:17.815 | INFO     | models.demos.wormhole.stable_diffusion.tt.ttnn_functional_unet_2d_condition_model_new_conv:__call__:491 - Up block 0
2026-05-29 08:11:17.816 | INFO     | models.demos.wormhole.stable_diffusion.tt.ttnn_functional_unet_2d_condition_model_new_conv:__call__:491 - Up block 1
2026-05-29 08:11:17.821 | INFO     | models.demos.wormhole.stable_diffusion.tt.ttnn_functional_unet_2d_condition_model_new_conv:__call__:491 - Up block 2
2026-05-29 08:11:17.829 | INFO     | models.demos.wormhole.stable_diffusion.tt.ttnn_functional_unet_2d_condition_model_new_conv:__call__:491 - Up block 3
2026-05-29 08:11:17.850 | INFO     | models.demos.wormhole.stable_diffusion.tt.ttnn_functional_unet_2d_condition_model_new_conv:__call__:406 - Down block 0
2026-05-29 08:11:17.855 | info     |              Op | act_block_h_override 2 is not a valid override for padded_output_height_ntiles_per_core 7, instead 1 was selected as closest valid option! (conv2d_utils.cpp:401)
2026-05-29 08:11:17.856 | INFO     | models.demos.wormhole.stable_diffusion.tt.ttnn_functional_unet_2d_condition_model_new_conv:__call__:406 - Down block 1
2026-05-29 08:11:17.861 | INFO     | models.demos.wormhole.stable_diffusion.tt.ttnn_functional_unet_2d_condition_model_new_conv:__call__:406 - Down block 2
2026-05-29 08:11:17.865 | INFO     | models.demos.wormhole.stable_diffusion.tt.ttnn_functional_unet_2d_condition_model_new_conv:__call__:406 - Down block 3
2026-05-29 08:11:17.866 | INFO     | models.demos.wormhole.stable_diffusion.tt.ttnn_functional_unet_2d_condition_model_new_conv:__call__:460 - Mid block
2026-05-29 08:11:17.866 | warning  |              Op | Mismatch between computed MemoryConfig(memory_layout=TensorMemoryLayout::BLOCK_SHARDED,buffer_type=BufferType::L1,shard_spec=ShardSpec(grid={[(x=0,y=0) - (x=7,y=3)]},shape={32, 160},orientation=ShardOrientation::ROW_MAJOR),nd_shard_spec=NdShardSpec(shard_shape=Shape([32, 160]),grid={[(x=0,y=0) - (x=7,y=3)]},orientation=ShardOrientation::ROW_MAJOR,shard_distribution_strategy=ShardDistributionStrategy::GRID_2D),created_with_nd_shard_spec=0) and provided MemoryConfig(memory_layout=TensorMemoryLayout::BLOCK_SHARDED,buffer_type=BufferType::L1,shard_spec=ShardSpec(grid={[(x=0,y=0) - (x=7,y=7)]},shape={32, 160},orientation=ShardOrientation::ROW_MAJOR),nd_shard_spec=std::nullopt,created_with_nd_shard_spec=0) mem config. Using computed config. (matmul_op.cpp:1674)
2026-05-29 08:11:17.868 | INFO     | models.demos.wormhole.stable_diffusion.tt.ttnn_functional_unet_2d_condition_model_new_conv:__call__:491 - Up block 0
2026-05-29 08:11:17.869 | INFO     | models.demos.wormhole.stable_diffusion.tt.ttnn_functional_unet_2d_condition_model_new_conv:__call__:491 - Up block 1
2026-05-29 08:11:17.874 | INFO     | models.demos.wormhole.stable_diffusion.tt.ttnn_functional_unet_2d_condition_model_new_conv:__call__:491 - Up block 2
2026-05-29 08:11:17.883 | INFO     | models.demos.wormhole.stable_diffusion.tt.ttnn_functional_unet_2d_condition_model_new_conv:__call__:491 - Up block 3
2026-05-29 08:11:17.903 | INFO     | models.demos.wormhole.stable_diffusion.tt.ttnn_functional_unet_2d_condition_model_new_conv:__call__:406 - Down block 0
2026-05-29 08:11:17.908 | info     |              Op | act_block_h_override 2 is not a valid override for padded_output_height_ntiles_per_core 7, instead 1 was selected as closest valid option! (conv2d_utils.cpp:401)
2026-05-29 08:11:17.908 | INFO     | models.demos.wormhole.stable_diffusion.tt.ttnn_functional_unet_2d_condition_model_new_conv:__call__:406 - Down block 1
2026-05-29 08:11:17.914 | INFO     | models.demos.wormhole.stable_diffusion.tt.ttnn_functional_unet_2d_condition_model_new_conv:__call__:406 - Down block 2
2026-05-29 08:11:17.917 | INFO     | models.demos.wormhole.stable_diffusion.tt.ttnn_functional_unet_2d_condition_model_new_conv:__call__:406 - Down block 3
2026-05-29 08:11:17.918 | INFO     | models.demos.wormhole.stable_diffusion.tt.ttnn_functional_unet_2d_condition_model_new_conv:__call__:460 - Mid block
2026-05-29 08:11:17.918 | warning  |              Op | Mismatch between computed MemoryConfig(memory_layout=TensorMemoryLayout::BLOCK_SHARDED,buffer_type=BufferType::L1,shard_spec=ShardSpec(grid={[(x=0,y=0) - (x=7,y=3)]},shape={32, 160},orientation=ShardOrientation::ROW_MAJOR),nd_shard_spec=NdShardSpec(shard_shape=Shape([32, 160]),grid={[(x=0,y=0) - (x=7,y=3)]},orientation=ShardOrientation::ROW_MAJOR,shard_distribution_strategy=ShardDistributionStrategy::GRID_2D),created_with_nd_shard_spec=0) and provided MemoryConfig(memory_layout=TensorMemoryLayout::BLOCK_SHARDED,buffer_type=BufferType::L1,shard_spec=ShardSpec(grid={[(x=0,y=0) - (x=7,y=7)]},shape={32, 160},orientation=ShardOrientation::ROW_MAJOR),nd_shard_spec=std::nullopt,created_with_nd_shard_spec=0) mem config. Using computed config. (matmul_op.cpp:1674)
2026-05-29 08:11:17.920 | INFO     | models.demos.wormhole.stable_diffusion.tt.ttnn_functional_unet_2d_condition_model_new_conv:__call__:491 - Up block 0
2026-05-29 08:11:17.921 | INFO     | models.demos.wormhole.stable_diffusion.tt.ttnn_functional_unet_2d_condition_model_new_conv:__call__:491 - Up block 1
2026-05-29 08:11:17.926 | INFO     | models.demos.wormhole.stable_diffusion.tt.ttnn_functional_unet_2d_condition_model_new_conv:__call__:491 - Up block 2
2026-05-29 08:11:17.934 | INFO     | models.demos.wormhole.stable_diffusion.tt.ttnn_functional_unet_2d_condition_model_new_conv:__call__:491 - Up block 3
2026-05-29 08:11:17.954 | INFO     | models.demos.wormhole.stable_diffusion.tt.ttnn_functional_unet_2d_condition_model_new_conv:__call__:406 - Down block 0
2026-05-29 08:11:17.960 | info     |              Op | act_block_h_override 2 is not a valid override for padded_output_height_ntiles_per_core 7, instead 1 was selected as closest valid option! (conv2d_utils.cpp:401)
2026-05-29 08:11:17.960 | INFO     | models.demos.wormhole.stable_diffusion.tt.ttnn_functional_unet_2d_condition_model_new_conv:__call__:406 - Down block 1
2026-05-29 08:11:17.966 | INFO     | models.demos.wormhole.stable_diffusion.tt.ttnn_functional_unet_2d_condition_model_new_conv:__call__:406 - Down block 2
2026-05-29 08:11:17.969 | INFO     | models.demos.wormhole.stable_diffusion.tt.ttnn_functional_unet_2d_condition_model_new_conv:__call__:406 - Down block 3
2026-05-29 08:11:17.970 | INFO     | models.demos.wormhole.stable_diffusion.tt.ttnn_functional_unet_2d_condition_model_new_conv:__call__:460 - Mid block
2026-05-29 08:11:17.971 | warning  |              Op | Mismatch between computed MemoryConfig(memory_layout=TensorMemoryLayout::BLOCK_SHARDED,buffer_type=BufferType::L1,shard_spec=ShardSpec(grid={[(x=0,y=0) - (x=7,y=3)]},shape={32, 160},orientation=ShardOrientation::ROW_MAJOR),nd_shard_spec=NdShardSpec(shard_shape=Shape([32, 160]),grid={[(x=0,y=0) - (x=7,y=3)]},orientation=ShardOrientation::ROW_MAJOR,shard_distribution_strategy=ShardDistributionStrategy::GRID_2D),created_with_nd_shard_spec=0) and provided MemoryConfig(memory_layout=TensorMemoryLayout::BLOCK_SHARDED,buffer_type=BufferType::L1,shard_spec=ShardSpec(grid={[(x=0,y=0) - (x=7,y=7)]},shape={32, 160},orientation=ShardOrientation::ROW_MAJOR),nd_shard_spec=std::nullopt,created_with_nd_shard_spec=0) mem config. Using computed config. (matmul_op.cpp:1674)
2026-05-29 08:11:17.972 | INFO     | models.demos.wormhole.stable_diffusion.tt.ttnn_functional_unet_2d_condition_model_new_conv:__call__:491 - Up block 0
2026-05-29 08:11:17.973 | INFO     | models.demos.wormhole.stable_diffusion.tt.ttnn_functional_unet_2d_condition_model_new_conv:__call__:491 - Up block 1
2026-05-29 08:11:17.979 | INFO     | models.demos.wormhole.stable_diffusion.tt.ttnn_functional_unet_2d_condition_model_new_conv:__call__:491 - Up block 2
2026-05-29 08:11:17.987 | INFO     | models.demos.wormhole.stable_diffusion.tt.ttnn_functional_unet_2d_condition_model_new_conv:__call__:491 - Up block 3
2026-05-29 08:11:18.007 | INFO     | models.demos.wormhole.stable_diffusion.tt.ttnn_functional_unet_2d_condition_model_new_conv:__call__:406 - Down block 0
2026-05-29 08:11:18.013 | info     |              Op | act_block_h_override 2 is not a valid override for padded_output_height_ntiles_per_core 7, instead 1 was selected as closest valid option! (conv2d_utils.cpp:401)
2026-05-29 08:11:18.013 | INFO     | models.demos.wormhole.stable_diffusion.tt.ttnn_functional_unet_2d_condition_model_new_conv:__call__:406 - Down block 1
2026-05-29 08:11:18.018 | INFO     | models.demos.wormhole.stable_diffusion.tt.ttnn_functional_unet_2d_condition_model_new_conv:__call__:406 - Down block 2
2026-05-29 08:11:18.022 | INFO     | models.demos.wormhole.stable_diffusion.tt.ttnn_functional_unet_2d_condition_model_new_conv:__call__:406 - Down block 3
2026-05-29 08:11:18.023 | INFO     | models.demos.wormhole.stable_diffusion.tt.ttnn_functional_unet_2d_condition_model_new_conv:__call__:460 - Mid block
2026-05-29 08:11:18.023 | warning  |              Op | Mismatch between computed MemoryConfig(memory_layout=TensorMemoryLayout::BLOCK_SHARDED,buffer_type=BufferType::L1,shard_spec=ShardSpec(grid={[(x=0,y=0) - (x=7,y=3)]},shape={32, 160},orientation=ShardOrientation::ROW_MAJOR),nd_shard_spec=NdShardSpec(shard_shape=Shape([32, 160]),grid={[(x=0,y=0) - (x=7,y=3)]},orientation=ShardOrientation::ROW_MAJOR,shard_distribution_strategy=ShardDistributionStrategy::GRID_2D),created_with_nd_shard_spec=0) and provided MemoryConfig(memory_layout=TensorMemoryLayout::BLOCK_SHARDED,buffer_type=BufferType::L1,shard_spec=ShardSpec(grid={[(x=0,y=0) - (x=7,y=7)]},shape={32, 160},orientation=ShardOrientation::ROW_MAJOR),nd_shard_spec=std::nullopt,created_with_nd_shard_spec=0) mem config. Using computed config. (matmul_op.cpp:1674)
2026-05-29 08:11:18.025 | INFO     | models.demos.wormhole.stable_diffusion.tt.ttnn_functional_unet_2d_condition_model_new_conv:__call__:491 - Up block 0
2026-05-29 08:11:18.026 | INFO     | models.demos.wormhole.stable_diffusion.tt.ttnn_functional_unet_2d_condition_model_new_conv:__call__:491 - Up block 1
2026-05-29 08:11:18.031 | INFO     | models.demos.wormhole.stable_diffusion.tt.ttnn_functional_unet_2d_condition_model_new_conv:__call__:491 - Up block 2
2026-05-29 08:11:18.039 | INFO     | models.demos.wormhole.stable_diffusion.tt.ttnn_functional_unet_2d_condition_model_new_conv:__call__:491 - Up block 3
  Step 26/41
2026-05-29 08:11:18.061 | INFO     | models.demos.wormhole.stable_diffusion.tt.ttnn_functional_unet_2d_condition_model_new_conv:__call__:406 - Down block 0
2026-05-29 08:11:18.067 | info     |              Op | act_block_h_override 2 is not a valid override for padded_output_height_ntiles_per_core 7, instead 1 was selected as closest valid option! (conv2d_utils.cpp:401)
2026-05-29 08:11:18.068 | INFO     | models.demos.wormhole.stable_diffusion.tt.ttnn_functional_unet_2d_condition_model_new_conv:__call__:406 - Down block 1
2026-05-29 08:11:18.073 | INFO     | models.demos.wormhole.stable_diffusion.tt.ttnn_functional_unet_2d_condition_model_new_conv:__call__:406 - Down block 2
2026-05-29 08:11:18.077 | INFO     | models.demos.wormhole.stable_diffusion.tt.ttnn_functional_unet_2d_condition_model_new_conv:__call__:406 - Down block 3
2026-05-29 08:11:18.078 | INFO     | models.demos.wormhole.stable_diffusion.tt.ttnn_functional_unet_2d_condition_model_new_conv:__call__:460 - Mid block
2026-05-29 08:11:18.078 | warning  |              Op | Mismatch between computed MemoryConfig(memory_layout=TensorMemoryLayout::BLOCK_SHARDED,buffer_type=BufferType::L1,shard_spec=ShardSpec(grid={[(x=0,y=0) - (x=7,y=3)]},shape={32, 160},orientation=ShardOrientation::ROW_MAJOR),nd_shard_spec=NdShardSpec(shard_shape=Shape([32, 160]),grid={[(x=0,y=0) - (x=7,y=3)]},orientation=ShardOrientation::ROW_MAJOR,shard_distribution_strategy=ShardDistributionStrategy::GRID_2D),created_with_nd_shard_spec=0) and provided MemoryConfig(memory_layout=TensorMemoryLayout::BLOCK_SHARDED,buffer_type=BufferType::L1,shard_spec=ShardSpec(grid={[(x=0,y=0) - (x=7,y=7)]},shape={32, 160},orientation=ShardOrientation::ROW_MAJOR),nd_shard_spec=std::nullopt,created_with_nd_shard_spec=0) mem config. Using computed config. (matmul_op.cpp:1674)
2026-05-29 08:11:18.080 | INFO     | models.demos.wormhole.stable_diffusion.tt.ttnn_functional_unet_2d_condition_model_new_conv:__call__:491 - Up block 0
2026-05-29 08:11:18.081 | INFO     | models.demos.wormhole.stable_diffusion.tt.ttnn_functional_unet_2d_condition_model_new_conv:__call__:491 - Up block 1
2026-05-29 08:11:18.086 | INFO     | models.demos.wormhole.stable_diffusion.tt.ttnn_functional_unet_2d_condition_model_new_conv:__call__:491 - Up block 2
2026-05-29 08:11:18.095 | INFO     | models.demos.wormhole.stable_diffusion.tt.ttnn_functional_unet_2d_condition_model_new_conv:__call__:491 - Up block 3
2026-05-29 08:11:18.115 | INFO     | models.demos.wormhole.stable_diffusion.tt.ttnn_functional_unet_2d_condition_model_new_conv:__call__:406 - Down block 0
2026-05-29 08:11:18.121 | info     |              Op | act_block_h_override 2 is not a valid override for padded_output_height_ntiles_per_core 7, instead 1 was selected as closest valid option! (conv2d_utils.cpp:401)
2026-05-29 08:11:18.121 | INFO     | models.demos.wormhole.stable_diffusion.tt.ttnn_functional_unet_2d_condition_model_new_conv:__call__:406 - Down block 1
2026-05-29 08:11:18.126 | INFO     | models.demos.wormhole.stable_diffusion.tt.ttnn_functional_unet_2d_condition_model_new_conv:__call__:406 - Down block 2
2026-05-29 08:11:18.130 | INFO     | models.demos.wormhole.stable_diffusion.tt.ttnn_functional_unet_2d_condition_model_new_conv:__call__:406 - Down block 3
2026-05-29 08:11:18.130 | INFO     | models.demos.wormhole.stable_diffusion.tt.ttnn_functional_unet_2d_condition_model_new_conv:__call__:460 - Mid block
2026-05-29 08:11:18.131 | warning  |              Op | Mismatch between computed MemoryConfig(memory_layout=TensorMemoryLayout::BLOCK_SHARDED,buffer_type=BufferType::L1,shard_spec=ShardSpec(grid={[(x=0,y=0) - (x=7,y=3)]},shape={32, 160},orientation=ShardOrientation::ROW_MAJOR),nd_shard_spec=NdShardSpec(shard_shape=Shape([32, 160]),grid={[(x=0,y=0) - (x=7,y=3)]},orientation=ShardOrientation::ROW_MAJOR,shard_distribution_strategy=ShardDistributionStrategy::GRID_2D),created_with_nd_shard_spec=0) and provided MemoryConfig(memory_layout=TensorMemoryLayout::BLOCK_SHARDED,buffer_type=BufferType::L1,shard_spec=ShardSpec(grid={[(x=0,y=0) - (x=7,y=7)]},shape={32, 160},orientation=ShardOrientation::ROW_MAJOR),nd_shard_spec=std::nullopt,created_with_nd_shard_spec=0) mem config. Using computed config. (matmul_op.cpp:1674)
2026-05-29 08:11:18.132 | INFO     | models.demos.wormhole.stable_diffusion.tt.ttnn_functional_unet_2d_condition_model_new_conv:__call__:491 - Up block 0
2026-05-29 08:11:18.134 | INFO     | models.demos.wormhole.stable_diffusion.tt.ttnn_functional_unet_2d_condition_model_new_conv:__call__:491 - Up block 1
2026-05-29 08:11:18.139 | INFO     | models.demos.wormhole.stable_diffusion.tt.ttnn_functional_unet_2d_condition_model_new_conv:__call__:491 - Up block 2
2026-05-29 08:11:18.147 | INFO     | models.demos.wormhole.stable_diffusion.tt.ttnn_functional_unet_2d_condition_model_new_conv:__call__:491 - Up block 3
2026-05-29 08:11:18.167 | INFO     | models.demos.wormhole.stable_diffusion.tt.ttnn_functional_unet_2d_condition_model_new_conv:__call__:406 - Down block 0
2026-05-29 08:11:18.172 | info     |              Op | act_block_h_override 2 is not a valid override for padded_output_height_ntiles_per_core 7, instead 1 was selected as closest valid option! (conv2d_utils.cpp:401)
2026-05-29 08:11:18.173 | INFO     | models.demos.wormhole.stable_diffusion.tt.ttnn_functional_unet_2d_condition_model_new_conv:__call__:406 - Down block 1
2026-05-29 08:11:18.178 | INFO     | models.demos.wormhole.stable_diffusion.tt.ttnn_functional_unet_2d_condition_model_new_conv:__call__:406 - Down block 2
2026-05-29 08:11:18.181 | INFO     | models.demos.wormhole.stable_diffusion.tt.ttnn_functional_unet_2d_condition_model_new_conv:__call__:406 - Down block 3
2026-05-29 08:11:18.182 | INFO     | models.demos.wormhole.stable_diffusion.tt.ttnn_functional_unet_2d_condition_model_new_conv:__call__:460 - Mid block
2026-05-29 08:11:18.182 | warning  |              Op | Mismatch between computed MemoryConfig(memory_layout=TensorMemoryLayout::BLOCK_SHARDED,buffer_type=BufferType::L1,shard_spec=ShardSpec(grid={[(x=0,y=0) - (x=7,y=3)]},shape={32, 160},orientation=ShardOrientation::ROW_MAJOR),nd_shard_spec=NdShardSpec(shard_shape=Shape([32, 160]),grid={[(x=0,y=0) - (x=7,y=3)]},orientation=ShardOrientation::ROW_MAJOR,shard_distribution_strategy=ShardDistributionStrategy::GRID_2D),created_with_nd_shard_spec=0) and provided MemoryConfig(memory_layout=TensorMemoryLayout::BLOCK_SHARDED,buffer_type=BufferType::L1,shard_spec=ShardSpec(grid={[(x=0,y=0) - (x=7,y=7)]},shape={32, 160},orientation=ShardOrientation::ROW_MAJOR),nd_shard_spec=std::nullopt,created_with_nd_shard_spec=0) mem config. Using computed config. (matmul_op.cpp:1674)
2026-05-29 08:11:18.184 | INFO     | models.demos.wormhole.stable_diffusion.tt.ttnn_functional_unet_2d_condition_model_new_conv:__call__:491 - Up block 0
2026-05-29 08:11:18.185 | INFO     | models.demos.wormhole.stable_diffusion.tt.ttnn_functional_unet_2d_condition_model_new_conv:__call__:491 - Up block 1
2026-05-29 08:11:18.190 | INFO     | models.demos.wormhole.stable_diffusion.tt.ttnn_functional_unet_2d_condition_model_new_conv:__call__:491 - Up block 2
2026-05-29 08:11:18.198 | INFO     | models.demos.wormhole.stable_diffusion.tt.ttnn_functional_unet_2d_condition_model_new_conv:__call__:491 - Up block 3
2026-05-29 08:11:18.219 | INFO     | models.demos.wormhole.stable_diffusion.tt.ttnn_functional_unet_2d_condition_model_new_conv:__call__:406 - Down block 0
2026-05-29 08:11:18.224 | info     |              Op | act_block_h_override 2 is not a valid override for padded_output_height_ntiles_per_core 7, instead 1 was selected as closest valid option! (conv2d_utils.cpp:401)
2026-05-29 08:11:18.224 | INFO     | models.demos.wormhole.stable_diffusion.tt.ttnn_functional_unet_2d_condition_model_new_conv:__call__:406 - Down block 1
2026-05-29 08:11:18.230 | INFO     | models.demos.wormhole.stable_diffusion.tt.ttnn_functional_unet_2d_condition_model_new_conv:__call__:406 - Down block 2
2026-05-29 08:11:18.233 | INFO     | models.demos.wormhole.stable_diffusion.tt.ttnn_functional_unet_2d_condition_model_new_conv:__call__:406 - Down block 3
2026-05-29 08:11:18.234 | INFO     | models.demos.wormhole.stable_diffusion.tt.ttnn_functional_unet_2d_condition_model_new_conv:__call__:460 - Mid block
2026-05-29 08:11:18.234 | warning  |              Op | Mismatch between computed MemoryConfig(memory_layout=TensorMemoryLayout::BLOCK_SHARDED,buffer_type=BufferType::L1,shard_spec=ShardSpec(grid={[(x=0,y=0) - (x=7,y=3)]},shape={32, 160},orientation=ShardOrientation::ROW_MAJOR),nd_shard_spec=NdShardSpec(shard_shape=Shape([32, 160]),grid={[(x=0,y=0) - (x=7,y=3)]},orientation=ShardOrientation::ROW_MAJOR,shard_distribution_strategy=ShardDistributionStrategy::GRID_2D),created_with_nd_shard_spec=0) and provided MemoryConfig(memory_layout=TensorMemoryLayout::BLOCK_SHARDED,buffer_type=BufferType::L1,shard_spec=ShardSpec(grid={[(x=0,y=0) - (x=7,y=7)]},shape={32, 160},orientation=ShardOrientation::ROW_MAJOR),nd_shard_spec=std::nullopt,created_with_nd_shard_spec=0) mem config. Using computed config. (matmul_op.cpp:1674)
2026-05-29 08:11:18.236 | INFO     | models.demos.wormhole.stable_diffusion.tt.ttnn_functional_unet_2d_condition_model_new_conv:__call__:491 - Up block 0
2026-05-29 08:11:18.237 | INFO     | models.demos.wormhole.stable_diffusion.tt.ttnn_functional_unet_2d_condition_model_new_conv:__call__:491 - Up block 1
2026-05-29 08:11:18.242 | INFO     | models.demos.wormhole.stable_diffusion.tt.ttnn_functional_unet_2d_condition_model_new_conv:__call__:491 - Up block 2
2026-05-29 08:11:18.250 | INFO     | models.demos.wormhole.stable_diffusion.tt.ttnn_functional_unet_2d_condition_model_new_conv:__call__:491 - Up block 3
2026-05-29 08:11:18.270 | INFO     | models.demos.wormhole.stable_diffusion.tt.ttnn_functional_unet_2d_condition_model_new_conv:__call__:406 - Down block 0
2026-05-29 08:11:18.276 | info     |              Op | act_block_h_override 2 is not a valid override for padded_output_height_ntiles_per_core 7, instead 1 was selected as closest valid option! (conv2d_utils.cpp:401)
2026-05-29 08:11:18.276 | INFO     | models.demos.wormhole.stable_diffusion.tt.ttnn_functional_unet_2d_condition_model_new_conv:__call__:406 - Down block 1
2026-05-29 08:11:18.282 | INFO     | models.demos.wormhole.stable_diffusion.tt.ttnn_functional_unet_2d_condition_model_new_conv:__call__:406 - Down block 2
2026-05-29 08:11:18.285 | INFO     | models.demos.wormhole.stable_diffusion.tt.ttnn_functional_unet_2d_condition_model_new_conv:__call__:406 - Down block 3
2026-05-29 08:11:18.286 | INFO     | models.demos.wormhole.stable_diffusion.tt.ttnn_functional_unet_2d_condition_model_new_conv:__call__:460 - Mid block
2026-05-29 08:11:18.286 | warning  |              Op | Mismatch between computed MemoryConfig(memory_layout=TensorMemoryLayout::BLOCK_SHARDED,buffer_type=BufferType::L1,shard_spec=ShardSpec(grid={[(x=0,y=0) - (x=7,y=3)]},shape={32, 160},orientation=ShardOrientation::ROW_MAJOR),nd_shard_spec=NdShardSpec(shard_shape=Shape([32, 160]),grid={[(x=0,y=0) - (x=7,y=3)]},orientation=ShardOrientation::ROW_MAJOR,shard_distribution_strategy=ShardDistributionStrategy::GRID_2D),created_with_nd_shard_spec=0) and provided MemoryConfig(memory_layout=TensorMemoryLayout::BLOCK_SHARDED,buffer_type=BufferType::L1,shard_spec=ShardSpec(grid={[(x=0,y=0) - (x=7,y=7)]},shape={32, 160},orientation=ShardOrientation::ROW_MAJOR),nd_shard_spec=std::nullopt,created_with_nd_shard_spec=0) mem config. Using computed config. (matmul_op.cpp:1674)
2026-05-29 08:11:18.288 | INFO     | models.demos.wormhole.stable_diffusion.tt.ttnn_functional_unet_2d_condition_model_new_conv:__call__:491 - Up block 0
2026-05-29 08:11:18.289 | INFO     | models.demos.wormhole.stable_diffusion.tt.ttnn_functional_unet_2d_condition_model_new_conv:__call__:491 - Up block 1
2026-05-29 08:11:18.294 | INFO     | models.demos.wormhole.stable_diffusion.tt.ttnn_functional_unet_2d_condition_model_new_conv:__call__:491 - Up block 2
2026-05-29 08:11:18.302 | INFO     | models.demos.wormhole.stable_diffusion.tt.ttnn_functional_unet_2d_condition_model_new_conv:__call__:491 - Up block 3
2026-05-29 08:11:18.322 | INFO     | models.demos.wormhole.stable_diffusion.tt.ttnn_functional_unet_2d_condition_model_new_conv:__call__:406 - Down block 0
2026-05-29 08:11:18.328 | info     |              Op | act_block_h_override 2 is not a valid override for padded_output_height_ntiles_per_core 7, instead 1 was selected as closest valid option! (conv2d_utils.cpp:401)
2026-05-29 08:11:18.328 | INFO     | models.demos.wormhole.stable_diffusion.tt.ttnn_functional_unet_2d_condition_model_new_conv:__call__:406 - Down block 1
2026-05-29 08:11:18.334 | INFO     | models.demos.wormhole.stable_diffusion.tt.ttnn_functional_unet_2d_condition_model_new_conv:__call__:406 - Down block 2
2026-05-29 08:11:18.337 | INFO     | models.demos.wormhole.stable_diffusion.tt.ttnn_functional_unet_2d_condition_model_new_conv:__call__:406 - Down block 3
2026-05-29 08:11:18.338 | INFO     | models.demos.wormhole.stable_diffusion.tt.ttnn_functional_unet_2d_condition_model_new_conv:__call__:460 - Mid block
2026-05-29 08:11:18.338 | warning  |              Op | Mismatch between computed MemoryConfig(memory_layout=TensorMemoryLayout::BLOCK_SHARDED,buffer_type=BufferType::L1,shard_spec=ShardSpec(grid={[(x=0,y=0) - (x=7,y=3)]},shape={32, 160},orientation=ShardOrientation::ROW_MAJOR),nd_shard_spec=NdShardSpec(shard_shape=Shape([32, 160]),grid={[(x=0,y=0) - (x=7,y=3)]},orientation=ShardOrientation::ROW_MAJOR,shard_distribution_strategy=ShardDistributionStrategy::GRID_2D),created_with_nd_shard_spec=0) and provided MemoryConfig(memory_layout=TensorMemoryLayout::BLOCK_SHARDED,buffer_type=BufferType::L1,shard_spec=ShardSpec(grid={[(x=0,y=0) - (x=7,y=7)]},shape={32, 160},orientation=ShardOrientation::ROW_MAJOR),nd_shard_spec=std::nullopt,created_with_nd_shard_spec=0) mem config. Using computed config. (matmul_op.cpp:1674)
2026-05-29 08:11:18.340 | INFO     | models.demos.wormhole.stable_diffusion.tt.ttnn_functional_unet_2d_condition_model_new_conv:__call__:491 - Up block 0
2026-05-29 08:11:18.341 | INFO     | models.demos.wormhole.stable_diffusion.tt.ttnn_functional_unet_2d_condition_model_new_conv:__call__:491 - Up block 1
2026-05-29 08:11:18.346 | INFO     | models.demos.wormhole.stable_diffusion.tt.ttnn_functional_unet_2d_condition_model_new_conv:__call__:491 - Up block 2
2026-05-29 08:11:18.354 | INFO     | models.demos.wormhole.stable_diffusion.tt.ttnn_functional_unet_2d_condition_model_new_conv:__call__:491 - Up block 3
2026-05-29 08:11:18.374 | INFO     | models.demos.wormhole.stable_diffusion.tt.ttnn_functional_unet_2d_condition_model_new_conv:__call__:406 - Down block 0
2026-05-29 08:11:18.380 | info     |              Op | act_block_h_override 2 is not a valid override for padded_output_height_ntiles_per_core 7, instead 1 was selected as closest valid option! (conv2d_utils.cpp:401)
2026-05-29 08:11:18.380 | INFO     | models.demos.wormhole.stable_diffusion.tt.ttnn_functional_unet_2d_condition_model_new_conv:__call__:406 - Down block 1
2026-05-29 08:11:18.385 | INFO     | models.demos.wormhole.stable_diffusion.tt.ttnn_functional_unet_2d_condition_model_new_conv:__call__:406 - Down block 2
2026-05-29 08:11:18.389 | INFO     | models.demos.wormhole.stable_diffusion.tt.ttnn_functional_unet_2d_condition_model_new_conv:__call__:406 - Down block 3
2026-05-29 08:11:18.389 | INFO     | models.demos.wormhole.stable_diffusion.tt.ttnn_functional_unet_2d_condition_model_new_conv:__call__:460 - Mid block
2026-05-29 08:11:18.390 | warning  |              Op | Mismatch between computed MemoryConfig(memory_layout=TensorMemoryLayout::BLOCK_SHARDED,buffer_type=BufferType::L1,shard_spec=ShardSpec(grid={[(x=0,y=0) - (x=7,y=3)]},shape={32, 160},orientation=ShardOrientation::ROW_MAJOR),nd_shard_spec=NdShardSpec(shard_shape=Shape([32, 160]),grid={[(x=0,y=0) - (x=7,y=3)]},orientation=ShardOrientation::ROW_MAJOR,shard_distribution_strategy=ShardDistributionStrategy::GRID_2D),created_with_nd_shard_spec=0) and provided MemoryConfig(memory_layout=TensorMemoryLayout::BLOCK_SHARDED,buffer_type=BufferType::L1,shard_spec=ShardSpec(grid={[(x=0,y=0) - (x=7,y=7)]},shape={32, 160},orientation=ShardOrientation::ROW_MAJOR),nd_shard_spec=std::nullopt,created_with_nd_shard_spec=0) mem config. Using computed config. (matmul_op.cpp:1674)
2026-05-29 08:11:18.391 | INFO     | models.demos.wormhole.stable_diffusion.tt.ttnn_functional_unet_2d_condition_model_new_conv:__call__:491 - Up block 0
2026-05-29 08:11:18.392 | INFO     | models.demos.wormhole.stable_diffusion.tt.ttnn_functional_unet_2d_condition_model_new_conv:__call__:491 - Up block 1
2026-05-29 08:11:18.397 | INFO     | models.demos.wormhole.stable_diffusion.tt.ttnn_functional_unet_2d_condition_model_new_conv:__call__:491 - Up block 2
2026-05-29 08:11:18.405 | INFO     | models.demos.wormhole.stable_diffusion.tt.ttnn_functional_unet_2d_condition_model_new_conv:__call__:491 - Up block 3
2026-05-29 08:11:18.426 | INFO     | models.demos.wormhole.stable_diffusion.tt.ttnn_functional_unet_2d_condition_model_new_conv:__call__:406 - Down block 0
2026-05-29 08:11:18.432 | info     |              Op | act_block_h_override 2 is not a valid override for padded_output_height_ntiles_per_core 7, instead 1 was selected as closest valid option! (conv2d_utils.cpp:401)
2026-05-29 08:11:18.432 | INFO     | models.demos.wormhole.stable_diffusion.tt.ttnn_functional_unet_2d_condition_model_new_conv:__call__:406 - Down block 1
2026-05-29 08:11:18.437 | INFO     | models.demos.wormhole.stable_diffusion.tt.ttnn_functional_unet_2d_condition_model_new_conv:__call__:406 - Down block 2
2026-05-29 08:11:18.441 | INFO     | models.demos.wormhole.stable_diffusion.tt.ttnn_functional_unet_2d_condition_model_new_conv:__call__:406 - Down block 3
2026-05-29 08:11:18.442 | INFO     | models.demos.wormhole.stable_diffusion.tt.ttnn_functional_unet_2d_condition_model_new_conv:__call__:460 - Mid block
2026-05-29 08:11:18.442 | warning  |              Op | Mismatch between computed MemoryConfig(memory_layout=TensorMemoryLayout::BLOCK_SHARDED,buffer_type=BufferType::L1,shard_spec=ShardSpec(grid={[(x=0,y=0) - (x=7,y=3)]},shape={32, 160},orientation=ShardOrientation::ROW_MAJOR),nd_shard_spec=NdShardSpec(shard_shape=Shape([32, 160]),grid={[(x=0,y=0) - (x=7,y=3)]},orientation=ShardOrientation::ROW_MAJOR,shard_distribution_strategy=ShardDistributionStrategy::GRID_2D),created_with_nd_shard_spec=0) and provided MemoryConfig(memory_layout=TensorMemoryLayout::BLOCK_SHARDED,buffer_type=BufferType::L1,shard_spec=ShardSpec(grid={[(x=0,y=0) - (x=7,y=7)]},shape={32, 160},orientation=ShardOrientation::ROW_MAJOR),nd_shard_spec=std::nullopt,created_with_nd_shard_spec=0) mem config. Using computed config. (matmul_op.cpp:1674)
2026-05-29 08:11:18.443 | INFO     | models.demos.wormhole.stable_diffusion.tt.ttnn_functional_unet_2d_condition_model_new_conv:__call__:491 - Up block 0
2026-05-29 08:11:18.445 | INFO     | models.demos.wormhole.stable_diffusion.tt.ttnn_functional_unet_2d_condition_model_new_conv:__call__:491 - Up block 1
2026-05-29 08:11:18.450 | INFO     | models.demos.wormhole.stable_diffusion.tt.ttnn_functional_unet_2d_condition_model_new_conv:__call__:491 - Up block 2
2026-05-29 08:11:18.458 | INFO     | models.demos.wormhole.stable_diffusion.tt.ttnn_functional_unet_2d_condition_model_new_conv:__call__:491 - Up block 3
  Step 27/41
2026-05-29 08:11:18.480 | INFO     | models.demos.wormhole.stable_diffusion.tt.ttnn_functional_unet_2d_condition_model_new_conv:__call__:406 - Down block 0
2026-05-29 08:11:18.486 | info     |              Op | act_block_h_override 2 is not a valid override for padded_output_height_ntiles_per_core 7, instead 1 was selected as closest valid option! (conv2d_utils.cpp:401)
2026-05-29 08:11:18.486 | INFO     | models.demos.wormhole.stable_diffusion.tt.ttnn_functional_unet_2d_condition_model_new_conv:__call__:406 - Down block 1
2026-05-29 08:11:18.492 | INFO     | models.demos.wormhole.stable_diffusion.tt.ttnn_functional_unet_2d_condition_model_new_conv:__call__:406 - Down block 2
2026-05-29 08:11:18.495 | INFO     | models.demos.wormhole.stable_diffusion.tt.ttnn_functional_unet_2d_condition_model_new_conv:__call__:406 - Down block 3
2026-05-29 08:11:18.496 | INFO     | models.demos.wormhole.stable_diffusion.tt.ttnn_functional_unet_2d_condition_model_new_conv:__call__:460 - Mid block
2026-05-29 08:11:18.497 | warning  |              Op | Mismatch between computed MemoryConfig(memory_layout=TensorMemoryLayout::BLOCK_SHARDED,buffer_type=BufferType::L1,shard_spec=ShardSpec(grid={[(x=0,y=0) - (x=7,y=3)]},shape={32, 160},orientation=ShardOrientation::ROW_MAJOR),nd_shard_spec=NdShardSpec(shard_shape=Shape([32, 160]),grid={[(x=0,y=0) - (x=7,y=3)]},orientation=ShardOrientation::ROW_MAJOR,shard_distribution_strategy=ShardDistributionStrategy::GRID_2D),created_with_nd_shard_spec=0) and provided MemoryConfig(memory_layout=TensorMemoryLayout::BLOCK_SHARDED,buffer_type=BufferType::L1,shard_spec=ShardSpec(grid={[(x=0,y=0) - (x=7,y=7)]},shape={32, 160},orientation=ShardOrientation::ROW_MAJOR),nd_shard_spec=std::nullopt,created_with_nd_shard_spec=0) mem config. Using computed config. (matmul_op.cpp:1674)
2026-05-29 08:11:18.498 | INFO     | models.demos.wormhole.stable_diffusion.tt.ttnn_functional_unet_2d_condition_model_new_conv:__call__:491 - Up block 0
2026-05-29 08:11:18.500 | INFO     | models.demos.wormhole.stable_diffusion.tt.ttnn_functional_unet_2d_condition_model_new_conv:__call__:491 - Up block 1
2026-05-29 08:11:18.505 | INFO     | models.demos.wormhole.stable_diffusion.tt.ttnn_functional_unet_2d_condition_model_new_conv:__call__:491 - Up block 2
2026-05-29 08:11:18.513 | INFO     | models.demos.wormhole.stable_diffusion.tt.ttnn_functional_unet_2d_condition_model_new_conv:__call__:491 - Up block 3
2026-05-29 08:11:18.533 | INFO     | models.demos.wormhole.stable_diffusion.tt.ttnn_functional_unet_2d_condition_model_new_conv:__call__:406 - Down block 0
2026-05-29 08:11:18.539 | info     |              Op | act_block_h_override 2 is not a valid override for padded_output_height_ntiles_per_core 7, instead 1 was selected as closest valid option! (conv2d_utils.cpp:401)
2026-05-29 08:11:18.539 | INFO     | models.demos.wormhole.stable_diffusion.tt.ttnn_functional_unet_2d_condition_model_new_conv:__call__:406 - Down block 1
2026-05-29 08:11:18.544 | INFO     | models.demos.wormhole.stable_diffusion.tt.ttnn_functional_unet_2d_condition_model_new_conv:__call__:406 - Down block 2
2026-05-29 08:11:18.548 | INFO     | models.demos.wormhole.stable_diffusion.tt.ttnn_functional_unet_2d_condition_model_new_conv:__call__:406 - Down block 3
2026-05-29 08:11:18.548 | INFO     | models.demos.wormhole.stable_diffusion.tt.ttnn_functional_unet_2d_condition_model_new_conv:__call__:460 - Mid block
2026-05-29 08:11:18.549 | warning  |              Op | Mismatch between computed MemoryConfig(memory_layout=TensorMemoryLayout::BLOCK_SHARDED,buffer_type=BufferType::L1,shard_spec=ShardSpec(grid={[(x=0,y=0) - (x=7,y=3)]},shape={32, 160},orientation=ShardOrientation::ROW_MAJOR),nd_shard_spec=NdShardSpec(shard_shape=Shape([32, 160]),grid={[(x=0,y=0) - (x=7,y=3)]},orientation=ShardOrientation::ROW_MAJOR,shard_distribution_strategy=ShardDistributionStrategy::GRID_2D),created_with_nd_shard_spec=0) and provided MemoryConfig(memory_layout=TensorMemoryLayout::BLOCK_SHARDED,buffer_type=BufferType::L1,shard_spec=ShardSpec(grid={[(x=0,y=0) - (x=7,y=7)]},shape={32, 160},orientation=ShardOrientation::ROW_MAJOR),nd_shard_spec=std::nullopt,created_with_nd_shard_spec=0) mem config. Using computed config. (matmul_op.cpp:1674)
2026-05-29 08:11:18.550 | INFO     | models.demos.wormhole.stable_diffusion.tt.ttnn_functional_unet_2d_condition_model_new_conv:__call__:491 - Up block 0
2026-05-29 08:11:18.552 | INFO     | models.demos.wormhole.stable_diffusion.tt.ttnn_functional_unet_2d_condition_model_new_conv:__call__:491 - Up block 1
2026-05-29 08:11:18.557 | INFO     | models.demos.wormhole.stable_diffusion.tt.ttnn_functional_unet_2d_condition_model_new_conv:__call__:491 - Up block 2
2026-05-29 08:11:18.565 | INFO     | models.demos.wormhole.stable_diffusion.tt.ttnn_functional_unet_2d_condition_model_new_conv:__call__:491 - Up block 3
2026-05-29 08:11:18.585 | INFO     | models.demos.wormhole.stable_diffusion.tt.ttnn_functional_unet_2d_condition_model_new_conv:__call__:406 - Down block 0
2026-05-29 08:11:18.591 | info     |              Op | act_block_h_override 2 is not a valid override for padded_output_height_ntiles_per_core 7, instead 1 was selected as closest valid option! (conv2d_utils.cpp:401)
2026-05-29 08:11:18.591 | INFO     | models.demos.wormhole.stable_diffusion.tt.ttnn_functional_unet_2d_condition_model_new_conv:__call__:406 - Down block 1
2026-05-29 08:11:18.596 | INFO     | models.demos.wormhole.stable_diffusion.tt.ttnn_functional_unet_2d_condition_model_new_conv:__call__:406 - Down block 2
2026-05-29 08:11:18.600 | INFO     | models.demos.wormhole.stable_diffusion.tt.ttnn_functional_unet_2d_condition_model_new_conv:__call__:406 - Down block 3
2026-05-29 08:11:18.600 | INFO     | models.demos.wormhole.stable_diffusion.tt.ttnn_functional_unet_2d_condition_model_new_conv:__call__:460 - Mid block
2026-05-29 08:11:18.601 | warning  |              Op | Mismatch between computed MemoryConfig(memory_layout=TensorMemoryLayout::BLOCK_SHARDED,buffer_type=BufferType::L1,shard_spec=ShardSpec(grid={[(x=0,y=0) - (x=7,y=3)]},shape={32, 160},orientation=ShardOrientation::ROW_MAJOR),nd_shard_spec=NdShardSpec(shard_shape=Shape([32, 160]),grid={[(x=0,y=0) - (x=7,y=3)]},orientation=ShardOrientation::ROW_MAJOR,shard_distribution_strategy=ShardDistributionStrategy::GRID_2D),created_with_nd_shard_spec=0) and provided MemoryConfig(memory_layout=TensorMemoryLayout::BLOCK_SHARDED,buffer_type=BufferType::L1,shard_spec=ShardSpec(grid={[(x=0,y=0) - (x=7,y=7)]},shape={32, 160},orientation=ShardOrientation::ROW_MAJOR),nd_shard_spec=std::nullopt,created_with_nd_shard_spec=0) mem config. Using computed config. (matmul_op.cpp:1674)
2026-05-29 08:11:18.602 | INFO     | models.demos.wormhole.stable_diffusion.tt.ttnn_functional_unet_2d_condition_model_new_conv:__call__:491 - Up block 0
2026-05-29 08:11:18.603 | INFO     | models.demos.wormhole.stable_diffusion.tt.ttnn_functional_unet_2d_condition_model_new_conv:__call__:491 - Up block 1
2026-05-29 08:11:18.608 | INFO     | models.demos.wormhole.stable_diffusion.tt.ttnn_functional_unet_2d_condition_model_new_conv:__call__:491 - Up block 2
2026-05-29 08:11:18.617 | INFO     | models.demos.wormhole.stable_diffusion.tt.ttnn_functional_unet_2d_condition_model_new_conv:__call__:491 - Up block 3
2026-05-29 08:11:18.637 | INFO     | models.demos.wormhole.stable_diffusion.tt.ttnn_functional_unet_2d_condition_model_new_conv:__call__:406 - Down block 0
2026-05-29 08:11:18.642 | info     |              Op | act_block_h_override 2 is not a valid override for padded_output_height_ntiles_per_core 7, instead 1 was selected as closest valid option! (conv2d_utils.cpp:401)
2026-05-29 08:11:18.642 | INFO     | models.demos.wormhole.stable_diffusion.tt.ttnn_functional_unet_2d_condition_model_new_conv:__call__:406 - Down block 1
2026-05-29 08:11:18.648 | INFO     | models.demos.wormhole.stable_diffusion.tt.ttnn_functional_unet_2d_condition_model_new_conv:__call__:406 - Down block 2
2026-05-29 08:11:18.651 | INFO     | models.demos.wormhole.stable_diffusion.tt.ttnn_functional_unet_2d_condition_model_new_conv:__call__:406 - Down block 3
2026-05-29 08:11:18.652 | INFO     | models.demos.wormhole.stable_diffusion.tt.ttnn_functional_unet_2d_condition_model_new_conv:__call__:460 - Mid block
2026-05-29 08:11:18.652 | warning  |              Op | Mismatch between computed MemoryConfig(memory_layout=TensorMemoryLayout::BLOCK_SHARDED,buffer_type=BufferType::L1,shard_spec=ShardSpec(grid={[(x=0,y=0) - (x=7,y=3)]},shape={32, 160},orientation=ShardOrientation::ROW_MAJOR),nd_shard_spec=NdShardSpec(shard_shape=Shape([32, 160]),grid={[(x=0,y=0) - (x=7,y=3)]},orientation=ShardOrientation::ROW_MAJOR,shard_distribution_strategy=ShardDistributionStrategy::GRID_2D),created_with_nd_shard_spec=0) and provided MemoryConfig(memory_layout=TensorMemoryLayout::BLOCK_SHARDED,buffer_type=BufferType::L1,shard_spec=ShardSpec(grid={[(x=0,y=0) - (x=7,y=7)]},shape={32, 160},orientation=ShardOrientation::ROW_MAJOR),nd_shard_spec=std::nullopt,created_with_nd_shard_spec=0) mem config. Using computed config. (matmul_op.cpp:1674)
2026-05-29 08:11:18.654 | INFO     | models.demos.wormhole.stable_diffusion.tt.ttnn_functional_unet_2d_condition_model_new_conv:__call__:491 - Up block 0
2026-05-29 08:11:18.655 | INFO     | models.demos.wormhole.stable_diffusion.tt.ttnn_functional_unet_2d_condition_model_new_conv:__call__:491 - Up block 1
2026-05-29 08:11:18.660 | INFO     | models.demos.wormhole.stable_diffusion.tt.ttnn_functional_unet_2d_condition_model_new_conv:__call__:491 - Up block 2
2026-05-29 08:11:18.668 | INFO     | models.demos.wormhole.stable_diffusion.tt.ttnn_functional_unet_2d_condition_model_new_conv:__call__:491 - Up block 3
2026-05-29 08:11:18.688 | INFO     | models.demos.wormhole.stable_diffusion.tt.ttnn_functional_unet_2d_condition_model_new_conv:__call__:406 - Down block 0
2026-05-29 08:11:18.694 | info     |              Op | act_block_h_override 2 is not a valid override for padded_output_height_ntiles_per_core 7, instead 1 was selected as closest valid option! (conv2d_utils.cpp:401)
2026-05-29 08:11:18.694 | INFO     | models.demos.wormhole.stable_diffusion.tt.ttnn_functional_unet_2d_condition_model_new_conv:__call__:406 - Down block 1
2026-05-29 08:11:18.700 | INFO     | models.demos.wormhole.stable_diffusion.tt.ttnn_functional_unet_2d_condition_model_new_conv:__call__:406 - Down block 2
2026-05-29 08:11:18.703 | INFO     | models.demos.wormhole.stable_diffusion.tt.ttnn_functional_unet_2d_condition_model_new_conv:__call__:406 - Down block 3
2026-05-29 08:11:18.704 | INFO     | models.demos.wormhole.stable_diffusion.tt.ttnn_functional_unet_2d_condition_model_new_conv:__call__:460 - Mid block
2026-05-29 08:11:18.704 | warning  |              Op | Mismatch between computed MemoryConfig(memory_layout=TensorMemoryLayout::BLOCK_SHARDED,buffer_type=BufferType::L1,shard_spec=ShardSpec(grid={[(x=0,y=0) - (x=7,y=3)]},shape={32, 160},orientation=ShardOrientation::ROW_MAJOR),nd_shard_spec=NdShardSpec(shard_shape=Shape([32, 160]),grid={[(x=0,y=0) - (x=7,y=3)]},orientation=ShardOrientation::ROW_MAJOR,shard_distribution_strategy=ShardDistributionStrategy::GRID_2D),created_with_nd_shard_spec=0) and provided MemoryConfig(memory_layout=TensorMemoryLayout::BLOCK_SHARDED,buffer_type=BufferType::L1,shard_spec=ShardSpec(grid={[(x=0,y=0) - (x=7,y=7)]},shape={32, 160},orientation=ShardOrientation::ROW_MAJOR),nd_shard_spec=std::nullopt,created_with_nd_shard_spec=0) mem config. Using computed config. (matmul_op.cpp:1674)
2026-05-29 08:11:18.706 | INFO     | models.demos.wormhole.stable_diffusion.tt.ttnn_functional_unet_2d_condition_model_new_conv:__call__:491 - Up block 0
2026-05-29 08:11:18.707 | INFO     | models.demos.wormhole.stable_diffusion.tt.ttnn_functional_unet_2d_condition_model_new_conv:__call__:491 - Up block 1
2026-05-29 08:11:18.712 | INFO     | models.demos.wormhole.stable_diffusion.tt.ttnn_functional_unet_2d_condition_model_new_conv:__call__:491 - Up block 2
2026-05-29 08:11:18.720 | INFO     | models.demos.wormhole.stable_diffusion.tt.ttnn_functional_unet_2d_condition_model_new_conv:__call__:491 - Up block 3
2026-05-29 08:11:18.740 | INFO     | models.demos.wormhole.stable_diffusion.tt.ttnn_functional_unet_2d_condition_model_new_conv:__call__:406 - Down block 0
2026-05-29 08:11:18.746 | info     |              Op | act_block_h_override 2 is not a valid override for padded_output_height_ntiles_per_core 7, instead 1 was selected as closest valid option! (conv2d_utils.cpp:401)
2026-05-29 08:11:18.746 | INFO     | models.demos.wormhole.stable_diffusion.tt.ttnn_functional_unet_2d_condition_model_new_conv:__call__:406 - Down block 1
2026-05-29 08:11:18.751 | INFO     | models.demos.wormhole.stable_diffusion.tt.ttnn_functional_unet_2d_condition_model_new_conv:__call__:406 - Down block 2
2026-05-29 08:11:18.755 | INFO     | models.demos.wormhole.stable_diffusion.tt.ttnn_functional_unet_2d_condition_model_new_conv:__call__:406 - Down block 3
2026-05-29 08:11:18.755 | INFO     | models.demos.wormhole.stable_diffusion.tt.ttnn_functional_unet_2d_condition_model_new_conv:__call__:460 - Mid block
2026-05-29 08:11:18.756 | warning  |              Op | Mismatch between computed MemoryConfig(memory_layout=TensorMemoryLayout::BLOCK_SHARDED,buffer_type=BufferType::L1,shard_spec=ShardSpec(grid={[(x=0,y=0) - (x=7,y=3)]},shape={32, 160},orientation=ShardOrientation::ROW_MAJOR),nd_shard_spec=NdShardSpec(shard_shape=Shape([32, 160]),grid={[(x=0,y=0) - (x=7,y=3)]},orientation=ShardOrientation::ROW_MAJOR,shard_distribution_strategy=ShardDistributionStrategy::GRID_2D),created_with_nd_shard_spec=0) and provided MemoryConfig(memory_layout=TensorMemoryLayout::BLOCK_SHARDED,buffer_type=BufferType::L1,shard_spec=ShardSpec(grid={[(x=0,y=0) - (x=7,y=7)]},shape={32, 160},orientation=ShardOrientation::ROW_MAJOR),nd_shard_spec=std::nullopt,created_with_nd_shard_spec=0) mem config. Using computed config. (matmul_op.cpp:1674)
2026-05-29 08:11:18.757 | INFO     | models.demos.wormhole.stable_diffusion.tt.ttnn_functional_unet_2d_condition_model_new_conv:__call__:491 - Up block 0
2026-05-29 08:11:18.759 | INFO     | models.demos.wormhole.stable_diffusion.tt.ttnn_functional_unet_2d_condition_model_new_conv:__call__:491 - Up block 1
2026-05-29 08:11:18.763 | INFO     | models.demos.wormhole.stable_diffusion.tt.ttnn_functional_unet_2d_condition_model_new_conv:__call__:491 - Up block 2
2026-05-29 08:11:18.771 | INFO     | models.demos.wormhole.stable_diffusion.tt.ttnn_functional_unet_2d_condition_model_new_conv:__call__:491 - Up block 3
2026-05-29 08:11:18.792 | INFO     | models.demos.wormhole.stable_diffusion.tt.ttnn_functional_unet_2d_condition_model_new_conv:__call__:406 - Down block 0
2026-05-29 08:11:18.798 | info     |              Op | act_block_h_override 2 is not a valid override for padded_output_height_ntiles_per_core 7, instead 1 was selected as closest valid option! (conv2d_utils.cpp:401)
2026-05-29 08:11:18.798 | INFO     | models.demos.wormhole.stable_diffusion.tt.ttnn_functional_unet_2d_condition_model_new_conv:__call__:406 - Down block 1
2026-05-29 08:11:18.804 | INFO     | models.demos.wormhole.stable_diffusion.tt.ttnn_functional_unet_2d_condition_model_new_conv:__call__:406 - Down block 2
2026-05-29 08:11:18.807 | INFO     | models.demos.wormhole.stable_diffusion.tt.ttnn_functional_unet_2d_condition_model_new_conv:__call__:406 - Down block 3
2026-05-29 08:11:18.808 | INFO     | models.demos.wormhole.stable_diffusion.tt.ttnn_functional_unet_2d_condition_model_new_conv:__call__:460 - Mid block
2026-05-29 08:11:18.809 | warning  |              Op | Mismatch between computed MemoryConfig(memory_layout=TensorMemoryLayout::BLOCK_SHARDED,buffer_type=BufferType::L1,shard_spec=ShardSpec(grid={[(x=0,y=0) - (x=7,y=3)]},shape={32, 160},orientation=ShardOrientation::ROW_MAJOR),nd_shard_spec=NdShardSpec(shard_shape=Shape([32, 160]),grid={[(x=0,y=0) - (x=7,y=3)]},orientation=ShardOrientation::ROW_MAJOR,shard_distribution_strategy=ShardDistributionStrategy::GRID_2D),created_with_nd_shard_spec=0) and provided MemoryConfig(memory_layout=TensorMemoryLayout::BLOCK_SHARDED,buffer_type=BufferType::L1,shard_spec=ShardSpec(grid={[(x=0,y=0) - (x=7,y=7)]},shape={32, 160},orientation=ShardOrientation::ROW_MAJOR),nd_shard_spec=std::nullopt,created_with_nd_shard_spec=0) mem config. Using computed config. (matmul_op.cpp:1674)
2026-05-29 08:11:18.810 | INFO     | models.demos.wormhole.stable_diffusion.tt.ttnn_functional_unet_2d_condition_model_new_conv:__call__:491 - Up block 0
2026-05-29 08:11:18.811 | INFO     | models.demos.wormhole.stable_diffusion.tt.ttnn_functional_unet_2d_condition_model_new_conv:__call__:491 - Up block 1
2026-05-29 08:11:18.817 | INFO     | models.demos.wormhole.stable_diffusion.tt.ttnn_functional_unet_2d_condition_model_new_conv:__call__:491 - Up block 2
2026-05-29 08:11:18.825 | INFO     | models.demos.wormhole.stable_diffusion.tt.ttnn_functional_unet_2d_condition_model_new_conv:__call__:491 - Up block 3
2026-05-29 08:11:18.845 | INFO     | models.demos.wormhole.stable_diffusion.tt.ttnn_functional_unet_2d_condition_model_new_conv:__call__:406 - Down block 0
2026-05-29 08:11:18.851 | info     |              Op | act_block_h_override 2 is not a valid override for padded_output_height_ntiles_per_core 7, instead 1 was selected as closest valid option! (conv2d_utils.cpp:401)
2026-05-29 08:11:18.851 | INFO     | models.demos.wormhole.stable_diffusion.tt.ttnn_functional_unet_2d_condition_model_new_conv:__call__:406 - Down block 1
2026-05-29 08:11:18.856 | INFO     | models.demos.wormhole.stable_diffusion.tt.ttnn_functional_unet_2d_condition_model_new_conv:__call__:406 - Down block 2
2026-05-29 08:11:18.860 | INFO     | models.demos.wormhole.stable_diffusion.tt.ttnn_functional_unet_2d_condition_model_new_conv:__call__:406 - Down block 3
2026-05-29 08:11:18.860 | INFO     | models.demos.wormhole.stable_diffusion.tt.ttnn_functional_unet_2d_condition_model_new_conv:__call__:460 - Mid block
2026-05-29 08:11:18.861 | warning  |              Op | Mismatch between computed MemoryConfig(memory_layout=TensorMemoryLayout::BLOCK_SHARDED,buffer_type=BufferType::L1,shard_spec=ShardSpec(grid={[(x=0,y=0) - (x=7,y=3)]},shape={32, 160},orientation=ShardOrientation::ROW_MAJOR),nd_shard_spec=NdShardSpec(shard_shape=Shape([32, 160]),grid={[(x=0,y=0) - (x=7,y=3)]},orientation=ShardOrientation::ROW_MAJOR,shard_distribution_strategy=ShardDistributionStrategy::GRID_2D),created_with_nd_shard_spec=0) and provided MemoryConfig(memory_layout=TensorMemoryLayout::BLOCK_SHARDED,buffer_type=BufferType::L1,shard_spec=ShardSpec(grid={[(x=0,y=0) - (x=7,y=7)]},shape={32, 160},orientation=ShardOrientation::ROW_MAJOR),nd_shard_spec=std::nullopt,created_with_nd_shard_spec=0) mem config. Using computed config. (matmul_op.cpp:1674)
2026-05-29 08:11:18.862 | INFO     | models.demos.wormhole.stable_diffusion.tt.ttnn_functional_unet_2d_condition_model_new_conv:__call__:491 - Up block 0
2026-05-29 08:11:18.864 | INFO     | models.demos.wormhole.stable_diffusion.tt.ttnn_functional_unet_2d_condition_model_new_conv:__call__:491 - Up block 1
2026-05-29 08:11:18.869 | INFO     | models.demos.wormhole.stable_diffusion.tt.ttnn_functional_unet_2d_condition_model_new_conv:__call__:491 - Up block 2
2026-05-29 08:11:18.877 | INFO     | models.demos.wormhole.stable_diffusion.tt.ttnn_functional_unet_2d_condition_model_new_conv:__call__:491 - Up block 3
  Step 28/41
2026-05-29 08:11:18.899 | INFO     | models.demos.wormhole.stable_diffusion.tt.ttnn_functional_unet_2d_condition_model_new_conv:__call__:406 - Down block 0
2026-05-29 08:11:18.905 | info     |              Op | act_block_h_override 2 is not a valid override for padded_output_height_ntiles_per_core 7, instead 1 was selected as closest valid option! (conv2d_utils.cpp:401)
2026-05-29 08:11:18.905 | INFO     | models.demos.wormhole.stable_diffusion.tt.ttnn_functional_unet_2d_condition_model_new_conv:__call__:406 - Down block 1
2026-05-29 08:11:18.911 | INFO     | models.demos.wormhole.stable_diffusion.tt.ttnn_functional_unet_2d_condition_model_new_conv:__call__:406 - Down block 2
2026-05-29 08:11:18.915 | INFO     | models.demos.wormhole.stable_diffusion.tt.ttnn_functional_unet_2d_condition_model_new_conv:__call__:406 - Down block 3
2026-05-29 08:11:18.915 | INFO     | models.demos.wormhole.stable_diffusion.tt.ttnn_functional_unet_2d_condition_model_new_conv:__call__:460 - Mid block
2026-05-29 08:11:18.916 | warning  |              Op | Mismatch between computed MemoryConfig(memory_layout=TensorMemoryLayout::BLOCK_SHARDED,buffer_type=BufferType::L1,shard_spec=ShardSpec(grid={[(x=0,y=0) - (x=7,y=3)]},shape={32, 160},orientation=ShardOrientation::ROW_MAJOR),nd_shard_spec=NdShardSpec(shard_shape=Shape([32, 160]),grid={[(x=0,y=0) - (x=7,y=3)]},orientation=ShardOrientation::ROW_MAJOR,shard_distribution_strategy=ShardDistributionStrategy::GRID_2D),created_with_nd_shard_spec=0) and provided MemoryConfig(memory_layout=TensorMemoryLayout::BLOCK_SHARDED,buffer_type=BufferType::L1,shard_spec=ShardSpec(grid={[(x=0,y=0) - (x=7,y=7)]},shape={32, 160},orientation=ShardOrientation::ROW_MAJOR),nd_shard_spec=std::nullopt,created_with_nd_shard_spec=0) mem config. Using computed config. (matmul_op.cpp:1674)
2026-05-29 08:11:18.917 | INFO     | models.demos.wormhole.stable_diffusion.tt.ttnn_functional_unet_2d_condition_model_new_conv:__call__:491 - Up block 0
2026-05-29 08:11:18.918 | INFO     | models.demos.wormhole.stable_diffusion.tt.ttnn_functional_unet_2d_condition_model_new_conv:__call__:491 - Up block 1
2026-05-29 08:11:18.924 | INFO     | models.demos.wormhole.stable_diffusion.tt.ttnn_functional_unet_2d_condition_model_new_conv:__call__:491 - Up block 2
2026-05-29 08:11:18.932 | INFO     | models.demos.wormhole.stable_diffusion.tt.ttnn_functional_unet_2d_condition_model_new_conv:__call__:491 - Up block 3
2026-05-29 08:11:18.952 | INFO     | models.demos.wormhole.stable_diffusion.tt.ttnn_functional_unet_2d_condition_model_new_conv:__call__:406 - Down block 0
2026-05-29 08:11:18.957 | info     |              Op | act_block_h_override 2 is not a valid override for padded_output_height_ntiles_per_core 7, instead 1 was selected as closest valid option! (conv2d_utils.cpp:401)
2026-05-29 08:11:18.958 | INFO     | models.demos.wormhole.stable_diffusion.tt.ttnn_functional_unet_2d_condition_model_new_conv:__call__:406 - Down block 1
2026-05-29 08:11:18.963 | INFO     | models.demos.wormhole.stable_diffusion.tt.ttnn_functional_unet_2d_condition_model_new_conv:__call__:406 - Down block 2
2026-05-29 08:11:18.966 | INFO     | models.demos.wormhole.stable_diffusion.tt.ttnn_functional_unet_2d_condition_model_new_conv:__call__:406 - Down block 3
2026-05-29 08:11:18.967 | INFO     | models.demos.wormhole.stable_diffusion.tt.ttnn_functional_unet_2d_condition_model_new_conv:__call__:460 - Mid block
2026-05-29 08:11:18.968 | warning  |              Op | Mismatch between computed MemoryConfig(memory_layout=TensorMemoryLayout::BLOCK_SHARDED,buffer_type=BufferType::L1,shard_spec=ShardSpec(grid={[(x=0,y=0) - (x=7,y=3)]},shape={32, 160},orientation=ShardOrientation::ROW_MAJOR),nd_shard_spec=NdShardSpec(shard_shape=Shape([32, 160]),grid={[(x=0,y=0) - (x=7,y=3)]},orientation=ShardOrientation::ROW_MAJOR,shard_distribution_strategy=ShardDistributionStrategy::GRID_2D),created_with_nd_shard_spec=0) and provided MemoryConfig(memory_layout=TensorMemoryLayout::BLOCK_SHARDED,buffer_type=BufferType::L1,shard_spec=ShardSpec(grid={[(x=0,y=0) - (x=7,y=7)]},shape={32, 160},orientation=ShardOrientation::ROW_MAJOR),nd_shard_spec=std::nullopt,created_with_nd_shard_spec=0) mem config. Using computed config. (matmul_op.cpp:1674)
2026-05-29 08:11:18.969 | INFO     | models.demos.wormhole.stable_diffusion.tt.ttnn_functional_unet_2d_condition_model_new_conv:__call__:491 - Up block 0
2026-05-29 08:11:18.970 | INFO     | models.demos.wormhole.stable_diffusion.tt.ttnn_functional_unet_2d_condition_model_new_conv:__call__:491 - Up block 1
2026-05-29 08:11:18.975 | INFO     | models.demos.wormhole.stable_diffusion.tt.ttnn_functional_unet_2d_condition_model_new_conv:__call__:491 - Up block 2
2026-05-29 08:11:18.983 | INFO     | models.demos.wormhole.stable_diffusion.tt.ttnn_functional_unet_2d_condition_model_new_conv:__call__:491 - Up block 3
2026-05-29 08:11:19.004 | INFO     | models.demos.wormhole.stable_diffusion.tt.ttnn_functional_unet_2d_condition_model_new_conv:__call__:406 - Down block 0
2026-05-29 08:11:19.009 | info     |              Op | act_block_h_override 2 is not a valid override for padded_output_height_ntiles_per_core 7, instead 1 was selected as closest valid option! (conv2d_utils.cpp:401)
2026-05-29 08:11:19.010 | INFO     | models.demos.wormhole.stable_diffusion.tt.ttnn_functional_unet_2d_condition_model_new_conv:__call__:406 - Down block 1
2026-05-29 08:11:19.015 | INFO     | models.demos.wormhole.stable_diffusion.tt.ttnn_functional_unet_2d_condition_model_new_conv:__call__:406 - Down block 2
2026-05-29 08:11:19.019 | INFO     | models.demos.wormhole.stable_diffusion.tt.ttnn_functional_unet_2d_condition_model_new_conv:__call__:406 - Down block 3
2026-05-29 08:11:19.019 | INFO     | models.demos.wormhole.stable_diffusion.tt.ttnn_functional_unet_2d_condition_model_new_conv:__call__:460 - Mid block
2026-05-29 08:11:19.020 | warning  |              Op | Mismatch between computed MemoryConfig(memory_layout=TensorMemoryLayout::BLOCK_SHARDED,buffer_type=BufferType::L1,shard_spec=ShardSpec(grid={[(x=0,y=0) - (x=7,y=3)]},shape={32, 160},orientation=ShardOrientation::ROW_MAJOR),nd_shard_spec=NdShardSpec(shard_shape=Shape([32, 160]),grid={[(x=0,y=0) - (x=7,y=3)]},orientation=ShardOrientation::ROW_MAJOR,shard_distribution_strategy=ShardDistributionStrategy::GRID_2D),created_with_nd_shard_spec=0) and provided MemoryConfig(memory_layout=TensorMemoryLayout::BLOCK_SHARDED,buffer_type=BufferType::L1,shard_spec=ShardSpec(grid={[(x=0,y=0) - (x=7,y=7)]},shape={32, 160},orientation=ShardOrientation::ROW_MAJOR),nd_shard_spec=std::nullopt,created_with_nd_shard_spec=0) mem config. Using computed config. (matmul_op.cpp:1674)
2026-05-29 08:11:19.021 | INFO     | models.demos.wormhole.stable_diffusion.tt.ttnn_functional_unet_2d_condition_model_new_conv:__call__:491 - Up block 0
2026-05-29 08:11:19.023 | INFO     | models.demos.wormhole.stable_diffusion.tt.ttnn_functional_unet_2d_condition_model_new_conv:__call__:491 - Up block 1
2026-05-29 08:11:19.028 | INFO     | models.demos.wormhole.stable_diffusion.tt.ttnn_functional_unet_2d_condition_model_new_conv:__call__:491 - Up block 2
2026-05-29 08:11:19.036 | INFO     | models.demos.wormhole.stable_diffusion.tt.ttnn_functional_unet_2d_condition_model_new_conv:__call__:491 - Up block 3
2026-05-29 08:11:19.056 | INFO     | models.demos.wormhole.stable_diffusion.tt.ttnn_functional_unet_2d_condition_model_new_conv:__call__:406 - Down block 0
2026-05-29 08:11:19.062 | info     |              Op | act_block_h_override 2 is not a valid override for padded_output_height_ntiles_per_core 7, instead 1 was selected as closest valid option! (conv2d_utils.cpp:401)
2026-05-29 08:11:19.062 | INFO     | models.demos.wormhole.stable_diffusion.tt.ttnn_functional_unet_2d_condition_model_new_conv:__call__:406 - Down block 1
2026-05-29 08:11:19.067 | INFO     | models.demos.wormhole.stable_diffusion.tt.ttnn_functional_unet_2d_condition_model_new_conv:__call__:406 - Down block 2
2026-05-29 08:11:19.070 | INFO     | models.demos.wormhole.stable_diffusion.tt.ttnn_functional_unet_2d_condition_model_new_conv:__call__:406 - Down block 3
2026-05-29 08:11:19.071 | INFO     | models.demos.wormhole.stable_diffusion.tt.ttnn_functional_unet_2d_condition_model_new_conv:__call__:460 - Mid block
2026-05-29 08:11:19.072 | warning  |              Op | Mismatch between computed MemoryConfig(memory_layout=TensorMemoryLayout::BLOCK_SHARDED,buffer_type=BufferType::L1,shard_spec=ShardSpec(grid={[(x=0,y=0) - (x=7,y=3)]},shape={32, 160},orientation=ShardOrientation::ROW_MAJOR),nd_shard_spec=NdShardSpec(shard_shape=Shape([32, 160]),grid={[(x=0,y=0) - (x=7,y=3)]},orientation=ShardOrientation::ROW_MAJOR,shard_distribution_strategy=ShardDistributionStrategy::GRID_2D),created_with_nd_shard_spec=0) and provided MemoryConfig(memory_layout=TensorMemoryLayout::BLOCK_SHARDED,buffer_type=BufferType::L1,shard_spec=ShardSpec(grid={[(x=0,y=0) - (x=7,y=7)]},shape={32, 160},orientation=ShardOrientation::ROW_MAJOR),nd_shard_spec=std::nullopt,created_with_nd_shard_spec=0) mem config. Using computed config. (matmul_op.cpp:1674)
2026-05-29 08:11:19.073 | INFO     | models.demos.wormhole.stable_diffusion.tt.ttnn_functional_unet_2d_condition_model_new_conv:__call__:491 - Up block 0
2026-05-29 08:11:19.074 | INFO     | models.demos.wormhole.stable_diffusion.tt.ttnn_functional_unet_2d_condition_model_new_conv:__call__:491 - Up block 1
2026-05-29 08:11:19.079 | INFO     | models.demos.wormhole.stable_diffusion.tt.ttnn_functional_unet_2d_condition_model_new_conv:__call__:491 - Up block 2
2026-05-29 08:11:19.088 | INFO     | models.demos.wormhole.stable_diffusion.tt.ttnn_functional_unet_2d_condition_model_new_conv:__call__:491 - Up block 3
2026-05-29 08:11:19.108 | INFO     | models.demos.wormhole.stable_diffusion.tt.ttnn_functional_unet_2d_condition_model_new_conv:__call__:406 - Down block 0
2026-05-29 08:11:19.113 | info     |              Op | act_block_h_override 2 is not a valid override for padded_output_height_ntiles_per_core 7, instead 1 was selected as closest valid option! (conv2d_utils.cpp:401)
2026-05-29 08:11:19.113 | INFO     | models.demos.wormhole.stable_diffusion.tt.ttnn_functional_unet_2d_condition_model_new_conv:__call__:406 - Down block 1
2026-05-29 08:11:19.119 | INFO     | models.demos.wormhole.stable_diffusion.tt.ttnn_functional_unet_2d_condition_model_new_conv:__call__:406 - Down block 2
2026-05-29 08:11:19.122 | INFO     | models.demos.wormhole.stable_diffusion.tt.ttnn_functional_unet_2d_condition_model_new_conv:__call__:406 - Down block 3
2026-05-29 08:11:19.123 | INFO     | models.demos.wormhole.stable_diffusion.tt.ttnn_functional_unet_2d_condition_model_new_conv:__call__:460 - Mid block
2026-05-29 08:11:19.123 | warning  |              Op | Mismatch between computed MemoryConfig(memory_layout=TensorMemoryLayout::BLOCK_SHARDED,buffer_type=BufferType::L1,shard_spec=ShardSpec(grid={[(x=0,y=0) - (x=7,y=3)]},shape={32, 160},orientation=ShardOrientation::ROW_MAJOR),nd_shard_spec=NdShardSpec(shard_shape=Shape([32, 160]),grid={[(x=0,y=0) - (x=7,y=3)]},orientation=ShardOrientation::ROW_MAJOR,shard_distribution_strategy=ShardDistributionStrategy::GRID_2D),created_with_nd_shard_spec=0) and provided MemoryConfig(memory_layout=TensorMemoryLayout::BLOCK_SHARDED,buffer_type=BufferType::L1,shard_spec=ShardSpec(grid={[(x=0,y=0) - (x=7,y=7)]},shape={32, 160},orientation=ShardOrientation::ROW_MAJOR),nd_shard_spec=std::nullopt,created_with_nd_shard_spec=0) mem config. Using computed config. (matmul_op.cpp:1674)
2026-05-29 08:11:19.125 | INFO     | models.demos.wormhole.stable_diffusion.tt.ttnn_functional_unet_2d_condition_model_new_conv:__call__:491 - Up block 0
2026-05-29 08:11:19.126 | INFO     | models.demos.wormhole.stable_diffusion.tt.ttnn_functional_unet_2d_condition_model_new_conv:__call__:491 - Up block 1
2026-05-29 08:11:19.131 | INFO     | models.demos.wormhole.stable_diffusion.tt.ttnn_functional_unet_2d_condition_model_new_conv:__call__:491 - Up block 2
2026-05-29 08:11:19.139 | INFO     | models.demos.wormhole.stable_diffusion.tt.ttnn_functional_unet_2d_condition_model_new_conv:__call__:491 - Up block 3
2026-05-29 08:11:19.159 | INFO     | models.demos.wormhole.stable_diffusion.tt.ttnn_functional_unet_2d_condition_model_new_conv:__call__:406 - Down block 0
2026-05-29 08:11:19.165 | info     |              Op | act_block_h_override 2 is not a valid override for padded_output_height_ntiles_per_core 7, instead 1 was selected as closest valid option! (conv2d_utils.cpp:401)
2026-05-29 08:11:19.165 | INFO     | models.demos.wormhole.stable_diffusion.tt.ttnn_functional_unet_2d_condition_model_new_conv:__call__:406 - Down block 1
2026-05-29 08:11:19.171 | INFO     | models.demos.wormhole.stable_diffusion.tt.ttnn_functional_unet_2d_condition_model_new_conv:__call__:406 - Down block 2
2026-05-29 08:11:19.174 | INFO     | models.demos.wormhole.stable_diffusion.tt.ttnn_functional_unet_2d_condition_model_new_conv:__call__:406 - Down block 3
2026-05-29 08:11:19.175 | INFO     | models.demos.wormhole.stable_diffusion.tt.ttnn_functional_unet_2d_condition_model_new_conv:__call__:460 - Mid block
2026-05-29 08:11:19.176 | warning  |              Op | Mismatch between computed MemoryConfig(memory_layout=TensorMemoryLayout::BLOCK_SHARDED,buffer_type=BufferType::L1,shard_spec=ShardSpec(grid={[(x=0,y=0) - (x=7,y=3)]},shape={32, 160},orientation=ShardOrientation::ROW_MAJOR),nd_shard_spec=NdShardSpec(shard_shape=Shape([32, 160]),grid={[(x=0,y=0) - (x=7,y=3)]},orientation=ShardOrientation::ROW_MAJOR,shard_distribution_strategy=ShardDistributionStrategy::GRID_2D),created_with_nd_shard_spec=0) and provided MemoryConfig(memory_layout=TensorMemoryLayout::BLOCK_SHARDED,buffer_type=BufferType::L1,shard_spec=ShardSpec(grid={[(x=0,y=0) - (x=7,y=7)]},shape={32, 160},orientation=ShardOrientation::ROW_MAJOR),nd_shard_spec=std::nullopt,created_with_nd_shard_spec=0) mem config. Using computed config. (matmul_op.cpp:1674)
2026-05-29 08:11:19.177 | INFO     | models.demos.wormhole.stable_diffusion.tt.ttnn_functional_unet_2d_condition_model_new_conv:__call__:491 - Up block 0
2026-05-29 08:11:19.178 | INFO     | models.demos.wormhole.stable_diffusion.tt.ttnn_functional_unet_2d_condition_model_new_conv:__call__:491 - Up block 1
2026-05-29 08:11:19.183 | INFO     | models.demos.wormhole.stable_diffusion.tt.ttnn_functional_unet_2d_condition_model_new_conv:__call__:491 - Up block 2
2026-05-29 08:11:19.191 | INFO     | models.demos.wormhole.stable_diffusion.tt.ttnn_functional_unet_2d_condition_model_new_conv:__call__:491 - Up block 3
2026-05-29 08:11:19.211 | INFO     | models.demos.wormhole.stable_diffusion.tt.ttnn_functional_unet_2d_condition_model_new_conv:__call__:406 - Down block 0
2026-05-29 08:11:19.217 | info     |              Op | act_block_h_override 2 is not a valid override for padded_output_height_ntiles_per_core 7, instead 1 was selected as closest valid option! (conv2d_utils.cpp:401)
2026-05-29 08:11:19.217 | INFO     | models.demos.wormhole.stable_diffusion.tt.ttnn_functional_unet_2d_condition_model_new_conv:__call__:406 - Down block 1
2026-05-29 08:11:19.223 | INFO     | models.demos.wormhole.stable_diffusion.tt.ttnn_functional_unet_2d_condition_model_new_conv:__call__:406 - Down block 2
2026-05-29 08:11:19.226 | INFO     | models.demos.wormhole.stable_diffusion.tt.ttnn_functional_unet_2d_condition_model_new_conv:__call__:406 - Down block 3
2026-05-29 08:11:19.227 | INFO     | models.demos.wormhole.stable_diffusion.tt.ttnn_functional_unet_2d_condition_model_new_conv:__call__:460 - Mid block
2026-05-29 08:11:19.227 | warning  |              Op | Mismatch between computed MemoryConfig(memory_layout=TensorMemoryLayout::BLOCK_SHARDED,buffer_type=BufferType::L1,shard_spec=ShardSpec(grid={[(x=0,y=0) - (x=7,y=3)]},shape={32, 160},orientation=ShardOrientation::ROW_MAJOR),nd_shard_spec=NdShardSpec(shard_shape=Shape([32, 160]),grid={[(x=0,y=0) - (x=7,y=3)]},orientation=ShardOrientation::ROW_MAJOR,shard_distribution_strategy=ShardDistributionStrategy::GRID_2D),created_with_nd_shard_spec=0) and provided MemoryConfig(memory_layout=TensorMemoryLayout::BLOCK_SHARDED,buffer_type=BufferType::L1,shard_spec=ShardSpec(grid={[(x=0,y=0) - (x=7,y=7)]},shape={32, 160},orientation=ShardOrientation::ROW_MAJOR),nd_shard_spec=std::nullopt,created_with_nd_shard_spec=0) mem config. Using computed config. (matmul_op.cpp:1674)
2026-05-29 08:11:19.228 | INFO     | models.demos.wormhole.stable_diffusion.tt.ttnn_functional_unet_2d_condition_model_new_conv:__call__:491 - Up block 0
2026-05-29 08:11:19.230 | INFO     | models.demos.wormhole.stable_diffusion.tt.ttnn_functional_unet_2d_condition_model_new_conv:__call__:491 - Up block 1
2026-05-29 08:11:19.234 | INFO     | models.demos.wormhole.stable_diffusion.tt.ttnn_functional_unet_2d_condition_model_new_conv:__call__:491 - Up block 2
2026-05-29 08:11:19.242 | INFO     | models.demos.wormhole.stable_diffusion.tt.ttnn_functional_unet_2d_condition_model_new_conv:__call__:491 - Up block 3
2026-05-29 08:11:19.263 | INFO     | models.demos.wormhole.stable_diffusion.tt.ttnn_functional_unet_2d_condition_model_new_conv:__call__:406 - Down block 0
2026-05-29 08:11:19.269 | info     |              Op | act_block_h_override 2 is not a valid override for padded_output_height_ntiles_per_core 7, instead 1 was selected as closest valid option! (conv2d_utils.cpp:401)
2026-05-29 08:11:19.269 | INFO     | models.demos.wormhole.stable_diffusion.tt.ttnn_functional_unet_2d_condition_model_new_conv:__call__:406 - Down block 1
2026-05-29 08:11:19.275 | INFO     | models.demos.wormhole.stable_diffusion.tt.ttnn_functional_unet_2d_condition_model_new_conv:__call__:406 - Down block 2
2026-05-29 08:11:19.278 | INFO     | models.demos.wormhole.stable_diffusion.tt.ttnn_functional_unet_2d_condition_model_new_conv:__call__:406 - Down block 3
2026-05-29 08:11:19.279 | INFO     | models.demos.wormhole.stable_diffusion.tt.ttnn_functional_unet_2d_condition_model_new_conv:__call__:460 - Mid block
2026-05-29 08:11:19.279 | warning  |              Op | Mismatch between computed MemoryConfig(memory_layout=TensorMemoryLayout::BLOCK_SHARDED,buffer_type=BufferType::L1,shard_spec=ShardSpec(grid={[(x=0,y=0) - (x=7,y=3)]},shape={32, 160},orientation=ShardOrientation::ROW_MAJOR),nd_shard_spec=NdShardSpec(shard_shape=Shape([32, 160]),grid={[(x=0,y=0) - (x=7,y=3)]},orientation=ShardOrientation::ROW_MAJOR,shard_distribution_strategy=ShardDistributionStrategy::GRID_2D),created_with_nd_shard_spec=0) and provided MemoryConfig(memory_layout=TensorMemoryLayout::BLOCK_SHARDED,buffer_type=BufferType::L1,shard_spec=ShardSpec(grid={[(x=0,y=0) - (x=7,y=7)]},shape={32, 160},orientation=ShardOrientation::ROW_MAJOR),nd_shard_spec=std::nullopt,created_with_nd_shard_spec=0) mem config. Using computed config. (matmul_op.cpp:1674)
2026-05-29 08:11:19.281 | INFO     | models.demos.wormhole.stable_diffusion.tt.ttnn_functional_unet_2d_condition_model_new_conv:__call__:491 - Up block 0
2026-05-29 08:11:19.282 | INFO     | models.demos.wormhole.stable_diffusion.tt.ttnn_functional_unet_2d_condition_model_new_conv:__call__:491 - Up block 1
2026-05-29 08:11:19.287 | INFO     | models.demos.wormhole.stable_diffusion.tt.ttnn_functional_unet_2d_condition_model_new_conv:__call__:491 - Up block 2
2026-05-29 08:11:19.295 | INFO     | models.demos.wormhole.stable_diffusion.tt.ttnn_functional_unet_2d_condition_model_new_conv:__call__:491 - Up block 3
  Step 29/41
2026-05-29 08:11:19.317 | INFO     | models.demos.wormhole.stable_diffusion.tt.ttnn_functional_unet_2d_condition_model_new_conv:__call__:406 - Down block 0
2026-05-29 08:11:19.323 | info     |              Op | act_block_h_override 2 is not a valid override for padded_output_height_ntiles_per_core 7, instead 1 was selected as closest valid option! (conv2d_utils.cpp:401)
2026-05-29 08:11:19.323 | INFO     | models.demos.wormhole.stable_diffusion.tt.ttnn_functional_unet_2d_condition_model_new_conv:__call__:406 - Down block 1
2026-05-29 08:11:19.329 | INFO     | models.demos.wormhole.stable_diffusion.tt.ttnn_functional_unet_2d_condition_model_new_conv:__call__:406 - Down block 2
2026-05-29 08:11:19.332 | INFO     | models.demos.wormhole.stable_diffusion.tt.ttnn_functional_unet_2d_condition_model_new_conv:__call__:406 - Down block 3
2026-05-29 08:11:19.333 | INFO     | models.demos.wormhole.stable_diffusion.tt.ttnn_functional_unet_2d_condition_model_new_conv:__call__:460 - Mid block
2026-05-29 08:11:19.333 | warning  |              Op | Mismatch between computed MemoryConfig(memory_layout=TensorMemoryLayout::BLOCK_SHARDED,buffer_type=BufferType::L1,shard_spec=ShardSpec(grid={[(x=0,y=0) - (x=7,y=3)]},shape={32, 160},orientation=ShardOrientation::ROW_MAJOR),nd_shard_spec=NdShardSpec(shard_shape=Shape([32, 160]),grid={[(x=0,y=0) - (x=7,y=3)]},orientation=ShardOrientation::ROW_MAJOR,shard_distribution_strategy=ShardDistributionStrategy::GRID_2D),created_with_nd_shard_spec=0) and provided MemoryConfig(memory_layout=TensorMemoryLayout::BLOCK_SHARDED,buffer_type=BufferType::L1,shard_spec=ShardSpec(grid={[(x=0,y=0) - (x=7,y=7)]},shape={32, 160},orientation=ShardOrientation::ROW_MAJOR),nd_shard_spec=std::nullopt,created_with_nd_shard_spec=0) mem config. Using computed config. (matmul_op.cpp:1674)
2026-05-29 08:11:19.335 | INFO     | models.demos.wormhole.stable_diffusion.tt.ttnn_functional_unet_2d_condition_model_new_conv:__call__:491 - Up block 0
2026-05-29 08:11:19.336 | INFO     | models.demos.wormhole.stable_diffusion.tt.ttnn_functional_unet_2d_condition_model_new_conv:__call__:491 - Up block 1
2026-05-29 08:11:19.341 | INFO     | models.demos.wormhole.stable_diffusion.tt.ttnn_functional_unet_2d_condition_model_new_conv:__call__:491 - Up block 2
2026-05-29 08:11:19.349 | INFO     | models.demos.wormhole.stable_diffusion.tt.ttnn_functional_unet_2d_condition_model_new_conv:__call__:491 - Up block 3
2026-05-29 08:11:19.369 | INFO     | models.demos.wormhole.stable_diffusion.tt.ttnn_functional_unet_2d_condition_model_new_conv:__call__:406 - Down block 0
2026-05-29 08:11:19.375 | info     |              Op | act_block_h_override 2 is not a valid override for padded_output_height_ntiles_per_core 7, instead 1 was selected as closest valid option! (conv2d_utils.cpp:401)
2026-05-29 08:11:19.375 | INFO     | models.demos.wormhole.stable_diffusion.tt.ttnn_functional_unet_2d_condition_model_new_conv:__call__:406 - Down block 1
2026-05-29 08:11:19.380 | INFO     | models.demos.wormhole.stable_diffusion.tt.ttnn_functional_unet_2d_condition_model_new_conv:__call__:406 - Down block 2
2026-05-29 08:11:19.384 | INFO     | models.demos.wormhole.stable_diffusion.tt.ttnn_functional_unet_2d_condition_model_new_conv:__call__:406 - Down block 3
2026-05-29 08:11:19.384 | INFO     | models.demos.wormhole.stable_diffusion.tt.ttnn_functional_unet_2d_condition_model_new_conv:__call__:460 - Mid block
2026-05-29 08:11:19.385 | warning  |              Op | Mismatch between computed MemoryConfig(memory_layout=TensorMemoryLayout::BLOCK_SHARDED,buffer_type=BufferType::L1,shard_spec=ShardSpec(grid={[(x=0,y=0) - (x=7,y=3)]},shape={32, 160},orientation=ShardOrientation::ROW_MAJOR),nd_shard_spec=NdShardSpec(shard_shape=Shape([32, 160]),grid={[(x=0,y=0) - (x=7,y=3)]},orientation=ShardOrientation::ROW_MAJOR,shard_distribution_strategy=ShardDistributionStrategy::GRID_2D),created_with_nd_shard_spec=0) and provided MemoryConfig(memory_layout=TensorMemoryLayout::BLOCK_SHARDED,buffer_type=BufferType::L1,shard_spec=ShardSpec(grid={[(x=0,y=0) - (x=7,y=7)]},shape={32, 160},orientation=ShardOrientation::ROW_MAJOR),nd_shard_spec=std::nullopt,created_with_nd_shard_spec=0) mem config. Using computed config. (matmul_op.cpp:1674)
2026-05-29 08:11:19.386 | INFO     | models.demos.wormhole.stable_diffusion.tt.ttnn_functional_unet_2d_condition_model_new_conv:__call__:491 - Up block 0
2026-05-29 08:11:19.388 | INFO     | models.demos.wormhole.stable_diffusion.tt.ttnn_functional_unet_2d_condition_model_new_conv:__call__:491 - Up block 1
2026-05-29 08:11:19.393 | INFO     | models.demos.wormhole.stable_diffusion.tt.ttnn_functional_unet_2d_condition_model_new_conv:__call__:491 - Up block 2
2026-05-29 08:11:19.401 | INFO     | models.demos.wormhole.stable_diffusion.tt.ttnn_functional_unet_2d_condition_model_new_conv:__call__:491 - Up block 3
2026-05-29 08:11:19.421 | INFO     | models.demos.wormhole.stable_diffusion.tt.ttnn_functional_unet_2d_condition_model_new_conv:__call__:406 - Down block 0
2026-05-29 08:11:19.427 | info     |              Op | act_block_h_override 2 is not a valid override for padded_output_height_ntiles_per_core 7, instead 1 was selected as closest valid option! (conv2d_utils.cpp:401)
2026-05-29 08:11:19.427 | INFO     | models.demos.wormhole.stable_diffusion.tt.ttnn_functional_unet_2d_condition_model_new_conv:__call__:406 - Down block 1
2026-05-29 08:11:19.432 | INFO     | models.demos.wormhole.stable_diffusion.tt.ttnn_functional_unet_2d_condition_model_new_conv:__call__:406 - Down block 2
2026-05-29 08:11:19.436 | INFO     | models.demos.wormhole.stable_diffusion.tt.ttnn_functional_unet_2d_condition_model_new_conv:__call__:406 - Down block 3
2026-05-29 08:11:19.436 | INFO     | models.demos.wormhole.stable_diffusion.tt.ttnn_functional_unet_2d_condition_model_new_conv:__call__:460 - Mid block
2026-05-29 08:11:19.437 | warning  |              Op | Mismatch between computed MemoryConfig(memory_layout=TensorMemoryLayout::BLOCK_SHARDED,buffer_type=BufferType::L1,shard_spec=ShardSpec(grid={[(x=0,y=0) - (x=7,y=3)]},shape={32, 160},orientation=ShardOrientation::ROW_MAJOR),nd_shard_spec=NdShardSpec(shard_shape=Shape([32, 160]),grid={[(x=0,y=0) - (x=7,y=3)]},orientation=ShardOrientation::ROW_MAJOR,shard_distribution_strategy=ShardDistributionStrategy::GRID_2D),created_with_nd_shard_spec=0) and provided MemoryConfig(memory_layout=TensorMemoryLayout::BLOCK_SHARDED,buffer_type=BufferType::L1,shard_spec=ShardSpec(grid={[(x=0,y=0) - (x=7,y=7)]},shape={32, 160},orientation=ShardOrientation::ROW_MAJOR),nd_shard_spec=std::nullopt,created_with_nd_shard_spec=0) mem config. Using computed config. (matmul_op.cpp:1674)
2026-05-29 08:11:19.438 | INFO     | models.demos.wormhole.stable_diffusion.tt.ttnn_functional_unet_2d_condition_model_new_conv:__call__:491 - Up block 0
2026-05-29 08:11:19.440 | INFO     | models.demos.wormhole.stable_diffusion.tt.ttnn_functional_unet_2d_condition_model_new_conv:__call__:491 - Up block 1
2026-05-29 08:11:19.444 | INFO     | models.demos.wormhole.stable_diffusion.tt.ttnn_functional_unet_2d_condition_model_new_conv:__call__:491 - Up block 2
2026-05-29 08:11:19.453 | INFO     | models.demos.wormhole.stable_diffusion.tt.ttnn_functional_unet_2d_condition_model_new_conv:__call__:491 - Up block 3
2026-05-29 08:11:19.473 | INFO     | models.demos.wormhole.stable_diffusion.tt.ttnn_functional_unet_2d_condition_model_new_conv:__call__:406 - Down block 0
2026-05-29 08:11:19.479 | info     |              Op | act_block_h_override 2 is not a valid override for padded_output_height_ntiles_per_core 7, instead 1 was selected as closest valid option! (conv2d_utils.cpp:401)
2026-05-29 08:11:19.479 | INFO     | models.demos.wormhole.stable_diffusion.tt.ttnn_functional_unet_2d_condition_model_new_conv:__call__:406 - Down block 1
2026-05-29 08:11:19.484 | INFO     | models.demos.wormhole.stable_diffusion.tt.ttnn_functional_unet_2d_condition_model_new_conv:__call__:406 - Down block 2
2026-05-29 08:11:19.487 | INFO     | models.demos.wormhole.stable_diffusion.tt.ttnn_functional_unet_2d_condition_model_new_conv:__call__:406 - Down block 3
2026-05-29 08:11:19.488 | INFO     | models.demos.wormhole.stable_diffusion.tt.ttnn_functional_unet_2d_condition_model_new_conv:__call__:460 - Mid block
2026-05-29 08:11:19.489 | warning  |              Op | Mismatch between computed MemoryConfig(memory_layout=TensorMemoryLayout::BLOCK_SHARDED,buffer_type=BufferType::L1,shard_spec=ShardSpec(grid={[(x=0,y=0) - (x=7,y=3)]},shape={32, 160},orientation=ShardOrientation::ROW_MAJOR),nd_shard_spec=NdShardSpec(shard_shape=Shape([32, 160]),grid={[(x=0,y=0) - (x=7,y=3)]},orientation=ShardOrientation::ROW_MAJOR,shard_distribution_strategy=ShardDistributionStrategy::GRID_2D),created_with_nd_shard_spec=0) and provided MemoryConfig(memory_layout=TensorMemoryLayout::BLOCK_SHARDED,buffer_type=BufferType::L1,shard_spec=ShardSpec(grid={[(x=0,y=0) - (x=7,y=7)]},shape={32, 160},orientation=ShardOrientation::ROW_MAJOR),nd_shard_spec=std::nullopt,created_with_nd_shard_spec=0) mem config. Using computed config. (matmul_op.cpp:1674)
2026-05-29 08:11:19.490 | INFO     | models.demos.wormhole.stable_diffusion.tt.ttnn_functional_unet_2d_condition_model_new_conv:__call__:491 - Up block 0
2026-05-29 08:11:19.491 | INFO     | models.demos.wormhole.stable_diffusion.tt.ttnn_functional_unet_2d_condition_model_new_conv:__call__:491 - Up block 1
2026-05-29 08:11:19.496 | INFO     | models.demos.wormhole.stable_diffusion.tt.ttnn_functional_unet_2d_condition_model_new_conv:__call__:491 - Up block 2
2026-05-29 08:11:19.505 | INFO     | models.demos.wormhole.stable_diffusion.tt.ttnn_functional_unet_2d_condition_model_new_conv:__call__:491 - Up block 3
2026-05-29 08:11:19.525 | INFO     | models.demos.wormhole.stable_diffusion.tt.ttnn_functional_unet_2d_condition_model_new_conv:__call__:406 - Down block 0
2026-05-29 08:11:19.530 | info     |              Op | act_block_h_override 2 is not a valid override for padded_output_height_ntiles_per_core 7, instead 1 was selected as closest valid option! (conv2d_utils.cpp:401)
2026-05-29 08:11:19.531 | INFO     | models.demos.wormhole.stable_diffusion.tt.ttnn_functional_unet_2d_condition_model_new_conv:__call__:406 - Down block 1
2026-05-29 08:11:19.536 | INFO     | models.demos.wormhole.stable_diffusion.tt.ttnn_functional_unet_2d_condition_model_new_conv:__call__:406 - Down block 2
2026-05-29 08:11:19.540 | INFO     | models.demos.wormhole.stable_diffusion.tt.ttnn_functional_unet_2d_condition_model_new_conv:__call__:406 - Down block 3
2026-05-29 08:11:19.540 | INFO     | models.demos.wormhole.stable_diffusion.tt.ttnn_functional_unet_2d_condition_model_new_conv:__call__:460 - Mid block
2026-05-29 08:11:19.541 | warning  |              Op | Mismatch between computed MemoryConfig(memory_layout=TensorMemoryLayout::BLOCK_SHARDED,buffer_type=BufferType::L1,shard_spec=ShardSpec(grid={[(x=0,y=0) - (x=7,y=3)]},shape={32, 160},orientation=ShardOrientation::ROW_MAJOR),nd_shard_spec=NdShardSpec(shard_shape=Shape([32, 160]),grid={[(x=0,y=0) - (x=7,y=3)]},orientation=ShardOrientation::ROW_MAJOR,shard_distribution_strategy=ShardDistributionStrategy::GRID_2D),created_with_nd_shard_spec=0) and provided MemoryConfig(memory_layout=TensorMemoryLayout::BLOCK_SHARDED,buffer_type=BufferType::L1,shard_spec=ShardSpec(grid={[(x=0,y=0) - (x=7,y=7)]},shape={32, 160},orientation=ShardOrientation::ROW_MAJOR),nd_shard_spec=std::nullopt,created_with_nd_shard_spec=0) mem config. Using computed config. (matmul_op.cpp:1674)
2026-05-29 08:11:19.542 | INFO     | models.demos.wormhole.stable_diffusion.tt.ttnn_functional_unet_2d_condition_model_new_conv:__call__:491 - Up block 0
2026-05-29 08:11:19.544 | INFO     | models.demos.wormhole.stable_diffusion.tt.ttnn_functional_unet_2d_condition_model_new_conv:__call__:491 - Up block 1
2026-05-29 08:11:19.549 | INFO     | models.demos.wormhole.stable_diffusion.tt.ttnn_functional_unet_2d_condition_model_new_conv:__call__:491 - Up block 2
2026-05-29 08:11:19.557 | INFO     | models.demos.wormhole.stable_diffusion.tt.ttnn_functional_unet_2d_condition_model_new_conv:__call__:491 - Up block 3
2026-05-29 08:11:19.577 | INFO     | models.demos.wormhole.stable_diffusion.tt.ttnn_functional_unet_2d_condition_model_new_conv:__call__:406 - Down block 0
2026-05-29 08:11:19.583 | info     |              Op | act_block_h_override 2 is not a valid override for padded_output_height_ntiles_per_core 7, instead 1 was selected as closest valid option! (conv2d_utils.cpp:401)
2026-05-29 08:11:19.583 | INFO     | models.demos.wormhole.stable_diffusion.tt.ttnn_functional_unet_2d_condition_model_new_conv:__call__:406 - Down block 1
2026-05-29 08:11:19.588 | INFO     | models.demos.wormhole.stable_diffusion.tt.ttnn_functional_unet_2d_condition_model_new_conv:__call__:406 - Down block 2
2026-05-29 08:11:19.591 | INFO     | models.demos.wormhole.stable_diffusion.tt.ttnn_functional_unet_2d_condition_model_new_conv:__call__:406 - Down block 3
2026-05-29 08:11:19.592 | INFO     | models.demos.wormhole.stable_diffusion.tt.ttnn_functional_unet_2d_condition_model_new_conv:__call__:460 - Mid block
2026-05-29 08:11:19.592 | warning  |              Op | Mismatch between computed MemoryConfig(memory_layout=TensorMemoryLayout::BLOCK_SHARDED,buffer_type=BufferType::L1,shard_spec=ShardSpec(grid={[(x=0,y=0) - (x=7,y=3)]},shape={32, 160},orientation=ShardOrientation::ROW_MAJOR),nd_shard_spec=NdShardSpec(shard_shape=Shape([32, 160]),grid={[(x=0,y=0) - (x=7,y=3)]},orientation=ShardOrientation::ROW_MAJOR,shard_distribution_strategy=ShardDistributionStrategy::GRID_2D),created_with_nd_shard_spec=0) and provided MemoryConfig(memory_layout=TensorMemoryLayout::BLOCK_SHARDED,buffer_type=BufferType::L1,shard_spec=ShardSpec(grid={[(x=0,y=0) - (x=7,y=7)]},shape={32, 160},orientation=ShardOrientation::ROW_MAJOR),nd_shard_spec=std::nullopt,created_with_nd_shard_spec=0) mem config. Using computed config. (matmul_op.cpp:1674)
2026-05-29 08:11:19.594 | INFO     | models.demos.wormhole.stable_diffusion.tt.ttnn_functional_unet_2d_condition_model_new_conv:__call__:491 - Up block 0
2026-05-29 08:11:19.595 | INFO     | models.demos.wormhole.stable_diffusion.tt.ttnn_functional_unet_2d_condition_model_new_conv:__call__:491 - Up block 1
2026-05-29 08:11:19.600 | INFO     | models.demos.wormhole.stable_diffusion.tt.ttnn_functional_unet_2d_condition_model_new_conv:__call__:491 - Up block 2
2026-05-29 08:11:19.608 | INFO     | models.demos.wormhole.stable_diffusion.tt.ttnn_functional_unet_2d_condition_model_new_conv:__call__:491 - Up block 3
2026-05-29 08:11:19.629 | INFO     | models.demos.wormhole.stable_diffusion.tt.ttnn_functional_unet_2d_condition_model_new_conv:__call__:406 - Down block 0
2026-05-29 08:11:19.634 | info     |              Op | act_block_h_override 2 is not a valid override for padded_output_height_ntiles_per_core 7, instead 1 was selected as closest valid option! (conv2d_utils.cpp:401)
2026-05-29 08:11:19.635 | INFO     | models.demos.wormhole.stable_diffusion.tt.ttnn_functional_unet_2d_condition_model_new_conv:__call__:406 - Down block 1
2026-05-29 08:11:19.640 | INFO     | models.demos.wormhole.stable_diffusion.tt.ttnn_functional_unet_2d_condition_model_new_conv:__call__:406 - Down block 2
2026-05-29 08:11:19.644 | INFO     | models.demos.wormhole.stable_diffusion.tt.ttnn_functional_unet_2d_condition_model_new_conv:__call__:406 - Down block 3
2026-05-29 08:11:19.644 | INFO     | models.demos.wormhole.stable_diffusion.tt.ttnn_functional_unet_2d_condition_model_new_conv:__call__:460 - Mid block
2026-05-29 08:11:19.645 | warning  |              Op | Mismatch between computed MemoryConfig(memory_layout=TensorMemoryLayout::BLOCK_SHARDED,buffer_type=BufferType::L1,shard_spec=ShardSpec(grid={[(x=0,y=0) - (x=7,y=3)]},shape={32, 160},orientation=ShardOrientation::ROW_MAJOR),nd_shard_spec=NdShardSpec(shard_shape=Shape([32, 160]),grid={[(x=0,y=0) - (x=7,y=3)]},orientation=ShardOrientation::ROW_MAJOR,shard_distribution_strategy=ShardDistributionStrategy::GRID_2D),created_with_nd_shard_spec=0) and provided MemoryConfig(memory_layout=TensorMemoryLayout::BLOCK_SHARDED,buffer_type=BufferType::L1,shard_spec=ShardSpec(grid={[(x=0,y=0) - (x=7,y=7)]},shape={32, 160},orientation=ShardOrientation::ROW_MAJOR),nd_shard_spec=std::nullopt,created_with_nd_shard_spec=0) mem config. Using computed config. (matmul_op.cpp:1674)
2026-05-29 08:11:19.646 | INFO     | models.demos.wormhole.stable_diffusion.tt.ttnn_functional_unet_2d_condition_model_new_conv:__call__:491 - Up block 0
2026-05-29 08:11:19.648 | INFO     | models.demos.wormhole.stable_diffusion.tt.ttnn_functional_unet_2d_condition_model_new_conv:__call__:491 - Up block 1
2026-05-29 08:11:19.653 | INFO     | models.demos.wormhole.stable_diffusion.tt.ttnn_functional_unet_2d_condition_model_new_conv:__call__:491 - Up block 2
2026-05-29 08:11:19.661 | INFO     | models.demos.wormhole.stable_diffusion.tt.ttnn_functional_unet_2d_condition_model_new_conv:__call__:491 - Up block 3
2026-05-29 08:11:19.681 | INFO     | models.demos.wormhole.stable_diffusion.tt.ttnn_functional_unet_2d_condition_model_new_conv:__call__:406 - Down block 0
2026-05-29 08:11:19.686 | info     |              Op | act_block_h_override 2 is not a valid override for padded_output_height_ntiles_per_core 7, instead 1 was selected as closest valid option! (conv2d_utils.cpp:401)
2026-05-29 08:11:19.687 | INFO     | models.demos.wormhole.stable_diffusion.tt.ttnn_functional_unet_2d_condition_model_new_conv:__call__:406 - Down block 1
2026-05-29 08:11:19.692 | INFO     | models.demos.wormhole.stable_diffusion.tt.ttnn_functional_unet_2d_condition_model_new_conv:__call__:406 - Down block 2
2026-05-29 08:11:19.695 | INFO     | models.demos.wormhole.stable_diffusion.tt.ttnn_functional_unet_2d_condition_model_new_conv:__call__:406 - Down block 3
2026-05-29 08:11:19.696 | INFO     | models.demos.wormhole.stable_diffusion.tt.ttnn_functional_unet_2d_condition_model_new_conv:__call__:460 - Mid block
2026-05-29 08:11:19.696 | warning  |              Op | Mismatch between computed MemoryConfig(memory_layout=TensorMemoryLayout::BLOCK_SHARDED,buffer_type=BufferType::L1,shard_spec=ShardSpec(grid={[(x=0,y=0) - (x=7,y=3)]},shape={32, 160},orientation=ShardOrientation::ROW_MAJOR),nd_shard_spec=NdShardSpec(shard_shape=Shape([32, 160]),grid={[(x=0,y=0) - (x=7,y=3)]},orientation=ShardOrientation::ROW_MAJOR,shard_distribution_strategy=ShardDistributionStrategy::GRID_2D),created_with_nd_shard_spec=0) and provided MemoryConfig(memory_layout=TensorMemoryLayout::BLOCK_SHARDED,buffer_type=BufferType::L1,shard_spec=ShardSpec(grid={[(x=0,y=0) - (x=7,y=7)]},shape={32, 160},orientation=ShardOrientation::ROW_MAJOR),nd_shard_spec=std::nullopt,created_with_nd_shard_spec=0) mem config. Using computed config. (matmul_op.cpp:1674)
2026-05-29 08:11:19.698 | INFO     | models.demos.wormhole.stable_diffusion.tt.ttnn_functional_unet_2d_condition_model_new_conv:__call__:491 - Up block 0
2026-05-29 08:11:19.699 | INFO     | models.demos.wormhole.stable_diffusion.tt.ttnn_functional_unet_2d_condition_model_new_conv:__call__:491 - Up block 1
2026-05-29 08:11:19.704 | INFO     | models.demos.wormhole.stable_diffusion.tt.ttnn_functional_unet_2d_condition_model_new_conv:__call__:491 - Up block 2
2026-05-29 08:11:19.712 | INFO     | models.demos.wormhole.stable_diffusion.tt.ttnn_functional_unet_2d_condition_model_new_conv:__call__:491 - Up block 3
  Step 30/41
2026-05-29 08:11:19.735 | INFO     | models.demos.wormhole.stable_diffusion.tt.ttnn_functional_unet_2d_condition_model_new_conv:__call__:406 - Down block 0
2026-05-29 08:11:19.741 | info     |              Op | act_block_h_override 2 is not a valid override for padded_output_height_ntiles_per_core 7, instead 1 was selected as closest valid option! (conv2d_utils.cpp:401)
2026-05-29 08:11:19.741 | INFO     | models.demos.wormhole.stable_diffusion.tt.ttnn_functional_unet_2d_condition_model_new_conv:__call__:406 - Down block 1
2026-05-29 08:11:19.747 | INFO     | models.demos.wormhole.stable_diffusion.tt.ttnn_functional_unet_2d_condition_model_new_conv:__call__:406 - Down block 2
2026-05-29 08:11:19.751 | INFO     | models.demos.wormhole.stable_diffusion.tt.ttnn_functional_unet_2d_condition_model_new_conv:__call__:406 - Down block 3
2026-05-29 08:11:19.751 | INFO     | models.demos.wormhole.stable_diffusion.tt.ttnn_functional_unet_2d_condition_model_new_conv:__call__:460 - Mid block
2026-05-29 08:11:19.752 | warning  |              Op | Mismatch between computed MemoryConfig(memory_layout=TensorMemoryLayout::BLOCK_SHARDED,buffer_type=BufferType::L1,shard_spec=ShardSpec(grid={[(x=0,y=0) - (x=7,y=3)]},shape={32, 160},orientation=ShardOrientation::ROW_MAJOR),nd_shard_spec=NdShardSpec(shard_shape=Shape([32, 160]),grid={[(x=0,y=0) - (x=7,y=3)]},orientation=ShardOrientation::ROW_MAJOR,shard_distribution_strategy=ShardDistributionStrategy::GRID_2D),created_with_nd_shard_spec=0) and provided MemoryConfig(memory_layout=TensorMemoryLayout::BLOCK_SHARDED,buffer_type=BufferType::L1,shard_spec=ShardSpec(grid={[(x=0,y=0) - (x=7,y=7)]},shape={32, 160},orientation=ShardOrientation::ROW_MAJOR),nd_shard_spec=std::nullopt,created_with_nd_shard_spec=0) mem config. Using computed config. (matmul_op.cpp:1674)
2026-05-29 08:11:19.753 | INFO     | models.demos.wormhole.stable_diffusion.tt.ttnn_functional_unet_2d_condition_model_new_conv:__call__:491 - Up block 0
2026-05-29 08:11:19.755 | INFO     | models.demos.wormhole.stable_diffusion.tt.ttnn_functional_unet_2d_condition_model_new_conv:__call__:491 - Up block 1
2026-05-29 08:11:19.760 | INFO     | models.demos.wormhole.stable_diffusion.tt.ttnn_functional_unet_2d_condition_model_new_conv:__call__:491 - Up block 2
2026-05-29 08:11:19.768 | INFO     | models.demos.wormhole.stable_diffusion.tt.ttnn_functional_unet_2d_condition_model_new_conv:__call__:491 - Up block 3
2026-05-29 08:11:19.788 | INFO     | models.demos.wormhole.stable_diffusion.tt.ttnn_functional_unet_2d_condition_model_new_conv:__call__:406 - Down block 0
2026-05-29 08:11:19.794 | info     |              Op | act_block_h_override 2 is not a valid override for padded_output_height_ntiles_per_core 7, instead 1 was selected as closest valid option! (conv2d_utils.cpp:401)
2026-05-29 08:11:19.794 | INFO     | models.demos.wormhole.stable_diffusion.tt.ttnn_functional_unet_2d_condition_model_new_conv:__call__:406 - Down block 1
2026-05-29 08:11:19.800 | INFO     | models.demos.wormhole.stable_diffusion.tt.ttnn_functional_unet_2d_condition_model_new_conv:__call__:406 - Down block 2
2026-05-29 08:11:19.803 | INFO     | models.demos.wormhole.stable_diffusion.tt.ttnn_functional_unet_2d_condition_model_new_conv:__call__:406 - Down block 3
2026-05-29 08:11:19.804 | INFO     | models.demos.wormhole.stable_diffusion.tt.ttnn_functional_unet_2d_condition_model_new_conv:__call__:460 - Mid block
2026-05-29 08:11:19.804 | warning  |              Op | Mismatch between computed MemoryConfig(memory_layout=TensorMemoryLayout::BLOCK_SHARDED,buffer_type=BufferType::L1,shard_spec=ShardSpec(grid={[(x=0,y=0) - (x=7,y=3)]},shape={32, 160},orientation=ShardOrientation::ROW_MAJOR),nd_shard_spec=NdShardSpec(shard_shape=Shape([32, 160]),grid={[(x=0,y=0) - (x=7,y=3)]},orientation=ShardOrientation::ROW_MAJOR,shard_distribution_strategy=ShardDistributionStrategy::GRID_2D),created_with_nd_shard_spec=0) and provided MemoryConfig(memory_layout=TensorMemoryLayout::BLOCK_SHARDED,buffer_type=BufferType::L1,shard_spec=ShardSpec(grid={[(x=0,y=0) - (x=7,y=7)]},shape={32, 160},orientation=ShardOrientation::ROW_MAJOR),nd_shard_spec=std::nullopt,created_with_nd_shard_spec=0) mem config. Using computed config. (matmul_op.cpp:1674)
2026-05-29 08:11:19.806 | INFO     | models.demos.wormhole.stable_diffusion.tt.ttnn_functional_unet_2d_condition_model_new_conv:__call__:491 - Up block 0
2026-05-29 08:11:19.807 | INFO     | models.demos.wormhole.stable_diffusion.tt.ttnn_functional_unet_2d_condition_model_new_conv:__call__:491 - Up block 1
2026-05-29 08:11:19.812 | INFO     | models.demos.wormhole.stable_diffusion.tt.ttnn_functional_unet_2d_condition_model_new_conv:__call__:491 - Up block 2
2026-05-29 08:11:19.820 | INFO     | models.demos.wormhole.stable_diffusion.tt.ttnn_functional_unet_2d_condition_model_new_conv:__call__:491 - Up block 3
2026-05-29 08:11:19.840 | INFO     | models.demos.wormhole.stable_diffusion.tt.ttnn_functional_unet_2d_condition_model_new_conv:__call__:406 - Down block 0
2026-05-29 08:11:19.846 | info     |              Op | act_block_h_override 2 is not a valid override for padded_output_height_ntiles_per_core 7, instead 1 was selected as closest valid option! (conv2d_utils.cpp:401)
2026-05-29 08:11:19.846 | INFO     | models.demos.wormhole.stable_diffusion.tt.ttnn_functional_unet_2d_condition_model_new_conv:__call__:406 - Down block 1
2026-05-29 08:11:19.852 | INFO     | models.demos.wormhole.stable_diffusion.tt.ttnn_functional_unet_2d_condition_model_new_conv:__call__:406 - Down block 2
2026-05-29 08:11:19.855 | INFO     | models.demos.wormhole.stable_diffusion.tt.ttnn_functional_unet_2d_condition_model_new_conv:__call__:406 - Down block 3
2026-05-29 08:11:19.856 | INFO     | models.demos.wormhole.stable_diffusion.tt.ttnn_functional_unet_2d_condition_model_new_conv:__call__:460 - Mid block
2026-05-29 08:11:19.856 | warning  |              Op | Mismatch between computed MemoryConfig(memory_layout=TensorMemoryLayout::BLOCK_SHARDED,buffer_type=BufferType::L1,shard_spec=ShardSpec(grid={[(x=0,y=0) - (x=7,y=3)]},shape={32, 160},orientation=ShardOrientation::ROW_MAJOR),nd_shard_spec=NdShardSpec(shard_shape=Shape([32, 160]),grid={[(x=0,y=0) - (x=7,y=3)]},orientation=ShardOrientation::ROW_MAJOR,shard_distribution_strategy=ShardDistributionStrategy::GRID_2D),created_with_nd_shard_spec=0) and provided MemoryConfig(memory_layout=TensorMemoryLayout::BLOCK_SHARDED,buffer_type=BufferType::L1,shard_spec=ShardSpec(grid={[(x=0,y=0) - (x=7,y=7)]},shape={32, 160},orientation=ShardOrientation::ROW_MAJOR),nd_shard_spec=std::nullopt,created_with_nd_shard_spec=0) mem config. Using computed config. (matmul_op.cpp:1674)
2026-05-29 08:11:19.858 | INFO     | models.demos.wormhole.stable_diffusion.tt.ttnn_functional_unet_2d_condition_model_new_conv:__call__:491 - Up block 0
2026-05-29 08:11:19.859 | INFO     | models.demos.wormhole.stable_diffusion.tt.ttnn_functional_unet_2d_condition_model_new_conv:__call__:491 - Up block 1
2026-05-29 08:11:19.864 | INFO     | models.demos.wormhole.stable_diffusion.tt.ttnn_functional_unet_2d_condition_model_new_conv:__call__:491 - Up block 2
2026-05-29 08:11:19.872 | INFO     | models.demos.wormhole.stable_diffusion.tt.ttnn_functional_unet_2d_condition_model_new_conv:__call__:491 - Up block 3
2026-05-29 08:11:19.892 | INFO     | models.demos.wormhole.stable_diffusion.tt.ttnn_functional_unet_2d_condition_model_new_conv:__call__:406 - Down block 0
2026-05-29 08:11:19.898 | info     |              Op | act_block_h_override 2 is not a valid override for padded_output_height_ntiles_per_core 7, instead 1 was selected as closest valid option! (conv2d_utils.cpp:401)
2026-05-29 08:11:19.898 | INFO     | models.demos.wormhole.stable_diffusion.tt.ttnn_functional_unet_2d_condition_model_new_conv:__call__:406 - Down block 1
2026-05-29 08:11:19.903 | INFO     | models.demos.wormhole.stable_diffusion.tt.ttnn_functional_unet_2d_condition_model_new_conv:__call__:406 - Down block 2
2026-05-29 08:11:19.907 | INFO     | models.demos.wormhole.stable_diffusion.tt.ttnn_functional_unet_2d_condition_model_new_conv:__call__:406 - Down block 3
2026-05-29 08:11:19.908 | INFO     | models.demos.wormhole.stable_diffusion.tt.ttnn_functional_unet_2d_condition_model_new_conv:__call__:460 - Mid block
2026-05-29 08:11:19.908 | warning  |              Op | Mismatch between computed MemoryConfig(memory_layout=TensorMemoryLayout::BLOCK_SHARDED,buffer_type=BufferType::L1,shard_spec=ShardSpec(grid={[(x=0,y=0) - (x=7,y=3)]},shape={32, 160},orientation=ShardOrientation::ROW_MAJOR),nd_shard_spec=NdShardSpec(shard_shape=Shape([32, 160]),grid={[(x=0,y=0) - (x=7,y=3)]},orientation=ShardOrientation::ROW_MAJOR,shard_distribution_strategy=ShardDistributionStrategy::GRID_2D),created_with_nd_shard_spec=0) and provided MemoryConfig(memory_layout=TensorMemoryLayout::BLOCK_SHARDED,buffer_type=BufferType::L1,shard_spec=ShardSpec(grid={[(x=0,y=0) - (x=7,y=7)]},shape={32, 160},orientation=ShardOrientation::ROW_MAJOR),nd_shard_spec=std::nullopt,created_with_nd_shard_spec=0) mem config. Using computed config. (matmul_op.cpp:1674)
2026-05-29 08:11:19.910 | INFO     | models.demos.wormhole.stable_diffusion.tt.ttnn_functional_unet_2d_condition_model_new_conv:__call__:491 - Up block 0
2026-05-29 08:11:19.911 | INFO     | models.demos.wormhole.stable_diffusion.tt.ttnn_functional_unet_2d_condition_model_new_conv:__call__:491 - Up block 1
2026-05-29 08:11:19.916 | INFO     | models.demos.wormhole.stable_diffusion.tt.ttnn_functional_unet_2d_condition_model_new_conv:__call__:491 - Up block 2
2026-05-29 08:11:19.924 | INFO     | models.demos.wormhole.stable_diffusion.tt.ttnn_functional_unet_2d_condition_model_new_conv:__call__:491 - Up block 3
2026-05-29 08:11:19.944 | INFO     | models.demos.wormhole.stable_diffusion.tt.ttnn_functional_unet_2d_condition_model_new_conv:__call__:406 - Down block 0
2026-05-29 08:11:19.950 | info     |              Op | act_block_h_override 2 is not a valid override for padded_output_height_ntiles_per_core 7, instead 1 was selected as closest valid option! (conv2d_utils.cpp:401)
2026-05-29 08:11:19.950 | INFO     | models.demos.wormhole.stable_diffusion.tt.ttnn_functional_unet_2d_condition_model_new_conv:__call__:406 - Down block 1
2026-05-29 08:11:19.955 | INFO     | models.demos.wormhole.stable_diffusion.tt.ttnn_functional_unet_2d_condition_model_new_conv:__call__:406 - Down block 2
2026-05-29 08:11:19.958 | INFO     | models.demos.wormhole.stable_diffusion.tt.ttnn_functional_unet_2d_condition_model_new_conv:__call__:406 - Down block 3
2026-05-29 08:11:19.959 | INFO     | models.demos.wormhole.stable_diffusion.tt.ttnn_functional_unet_2d_condition_model_new_conv:__call__:460 - Mid block
2026-05-29 08:11:19.960 | warning  |              Op | Mismatch between computed MemoryConfig(memory_layout=TensorMemoryLayout::BLOCK_SHARDED,buffer_type=BufferType::L1,shard_spec=ShardSpec(grid={[(x=0,y=0) - (x=7,y=3)]},shape={32, 160},orientation=ShardOrientation::ROW_MAJOR),nd_shard_spec=NdShardSpec(shard_shape=Shape([32, 160]),grid={[(x=0,y=0) - (x=7,y=3)]},orientation=ShardOrientation::ROW_MAJOR,shard_distribution_strategy=ShardDistributionStrategy::GRID_2D),created_with_nd_shard_spec=0) and provided MemoryConfig(memory_layout=TensorMemoryLayout::BLOCK_SHARDED,buffer_type=BufferType::L1,shard_spec=ShardSpec(grid={[(x=0,y=0) - (x=7,y=7)]},shape={32, 160},orientation=ShardOrientation::ROW_MAJOR),nd_shard_spec=std::nullopt,created_with_nd_shard_spec=0) mem config. Using computed config. (matmul_op.cpp:1674)
2026-05-29 08:11:19.961 | INFO     | models.demos.wormhole.stable_diffusion.tt.ttnn_functional_unet_2d_condition_model_new_conv:__call__:491 - Up block 0
2026-05-29 08:11:19.962 | INFO     | models.demos.wormhole.stable_diffusion.tt.ttnn_functional_unet_2d_condition_model_new_conv:__call__:491 - Up block 1
2026-05-29 08:11:19.967 | INFO     | models.demos.wormhole.stable_diffusion.tt.ttnn_functional_unet_2d_condition_model_new_conv:__call__:491 - Up block 2
2026-05-29 08:11:19.975 | INFO     | models.demos.wormhole.stable_diffusion.tt.ttnn_functional_unet_2d_condition_model_new_conv:__call__:491 - Up block 3
2026-05-29 08:11:19.996 | INFO     | models.demos.wormhole.stable_diffusion.tt.ttnn_functional_unet_2d_condition_model_new_conv:__call__:406 - Down block 0
2026-05-29 08:11:20.002 | info     |              Op | act_block_h_override 2 is not a valid override for padded_output_height_ntiles_per_core 7, instead 1 was selected as closest valid option! (conv2d_utils.cpp:401)
2026-05-29 08:11:20.002 | INFO     | models.demos.wormhole.stable_diffusion.tt.ttnn_functional_unet_2d_condition_model_new_conv:__call__:406 - Down block 1
2026-05-29 08:11:20.008 | INFO     | models.demos.wormhole.stable_diffusion.tt.ttnn_functional_unet_2d_condition_model_new_conv:__call__:406 - Down block 2
2026-05-29 08:11:20.011 | INFO     | models.demos.wormhole.stable_diffusion.tt.ttnn_functional_unet_2d_condition_model_new_conv:__call__:406 - Down block 3
2026-05-29 08:11:20.012 | INFO     | models.demos.wormhole.stable_diffusion.tt.ttnn_functional_unet_2d_condition_model_new_conv:__call__:460 - Mid block
2026-05-29 08:11:20.013 | warning  |              Op | Mismatch between computed MemoryConfig(memory_layout=TensorMemoryLayout::BLOCK_SHARDED,buffer_type=BufferType::L1,shard_spec=ShardSpec(grid={[(x=0,y=0) - (x=7,y=3)]},shape={32, 160},orientation=ShardOrientation::ROW_MAJOR),nd_shard_spec=NdShardSpec(shard_shape=Shape([32, 160]),grid={[(x=0,y=0) - (x=7,y=3)]},orientation=ShardOrientation::ROW_MAJOR,shard_distribution_strategy=ShardDistributionStrategy::GRID_2D),created_with_nd_shard_spec=0) and provided MemoryConfig(memory_layout=TensorMemoryLayout::BLOCK_SHARDED,buffer_type=BufferType::L1,shard_spec=ShardSpec(grid={[(x=0,y=0) - (x=7,y=7)]},shape={32, 160},orientation=ShardOrientation::ROW_MAJOR),nd_shard_spec=std::nullopt,created_with_nd_shard_spec=0) mem config. Using computed config. (matmul_op.cpp:1674)
2026-05-29 08:11:20.014 | INFO     | models.demos.wormhole.stable_diffusion.tt.ttnn_functional_unet_2d_condition_model_new_conv:__call__:491 - Up block 0
2026-05-29 08:11:20.015 | INFO     | models.demos.wormhole.stable_diffusion.tt.ttnn_functional_unet_2d_condition_model_new_conv:__call__:491 - Up block 1
2026-05-29 08:11:20.020 | INFO     | models.demos.wormhole.stable_diffusion.tt.ttnn_functional_unet_2d_condition_model_new_conv:__call__:491 - Up block 2
2026-05-29 08:11:20.029 | INFO     | models.demos.wormhole.stable_diffusion.tt.ttnn_functional_unet_2d_condition_model_new_conv:__call__:491 - Up block 3
2026-05-29 08:11:20.049 | INFO     | models.demos.wormhole.stable_diffusion.tt.ttnn_functional_unet_2d_condition_model_new_conv:__call__:406 - Down block 0
2026-05-29 08:11:20.054 | info     |              Op | act_block_h_override 2 is not a valid override for padded_output_height_ntiles_per_core 7, instead 1 was selected as closest valid option! (conv2d_utils.cpp:401)
2026-05-29 08:11:20.054 | INFO     | models.demos.wormhole.stable_diffusion.tt.ttnn_functional_unet_2d_condition_model_new_conv:__call__:406 - Down block 1
2026-05-29 08:11:20.060 | INFO     | models.demos.wormhole.stable_diffusion.tt.ttnn_functional_unet_2d_condition_model_new_conv:__call__:406 - Down block 2
2026-05-29 08:11:20.063 | INFO     | models.demos.wormhole.stable_diffusion.tt.ttnn_functional_unet_2d_condition_model_new_conv:__call__:406 - Down block 3
2026-05-29 08:11:20.064 | INFO     | models.demos.wormhole.stable_diffusion.tt.ttnn_functional_unet_2d_condition_model_new_conv:__call__:460 - Mid block
2026-05-29 08:11:20.064 | warning  |              Op | Mismatch between computed MemoryConfig(memory_layout=TensorMemoryLayout::BLOCK_SHARDED,buffer_type=BufferType::L1,shard_spec=ShardSpec(grid={[(x=0,y=0) - (x=7,y=3)]},shape={32, 160},orientation=ShardOrientation::ROW_MAJOR),nd_shard_spec=NdShardSpec(shard_shape=Shape([32, 160]),grid={[(x=0,y=0) - (x=7,y=3)]},orientation=ShardOrientation::ROW_MAJOR,shard_distribution_strategy=ShardDistributionStrategy::GRID_2D),created_with_nd_shard_spec=0) and provided MemoryConfig(memory_layout=TensorMemoryLayout::BLOCK_SHARDED,buffer_type=BufferType::L1,shard_spec=ShardSpec(grid={[(x=0,y=0) - (x=7,y=7)]},shape={32, 160},orientation=ShardOrientation::ROW_MAJOR),nd_shard_spec=std::nullopt,created_with_nd_shard_spec=0) mem config. Using computed config. (matmul_op.cpp:1674)
2026-05-29 08:11:20.066 | INFO     | models.demos.wormhole.stable_diffusion.tt.ttnn_functional_unet_2d_condition_model_new_conv:__call__:491 - Up block 0
2026-05-29 08:11:20.067 | INFO     | models.demos.wormhole.stable_diffusion.tt.ttnn_functional_unet_2d_condition_model_new_conv:__call__:491 - Up block 1
2026-05-29 08:11:20.072 | INFO     | models.demos.wormhole.stable_diffusion.tt.ttnn_functional_unet_2d_condition_model_new_conv:__call__:491 - Up block 2
2026-05-29 08:11:20.080 | INFO     | models.demos.wormhole.stable_diffusion.tt.ttnn_functional_unet_2d_condition_model_new_conv:__call__:491 - Up block 3
2026-05-29 08:11:20.100 | INFO     | models.demos.wormhole.stable_diffusion.tt.ttnn_functional_unet_2d_condition_model_new_conv:__call__:406 - Down block 0
2026-05-29 08:11:20.106 | info     |              Op | act_block_h_override 2 is not a valid override for padded_output_height_ntiles_per_core 7, instead 1 was selected as closest valid option! (conv2d_utils.cpp:401)
2026-05-29 08:11:20.106 | INFO     | models.demos.wormhole.stable_diffusion.tt.ttnn_functional_unet_2d_condition_model_new_conv:__call__:406 - Down block 1
2026-05-29 08:11:20.112 | INFO     | models.demos.wormhole.stable_diffusion.tt.ttnn_functional_unet_2d_condition_model_new_conv:__call__:406 - Down block 2
2026-05-29 08:11:20.115 | INFO     | models.demos.wormhole.stable_diffusion.tt.ttnn_functional_unet_2d_condition_model_new_conv:__call__:406 - Down block 3
2026-05-29 08:11:20.116 | INFO     | models.demos.wormhole.stable_diffusion.tt.ttnn_functional_unet_2d_condition_model_new_conv:__call__:460 - Mid block
2026-05-29 08:11:20.116 | warning  |              Op | Mismatch between computed MemoryConfig(memory_layout=TensorMemoryLayout::BLOCK_SHARDED,buffer_type=BufferType::L1,shard_spec=ShardSpec(grid={[(x=0,y=0) - (x=7,y=3)]},shape={32, 160},orientation=ShardOrientation::ROW_MAJOR),nd_shard_spec=NdShardSpec(shard_shape=Shape([32, 160]),grid={[(x=0,y=0) - (x=7,y=3)]},orientation=ShardOrientation::ROW_MAJOR,shard_distribution_strategy=ShardDistributionStrategy::GRID_2D),created_with_nd_shard_spec=0) and provided MemoryConfig(memory_layout=TensorMemoryLayout::BLOCK_SHARDED,buffer_type=BufferType::L1,shard_spec=ShardSpec(grid={[(x=0,y=0) - (x=7,y=7)]},shape={32, 160},orientation=ShardOrientation::ROW_MAJOR),nd_shard_spec=std::nullopt,created_with_nd_shard_spec=0) mem config. Using computed config. (matmul_op.cpp:1674)
2026-05-29 08:11:20.118 | INFO     | models.demos.wormhole.stable_diffusion.tt.ttnn_functional_unet_2d_condition_model_new_conv:__call__:491 - Up block 0
2026-05-29 08:11:20.119 | INFO     | models.demos.wormhole.stable_diffusion.tt.ttnn_functional_unet_2d_condition_model_new_conv:__call__:491 - Up block 1
2026-05-29 08:11:20.124 | INFO     | models.demos.wormhole.stable_diffusion.tt.ttnn_functional_unet_2d_condition_model_new_conv:__call__:491 - Up block 2
2026-05-29 08:11:20.132 | INFO     | models.demos.wormhole.stable_diffusion.tt.ttnn_functional_unet_2d_condition_model_new_conv:__call__:491 - Up block 3
  Step 31/41
2026-05-29 08:11:20.155 | INFO     | models.demos.wormhole.stable_diffusion.tt.ttnn_functional_unet_2d_condition_model_new_conv:__call__:406 - Down block 0
2026-05-29 08:11:20.160 | info     |              Op | act_block_h_override 2 is not a valid override for padded_output_height_ntiles_per_core 7, instead 1 was selected as closest valid option! (conv2d_utils.cpp:401)
2026-05-29 08:11:20.161 | INFO     | models.demos.wormhole.stable_diffusion.tt.ttnn_functional_unet_2d_condition_model_new_conv:__call__:406 - Down block 1
2026-05-29 08:11:20.166 | INFO     | models.demos.wormhole.stable_diffusion.tt.ttnn_functional_unet_2d_condition_model_new_conv:__call__:406 - Down block 2
2026-05-29 08:11:20.170 | INFO     | models.demos.wormhole.stable_diffusion.tt.ttnn_functional_unet_2d_condition_model_new_conv:__call__:406 - Down block 3
2026-05-29 08:11:20.170 | INFO     | models.demos.wormhole.stable_diffusion.tt.ttnn_functional_unet_2d_condition_model_new_conv:__call__:460 - Mid block
2026-05-29 08:11:20.171 | warning  |              Op | Mismatch between computed MemoryConfig(memory_layout=TensorMemoryLayout::BLOCK_SHARDED,buffer_type=BufferType::L1,shard_spec=ShardSpec(grid={[(x=0,y=0) - (x=7,y=3)]},shape={32, 160},orientation=ShardOrientation::ROW_MAJOR),nd_shard_spec=NdShardSpec(shard_shape=Shape([32, 160]),grid={[(x=0,y=0) - (x=7,y=3)]},orientation=ShardOrientation::ROW_MAJOR,shard_distribution_strategy=ShardDistributionStrategy::GRID_2D),created_with_nd_shard_spec=0) and provided MemoryConfig(memory_layout=TensorMemoryLayout::BLOCK_SHARDED,buffer_type=BufferType::L1,shard_spec=ShardSpec(grid={[(x=0,y=0) - (x=7,y=7)]},shape={32, 160},orientation=ShardOrientation::ROW_MAJOR),nd_shard_spec=std::nullopt,created_with_nd_shard_spec=0) mem config. Using computed config. (matmul_op.cpp:1674)
2026-05-29 08:11:20.172 | INFO     | models.demos.wormhole.stable_diffusion.tt.ttnn_functional_unet_2d_condition_model_new_conv:__call__:491 - Up block 0
2026-05-29 08:11:20.174 | INFO     | models.demos.wormhole.stable_diffusion.tt.ttnn_functional_unet_2d_condition_model_new_conv:__call__:491 - Up block 1
2026-05-29 08:11:20.178 | INFO     | models.demos.wormhole.stable_diffusion.tt.ttnn_functional_unet_2d_condition_model_new_conv:__call__:491 - Up block 2
2026-05-29 08:11:20.187 | INFO     | models.demos.wormhole.stable_diffusion.tt.ttnn_functional_unet_2d_condition_model_new_conv:__call__:491 - Up block 3
2026-05-29 08:11:20.207 | INFO     | models.demos.wormhole.stable_diffusion.tt.ttnn_functional_unet_2d_condition_model_new_conv:__call__:406 - Down block 0
2026-05-29 08:11:20.212 | info     |              Op | act_block_h_override 2 is not a valid override for padded_output_height_ntiles_per_core 7, instead 1 was selected as closest valid option! (conv2d_utils.cpp:401)
2026-05-29 08:11:20.212 | INFO     | models.demos.wormhole.stable_diffusion.tt.ttnn_functional_unet_2d_condition_model_new_conv:__call__:406 - Down block 1
2026-05-29 08:11:20.218 | INFO     | models.demos.wormhole.stable_diffusion.tt.ttnn_functional_unet_2d_condition_model_new_conv:__call__:406 - Down block 2
2026-05-29 08:11:20.221 | INFO     | models.demos.wormhole.stable_diffusion.tt.ttnn_functional_unet_2d_condition_model_new_conv:__call__:406 - Down block 3
2026-05-29 08:11:20.222 | INFO     | models.demos.wormhole.stable_diffusion.tt.ttnn_functional_unet_2d_condition_model_new_conv:__call__:460 - Mid block
2026-05-29 08:11:20.222 | warning  |              Op | Mismatch between computed MemoryConfig(memory_layout=TensorMemoryLayout::BLOCK_SHARDED,buffer_type=BufferType::L1,shard_spec=ShardSpec(grid={[(x=0,y=0) - (x=7,y=3)]},shape={32, 160},orientation=ShardOrientation::ROW_MAJOR),nd_shard_spec=NdShardSpec(shard_shape=Shape([32, 160]),grid={[(x=0,y=0) - (x=7,y=3)]},orientation=ShardOrientation::ROW_MAJOR,shard_distribution_strategy=ShardDistributionStrategy::GRID_2D),created_with_nd_shard_spec=0) and provided MemoryConfig(memory_layout=TensorMemoryLayout::BLOCK_SHARDED,buffer_type=BufferType::L1,shard_spec=ShardSpec(grid={[(x=0,y=0) - (x=7,y=7)]},shape={32, 160},orientation=ShardOrientation::ROW_MAJOR),nd_shard_spec=std::nullopt,created_with_nd_shard_spec=0) mem config. Using computed config. (matmul_op.cpp:1674)
2026-05-29 08:11:20.224 | INFO     | models.demos.wormhole.stable_diffusion.tt.ttnn_functional_unet_2d_condition_model_new_conv:__call__:491 - Up block 0
2026-05-29 08:11:20.225 | INFO     | models.demos.wormhole.stable_diffusion.tt.ttnn_functional_unet_2d_condition_model_new_conv:__call__:491 - Up block 1
2026-05-29 08:11:20.230 | INFO     | models.demos.wormhole.stable_diffusion.tt.ttnn_functional_unet_2d_condition_model_new_conv:__call__:491 - Up block 2
2026-05-29 08:11:20.238 | INFO     | models.demos.wormhole.stable_diffusion.tt.ttnn_functional_unet_2d_condition_model_new_conv:__call__:491 - Up block 3
2026-05-29 08:11:20.258 | INFO     | models.demos.wormhole.stable_diffusion.tt.ttnn_functional_unet_2d_condition_model_new_conv:__call__:406 - Down block 0
2026-05-29 08:11:20.264 | info     |              Op | act_block_h_override 2 is not a valid override for padded_output_height_ntiles_per_core 7, instead 1 was selected as closest valid option! (conv2d_utils.cpp:401)
2026-05-29 08:11:20.264 | INFO     | models.demos.wormhole.stable_diffusion.tt.ttnn_functional_unet_2d_condition_model_new_conv:__call__:406 - Down block 1
2026-05-29 08:11:20.270 | INFO     | models.demos.wormhole.stable_diffusion.tt.ttnn_functional_unet_2d_condition_model_new_conv:__call__:406 - Down block 2
2026-05-29 08:11:20.273 | INFO     | models.demos.wormhole.stable_diffusion.tt.ttnn_functional_unet_2d_condition_model_new_conv:__call__:406 - Down block 3
2026-05-29 08:11:20.274 | INFO     | models.demos.wormhole.stable_diffusion.tt.ttnn_functional_unet_2d_condition_model_new_conv:__call__:460 - Mid block
2026-05-29 08:11:20.275 | warning  |              Op | Mismatch between computed MemoryConfig(memory_layout=TensorMemoryLayout::BLOCK_SHARDED,buffer_type=BufferType::L1,shard_spec=ShardSpec(grid={[(x=0,y=0) - (x=7,y=3)]},shape={32, 160},orientation=ShardOrientation::ROW_MAJOR),nd_shard_spec=NdShardSpec(shard_shape=Shape([32, 160]),grid={[(x=0,y=0) - (x=7,y=3)]},orientation=ShardOrientation::ROW_MAJOR,shard_distribution_strategy=ShardDistributionStrategy::GRID_2D),created_with_nd_shard_spec=0) and provided MemoryConfig(memory_layout=TensorMemoryLayout::BLOCK_SHARDED,buffer_type=BufferType::L1,shard_spec=ShardSpec(grid={[(x=0,y=0) - (x=7,y=7)]},shape={32, 160},orientation=ShardOrientation::ROW_MAJOR),nd_shard_spec=std::nullopt,created_with_nd_shard_spec=0) mem config. Using computed config. (matmul_op.cpp:1674)
2026-05-29 08:11:20.276 | INFO     | models.demos.wormhole.stable_diffusion.tt.ttnn_functional_unet_2d_condition_model_new_conv:__call__:491 - Up block 0
2026-05-29 08:11:20.277 | INFO     | models.demos.wormhole.stable_diffusion.tt.ttnn_functional_unet_2d_condition_model_new_conv:__call__:491 - Up block 1
2026-05-29 08:11:20.282 | INFO     | models.demos.wormhole.stable_diffusion.tt.ttnn_functional_unet_2d_condition_model_new_conv:__call__:491 - Up block 2
2026-05-29 08:11:20.290 | INFO     | models.demos.wormhole.stable_diffusion.tt.ttnn_functional_unet_2d_condition_model_new_conv:__call__:491 - Up block 3
2026-05-29 08:11:20.310 | INFO     | models.demos.wormhole.stable_diffusion.tt.ttnn_functional_unet_2d_condition_model_new_conv:__call__:406 - Down block 0
2026-05-29 08:11:20.316 | info     |              Op | act_block_h_override 2 is not a valid override for padded_output_height_ntiles_per_core 7, instead 1 was selected as closest valid option! (conv2d_utils.cpp:401)
2026-05-29 08:11:20.316 | INFO     | models.demos.wormhole.stable_diffusion.tt.ttnn_functional_unet_2d_condition_model_new_conv:__call__:406 - Down block 1
2026-05-29 08:11:20.322 | INFO     | models.demos.wormhole.stable_diffusion.tt.ttnn_functional_unet_2d_condition_model_new_conv:__call__:406 - Down block 2
2026-05-29 08:11:20.325 | INFO     | models.demos.wormhole.stable_diffusion.tt.ttnn_functional_unet_2d_condition_model_new_conv:__call__:406 - Down block 3
2026-05-29 08:11:20.326 | INFO     | models.demos.wormhole.stable_diffusion.tt.ttnn_functional_unet_2d_condition_model_new_conv:__call__:460 - Mid block
2026-05-29 08:11:20.326 | warning  |              Op | Mismatch between computed MemoryConfig(memory_layout=TensorMemoryLayout::BLOCK_SHARDED,buffer_type=BufferType::L1,shard_spec=ShardSpec(grid={[(x=0,y=0) - (x=7,y=3)]},shape={32, 160},orientation=ShardOrientation::ROW_MAJOR),nd_shard_spec=NdShardSpec(shard_shape=Shape([32, 160]),grid={[(x=0,y=0) - (x=7,y=3)]},orientation=ShardOrientation::ROW_MAJOR,shard_distribution_strategy=ShardDistributionStrategy::GRID_2D),created_with_nd_shard_spec=0) and provided MemoryConfig(memory_layout=TensorMemoryLayout::BLOCK_SHARDED,buffer_type=BufferType::L1,shard_spec=ShardSpec(grid={[(x=0,y=0) - (x=7,y=7)]},shape={32, 160},orientation=ShardOrientation::ROW_MAJOR),nd_shard_spec=std::nullopt,created_with_nd_shard_spec=0) mem config. Using computed config. (matmul_op.cpp:1674)
2026-05-29 08:11:20.328 | INFO     | models.demos.wormhole.stable_diffusion.tt.ttnn_functional_unet_2d_condition_model_new_conv:__call__:491 - Up block 0
2026-05-29 08:11:20.329 | INFO     | models.demos.wormhole.stable_diffusion.tt.ttnn_functional_unet_2d_condition_model_new_conv:__call__:491 - Up block 1
2026-05-29 08:11:20.334 | INFO     | models.demos.wormhole.stable_diffusion.tt.ttnn_functional_unet_2d_condition_model_new_conv:__call__:491 - Up block 2
2026-05-29 08:11:20.342 | INFO     | models.demos.wormhole.stable_diffusion.tt.ttnn_functional_unet_2d_condition_model_new_conv:__call__:491 - Up block 3
2026-05-29 08:11:20.362 | INFO     | models.demos.wormhole.stable_diffusion.tt.ttnn_functional_unet_2d_condition_model_new_conv:__call__:406 - Down block 0
2026-05-29 08:11:20.368 | info     |              Op | act_block_h_override 2 is not a valid override for padded_output_height_ntiles_per_core 7, instead 1 was selected as closest valid option! (conv2d_utils.cpp:401)
2026-05-29 08:11:20.368 | INFO     | models.demos.wormhole.stable_diffusion.tt.ttnn_functional_unet_2d_condition_model_new_conv:__call__:406 - Down block 1
2026-05-29 08:11:20.374 | INFO     | models.demos.wormhole.stable_diffusion.tt.ttnn_functional_unet_2d_condition_model_new_conv:__call__:406 - Down block 2
2026-05-29 08:11:20.377 | INFO     | models.demos.wormhole.stable_diffusion.tt.ttnn_functional_unet_2d_condition_model_new_conv:__call__:406 - Down block 3
2026-05-29 08:11:20.378 | INFO     | models.demos.wormhole.stable_diffusion.tt.ttnn_functional_unet_2d_condition_model_new_conv:__call__:460 - Mid block
2026-05-29 08:11:20.378 | warning  |              Op | Mismatch between computed MemoryConfig(memory_layout=TensorMemoryLayout::BLOCK_SHARDED,buffer_type=BufferType::L1,shard_spec=ShardSpec(grid={[(x=0,y=0) - (x=7,y=3)]},shape={32, 160},orientation=ShardOrientation::ROW_MAJOR),nd_shard_spec=NdShardSpec(shard_shape=Shape([32, 160]),grid={[(x=0,y=0) - (x=7,y=3)]},orientation=ShardOrientation::ROW_MAJOR,shard_distribution_strategy=ShardDistributionStrategy::GRID_2D),created_with_nd_shard_spec=0) and provided MemoryConfig(memory_layout=TensorMemoryLayout::BLOCK_SHARDED,buffer_type=BufferType::L1,shard_spec=ShardSpec(grid={[(x=0,y=0) - (x=7,y=7)]},shape={32, 160},orientation=ShardOrientation::ROW_MAJOR),nd_shard_spec=std::nullopt,created_with_nd_shard_spec=0) mem config. Using computed config. (matmul_op.cpp:1674)
2026-05-29 08:11:20.380 | INFO     | models.demos.wormhole.stable_diffusion.tt.ttnn_functional_unet_2d_condition_model_new_conv:__call__:491 - Up block 0
2026-05-29 08:11:20.381 | INFO     | models.demos.wormhole.stable_diffusion.tt.ttnn_functional_unet_2d_condition_model_new_conv:__call__:491 - Up block 1
2026-05-29 08:11:20.386 | INFO     | models.demos.wormhole.stable_diffusion.tt.ttnn_functional_unet_2d_condition_model_new_conv:__call__:491 - Up block 2
2026-05-29 08:11:20.394 | INFO     | models.demos.wormhole.stable_diffusion.tt.ttnn_functional_unet_2d_condition_model_new_conv:__call__:491 - Up block 3
2026-05-29 08:11:20.414 | INFO     | models.demos.wormhole.stable_diffusion.tt.ttnn_functional_unet_2d_condition_model_new_conv:__call__:406 - Down block 0
2026-05-29 08:11:20.420 | info     |              Op | act_block_h_override 2 is not a valid override for padded_output_height_ntiles_per_core 7, instead 1 was selected as closest valid option! (conv2d_utils.cpp:401)
2026-05-29 08:11:20.420 | INFO     | models.demos.wormhole.stable_diffusion.tt.ttnn_functional_unet_2d_condition_model_new_conv:__call__:406 - Down block 1
2026-05-29 08:11:20.425 | INFO     | models.demos.wormhole.stable_diffusion.tt.ttnn_functional_unet_2d_condition_model_new_conv:__call__:406 - Down block 2
2026-05-29 08:11:20.429 | INFO     | models.demos.wormhole.stable_diffusion.tt.ttnn_functional_unet_2d_condition_model_new_conv:__call__:406 - Down block 3
2026-05-29 08:11:20.429 | INFO     | models.demos.wormhole.stable_diffusion.tt.ttnn_functional_unet_2d_condition_model_new_conv:__call__:460 - Mid block
2026-05-29 08:11:20.430 | warning  |              Op | Mismatch between computed MemoryConfig(memory_layout=TensorMemoryLayout::BLOCK_SHARDED,buffer_type=BufferType::L1,shard_spec=ShardSpec(grid={[(x=0,y=0) - (x=7,y=3)]},shape={32, 160},orientation=ShardOrientation::ROW_MAJOR),nd_shard_spec=NdShardSpec(shard_shape=Shape([32, 160]),grid={[(x=0,y=0) - (x=7,y=3)]},orientation=ShardOrientation::ROW_MAJOR,shard_distribution_strategy=ShardDistributionStrategy::GRID_2D),created_with_nd_shard_spec=0) and provided MemoryConfig(memory_layout=TensorMemoryLayout::BLOCK_SHARDED,buffer_type=BufferType::L1,shard_spec=ShardSpec(grid={[(x=0,y=0) - (x=7,y=7)]},shape={32, 160},orientation=ShardOrientation::ROW_MAJOR),nd_shard_spec=std::nullopt,created_with_nd_shard_spec=0) mem config. Using computed config. (matmul_op.cpp:1674)
2026-05-29 08:11:20.431 | INFO     | models.demos.wormhole.stable_diffusion.tt.ttnn_functional_unet_2d_condition_model_new_conv:__call__:491 - Up block 0
2026-05-29 08:11:20.432 | INFO     | models.demos.wormhole.stable_diffusion.tt.ttnn_functional_unet_2d_condition_model_new_conv:__call__:491 - Up block 1
2026-05-29 08:11:20.437 | INFO     | models.demos.wormhole.stable_diffusion.tt.ttnn_functional_unet_2d_condition_model_new_conv:__call__:491 - Up block 2
2026-05-29 08:11:20.445 | INFO     | models.demos.wormhole.stable_diffusion.tt.ttnn_functional_unet_2d_condition_model_new_conv:__call__:491 - Up block 3
2026-05-29 08:11:20.466 | INFO     | models.demos.wormhole.stable_diffusion.tt.ttnn_functional_unet_2d_condition_model_new_conv:__call__:406 - Down block 0
2026-05-29 08:11:20.472 | info     |              Op | act_block_h_override 2 is not a valid override for padded_output_height_ntiles_per_core 7, instead 1 was selected as closest valid option! (conv2d_utils.cpp:401)
2026-05-29 08:11:20.472 | INFO     | models.demos.wormhole.stable_diffusion.tt.ttnn_functional_unet_2d_condition_model_new_conv:__call__:406 - Down block 1
2026-05-29 08:11:20.478 | INFO     | models.demos.wormhole.stable_diffusion.tt.ttnn_functional_unet_2d_condition_model_new_conv:__call__:406 - Down block 2
2026-05-29 08:11:20.481 | INFO     | models.demos.wormhole.stable_diffusion.tt.ttnn_functional_unet_2d_condition_model_new_conv:__call__:406 - Down block 3
2026-05-29 08:11:20.482 | INFO     | models.demos.wormhole.stable_diffusion.tt.ttnn_functional_unet_2d_condition_model_new_conv:__call__:460 - Mid block
2026-05-29 08:11:20.482 | warning  |              Op | Mismatch between computed MemoryConfig(memory_layout=TensorMemoryLayout::BLOCK_SHARDED,buffer_type=BufferType::L1,shard_spec=ShardSpec(grid={[(x=0,y=0) - (x=7,y=3)]},shape={32, 160},orientation=ShardOrientation::ROW_MAJOR),nd_shard_spec=NdShardSpec(shard_shape=Shape([32, 160]),grid={[(x=0,y=0) - (x=7,y=3)]},orientation=ShardOrientation::ROW_MAJOR,shard_distribution_strategy=ShardDistributionStrategy::GRID_2D),created_with_nd_shard_spec=0) and provided MemoryConfig(memory_layout=TensorMemoryLayout::BLOCK_SHARDED,buffer_type=BufferType::L1,shard_spec=ShardSpec(grid={[(x=0,y=0) - (x=7,y=7)]},shape={32, 160},orientation=ShardOrientation::ROW_MAJOR),nd_shard_spec=std::nullopt,created_with_nd_shard_spec=0) mem config. Using computed config. (matmul_op.cpp:1674)
2026-05-29 08:11:20.484 | INFO     | models.demos.wormhole.stable_diffusion.tt.ttnn_functional_unet_2d_condition_model_new_conv:__call__:491 - Up block 0
2026-05-29 08:11:20.485 | INFO     | models.demos.wormhole.stable_diffusion.tt.ttnn_functional_unet_2d_condition_model_new_conv:__call__:491 - Up block 1
2026-05-29 08:11:20.490 | INFO     | models.demos.wormhole.stable_diffusion.tt.ttnn_functional_unet_2d_condition_model_new_conv:__call__:491 - Up block 2
2026-05-29 08:11:20.498 | INFO     | models.demos.wormhole.stable_diffusion.tt.ttnn_functional_unet_2d_condition_model_new_conv:__call__:491 - Up block 3
2026-05-29 08:11:20.518 | INFO     | models.demos.wormhole.stable_diffusion.tt.ttnn_functional_unet_2d_condition_model_new_conv:__call__:406 - Down block 0
2026-05-29 08:11:20.524 | info     |              Op | act_block_h_override 2 is not a valid override for padded_output_height_ntiles_per_core 7, instead 1 was selected as closest valid option! (conv2d_utils.cpp:401)
2026-05-29 08:11:20.524 | INFO     | models.demos.wormhole.stable_diffusion.tt.ttnn_functional_unet_2d_condition_model_new_conv:__call__:406 - Down block 1
2026-05-29 08:11:20.530 | INFO     | models.demos.wormhole.stable_diffusion.tt.ttnn_functional_unet_2d_condition_model_new_conv:__call__:406 - Down block 2
2026-05-29 08:11:20.533 | INFO     | models.demos.wormhole.stable_diffusion.tt.ttnn_functional_unet_2d_condition_model_new_conv:__call__:406 - Down block 3
2026-05-29 08:11:20.534 | INFO     | models.demos.wormhole.stable_diffusion.tt.ttnn_functional_unet_2d_condition_model_new_conv:__call__:460 - Mid block
2026-05-29 08:11:20.534 | warning  |              Op | Mismatch between computed MemoryConfig(memory_layout=TensorMemoryLayout::BLOCK_SHARDED,buffer_type=BufferType::L1,shard_spec=ShardSpec(grid={[(x=0,y=0) - (x=7,y=3)]},shape={32, 160},orientation=ShardOrientation::ROW_MAJOR),nd_shard_spec=NdShardSpec(shard_shape=Shape([32, 160]),grid={[(x=0,y=0) - (x=7,y=3)]},orientation=ShardOrientation::ROW_MAJOR,shard_distribution_strategy=ShardDistributionStrategy::GRID_2D),created_with_nd_shard_spec=0) and provided MemoryConfig(memory_layout=TensorMemoryLayout::BLOCK_SHARDED,buffer_type=BufferType::L1,shard_spec=ShardSpec(grid={[(x=0,y=0) - (x=7,y=7)]},shape={32, 160},orientation=ShardOrientation::ROW_MAJOR),nd_shard_spec=std::nullopt,created_with_nd_shard_spec=0) mem config. Using computed config. (matmul_op.cpp:1674)
2026-05-29 08:11:20.536 | INFO     | models.demos.wormhole.stable_diffusion.tt.ttnn_functional_unet_2d_condition_model_new_conv:__call__:491 - Up block 0
2026-05-29 08:11:20.537 | INFO     | models.demos.wormhole.stable_diffusion.tt.ttnn_functional_unet_2d_condition_model_new_conv:__call__:491 - Up block 1
2026-05-29 08:11:20.542 | INFO     | models.demos.wormhole.stable_diffusion.tt.ttnn_functional_unet_2d_condition_model_new_conv:__call__:491 - Up block 2
2026-05-29 08:11:20.550 | INFO     | models.demos.wormhole.stable_diffusion.tt.ttnn_functional_unet_2d_condition_model_new_conv:__call__:491 - Up block 3
  Step 32/41
2026-05-29 08:11:20.573 | INFO     | models.demos.wormhole.stable_diffusion.tt.ttnn_functional_unet_2d_condition_model_new_conv:__call__:406 - Down block 0
2026-05-29 08:11:20.579 | info     |              Op | act_block_h_override 2 is not a valid override for padded_output_height_ntiles_per_core 7, instead 1 was selected as closest valid option! (conv2d_utils.cpp:401)
2026-05-29 08:11:20.579 | INFO     | models.demos.wormhole.stable_diffusion.tt.ttnn_functional_unet_2d_condition_model_new_conv:__call__:406 - Down block 1
2026-05-29 08:11:20.584 | INFO     | models.demos.wormhole.stable_diffusion.tt.ttnn_functional_unet_2d_condition_model_new_conv:__call__:406 - Down block 2
2026-05-29 08:11:20.588 | INFO     | models.demos.wormhole.stable_diffusion.tt.ttnn_functional_unet_2d_condition_model_new_conv:__call__:406 - Down block 3
2026-05-29 08:11:20.589 | INFO     | models.demos.wormhole.stable_diffusion.tt.ttnn_functional_unet_2d_condition_model_new_conv:__call__:460 - Mid block
2026-05-29 08:11:20.589 | warning  |              Op | Mismatch between computed MemoryConfig(memory_layout=TensorMemoryLayout::BLOCK_SHARDED,buffer_type=BufferType::L1,shard_spec=ShardSpec(grid={[(x=0,y=0) - (x=7,y=3)]},shape={32, 160},orientation=ShardOrientation::ROW_MAJOR),nd_shard_spec=NdShardSpec(shard_shape=Shape([32, 160]),grid={[(x=0,y=0) - (x=7,y=3)]},orientation=ShardOrientation::ROW_MAJOR,shard_distribution_strategy=ShardDistributionStrategy::GRID_2D),created_with_nd_shard_spec=0) and provided MemoryConfig(memory_layout=TensorMemoryLayout::BLOCK_SHARDED,buffer_type=BufferType::L1,shard_spec=ShardSpec(grid={[(x=0,y=0) - (x=7,y=7)]},shape={32, 160},orientation=ShardOrientation::ROW_MAJOR),nd_shard_spec=std::nullopt,created_with_nd_shard_spec=0) mem config. Using computed config. (matmul_op.cpp:1674)
2026-05-29 08:11:20.591 | INFO     | models.demos.wormhole.stable_diffusion.tt.ttnn_functional_unet_2d_condition_model_new_conv:__call__:491 - Up block 0
2026-05-29 08:11:20.592 | INFO     | models.demos.wormhole.stable_diffusion.tt.ttnn_functional_unet_2d_condition_model_new_conv:__call__:491 - Up block 1
2026-05-29 08:11:20.597 | INFO     | models.demos.wormhole.stable_diffusion.tt.ttnn_functional_unet_2d_condition_model_new_conv:__call__:491 - Up block 2
2026-05-29 08:11:20.605 | INFO     | models.demos.wormhole.stable_diffusion.tt.ttnn_functional_unet_2d_condition_model_new_conv:__call__:491 - Up block 3
2026-05-29 08:11:20.625 | INFO     | models.demos.wormhole.stable_diffusion.tt.ttnn_functional_unet_2d_condition_model_new_conv:__call__:406 - Down block 0
2026-05-29 08:11:20.631 | info     |              Op | act_block_h_override 2 is not a valid override for padded_output_height_ntiles_per_core 7, instead 1 was selected as closest valid option! (conv2d_utils.cpp:401)
2026-05-29 08:11:20.631 | INFO     | models.demos.wormhole.stable_diffusion.tt.ttnn_functional_unet_2d_condition_model_new_conv:__call__:406 - Down block 1
2026-05-29 08:11:20.636 | INFO     | models.demos.wormhole.stable_diffusion.tt.ttnn_functional_unet_2d_condition_model_new_conv:__call__:406 - Down block 2
2026-05-29 08:11:20.640 | INFO     | models.demos.wormhole.stable_diffusion.tt.ttnn_functional_unet_2d_condition_model_new_conv:__call__:406 - Down block 3
2026-05-29 08:11:20.641 | INFO     | models.demos.wormhole.stable_diffusion.tt.ttnn_functional_unet_2d_condition_model_new_conv:__call__:460 - Mid block
2026-05-29 08:11:20.641 | warning  |              Op | Mismatch between computed MemoryConfig(memory_layout=TensorMemoryLayout::BLOCK_SHARDED,buffer_type=BufferType::L1,shard_spec=ShardSpec(grid={[(x=0,y=0) - (x=7,y=3)]},shape={32, 160},orientation=ShardOrientation::ROW_MAJOR),nd_shard_spec=NdShardSpec(shard_shape=Shape([32, 160]),grid={[(x=0,y=0) - (x=7,y=3)]},orientation=ShardOrientation::ROW_MAJOR,shard_distribution_strategy=ShardDistributionStrategy::GRID_2D),created_with_nd_shard_spec=0) and provided MemoryConfig(memory_layout=TensorMemoryLayout::BLOCK_SHARDED,buffer_type=BufferType::L1,shard_spec=ShardSpec(grid={[(x=0,y=0) - (x=7,y=7)]},shape={32, 160},orientation=ShardOrientation::ROW_MAJOR),nd_shard_spec=std::nullopt,created_with_nd_shard_spec=0) mem config. Using computed config. (matmul_op.cpp:1674)
2026-05-29 08:11:20.643 | INFO     | models.demos.wormhole.stable_diffusion.tt.ttnn_functional_unet_2d_condition_model_new_conv:__call__:491 - Up block 0
2026-05-29 08:11:20.644 | INFO     | models.demos.wormhole.stable_diffusion.tt.ttnn_functional_unet_2d_condition_model_new_conv:__call__:491 - Up block 1
2026-05-29 08:11:20.649 | INFO     | models.demos.wormhole.stable_diffusion.tt.ttnn_functional_unet_2d_condition_model_new_conv:__call__:491 - Up block 2
2026-05-29 08:11:20.657 | INFO     | models.demos.wormhole.stable_diffusion.tt.ttnn_functional_unet_2d_condition_model_new_conv:__call__:491 - Up block 3
2026-05-29 08:11:20.677 | INFO     | models.demos.wormhole.stable_diffusion.tt.ttnn_functional_unet_2d_condition_model_new_conv:__call__:406 - Down block 0
2026-05-29 08:11:20.683 | info     |              Op | act_block_h_override 2 is not a valid override for padded_output_height_ntiles_per_core 7, instead 1 was selected as closest valid option! (conv2d_utils.cpp:401)
2026-05-29 08:11:20.683 | INFO     | models.demos.wormhole.stable_diffusion.tt.ttnn_functional_unet_2d_condition_model_new_conv:__call__:406 - Down block 1
2026-05-29 08:11:20.688 | INFO     | models.demos.wormhole.stable_diffusion.tt.ttnn_functional_unet_2d_condition_model_new_conv:__call__:406 - Down block 2
2026-05-29 08:11:20.692 | INFO     | models.demos.wormhole.stable_diffusion.tt.ttnn_functional_unet_2d_condition_model_new_conv:__call__:406 - Down block 3
2026-05-29 08:11:20.692 | INFO     | models.demos.wormhole.stable_diffusion.tt.ttnn_functional_unet_2d_condition_model_new_conv:__call__:460 - Mid block
2026-05-29 08:11:20.693 | warning  |              Op | Mismatch between computed MemoryConfig(memory_layout=TensorMemoryLayout::BLOCK_SHARDED,buffer_type=BufferType::L1,shard_spec=ShardSpec(grid={[(x=0,y=0) - (x=7,y=3)]},shape={32, 160},orientation=ShardOrientation::ROW_MAJOR),nd_shard_spec=NdShardSpec(shard_shape=Shape([32, 160]),grid={[(x=0,y=0) - (x=7,y=3)]},orientation=ShardOrientation::ROW_MAJOR,shard_distribution_strategy=ShardDistributionStrategy::GRID_2D),created_with_nd_shard_spec=0) and provided MemoryConfig(memory_layout=TensorMemoryLayout::BLOCK_SHARDED,buffer_type=BufferType::L1,shard_spec=ShardSpec(grid={[(x=0,y=0) - (x=7,y=7)]},shape={32, 160},orientation=ShardOrientation::ROW_MAJOR),nd_shard_spec=std::nullopt,created_with_nd_shard_spec=0) mem config. Using computed config. (matmul_op.cpp:1674)
2026-05-29 08:11:20.694 | INFO     | models.demos.wormhole.stable_diffusion.tt.ttnn_functional_unet_2d_condition_model_new_conv:__call__:491 - Up block 0
2026-05-29 08:11:20.695 | INFO     | models.demos.wormhole.stable_diffusion.tt.ttnn_functional_unet_2d_condition_model_new_conv:__call__:491 - Up block 1
2026-05-29 08:11:20.701 | INFO     | models.demos.wormhole.stable_diffusion.tt.ttnn_functional_unet_2d_condition_model_new_conv:__call__:491 - Up block 2
2026-05-29 08:11:20.709 | INFO     | models.demos.wormhole.stable_diffusion.tt.ttnn_functional_unet_2d_condition_model_new_conv:__call__:491 - Up block 3
2026-05-29 08:11:20.729 | INFO     | models.demos.wormhole.stable_diffusion.tt.ttnn_functional_unet_2d_condition_model_new_conv:__call__:406 - Down block 0
2026-05-29 08:11:20.735 | info     |              Op | act_block_h_override 2 is not a valid override for padded_output_height_ntiles_per_core 7, instead 1 was selected as closest valid option! (conv2d_utils.cpp:401)
2026-05-29 08:11:20.735 | INFO     | models.demos.wormhole.stable_diffusion.tt.ttnn_functional_unet_2d_condition_model_new_conv:__call__:406 - Down block 1
2026-05-29 08:11:20.741 | INFO     | models.demos.wormhole.stable_diffusion.tt.ttnn_functional_unet_2d_condition_model_new_conv:__call__:406 - Down block 2
2026-05-29 08:11:20.744 | INFO     | models.demos.wormhole.stable_diffusion.tt.ttnn_functional_unet_2d_condition_model_new_conv:__call__:406 - Down block 3
2026-05-29 08:11:20.745 | INFO     | models.demos.wormhole.stable_diffusion.tt.ttnn_functional_unet_2d_condition_model_new_conv:__call__:460 - Mid block
2026-05-29 08:11:20.746 | warning  |              Op | Mismatch between computed MemoryConfig(memory_layout=TensorMemoryLayout::BLOCK_SHARDED,buffer_type=BufferType::L1,shard_spec=ShardSpec(grid={[(x=0,y=0) - (x=7,y=3)]},shape={32, 160},orientation=ShardOrientation::ROW_MAJOR),nd_shard_spec=NdShardSpec(shard_shape=Shape([32, 160]),grid={[(x=0,y=0) - (x=7,y=3)]},orientation=ShardOrientation::ROW_MAJOR,shard_distribution_strategy=ShardDistributionStrategy::GRID_2D),created_with_nd_shard_spec=0) and provided MemoryConfig(memory_layout=TensorMemoryLayout::BLOCK_SHARDED,buffer_type=BufferType::L1,shard_spec=ShardSpec(grid={[(x=0,y=0) - (x=7,y=7)]},shape={32, 160},orientation=ShardOrientation::ROW_MAJOR),nd_shard_spec=std::nullopt,created_with_nd_shard_spec=0) mem config. Using computed config. (matmul_op.cpp:1674)
2026-05-29 08:11:20.747 | INFO     | models.demos.wormhole.stable_diffusion.tt.ttnn_functional_unet_2d_condition_model_new_conv:__call__:491 - Up block 0
2026-05-29 08:11:20.749 | INFO     | models.demos.wormhole.stable_diffusion.tt.ttnn_functional_unet_2d_condition_model_new_conv:__call__:491 - Up block 1
2026-05-29 08:11:20.754 | INFO     | models.demos.wormhole.stable_diffusion.tt.ttnn_functional_unet_2d_condition_model_new_conv:__call__:491 - Up block 2
2026-05-29 08:11:20.762 | INFO     | models.demos.wormhole.stable_diffusion.tt.ttnn_functional_unet_2d_condition_model_new_conv:__call__:491 - Up block 3
2026-05-29 08:11:20.782 | INFO     | models.demos.wormhole.stable_diffusion.tt.ttnn_functional_unet_2d_condition_model_new_conv:__call__:406 - Down block 0
2026-05-29 08:11:20.788 | info     |              Op | act_block_h_override 2 is not a valid override for padded_output_height_ntiles_per_core 7, instead 1 was selected as closest valid option! (conv2d_utils.cpp:401)
2026-05-29 08:11:20.788 | INFO     | models.demos.wormhole.stable_diffusion.tt.ttnn_functional_unet_2d_condition_model_new_conv:__call__:406 - Down block 1
2026-05-29 08:11:20.794 | INFO     | models.demos.wormhole.stable_diffusion.tt.ttnn_functional_unet_2d_condition_model_new_conv:__call__:406 - Down block 2
2026-05-29 08:11:20.797 | INFO     | models.demos.wormhole.stable_diffusion.tt.ttnn_functional_unet_2d_condition_model_new_conv:__call__:406 - Down block 3
2026-05-29 08:11:20.798 | INFO     | models.demos.wormhole.stable_diffusion.tt.ttnn_functional_unet_2d_condition_model_new_conv:__call__:460 - Mid block
2026-05-29 08:11:20.798 | warning  |              Op | Mismatch between computed MemoryConfig(memory_layout=TensorMemoryLayout::BLOCK_SHARDED,buffer_type=BufferType::L1,shard_spec=ShardSpec(grid={[(x=0,y=0) - (x=7,y=3)]},shape={32, 160},orientation=ShardOrientation::ROW_MAJOR),nd_shard_spec=NdShardSpec(shard_shape=Shape([32, 160]),grid={[(x=0,y=0) - (x=7,y=3)]},orientation=ShardOrientation::ROW_MAJOR,shard_distribution_strategy=ShardDistributionStrategy::GRID_2D),created_with_nd_shard_spec=0) and provided MemoryConfig(memory_layout=TensorMemoryLayout::BLOCK_SHARDED,buffer_type=BufferType::L1,shard_spec=ShardSpec(grid={[(x=0,y=0) - (x=7,y=7)]},shape={32, 160},orientation=ShardOrientation::ROW_MAJOR),nd_shard_spec=std::nullopt,created_with_nd_shard_spec=0) mem config. Using computed config. (matmul_op.cpp:1674)
2026-05-29 08:11:20.800 | INFO     | models.demos.wormhole.stable_diffusion.tt.ttnn_functional_unet_2d_condition_model_new_conv:__call__:491 - Up block 0
2026-05-29 08:11:20.801 | INFO     | models.demos.wormhole.stable_diffusion.tt.ttnn_functional_unet_2d_condition_model_new_conv:__call__:491 - Up block 1
2026-05-29 08:11:20.806 | INFO     | models.demos.wormhole.stable_diffusion.tt.ttnn_functional_unet_2d_condition_model_new_conv:__call__:491 - Up block 2
2026-05-29 08:11:20.814 | INFO     | models.demos.wormhole.stable_diffusion.tt.ttnn_functional_unet_2d_condition_model_new_conv:__call__:491 - Up block 3
2026-05-29 08:11:20.834 | INFO     | models.demos.wormhole.stable_diffusion.tt.ttnn_functional_unet_2d_condition_model_new_conv:__call__:406 - Down block 0
2026-05-29 08:11:20.840 | info     |              Op | act_block_h_override 2 is not a valid override for padded_output_height_ntiles_per_core 7, instead 1 was selected as closest valid option! (conv2d_utils.cpp:401)
2026-05-29 08:11:20.840 | INFO     | models.demos.wormhole.stable_diffusion.tt.ttnn_functional_unet_2d_condition_model_new_conv:__call__:406 - Down block 1
2026-05-29 08:11:20.846 | INFO     | models.demos.wormhole.stable_diffusion.tt.ttnn_functional_unet_2d_condition_model_new_conv:__call__:406 - Down block 2
2026-05-29 08:11:20.849 | INFO     | models.demos.wormhole.stable_diffusion.tt.ttnn_functional_unet_2d_condition_model_new_conv:__call__:406 - Down block 3
2026-05-29 08:11:20.850 | INFO     | models.demos.wormhole.stable_diffusion.tt.ttnn_functional_unet_2d_condition_model_new_conv:__call__:460 - Mid block
2026-05-29 08:11:20.851 | warning  |              Op | Mismatch between computed MemoryConfig(memory_layout=TensorMemoryLayout::BLOCK_SHARDED,buffer_type=BufferType::L1,shard_spec=ShardSpec(grid={[(x=0,y=0) - (x=7,y=3)]},shape={32, 160},orientation=ShardOrientation::ROW_MAJOR),nd_shard_spec=NdShardSpec(shard_shape=Shape([32, 160]),grid={[(x=0,y=0) - (x=7,y=3)]},orientation=ShardOrientation::ROW_MAJOR,shard_distribution_strategy=ShardDistributionStrategy::GRID_2D),created_with_nd_shard_spec=0) and provided MemoryConfig(memory_layout=TensorMemoryLayout::BLOCK_SHARDED,buffer_type=BufferType::L1,shard_spec=ShardSpec(grid={[(x=0,y=0) - (x=7,y=7)]},shape={32, 160},orientation=ShardOrientation::ROW_MAJOR),nd_shard_spec=std::nullopt,created_with_nd_shard_spec=0) mem config. Using computed config. (matmul_op.cpp:1674)
2026-05-29 08:11:20.852 | INFO     | models.demos.wormhole.stable_diffusion.tt.ttnn_functional_unet_2d_condition_model_new_conv:__call__:491 - Up block 0
2026-05-29 08:11:20.853 | INFO     | models.demos.wormhole.stable_diffusion.tt.ttnn_functional_unet_2d_condition_model_new_conv:__call__:491 - Up block 1
2026-05-29 08:11:20.858 | INFO     | models.demos.wormhole.stable_diffusion.tt.ttnn_functional_unet_2d_condition_model_new_conv:__call__:491 - Up block 2
2026-05-29 08:11:20.867 | INFO     | models.demos.wormhole.stable_diffusion.tt.ttnn_functional_unet_2d_condition_model_new_conv:__call__:491 - Up block 3
2026-05-29 08:11:20.887 | INFO     | models.demos.wormhole.stable_diffusion.tt.ttnn_functional_unet_2d_condition_model_new_conv:__call__:406 - Down block 0
2026-05-29 08:11:20.893 | info     |              Op | act_block_h_override 2 is not a valid override for padded_output_height_ntiles_per_core 7, instead 1 was selected as closest valid option! (conv2d_utils.cpp:401)
2026-05-29 08:11:20.893 | INFO     | models.demos.wormhole.stable_diffusion.tt.ttnn_functional_unet_2d_condition_model_new_conv:__call__:406 - Down block 1
2026-05-29 08:11:20.899 | INFO     | models.demos.wormhole.stable_diffusion.tt.ttnn_functional_unet_2d_condition_model_new_conv:__call__:406 - Down block 2
2026-05-29 08:11:20.902 | INFO     | models.demos.wormhole.stable_diffusion.tt.ttnn_functional_unet_2d_condition_model_new_conv:__call__:406 - Down block 3
2026-05-29 08:11:20.903 | INFO     | models.demos.wormhole.stable_diffusion.tt.ttnn_functional_unet_2d_condition_model_new_conv:__call__:460 - Mid block
2026-05-29 08:11:20.903 | warning  |              Op | Mismatch between computed MemoryConfig(memory_layout=TensorMemoryLayout::BLOCK_SHARDED,buffer_type=BufferType::L1,shard_spec=ShardSpec(grid={[(x=0,y=0) - (x=7,y=3)]},shape={32, 160},orientation=ShardOrientation::ROW_MAJOR),nd_shard_spec=NdShardSpec(shard_shape=Shape([32, 160]),grid={[(x=0,y=0) - (x=7,y=3)]},orientation=ShardOrientation::ROW_MAJOR,shard_distribution_strategy=ShardDistributionStrategy::GRID_2D),created_with_nd_shard_spec=0) and provided MemoryConfig(memory_layout=TensorMemoryLayout::BLOCK_SHARDED,buffer_type=BufferType::L1,shard_spec=ShardSpec(grid={[(x=0,y=0) - (x=7,y=7)]},shape={32, 160},orientation=ShardOrientation::ROW_MAJOR),nd_shard_spec=std::nullopt,created_with_nd_shard_spec=0) mem config. Using computed config. (matmul_op.cpp:1674)
2026-05-29 08:11:20.904 | INFO     | models.demos.wormhole.stable_diffusion.tt.ttnn_functional_unet_2d_condition_model_new_conv:__call__:491 - Up block 0
2026-05-29 08:11:20.906 | INFO     | models.demos.wormhole.stable_diffusion.tt.ttnn_functional_unet_2d_condition_model_new_conv:__call__:491 - Up block 1
2026-05-29 08:11:20.911 | INFO     | models.demos.wormhole.stable_diffusion.tt.ttnn_functional_unet_2d_condition_model_new_conv:__call__:491 - Up block 2
2026-05-29 08:11:20.919 | INFO     | models.demos.wormhole.stable_diffusion.tt.ttnn_functional_unet_2d_condition_model_new_conv:__call__:491 - Up block 3
2026-05-29 08:11:20.939 | INFO     | models.demos.wormhole.stable_diffusion.tt.ttnn_functional_unet_2d_condition_model_new_conv:__call__:406 - Down block 0
2026-05-29 08:11:20.945 | info     |              Op | act_block_h_override 2 is not a valid override for padded_output_height_ntiles_per_core 7, instead 1 was selected as closest valid option! (conv2d_utils.cpp:401)
2026-05-29 08:11:20.945 | INFO     | models.demos.wormhole.stable_diffusion.tt.ttnn_functional_unet_2d_condition_model_new_conv:__call__:406 - Down block 1
2026-05-29 08:11:20.951 | INFO     | models.demos.wormhole.stable_diffusion.tt.ttnn_functional_unet_2d_condition_model_new_conv:__call__:406 - Down block 2
2026-05-29 08:11:20.954 | INFO     | models.demos.wormhole.stable_diffusion.tt.ttnn_functional_unet_2d_condition_model_new_conv:__call__:406 - Down block 3
2026-05-29 08:11:20.955 | INFO     | models.demos.wormhole.stable_diffusion.tt.ttnn_functional_unet_2d_condition_model_new_conv:__call__:460 - Mid block
2026-05-29 08:11:20.955 | warning  |              Op | Mismatch between computed MemoryConfig(memory_layout=TensorMemoryLayout::BLOCK_SHARDED,buffer_type=BufferType::L1,shard_spec=ShardSpec(grid={[(x=0,y=0) - (x=7,y=3)]},shape={32, 160},orientation=ShardOrientation::ROW_MAJOR),nd_shard_spec=NdShardSpec(shard_shape=Shape([32, 160]),grid={[(x=0,y=0) - (x=7,y=3)]},orientation=ShardOrientation::ROW_MAJOR,shard_distribution_strategy=ShardDistributionStrategy::GRID_2D),created_with_nd_shard_spec=0) and provided MemoryConfig(memory_layout=TensorMemoryLayout::BLOCK_SHARDED,buffer_type=BufferType::L1,shard_spec=ShardSpec(grid={[(x=0,y=0) - (x=7,y=7)]},shape={32, 160},orientation=ShardOrientation::ROW_MAJOR),nd_shard_spec=std::nullopt,created_with_nd_shard_spec=0) mem config. Using computed config. (matmul_op.cpp:1674)
2026-05-29 08:11:20.957 | INFO     | models.demos.wormhole.stable_diffusion.tt.ttnn_functional_unet_2d_condition_model_new_conv:__call__:491 - Up block 0
2026-05-29 08:11:20.958 | INFO     | models.demos.wormhole.stable_diffusion.tt.ttnn_functional_unet_2d_condition_model_new_conv:__call__:491 - Up block 1
2026-05-29 08:11:20.963 | INFO     | models.demos.wormhole.stable_diffusion.tt.ttnn_functional_unet_2d_condition_model_new_conv:__call__:491 - Up block 2
2026-05-29 08:11:20.971 | INFO     | models.demos.wormhole.stable_diffusion.tt.ttnn_functional_unet_2d_condition_model_new_conv:__call__:491 - Up block 3
  Step 33/41
2026-05-29 08:11:20.993 | INFO     | models.demos.wormhole.stable_diffusion.tt.ttnn_functional_unet_2d_condition_model_new_conv:__call__:406 - Down block 0
2026-05-29 08:11:21.000 | info     |              Op | act_block_h_override 2 is not a valid override for padded_output_height_ntiles_per_core 7, instead 1 was selected as closest valid option! (conv2d_utils.cpp:401)
2026-05-29 08:11:21.000 | INFO     | models.demos.wormhole.stable_diffusion.tt.ttnn_functional_unet_2d_condition_model_new_conv:__call__:406 - Down block 1
2026-05-29 08:11:21.006 | INFO     | models.demos.wormhole.stable_diffusion.tt.ttnn_functional_unet_2d_condition_model_new_conv:__call__:406 - Down block 2
2026-05-29 08:11:21.010 | INFO     | models.demos.wormhole.stable_diffusion.tt.ttnn_functional_unet_2d_condition_model_new_conv:__call__:406 - Down block 3
2026-05-29 08:11:21.010 | INFO     | models.demos.wormhole.stable_diffusion.tt.ttnn_functional_unet_2d_condition_model_new_conv:__call__:460 - Mid block
2026-05-29 08:11:21.011 | warning  |              Op | Mismatch between computed MemoryConfig(memory_layout=TensorMemoryLayout::BLOCK_SHARDED,buffer_type=BufferType::L1,shard_spec=ShardSpec(grid={[(x=0,y=0) - (x=7,y=3)]},shape={32, 160},orientation=ShardOrientation::ROW_MAJOR),nd_shard_spec=NdShardSpec(shard_shape=Shape([32, 160]),grid={[(x=0,y=0) - (x=7,y=3)]},orientation=ShardOrientation::ROW_MAJOR,shard_distribution_strategy=ShardDistributionStrategy::GRID_2D),created_with_nd_shard_spec=0) and provided MemoryConfig(memory_layout=TensorMemoryLayout::BLOCK_SHARDED,buffer_type=BufferType::L1,shard_spec=ShardSpec(grid={[(x=0,y=0) - (x=7,y=7)]},shape={32, 160},orientation=ShardOrientation::ROW_MAJOR),nd_shard_spec=std::nullopt,created_with_nd_shard_spec=0) mem config. Using computed config. (matmul_op.cpp:1674)
2026-05-29 08:11:21.012 | INFO     | models.demos.wormhole.stable_diffusion.tt.ttnn_functional_unet_2d_condition_model_new_conv:__call__:491 - Up block 0
2026-05-29 08:11:21.014 | INFO     | models.demos.wormhole.stable_diffusion.tt.ttnn_functional_unet_2d_condition_model_new_conv:__call__:491 - Up block 1
2026-05-29 08:11:21.019 | INFO     | models.demos.wormhole.stable_diffusion.tt.ttnn_functional_unet_2d_condition_model_new_conv:__call__:491 - Up block 2
2026-05-29 08:11:21.027 | INFO     | models.demos.wormhole.stable_diffusion.tt.ttnn_functional_unet_2d_condition_model_new_conv:__call__:491 - Up block 3
2026-05-29 08:11:21.047 | INFO     | models.demos.wormhole.stable_diffusion.tt.ttnn_functional_unet_2d_condition_model_new_conv:__call__:406 - Down block 0
2026-05-29 08:11:21.053 | info     |              Op | act_block_h_override 2 is not a valid override for padded_output_height_ntiles_per_core 7, instead 1 was selected as closest valid option! (conv2d_utils.cpp:401)
2026-05-29 08:11:21.053 | INFO     | models.demos.wormhole.stable_diffusion.tt.ttnn_functional_unet_2d_condition_model_new_conv:__call__:406 - Down block 1
2026-05-29 08:11:21.058 | INFO     | models.demos.wormhole.stable_diffusion.tt.ttnn_functional_unet_2d_condition_model_new_conv:__call__:406 - Down block 2
2026-05-29 08:11:21.062 | INFO     | models.demos.wormhole.stable_diffusion.tt.ttnn_functional_unet_2d_condition_model_new_conv:__call__:406 - Down block 3
2026-05-29 08:11:21.063 | INFO     | models.demos.wormhole.stable_diffusion.tt.ttnn_functional_unet_2d_condition_model_new_conv:__call__:460 - Mid block
2026-05-29 08:11:21.063 | warning  |              Op | Mismatch between computed MemoryConfig(memory_layout=TensorMemoryLayout::BLOCK_SHARDED,buffer_type=BufferType::L1,shard_spec=ShardSpec(grid={[(x=0,y=0) - (x=7,y=3)]},shape={32, 160},orientation=ShardOrientation::ROW_MAJOR),nd_shard_spec=NdShardSpec(shard_shape=Shape([32, 160]),grid={[(x=0,y=0) - (x=7,y=3)]},orientation=ShardOrientation::ROW_MAJOR,shard_distribution_strategy=ShardDistributionStrategy::GRID_2D),created_with_nd_shard_spec=0) and provided MemoryConfig(memory_layout=TensorMemoryLayout::BLOCK_SHARDED,buffer_type=BufferType::L1,shard_spec=ShardSpec(grid={[(x=0,y=0) - (x=7,y=7)]},shape={32, 160},orientation=ShardOrientation::ROW_MAJOR),nd_shard_spec=std::nullopt,created_with_nd_shard_spec=0) mem config. Using computed config. (matmul_op.cpp:1674)
2026-05-29 08:11:21.064 | INFO     | models.demos.wormhole.stable_diffusion.tt.ttnn_functional_unet_2d_condition_model_new_conv:__call__:491 - Up block 0
2026-05-29 08:11:21.066 | INFO     | models.demos.wormhole.stable_diffusion.tt.ttnn_functional_unet_2d_condition_model_new_conv:__call__:491 - Up block 1
2026-05-29 08:11:21.071 | INFO     | models.demos.wormhole.stable_diffusion.tt.ttnn_functional_unet_2d_condition_model_new_conv:__call__:491 - Up block 2
2026-05-29 08:11:21.079 | INFO     | models.demos.wormhole.stable_diffusion.tt.ttnn_functional_unet_2d_condition_model_new_conv:__call__:491 - Up block 3
2026-05-29 08:11:21.099 | INFO     | models.demos.wormhole.stable_diffusion.tt.ttnn_functional_unet_2d_condition_model_new_conv:__call__:406 - Down block 0
2026-05-29 08:11:21.105 | info     |              Op | act_block_h_override 2 is not a valid override for padded_output_height_ntiles_per_core 7, instead 1 was selected as closest valid option! (conv2d_utils.cpp:401)
2026-05-29 08:11:21.105 | INFO     | models.demos.wormhole.stable_diffusion.tt.ttnn_functional_unet_2d_condition_model_new_conv:__call__:406 - Down block 1
2026-05-29 08:11:21.111 | INFO     | models.demos.wormhole.stable_diffusion.tt.ttnn_functional_unet_2d_condition_model_new_conv:__call__:406 - Down block 2
2026-05-29 08:11:21.114 | INFO     | models.demos.wormhole.stable_diffusion.tt.ttnn_functional_unet_2d_condition_model_new_conv:__call__:406 - Down block 3
2026-05-29 08:11:21.115 | INFO     | models.demos.wormhole.stable_diffusion.tt.ttnn_functional_unet_2d_condition_model_new_conv:__call__:460 - Mid block
2026-05-29 08:11:21.115 | warning  |              Op | Mismatch between computed MemoryConfig(memory_layout=TensorMemoryLayout::BLOCK_SHARDED,buffer_type=BufferType::L1,shard_spec=ShardSpec(grid={[(x=0,y=0) - (x=7,y=3)]},shape={32, 160},orientation=ShardOrientation::ROW_MAJOR),nd_shard_spec=NdShardSpec(shard_shape=Shape([32, 160]),grid={[(x=0,y=0) - (x=7,y=3)]},orientation=ShardOrientation::ROW_MAJOR,shard_distribution_strategy=ShardDistributionStrategy::GRID_2D),created_with_nd_shard_spec=0) and provided MemoryConfig(memory_layout=TensorMemoryLayout::BLOCK_SHARDED,buffer_type=BufferType::L1,shard_spec=ShardSpec(grid={[(x=0,y=0) - (x=7,y=7)]},shape={32, 160},orientation=ShardOrientation::ROW_MAJOR),nd_shard_spec=std::nullopt,created_with_nd_shard_spec=0) mem config. Using computed config. (matmul_op.cpp:1674)
2026-05-29 08:11:21.117 | INFO     | models.demos.wormhole.stable_diffusion.tt.ttnn_functional_unet_2d_condition_model_new_conv:__call__:491 - Up block 0
2026-05-29 08:11:21.118 | INFO     | models.demos.wormhole.stable_diffusion.tt.ttnn_functional_unet_2d_condition_model_new_conv:__call__:491 - Up block 1
2026-05-29 08:11:21.123 | INFO     | models.demos.wormhole.stable_diffusion.tt.ttnn_functional_unet_2d_condition_model_new_conv:__call__:491 - Up block 2
2026-05-29 08:11:21.131 | INFO     | models.demos.wormhole.stable_diffusion.tt.ttnn_functional_unet_2d_condition_model_new_conv:__call__:491 - Up block 3
2026-05-29 08:11:21.151 | INFO     | models.demos.wormhole.stable_diffusion.tt.ttnn_functional_unet_2d_condition_model_new_conv:__call__:406 - Down block 0
2026-05-29 08:11:21.157 | info     |              Op | act_block_h_override 2 is not a valid override for padded_output_height_ntiles_per_core 7, instead 1 was selected as closest valid option! (conv2d_utils.cpp:401)
2026-05-29 08:11:21.157 | INFO     | models.demos.wormhole.stable_diffusion.tt.ttnn_functional_unet_2d_condition_model_new_conv:__call__:406 - Down block 1
2026-05-29 08:11:21.162 | INFO     | models.demos.wormhole.stable_diffusion.tt.ttnn_functional_unet_2d_condition_model_new_conv:__call__:406 - Down block 2
2026-05-29 08:11:21.166 | INFO     | models.demos.wormhole.stable_diffusion.tt.ttnn_functional_unet_2d_condition_model_new_conv:__call__:406 - Down block 3
2026-05-29 08:11:21.166 | INFO     | models.demos.wormhole.stable_diffusion.tt.ttnn_functional_unet_2d_condition_model_new_conv:__call__:460 - Mid block
2026-05-29 08:11:21.167 | warning  |              Op | Mismatch between computed MemoryConfig(memory_layout=TensorMemoryLayout::BLOCK_SHARDED,buffer_type=BufferType::L1,shard_spec=ShardSpec(grid={[(x=0,y=0) - (x=7,y=3)]},shape={32, 160},orientation=ShardOrientation::ROW_MAJOR),nd_shard_spec=NdShardSpec(shard_shape=Shape([32, 160]),grid={[(x=0,y=0) - (x=7,y=3)]},orientation=ShardOrientation::ROW_MAJOR,shard_distribution_strategy=ShardDistributionStrategy::GRID_2D),created_with_nd_shard_spec=0) and provided MemoryConfig(memory_layout=TensorMemoryLayout::BLOCK_SHARDED,buffer_type=BufferType::L1,shard_spec=ShardSpec(grid={[(x=0,y=0) - (x=7,y=7)]},shape={32, 160},orientation=ShardOrientation::ROW_MAJOR),nd_shard_spec=std::nullopt,created_with_nd_shard_spec=0) mem config. Using computed config. (matmul_op.cpp:1674)
2026-05-29 08:11:21.168 | INFO     | models.demos.wormhole.stable_diffusion.tt.ttnn_functional_unet_2d_condition_model_new_conv:__call__:491 - Up block 0
2026-05-29 08:11:21.169 | INFO     | models.demos.wormhole.stable_diffusion.tt.ttnn_functional_unet_2d_condition_model_new_conv:__call__:491 - Up block 1
2026-05-29 08:11:21.174 | INFO     | models.demos.wormhole.stable_diffusion.tt.ttnn_functional_unet_2d_condition_model_new_conv:__call__:491 - Up block 2
2026-05-29 08:11:21.183 | INFO     | models.demos.wormhole.stable_diffusion.tt.ttnn_functional_unet_2d_condition_model_new_conv:__call__:491 - Up block 3
2026-05-29 08:11:21.203 | INFO     | models.demos.wormhole.stable_diffusion.tt.ttnn_functional_unet_2d_condition_model_new_conv:__call__:406 - Down block 0
2026-05-29 08:11:21.209 | info     |              Op | act_block_h_override 2 is not a valid override for padded_output_height_ntiles_per_core 7, instead 1 was selected as closest valid option! (conv2d_utils.cpp:401)
2026-05-29 08:11:21.209 | INFO     | models.demos.wormhole.stable_diffusion.tt.ttnn_functional_unet_2d_condition_model_new_conv:__call__:406 - Down block 1
2026-05-29 08:11:21.214 | INFO     | models.demos.wormhole.stable_diffusion.tt.ttnn_functional_unet_2d_condition_model_new_conv:__call__:406 - Down block 2
2026-05-29 08:11:21.218 | INFO     | models.demos.wormhole.stable_diffusion.tt.ttnn_functional_unet_2d_condition_model_new_conv:__call__:406 - Down block 3
2026-05-29 08:11:21.219 | INFO     | models.demos.wormhole.stable_diffusion.tt.ttnn_functional_unet_2d_condition_model_new_conv:__call__:460 - Mid block
2026-05-29 08:11:21.219 | warning  |              Op | Mismatch between computed MemoryConfig(memory_layout=TensorMemoryLayout::BLOCK_SHARDED,buffer_type=BufferType::L1,shard_spec=ShardSpec(grid={[(x=0,y=0) - (x=7,y=3)]},shape={32, 160},orientation=ShardOrientation::ROW_MAJOR),nd_shard_spec=NdShardSpec(shard_shape=Shape([32, 160]),grid={[(x=0,y=0) - (x=7,y=3)]},orientation=ShardOrientation::ROW_MAJOR,shard_distribution_strategy=ShardDistributionStrategy::GRID_2D),created_with_nd_shard_spec=0) and provided MemoryConfig(memory_layout=TensorMemoryLayout::BLOCK_SHARDED,buffer_type=BufferType::L1,shard_spec=ShardSpec(grid={[(x=0,y=0) - (x=7,y=7)]},shape={32, 160},orientation=ShardOrientation::ROW_MAJOR),nd_shard_spec=std::nullopt,created_with_nd_shard_spec=0) mem config. Using computed config. (matmul_op.cpp:1674)
2026-05-29 08:11:21.221 | INFO     | models.demos.wormhole.stable_diffusion.tt.ttnn_functional_unet_2d_condition_model_new_conv:__call__:491 - Up block 0
2026-05-29 08:11:21.222 | INFO     | models.demos.wormhole.stable_diffusion.tt.ttnn_functional_unet_2d_condition_model_new_conv:__call__:491 - Up block 1
2026-05-29 08:11:21.227 | INFO     | models.demos.wormhole.stable_diffusion.tt.ttnn_functional_unet_2d_condition_model_new_conv:__call__:491 - Up block 2
2026-05-29 08:11:21.235 | INFO     | models.demos.wormhole.stable_diffusion.tt.ttnn_functional_unet_2d_condition_model_new_conv:__call__:491 - Up block 3
2026-05-29 08:11:21.255 | INFO     | models.demos.wormhole.stable_diffusion.tt.ttnn_functional_unet_2d_condition_model_new_conv:__call__:406 - Down block 0
2026-05-29 08:11:21.261 | info     |              Op | act_block_h_override 2 is not a valid override for padded_output_height_ntiles_per_core 7, instead 1 was selected as closest valid option! (conv2d_utils.cpp:401)
2026-05-29 08:11:21.261 | INFO     | models.demos.wormhole.stable_diffusion.tt.ttnn_functional_unet_2d_condition_model_new_conv:__call__:406 - Down block 1
2026-05-29 08:11:21.267 | INFO     | models.demos.wormhole.stable_diffusion.tt.ttnn_functional_unet_2d_condition_model_new_conv:__call__:406 - Down block 2
2026-05-29 08:11:21.270 | INFO     | models.demos.wormhole.stable_diffusion.tt.ttnn_functional_unet_2d_condition_model_new_conv:__call__:406 - Down block 3
2026-05-29 08:11:21.271 | INFO     | models.demos.wormhole.stable_diffusion.tt.ttnn_functional_unet_2d_condition_model_new_conv:__call__:460 - Mid block
2026-05-29 08:11:21.271 | warning  |              Op | Mismatch between computed MemoryConfig(memory_layout=TensorMemoryLayout::BLOCK_SHARDED,buffer_type=BufferType::L1,shard_spec=ShardSpec(grid={[(x=0,y=0) - (x=7,y=3)]},shape={32, 160},orientation=ShardOrientation::ROW_MAJOR),nd_shard_spec=NdShardSpec(shard_shape=Shape([32, 160]),grid={[(x=0,y=0) - (x=7,y=3)]},orientation=ShardOrientation::ROW_MAJOR,shard_distribution_strategy=ShardDistributionStrategy::GRID_2D),created_with_nd_shard_spec=0) and provided MemoryConfig(memory_layout=TensorMemoryLayout::BLOCK_SHARDED,buffer_type=BufferType::L1,shard_spec=ShardSpec(grid={[(x=0,y=0) - (x=7,y=7)]},shape={32, 160},orientation=ShardOrientation::ROW_MAJOR),nd_shard_spec=std::nullopt,created_with_nd_shard_spec=0) mem config. Using computed config. (matmul_op.cpp:1674)
2026-05-29 08:11:21.272 | INFO     | models.demos.wormhole.stable_diffusion.tt.ttnn_functional_unet_2d_condition_model_new_conv:__call__:491 - Up block 0
2026-05-29 08:11:21.274 | INFO     | models.demos.wormhole.stable_diffusion.tt.ttnn_functional_unet_2d_condition_model_new_conv:__call__:491 - Up block 1
2026-05-29 08:11:21.279 | INFO     | models.demos.wormhole.stable_diffusion.tt.ttnn_functional_unet_2d_condition_model_new_conv:__call__:491 - Up block 2
2026-05-29 08:11:21.287 | INFO     | models.demos.wormhole.stable_diffusion.tt.ttnn_functional_unet_2d_condition_model_new_conv:__call__:491 - Up block 3
2026-05-29 08:11:21.307 | INFO     | models.demos.wormhole.stable_diffusion.tt.ttnn_functional_unet_2d_condition_model_new_conv:__call__:406 - Down block 0
2026-05-29 08:11:21.313 | info     |              Op | act_block_h_override 2 is not a valid override for padded_output_height_ntiles_per_core 7, instead 1 was selected as closest valid option! (conv2d_utils.cpp:401)
2026-05-29 08:11:21.313 | INFO     | models.demos.wormhole.stable_diffusion.tt.ttnn_functional_unet_2d_condition_model_new_conv:__call__:406 - Down block 1
2026-05-29 08:11:21.319 | INFO     | models.demos.wormhole.stable_diffusion.tt.ttnn_functional_unet_2d_condition_model_new_conv:__call__:406 - Down block 2
2026-05-29 08:11:21.322 | INFO     | models.demos.wormhole.stable_diffusion.tt.ttnn_functional_unet_2d_condition_model_new_conv:__call__:406 - Down block 3
2026-05-29 08:11:21.323 | INFO     | models.demos.wormhole.stable_diffusion.tt.ttnn_functional_unet_2d_condition_model_new_conv:__call__:460 - Mid block
2026-05-29 08:11:21.323 | warning  |              Op | Mismatch between computed MemoryConfig(memory_layout=TensorMemoryLayout::BLOCK_SHARDED,buffer_type=BufferType::L1,shard_spec=ShardSpec(grid={[(x=0,y=0) - (x=7,y=3)]},shape={32, 160},orientation=ShardOrientation::ROW_MAJOR),nd_shard_spec=NdShardSpec(shard_shape=Shape([32, 160]),grid={[(x=0,y=0) - (x=7,y=3)]},orientation=ShardOrientation::ROW_MAJOR,shard_distribution_strategy=ShardDistributionStrategy::GRID_2D),created_with_nd_shard_spec=0) and provided MemoryConfig(memory_layout=TensorMemoryLayout::BLOCK_SHARDED,buffer_type=BufferType::L1,shard_spec=ShardSpec(grid={[(x=0,y=0) - (x=7,y=7)]},shape={32, 160},orientation=ShardOrientation::ROW_MAJOR),nd_shard_spec=std::nullopt,created_with_nd_shard_spec=0) mem config. Using computed config. (matmul_op.cpp:1674)
2026-05-29 08:11:21.325 | INFO     | models.demos.wormhole.stable_diffusion.tt.ttnn_functional_unet_2d_condition_model_new_conv:__call__:491 - Up block 0
2026-05-29 08:11:21.326 | INFO     | models.demos.wormhole.stable_diffusion.tt.ttnn_functional_unet_2d_condition_model_new_conv:__call__:491 - Up block 1
2026-05-29 08:11:21.331 | INFO     | models.demos.wormhole.stable_diffusion.tt.ttnn_functional_unet_2d_condition_model_new_conv:__call__:491 - Up block 2
2026-05-29 08:11:21.339 | INFO     | models.demos.wormhole.stable_diffusion.tt.ttnn_functional_unet_2d_condition_model_new_conv:__call__:491 - Up block 3
2026-05-29 08:11:21.359 | INFO     | models.demos.wormhole.stable_diffusion.tt.ttnn_functional_unet_2d_condition_model_new_conv:__call__:406 - Down block 0
2026-05-29 08:11:21.365 | info     |              Op | act_block_h_override 2 is not a valid override for padded_output_height_ntiles_per_core 7, instead 1 was selected as closest valid option! (conv2d_utils.cpp:401)
2026-05-29 08:11:21.365 | INFO     | models.demos.wormhole.stable_diffusion.tt.ttnn_functional_unet_2d_condition_model_new_conv:__call__:406 - Down block 1
2026-05-29 08:11:21.370 | INFO     | models.demos.wormhole.stable_diffusion.tt.ttnn_functional_unet_2d_condition_model_new_conv:__call__:406 - Down block 2
2026-05-29 08:11:21.374 | INFO     | models.demos.wormhole.stable_diffusion.tt.ttnn_functional_unet_2d_condition_model_new_conv:__call__:406 - Down block 3
2026-05-29 08:11:21.375 | INFO     | models.demos.wormhole.stable_diffusion.tt.ttnn_functional_unet_2d_condition_model_new_conv:__call__:460 - Mid block
2026-05-29 08:11:21.375 | warning  |              Op | Mismatch between computed MemoryConfig(memory_layout=TensorMemoryLayout::BLOCK_SHARDED,buffer_type=BufferType::L1,shard_spec=ShardSpec(grid={[(x=0,y=0) - (x=7,y=3)]},shape={32, 160},orientation=ShardOrientation::ROW_MAJOR),nd_shard_spec=NdShardSpec(shard_shape=Shape([32, 160]),grid={[(x=0,y=0) - (x=7,y=3)]},orientation=ShardOrientation::ROW_MAJOR,shard_distribution_strategy=ShardDistributionStrategy::GRID_2D),created_with_nd_shard_spec=0) and provided MemoryConfig(memory_layout=TensorMemoryLayout::BLOCK_SHARDED,buffer_type=BufferType::L1,shard_spec=ShardSpec(grid={[(x=0,y=0) - (x=7,y=7)]},shape={32, 160},orientation=ShardOrientation::ROW_MAJOR),nd_shard_spec=std::nullopt,created_with_nd_shard_spec=0) mem config. Using computed config. (matmul_op.cpp:1674)
2026-05-29 08:11:21.376 | INFO     | models.demos.wormhole.stable_diffusion.tt.ttnn_functional_unet_2d_condition_model_new_conv:__call__:491 - Up block 0
2026-05-29 08:11:21.378 | INFO     | models.demos.wormhole.stable_diffusion.tt.ttnn_functional_unet_2d_condition_model_new_conv:__call__:491 - Up block 1
2026-05-29 08:11:21.383 | INFO     | models.demos.wormhole.stable_diffusion.tt.ttnn_functional_unet_2d_condition_model_new_conv:__call__:491 - Up block 2
2026-05-29 08:11:21.391 | INFO     | models.demos.wormhole.stable_diffusion.tt.ttnn_functional_unet_2d_condition_model_new_conv:__call__:491 - Up block 3
  Step 34/41
2026-05-29 08:11:21.413 | INFO     | models.demos.wormhole.stable_diffusion.tt.ttnn_functional_unet_2d_condition_model_new_conv:__call__:406 - Down block 0
2026-05-29 08:11:21.419 | info     |              Op | act_block_h_override 2 is not a valid override for padded_output_height_ntiles_per_core 7, instead 1 was selected as closest valid option! (conv2d_utils.cpp:401)
2026-05-29 08:11:21.419 | INFO     | models.demos.wormhole.stable_diffusion.tt.ttnn_functional_unet_2d_condition_model_new_conv:__call__:406 - Down block 1
2026-05-29 08:11:21.425 | INFO     | models.demos.wormhole.stable_diffusion.tt.ttnn_functional_unet_2d_condition_model_new_conv:__call__:406 - Down block 2
2026-05-29 08:11:21.428 | INFO     | models.demos.wormhole.stable_diffusion.tt.ttnn_functional_unet_2d_condition_model_new_conv:__call__:406 - Down block 3
2026-05-29 08:11:21.429 | INFO     | models.demos.wormhole.stable_diffusion.tt.ttnn_functional_unet_2d_condition_model_new_conv:__call__:460 - Mid block
2026-05-29 08:11:21.430 | warning  |              Op | Mismatch between computed MemoryConfig(memory_layout=TensorMemoryLayout::BLOCK_SHARDED,buffer_type=BufferType::L1,shard_spec=ShardSpec(grid={[(x=0,y=0) - (x=7,y=3)]},shape={32, 160},orientation=ShardOrientation::ROW_MAJOR),nd_shard_spec=NdShardSpec(shard_shape=Shape([32, 160]),grid={[(x=0,y=0) - (x=7,y=3)]},orientation=ShardOrientation::ROW_MAJOR,shard_distribution_strategy=ShardDistributionStrategy::GRID_2D),created_with_nd_shard_spec=0) and provided MemoryConfig(memory_layout=TensorMemoryLayout::BLOCK_SHARDED,buffer_type=BufferType::L1,shard_spec=ShardSpec(grid={[(x=0,y=0) - (x=7,y=7)]},shape={32, 160},orientation=ShardOrientation::ROW_MAJOR),nd_shard_spec=std::nullopt,created_with_nd_shard_spec=0) mem config. Using computed config. (matmul_op.cpp:1674)
2026-05-29 08:11:21.431 | INFO     | models.demos.wormhole.stable_diffusion.tt.ttnn_functional_unet_2d_condition_model_new_conv:__call__:491 - Up block 0
2026-05-29 08:11:21.432 | INFO     | models.demos.wormhole.stable_diffusion.tt.ttnn_functional_unet_2d_condition_model_new_conv:__call__:491 - Up block 1
2026-05-29 08:11:21.437 | INFO     | models.demos.wormhole.stable_diffusion.tt.ttnn_functional_unet_2d_condition_model_new_conv:__call__:491 - Up block 2
2026-05-29 08:11:21.446 | INFO     | models.demos.wormhole.stable_diffusion.tt.ttnn_functional_unet_2d_condition_model_new_conv:__call__:491 - Up block 3
2026-05-29 08:11:21.466 | INFO     | models.demos.wormhole.stable_diffusion.tt.ttnn_functional_unet_2d_condition_model_new_conv:__call__:406 - Down block 0
2026-05-29 08:11:21.471 | info     |              Op | act_block_h_override 2 is not a valid override for padded_output_height_ntiles_per_core 7, instead 1 was selected as closest valid option! (conv2d_utils.cpp:401)
2026-05-29 08:11:21.472 | INFO     | models.demos.wormhole.stable_diffusion.tt.ttnn_functional_unet_2d_condition_model_new_conv:__call__:406 - Down block 1
2026-05-29 08:11:21.477 | INFO     | models.demos.wormhole.stable_diffusion.tt.ttnn_functional_unet_2d_condition_model_new_conv:__call__:406 - Down block 2
2026-05-29 08:11:21.481 | INFO     | models.demos.wormhole.stable_diffusion.tt.ttnn_functional_unet_2d_condition_model_new_conv:__call__:406 - Down block 3
2026-05-29 08:11:21.481 | INFO     | models.demos.wormhole.stable_diffusion.tt.ttnn_functional_unet_2d_condition_model_new_conv:__call__:460 - Mid block
2026-05-29 08:11:21.482 | warning  |              Op | Mismatch between computed MemoryConfig(memory_layout=TensorMemoryLayout::BLOCK_SHARDED,buffer_type=BufferType::L1,shard_spec=ShardSpec(grid={[(x=0,y=0) - (x=7,y=3)]},shape={32, 160},orientation=ShardOrientation::ROW_MAJOR),nd_shard_spec=NdShardSpec(shard_shape=Shape([32, 160]),grid={[(x=0,y=0) - (x=7,y=3)]},orientation=ShardOrientation::ROW_MAJOR,shard_distribution_strategy=ShardDistributionStrategy::GRID_2D),created_with_nd_shard_spec=0) and provided MemoryConfig(memory_layout=TensorMemoryLayout::BLOCK_SHARDED,buffer_type=BufferType::L1,shard_spec=ShardSpec(grid={[(x=0,y=0) - (x=7,y=7)]},shape={32, 160},orientation=ShardOrientation::ROW_MAJOR),nd_shard_spec=std::nullopt,created_with_nd_shard_spec=0) mem config. Using computed config. (matmul_op.cpp:1674)
2026-05-29 08:11:21.483 | INFO     | models.demos.wormhole.stable_diffusion.tt.ttnn_functional_unet_2d_condition_model_new_conv:__call__:491 - Up block 0
2026-05-29 08:11:21.485 | INFO     | models.demos.wormhole.stable_diffusion.tt.ttnn_functional_unet_2d_condition_model_new_conv:__call__:491 - Up block 1
2026-05-29 08:11:21.490 | INFO     | models.demos.wormhole.stable_diffusion.tt.ttnn_functional_unet_2d_condition_model_new_conv:__call__:491 - Up block 2
2026-05-29 08:11:21.498 | INFO     | models.demos.wormhole.stable_diffusion.tt.ttnn_functional_unet_2d_condition_model_new_conv:__call__:491 - Up block 3
2026-05-29 08:11:21.518 | INFO     | models.demos.wormhole.stable_diffusion.tt.ttnn_functional_unet_2d_condition_model_new_conv:__call__:406 - Down block 0
2026-05-29 08:11:21.524 | info     |              Op | act_block_h_override 2 is not a valid override for padded_output_height_ntiles_per_core 7, instead 1 was selected as closest valid option! (conv2d_utils.cpp:401)
2026-05-29 08:11:21.524 | INFO     | models.demos.wormhole.stable_diffusion.tt.ttnn_functional_unet_2d_condition_model_new_conv:__call__:406 - Down block 1
2026-05-29 08:11:21.529 | INFO     | models.demos.wormhole.stable_diffusion.tt.ttnn_functional_unet_2d_condition_model_new_conv:__call__:406 - Down block 2
2026-05-29 08:11:21.533 | INFO     | models.demos.wormhole.stable_diffusion.tt.ttnn_functional_unet_2d_condition_model_new_conv:__call__:406 - Down block 3
2026-05-29 08:11:21.533 | INFO     | models.demos.wormhole.stable_diffusion.tt.ttnn_functional_unet_2d_condition_model_new_conv:__call__:460 - Mid block
2026-05-29 08:11:21.534 | warning  |              Op | Mismatch between computed MemoryConfig(memory_layout=TensorMemoryLayout::BLOCK_SHARDED,buffer_type=BufferType::L1,shard_spec=ShardSpec(grid={[(x=0,y=0) - (x=7,y=3)]},shape={32, 160},orientation=ShardOrientation::ROW_MAJOR),nd_shard_spec=NdShardSpec(shard_shape=Shape([32, 160]),grid={[(x=0,y=0) - (x=7,y=3)]},orientation=ShardOrientation::ROW_MAJOR,shard_distribution_strategy=ShardDistributionStrategy::GRID_2D),created_with_nd_shard_spec=0) and provided MemoryConfig(memory_layout=TensorMemoryLayout::BLOCK_SHARDED,buffer_type=BufferType::L1,shard_spec=ShardSpec(grid={[(x=0,y=0) - (x=7,y=7)]},shape={32, 160},orientation=ShardOrientation::ROW_MAJOR),nd_shard_spec=std::nullopt,created_with_nd_shard_spec=0) mem config. Using computed config. (matmul_op.cpp:1674)
2026-05-29 08:11:21.535 | INFO     | models.demos.wormhole.stable_diffusion.tt.ttnn_functional_unet_2d_condition_model_new_conv:__call__:491 - Up block 0
2026-05-29 08:11:21.537 | INFO     | models.demos.wormhole.stable_diffusion.tt.ttnn_functional_unet_2d_condition_model_new_conv:__call__:491 - Up block 1
2026-05-29 08:11:21.542 | INFO     | models.demos.wormhole.stable_diffusion.tt.ttnn_functional_unet_2d_condition_model_new_conv:__call__:491 - Up block 2
2026-05-29 08:11:21.550 | INFO     | models.demos.wormhole.stable_diffusion.tt.ttnn_functional_unet_2d_condition_model_new_conv:__call__:491 - Up block 3
2026-05-29 08:11:21.570 | INFO     | models.demos.wormhole.stable_diffusion.tt.ttnn_functional_unet_2d_condition_model_new_conv:__call__:406 - Down block 0
2026-05-29 08:11:21.576 | info     |              Op | act_block_h_override 2 is not a valid override for padded_output_height_ntiles_per_core 7, instead 1 was selected as closest valid option! (conv2d_utils.cpp:401)
2026-05-29 08:11:21.576 | INFO     | models.demos.wormhole.stable_diffusion.tt.ttnn_functional_unet_2d_condition_model_new_conv:__call__:406 - Down block 1
2026-05-29 08:11:21.581 | INFO     | models.demos.wormhole.stable_diffusion.tt.ttnn_functional_unet_2d_condition_model_new_conv:__call__:406 - Down block 2
2026-05-29 08:11:21.585 | INFO     | models.demos.wormhole.stable_diffusion.tt.ttnn_functional_unet_2d_condition_model_new_conv:__call__:406 - Down block 3
2026-05-29 08:11:21.585 | INFO     | models.demos.wormhole.stable_diffusion.tt.ttnn_functional_unet_2d_condition_model_new_conv:__call__:460 - Mid block
2026-05-29 08:11:21.586 | warning  |              Op | Mismatch between computed MemoryConfig(memory_layout=TensorMemoryLayout::BLOCK_SHARDED,buffer_type=BufferType::L1,shard_spec=ShardSpec(grid={[(x=0,y=0) - (x=7,y=3)]},shape={32, 160},orientation=ShardOrientation::ROW_MAJOR),nd_shard_spec=NdShardSpec(shard_shape=Shape([32, 160]),grid={[(x=0,y=0) - (x=7,y=3)]},orientation=ShardOrientation::ROW_MAJOR,shard_distribution_strategy=ShardDistributionStrategy::GRID_2D),created_with_nd_shard_spec=0) and provided MemoryConfig(memory_layout=TensorMemoryLayout::BLOCK_SHARDED,buffer_type=BufferType::L1,shard_spec=ShardSpec(grid={[(x=0,y=0) - (x=7,y=7)]},shape={32, 160},orientation=ShardOrientation::ROW_MAJOR),nd_shard_spec=std::nullopt,created_with_nd_shard_spec=0) mem config. Using computed config. (matmul_op.cpp:1674)
2026-05-29 08:11:21.587 | INFO     | models.demos.wormhole.stable_diffusion.tt.ttnn_functional_unet_2d_condition_model_new_conv:__call__:491 - Up block 0
2026-05-29 08:11:21.589 | INFO     | models.demos.wormhole.stable_diffusion.tt.ttnn_functional_unet_2d_condition_model_new_conv:__call__:491 - Up block 1
2026-05-29 08:11:21.594 | INFO     | models.demos.wormhole.stable_diffusion.tt.ttnn_functional_unet_2d_condition_model_new_conv:__call__:491 - Up block 2
2026-05-29 08:11:21.602 | INFO     | models.demos.wormhole.stable_diffusion.tt.ttnn_functional_unet_2d_condition_model_new_conv:__call__:491 - Up block 3
2026-05-29 08:11:21.622 | INFO     | models.demos.wormhole.stable_diffusion.tt.ttnn_functional_unet_2d_condition_model_new_conv:__call__:406 - Down block 0
2026-05-29 08:11:21.628 | info     |              Op | act_block_h_override 2 is not a valid override for padded_output_height_ntiles_per_core 7, instead 1 was selected as closest valid option! (conv2d_utils.cpp:401)
2026-05-29 08:11:21.628 | INFO     | models.demos.wormhole.stable_diffusion.tt.ttnn_functional_unet_2d_condition_model_new_conv:__call__:406 - Down block 1
2026-05-29 08:11:21.633 | INFO     | models.demos.wormhole.stable_diffusion.tt.ttnn_functional_unet_2d_condition_model_new_conv:__call__:406 - Down block 2
2026-05-29 08:11:21.636 | INFO     | models.demos.wormhole.stable_diffusion.tt.ttnn_functional_unet_2d_condition_model_new_conv:__call__:406 - Down block 3
2026-05-29 08:11:21.637 | INFO     | models.demos.wormhole.stable_diffusion.tt.ttnn_functional_unet_2d_condition_model_new_conv:__call__:460 - Mid block
2026-05-29 08:11:21.638 | warning  |              Op | Mismatch between computed MemoryConfig(memory_layout=TensorMemoryLayout::BLOCK_SHARDED,buffer_type=BufferType::L1,shard_spec=ShardSpec(grid={[(x=0,y=0) - (x=7,y=3)]},shape={32, 160},orientation=ShardOrientation::ROW_MAJOR),nd_shard_spec=NdShardSpec(shard_shape=Shape([32, 160]),grid={[(x=0,y=0) - (x=7,y=3)]},orientation=ShardOrientation::ROW_MAJOR,shard_distribution_strategy=ShardDistributionStrategy::GRID_2D),created_with_nd_shard_spec=0) and provided MemoryConfig(memory_layout=TensorMemoryLayout::BLOCK_SHARDED,buffer_type=BufferType::L1,shard_spec=ShardSpec(grid={[(x=0,y=0) - (x=7,y=7)]},shape={32, 160},orientation=ShardOrientation::ROW_MAJOR),nd_shard_spec=std::nullopt,created_with_nd_shard_spec=0) mem config. Using computed config. (matmul_op.cpp:1674)
2026-05-29 08:11:21.639 | INFO     | models.demos.wormhole.stable_diffusion.tt.ttnn_functional_unet_2d_condition_model_new_conv:__call__:491 - Up block 0
2026-05-29 08:11:21.640 | INFO     | models.demos.wormhole.stable_diffusion.tt.ttnn_functional_unet_2d_condition_model_new_conv:__call__:491 - Up block 1
2026-05-29 08:11:21.645 | INFO     | models.demos.wormhole.stable_diffusion.tt.ttnn_functional_unet_2d_condition_model_new_conv:__call__:491 - Up block 2
2026-05-29 08:11:21.653 | INFO     | models.demos.wormhole.stable_diffusion.tt.ttnn_functional_unet_2d_condition_model_new_conv:__call__:491 - Up block 3
2026-05-29 08:11:21.674 | INFO     | models.demos.wormhole.stable_diffusion.tt.ttnn_functional_unet_2d_condition_model_new_conv:__call__:406 - Down block 0
2026-05-29 08:11:21.680 | info     |              Op | act_block_h_override 2 is not a valid override for padded_output_height_ntiles_per_core 7, instead 1 was selected as closest valid option! (conv2d_utils.cpp:401)
2026-05-29 08:11:21.680 | INFO     | models.demos.wormhole.stable_diffusion.tt.ttnn_functional_unet_2d_condition_model_new_conv:__call__:406 - Down block 1
2026-05-29 08:11:21.686 | INFO     | models.demos.wormhole.stable_diffusion.tt.ttnn_functional_unet_2d_condition_model_new_conv:__call__:406 - Down block 2
2026-05-29 08:11:21.689 | INFO     | models.demos.wormhole.stable_diffusion.tt.ttnn_functional_unet_2d_condition_model_new_conv:__call__:406 - Down block 3
2026-05-29 08:11:21.690 | INFO     | models.demos.wormhole.stable_diffusion.tt.ttnn_functional_unet_2d_condition_model_new_conv:__call__:460 - Mid block
2026-05-29 08:11:21.691 | warning  |              Op | Mismatch between computed MemoryConfig(memory_layout=TensorMemoryLayout::BLOCK_SHARDED,buffer_type=BufferType::L1,shard_spec=ShardSpec(grid={[(x=0,y=0) - (x=7,y=3)]},shape={32, 160},orientation=ShardOrientation::ROW_MAJOR),nd_shard_spec=NdShardSpec(shard_shape=Shape([32, 160]),grid={[(x=0,y=0) - (x=7,y=3)]},orientation=ShardOrientation::ROW_MAJOR,shard_distribution_strategy=ShardDistributionStrategy::GRID_2D),created_with_nd_shard_spec=0) and provided MemoryConfig(memory_layout=TensorMemoryLayout::BLOCK_SHARDED,buffer_type=BufferType::L1,shard_spec=ShardSpec(grid={[(x=0,y=0) - (x=7,y=7)]},shape={32, 160},orientation=ShardOrientation::ROW_MAJOR),nd_shard_spec=std::nullopt,created_with_nd_shard_spec=0) mem config. Using computed config. (matmul_op.cpp:1674)
2026-05-29 08:11:21.692 | INFO     | models.demos.wormhole.stable_diffusion.tt.ttnn_functional_unet_2d_condition_model_new_conv:__call__:491 - Up block 0
2026-05-29 08:11:21.694 | INFO     | models.demos.wormhole.stable_diffusion.tt.ttnn_functional_unet_2d_condition_model_new_conv:__call__:491 - Up block 1
2026-05-29 08:11:21.699 | INFO     | models.demos.wormhole.stable_diffusion.tt.ttnn_functional_unet_2d_condition_model_new_conv:__call__:491 - Up block 2
2026-05-29 08:11:21.707 | INFO     | models.demos.wormhole.stable_diffusion.tt.ttnn_functional_unet_2d_condition_model_new_conv:__call__:491 - Up block 3
2026-05-29 08:11:21.727 | INFO     | models.demos.wormhole.stable_diffusion.tt.ttnn_functional_unet_2d_condition_model_new_conv:__call__:406 - Down block 0
2026-05-29 08:11:21.733 | info     |              Op | act_block_h_override 2 is not a valid override for padded_output_height_ntiles_per_core 7, instead 1 was selected as closest valid option! (conv2d_utils.cpp:401)
2026-05-29 08:11:21.733 | INFO     | models.demos.wormhole.stable_diffusion.tt.ttnn_functional_unet_2d_condition_model_new_conv:__call__:406 - Down block 1
2026-05-29 08:11:21.739 | INFO     | models.demos.wormhole.stable_diffusion.tt.ttnn_functional_unet_2d_condition_model_new_conv:__call__:406 - Down block 2
2026-05-29 08:11:21.742 | INFO     | models.demos.wormhole.stable_diffusion.tt.ttnn_functional_unet_2d_condition_model_new_conv:__call__:406 - Down block 3
2026-05-29 08:11:21.743 | INFO     | models.demos.wormhole.stable_diffusion.tt.ttnn_functional_unet_2d_condition_model_new_conv:__call__:460 - Mid block
2026-05-29 08:11:21.743 | warning  |              Op | Mismatch between computed MemoryConfig(memory_layout=TensorMemoryLayout::BLOCK_SHARDED,buffer_type=BufferType::L1,shard_spec=ShardSpec(grid={[(x=0,y=0) - (x=7,y=3)]},shape={32, 160},orientation=ShardOrientation::ROW_MAJOR),nd_shard_spec=NdShardSpec(shard_shape=Shape([32, 160]),grid={[(x=0,y=0) - (x=7,y=3)]},orientation=ShardOrientation::ROW_MAJOR,shard_distribution_strategy=ShardDistributionStrategy::GRID_2D),created_with_nd_shard_spec=0) and provided MemoryConfig(memory_layout=TensorMemoryLayout::BLOCK_SHARDED,buffer_type=BufferType::L1,shard_spec=ShardSpec(grid={[(x=0,y=0) - (x=7,y=7)]},shape={32, 160},orientation=ShardOrientation::ROW_MAJOR),nd_shard_spec=std::nullopt,created_with_nd_shard_spec=0) mem config. Using computed config. (matmul_op.cpp:1674)
2026-05-29 08:11:21.745 | INFO     | models.demos.wormhole.stable_diffusion.tt.ttnn_functional_unet_2d_condition_model_new_conv:__call__:491 - Up block 0
2026-05-29 08:11:21.746 | INFO     | models.demos.wormhole.stable_diffusion.tt.ttnn_functional_unet_2d_condition_model_new_conv:__call__:491 - Up block 1
2026-05-29 08:11:21.751 | INFO     | models.demos.wormhole.stable_diffusion.tt.ttnn_functional_unet_2d_condition_model_new_conv:__call__:491 - Up block 2
2026-05-29 08:11:21.759 | INFO     | models.demos.wormhole.stable_diffusion.tt.ttnn_functional_unet_2d_condition_model_new_conv:__call__:491 - Up block 3
2026-05-29 08:11:21.779 | INFO     | models.demos.wormhole.stable_diffusion.tt.ttnn_functional_unet_2d_condition_model_new_conv:__call__:406 - Down block 0
2026-05-29 08:11:21.785 | info     |              Op | act_block_h_override 2 is not a valid override for padded_output_height_ntiles_per_core 7, instead 1 was selected as closest valid option! (conv2d_utils.cpp:401)
2026-05-29 08:11:21.785 | INFO     | models.demos.wormhole.stable_diffusion.tt.ttnn_functional_unet_2d_condition_model_new_conv:__call__:406 - Down block 1
2026-05-29 08:11:21.791 | INFO     | models.demos.wormhole.stable_diffusion.tt.ttnn_functional_unet_2d_condition_model_new_conv:__call__:406 - Down block 2
2026-05-29 08:11:21.794 | INFO     | models.demos.wormhole.stable_diffusion.tt.ttnn_functional_unet_2d_condition_model_new_conv:__call__:406 - Down block 3
2026-05-29 08:11:21.795 | INFO     | models.demos.wormhole.stable_diffusion.tt.ttnn_functional_unet_2d_condition_model_new_conv:__call__:460 - Mid block
2026-05-29 08:11:21.795 | warning  |              Op | Mismatch between computed MemoryConfig(memory_layout=TensorMemoryLayout::BLOCK_SHARDED,buffer_type=BufferType::L1,shard_spec=ShardSpec(grid={[(x=0,y=0) - (x=7,y=3)]},shape={32, 160},orientation=ShardOrientation::ROW_MAJOR),nd_shard_spec=NdShardSpec(shard_shape=Shape([32, 160]),grid={[(x=0,y=0) - (x=7,y=3)]},orientation=ShardOrientation::ROW_MAJOR,shard_distribution_strategy=ShardDistributionStrategy::GRID_2D),created_with_nd_shard_spec=0) and provided MemoryConfig(memory_layout=TensorMemoryLayout::BLOCK_SHARDED,buffer_type=BufferType::L1,shard_spec=ShardSpec(grid={[(x=0,y=0) - (x=7,y=7)]},shape={32, 160},orientation=ShardOrientation::ROW_MAJOR),nd_shard_spec=std::nullopt,created_with_nd_shard_spec=0) mem config. Using computed config. (matmul_op.cpp:1674)
2026-05-29 08:11:21.797 | INFO     | models.demos.wormhole.stable_diffusion.tt.ttnn_functional_unet_2d_condition_model_new_conv:__call__:491 - Up block 0
2026-05-29 08:11:21.798 | INFO     | models.demos.wormhole.stable_diffusion.tt.ttnn_functional_unet_2d_condition_model_new_conv:__call__:491 - Up block 1
2026-05-29 08:11:21.803 | INFO     | models.demos.wormhole.stable_diffusion.tt.ttnn_functional_unet_2d_condition_model_new_conv:__call__:491 - Up block 2
2026-05-29 08:11:21.811 | INFO     | models.demos.wormhole.stable_diffusion.tt.ttnn_functional_unet_2d_condition_model_new_conv:__call__:491 - Up block 3
  Step 35/41
2026-05-29 08:11:21.834 | INFO     | models.demos.wormhole.stable_diffusion.tt.ttnn_functional_unet_2d_condition_model_new_conv:__call__:406 - Down block 0
2026-05-29 08:11:21.840 | info     |              Op | act_block_h_override 2 is not a valid override for padded_output_height_ntiles_per_core 7, instead 1 was selected as closest valid option! (conv2d_utils.cpp:401)
2026-05-29 08:11:21.840 | INFO     | models.demos.wormhole.stable_diffusion.tt.ttnn_functional_unet_2d_condition_model_new_conv:__call__:406 - Down block 1
2026-05-29 08:11:21.845 | INFO     | models.demos.wormhole.stable_diffusion.tt.ttnn_functional_unet_2d_condition_model_new_conv:__call__:406 - Down block 2
2026-05-29 08:11:21.849 | INFO     | models.demos.wormhole.stable_diffusion.tt.ttnn_functional_unet_2d_condition_model_new_conv:__call__:406 - Down block 3
2026-05-29 08:11:21.850 | INFO     | models.demos.wormhole.stable_diffusion.tt.ttnn_functional_unet_2d_condition_model_new_conv:__call__:460 - Mid block
2026-05-29 08:11:21.850 | warning  |              Op | Mismatch between computed MemoryConfig(memory_layout=TensorMemoryLayout::BLOCK_SHARDED,buffer_type=BufferType::L1,shard_spec=ShardSpec(grid={[(x=0,y=0) - (x=7,y=3)]},shape={32, 160},orientation=ShardOrientation::ROW_MAJOR),nd_shard_spec=NdShardSpec(shard_shape=Shape([32, 160]),grid={[(x=0,y=0) - (x=7,y=3)]},orientation=ShardOrientation::ROW_MAJOR,shard_distribution_strategy=ShardDistributionStrategy::GRID_2D),created_with_nd_shard_spec=0) and provided MemoryConfig(memory_layout=TensorMemoryLayout::BLOCK_SHARDED,buffer_type=BufferType::L1,shard_spec=ShardSpec(grid={[(x=0,y=0) - (x=7,y=7)]},shape={32, 160},orientation=ShardOrientation::ROW_MAJOR),nd_shard_spec=std::nullopt,created_with_nd_shard_spec=0) mem config. Using computed config. (matmul_op.cpp:1674)
2026-05-29 08:11:21.852 | INFO     | models.demos.wormhole.stable_diffusion.tt.ttnn_functional_unet_2d_condition_model_new_conv:__call__:491 - Up block 0
2026-05-29 08:11:21.853 | INFO     | models.demos.wormhole.stable_diffusion.tt.ttnn_functional_unet_2d_condition_model_new_conv:__call__:491 - Up block 1
2026-05-29 08:11:21.858 | INFO     | models.demos.wormhole.stable_diffusion.tt.ttnn_functional_unet_2d_condition_model_new_conv:__call__:491 - Up block 2
2026-05-29 08:11:21.866 | INFO     | models.demos.wormhole.stable_diffusion.tt.ttnn_functional_unet_2d_condition_model_new_conv:__call__:491 - Up block 3
2026-05-29 08:11:21.886 | INFO     | models.demos.wormhole.stable_diffusion.tt.ttnn_functional_unet_2d_condition_model_new_conv:__call__:406 - Down block 0
2026-05-29 08:11:21.892 | info     |              Op | act_block_h_override 2 is not a valid override for padded_output_height_ntiles_per_core 7, instead 1 was selected as closest valid option! (conv2d_utils.cpp:401)
2026-05-29 08:11:21.892 | INFO     | models.demos.wormhole.stable_diffusion.tt.ttnn_functional_unet_2d_condition_model_new_conv:__call__:406 - Down block 1
2026-05-29 08:11:21.897 | INFO     | models.demos.wormhole.stable_diffusion.tt.ttnn_functional_unet_2d_condition_model_new_conv:__call__:406 - Down block 2
2026-05-29 08:11:21.901 | INFO     | models.demos.wormhole.stable_diffusion.tt.ttnn_functional_unet_2d_condition_model_new_conv:__call__:406 - Down block 3
2026-05-29 08:11:21.902 | INFO     | models.demos.wormhole.stable_diffusion.tt.ttnn_functional_unet_2d_condition_model_new_conv:__call__:460 - Mid block
2026-05-29 08:11:21.902 | warning  |              Op | Mismatch between computed MemoryConfig(memory_layout=TensorMemoryLayout::BLOCK_SHARDED,buffer_type=BufferType::L1,shard_spec=ShardSpec(grid={[(x=0,y=0) - (x=7,y=3)]},shape={32, 160},orientation=ShardOrientation::ROW_MAJOR),nd_shard_spec=NdShardSpec(shard_shape=Shape([32, 160]),grid={[(x=0,y=0) - (x=7,y=3)]},orientation=ShardOrientation::ROW_MAJOR,shard_distribution_strategy=ShardDistributionStrategy::GRID_2D),created_with_nd_shard_spec=0) and provided MemoryConfig(memory_layout=TensorMemoryLayout::BLOCK_SHARDED,buffer_type=BufferType::L1,shard_spec=ShardSpec(grid={[(x=0,y=0) - (x=7,y=7)]},shape={32, 160},orientation=ShardOrientation::ROW_MAJOR),nd_shard_spec=std::nullopt,created_with_nd_shard_spec=0) mem config. Using computed config. (matmul_op.cpp:1674)
2026-05-29 08:11:21.904 | INFO     | models.demos.wormhole.stable_diffusion.tt.ttnn_functional_unet_2d_condition_model_new_conv:__call__:491 - Up block 0
2026-05-29 08:11:21.905 | INFO     | models.demos.wormhole.stable_diffusion.tt.ttnn_functional_unet_2d_condition_model_new_conv:__call__:491 - Up block 1
2026-05-29 08:11:21.910 | INFO     | models.demos.wormhole.stable_diffusion.tt.ttnn_functional_unet_2d_condition_model_new_conv:__call__:491 - Up block 2
2026-05-29 08:11:21.918 | INFO     | models.demos.wormhole.stable_diffusion.tt.ttnn_functional_unet_2d_condition_model_new_conv:__call__:491 - Up block 3
2026-05-29 08:11:21.938 | INFO     | models.demos.wormhole.stable_diffusion.tt.ttnn_functional_unet_2d_condition_model_new_conv:__call__:406 - Down block 0
2026-05-29 08:11:21.944 | info     |              Op | act_block_h_override 2 is not a valid override for padded_output_height_ntiles_per_core 7, instead 1 was selected as closest valid option! (conv2d_utils.cpp:401)
2026-05-29 08:11:21.944 | INFO     | models.demos.wormhole.stable_diffusion.tt.ttnn_functional_unet_2d_condition_model_new_conv:__call__:406 - Down block 1
2026-05-29 08:11:21.949 | INFO     | models.demos.wormhole.stable_diffusion.tt.ttnn_functional_unet_2d_condition_model_new_conv:__call__:406 - Down block 2
2026-05-29 08:11:21.953 | INFO     | models.demos.wormhole.stable_diffusion.tt.ttnn_functional_unet_2d_condition_model_new_conv:__call__:406 - Down block 3
2026-05-29 08:11:21.954 | INFO     | models.demos.wormhole.stable_diffusion.tt.ttnn_functional_unet_2d_condition_model_new_conv:__call__:460 - Mid block
2026-05-29 08:11:21.954 | warning  |              Op | Mismatch between computed MemoryConfig(memory_layout=TensorMemoryLayout::BLOCK_SHARDED,buffer_type=BufferType::L1,shard_spec=ShardSpec(grid={[(x=0,y=0) - (x=7,y=3)]},shape={32, 160},orientation=ShardOrientation::ROW_MAJOR),nd_shard_spec=NdShardSpec(shard_shape=Shape([32, 160]),grid={[(x=0,y=0) - (x=7,y=3)]},orientation=ShardOrientation::ROW_MAJOR,shard_distribution_strategy=ShardDistributionStrategy::GRID_2D),created_with_nd_shard_spec=0) and provided MemoryConfig(memory_layout=TensorMemoryLayout::BLOCK_SHARDED,buffer_type=BufferType::L1,shard_spec=ShardSpec(grid={[(x=0,y=0) - (x=7,y=7)]},shape={32, 160},orientation=ShardOrientation::ROW_MAJOR),nd_shard_spec=std::nullopt,created_with_nd_shard_spec=0) mem config. Using computed config. (matmul_op.cpp:1674)
2026-05-29 08:11:21.956 | INFO     | models.demos.wormhole.stable_diffusion.tt.ttnn_functional_unet_2d_condition_model_new_conv:__call__:491 - Up block 0
2026-05-29 08:11:21.957 | INFO     | models.demos.wormhole.stable_diffusion.tt.ttnn_functional_unet_2d_condition_model_new_conv:__call__:491 - Up block 1
2026-05-29 08:11:21.962 | INFO     | models.demos.wormhole.stable_diffusion.tt.ttnn_functional_unet_2d_condition_model_new_conv:__call__:491 - Up block 2
2026-05-29 08:11:21.970 | INFO     | models.demos.wormhole.stable_diffusion.tt.ttnn_functional_unet_2d_condition_model_new_conv:__call__:491 - Up block 3
2026-05-29 08:11:21.990 | INFO     | models.demos.wormhole.stable_diffusion.tt.ttnn_functional_unet_2d_condition_model_new_conv:__call__:406 - Down block 0
2026-05-29 08:11:21.996 | info     |              Op | act_block_h_override 2 is not a valid override for padded_output_height_ntiles_per_core 7, instead 1 was selected as closest valid option! (conv2d_utils.cpp:401)
2026-05-29 08:11:21.996 | INFO     | models.demos.wormhole.stable_diffusion.tt.ttnn_functional_unet_2d_condition_model_new_conv:__call__:406 - Down block 1
2026-05-29 08:11:22.002 | INFO     | models.demos.wormhole.stable_diffusion.tt.ttnn_functional_unet_2d_condition_model_new_conv:__call__:406 - Down block 2
2026-05-29 08:11:22.005 | INFO     | models.demos.wormhole.stable_diffusion.tt.ttnn_functional_unet_2d_condition_model_new_conv:__call__:406 - Down block 3
2026-05-29 08:11:22.006 | INFO     | models.demos.wormhole.stable_diffusion.tt.ttnn_functional_unet_2d_condition_model_new_conv:__call__:460 - Mid block
2026-05-29 08:11:22.006 | warning  |              Op | Mismatch between computed MemoryConfig(memory_layout=TensorMemoryLayout::BLOCK_SHARDED,buffer_type=BufferType::L1,shard_spec=ShardSpec(grid={[(x=0,y=0) - (x=7,y=3)]},shape={32, 160},orientation=ShardOrientation::ROW_MAJOR),nd_shard_spec=NdShardSpec(shard_shape=Shape([32, 160]),grid={[(x=0,y=0) - (x=7,y=3)]},orientation=ShardOrientation::ROW_MAJOR,shard_distribution_strategy=ShardDistributionStrategy::GRID_2D),created_with_nd_shard_spec=0) and provided MemoryConfig(memory_layout=TensorMemoryLayout::BLOCK_SHARDED,buffer_type=BufferType::L1,shard_spec=ShardSpec(grid={[(x=0,y=0) - (x=7,y=7)]},shape={32, 160},orientation=ShardOrientation::ROW_MAJOR),nd_shard_spec=std::nullopt,created_with_nd_shard_spec=0) mem config. Using computed config. (matmul_op.cpp:1674)
2026-05-29 08:11:22.008 | INFO     | models.demos.wormhole.stable_diffusion.tt.ttnn_functional_unet_2d_condition_model_new_conv:__call__:491 - Up block 0
2026-05-29 08:11:22.009 | INFO     | models.demos.wormhole.stable_diffusion.tt.ttnn_functional_unet_2d_condition_model_new_conv:__call__:491 - Up block 1
2026-05-29 08:11:22.014 | INFO     | models.demos.wormhole.stable_diffusion.tt.ttnn_functional_unet_2d_condition_model_new_conv:__call__:491 - Up block 2
2026-05-29 08:11:22.022 | INFO     | models.demos.wormhole.stable_diffusion.tt.ttnn_functional_unet_2d_condition_model_new_conv:__call__:491 - Up block 3
2026-05-29 08:11:22.042 | INFO     | models.demos.wormhole.stable_diffusion.tt.ttnn_functional_unet_2d_condition_model_new_conv:__call__:406 - Down block 0
2026-05-29 08:11:22.048 | info     |              Op | act_block_h_override 2 is not a valid override for padded_output_height_ntiles_per_core 7, instead 1 was selected as closest valid option! (conv2d_utils.cpp:401)
2026-05-29 08:11:22.048 | INFO     | models.demos.wormhole.stable_diffusion.tt.ttnn_functional_unet_2d_condition_model_new_conv:__call__:406 - Down block 1
2026-05-29 08:11:22.054 | INFO     | models.demos.wormhole.stable_diffusion.tt.ttnn_functional_unet_2d_condition_model_new_conv:__call__:406 - Down block 2
2026-05-29 08:11:22.057 | INFO     | models.demos.wormhole.stable_diffusion.tt.ttnn_functional_unet_2d_condition_model_new_conv:__call__:406 - Down block 3
2026-05-29 08:11:22.058 | INFO     | models.demos.wormhole.stable_diffusion.tt.ttnn_functional_unet_2d_condition_model_new_conv:__call__:460 - Mid block
2026-05-29 08:11:22.058 | warning  |              Op | Mismatch between computed MemoryConfig(memory_layout=TensorMemoryLayout::BLOCK_SHARDED,buffer_type=BufferType::L1,shard_spec=ShardSpec(grid={[(x=0,y=0) - (x=7,y=3)]},shape={32, 160},orientation=ShardOrientation::ROW_MAJOR),nd_shard_spec=NdShardSpec(shard_shape=Shape([32, 160]),grid={[(x=0,y=0) - (x=7,y=3)]},orientation=ShardOrientation::ROW_MAJOR,shard_distribution_strategy=ShardDistributionStrategy::GRID_2D),created_with_nd_shard_spec=0) and provided MemoryConfig(memory_layout=TensorMemoryLayout::BLOCK_SHARDED,buffer_type=BufferType::L1,shard_spec=ShardSpec(grid={[(x=0,y=0) - (x=7,y=7)]},shape={32, 160},orientation=ShardOrientation::ROW_MAJOR),nd_shard_spec=std::nullopt,created_with_nd_shard_spec=0) mem config. Using computed config. (matmul_op.cpp:1674)
2026-05-29 08:11:22.060 | INFO     | models.demos.wormhole.stable_diffusion.tt.ttnn_functional_unet_2d_condition_model_new_conv:__call__:491 - Up block 0
2026-05-29 08:11:22.061 | INFO     | models.demos.wormhole.stable_diffusion.tt.ttnn_functional_unet_2d_condition_model_new_conv:__call__:491 - Up block 1
2026-05-29 08:11:22.066 | INFO     | models.demos.wormhole.stable_diffusion.tt.ttnn_functional_unet_2d_condition_model_new_conv:__call__:491 - Up block 2
2026-05-29 08:11:22.074 | INFO     | models.demos.wormhole.stable_diffusion.tt.ttnn_functional_unet_2d_condition_model_new_conv:__call__:491 - Up block 3
2026-05-29 08:11:22.094 | INFO     | models.demos.wormhole.stable_diffusion.tt.ttnn_functional_unet_2d_condition_model_new_conv:__call__:406 - Down block 0
2026-05-29 08:11:22.100 | info     |              Op | act_block_h_override 2 is not a valid override for padded_output_height_ntiles_per_core 7, instead 1 was selected as closest valid option! (conv2d_utils.cpp:401)
2026-05-29 08:11:22.100 | INFO     | models.demos.wormhole.stable_diffusion.tt.ttnn_functional_unet_2d_condition_model_new_conv:__call__:406 - Down block 1
2026-05-29 08:11:22.106 | INFO     | models.demos.wormhole.stable_diffusion.tt.ttnn_functional_unet_2d_condition_model_new_conv:__call__:406 - Down block 2
2026-05-29 08:11:22.109 | INFO     | models.demos.wormhole.stable_diffusion.tt.ttnn_functional_unet_2d_condition_model_new_conv:__call__:406 - Down block 3
2026-05-29 08:11:22.110 | INFO     | models.demos.wormhole.stable_diffusion.tt.ttnn_functional_unet_2d_condition_model_new_conv:__call__:460 - Mid block
2026-05-29 08:11:22.110 | warning  |              Op | Mismatch between computed MemoryConfig(memory_layout=TensorMemoryLayout::BLOCK_SHARDED,buffer_type=BufferType::L1,shard_spec=ShardSpec(grid={[(x=0,y=0) - (x=7,y=3)]},shape={32, 160},orientation=ShardOrientation::ROW_MAJOR),nd_shard_spec=NdShardSpec(shard_shape=Shape([32, 160]),grid={[(x=0,y=0) - (x=7,y=3)]},orientation=ShardOrientation::ROW_MAJOR,shard_distribution_strategy=ShardDistributionStrategy::GRID_2D),created_with_nd_shard_spec=0) and provided MemoryConfig(memory_layout=TensorMemoryLayout::BLOCK_SHARDED,buffer_type=BufferType::L1,shard_spec=ShardSpec(grid={[(x=0,y=0) - (x=7,y=7)]},shape={32, 160},orientation=ShardOrientation::ROW_MAJOR),nd_shard_spec=std::nullopt,created_with_nd_shard_spec=0) mem config. Using computed config. (matmul_op.cpp:1674)
2026-05-29 08:11:22.111 | INFO     | models.demos.wormhole.stable_diffusion.tt.ttnn_functional_unet_2d_condition_model_new_conv:__call__:491 - Up block 0
2026-05-29 08:11:22.113 | INFO     | models.demos.wormhole.stable_diffusion.tt.ttnn_functional_unet_2d_condition_model_new_conv:__call__:491 - Up block 1
2026-05-29 08:11:22.118 | INFO     | models.demos.wormhole.stable_diffusion.tt.ttnn_functional_unet_2d_condition_model_new_conv:__call__:491 - Up block 2
2026-05-29 08:11:22.126 | INFO     | models.demos.wormhole.stable_diffusion.tt.ttnn_functional_unet_2d_condition_model_new_conv:__call__:491 - Up block 3
2026-05-29 08:11:22.146 | INFO     | models.demos.wormhole.stable_diffusion.tt.ttnn_functional_unet_2d_condition_model_new_conv:__call__:406 - Down block 0
2026-05-29 08:11:22.152 | info     |              Op | act_block_h_override 2 is not a valid override for padded_output_height_ntiles_per_core 7, instead 1 was selected as closest valid option! (conv2d_utils.cpp:401)
2026-05-29 08:11:22.152 | INFO     | models.demos.wormhole.stable_diffusion.tt.ttnn_functional_unet_2d_condition_model_new_conv:__call__:406 - Down block 1
2026-05-29 08:11:22.158 | INFO     | models.demos.wormhole.stable_diffusion.tt.ttnn_functional_unet_2d_condition_model_new_conv:__call__:406 - Down block 2
2026-05-29 08:11:22.161 | INFO     | models.demos.wormhole.stable_diffusion.tt.ttnn_functional_unet_2d_condition_model_new_conv:__call__:406 - Down block 3
2026-05-29 08:11:22.162 | INFO     | models.demos.wormhole.stable_diffusion.tt.ttnn_functional_unet_2d_condition_model_new_conv:__call__:460 - Mid block
2026-05-29 08:11:22.162 | warning  |              Op | Mismatch between computed MemoryConfig(memory_layout=TensorMemoryLayout::BLOCK_SHARDED,buffer_type=BufferType::L1,shard_spec=ShardSpec(grid={[(x=0,y=0) - (x=7,y=3)]},shape={32, 160},orientation=ShardOrientation::ROW_MAJOR),nd_shard_spec=NdShardSpec(shard_shape=Shape([32, 160]),grid={[(x=0,y=0) - (x=7,y=3)]},orientation=ShardOrientation::ROW_MAJOR,shard_distribution_strategy=ShardDistributionStrategy::GRID_2D),created_with_nd_shard_spec=0) and provided MemoryConfig(memory_layout=TensorMemoryLayout::BLOCK_SHARDED,buffer_type=BufferType::L1,shard_spec=ShardSpec(grid={[(x=0,y=0) - (x=7,y=7)]},shape={32, 160},orientation=ShardOrientation::ROW_MAJOR),nd_shard_spec=std::nullopt,created_with_nd_shard_spec=0) mem config. Using computed config. (matmul_op.cpp:1674)
2026-05-29 08:11:22.164 | INFO     | models.demos.wormhole.stable_diffusion.tt.ttnn_functional_unet_2d_condition_model_new_conv:__call__:491 - Up block 0
2026-05-29 08:11:22.165 | INFO     | models.demos.wormhole.stable_diffusion.tt.ttnn_functional_unet_2d_condition_model_new_conv:__call__:491 - Up block 1
2026-05-29 08:11:22.170 | INFO     | models.demos.wormhole.stable_diffusion.tt.ttnn_functional_unet_2d_condition_model_new_conv:__call__:491 - Up block 2
2026-05-29 08:11:22.178 | INFO     | models.demos.wormhole.stable_diffusion.tt.ttnn_functional_unet_2d_condition_model_new_conv:__call__:491 - Up block 3
2026-05-29 08:11:22.198 | INFO     | models.demos.wormhole.stable_diffusion.tt.ttnn_functional_unet_2d_condition_model_new_conv:__call__:406 - Down block 0
2026-05-29 08:11:22.204 | info     |              Op | act_block_h_override 2 is not a valid override for padded_output_height_ntiles_per_core 7, instead 1 was selected as closest valid option! (conv2d_utils.cpp:401)
2026-05-29 08:11:22.204 | INFO     | models.demos.wormhole.stable_diffusion.tt.ttnn_functional_unet_2d_condition_model_new_conv:__call__:406 - Down block 1
2026-05-29 08:11:22.209 | INFO     | models.demos.wormhole.stable_diffusion.tt.ttnn_functional_unet_2d_condition_model_new_conv:__call__:406 - Down block 2
2026-05-29 08:11:22.213 | INFO     | models.demos.wormhole.stable_diffusion.tt.ttnn_functional_unet_2d_condition_model_new_conv:__call__:406 - Down block 3
2026-05-29 08:11:22.213 | INFO     | models.demos.wormhole.stable_diffusion.tt.ttnn_functional_unet_2d_condition_model_new_conv:__call__:460 - Mid block
2026-05-29 08:11:22.214 | warning  |              Op | Mismatch between computed MemoryConfig(memory_layout=TensorMemoryLayout::BLOCK_SHARDED,buffer_type=BufferType::L1,shard_spec=ShardSpec(grid={[(x=0,y=0) - (x=7,y=3)]},shape={32, 160},orientation=ShardOrientation::ROW_MAJOR),nd_shard_spec=NdShardSpec(shard_shape=Shape([32, 160]),grid={[(x=0,y=0) - (x=7,y=3)]},orientation=ShardOrientation::ROW_MAJOR,shard_distribution_strategy=ShardDistributionStrategy::GRID_2D),created_with_nd_shard_spec=0) and provided MemoryConfig(memory_layout=TensorMemoryLayout::BLOCK_SHARDED,buffer_type=BufferType::L1,shard_spec=ShardSpec(grid={[(x=0,y=0) - (x=7,y=7)]},shape={32, 160},orientation=ShardOrientation::ROW_MAJOR),nd_shard_spec=std::nullopt,created_with_nd_shard_spec=0) mem config. Using computed config. (matmul_op.cpp:1674)
2026-05-29 08:11:22.215 | INFO     | models.demos.wormhole.stable_diffusion.tt.ttnn_functional_unet_2d_condition_model_new_conv:__call__:491 - Up block 0
2026-05-29 08:11:22.217 | INFO     | models.demos.wormhole.stable_diffusion.tt.ttnn_functional_unet_2d_condition_model_new_conv:__call__:491 - Up block 1
2026-05-29 08:11:22.222 | INFO     | models.demos.wormhole.stable_diffusion.tt.ttnn_functional_unet_2d_condition_model_new_conv:__call__:491 - Up block 2
2026-05-29 08:11:22.230 | INFO     | models.demos.wormhole.stable_diffusion.tt.ttnn_functional_unet_2d_condition_model_new_conv:__call__:491 - Up block 3
  Step 36/41
2026-05-29 08:11:22.252 | INFO     | models.demos.wormhole.stable_diffusion.tt.ttnn_functional_unet_2d_condition_model_new_conv:__call__:406 - Down block 0
2026-05-29 08:11:22.258 | info     |              Op | act_block_h_override 2 is not a valid override for padded_output_height_ntiles_per_core 7, instead 1 was selected as closest valid option! (conv2d_utils.cpp:401)
2026-05-29 08:11:22.258 | INFO     | models.demos.wormhole.stable_diffusion.tt.ttnn_functional_unet_2d_condition_model_new_conv:__call__:406 - Down block 1
2026-05-29 08:11:22.264 | INFO     | models.demos.wormhole.stable_diffusion.tt.ttnn_functional_unet_2d_condition_model_new_conv:__call__:406 - Down block 2
2026-05-29 08:11:22.267 | INFO     | models.demos.wormhole.stable_diffusion.tt.ttnn_functional_unet_2d_condition_model_new_conv:__call__:406 - Down block 3
2026-05-29 08:11:22.268 | INFO     | models.demos.wormhole.stable_diffusion.tt.ttnn_functional_unet_2d_condition_model_new_conv:__call__:460 - Mid block
2026-05-29 08:11:22.269 | warning  |              Op | Mismatch between computed MemoryConfig(memory_layout=TensorMemoryLayout::BLOCK_SHARDED,buffer_type=BufferType::L1,shard_spec=ShardSpec(grid={[(x=0,y=0) - (x=7,y=3)]},shape={32, 160},orientation=ShardOrientation::ROW_MAJOR),nd_shard_spec=NdShardSpec(shard_shape=Shape([32, 160]),grid={[(x=0,y=0) - (x=7,y=3)]},orientation=ShardOrientation::ROW_MAJOR,shard_distribution_strategy=ShardDistributionStrategy::GRID_2D),created_with_nd_shard_spec=0) and provided MemoryConfig(memory_layout=TensorMemoryLayout::BLOCK_SHARDED,buffer_type=BufferType::L1,shard_spec=ShardSpec(grid={[(x=0,y=0) - (x=7,y=7)]},shape={32, 160},orientation=ShardOrientation::ROW_MAJOR),nd_shard_spec=std::nullopt,created_with_nd_shard_spec=0) mem config. Using computed config. (matmul_op.cpp:1674)
2026-05-29 08:11:22.270 | INFO     | models.demos.wormhole.stable_diffusion.tt.ttnn_functional_unet_2d_condition_model_new_conv:__call__:491 - Up block 0
2026-05-29 08:11:22.271 | INFO     | models.demos.wormhole.stable_diffusion.tt.ttnn_functional_unet_2d_condition_model_new_conv:__call__:491 - Up block 1
2026-05-29 08:11:22.276 | INFO     | models.demos.wormhole.stable_diffusion.tt.ttnn_functional_unet_2d_condition_model_new_conv:__call__:491 - Up block 2
2026-05-29 08:11:22.285 | INFO     | models.demos.wormhole.stable_diffusion.tt.ttnn_functional_unet_2d_condition_model_new_conv:__call__:491 - Up block 3
2026-05-29 08:11:22.305 | INFO     | models.demos.wormhole.stable_diffusion.tt.ttnn_functional_unet_2d_condition_model_new_conv:__call__:406 - Down block 0
2026-05-29 08:11:22.310 | info     |              Op | act_block_h_override 2 is not a valid override for padded_output_height_ntiles_per_core 7, instead 1 was selected as closest valid option! (conv2d_utils.cpp:401)
2026-05-29 08:11:22.311 | INFO     | models.demos.wormhole.stable_diffusion.tt.ttnn_functional_unet_2d_condition_model_new_conv:__call__:406 - Down block 1
2026-05-29 08:11:22.316 | INFO     | models.demos.wormhole.stable_diffusion.tt.ttnn_functional_unet_2d_condition_model_new_conv:__call__:406 - Down block 2
2026-05-29 08:11:22.319 | INFO     | models.demos.wormhole.stable_diffusion.tt.ttnn_functional_unet_2d_condition_model_new_conv:__call__:406 - Down block 3
2026-05-29 08:11:22.320 | INFO     | models.demos.wormhole.stable_diffusion.tt.ttnn_functional_unet_2d_condition_model_new_conv:__call__:460 - Mid block
2026-05-29 08:11:22.321 | warning  |              Op | Mismatch between computed MemoryConfig(memory_layout=TensorMemoryLayout::BLOCK_SHARDED,buffer_type=BufferType::L1,shard_spec=ShardSpec(grid={[(x=0,y=0) - (x=7,y=3)]},shape={32, 160},orientation=ShardOrientation::ROW_MAJOR),nd_shard_spec=NdShardSpec(shard_shape=Shape([32, 160]),grid={[(x=0,y=0) - (x=7,y=3)]},orientation=ShardOrientation::ROW_MAJOR,shard_distribution_strategy=ShardDistributionStrategy::GRID_2D),created_with_nd_shard_spec=0) and provided MemoryConfig(memory_layout=TensorMemoryLayout::BLOCK_SHARDED,buffer_type=BufferType::L1,shard_spec=ShardSpec(grid={[(x=0,y=0) - (x=7,y=7)]},shape={32, 160},orientation=ShardOrientation::ROW_MAJOR),nd_shard_spec=std::nullopt,created_with_nd_shard_spec=0) mem config. Using computed config. (matmul_op.cpp:1674)
2026-05-29 08:11:22.322 | INFO     | models.demos.wormhole.stable_diffusion.tt.ttnn_functional_unet_2d_condition_model_new_conv:__call__:491 - Up block 0
2026-05-29 08:11:22.323 | INFO     | models.demos.wormhole.stable_diffusion.tt.ttnn_functional_unet_2d_condition_model_new_conv:__call__:491 - Up block 1
2026-05-29 08:11:22.328 | INFO     | models.demos.wormhole.stable_diffusion.tt.ttnn_functional_unet_2d_condition_model_new_conv:__call__:491 - Up block 2
2026-05-29 08:11:22.337 | INFO     | models.demos.wormhole.stable_diffusion.tt.ttnn_functional_unet_2d_condition_model_new_conv:__call__:491 - Up block 3
2026-05-29 08:11:22.357 | INFO     | models.demos.wormhole.stable_diffusion.tt.ttnn_functional_unet_2d_condition_model_new_conv:__call__:406 - Down block 0
2026-05-29 08:11:22.362 | info     |              Op | act_block_h_override 2 is not a valid override for padded_output_height_ntiles_per_core 7, instead 1 was selected as closest valid option! (conv2d_utils.cpp:401)
2026-05-29 08:11:22.362 | INFO     | models.demos.wormhole.stable_diffusion.tt.ttnn_functional_unet_2d_condition_model_new_conv:__call__:406 - Down block 1
2026-05-29 08:11:22.368 | INFO     | models.demos.wormhole.stable_diffusion.tt.ttnn_functional_unet_2d_condition_model_new_conv:__call__:406 - Down block 2
2026-05-29 08:11:22.371 | INFO     | models.demos.wormhole.stable_diffusion.tt.ttnn_functional_unet_2d_condition_model_new_conv:__call__:406 - Down block 3
2026-05-29 08:11:22.372 | INFO     | models.demos.wormhole.stable_diffusion.tt.ttnn_functional_unet_2d_condition_model_new_conv:__call__:460 - Mid block
2026-05-29 08:11:22.372 | warning  |              Op | Mismatch between computed MemoryConfig(memory_layout=TensorMemoryLayout::BLOCK_SHARDED,buffer_type=BufferType::L1,shard_spec=ShardSpec(grid={[(x=0,y=0) - (x=7,y=3)]},shape={32, 160},orientation=ShardOrientation::ROW_MAJOR),nd_shard_spec=NdShardSpec(shard_shape=Shape([32, 160]),grid={[(x=0,y=0) - (x=7,y=3)]},orientation=ShardOrientation::ROW_MAJOR,shard_distribution_strategy=ShardDistributionStrategy::GRID_2D),created_with_nd_shard_spec=0) and provided MemoryConfig(memory_layout=TensorMemoryLayout::BLOCK_SHARDED,buffer_type=BufferType::L1,shard_spec=ShardSpec(grid={[(x=0,y=0) - (x=7,y=7)]},shape={32, 160},orientation=ShardOrientation::ROW_MAJOR),nd_shard_spec=std::nullopt,created_with_nd_shard_spec=0) mem config. Using computed config. (matmul_op.cpp:1674)
2026-05-29 08:11:22.374 | INFO     | models.demos.wormhole.stable_diffusion.tt.ttnn_functional_unet_2d_condition_model_new_conv:__call__:491 - Up block 0
2026-05-29 08:11:22.375 | INFO     | models.demos.wormhole.stable_diffusion.tt.ttnn_functional_unet_2d_condition_model_new_conv:__call__:491 - Up block 1
2026-05-29 08:11:22.380 | INFO     | models.demos.wormhole.stable_diffusion.tt.ttnn_functional_unet_2d_condition_model_new_conv:__call__:491 - Up block 2
2026-05-29 08:11:22.388 | INFO     | models.demos.wormhole.stable_diffusion.tt.ttnn_functional_unet_2d_condition_model_new_conv:__call__:491 - Up block 3
2026-05-29 08:11:22.408 | INFO     | models.demos.wormhole.stable_diffusion.tt.ttnn_functional_unet_2d_condition_model_new_conv:__call__:406 - Down block 0
2026-05-29 08:11:22.414 | info     |              Op | act_block_h_override 2 is not a valid override for padded_output_height_ntiles_per_core 7, instead 1 was selected as closest valid option! (conv2d_utils.cpp:401)
2026-05-29 08:11:22.414 | INFO     | models.demos.wormhole.stable_diffusion.tt.ttnn_functional_unet_2d_condition_model_new_conv:__call__:406 - Down block 1
2026-05-29 08:11:22.420 | INFO     | models.demos.wormhole.stable_diffusion.tt.ttnn_functional_unet_2d_condition_model_new_conv:__call__:406 - Down block 2
2026-05-29 08:11:22.423 | INFO     | models.demos.wormhole.stable_diffusion.tt.ttnn_functional_unet_2d_condition_model_new_conv:__call__:406 - Down block 3
2026-05-29 08:11:22.424 | INFO     | models.demos.wormhole.stable_diffusion.tt.ttnn_functional_unet_2d_condition_model_new_conv:__call__:460 - Mid block
2026-05-29 08:11:22.424 | warning  |              Op | Mismatch between computed MemoryConfig(memory_layout=TensorMemoryLayout::BLOCK_SHARDED,buffer_type=BufferType::L1,shard_spec=ShardSpec(grid={[(x=0,y=0) - (x=7,y=3)]},shape={32, 160},orientation=ShardOrientation::ROW_MAJOR),nd_shard_spec=NdShardSpec(shard_shape=Shape([32, 160]),grid={[(x=0,y=0) - (x=7,y=3)]},orientation=ShardOrientation::ROW_MAJOR,shard_distribution_strategy=ShardDistributionStrategy::GRID_2D),created_with_nd_shard_spec=0) and provided MemoryConfig(memory_layout=TensorMemoryLayout::BLOCK_SHARDED,buffer_type=BufferType::L1,shard_spec=ShardSpec(grid={[(x=0,y=0) - (x=7,y=7)]},shape={32, 160},orientation=ShardOrientation::ROW_MAJOR),nd_shard_spec=std::nullopt,created_with_nd_shard_spec=0) mem config. Using computed config. (matmul_op.cpp:1674)
2026-05-29 08:11:22.426 | INFO     | models.demos.wormhole.stable_diffusion.tt.ttnn_functional_unet_2d_condition_model_new_conv:__call__:491 - Up block 0
2026-05-29 08:11:22.427 | INFO     | models.demos.wormhole.stable_diffusion.tt.ttnn_functional_unet_2d_condition_model_new_conv:__call__:491 - Up block 1
2026-05-29 08:11:22.432 | INFO     | models.demos.wormhole.stable_diffusion.tt.ttnn_functional_unet_2d_condition_model_new_conv:__call__:491 - Up block 2
2026-05-29 08:11:22.440 | INFO     | models.demos.wormhole.stable_diffusion.tt.ttnn_functional_unet_2d_condition_model_new_conv:__call__:491 - Up block 3
2026-05-29 08:11:22.460 | INFO     | models.demos.wormhole.stable_diffusion.tt.ttnn_functional_unet_2d_condition_model_new_conv:__call__:406 - Down block 0
2026-05-29 08:11:22.466 | info     |              Op | act_block_h_override 2 is not a valid override for padded_output_height_ntiles_per_core 7, instead 1 was selected as closest valid option! (conv2d_utils.cpp:401)
2026-05-29 08:11:22.466 | INFO     | models.demos.wormhole.stable_diffusion.tt.ttnn_functional_unet_2d_condition_model_new_conv:__call__:406 - Down block 1
2026-05-29 08:11:22.472 | INFO     | models.demos.wormhole.stable_diffusion.tt.ttnn_functional_unet_2d_condition_model_new_conv:__call__:406 - Down block 2
2026-05-29 08:11:22.475 | INFO     | models.demos.wormhole.stable_diffusion.tt.ttnn_functional_unet_2d_condition_model_new_conv:__call__:406 - Down block 3
2026-05-29 08:11:22.476 | INFO     | models.demos.wormhole.stable_diffusion.tt.ttnn_functional_unet_2d_condition_model_new_conv:__call__:460 - Mid block
2026-05-29 08:11:22.476 | warning  |              Op | Mismatch between computed MemoryConfig(memory_layout=TensorMemoryLayout::BLOCK_SHARDED,buffer_type=BufferType::L1,shard_spec=ShardSpec(grid={[(x=0,y=0) - (x=7,y=3)]},shape={32, 160},orientation=ShardOrientation::ROW_MAJOR),nd_shard_spec=NdShardSpec(shard_shape=Shape([32, 160]),grid={[(x=0,y=0) - (x=7,y=3)]},orientation=ShardOrientation::ROW_MAJOR,shard_distribution_strategy=ShardDistributionStrategy::GRID_2D),created_with_nd_shard_spec=0) and provided MemoryConfig(memory_layout=TensorMemoryLayout::BLOCK_SHARDED,buffer_type=BufferType::L1,shard_spec=ShardSpec(grid={[(x=0,y=0) - (x=7,y=7)]},shape={32, 160},orientation=ShardOrientation::ROW_MAJOR),nd_shard_spec=std::nullopt,created_with_nd_shard_spec=0) mem config. Using computed config. (matmul_op.cpp:1674)
2026-05-29 08:11:22.477 | INFO     | models.demos.wormhole.stable_diffusion.tt.ttnn_functional_unet_2d_condition_model_new_conv:__call__:491 - Up block 0
2026-05-29 08:11:22.479 | INFO     | models.demos.wormhole.stable_diffusion.tt.ttnn_functional_unet_2d_condition_model_new_conv:__call__:491 - Up block 1
2026-05-29 08:11:22.484 | INFO     | models.demos.wormhole.stable_diffusion.tt.ttnn_functional_unet_2d_condition_model_new_conv:__call__:491 - Up block 2
2026-05-29 08:11:22.492 | INFO     | models.demos.wormhole.stable_diffusion.tt.ttnn_functional_unet_2d_condition_model_new_conv:__call__:491 - Up block 3
2026-05-29 08:11:22.512 | INFO     | models.demos.wormhole.stable_diffusion.tt.ttnn_functional_unet_2d_condition_model_new_conv:__call__:406 - Down block 0
2026-05-29 08:11:22.518 | info     |              Op | act_block_h_override 2 is not a valid override for padded_output_height_ntiles_per_core 7, instead 1 was selected as closest valid option! (conv2d_utils.cpp:401)
2026-05-29 08:11:22.518 | INFO     | models.demos.wormhole.stable_diffusion.tt.ttnn_functional_unet_2d_condition_model_new_conv:__call__:406 - Down block 1
2026-05-29 08:11:22.524 | INFO     | models.demos.wormhole.stable_diffusion.tt.ttnn_functional_unet_2d_condition_model_new_conv:__call__:406 - Down block 2
2026-05-29 08:11:22.527 | INFO     | models.demos.wormhole.stable_diffusion.tt.ttnn_functional_unet_2d_condition_model_new_conv:__call__:406 - Down block 3
2026-05-29 08:11:22.528 | INFO     | models.demos.wormhole.stable_diffusion.tt.ttnn_functional_unet_2d_condition_model_new_conv:__call__:460 - Mid block
2026-05-29 08:11:22.529 | warning  |              Op | Mismatch between computed MemoryConfig(memory_layout=TensorMemoryLayout::BLOCK_SHARDED,buffer_type=BufferType::L1,shard_spec=ShardSpec(grid={[(x=0,y=0) - (x=7,y=3)]},shape={32, 160},orientation=ShardOrientation::ROW_MAJOR),nd_shard_spec=NdShardSpec(shard_shape=Shape([32, 160]),grid={[(x=0,y=0) - (x=7,y=3)]},orientation=ShardOrientation::ROW_MAJOR,shard_distribution_strategy=ShardDistributionStrategy::GRID_2D),created_with_nd_shard_spec=0) and provided MemoryConfig(memory_layout=TensorMemoryLayout::BLOCK_SHARDED,buffer_type=BufferType::L1,shard_spec=ShardSpec(grid={[(x=0,y=0) - (x=7,y=7)]},shape={32, 160},orientation=ShardOrientation::ROW_MAJOR),nd_shard_spec=std::nullopt,created_with_nd_shard_spec=0) mem config. Using computed config. (matmul_op.cpp:1674)
2026-05-29 08:11:22.530 | INFO     | models.demos.wormhole.stable_diffusion.tt.ttnn_functional_unet_2d_condition_model_new_conv:__call__:491 - Up block 0
2026-05-29 08:11:22.531 | INFO     | models.demos.wormhole.stable_diffusion.tt.ttnn_functional_unet_2d_condition_model_new_conv:__call__:491 - Up block 1
2026-05-29 08:11:22.537 | INFO     | models.demos.wormhole.stable_diffusion.tt.ttnn_functional_unet_2d_condition_model_new_conv:__call__:491 - Up block 2
2026-05-29 08:11:22.545 | INFO     | models.demos.wormhole.stable_diffusion.tt.ttnn_functional_unet_2d_condition_model_new_conv:__call__:491 - Up block 3
2026-05-29 08:11:22.565 | INFO     | models.demos.wormhole.stable_diffusion.tt.ttnn_functional_unet_2d_condition_model_new_conv:__call__:406 - Down block 0
2026-05-29 08:11:22.571 | info     |              Op | act_block_h_override 2 is not a valid override for padded_output_height_ntiles_per_core 7, instead 1 was selected as closest valid option! (conv2d_utils.cpp:401)
2026-05-29 08:11:22.571 | INFO     | models.demos.wormhole.stable_diffusion.tt.ttnn_functional_unet_2d_condition_model_new_conv:__call__:406 - Down block 1
2026-05-29 08:11:22.576 | INFO     | models.demos.wormhole.stable_diffusion.tt.ttnn_functional_unet_2d_condition_model_new_conv:__call__:406 - Down block 2
2026-05-29 08:11:22.579 | INFO     | models.demos.wormhole.stable_diffusion.tt.ttnn_functional_unet_2d_condition_model_new_conv:__call__:406 - Down block 3
2026-05-29 08:11:22.580 | INFO     | models.demos.wormhole.stable_diffusion.tt.ttnn_functional_unet_2d_condition_model_new_conv:__call__:460 - Mid block
2026-05-29 08:11:22.581 | warning  |              Op | Mismatch between computed MemoryConfig(memory_layout=TensorMemoryLayout::BLOCK_SHARDED,buffer_type=BufferType::L1,shard_spec=ShardSpec(grid={[(x=0,y=0) - (x=7,y=3)]},shape={32, 160},orientation=ShardOrientation::ROW_MAJOR),nd_shard_spec=NdShardSpec(shard_shape=Shape([32, 160]),grid={[(x=0,y=0) - (x=7,y=3)]},orientation=ShardOrientation::ROW_MAJOR,shard_distribution_strategy=ShardDistributionStrategy::GRID_2D),created_with_nd_shard_spec=0) and provided MemoryConfig(memory_layout=TensorMemoryLayout::BLOCK_SHARDED,buffer_type=BufferType::L1,shard_spec=ShardSpec(grid={[(x=0,y=0) - (x=7,y=7)]},shape={32, 160},orientation=ShardOrientation::ROW_MAJOR),nd_shard_spec=std::nullopt,created_with_nd_shard_spec=0) mem config. Using computed config. (matmul_op.cpp:1674)
2026-05-29 08:11:22.582 | INFO     | models.demos.wormhole.stable_diffusion.tt.ttnn_functional_unet_2d_condition_model_new_conv:__call__:491 - Up block 0
2026-05-29 08:11:22.583 | INFO     | models.demos.wormhole.stable_diffusion.tt.ttnn_functional_unet_2d_condition_model_new_conv:__call__:491 - Up block 1
2026-05-29 08:11:22.588 | INFO     | models.demos.wormhole.stable_diffusion.tt.ttnn_functional_unet_2d_condition_model_new_conv:__call__:491 - Up block 2
2026-05-29 08:11:22.596 | INFO     | models.demos.wormhole.stable_diffusion.tt.ttnn_functional_unet_2d_condition_model_new_conv:__call__:491 - Up block 3
2026-05-29 08:11:22.617 | INFO     | models.demos.wormhole.stable_diffusion.tt.ttnn_functional_unet_2d_condition_model_new_conv:__call__:406 - Down block 0
2026-05-29 08:11:22.622 | info     |              Op | act_block_h_override 2 is not a valid override for padded_output_height_ntiles_per_core 7, instead 1 was selected as closest valid option! (conv2d_utils.cpp:401)
2026-05-29 08:11:22.623 | INFO     | models.demos.wormhole.stable_diffusion.tt.ttnn_functional_unet_2d_condition_model_new_conv:__call__:406 - Down block 1
2026-05-29 08:11:22.628 | INFO     | models.demos.wormhole.stable_diffusion.tt.ttnn_functional_unet_2d_condition_model_new_conv:__call__:406 - Down block 2
2026-05-29 08:11:22.632 | INFO     | models.demos.wormhole.stable_diffusion.tt.ttnn_functional_unet_2d_condition_model_new_conv:__call__:406 - Down block 3
2026-05-29 08:11:22.633 | INFO     | models.demos.wormhole.stable_diffusion.tt.ttnn_functional_unet_2d_condition_model_new_conv:__call__:460 - Mid block
2026-05-29 08:11:22.633 | warning  |              Op | Mismatch between computed MemoryConfig(memory_layout=TensorMemoryLayout::BLOCK_SHARDED,buffer_type=BufferType::L1,shard_spec=ShardSpec(grid={[(x=0,y=0) - (x=7,y=3)]},shape={32, 160},orientation=ShardOrientation::ROW_MAJOR),nd_shard_spec=NdShardSpec(shard_shape=Shape([32, 160]),grid={[(x=0,y=0) - (x=7,y=3)]},orientation=ShardOrientation::ROW_MAJOR,shard_distribution_strategy=ShardDistributionStrategy::GRID_2D),created_with_nd_shard_spec=0) and provided MemoryConfig(memory_layout=TensorMemoryLayout::BLOCK_SHARDED,buffer_type=BufferType::L1,shard_spec=ShardSpec(grid={[(x=0,y=0) - (x=7,y=7)]},shape={32, 160},orientation=ShardOrientation::ROW_MAJOR),nd_shard_spec=std::nullopt,created_with_nd_shard_spec=0) mem config. Using computed config. (matmul_op.cpp:1674)
2026-05-29 08:11:22.635 | INFO     | models.demos.wormhole.stable_diffusion.tt.ttnn_functional_unet_2d_condition_model_new_conv:__call__:491 - Up block 0
2026-05-29 08:11:22.636 | INFO     | models.demos.wormhole.stable_diffusion.tt.ttnn_functional_unet_2d_condition_model_new_conv:__call__:491 - Up block 1
2026-05-29 08:11:22.641 | INFO     | models.demos.wormhole.stable_diffusion.tt.ttnn_functional_unet_2d_condition_model_new_conv:__call__:491 - Up block 2
2026-05-29 08:11:22.649 | INFO     | models.demos.wormhole.stable_diffusion.tt.ttnn_functional_unet_2d_condition_model_new_conv:__call__:491 - Up block 3
  Step 37/41
2026-05-29 08:11:22.671 | INFO     | models.demos.wormhole.stable_diffusion.tt.ttnn_functional_unet_2d_condition_model_new_conv:__call__:406 - Down block 0
2026-05-29 08:11:22.677 | info     |              Op | act_block_h_override 2 is not a valid override for padded_output_height_ntiles_per_core 7, instead 1 was selected as closest valid option! (conv2d_utils.cpp:401)
2026-05-29 08:11:22.678 | INFO     | models.demos.wormhole.stable_diffusion.tt.ttnn_functional_unet_2d_condition_model_new_conv:__call__:406 - Down block 1
2026-05-29 08:11:22.684 | INFO     | models.demos.wormhole.stable_diffusion.tt.ttnn_functional_unet_2d_condition_model_new_conv:__call__:406 - Down block 2
2026-05-29 08:11:22.687 | INFO     | models.demos.wormhole.stable_diffusion.tt.ttnn_functional_unet_2d_condition_model_new_conv:__call__:406 - Down block 3
2026-05-29 08:11:22.688 | INFO     | models.demos.wormhole.stable_diffusion.tt.ttnn_functional_unet_2d_condition_model_new_conv:__call__:460 - Mid block
2026-05-29 08:11:22.688 | warning  |              Op | Mismatch between computed MemoryConfig(memory_layout=TensorMemoryLayout::BLOCK_SHARDED,buffer_type=BufferType::L1,shard_spec=ShardSpec(grid={[(x=0,y=0) - (x=7,y=3)]},shape={32, 160},orientation=ShardOrientation::ROW_MAJOR),nd_shard_spec=NdShardSpec(shard_shape=Shape([32, 160]),grid={[(x=0,y=0) - (x=7,y=3)]},orientation=ShardOrientation::ROW_MAJOR,shard_distribution_strategy=ShardDistributionStrategy::GRID_2D),created_with_nd_shard_spec=0) and provided MemoryConfig(memory_layout=TensorMemoryLayout::BLOCK_SHARDED,buffer_type=BufferType::L1,shard_spec=ShardSpec(grid={[(x=0,y=0) - (x=7,y=7)]},shape={32, 160},orientation=ShardOrientation::ROW_MAJOR),nd_shard_spec=std::nullopt,created_with_nd_shard_spec=0) mem config. Using computed config. (matmul_op.cpp:1674)
2026-05-29 08:11:22.690 | INFO     | models.demos.wormhole.stable_diffusion.tt.ttnn_functional_unet_2d_condition_model_new_conv:__call__:491 - Up block 0
2026-05-29 08:11:22.691 | INFO     | models.demos.wormhole.stable_diffusion.tt.ttnn_functional_unet_2d_condition_model_new_conv:__call__:491 - Up block 1
2026-05-29 08:11:22.696 | INFO     | models.demos.wormhole.stable_diffusion.tt.ttnn_functional_unet_2d_condition_model_new_conv:__call__:491 - Up block 2
2026-05-29 08:11:22.705 | INFO     | models.demos.wormhole.stable_diffusion.tt.ttnn_functional_unet_2d_condition_model_new_conv:__call__:491 - Up block 3
2026-05-29 08:11:22.724 | INFO     | models.demos.wormhole.stable_diffusion.tt.ttnn_functional_unet_2d_condition_model_new_conv:__call__:406 - Down block 0
2026-05-29 08:11:22.730 | info     |              Op | act_block_h_override 2 is not a valid override for padded_output_height_ntiles_per_core 7, instead 1 was selected as closest valid option! (conv2d_utils.cpp:401)
2026-05-29 08:11:22.730 | INFO     | models.demos.wormhole.stable_diffusion.tt.ttnn_functional_unet_2d_condition_model_new_conv:__call__:406 - Down block 1
2026-05-29 08:11:22.736 | INFO     | models.demos.wormhole.stable_diffusion.tt.ttnn_functional_unet_2d_condition_model_new_conv:__call__:406 - Down block 2
2026-05-29 08:11:22.739 | INFO     | models.demos.wormhole.stable_diffusion.tt.ttnn_functional_unet_2d_condition_model_new_conv:__call__:406 - Down block 3
2026-05-29 08:11:22.740 | INFO     | models.demos.wormhole.stable_diffusion.tt.ttnn_functional_unet_2d_condition_model_new_conv:__call__:460 - Mid block
2026-05-29 08:11:22.740 | warning  |              Op | Mismatch between computed MemoryConfig(memory_layout=TensorMemoryLayout::BLOCK_SHARDED,buffer_type=BufferType::L1,shard_spec=ShardSpec(grid={[(x=0,y=0) - (x=7,y=3)]},shape={32, 160},orientation=ShardOrientation::ROW_MAJOR),nd_shard_spec=NdShardSpec(shard_shape=Shape([32, 160]),grid={[(x=0,y=0) - (x=7,y=3)]},orientation=ShardOrientation::ROW_MAJOR,shard_distribution_strategy=ShardDistributionStrategy::GRID_2D),created_with_nd_shard_spec=0) and provided MemoryConfig(memory_layout=TensorMemoryLayout::BLOCK_SHARDED,buffer_type=BufferType::L1,shard_spec=ShardSpec(grid={[(x=0,y=0) - (x=7,y=7)]},shape={32, 160},orientation=ShardOrientation::ROW_MAJOR),nd_shard_spec=std::nullopt,created_with_nd_shard_spec=0) mem config. Using computed config. (matmul_op.cpp:1674)
2026-05-29 08:11:22.742 | INFO     | models.demos.wormhole.stable_diffusion.tt.ttnn_functional_unet_2d_condition_model_new_conv:__call__:491 - Up block 0
2026-05-29 08:11:22.743 | INFO     | models.demos.wormhole.stable_diffusion.tt.ttnn_functional_unet_2d_condition_model_new_conv:__call__:491 - Up block 1
2026-05-29 08:11:22.748 | INFO     | models.demos.wormhole.stable_diffusion.tt.ttnn_functional_unet_2d_condition_model_new_conv:__call__:491 - Up block 2
2026-05-29 08:11:22.756 | INFO     | models.demos.wormhole.stable_diffusion.tt.ttnn_functional_unet_2d_condition_model_new_conv:__call__:491 - Up block 3
2026-05-29 08:11:22.776 | INFO     | models.demos.wormhole.stable_diffusion.tt.ttnn_functional_unet_2d_condition_model_new_conv:__call__:406 - Down block 0
2026-05-29 08:11:22.782 | info     |              Op | act_block_h_override 2 is not a valid override for padded_output_height_ntiles_per_core 7, instead 1 was selected as closest valid option! (conv2d_utils.cpp:401)
2026-05-29 08:11:22.782 | INFO     | models.demos.wormhole.stable_diffusion.tt.ttnn_functional_unet_2d_condition_model_new_conv:__call__:406 - Down block 1
2026-05-29 08:11:22.788 | INFO     | models.demos.wormhole.stable_diffusion.tt.ttnn_functional_unet_2d_condition_model_new_conv:__call__:406 - Down block 2
2026-05-29 08:11:22.791 | INFO     | models.demos.wormhole.stable_diffusion.tt.ttnn_functional_unet_2d_condition_model_new_conv:__call__:406 - Down block 3
2026-05-29 08:11:22.792 | INFO     | models.demos.wormhole.stable_diffusion.tt.ttnn_functional_unet_2d_condition_model_new_conv:__call__:460 - Mid block
2026-05-29 08:11:22.792 | warning  |              Op | Mismatch between computed MemoryConfig(memory_layout=TensorMemoryLayout::BLOCK_SHARDED,buffer_type=BufferType::L1,shard_spec=ShardSpec(grid={[(x=0,y=0) - (x=7,y=3)]},shape={32, 160},orientation=ShardOrientation::ROW_MAJOR),nd_shard_spec=NdShardSpec(shard_shape=Shape([32, 160]),grid={[(x=0,y=0) - (x=7,y=3)]},orientation=ShardOrientation::ROW_MAJOR,shard_distribution_strategy=ShardDistributionStrategy::GRID_2D),created_with_nd_shard_spec=0) and provided MemoryConfig(memory_layout=TensorMemoryLayout::BLOCK_SHARDED,buffer_type=BufferType::L1,shard_spec=ShardSpec(grid={[(x=0,y=0) - (x=7,y=7)]},shape={32, 160},orientation=ShardOrientation::ROW_MAJOR),nd_shard_spec=std::nullopt,created_with_nd_shard_spec=0) mem config. Using computed config. (matmul_op.cpp:1674)
2026-05-29 08:11:22.794 | INFO     | models.demos.wormhole.stable_diffusion.tt.ttnn_functional_unet_2d_condition_model_new_conv:__call__:491 - Up block 0
2026-05-29 08:11:22.795 | INFO     | models.demos.wormhole.stable_diffusion.tt.ttnn_functional_unet_2d_condition_model_new_conv:__call__:491 - Up block 1
2026-05-29 08:11:22.800 | INFO     | models.demos.wormhole.stable_diffusion.tt.ttnn_functional_unet_2d_condition_model_new_conv:__call__:491 - Up block 2
2026-05-29 08:11:22.808 | INFO     | models.demos.wormhole.stable_diffusion.tt.ttnn_functional_unet_2d_condition_model_new_conv:__call__:491 - Up block 3
2026-05-29 08:11:22.828 | INFO     | models.demos.wormhole.stable_diffusion.tt.ttnn_functional_unet_2d_condition_model_new_conv:__call__:406 - Down block 0
2026-05-29 08:11:22.834 | info     |              Op | act_block_h_override 2 is not a valid override for padded_output_height_ntiles_per_core 7, instead 1 was selected as closest valid option! (conv2d_utils.cpp:401)
2026-05-29 08:11:22.834 | INFO     | models.demos.wormhole.stable_diffusion.tt.ttnn_functional_unet_2d_condition_model_new_conv:__call__:406 - Down block 1
2026-05-29 08:11:22.839 | INFO     | models.demos.wormhole.stable_diffusion.tt.ttnn_functional_unet_2d_condition_model_new_conv:__call__:406 - Down block 2
2026-05-29 08:11:22.843 | INFO     | models.demos.wormhole.stable_diffusion.tt.ttnn_functional_unet_2d_condition_model_new_conv:__call__:406 - Down block 3
2026-05-29 08:11:22.843 | INFO     | models.demos.wormhole.stable_diffusion.tt.ttnn_functional_unet_2d_condition_model_new_conv:__call__:460 - Mid block
2026-05-29 08:11:22.844 | warning  |              Op | Mismatch between computed MemoryConfig(memory_layout=TensorMemoryLayout::BLOCK_SHARDED,buffer_type=BufferType::L1,shard_spec=ShardSpec(grid={[(x=0,y=0) - (x=7,y=3)]},shape={32, 160},orientation=ShardOrientation::ROW_MAJOR),nd_shard_spec=NdShardSpec(shard_shape=Shape([32, 160]),grid={[(x=0,y=0) - (x=7,y=3)]},orientation=ShardOrientation::ROW_MAJOR,shard_distribution_strategy=ShardDistributionStrategy::GRID_2D),created_with_nd_shard_spec=0) and provided MemoryConfig(memory_layout=TensorMemoryLayout::BLOCK_SHARDED,buffer_type=BufferType::L1,shard_spec=ShardSpec(grid={[(x=0,y=0) - (x=7,y=7)]},shape={32, 160},orientation=ShardOrientation::ROW_MAJOR),nd_shard_spec=std::nullopt,created_with_nd_shard_spec=0) mem config. Using computed config. (matmul_op.cpp:1674)
2026-05-29 08:11:22.845 | INFO     | models.demos.wormhole.stable_diffusion.tt.ttnn_functional_unet_2d_condition_model_new_conv:__call__:491 - Up block 0
2026-05-29 08:11:22.846 | INFO     | models.demos.wormhole.stable_diffusion.tt.ttnn_functional_unet_2d_condition_model_new_conv:__call__:491 - Up block 1
2026-05-29 08:11:22.851 | INFO     | models.demos.wormhole.stable_diffusion.tt.ttnn_functional_unet_2d_condition_model_new_conv:__call__:491 - Up block 2
2026-05-29 08:11:22.859 | INFO     | models.demos.wormhole.stable_diffusion.tt.ttnn_functional_unet_2d_condition_model_new_conv:__call__:491 - Up block 3
2026-05-29 08:11:22.880 | INFO     | models.demos.wormhole.stable_diffusion.tt.ttnn_functional_unet_2d_condition_model_new_conv:__call__:406 - Down block 0
2026-05-29 08:11:22.886 | info     |              Op | act_block_h_override 2 is not a valid override for padded_output_height_ntiles_per_core 7, instead 1 was selected as closest valid option! (conv2d_utils.cpp:401)
2026-05-29 08:11:22.886 | INFO     | models.demos.wormhole.stable_diffusion.tt.ttnn_functional_unet_2d_condition_model_new_conv:__call__:406 - Down block 1
2026-05-29 08:11:22.891 | INFO     | models.demos.wormhole.stable_diffusion.tt.ttnn_functional_unet_2d_condition_model_new_conv:__call__:406 - Down block 2
2026-05-29 08:11:22.895 | INFO     | models.demos.wormhole.stable_diffusion.tt.ttnn_functional_unet_2d_condition_model_new_conv:__call__:406 - Down block 3
2026-05-29 08:11:22.896 | INFO     | models.demos.wormhole.stable_diffusion.tt.ttnn_functional_unet_2d_condition_model_new_conv:__call__:460 - Mid block
2026-05-29 08:11:22.896 | warning  |              Op | Mismatch between computed MemoryConfig(memory_layout=TensorMemoryLayout::BLOCK_SHARDED,buffer_type=BufferType::L1,shard_spec=ShardSpec(grid={[(x=0,y=0) - (x=7,y=3)]},shape={32, 160},orientation=ShardOrientation::ROW_MAJOR),nd_shard_spec=NdShardSpec(shard_shape=Shape([32, 160]),grid={[(x=0,y=0) - (x=7,y=3)]},orientation=ShardOrientation::ROW_MAJOR,shard_distribution_strategy=ShardDistributionStrategy::GRID_2D),created_with_nd_shard_spec=0) and provided MemoryConfig(memory_layout=TensorMemoryLayout::BLOCK_SHARDED,buffer_type=BufferType::L1,shard_spec=ShardSpec(grid={[(x=0,y=0) - (x=7,y=7)]},shape={32, 160},orientation=ShardOrientation::ROW_MAJOR),nd_shard_spec=std::nullopt,created_with_nd_shard_spec=0) mem config. Using computed config. (matmul_op.cpp:1674)
2026-05-29 08:11:22.898 | INFO     | models.demos.wormhole.stable_diffusion.tt.ttnn_functional_unet_2d_condition_model_new_conv:__call__:491 - Up block 0
2026-05-29 08:11:22.899 | INFO     | models.demos.wormhole.stable_diffusion.tt.ttnn_functional_unet_2d_condition_model_new_conv:__call__:491 - Up block 1
2026-05-29 08:11:22.904 | INFO     | models.demos.wormhole.stable_diffusion.tt.ttnn_functional_unet_2d_condition_model_new_conv:__call__:491 - Up block 2
2026-05-29 08:11:22.912 | INFO     | models.demos.wormhole.stable_diffusion.tt.ttnn_functional_unet_2d_condition_model_new_conv:__call__:491 - Up block 3
2026-05-29 08:11:22.932 | INFO     | models.demos.wormhole.stable_diffusion.tt.ttnn_functional_unet_2d_condition_model_new_conv:__call__:406 - Down block 0
2026-05-29 08:11:22.938 | info     |              Op | act_block_h_override 2 is not a valid override for padded_output_height_ntiles_per_core 7, instead 1 was selected as closest valid option! (conv2d_utils.cpp:401)
2026-05-29 08:11:22.938 | INFO     | models.demos.wormhole.stable_diffusion.tt.ttnn_functional_unet_2d_condition_model_new_conv:__call__:406 - Down block 1
2026-05-29 08:11:22.943 | INFO     | models.demos.wormhole.stable_diffusion.tt.ttnn_functional_unet_2d_condition_model_new_conv:__call__:406 - Down block 2
2026-05-29 08:11:22.947 | INFO     | models.demos.wormhole.stable_diffusion.tt.ttnn_functional_unet_2d_condition_model_new_conv:__call__:406 - Down block 3
2026-05-29 08:11:22.947 | INFO     | models.demos.wormhole.stable_diffusion.tt.ttnn_functional_unet_2d_condition_model_new_conv:__call__:460 - Mid block
2026-05-29 08:11:22.948 | warning  |              Op | Mismatch between computed MemoryConfig(memory_layout=TensorMemoryLayout::BLOCK_SHARDED,buffer_type=BufferType::L1,shard_spec=ShardSpec(grid={[(x=0,y=0) - (x=7,y=3)]},shape={32, 160},orientation=ShardOrientation::ROW_MAJOR),nd_shard_spec=NdShardSpec(shard_shape=Shape([32, 160]),grid={[(x=0,y=0) - (x=7,y=3)]},orientation=ShardOrientation::ROW_MAJOR,shard_distribution_strategy=ShardDistributionStrategy::GRID_2D),created_with_nd_shard_spec=0) and provided MemoryConfig(memory_layout=TensorMemoryLayout::BLOCK_SHARDED,buffer_type=BufferType::L1,shard_spec=ShardSpec(grid={[(x=0,y=0) - (x=7,y=7)]},shape={32, 160},orientation=ShardOrientation::ROW_MAJOR),nd_shard_spec=std::nullopt,created_with_nd_shard_spec=0) mem config. Using computed config. (matmul_op.cpp:1674)
2026-05-29 08:11:22.949 | INFO     | models.demos.wormhole.stable_diffusion.tt.ttnn_functional_unet_2d_condition_model_new_conv:__call__:491 - Up block 0
2026-05-29 08:11:22.950 | INFO     | models.demos.wormhole.stable_diffusion.tt.ttnn_functional_unet_2d_condition_model_new_conv:__call__:491 - Up block 1
2026-05-29 08:11:22.955 | INFO     | models.demos.wormhole.stable_diffusion.tt.ttnn_functional_unet_2d_condition_model_new_conv:__call__:491 - Up block 2
2026-05-29 08:11:22.963 | INFO     | models.demos.wormhole.stable_diffusion.tt.ttnn_functional_unet_2d_condition_model_new_conv:__call__:491 - Up block 3
2026-05-29 08:11:22.984 | INFO     | models.demos.wormhole.stable_diffusion.tt.ttnn_functional_unet_2d_condition_model_new_conv:__call__:406 - Down block 0
2026-05-29 08:11:22.990 | info     |              Op | act_block_h_override 2 is not a valid override for padded_output_height_ntiles_per_core 7, instead 1 was selected as closest valid option! (conv2d_utils.cpp:401)
2026-05-29 08:11:22.990 | INFO     | models.demos.wormhole.stable_diffusion.tt.ttnn_functional_unet_2d_condition_model_new_conv:__call__:406 - Down block 1
2026-05-29 08:11:22.995 | INFO     | models.demos.wormhole.stable_diffusion.tt.ttnn_functional_unet_2d_condition_model_new_conv:__call__:406 - Down block 2
2026-05-29 08:11:22.999 | INFO     | models.demos.wormhole.stable_diffusion.tt.ttnn_functional_unet_2d_condition_model_new_conv:__call__:406 - Down block 3
2026-05-29 08:11:23.000 | INFO     | models.demos.wormhole.stable_diffusion.tt.ttnn_functional_unet_2d_condition_model_new_conv:__call__:460 - Mid block
2026-05-29 08:11:23.000 | warning  |              Op | Mismatch between computed MemoryConfig(memory_layout=TensorMemoryLayout::BLOCK_SHARDED,buffer_type=BufferType::L1,shard_spec=ShardSpec(grid={[(x=0,y=0) - (x=7,y=3)]},shape={32, 160},orientation=ShardOrientation::ROW_MAJOR),nd_shard_spec=NdShardSpec(shard_shape=Shape([32, 160]),grid={[(x=0,y=0) - (x=7,y=3)]},orientation=ShardOrientation::ROW_MAJOR,shard_distribution_strategy=ShardDistributionStrategy::GRID_2D),created_with_nd_shard_spec=0) and provided MemoryConfig(memory_layout=TensorMemoryLayout::BLOCK_SHARDED,buffer_type=BufferType::L1,shard_spec=ShardSpec(grid={[(x=0,y=0) - (x=7,y=7)]},shape={32, 160},orientation=ShardOrientation::ROW_MAJOR),nd_shard_spec=std::nullopt,created_with_nd_shard_spec=0) mem config. Using computed config. (matmul_op.cpp:1674)
2026-05-29 08:11:23.002 | INFO     | models.demos.wormhole.stable_diffusion.tt.ttnn_functional_unet_2d_condition_model_new_conv:__call__:491 - Up block 0
2026-05-29 08:11:23.003 | INFO     | models.demos.wormhole.stable_diffusion.tt.ttnn_functional_unet_2d_condition_model_new_conv:__call__:491 - Up block 1
2026-05-29 08:11:23.008 | INFO     | models.demos.wormhole.stable_diffusion.tt.ttnn_functional_unet_2d_condition_model_new_conv:__call__:491 - Up block 2
2026-05-29 08:11:23.016 | INFO     | models.demos.wormhole.stable_diffusion.tt.ttnn_functional_unet_2d_condition_model_new_conv:__call__:491 - Up block 3
2026-05-29 08:11:23.036 | INFO     | models.demos.wormhole.stable_diffusion.tt.ttnn_functional_unet_2d_condition_model_new_conv:__call__:406 - Down block 0
2026-05-29 08:11:23.042 | info     |              Op | act_block_h_override 2 is not a valid override for padded_output_height_ntiles_per_core 7, instead 1 was selected as closest valid option! (conv2d_utils.cpp:401)
2026-05-29 08:11:23.042 | INFO     | models.demos.wormhole.stable_diffusion.tt.ttnn_functional_unet_2d_condition_model_new_conv:__call__:406 - Down block 1
2026-05-29 08:11:23.048 | INFO     | models.demos.wormhole.stable_diffusion.tt.ttnn_functional_unet_2d_condition_model_new_conv:__call__:406 - Down block 2
2026-05-29 08:11:23.051 | INFO     | models.demos.wormhole.stable_diffusion.tt.ttnn_functional_unet_2d_condition_model_new_conv:__call__:406 - Down block 3
2026-05-29 08:11:23.052 | INFO     | models.demos.wormhole.stable_diffusion.tt.ttnn_functional_unet_2d_condition_model_new_conv:__call__:460 - Mid block
2026-05-29 08:11:23.052 | warning  |              Op | Mismatch between computed MemoryConfig(memory_layout=TensorMemoryLayout::BLOCK_SHARDED,buffer_type=BufferType::L1,shard_spec=ShardSpec(grid={[(x=0,y=0) - (x=7,y=3)]},shape={32, 160},orientation=ShardOrientation::ROW_MAJOR),nd_shard_spec=NdShardSpec(shard_shape=Shape([32, 160]),grid={[(x=0,y=0) - (x=7,y=3)]},orientation=ShardOrientation::ROW_MAJOR,shard_distribution_strategy=ShardDistributionStrategy::GRID_2D),created_with_nd_shard_spec=0) and provided MemoryConfig(memory_layout=TensorMemoryLayout::BLOCK_SHARDED,buffer_type=BufferType::L1,shard_spec=ShardSpec(grid={[(x=0,y=0) - (x=7,y=7)]},shape={32, 160},orientation=ShardOrientation::ROW_MAJOR),nd_shard_spec=std::nullopt,created_with_nd_shard_spec=0) mem config. Using computed config. (matmul_op.cpp:1674)
2026-05-29 08:11:23.054 | INFO     | models.demos.wormhole.stable_diffusion.tt.ttnn_functional_unet_2d_condition_model_new_conv:__call__:491 - Up block 0
2026-05-29 08:11:23.055 | INFO     | models.demos.wormhole.stable_diffusion.tt.ttnn_functional_unet_2d_condition_model_new_conv:__call__:491 - Up block 1
2026-05-29 08:11:23.060 | INFO     | models.demos.wormhole.stable_diffusion.tt.ttnn_functional_unet_2d_condition_model_new_conv:__call__:491 - Up block 2
2026-05-29 08:11:23.068 | INFO     | models.demos.wormhole.stable_diffusion.tt.ttnn_functional_unet_2d_condition_model_new_conv:__call__:491 - Up block 3
  Step 38/41
2026-05-29 08:11:23.090 | INFO     | models.demos.wormhole.stable_diffusion.tt.ttnn_functional_unet_2d_condition_model_new_conv:__call__:406 - Down block 0
2026-05-29 08:11:23.096 | info     |              Op | act_block_h_override 2 is not a valid override for padded_output_height_ntiles_per_core 7, instead 1 was selected as closest valid option! (conv2d_utils.cpp:401)
2026-05-29 08:11:23.096 | INFO     | models.demos.wormhole.stable_diffusion.tt.ttnn_functional_unet_2d_condition_model_new_conv:__call__:406 - Down block 1
2026-05-29 08:11:23.102 | INFO     | models.demos.wormhole.stable_diffusion.tt.ttnn_functional_unet_2d_condition_model_new_conv:__call__:406 - Down block 2
2026-05-29 08:11:23.105 | INFO     | models.demos.wormhole.stable_diffusion.tt.ttnn_functional_unet_2d_condition_model_new_conv:__call__:406 - Down block 3
2026-05-29 08:11:23.106 | INFO     | models.demos.wormhole.stable_diffusion.tt.ttnn_functional_unet_2d_condition_model_new_conv:__call__:460 - Mid block
2026-05-29 08:11:23.107 | warning  |              Op | Mismatch between computed MemoryConfig(memory_layout=TensorMemoryLayout::BLOCK_SHARDED,buffer_type=BufferType::L1,shard_spec=ShardSpec(grid={[(x=0,y=0) - (x=7,y=3)]},shape={32, 160},orientation=ShardOrientation::ROW_MAJOR),nd_shard_spec=NdShardSpec(shard_shape=Shape([32, 160]),grid={[(x=0,y=0) - (x=7,y=3)]},orientation=ShardOrientation::ROW_MAJOR,shard_distribution_strategy=ShardDistributionStrategy::GRID_2D),created_with_nd_shard_spec=0) and provided MemoryConfig(memory_layout=TensorMemoryLayout::BLOCK_SHARDED,buffer_type=BufferType::L1,shard_spec=ShardSpec(grid={[(x=0,y=0) - (x=7,y=7)]},shape={32, 160},orientation=ShardOrientation::ROW_MAJOR),nd_shard_spec=std::nullopt,created_with_nd_shard_spec=0) mem config. Using computed config. (matmul_op.cpp:1674)
2026-05-29 08:11:23.108 | INFO     | models.demos.wormhole.stable_diffusion.tt.ttnn_functional_unet_2d_condition_model_new_conv:__call__:491 - Up block 0
2026-05-29 08:11:23.109 | INFO     | models.demos.wormhole.stable_diffusion.tt.ttnn_functional_unet_2d_condition_model_new_conv:__call__:491 - Up block 1
2026-05-29 08:11:23.114 | INFO     | models.demos.wormhole.stable_diffusion.tt.ttnn_functional_unet_2d_condition_model_new_conv:__call__:491 - Up block 2
2026-05-29 08:11:23.123 | INFO     | models.demos.wormhole.stable_diffusion.tt.ttnn_functional_unet_2d_condition_model_new_conv:__call__:491 - Up block 3
2026-05-29 08:11:23.143 | INFO     | models.demos.wormhole.stable_diffusion.tt.ttnn_functional_unet_2d_condition_model_new_conv:__call__:406 - Down block 0
2026-05-29 08:11:23.148 | info     |              Op | act_block_h_override 2 is not a valid override for padded_output_height_ntiles_per_core 7, instead 1 was selected as closest valid option! (conv2d_utils.cpp:401)
2026-05-29 08:11:23.149 | INFO     | models.demos.wormhole.stable_diffusion.tt.ttnn_functional_unet_2d_condition_model_new_conv:__call__:406 - Down block 1
2026-05-29 08:11:23.154 | INFO     | models.demos.wormhole.stable_diffusion.tt.ttnn_functional_unet_2d_condition_model_new_conv:__call__:406 - Down block 2
2026-05-29 08:11:23.157 | INFO     | models.demos.wormhole.stable_diffusion.tt.ttnn_functional_unet_2d_condition_model_new_conv:__call__:406 - Down block 3
2026-05-29 08:11:23.158 | INFO     | models.demos.wormhole.stable_diffusion.tt.ttnn_functional_unet_2d_condition_model_new_conv:__call__:460 - Mid block
2026-05-29 08:11:23.159 | warning  |              Op | Mismatch between computed MemoryConfig(memory_layout=TensorMemoryLayout::BLOCK_SHARDED,buffer_type=BufferType::L1,shard_spec=ShardSpec(grid={[(x=0,y=0) - (x=7,y=3)]},shape={32, 160},orientation=ShardOrientation::ROW_MAJOR),nd_shard_spec=NdShardSpec(shard_shape=Shape([32, 160]),grid={[(x=0,y=0) - (x=7,y=3)]},orientation=ShardOrientation::ROW_MAJOR,shard_distribution_strategy=ShardDistributionStrategy::GRID_2D),created_with_nd_shard_spec=0) and provided MemoryConfig(memory_layout=TensorMemoryLayout::BLOCK_SHARDED,buffer_type=BufferType::L1,shard_spec=ShardSpec(grid={[(x=0,y=0) - (x=7,y=7)]},shape={32, 160},orientation=ShardOrientation::ROW_MAJOR),nd_shard_spec=std::nullopt,created_with_nd_shard_spec=0) mem config. Using computed config. (matmul_op.cpp:1674)
2026-05-29 08:11:23.160 | INFO     | models.demos.wormhole.stable_diffusion.tt.ttnn_functional_unet_2d_condition_model_new_conv:__call__:491 - Up block 0
2026-05-29 08:11:23.161 | INFO     | models.demos.wormhole.stable_diffusion.tt.ttnn_functional_unet_2d_condition_model_new_conv:__call__:491 - Up block 1
2026-05-29 08:11:23.166 | INFO     | models.demos.wormhole.stable_diffusion.tt.ttnn_functional_unet_2d_condition_model_new_conv:__call__:491 - Up block 2
2026-05-29 08:11:23.174 | INFO     | models.demos.wormhole.stable_diffusion.tt.ttnn_functional_unet_2d_condition_model_new_conv:__call__:491 - Up block 3
2026-05-29 08:11:23.195 | INFO     | models.demos.wormhole.stable_diffusion.tt.ttnn_functional_unet_2d_condition_model_new_conv:__call__:406 - Down block 0
2026-05-29 08:11:23.200 | info     |              Op | act_block_h_override 2 is not a valid override for padded_output_height_ntiles_per_core 7, instead 1 was selected as closest valid option! (conv2d_utils.cpp:401)
2026-05-29 08:11:23.200 | INFO     | models.demos.wormhole.stable_diffusion.tt.ttnn_functional_unet_2d_condition_model_new_conv:__call__:406 - Down block 1
2026-05-29 08:11:23.206 | INFO     | models.demos.wormhole.stable_diffusion.tt.ttnn_functional_unet_2d_condition_model_new_conv:__call__:406 - Down block 2
2026-05-29 08:11:23.209 | INFO     | models.demos.wormhole.stable_diffusion.tt.ttnn_functional_unet_2d_condition_model_new_conv:__call__:406 - Down block 3
2026-05-29 08:11:23.210 | INFO     | models.demos.wormhole.stable_diffusion.tt.ttnn_functional_unet_2d_condition_model_new_conv:__call__:460 - Mid block
2026-05-29 08:11:23.210 | warning  |              Op | Mismatch between computed MemoryConfig(memory_layout=TensorMemoryLayout::BLOCK_SHARDED,buffer_type=BufferType::L1,shard_spec=ShardSpec(grid={[(x=0,y=0) - (x=7,y=3)]},shape={32, 160},orientation=ShardOrientation::ROW_MAJOR),nd_shard_spec=NdShardSpec(shard_shape=Shape([32, 160]),grid={[(x=0,y=0) - (x=7,y=3)]},orientation=ShardOrientation::ROW_MAJOR,shard_distribution_strategy=ShardDistributionStrategy::GRID_2D),created_with_nd_shard_spec=0) and provided MemoryConfig(memory_layout=TensorMemoryLayout::BLOCK_SHARDED,buffer_type=BufferType::L1,shard_spec=ShardSpec(grid={[(x=0,y=0) - (x=7,y=7)]},shape={32, 160},orientation=ShardOrientation::ROW_MAJOR),nd_shard_spec=std::nullopt,created_with_nd_shard_spec=0) mem config. Using computed config. (matmul_op.cpp:1674)
2026-05-29 08:11:23.211 | INFO     | models.demos.wormhole.stable_diffusion.tt.ttnn_functional_unet_2d_condition_model_new_conv:__call__:491 - Up block 0
2026-05-29 08:11:23.213 | INFO     | models.demos.wormhole.stable_diffusion.tt.ttnn_functional_unet_2d_condition_model_new_conv:__call__:491 - Up block 1
2026-05-29 08:11:23.218 | INFO     | models.demos.wormhole.stable_diffusion.tt.ttnn_functional_unet_2d_condition_model_new_conv:__call__:491 - Up block 2
2026-05-29 08:11:23.226 | INFO     | models.demos.wormhole.stable_diffusion.tt.ttnn_functional_unet_2d_condition_model_new_conv:__call__:491 - Up block 3
2026-05-29 08:11:23.246 | INFO     | models.demos.wormhole.stable_diffusion.tt.ttnn_functional_unet_2d_condition_model_new_conv:__call__:406 - Down block 0
2026-05-29 08:11:23.252 | info     |              Op | act_block_h_override 2 is not a valid override for padded_output_height_ntiles_per_core 7, instead 1 was selected as closest valid option! (conv2d_utils.cpp:401)
2026-05-29 08:11:23.252 | INFO     | models.demos.wormhole.stable_diffusion.tt.ttnn_functional_unet_2d_condition_model_new_conv:__call__:406 - Down block 1
2026-05-29 08:11:23.258 | INFO     | models.demos.wormhole.stable_diffusion.tt.ttnn_functional_unet_2d_condition_model_new_conv:__call__:406 - Down block 2
2026-05-29 08:11:23.261 | INFO     | models.demos.wormhole.stable_diffusion.tt.ttnn_functional_unet_2d_condition_model_new_conv:__call__:406 - Down block 3
2026-05-29 08:11:23.262 | INFO     | models.demos.wormhole.stable_diffusion.tt.ttnn_functional_unet_2d_condition_model_new_conv:__call__:460 - Mid block
2026-05-29 08:11:23.262 | warning  |              Op | Mismatch between computed MemoryConfig(memory_layout=TensorMemoryLayout::BLOCK_SHARDED,buffer_type=BufferType::L1,shard_spec=ShardSpec(grid={[(x=0,y=0) - (x=7,y=3)]},shape={32, 160},orientation=ShardOrientation::ROW_MAJOR),nd_shard_spec=NdShardSpec(shard_shape=Shape([32, 160]),grid={[(x=0,y=0) - (x=7,y=3)]},orientation=ShardOrientation::ROW_MAJOR,shard_distribution_strategy=ShardDistributionStrategy::GRID_2D),created_with_nd_shard_spec=0) and provided MemoryConfig(memory_layout=TensorMemoryLayout::BLOCK_SHARDED,buffer_type=BufferType::L1,shard_spec=ShardSpec(grid={[(x=0,y=0) - (x=7,y=7)]},shape={32, 160},orientation=ShardOrientation::ROW_MAJOR),nd_shard_spec=std::nullopt,created_with_nd_shard_spec=0) mem config. Using computed config. (matmul_op.cpp:1674)
2026-05-29 08:11:23.264 | INFO     | models.demos.wormhole.stable_diffusion.tt.ttnn_functional_unet_2d_condition_model_new_conv:__call__:491 - Up block 0
2026-05-29 08:11:23.265 | INFO     | models.demos.wormhole.stable_diffusion.tt.ttnn_functional_unet_2d_condition_model_new_conv:__call__:491 - Up block 1
2026-05-29 08:11:23.270 | INFO     | models.demos.wormhole.stable_diffusion.tt.ttnn_functional_unet_2d_condition_model_new_conv:__call__:491 - Up block 2
2026-05-29 08:11:23.278 | INFO     | models.demos.wormhole.stable_diffusion.tt.ttnn_functional_unet_2d_condition_model_new_conv:__call__:491 - Up block 3
2026-05-29 08:11:23.298 | INFO     | models.demos.wormhole.stable_diffusion.tt.ttnn_functional_unet_2d_condition_model_new_conv:__call__:406 - Down block 0
2026-05-29 08:11:23.304 | info     |              Op | act_block_h_override 2 is not a valid override for padded_output_height_ntiles_per_core 7, instead 1 was selected as closest valid option! (conv2d_utils.cpp:401)
2026-05-29 08:11:23.304 | INFO     | models.demos.wormhole.stable_diffusion.tt.ttnn_functional_unet_2d_condition_model_new_conv:__call__:406 - Down block 1
2026-05-29 08:11:23.309 | INFO     | models.demos.wormhole.stable_diffusion.tt.ttnn_functional_unet_2d_condition_model_new_conv:__call__:406 - Down block 2
2026-05-29 08:11:23.313 | INFO     | models.demos.wormhole.stable_diffusion.tt.ttnn_functional_unet_2d_condition_model_new_conv:__call__:406 - Down block 3
2026-05-29 08:11:23.313 | INFO     | models.demos.wormhole.stable_diffusion.tt.ttnn_functional_unet_2d_condition_model_new_conv:__call__:460 - Mid block
2026-05-29 08:11:23.314 | warning  |              Op | Mismatch between computed MemoryConfig(memory_layout=TensorMemoryLayout::BLOCK_SHARDED,buffer_type=BufferType::L1,shard_spec=ShardSpec(grid={[(x=0,y=0) - (x=7,y=3)]},shape={32, 160},orientation=ShardOrientation::ROW_MAJOR),nd_shard_spec=NdShardSpec(shard_shape=Shape([32, 160]),grid={[(x=0,y=0) - (x=7,y=3)]},orientation=ShardOrientation::ROW_MAJOR,shard_distribution_strategy=ShardDistributionStrategy::GRID_2D),created_with_nd_shard_spec=0) and provided MemoryConfig(memory_layout=TensorMemoryLayout::BLOCK_SHARDED,buffer_type=BufferType::L1,shard_spec=ShardSpec(grid={[(x=0,y=0) - (x=7,y=7)]},shape={32, 160},orientation=ShardOrientation::ROW_MAJOR),nd_shard_spec=std::nullopt,created_with_nd_shard_spec=0) mem config. Using computed config. (matmul_op.cpp:1674)
2026-05-29 08:11:23.315 | INFO     | models.demos.wormhole.stable_diffusion.tt.ttnn_functional_unet_2d_condition_model_new_conv:__call__:491 - Up block 0
2026-05-29 08:11:23.316 | INFO     | models.demos.wormhole.stable_diffusion.tt.ttnn_functional_unet_2d_condition_model_new_conv:__call__:491 - Up block 1
2026-05-29 08:11:23.321 | INFO     | models.demos.wormhole.stable_diffusion.tt.ttnn_functional_unet_2d_condition_model_new_conv:__call__:491 - Up block 2
2026-05-29 08:11:23.329 | INFO     | models.demos.wormhole.stable_diffusion.tt.ttnn_functional_unet_2d_condition_model_new_conv:__call__:491 - Up block 3
2026-05-29 08:11:23.350 | INFO     | models.demos.wormhole.stable_diffusion.tt.ttnn_functional_unet_2d_condition_model_new_conv:__call__:406 - Down block 0
2026-05-29 08:11:23.356 | info     |              Op | act_block_h_override 2 is not a valid override for padded_output_height_ntiles_per_core 7, instead 1 was selected as closest valid option! (conv2d_utils.cpp:401)
2026-05-29 08:11:23.356 | INFO     | models.demos.wormhole.stable_diffusion.tt.ttnn_functional_unet_2d_condition_model_new_conv:__call__:406 - Down block 1
2026-05-29 08:11:23.361 | INFO     | models.demos.wormhole.stable_diffusion.tt.ttnn_functional_unet_2d_condition_model_new_conv:__call__:406 - Down block 2
2026-05-29 08:11:23.365 | INFO     | models.demos.wormhole.stable_diffusion.tt.ttnn_functional_unet_2d_condition_model_new_conv:__call__:406 - Down block 3
2026-05-29 08:11:23.366 | INFO     | models.demos.wormhole.stable_diffusion.tt.ttnn_functional_unet_2d_condition_model_new_conv:__call__:460 - Mid block
2026-05-29 08:11:23.366 | warning  |              Op | Mismatch between computed MemoryConfig(memory_layout=TensorMemoryLayout::BLOCK_SHARDED,buffer_type=BufferType::L1,shard_spec=ShardSpec(grid={[(x=0,y=0) - (x=7,y=3)]},shape={32, 160},orientation=ShardOrientation::ROW_MAJOR),nd_shard_spec=NdShardSpec(shard_shape=Shape([32, 160]),grid={[(x=0,y=0) - (x=7,y=3)]},orientation=ShardOrientation::ROW_MAJOR,shard_distribution_strategy=ShardDistributionStrategy::GRID_2D),created_with_nd_shard_spec=0) and provided MemoryConfig(memory_layout=TensorMemoryLayout::BLOCK_SHARDED,buffer_type=BufferType::L1,shard_spec=ShardSpec(grid={[(x=0,y=0) - (x=7,y=7)]},shape={32, 160},orientation=ShardOrientation::ROW_MAJOR),nd_shard_spec=std::nullopt,created_with_nd_shard_spec=0) mem config. Using computed config. (matmul_op.cpp:1674)
2026-05-29 08:11:23.367 | INFO     | models.demos.wormhole.stable_diffusion.tt.ttnn_functional_unet_2d_condition_model_new_conv:__call__:491 - Up block 0
2026-05-29 08:11:23.369 | INFO     | models.demos.wormhole.stable_diffusion.tt.ttnn_functional_unet_2d_condition_model_new_conv:__call__:491 - Up block 1
2026-05-29 08:11:23.374 | INFO     | models.demos.wormhole.stable_diffusion.tt.ttnn_functional_unet_2d_condition_model_new_conv:__call__:491 - Up block 2
2026-05-29 08:11:23.382 | INFO     | models.demos.wormhole.stable_diffusion.tt.ttnn_functional_unet_2d_condition_model_new_conv:__call__:491 - Up block 3
2026-05-29 08:11:23.402 | INFO     | models.demos.wormhole.stable_diffusion.tt.ttnn_functional_unet_2d_condition_model_new_conv:__call__:406 - Down block 0
2026-05-29 08:11:23.408 | info     |              Op | act_block_h_override 2 is not a valid override for padded_output_height_ntiles_per_core 7, instead 1 was selected as closest valid option! (conv2d_utils.cpp:401)
2026-05-29 08:11:23.408 | INFO     | models.demos.wormhole.stable_diffusion.tt.ttnn_functional_unet_2d_condition_model_new_conv:__call__:406 - Down block 1
2026-05-29 08:11:23.413 | INFO     | models.demos.wormhole.stable_diffusion.tt.ttnn_functional_unet_2d_condition_model_new_conv:__call__:406 - Down block 2
2026-05-29 08:11:23.417 | INFO     | models.demos.wormhole.stable_diffusion.tt.ttnn_functional_unet_2d_condition_model_new_conv:__call__:406 - Down block 3
2026-05-29 08:11:23.417 | INFO     | models.demos.wormhole.stable_diffusion.tt.ttnn_functional_unet_2d_condition_model_new_conv:__call__:460 - Mid block
2026-05-29 08:11:23.418 | warning  |              Op | Mismatch between computed MemoryConfig(memory_layout=TensorMemoryLayout::BLOCK_SHARDED,buffer_type=BufferType::L1,shard_spec=ShardSpec(grid={[(x=0,y=0) - (x=7,y=3)]},shape={32, 160},orientation=ShardOrientation::ROW_MAJOR),nd_shard_spec=NdShardSpec(shard_shape=Shape([32, 160]),grid={[(x=0,y=0) - (x=7,y=3)]},orientation=ShardOrientation::ROW_MAJOR,shard_distribution_strategy=ShardDistributionStrategy::GRID_2D),created_with_nd_shard_spec=0) and provided MemoryConfig(memory_layout=TensorMemoryLayout::BLOCK_SHARDED,buffer_type=BufferType::L1,shard_spec=ShardSpec(grid={[(x=0,y=0) - (x=7,y=7)]},shape={32, 160},orientation=ShardOrientation::ROW_MAJOR),nd_shard_spec=std::nullopt,created_with_nd_shard_spec=0) mem config. Using computed config. (matmul_op.cpp:1674)
2026-05-29 08:11:23.419 | INFO     | models.demos.wormhole.stable_diffusion.tt.ttnn_functional_unet_2d_condition_model_new_conv:__call__:491 - Up block 0
2026-05-29 08:11:23.421 | INFO     | models.demos.wormhole.stable_diffusion.tt.ttnn_functional_unet_2d_condition_model_new_conv:__call__:491 - Up block 1
2026-05-29 08:11:23.425 | INFO     | models.demos.wormhole.stable_diffusion.tt.ttnn_functional_unet_2d_condition_model_new_conv:__call__:491 - Up block 2
2026-05-29 08:11:23.433 | INFO     | models.demos.wormhole.stable_diffusion.tt.ttnn_functional_unet_2d_condition_model_new_conv:__call__:491 - Up block 3
2026-05-29 08:11:23.454 | INFO     | models.demos.wormhole.stable_diffusion.tt.ttnn_functional_unet_2d_condition_model_new_conv:__call__:406 - Down block 0
2026-05-29 08:11:23.460 | info     |              Op | act_block_h_override 2 is not a valid override for padded_output_height_ntiles_per_core 7, instead 1 was selected as closest valid option! (conv2d_utils.cpp:401)
2026-05-29 08:11:23.460 | INFO     | models.demos.wormhole.stable_diffusion.tt.ttnn_functional_unet_2d_condition_model_new_conv:__call__:406 - Down block 1
2026-05-29 08:11:23.466 | INFO     | models.demos.wormhole.stable_diffusion.tt.ttnn_functional_unet_2d_condition_model_new_conv:__call__:406 - Down block 2
2026-05-29 08:11:23.469 | INFO     | models.demos.wormhole.stable_diffusion.tt.ttnn_functional_unet_2d_condition_model_new_conv:__call__:406 - Down block 3
2026-05-29 08:11:23.470 | INFO     | models.demos.wormhole.stable_diffusion.tt.ttnn_functional_unet_2d_condition_model_new_conv:__call__:460 - Mid block
2026-05-29 08:11:23.470 | warning  |              Op | Mismatch between computed MemoryConfig(memory_layout=TensorMemoryLayout::BLOCK_SHARDED,buffer_type=BufferType::L1,shard_spec=ShardSpec(grid={[(x=0,y=0) - (x=7,y=3)]},shape={32, 160},orientation=ShardOrientation::ROW_MAJOR),nd_shard_spec=NdShardSpec(shard_shape=Shape([32, 160]),grid={[(x=0,y=0) - (x=7,y=3)]},orientation=ShardOrientation::ROW_MAJOR,shard_distribution_strategy=ShardDistributionStrategy::GRID_2D),created_with_nd_shard_spec=0) and provided MemoryConfig(memory_layout=TensorMemoryLayout::BLOCK_SHARDED,buffer_type=BufferType::L1,shard_spec=ShardSpec(grid={[(x=0,y=0) - (x=7,y=7)]},shape={32, 160},orientation=ShardOrientation::ROW_MAJOR),nd_shard_spec=std::nullopt,created_with_nd_shard_spec=0) mem config. Using computed config. (matmul_op.cpp:1674)
2026-05-29 08:11:23.472 | INFO     | models.demos.wormhole.stable_diffusion.tt.ttnn_functional_unet_2d_condition_model_new_conv:__call__:491 - Up block 0
2026-05-29 08:11:23.473 | INFO     | models.demos.wormhole.stable_diffusion.tt.ttnn_functional_unet_2d_condition_model_new_conv:__call__:491 - Up block 1
2026-05-29 08:11:23.478 | INFO     | models.demos.wormhole.stable_diffusion.tt.ttnn_functional_unet_2d_condition_model_new_conv:__call__:491 - Up block 2
2026-05-29 08:11:23.486 | INFO     | models.demos.wormhole.stable_diffusion.tt.ttnn_functional_unet_2d_condition_model_new_conv:__call__:491 - Up block 3
  Step 39/41
2026-05-29 08:11:23.509 | INFO     | models.demos.wormhole.stable_diffusion.tt.ttnn_functional_unet_2d_condition_model_new_conv:__call__:406 - Down block 0
2026-05-29 08:11:23.515 | info     |              Op | act_block_h_override 2 is not a valid override for padded_output_height_ntiles_per_core 7, instead 1 was selected as closest valid option! (conv2d_utils.cpp:401)
2026-05-29 08:11:23.515 | INFO     | models.demos.wormhole.stable_diffusion.tt.ttnn_functional_unet_2d_condition_model_new_conv:__call__:406 - Down block 1
2026-05-29 08:11:23.521 | INFO     | models.demos.wormhole.stable_diffusion.tt.ttnn_functional_unet_2d_condition_model_new_conv:__call__:406 - Down block 2
2026-05-29 08:11:23.524 | INFO     | models.demos.wormhole.stable_diffusion.tt.ttnn_functional_unet_2d_condition_model_new_conv:__call__:406 - Down block 3
2026-05-29 08:11:23.525 | INFO     | models.demos.wormhole.stable_diffusion.tt.ttnn_functional_unet_2d_condition_model_new_conv:__call__:460 - Mid block
2026-05-29 08:11:23.526 | warning  |              Op | Mismatch between computed MemoryConfig(memory_layout=TensorMemoryLayout::BLOCK_SHARDED,buffer_type=BufferType::L1,shard_spec=ShardSpec(grid={[(x=0,y=0) - (x=7,y=3)]},shape={32, 160},orientation=ShardOrientation::ROW_MAJOR),nd_shard_spec=NdShardSpec(shard_shape=Shape([32, 160]),grid={[(x=0,y=0) - (x=7,y=3)]},orientation=ShardOrientation::ROW_MAJOR,shard_distribution_strategy=ShardDistributionStrategy::GRID_2D),created_with_nd_shard_spec=0) and provided MemoryConfig(memory_layout=TensorMemoryLayout::BLOCK_SHARDED,buffer_type=BufferType::L1,shard_spec=ShardSpec(grid={[(x=0,y=0) - (x=7,y=7)]},shape={32, 160},orientation=ShardOrientation::ROW_MAJOR),nd_shard_spec=std::nullopt,created_with_nd_shard_spec=0) mem config. Using computed config. (matmul_op.cpp:1674)
2026-05-29 08:11:23.527 | INFO     | models.demos.wormhole.stable_diffusion.tt.ttnn_functional_unet_2d_condition_model_new_conv:__call__:491 - Up block 0
2026-05-29 08:11:23.528 | INFO     | models.demos.wormhole.stable_diffusion.tt.ttnn_functional_unet_2d_condition_model_new_conv:__call__:491 - Up block 1
2026-05-29 08:11:23.533 | INFO     | models.demos.wormhole.stable_diffusion.tt.ttnn_functional_unet_2d_condition_model_new_conv:__call__:491 - Up block 2
2026-05-29 08:11:23.542 | INFO     | models.demos.wormhole.stable_diffusion.tt.ttnn_functional_unet_2d_condition_model_new_conv:__call__:491 - Up block 3
2026-05-29 08:11:23.562 | INFO     | models.demos.wormhole.stable_diffusion.tt.ttnn_functional_unet_2d_condition_model_new_conv:__call__:406 - Down block 0
2026-05-29 08:11:23.567 | info     |              Op | act_block_h_override 2 is not a valid override for padded_output_height_ntiles_per_core 7, instead 1 was selected as closest valid option! (conv2d_utils.cpp:401)
2026-05-29 08:11:23.567 | INFO     | models.demos.wormhole.stable_diffusion.tt.ttnn_functional_unet_2d_condition_model_new_conv:__call__:406 - Down block 1
2026-05-29 08:11:23.573 | INFO     | models.demos.wormhole.stable_diffusion.tt.ttnn_functional_unet_2d_condition_model_new_conv:__call__:406 - Down block 2
2026-05-29 08:11:23.576 | INFO     | models.demos.wormhole.stable_diffusion.tt.ttnn_functional_unet_2d_condition_model_new_conv:__call__:406 - Down block 3
2026-05-29 08:11:23.577 | INFO     | models.demos.wormhole.stable_diffusion.tt.ttnn_functional_unet_2d_condition_model_new_conv:__call__:460 - Mid block
2026-05-29 08:11:23.577 | warning  |              Op | Mismatch between computed MemoryConfig(memory_layout=TensorMemoryLayout::BLOCK_SHARDED,buffer_type=BufferType::L1,shard_spec=ShardSpec(grid={[(x=0,y=0) - (x=7,y=3)]},shape={32, 160},orientation=ShardOrientation::ROW_MAJOR),nd_shard_spec=NdShardSpec(shard_shape=Shape([32, 160]),grid={[(x=0,y=0) - (x=7,y=3)]},orientation=ShardOrientation::ROW_MAJOR,shard_distribution_strategy=ShardDistributionStrategy::GRID_2D),created_with_nd_shard_spec=0) and provided MemoryConfig(memory_layout=TensorMemoryLayout::BLOCK_SHARDED,buffer_type=BufferType::L1,shard_spec=ShardSpec(grid={[(x=0,y=0) - (x=7,y=7)]},shape={32, 160},orientation=ShardOrientation::ROW_MAJOR),nd_shard_spec=std::nullopt,created_with_nd_shard_spec=0) mem config. Using computed config. (matmul_op.cpp:1674)
2026-05-29 08:11:23.579 | INFO     | models.demos.wormhole.stable_diffusion.tt.ttnn_functional_unet_2d_condition_model_new_conv:__call__:491 - Up block 0
2026-05-29 08:11:23.580 | INFO     | models.demos.wormhole.stable_diffusion.tt.ttnn_functional_unet_2d_condition_model_new_conv:__call__:491 - Up block 1
2026-05-29 08:11:23.585 | INFO     | models.demos.wormhole.stable_diffusion.tt.ttnn_functional_unet_2d_condition_model_new_conv:__call__:491 - Up block 2
2026-05-29 08:11:23.594 | INFO     | models.demos.wormhole.stable_diffusion.tt.ttnn_functional_unet_2d_condition_model_new_conv:__call__:491 - Up block 3
2026-05-29 08:11:23.614 | INFO     | models.demos.wormhole.stable_diffusion.tt.ttnn_functional_unet_2d_condition_model_new_conv:__call__:406 - Down block 0
2026-05-29 08:11:23.619 | info     |              Op | act_block_h_override 2 is not a valid override for padded_output_height_ntiles_per_core 7, instead 1 was selected as closest valid option! (conv2d_utils.cpp:401)
2026-05-29 08:11:23.620 | INFO     | models.demos.wormhole.stable_diffusion.tt.ttnn_functional_unet_2d_condition_model_new_conv:__call__:406 - Down block 1
2026-05-29 08:11:23.625 | INFO     | models.demos.wormhole.stable_diffusion.tt.ttnn_functional_unet_2d_condition_model_new_conv:__call__:406 - Down block 2
2026-05-29 08:11:23.629 | INFO     | models.demos.wormhole.stable_diffusion.tt.ttnn_functional_unet_2d_condition_model_new_conv:__call__:406 - Down block 3
2026-05-29 08:11:23.630 | INFO     | models.demos.wormhole.stable_diffusion.tt.ttnn_functional_unet_2d_condition_model_new_conv:__call__:460 - Mid block
2026-05-29 08:11:23.630 | warning  |              Op | Mismatch between computed MemoryConfig(memory_layout=TensorMemoryLayout::BLOCK_SHARDED,buffer_type=BufferType::L1,shard_spec=ShardSpec(grid={[(x=0,y=0) - (x=7,y=3)]},shape={32, 160},orientation=ShardOrientation::ROW_MAJOR),nd_shard_spec=NdShardSpec(shard_shape=Shape([32, 160]),grid={[(x=0,y=0) - (x=7,y=3)]},orientation=ShardOrientation::ROW_MAJOR,shard_distribution_strategy=ShardDistributionStrategy::GRID_2D),created_with_nd_shard_spec=0) and provided MemoryConfig(memory_layout=TensorMemoryLayout::BLOCK_SHARDED,buffer_type=BufferType::L1,shard_spec=ShardSpec(grid={[(x=0,y=0) - (x=7,y=7)]},shape={32, 160},orientation=ShardOrientation::ROW_MAJOR),nd_shard_spec=std::nullopt,created_with_nd_shard_spec=0) mem config. Using computed config. (matmul_op.cpp:1674)
2026-05-29 08:11:23.632 | INFO     | models.demos.wormhole.stable_diffusion.tt.ttnn_functional_unet_2d_condition_model_new_conv:__call__:491 - Up block 0
2026-05-29 08:11:23.633 | INFO     | models.demos.wormhole.stable_diffusion.tt.ttnn_functional_unet_2d_condition_model_new_conv:__call__:491 - Up block 1
2026-05-29 08:11:23.638 | INFO     | models.demos.wormhole.stable_diffusion.tt.ttnn_functional_unet_2d_condition_model_new_conv:__call__:491 - Up block 2
2026-05-29 08:11:23.646 | INFO     | models.demos.wormhole.stable_diffusion.tt.ttnn_functional_unet_2d_condition_model_new_conv:__call__:491 - Up block 3
2026-05-29 08:11:23.666 | INFO     | models.demos.wormhole.stable_diffusion.tt.ttnn_functional_unet_2d_condition_model_new_conv:__call__:406 - Down block 0
2026-05-29 08:11:23.672 | info     |              Op | act_block_h_override 2 is not a valid override for padded_output_height_ntiles_per_core 7, instead 1 was selected as closest valid option! (conv2d_utils.cpp:401)
2026-05-29 08:11:23.672 | INFO     | models.demos.wormhole.stable_diffusion.tt.ttnn_functional_unet_2d_condition_model_new_conv:__call__:406 - Down block 1
2026-05-29 08:11:23.677 | INFO     | models.demos.wormhole.stable_diffusion.tt.ttnn_functional_unet_2d_condition_model_new_conv:__call__:406 - Down block 2
2026-05-29 08:11:23.681 | INFO     | models.demos.wormhole.stable_diffusion.tt.ttnn_functional_unet_2d_condition_model_new_conv:__call__:406 - Down block 3
2026-05-29 08:11:23.681 | INFO     | models.demos.wormhole.stable_diffusion.tt.ttnn_functional_unet_2d_condition_model_new_conv:__call__:460 - Mid block
2026-05-29 08:11:23.682 | warning  |              Op | Mismatch between computed MemoryConfig(memory_layout=TensorMemoryLayout::BLOCK_SHARDED,buffer_type=BufferType::L1,shard_spec=ShardSpec(grid={[(x=0,y=0) - (x=7,y=3)]},shape={32, 160},orientation=ShardOrientation::ROW_MAJOR),nd_shard_spec=NdShardSpec(shard_shape=Shape([32, 160]),grid={[(x=0,y=0) - (x=7,y=3)]},orientation=ShardOrientation::ROW_MAJOR,shard_distribution_strategy=ShardDistributionStrategy::GRID_2D),created_with_nd_shard_spec=0) and provided MemoryConfig(memory_layout=TensorMemoryLayout::BLOCK_SHARDED,buffer_type=BufferType::L1,shard_spec=ShardSpec(grid={[(x=0,y=0) - (x=7,y=7)]},shape={32, 160},orientation=ShardOrientation::ROW_MAJOR),nd_shard_spec=std::nullopt,created_with_nd_shard_spec=0) mem config. Using computed config. (matmul_op.cpp:1674)
2026-05-29 08:11:23.683 | INFO     | models.demos.wormhole.stable_diffusion.tt.ttnn_functional_unet_2d_condition_model_new_conv:__call__:491 - Up block 0
2026-05-29 08:11:23.685 | INFO     | models.demos.wormhole.stable_diffusion.tt.ttnn_functional_unet_2d_condition_model_new_conv:__call__:491 - Up block 1
2026-05-29 08:11:23.690 | INFO     | models.demos.wormhole.stable_diffusion.tt.ttnn_functional_unet_2d_condition_model_new_conv:__call__:491 - Up block 2
2026-05-29 08:11:23.698 | INFO     | models.demos.wormhole.stable_diffusion.tt.ttnn_functional_unet_2d_condition_model_new_conv:__call__:491 - Up block 3
2026-05-29 08:11:23.718 | INFO     | models.demos.wormhole.stable_diffusion.tt.ttnn_functional_unet_2d_condition_model_new_conv:__call__:406 - Down block 0
2026-05-29 08:11:23.724 | info     |              Op | act_block_h_override 2 is not a valid override for padded_output_height_ntiles_per_core 7, instead 1 was selected as closest valid option! (conv2d_utils.cpp:401)
2026-05-29 08:11:23.724 | INFO     | models.demos.wormhole.stable_diffusion.tt.ttnn_functional_unet_2d_condition_model_new_conv:__call__:406 - Down block 1
2026-05-29 08:11:23.730 | INFO     | models.demos.wormhole.stable_diffusion.tt.ttnn_functional_unet_2d_condition_model_new_conv:__call__:406 - Down block 2
2026-05-29 08:11:23.733 | INFO     | models.demos.wormhole.stable_diffusion.tt.ttnn_functional_unet_2d_condition_model_new_conv:__call__:406 - Down block 3
2026-05-29 08:11:23.734 | INFO     | models.demos.wormhole.stable_diffusion.tt.ttnn_functional_unet_2d_condition_model_new_conv:__call__:460 - Mid block
2026-05-29 08:11:23.734 | warning  |              Op | Mismatch between computed MemoryConfig(memory_layout=TensorMemoryLayout::BLOCK_SHARDED,buffer_type=BufferType::L1,shard_spec=ShardSpec(grid={[(x=0,y=0) - (x=7,y=3)]},shape={32, 160},orientation=ShardOrientation::ROW_MAJOR),nd_shard_spec=NdShardSpec(shard_shape=Shape([32, 160]),grid={[(x=0,y=0) - (x=7,y=3)]},orientation=ShardOrientation::ROW_MAJOR,shard_distribution_strategy=ShardDistributionStrategy::GRID_2D),created_with_nd_shard_spec=0) and provided MemoryConfig(memory_layout=TensorMemoryLayout::BLOCK_SHARDED,buffer_type=BufferType::L1,shard_spec=ShardSpec(grid={[(x=0,y=0) - (x=7,y=7)]},shape={32, 160},orientation=ShardOrientation::ROW_MAJOR),nd_shard_spec=std::nullopt,created_with_nd_shard_spec=0) mem config. Using computed config. (matmul_op.cpp:1674)
2026-05-29 08:11:23.736 | INFO     | models.demos.wormhole.stable_diffusion.tt.ttnn_functional_unet_2d_condition_model_new_conv:__call__:491 - Up block 0
2026-05-29 08:11:23.737 | INFO     | models.demos.wormhole.stable_diffusion.tt.ttnn_functional_unet_2d_condition_model_new_conv:__call__:491 - Up block 1
2026-05-29 08:11:23.742 | INFO     | models.demos.wormhole.stable_diffusion.tt.ttnn_functional_unet_2d_condition_model_new_conv:__call__:491 - Up block 2
2026-05-29 08:11:23.750 | INFO     | models.demos.wormhole.stable_diffusion.tt.ttnn_functional_unet_2d_condition_model_new_conv:__call__:491 - Up block 3
2026-05-29 08:11:23.771 | INFO     | models.demos.wormhole.stable_diffusion.tt.ttnn_functional_unet_2d_condition_model_new_conv:__call__:406 - Down block 0
2026-05-29 08:11:23.776 | info     |              Op | act_block_h_override 2 is not a valid override for padded_output_height_ntiles_per_core 7, instead 1 was selected as closest valid option! (conv2d_utils.cpp:401)
2026-05-29 08:11:23.777 | INFO     | models.demos.wormhole.stable_diffusion.tt.ttnn_functional_unet_2d_condition_model_new_conv:__call__:406 - Down block 1
2026-05-29 08:11:23.782 | INFO     | models.demos.wormhole.stable_diffusion.tt.ttnn_functional_unet_2d_condition_model_new_conv:__call__:406 - Down block 2
2026-05-29 08:11:23.785 | INFO     | models.demos.wormhole.stable_diffusion.tt.ttnn_functional_unet_2d_condition_model_new_conv:__call__:406 - Down block 3
2026-05-29 08:11:23.786 | INFO     | models.demos.wormhole.stable_diffusion.tt.ttnn_functional_unet_2d_condition_model_new_conv:__call__:460 - Mid block
2026-05-29 08:11:23.787 | warning  |              Op | Mismatch between computed MemoryConfig(memory_layout=TensorMemoryLayout::BLOCK_SHARDED,buffer_type=BufferType::L1,shard_spec=ShardSpec(grid={[(x=0,y=0) - (x=7,y=3)]},shape={32, 160},orientation=ShardOrientation::ROW_MAJOR),nd_shard_spec=NdShardSpec(shard_shape=Shape([32, 160]),grid={[(x=0,y=0) - (x=7,y=3)]},orientation=ShardOrientation::ROW_MAJOR,shard_distribution_strategy=ShardDistributionStrategy::GRID_2D),created_with_nd_shard_spec=0) and provided MemoryConfig(memory_layout=TensorMemoryLayout::BLOCK_SHARDED,buffer_type=BufferType::L1,shard_spec=ShardSpec(grid={[(x=0,y=0) - (x=7,y=7)]},shape={32, 160},orientation=ShardOrientation::ROW_MAJOR),nd_shard_spec=std::nullopt,created_with_nd_shard_spec=0) mem config. Using computed config. (matmul_op.cpp:1674)
2026-05-29 08:11:23.788 | INFO     | models.demos.wormhole.stable_diffusion.tt.ttnn_functional_unet_2d_condition_model_new_conv:__call__:491 - Up block 0
2026-05-29 08:11:23.789 | INFO     | models.demos.wormhole.stable_diffusion.tt.ttnn_functional_unet_2d_condition_model_new_conv:__call__:491 - Up block 1
2026-05-29 08:11:23.794 | INFO     | models.demos.wormhole.stable_diffusion.tt.ttnn_functional_unet_2d_condition_model_new_conv:__call__:491 - Up block 2
2026-05-29 08:11:23.802 | INFO     | models.demos.wormhole.stable_diffusion.tt.ttnn_functional_unet_2d_condition_model_new_conv:__call__:491 - Up block 3
2026-05-29 08:11:23.822 | INFO     | models.demos.wormhole.stable_diffusion.tt.ttnn_functional_unet_2d_condition_model_new_conv:__call__:406 - Down block 0
2026-05-29 08:11:23.828 | info     |              Op | act_block_h_override 2 is not a valid override for padded_output_height_ntiles_per_core 7, instead 1 was selected as closest valid option! (conv2d_utils.cpp:401)
2026-05-29 08:11:23.828 | INFO     | models.demos.wormhole.stable_diffusion.tt.ttnn_functional_unet_2d_condition_model_new_conv:__call__:406 - Down block 1
2026-05-29 08:11:23.834 | INFO     | models.demos.wormhole.stable_diffusion.tt.ttnn_functional_unet_2d_condition_model_new_conv:__call__:406 - Down block 2
2026-05-29 08:11:23.837 | INFO     | models.demos.wormhole.stable_diffusion.tt.ttnn_functional_unet_2d_condition_model_new_conv:__call__:406 - Down block 3
2026-05-29 08:11:23.838 | INFO     | models.demos.wormhole.stable_diffusion.tt.ttnn_functional_unet_2d_condition_model_new_conv:__call__:460 - Mid block
2026-05-29 08:11:23.839 | warning  |              Op | Mismatch between computed MemoryConfig(memory_layout=TensorMemoryLayout::BLOCK_SHARDED,buffer_type=BufferType::L1,shard_spec=ShardSpec(grid={[(x=0,y=0) - (x=7,y=3)]},shape={32, 160},orientation=ShardOrientation::ROW_MAJOR),nd_shard_spec=NdShardSpec(shard_shape=Shape([32, 160]),grid={[(x=0,y=0) - (x=7,y=3)]},orientation=ShardOrientation::ROW_MAJOR,shard_distribution_strategy=ShardDistributionStrategy::GRID_2D),created_with_nd_shard_spec=0) and provided MemoryConfig(memory_layout=TensorMemoryLayout::BLOCK_SHARDED,buffer_type=BufferType::L1,shard_spec=ShardSpec(grid={[(x=0,y=0) - (x=7,y=7)]},shape={32, 160},orientation=ShardOrientation::ROW_MAJOR),nd_shard_spec=std::nullopt,created_with_nd_shard_spec=0) mem config. Using computed config. (matmul_op.cpp:1674)
2026-05-29 08:11:23.840 | INFO     | models.demos.wormhole.stable_diffusion.tt.ttnn_functional_unet_2d_condition_model_new_conv:__call__:491 - Up block 0
2026-05-29 08:11:23.841 | INFO     | models.demos.wormhole.stable_diffusion.tt.ttnn_functional_unet_2d_condition_model_new_conv:__call__:491 - Up block 1
2026-05-29 08:11:23.846 | INFO     | models.demos.wormhole.stable_diffusion.tt.ttnn_functional_unet_2d_condition_model_new_conv:__call__:491 - Up block 2
2026-05-29 08:11:23.855 | INFO     | models.demos.wormhole.stable_diffusion.tt.ttnn_functional_unet_2d_condition_model_new_conv:__call__:491 - Up block 3
2026-05-29 08:11:23.875 | INFO     | models.demos.wormhole.stable_diffusion.tt.ttnn_functional_unet_2d_condition_model_new_conv:__call__:406 - Down block 0
2026-05-29 08:11:23.880 | info     |              Op | act_block_h_override 2 is not a valid override for padded_output_height_ntiles_per_core 7, instead 1 was selected as closest valid option! (conv2d_utils.cpp:401)
2026-05-29 08:11:23.880 | INFO     | models.demos.wormhole.stable_diffusion.tt.ttnn_functional_unet_2d_condition_model_new_conv:__call__:406 - Down block 1
2026-05-29 08:11:23.886 | INFO     | models.demos.wormhole.stable_diffusion.tt.ttnn_functional_unet_2d_condition_model_new_conv:__call__:406 - Down block 2
2026-05-29 08:11:23.889 | INFO     | models.demos.wormhole.stable_diffusion.tt.ttnn_functional_unet_2d_condition_model_new_conv:__call__:406 - Down block 3
2026-05-29 08:11:23.890 | INFO     | models.demos.wormhole.stable_diffusion.tt.ttnn_functional_unet_2d_condition_model_new_conv:__call__:460 - Mid block
2026-05-29 08:11:23.891 | warning  |              Op | Mismatch between computed MemoryConfig(memory_layout=TensorMemoryLayout::BLOCK_SHARDED,buffer_type=BufferType::L1,shard_spec=ShardSpec(grid={[(x=0,y=0) - (x=7,y=3)]},shape={32, 160},orientation=ShardOrientation::ROW_MAJOR),nd_shard_spec=NdShardSpec(shard_shape=Shape([32, 160]),grid={[(x=0,y=0) - (x=7,y=3)]},orientation=ShardOrientation::ROW_MAJOR,shard_distribution_strategy=ShardDistributionStrategy::GRID_2D),created_with_nd_shard_spec=0) and provided MemoryConfig(memory_layout=TensorMemoryLayout::BLOCK_SHARDED,buffer_type=BufferType::L1,shard_spec=ShardSpec(grid={[(x=0,y=0) - (x=7,y=7)]},shape={32, 160},orientation=ShardOrientation::ROW_MAJOR),nd_shard_spec=std::nullopt,created_with_nd_shard_spec=0) mem config. Using computed config. (matmul_op.cpp:1674)
2026-05-29 08:11:23.892 | INFO     | models.demos.wormhole.stable_diffusion.tt.ttnn_functional_unet_2d_condition_model_new_conv:__call__:491 - Up block 0
2026-05-29 08:11:23.893 | INFO     | models.demos.wormhole.stable_diffusion.tt.ttnn_functional_unet_2d_condition_model_new_conv:__call__:491 - Up block 1
2026-05-29 08:11:23.898 | INFO     | models.demos.wormhole.stable_diffusion.tt.ttnn_functional_unet_2d_condition_model_new_conv:__call__:491 - Up block 2
2026-05-29 08:11:23.906 | INFO     | models.demos.wormhole.stable_diffusion.tt.ttnn_functional_unet_2d_condition_model_new_conv:__call__:491 - Up block 3
  Step 40/41
2026-05-29 08:11:23.929 | INFO     | models.demos.wormhole.stable_diffusion.tt.ttnn_functional_unet_2d_condition_model_new_conv:__call__:406 - Down block 0
2026-05-29 08:11:23.935 | info     |              Op | act_block_h_override 2 is not a valid override for padded_output_height_ntiles_per_core 7, instead 1 was selected as closest valid option! (conv2d_utils.cpp:401)
2026-05-29 08:11:23.935 | INFO     | models.demos.wormhole.stable_diffusion.tt.ttnn_functional_unet_2d_condition_model_new_conv:__call__:406 - Down block 1
2026-05-29 08:11:23.940 | INFO     | models.demos.wormhole.stable_diffusion.tt.ttnn_functional_unet_2d_condition_model_new_conv:__call__:406 - Down block 2
2026-05-29 08:11:23.944 | INFO     | models.demos.wormhole.stable_diffusion.tt.ttnn_functional_unet_2d_condition_model_new_conv:__call__:406 - Down block 3
2026-05-29 08:11:23.945 | INFO     | models.demos.wormhole.stable_diffusion.tt.ttnn_functional_unet_2d_condition_model_new_conv:__call__:460 - Mid block
2026-05-29 08:11:23.945 | warning  |              Op | Mismatch between computed MemoryConfig(memory_layout=TensorMemoryLayout::BLOCK_SHARDED,buffer_type=BufferType::L1,shard_spec=ShardSpec(grid={[(x=0,y=0) - (x=7,y=3)]},shape={32, 160},orientation=ShardOrientation::ROW_MAJOR),nd_shard_spec=NdShardSpec(shard_shape=Shape([32, 160]),grid={[(x=0,y=0) - (x=7,y=3)]},orientation=ShardOrientation::ROW_MAJOR,shard_distribution_strategy=ShardDistributionStrategy::GRID_2D),created_with_nd_shard_spec=0) and provided MemoryConfig(memory_layout=TensorMemoryLayout::BLOCK_SHARDED,buffer_type=BufferType::L1,shard_spec=ShardSpec(grid={[(x=0,y=0) - (x=7,y=7)]},shape={32, 160},orientation=ShardOrientation::ROW_MAJOR),nd_shard_spec=std::nullopt,created_with_nd_shard_spec=0) mem config. Using computed config. (matmul_op.cpp:1674)
2026-05-29 08:11:23.947 | INFO     | models.demos.wormhole.stable_diffusion.tt.ttnn_functional_unet_2d_condition_model_new_conv:__call__:491 - Up block 0
2026-05-29 08:11:23.948 | INFO     | models.demos.wormhole.stable_diffusion.tt.ttnn_functional_unet_2d_condition_model_new_conv:__call__:491 - Up block 1
2026-05-29 08:11:23.953 | INFO     | models.demos.wormhole.stable_diffusion.tt.ttnn_functional_unet_2d_condition_model_new_conv:__call__:491 - Up block 2
2026-05-29 08:11:23.962 | INFO     | models.demos.wormhole.stable_diffusion.tt.ttnn_functional_unet_2d_condition_model_new_conv:__call__:491 - Up block 3
2026-05-29 08:11:23.982 | INFO     | models.demos.wormhole.stable_diffusion.tt.ttnn_functional_unet_2d_condition_model_new_conv:__call__:406 - Down block 0
2026-05-29 08:11:23.987 | info     |              Op | act_block_h_override 2 is not a valid override for padded_output_height_ntiles_per_core 7, instead 1 was selected as closest valid option! (conv2d_utils.cpp:401)
2026-05-29 08:11:23.987 | INFO     | models.demos.wormhole.stable_diffusion.tt.ttnn_functional_unet_2d_condition_model_new_conv:__call__:406 - Down block 1
2026-05-29 08:11:23.993 | INFO     | models.demos.wormhole.stable_diffusion.tt.ttnn_functional_unet_2d_condition_model_new_conv:__call__:406 - Down block 2
2026-05-29 08:11:23.997 | INFO     | models.demos.wormhole.stable_diffusion.tt.ttnn_functional_unet_2d_condition_model_new_conv:__call__:406 - Down block 3
2026-05-29 08:11:23.997 | INFO     | models.demos.wormhole.stable_diffusion.tt.ttnn_functional_unet_2d_condition_model_new_conv:__call__:460 - Mid block
2026-05-29 08:11:23.998 | warning  |              Op | Mismatch between computed MemoryConfig(memory_layout=TensorMemoryLayout::BLOCK_SHARDED,buffer_type=BufferType::L1,shard_spec=ShardSpec(grid={[(x=0,y=0) - (x=7,y=3)]},shape={32, 160},orientation=ShardOrientation::ROW_MAJOR),nd_shard_spec=NdShardSpec(shard_shape=Shape([32, 160]),grid={[(x=0,y=0) - (x=7,y=3)]},orientation=ShardOrientation::ROW_MAJOR,shard_distribution_strategy=ShardDistributionStrategy::GRID_2D),created_with_nd_shard_spec=0) and provided MemoryConfig(memory_layout=TensorMemoryLayout::BLOCK_SHARDED,buffer_type=BufferType::L1,shard_spec=ShardSpec(grid={[(x=0,y=0) - (x=7,y=7)]},shape={32, 160},orientation=ShardOrientation::ROW_MAJOR),nd_shard_spec=std::nullopt,created_with_nd_shard_spec=0) mem config. Using computed config. (matmul_op.cpp:1674)
2026-05-29 08:11:23.999 | INFO     | models.demos.wormhole.stable_diffusion.tt.ttnn_functional_unet_2d_condition_model_new_conv:__call__:491 - Up block 0
2026-05-29 08:11:24.001 | INFO     | models.demos.wormhole.stable_diffusion.tt.ttnn_functional_unet_2d_condition_model_new_conv:__call__:491 - Up block 1
2026-05-29 08:11:24.006 | INFO     | models.demos.wormhole.stable_diffusion.tt.ttnn_functional_unet_2d_condition_model_new_conv:__call__:491 - Up block 2
2026-05-29 08:11:24.014 | INFO     | models.demos.wormhole.stable_diffusion.tt.ttnn_functional_unet_2d_condition_model_new_conv:__call__:491 - Up block 3
2026-05-29 08:11:24.034 | INFO     | models.demos.wormhole.stable_diffusion.tt.ttnn_functional_unet_2d_condition_model_new_conv:__call__:406 - Down block 0
2026-05-29 08:11:24.040 | info     |              Op | act_block_h_override 2 is not a valid override for padded_output_height_ntiles_per_core 7, instead 1 was selected as closest valid option! (conv2d_utils.cpp:401)
2026-05-29 08:11:24.040 | INFO     | models.demos.wormhole.stable_diffusion.tt.ttnn_functional_unet_2d_condition_model_new_conv:__call__:406 - Down block 1
2026-05-29 08:11:24.045 | INFO     | models.demos.wormhole.stable_diffusion.tt.ttnn_functional_unet_2d_condition_model_new_conv:__call__:406 - Down block 2
2026-05-29 08:11:24.049 | INFO     | models.demos.wormhole.stable_diffusion.tt.ttnn_functional_unet_2d_condition_model_new_conv:__call__:406 - Down block 3
2026-05-29 08:11:24.049 | INFO     | models.demos.wormhole.stable_diffusion.tt.ttnn_functional_unet_2d_condition_model_new_conv:__call__:460 - Mid block
2026-05-29 08:11:24.050 | warning  |              Op | Mismatch between computed MemoryConfig(memory_layout=TensorMemoryLayout::BLOCK_SHARDED,buffer_type=BufferType::L1,shard_spec=ShardSpec(grid={[(x=0,y=0) - (x=7,y=3)]},shape={32, 160},orientation=ShardOrientation::ROW_MAJOR),nd_shard_spec=NdShardSpec(shard_shape=Shape([32, 160]),grid={[(x=0,y=0) - (x=7,y=3)]},orientation=ShardOrientation::ROW_MAJOR,shard_distribution_strategy=ShardDistributionStrategy::GRID_2D),created_with_nd_shard_spec=0) and provided MemoryConfig(memory_layout=TensorMemoryLayout::BLOCK_SHARDED,buffer_type=BufferType::L1,shard_spec=ShardSpec(grid={[(x=0,y=0) - (x=7,y=7)]},shape={32, 160},orientation=ShardOrientation::ROW_MAJOR),nd_shard_spec=std::nullopt,created_with_nd_shard_spec=0) mem config. Using computed config. (matmul_op.cpp:1674)
2026-05-29 08:11:24.051 | INFO     | models.demos.wormhole.stable_diffusion.tt.ttnn_functional_unet_2d_condition_model_new_conv:__call__:491 - Up block 0
2026-05-29 08:11:24.052 | INFO     | models.demos.wormhole.stable_diffusion.tt.ttnn_functional_unet_2d_condition_model_new_conv:__call__:491 - Up block 1
2026-05-29 08:11:24.057 | INFO     | models.demos.wormhole.stable_diffusion.tt.ttnn_functional_unet_2d_condition_model_new_conv:__call__:491 - Up block 2
2026-05-29 08:11:24.065 | INFO     | models.demos.wormhole.stable_diffusion.tt.ttnn_functional_unet_2d_condition_model_new_conv:__call__:491 - Up block 3
2026-05-29 08:11:24.086 | INFO     | models.demos.wormhole.stable_diffusion.tt.ttnn_functional_unet_2d_condition_model_new_conv:__call__:406 - Down block 0
2026-05-29 08:11:24.092 | info     |              Op | act_block_h_override 2 is not a valid override for padded_output_height_ntiles_per_core 7, instead 1 was selected as closest valid option! (conv2d_utils.cpp:401)
2026-05-29 08:11:24.092 | INFO     | models.demos.wormhole.stable_diffusion.tt.ttnn_functional_unet_2d_condition_model_new_conv:__call__:406 - Down block 1
2026-05-29 08:11:24.097 | INFO     | models.demos.wormhole.stable_diffusion.tt.ttnn_functional_unet_2d_condition_model_new_conv:__call__:406 - Down block 2
2026-05-29 08:11:24.101 | INFO     | models.demos.wormhole.stable_diffusion.tt.ttnn_functional_unet_2d_condition_model_new_conv:__call__:406 - Down block 3
2026-05-29 08:11:24.101 | INFO     | models.demos.wormhole.stable_diffusion.tt.ttnn_functional_unet_2d_condition_model_new_conv:__call__:460 - Mid block
2026-05-29 08:11:24.102 | warning  |              Op | Mismatch between computed MemoryConfig(memory_layout=TensorMemoryLayout::BLOCK_SHARDED,buffer_type=BufferType::L1,shard_spec=ShardSpec(grid={[(x=0,y=0) - (x=7,y=3)]},shape={32, 160},orientation=ShardOrientation::ROW_MAJOR),nd_shard_spec=NdShardSpec(shard_shape=Shape([32, 160]),grid={[(x=0,y=0) - (x=7,y=3)]},orientation=ShardOrientation::ROW_MAJOR,shard_distribution_strategy=ShardDistributionStrategy::GRID_2D),created_with_nd_shard_spec=0) and provided MemoryConfig(memory_layout=TensorMemoryLayout::BLOCK_SHARDED,buffer_type=BufferType::L1,shard_spec=ShardSpec(grid={[(x=0,y=0) - (x=7,y=7)]},shape={32, 160},orientation=ShardOrientation::ROW_MAJOR),nd_shard_spec=std::nullopt,created_with_nd_shard_spec=0) mem config. Using computed config. (matmul_op.cpp:1674)
2026-05-29 08:11:24.103 | INFO     | models.demos.wormhole.stable_diffusion.tt.ttnn_functional_unet_2d_condition_model_new_conv:__call__:491 - Up block 0
2026-05-29 08:11:24.105 | INFO     | models.demos.wormhole.stable_diffusion.tt.ttnn_functional_unet_2d_condition_model_new_conv:__call__:491 - Up block 1
2026-05-29 08:11:24.110 | INFO     | models.demos.wormhole.stable_diffusion.tt.ttnn_functional_unet_2d_condition_model_new_conv:__call__:491 - Up block 2
2026-05-29 08:11:24.118 | INFO     | models.demos.wormhole.stable_diffusion.tt.ttnn_functional_unet_2d_condition_model_new_conv:__call__:491 - Up block 3
2026-05-29 08:11:24.138 | INFO     | models.demos.wormhole.stable_diffusion.tt.ttnn_functional_unet_2d_condition_model_new_conv:__call__:406 - Down block 0
2026-05-29 08:11:24.144 | info     |              Op | act_block_h_override 2 is not a valid override for padded_output_height_ntiles_per_core 7, instead 1 was selected as closest valid option! (conv2d_utils.cpp:401)
2026-05-29 08:11:24.144 | INFO     | models.demos.wormhole.stable_diffusion.tt.ttnn_functional_unet_2d_condition_model_new_conv:__call__:406 - Down block 1
2026-05-29 08:11:24.150 | INFO     | models.demos.wormhole.stable_diffusion.tt.ttnn_functional_unet_2d_condition_model_new_conv:__call__:406 - Down block 2
2026-05-29 08:11:24.153 | INFO     | models.demos.wormhole.stable_diffusion.tt.ttnn_functional_unet_2d_condition_model_new_conv:__call__:406 - Down block 3
2026-05-29 08:11:24.154 | INFO     | models.demos.wormhole.stable_diffusion.tt.ttnn_functional_unet_2d_condition_model_new_conv:__call__:460 - Mid block
2026-05-29 08:11:24.154 | warning  |              Op | Mismatch between computed MemoryConfig(memory_layout=TensorMemoryLayout::BLOCK_SHARDED,buffer_type=BufferType::L1,shard_spec=ShardSpec(grid={[(x=0,y=0) - (x=7,y=3)]},shape={32, 160},orientation=ShardOrientation::ROW_MAJOR),nd_shard_spec=NdShardSpec(shard_shape=Shape([32, 160]),grid={[(x=0,y=0) - (x=7,y=3)]},orientation=ShardOrientation::ROW_MAJOR,shard_distribution_strategy=ShardDistributionStrategy::GRID_2D),created_with_nd_shard_spec=0) and provided MemoryConfig(memory_layout=TensorMemoryLayout::BLOCK_SHARDED,buffer_type=BufferType::L1,shard_spec=ShardSpec(grid={[(x=0,y=0) - (x=7,y=7)]},shape={32, 160},orientation=ShardOrientation::ROW_MAJOR),nd_shard_spec=std::nullopt,created_with_nd_shard_spec=0) mem config. Using computed config. (matmul_op.cpp:1674)
2026-05-29 08:11:24.155 | INFO     | models.demos.wormhole.stable_diffusion.tt.ttnn_functional_unet_2d_condition_model_new_conv:__call__:491 - Up block 0
2026-05-29 08:11:24.157 | INFO     | models.demos.wormhole.stable_diffusion.tt.ttnn_functional_unet_2d_condition_model_new_conv:__call__:491 - Up block 1
2026-05-29 08:11:24.162 | INFO     | models.demos.wormhole.stable_diffusion.tt.ttnn_functional_unet_2d_condition_model_new_conv:__call__:491 - Up block 2
2026-05-29 08:11:24.170 | INFO     | models.demos.wormhole.stable_diffusion.tt.ttnn_functional_unet_2d_condition_model_new_conv:__call__:491 - Up block 3
2026-05-29 08:11:24.190 | INFO     | models.demos.wormhole.stable_diffusion.tt.ttnn_functional_unet_2d_condition_model_new_conv:__call__:406 - Down block 0
2026-05-29 08:11:24.196 | info     |              Op | act_block_h_override 2 is not a valid override for padded_output_height_ntiles_per_core 7, instead 1 was selected as closest valid option! (conv2d_utils.cpp:401)
2026-05-29 08:11:24.197 | INFO     | models.demos.wormhole.stable_diffusion.tt.ttnn_functional_unet_2d_condition_model_new_conv:__call__:406 - Down block 1
2026-05-29 08:11:24.202 | INFO     | models.demos.wormhole.stable_diffusion.tt.ttnn_functional_unet_2d_condition_model_new_conv:__call__:406 - Down block 2
2026-05-29 08:11:24.206 | INFO     | models.demos.wormhole.stable_diffusion.tt.ttnn_functional_unet_2d_condition_model_new_conv:__call__:406 - Down block 3
2026-05-29 08:11:24.206 | INFO     | models.demos.wormhole.stable_diffusion.tt.ttnn_functional_unet_2d_condition_model_new_conv:__call__:460 - Mid block
2026-05-29 08:11:24.207 | warning  |              Op | Mismatch between computed MemoryConfig(memory_layout=TensorMemoryLayout::BLOCK_SHARDED,buffer_type=BufferType::L1,shard_spec=ShardSpec(grid={[(x=0,y=0) - (x=7,y=3)]},shape={32, 160},orientation=ShardOrientation::ROW_MAJOR),nd_shard_spec=NdShardSpec(shard_shape=Shape([32, 160]),grid={[(x=0,y=0) - (x=7,y=3)]},orientation=ShardOrientation::ROW_MAJOR,shard_distribution_strategy=ShardDistributionStrategy::GRID_2D),created_with_nd_shard_spec=0) and provided MemoryConfig(memory_layout=TensorMemoryLayout::BLOCK_SHARDED,buffer_type=BufferType::L1,shard_spec=ShardSpec(grid={[(x=0,y=0) - (x=7,y=7)]},shape={32, 160},orientation=ShardOrientation::ROW_MAJOR),nd_shard_spec=std::nullopt,created_with_nd_shard_spec=0) mem config. Using computed config. (matmul_op.cpp:1674)
2026-05-29 08:11:24.208 | INFO     | models.demos.wormhole.stable_diffusion.tt.ttnn_functional_unet_2d_condition_model_new_conv:__call__:491 - Up block 0
2026-05-29 08:11:24.210 | INFO     | models.demos.wormhole.stable_diffusion.tt.ttnn_functional_unet_2d_condition_model_new_conv:__call__:491 - Up block 1
2026-05-29 08:11:24.214 | INFO     | models.demos.wormhole.stable_diffusion.tt.ttnn_functional_unet_2d_condition_model_new_conv:__call__:491 - Up block 2
2026-05-29 08:11:24.223 | INFO     | models.demos.wormhole.stable_diffusion.tt.ttnn_functional_unet_2d_condition_model_new_conv:__call__:491 - Up block 3
2026-05-29 08:11:24.243 | INFO     | models.demos.wormhole.stable_diffusion.tt.ttnn_functional_unet_2d_condition_model_new_conv:__call__:406 - Down block 0
2026-05-29 08:11:24.249 | info     |              Op | act_block_h_override 2 is not a valid override for padded_output_height_ntiles_per_core 7, instead 1 was selected as closest valid option! (conv2d_utils.cpp:401)
2026-05-29 08:11:24.249 | INFO     | models.demos.wormhole.stable_diffusion.tt.ttnn_functional_unet_2d_condition_model_new_conv:__call__:406 - Down block 1
2026-05-29 08:11:24.254 | INFO     | models.demos.wormhole.stable_diffusion.tt.ttnn_functional_unet_2d_condition_model_new_conv:__call__:406 - Down block 2
2026-05-29 08:11:24.258 | INFO     | models.demos.wormhole.stable_diffusion.tt.ttnn_functional_unet_2d_condition_model_new_conv:__call__:406 - Down block 3
2026-05-29 08:11:24.258 | INFO     | models.demos.wormhole.stable_diffusion.tt.ttnn_functional_unet_2d_condition_model_new_conv:__call__:460 - Mid block
2026-05-29 08:11:24.259 | warning  |              Op | Mismatch between computed MemoryConfig(memory_layout=TensorMemoryLayout::BLOCK_SHARDED,buffer_type=BufferType::L1,shard_spec=ShardSpec(grid={[(x=0,y=0) - (x=7,y=3)]},shape={32, 160},orientation=ShardOrientation::ROW_MAJOR),nd_shard_spec=NdShardSpec(shard_shape=Shape([32, 160]),grid={[(x=0,y=0) - (x=7,y=3)]},orientation=ShardOrientation::ROW_MAJOR,shard_distribution_strategy=ShardDistributionStrategy::GRID_2D),created_with_nd_shard_spec=0) and provided MemoryConfig(memory_layout=TensorMemoryLayout::BLOCK_SHARDED,buffer_type=BufferType::L1,shard_spec=ShardSpec(grid={[(x=0,y=0) - (x=7,y=7)]},shape={32, 160},orientation=ShardOrientation::ROW_MAJOR),nd_shard_spec=std::nullopt,created_with_nd_shard_spec=0) mem config. Using computed config. (matmul_op.cpp:1674)
2026-05-29 08:11:24.260 | INFO     | models.demos.wormhole.stable_diffusion.tt.ttnn_functional_unet_2d_condition_model_new_conv:__call__:491 - Up block 0
2026-05-29 08:11:24.262 | INFO     | models.demos.wormhole.stable_diffusion.tt.ttnn_functional_unet_2d_condition_model_new_conv:__call__:491 - Up block 1
2026-05-29 08:11:24.266 | INFO     | models.demos.wormhole.stable_diffusion.tt.ttnn_functional_unet_2d_condition_model_new_conv:__call__:491 - Up block 2
2026-05-29 08:11:24.275 | INFO     | models.demos.wormhole.stable_diffusion.tt.ttnn_functional_unet_2d_condition_model_new_conv:__call__:491 - Up block 3
2026-05-29 08:11:24.295 | INFO     | models.demos.wormhole.stable_diffusion.tt.ttnn_functional_unet_2d_condition_model_new_conv:__call__:406 - Down block 0
2026-05-29 08:11:24.301 | info     |              Op | act_block_h_override 2 is not a valid override for padded_output_height_ntiles_per_core 7, instead 1 was selected as closest valid option! (conv2d_utils.cpp:401)
2026-05-29 08:11:24.301 | INFO     | models.demos.wormhole.stable_diffusion.tt.ttnn_functional_unet_2d_condition_model_new_conv:__call__:406 - Down block 1
2026-05-29 08:11:24.307 | INFO     | models.demos.wormhole.stable_diffusion.tt.ttnn_functional_unet_2d_condition_model_new_conv:__call__:406 - Down block 2
2026-05-29 08:11:24.310 | INFO     | models.demos.wormhole.stable_diffusion.tt.ttnn_functional_unet_2d_condition_model_new_conv:__call__:406 - Down block 3
2026-05-29 08:11:24.311 | INFO     | models.demos.wormhole.stable_diffusion.tt.ttnn_functional_unet_2d_condition_model_new_conv:__call__:460 - Mid block
2026-05-29 08:11:24.311 | warning  |              Op | Mismatch between computed MemoryConfig(memory_layout=TensorMemoryLayout::BLOCK_SHARDED,buffer_type=BufferType::L1,shard_spec=ShardSpec(grid={[(x=0,y=0) - (x=7,y=3)]},shape={32, 160},orientation=ShardOrientation::ROW_MAJOR),nd_shard_spec=NdShardSpec(shard_shape=Shape([32, 160]),grid={[(x=0,y=0) - (x=7,y=3)]},orientation=ShardOrientation::ROW_MAJOR,shard_distribution_strategy=ShardDistributionStrategy::GRID_2D),created_with_nd_shard_spec=0) and provided MemoryConfig(memory_layout=TensorMemoryLayout::BLOCK_SHARDED,buffer_type=BufferType::L1,shard_spec=ShardSpec(grid={[(x=0,y=0) - (x=7,y=7)]},shape={32, 160},orientation=ShardOrientation::ROW_MAJOR),nd_shard_spec=std::nullopt,created_with_nd_shard_spec=0) mem config. Using computed config. (matmul_op.cpp:1674)
2026-05-29 08:11:24.313 | INFO     | models.demos.wormhole.stable_diffusion.tt.ttnn_functional_unet_2d_condition_model_new_conv:__call__:491 - Up block 0
2026-05-29 08:11:24.314 | INFO     | models.demos.wormhole.stable_diffusion.tt.ttnn_functional_unet_2d_condition_model_new_conv:__call__:491 - Up block 1
2026-05-29 08:11:24.319 | INFO     | models.demos.wormhole.stable_diffusion.tt.ttnn_functional_unet_2d_condition_model_new_conv:__call__:491 - Up block 2
2026-05-29 08:11:24.327 | INFO     | models.demos.wormhole.stable_diffusion.tt.ttnn_functional_unet_2d_condition_model_new_conv:__call__:491 - Up block 3
  Step 41/41
  Frame 1/8 decoded
  Frame 2/8 decoded
  Frame 3/8 decoded
  Frame 4/8 decoded
  Frame 5/8 decoded
  Frame 6/8 decoded
  Frame 7/8 decoded
  Frame 8/8 decoded
  Generated in 128.6s (16.1s/frame)

Device closed.

Saved 8 frames → /home/ttuser/.local/share/tt-video-gen/videos/20260529_150916_4a3008bd.gif

TTNN UNet spatial denoising: Blackhole hardware
Cross-frame temporal attention (alpha=0.35): CPU at each step
VAE decode: CPU (TTNN VAE conv_out OOMs on Blackhole)
2026-05-29 08:11:47.296 | info     |          Device | Closing user mode device drivers (tt_cluster.cpp:431)
2026-05-29 08:11:47.357 | info     |             UMD | Unpinning pages for DMA: virtual address 0x71a417000000 and size 0x100000000 (pci_device.cpp:704)
2026-05-29 08:11:47.535 | info     |             UMD | Unpinning pages for DMA: virtual address 0x71ad37200000 and size 0x100000000 (pci_device.cpp:704)
2026-05-29 08:11:47.724 | info     |             UMD | Unpinning pages for DMA: virtual address 0x71b657200000 and size 0x100000000 (pci_device.cpp:704)
2026-05-29 08:11:47.944 | info     |             UMD | Unpinning pages for DMA: virtual address 0x71bf77400000 and size 0x100000000 (pci_device.cpp:704)
