# animatediff run 20260529_081421
# cmd: /home/ttuser/tt-metal/python_env/bin/python /home/ttuser/code/tt-local-generator/app/animatediff/examples/generate_blackhole_v2.py --prompt [A man who turned into a can opener, making peace, and a figure dissolving into pure colour, with an aerial pull-out and muted style.] --negative-prompt blurry, low quality --frames 8 --steps 40 --seed 42 --temporal-alpha 0.35 --output /home/ttuser/.local/share/tt-video-gen/videos/20260529_151421_d33c7e75.gif

AnimateDiff Phase 2.5 — Blackhole TTNN UNet + cross-frame temporal attention
  Prompt         : [A man who turned into a can opener, making peace, and a figure dissolving into pure colour, with an aerial pull-out and muted style.]
  Frames         : 8  Steps: 40  Seed: 42
  Temporal alpha : 0.35

Opening Blackhole device...
2026-05-29 08:14:24.118 | DEBUG    | ttnn:<module>:77 - Initial ttnn.CONFIG:
Config{cache_path=/home/ttuser/.cache/ttnn,model_cache_path=/home/ttuser/.cache/ttnn/models,tmp_dir=/tmp/ttnn,enable_model_cache=false,enable_fast_runtime_mode=true,throw_exception_on_fallback=false,enable_logging=false,enable_graph_report=false,enable_detailed_buffer_report=false,enable_detailed_tensor_report=false,enable_comparison_mode=false,comparison_mode_should_raise_exception=false,comparison_mode_pcc=0.9999,root_report_path=generated/ttnn/reports,report_name=std::nullopt,std::nullopt}
2026-05-29 08:14:24.197 | warning  |             UMD | File size 56 is not as expected 48 for mutex ARC_MSG_0_PCIe. This could be due to new pthread library version, or some other external factor. (robust_mutex.cpp:185)
2026-05-29 08:14:24.197 | warning  |             UMD | The file was resized, but the initialized flag is correct. This is an unexpected case, the mutex might fail. Mutex name: ARC_MSG_0_PCIe (robust_mutex.cpp:139)
2026-05-29 08:14:24.197 | warning  |             UMD | File size 56 is not as expected 48 for mutex REMOTE_ARC_MSG_0_PCIe. This could be due to new pthread library version, or some other external factor. (robust_mutex.cpp:185)
2026-05-29 08:14:24.197 | warning  |             UMD | The file was resized, but the initialized flag is correct. This is an unexpected case, the mutex might fail. Mutex name: REMOTE_ARC_MSG_0_PCIe (robust_mutex.cpp:139)
2026-05-29 08:14:24.197 | warning  |             UMD | File size 56 is not as expected 48 for mutex ARC_MSG. This could be due to new pthread library version, or some other external factor. (robust_mutex.cpp:185)
2026-05-29 08:14:24.197 | warning  |             UMD | The file was resized, but the initialized flag is correct. This is an unexpected case, the mutex might fail. Mutex name: ARC_MSG (robust_mutex.cpp:139)
2026-05-29 08:14:24.720 | warning  |             UMD | File size 56 is not as expected 48 for mutex ARC_MSG_1_PCIe. This could be due to new pthread library version, or some other external factor. (robust_mutex.cpp:185)
2026-05-29 08:14:24.720 | warning  |             UMD | The file was resized, but the initialized flag is correct. This is an unexpected case, the mutex might fail. Mutex name: ARC_MSG_1_PCIe (robust_mutex.cpp:139)
2026-05-29 08:14:24.720 | warning  |             UMD | File size 56 is not as expected 48 for mutex REMOTE_ARC_MSG_1_PCIe. This could be due to new pthread library version, or some other external factor. (robust_mutex.cpp:185)
2026-05-29 08:14:24.720 | warning  |             UMD | The file was resized, but the initialized flag is correct. This is an unexpected case, the mutex might fail. Mutex name: REMOTE_ARC_MSG_1_PCIe (robust_mutex.cpp:139)
2026-05-29 08:14:25.145 | warning  |             UMD | File size 56 is not as expected 48 for mutex ARC_MSG_2_PCIe. This could be due to new pthread library version, or some other external factor. (robust_mutex.cpp:185)
2026-05-29 08:14:25.145 | warning  |             UMD | The file was resized, but the initialized flag is correct. This is an unexpected case, the mutex might fail. Mutex name: ARC_MSG_2_PCIe (robust_mutex.cpp:139)
2026-05-29 08:14:25.145 | warning  |             UMD | File size 56 is not as expected 48 for mutex REMOTE_ARC_MSG_2_PCIe. This could be due to new pthread library version, or some other external factor. (robust_mutex.cpp:185)
2026-05-29 08:14:25.145 | warning  |             UMD | The file was resized, but the initialized flag is correct. This is an unexpected case, the mutex might fail. Mutex name: REMOTE_ARC_MSG_2_PCIe (robust_mutex.cpp:139)
2026-05-29 08:14:25.568 | warning  |             UMD | File size 56 is not as expected 48 for mutex ARC_MSG_3_PCIe. This could be due to new pthread library version, or some other external factor. (robust_mutex.cpp:185)
2026-05-29 08:14:25.568 | warning  |             UMD | The file was resized, but the initialized flag is correct. This is an unexpected case, the mutex might fail. Mutex name: ARC_MSG_3_PCIe (robust_mutex.cpp:139)
2026-05-29 08:14:25.568 | warning  |             UMD | File size 56 is not as expected 48 for mutex REMOTE_ARC_MSG_3_PCIe. This could be due to new pthread library version, or some other external factor. (robust_mutex.cpp:185)
2026-05-29 08:14:25.568 | warning  |             UMD | The file was resized, but the initialized flag is correct. This is an unexpected case, the mutex might fail. Mutex name: REMOTE_ARC_MSG_3_PCIe (robust_mutex.cpp:139)
2026-05-29 08:14:26.260 | info     |          Device | Opening user mode device driver (tt_cluster.cpp:213)
2026-05-29 08:14:30.473 | info     |             UMD | Harvesting mask for chip 3 is 0x1100 (NOC0: 0x1100, simulated harvesting mask: 0x0). (cluster.cpp:399)
2026-05-29 08:14:30.504 | info     |             UMD | Initializing iommu for sysmem (size: 0x100000000). (sysmem_manager.cpp:300)
2026-05-29 08:14:30.504 | info     |             UMD | Allocating sysmem without hugepages (size: 0x100000000). (sysmem_manager.cpp:306)
2026-05-29 08:14:31.026 | info     |             UMD | Harvesting mask for chip 2 is 0x101 (NOC0: 0x101, simulated harvesting mask: 0x0). (cluster.cpp:399)
2026-05-29 08:14:31.056 | warning  |             UMD | File size 56 is not as expected 48 for mutex ARC_MSG_1_PCIe. This could be due to new pthread library version, or some other external factor. (robust_mutex.cpp:185)
2026-05-29 08:14:31.056 | warning  |             UMD | The file was resized, but the initialized flag is correct. This is an unexpected case, the mutex might fail. Mutex name: ARC_MSG_1_PCIe (robust_mutex.cpp:139)
2026-05-29 08:14:31.056 | warning  |             UMD | File size 56 is not as expected 48 for mutex REMOTE_ARC_MSG_1_PCIe. This could be due to new pthread library version, or some other external factor. (robust_mutex.cpp:185)
2026-05-29 08:14:31.056 | warning  |             UMD | The file was resized, but the initialized flag is correct. This is an unexpected case, the mutex might fail. Mutex name: REMOTE_ARC_MSG_1_PCIe (robust_mutex.cpp:139)
2026-05-29 08:14:31.056 | warning  |             UMD | File size 56 is not as expected 48 for mutex ARC_MSG. This could be due to new pthread library version, or some other external factor. (robust_mutex.cpp:185)
2026-05-29 08:14:31.056 | warning  |             UMD | The file was resized, but the initialized flag is correct. This is an unexpected case, the mutex might fail. Mutex name: ARC_MSG (robust_mutex.cpp:139)
2026-05-29 08:14:31.056 | info     |             UMD | Initializing iommu for sysmem (size: 0x100000000). (sysmem_manager.cpp:300)
2026-05-29 08:14:31.056 | info     |             UMD | Allocating sysmem without hugepages (size: 0x100000000). (sysmem_manager.cpp:306)
2026-05-29 08:14:31.489 | info     |             UMD | Harvesting mask for chip 1 is 0x810 (NOC0: 0x810, simulated harvesting mask: 0x0). (cluster.cpp:399)
2026-05-29 08:14:31.517 | warning  |             UMD | File size 56 is not as expected 48 for mutex ARC_MSG_2_PCIe. This could be due to new pthread library version, or some other external factor. (robust_mutex.cpp:185)
2026-05-29 08:14:31.517 | warning  |             UMD | The file was resized, but the initialized flag is correct. This is an unexpected case, the mutex might fail. Mutex name: ARC_MSG_2_PCIe (robust_mutex.cpp:139)
2026-05-29 08:14:31.517 | warning  |             UMD | File size 56 is not as expected 48 for mutex REMOTE_ARC_MSG_2_PCIe. This could be due to new pthread library version, or some other external factor. (robust_mutex.cpp:185)
2026-05-29 08:14:31.517 | warning  |             UMD | The file was resized, but the initialized flag is correct. This is an unexpected case, the mutex might fail. Mutex name: REMOTE_ARC_MSG_2_PCIe (robust_mutex.cpp:139)
2026-05-29 08:14:31.517 | info     |             UMD | Initializing iommu for sysmem (size: 0x100000000). (sysmem_manager.cpp:300)
2026-05-29 08:14:31.517 | info     |             UMD | Allocating sysmem without hugepages (size: 0x100000000). (sysmem_manager.cpp:306)
2026-05-29 08:14:31.917 | info     |             UMD | Harvesting mask for chip 0 is 0x2800 (NOC0: 0x2800, simulated harvesting mask: 0x0). (cluster.cpp:399)
2026-05-29 08:14:31.945 | warning  |             UMD | File size 56 is not as expected 48 for mutex ARC_MSG_3_PCIe. This could be due to new pthread library version, or some other external factor. (robust_mutex.cpp:185)
2026-05-29 08:14:31.945 | warning  |             UMD | The file was resized, but the initialized flag is correct. This is an unexpected case, the mutex might fail. Mutex name: ARC_MSG_3_PCIe (robust_mutex.cpp:139)
2026-05-29 08:14:31.945 | warning  |             UMD | File size 56 is not as expected 48 for mutex REMOTE_ARC_MSG_3_PCIe. This could be due to new pthread library version, or some other external factor. (robust_mutex.cpp:185)
2026-05-29 08:14:31.945 | warning  |             UMD | The file was resized, but the initialized flag is correct. This is an unexpected case, the mutex might fail. Mutex name: REMOTE_ARC_MSG_3_PCIe (robust_mutex.cpp:139)
2026-05-29 08:14:31.946 | info     |             UMD | Initializing iommu for sysmem (size: 0x100000000). (sysmem_manager.cpp:300)
2026-05-29 08:14:31.946 | info     |             UMD | Allocating sysmem without hugepages (size: 0x100000000). (sysmem_manager.cpp:306)
2026-05-29 08:14:32.335 | info     |             UMD | Opening local chip ids/PCIe ids: {0, 1, 2, 3}/[3, 2, 1, 0] and remote chip ids {} (cluster.cpp:251)
2026-05-29 08:14:32.335 | warning  |             UMD | Firmware version 19.8.0 on the system is newer than the maximum supported version 18.10.0 for blackhole architecture. New features may not be supported. (cluster.cpp:211)
2026-05-29 08:14:32.335 | info     |             UMD | All devices in cluster running firmware version: 19.8.0 (cluster.cpp:231)
2026-05-29 08:14:32.335 | info     |             UMD | IOMMU: enabled (cluster.cpp:173)
2026-05-29 08:14:32.335 | info     |             UMD | KMD version: 2.8.0 (cluster.cpp:176)
2026-05-29 08:14:32.362 | info     |             UMD | Pinning pages for DMA: virtual address 0x741cc4a00000 and size 0x100000000 pinned to physical address 0xfffffffe00000000 without mapping to noc (pci_device.cpp:678)
2026-05-29 08:14:32.362 | info     |             UMD | Mapped sysmem without hugepages to IOVA 0xfffffffe00000000; NOC address 0x47082e38 (sysmem_manager.cpp:354)
2026-05-29 08:14:32.362 | info     |             UMD | Device: 3 Mapped iATU region 0 from 0x0 to 0x3fffffff to 0xfffffffe00000000 (blackhole_tt_device.cpp:92)
2026-05-29 08:14:32.362 | info     |             UMD | Device: 3 Mapped iATU region 1 from 0x40000000 to 0x7fffffff to 0xfffffffe40000000 (blackhole_tt_device.cpp:92)
2026-05-29 08:14:32.362 | info     |             UMD | Device: 3 Mapped iATU region 2 from 0x80000000 to 0xbfffffff to 0xfffffffe80000000 (blackhole_tt_device.cpp:92)
2026-05-29 08:14:32.362 | info     |             UMD | Device: 3 Mapped iATU region 3 from 0xc0000000 to 0xffffffff to 0xfffffffec0000000 (blackhole_tt_device.cpp:92)
2026-05-29 08:14:32.395 | info     |             UMD | Pinning pages for DMA: virtual address 0x7425e4c00000 and size 0x100000000 pinned to physical address 0xfffffffe00000000 without mapping to noc (pci_device.cpp:678)
2026-05-29 08:14:32.395 | info     |             UMD | Mapped sysmem without hugepages to IOVA 0xfffffffe00000000; NOC address 0x47083008 (sysmem_manager.cpp:354)
2026-05-29 08:14:32.395 | info     |             UMD | Device: 2 Mapped iATU region 0 from 0x0 to 0x3fffffff to 0xfffffffe00000000 (blackhole_tt_device.cpp:92)
2026-05-29 08:14:32.395 | info     |             UMD | Device: 2 Mapped iATU region 1 from 0x40000000 to 0x7fffffff to 0xfffffffe40000000 (blackhole_tt_device.cpp:92)
2026-05-29 08:14:32.395 | info     |             UMD | Device: 2 Mapped iATU region 2 from 0x80000000 to 0xbfffffff to 0xfffffffe80000000 (blackhole_tt_device.cpp:92)
2026-05-29 08:14:32.395 | info     |             UMD | Device: 2 Mapped iATU region 3 from 0xc0000000 to 0xffffffff to 0xfffffffec0000000 (blackhole_tt_device.cpp:92)
2026-05-29 08:14:32.449 | info     |             UMD | Pinning pages for DMA: virtual address 0x742f04c00000 and size 0x100000000 pinned to physical address 0xfffffffe00000000 without mapping to noc (pci_device.cpp:678)
2026-05-29 08:14:32.449 | info     |             UMD | Mapped sysmem without hugepages to IOVA 0xfffffffe00000000; NOC address 0x46fe1088 (sysmem_manager.cpp:354)
2026-05-29 08:14:32.449 | info     |             UMD | Device: 1 Mapped iATU region 0 from 0x0 to 0x3fffffff to 0xfffffffe00000000 (blackhole_tt_device.cpp:92)
2026-05-29 08:14:32.449 | info     |             UMD | Device: 1 Mapped iATU region 1 from 0x40000000 to 0x7fffffff to 0xfffffffe40000000 (blackhole_tt_device.cpp:92)
2026-05-29 08:14:32.449 | info     |             UMD | Device: 1 Mapped iATU region 2 from 0x80000000 to 0xbfffffff to 0xfffffffe80000000 (blackhole_tt_device.cpp:92)
2026-05-29 08:14:32.449 | info     |             UMD | Device: 1 Mapped iATU region 3 from 0xc0000000 to 0xffffffff to 0xfffffffec0000000 (blackhole_tt_device.cpp:92)
2026-05-29 08:14:32.554 | info     |             UMD | Pinning pages for DMA: virtual address 0x743824e00000 and size 0x100000000 pinned to physical address 0xfffffffe00000000 without mapping to noc (pci_device.cpp:678)
2026-05-29 08:14:32.555 | info     |             UMD | Mapped sysmem without hugepages to IOVA 0xfffffffe00000000; NOC address 0x0 (sysmem_manager.cpp:354)
2026-05-29 08:14:32.555 | info     |             UMD | Device: 0 Mapped iATU region 0 from 0x0 to 0x3fffffff to 0xfffffffe00000000 (blackhole_tt_device.cpp:92)
2026-05-29 08:14:32.555 | info     |             UMD | Device: 0 Mapped iATU region 1 from 0x40000000 to 0x7fffffff to 0xfffffffe40000000 (blackhole_tt_device.cpp:92)
2026-05-29 08:14:32.555 | info     |             UMD | Device: 0 Mapped iATU region 2 from 0x80000000 to 0xbfffffff to 0xfffffffe80000000 (blackhole_tt_device.cpp:92)
2026-05-29 08:14:32.555 | info     |             UMD | Device: 0 Mapped iATU region 3 from 0xc0000000 to 0xffffffff to 0xfffffffec0000000 (blackhole_tt_device.cpp:92)
2026-05-29 08:14:32.939 | DEBUG    | ttnn.device:__init__:150 - Using default dispatch core type for this system: DispatchCoreType.WORKER
2026-05-29 08:14:32.939 | DEBUG    | ttnn.device:__init__:152 - Using default dispatch core axis for this system: DispatchCoreAxis.COL
2026-05-29 08:14:32.939 | warning  |          Fabric | Ethernet between chip 0 and chip 1 have 4 expected ethernet ports, but only 2 present (control_plane.cpp:115)
2026-05-29 08:14:32.939 | warning  |          Fabric | Ethernet between chip 0 and chip 3 have 4 expected ethernet ports, but only 2 present (control_plane.cpp:115)
2026-05-29 08:14:32.939 | warning  |          Fabric | Ethernet between chip 1 and chip 0 have 4 expected ethernet ports, but only 2 present (control_plane.cpp:115)
2026-05-29 08:14:32.939 | warning  |          Fabric | Ethernet between chip 1 and chip 2 have 4 expected ethernet ports, but only 2 present (control_plane.cpp:115)
2026-05-29 08:14:32.939 | warning  |          Fabric | Ethernet between chip 3 and chip 0 have 4 expected ethernet ports, but only 2 present (control_plane.cpp:115)
2026-05-29 08:14:32.939 | warning  |          Fabric | Ethernet between chip 3 and chip 2 have 4 expected ethernet ports, but only 2 present (control_plane.cpp:115)
2026-05-29 08:14:32.939 | warning  |          Fabric | Ethernet between chip 2 and chip 1 have 4 expected ethernet ports, but only 2 present (control_plane.cpp:115)
2026-05-29 08:14:32.939 | warning  |          Fabric | Ethernet between chip 2 and chip 3 have 4 expected ethernet ports, but only 2 present (control_plane.cpp:115)
2026-05-29 08:14:33.412 | warning  |           Metal | Opening subset of mmio devices slows down UMD read/write to remote chips. If opening more devices, consider using CreateDevices API. (device_pool.cpp:303)

Loading SD 1.4 models onto Blackhole...
  Loading PyTorch VAE (CPU decode)...
  Loading PyTorch UNet (for config and time_proj)...
  Building TTNN UNet on Blackhole (~2-3 min first run, cached after)...
2026-05-29 08:14:35.171 | DEBUG    | ttnn:manage_config:85 - Set ttnn.CONFIG.enable_logging to False
2026-05-29 08:14:35.171 | DEBUG    | ttnn:manage_config:85 - Set ttnn.CONFIG.enable_comparison_mode to False
2026-05-29 08:14:35.171 | WARNING  | ttnn.model_preprocessing:from_torch:533 - ttnn: model cache can be enabled by passing model_name argument to preprocess_model[_parameters] and setting env variable TTNN_CONFIG_OVERRIDES='{"enable_model_cache": true}'
/home/ttuser/tt-metal/models/demos/wormhole/stable_diffusion/custom_preprocessing.py:33: UserWarning: The use of `x.T` on tensors of dimension other than 2 to reverse their shape is deprecated and it will throw an error in a future release. Consider `x.mT` to transpose batches of matrices or `x.permute(*torch.arange(x.ndim - 1, -1, -1))` to reverse the dimensions of a tensor. (Triggered internally at /pytorch/aten/src/ATen/native/TensorShape.cpp:4413.)
  weight = model.weight.T.contiguous()
2026-05-29 08:14:36.581 | DEBUG    | ttnn.model_preprocessing:from_torch:612 - Moving model weights to device
2026-05-29 08:14:36.725 | DEBUG    | ttnn.model_preprocessing:from_torch:614 - Moved model weights to device
2026-05-29 08:14:36.726 | DEBUG    | ttnn:manage_config:88 - Restored ttnn.CONFIG.enable_comparison_mode to False
2026-05-29 08:14:36.726 | DEBUG    | ttnn:manage_config:88 - Restored ttnn.CONFIG.enable_logging to False
2026-05-29 08:14:36.748 | INFO     | models.demos.wormhole.stable_diffusion.tt.ttnn_functional_unet_2d_condition_model_new_conv:__init__:99 - CIN: height: 64, width: 64, dim: 8192
2026-05-29 08:14:36.748 | INFO     | models.demos.wormhole.stable_diffusion.tt.ttnn_functional_unet_2d_condition_model_new_conv:__init__:105 - D-1: height: 64, width: 64, dim: 8192
2026-05-29 08:14:38.103 | INFO     | models.demos.wormhole.stable_diffusion.tt.ttnn_functional_cross_attention_down_block_2d_new_conv:__init__:36 - Cross Attention Down Block Input = 64x64 Output = 32x32
2026-05-29 08:14:38.104 | INFO     | models.demos.wormhole.stable_diffusion.tt.ttnn_functional_unet_2d_condition_model_new_conv:__init__:132 - D0:  height: 32, width: 32, dim: 2048
2026-05-29 08:14:38.883 | INFO     | models.demos.wormhole.stable_diffusion.tt.ttnn_functional_cross_attention_down_block_2d_new_conv:__init__:36 - Cross Attention Down Block Input = 32x32 Output = 16x16
2026-05-29 08:14:38.883 | INFO     | models.demos.wormhole.stable_diffusion.tt.ttnn_functional_unet_2d_condition_model_new_conv:__init__:132 - D1:  height: 16, width: 16, dim: 512
2026-05-29 08:14:39.588 | INFO     | models.demos.wormhole.stable_diffusion.tt.ttnn_functional_cross_attention_down_block_2d_new_conv:__init__:36 - Cross Attention Down Block Input = 16x16 Output = 8x8
2026-05-29 08:14:39.588 | INFO     | models.demos.wormhole.stable_diffusion.tt.ttnn_functional_unet_2d_condition_model_new_conv:__init__:132 - D2:  height: 8, width: 8, dim: 128
2026-05-29 08:14:39.668 | INFO     | models.demos.wormhole.stable_diffusion.tt.ttnn_functional_unet_2d_condition_model_new_conv:__init__:132 - D3:  height: 8, width: 8, dim: 128
2026-05-29 08:14:39.925 | INFO     | models.demos.wormhole.stable_diffusion.tt.ttnn_functional_unet_2d_condition_model_new_conv:__init__:145 - MID: height: 8, width: 8, dim: 128
2026-05-29 08:14:40.152 | INFO     | models.demos.wormhole.stable_diffusion.tt.ttnn_functional_upsample_2d_new_conv:__init__:68 - Upsample Output = 16x16
2026-05-29 08:14:40.152 | INFO     | models.demos.wormhole.stable_diffusion.tt.ttnn_functional_upblock_2d_new_conv:__init__:31 - Upblock Input = 8x8 Output = 16x16
2026-05-29 08:14:40.152 | INFO     | models.demos.wormhole.stable_diffusion.tt.ttnn_functional_unet_2d_condition_model_new_conv:__init__:174 - UP0: height: 16, width: 16, dim: 512
2026-05-29 08:14:40.926 | INFO     | models.demos.wormhole.stable_diffusion.tt.ttnn_functional_upsample_2d_new_conv:__init__:68 - Upsample Output = 32x32
2026-05-29 08:14:40.926 | INFO     | models.demos.wormhole.stable_diffusion.tt.ttnn_functional_cross_attn_upblock_new_conv:__init__:42 - Cross Attention UpBlock Input = 16x16 Output = 32x32
2026-05-29 08:14:40.926 | INFO     | models.demos.wormhole.stable_diffusion.tt.ttnn_functional_unet_2d_condition_model_new_conv:__init__:174 - UP1: height: 32, width: 32, dim: 2048
2026-05-29 08:14:41.317 | INFO     | models.demos.wormhole.stable_diffusion.tt.ttnn_functional_upsample_2d_new_conv:__init__:68 - Upsample Output = 64x64
2026-05-29 08:14:41.317 | INFO     | models.demos.wormhole.stable_diffusion.tt.ttnn_functional_cross_attn_upblock_new_conv:__init__:42 - Cross Attention UpBlock Input = 32x32 Output = 64x64
2026-05-29 08:14:41.317 | INFO     | models.demos.wormhole.stable_diffusion.tt.ttnn_functional_unet_2d_condition_model_new_conv:__init__:174 - UP2: height: 64, width: 64, dim: 8192
2026-05-29 08:14:42.133 | INFO     | models.demos.wormhole.stable_diffusion.tt.ttnn_functional_cross_attn_upblock_new_conv:__init__:42 - Cross Attention UpBlock Input = 64x64 Output = 64x64
2026-05-29 08:14:42.133 | INFO     | models.demos.wormhole.stable_diffusion.tt.ttnn_functional_unet_2d_condition_model_new_conv:__init__:174 - UP3: height: 64, width: 64, dim: 8192
2026-05-29 08:14:42.134 | INFO     | models.demos.wormhole.stable_diffusion.tt.ttnn_functional_unet_2d_condition_model_new_conv:__init__:190 - COU: height: 64, width: 64, dim: 8192
  Models loaded in 7.6s

Encoding prompts with CLIP...
  Embeddings shape: torch.Size([2, 96, 768])

Generating 8 frames with temporal attention on Blackhole...
2026-05-29 08:14:46.235 | INFO     | models.demos.wormhole.stable_diffusion.tt.ttnn_functional_unet_2d_condition_model_new_conv:__call__:406 - Down block 0
2026-05-29 08:15:00.294 | info     |              Op | act_block_h_override 2 is not a valid override for padded_output_height_ntiles_per_core 7, instead 1 was selected as closest valid option! (conv2d_utils.cpp:401)
2026-05-29 08:15:00.938 | INFO     | models.demos.wormhole.stable_diffusion.tt.ttnn_functional_unet_2d_condition_model_new_conv:__call__:406 - Down block 1
2026-05-29 08:15:15.227 | INFO     | models.demos.wormhole.stable_diffusion.tt.ttnn_functional_unet_2d_condition_model_new_conv:__call__:406 - Down block 2
2026-05-29 08:15:29.874 | INFO     | models.demos.wormhole.stable_diffusion.tt.ttnn_functional_unet_2d_condition_model_new_conv:__call__:406 - Down block 3
2026-05-29 08:15:32.528 | INFO     | models.demos.wormhole.stable_diffusion.tt.ttnn_functional_unet_2d_condition_model_new_conv:__call__:460 - Mid block
2026-05-29 08:15:33.369 | warning  |              Op | Mismatch between computed MemoryConfig(memory_layout=TensorMemoryLayout::BLOCK_SHARDED,buffer_type=BufferType::L1,shard_spec=ShardSpec(grid={[(x=0,y=0) - (x=7,y=3)]},shape={32, 160},orientation=ShardOrientation::ROW_MAJOR),nd_shard_spec=NdShardSpec(shard_shape=Shape([32, 160]),grid={[(x=0,y=0) - (x=7,y=3)]},orientation=ShardOrientation::ROW_MAJOR,shard_distribution_strategy=ShardDistributionStrategy::GRID_2D),created_with_nd_shard_spec=0) and provided MemoryConfig(memory_layout=TensorMemoryLayout::BLOCK_SHARDED,buffer_type=BufferType::L1,shard_spec=ShardSpec(grid={[(x=0,y=0) - (x=7,y=7)]},shape={32, 160},orientation=ShardOrientation::ROW_MAJOR),nd_shard_spec=std::nullopt,created_with_nd_shard_spec=0) mem config. Using computed config. (matmul_op.cpp:1674)
2026-05-29 08:15:40.368 | INFO     | models.demos.wormhole.stable_diffusion.tt.ttnn_functional_unet_2d_condition_model_new_conv:__call__:491 - Up block 0
2026-05-29 08:15:45.676 | INFO     | models.demos.wormhole.stable_diffusion.tt.ttnn_functional_unet_2d_condition_model_new_conv:__call__:491 - Up block 1
2026-05-29 08:15:53.432 | INFO     | models.demos.wormhole.stable_diffusion.tt.ttnn_functional_unet_2d_condition_model_new_conv:__call__:491 - Up block 2
2026-05-29 08:16:02.019 | INFO     | models.demos.wormhole.stable_diffusion.tt.ttnn_functional_unet_2d_condition_model_new_conv:__call__:491 - Up block 3
2026-05-29 08:16:12.845 | INFO     | models.demos.wormhole.stable_diffusion.tt.ttnn_functional_unet_2d_condition_model_new_conv:__call__:406 - Down block 0
2026-05-29 08:16:12.853 | info     |              Op | act_block_h_override 2 is not a valid override for padded_output_height_ntiles_per_core 7, instead 1 was selected as closest valid option! (conv2d_utils.cpp:401)
2026-05-29 08:16:12.853 | INFO     | models.demos.wormhole.stable_diffusion.tt.ttnn_functional_unet_2d_condition_model_new_conv:__call__:406 - Down block 1
2026-05-29 08:16:12.859 | INFO     | models.demos.wormhole.stable_diffusion.tt.ttnn_functional_unet_2d_condition_model_new_conv:__call__:406 - Down block 2
2026-05-29 08:16:12.864 | INFO     | models.demos.wormhole.stable_diffusion.tt.ttnn_functional_unet_2d_condition_model_new_conv:__call__:406 - Down block 3
2026-05-29 08:16:12.864 | INFO     | models.demos.wormhole.stable_diffusion.tt.ttnn_functional_unet_2d_condition_model_new_conv:__call__:460 - Mid block
2026-05-29 08:16:12.865 | warning  |              Op | Mismatch between computed MemoryConfig(memory_layout=TensorMemoryLayout::BLOCK_SHARDED,buffer_type=BufferType::L1,shard_spec=ShardSpec(grid={[(x=0,y=0) - (x=7,y=3)]},shape={32, 160},orientation=ShardOrientation::ROW_MAJOR),nd_shard_spec=NdShardSpec(shard_shape=Shape([32, 160]),grid={[(x=0,y=0) - (x=7,y=3)]},orientation=ShardOrientation::ROW_MAJOR,shard_distribution_strategy=ShardDistributionStrategy::GRID_2D),created_with_nd_shard_spec=0) and provided MemoryConfig(memory_layout=TensorMemoryLayout::BLOCK_SHARDED,buffer_type=BufferType::L1,shard_spec=ShardSpec(grid={[(x=0,y=0) - (x=7,y=7)]},shape={32, 160},orientation=ShardOrientation::ROW_MAJOR),nd_shard_spec=std::nullopt,created_with_nd_shard_spec=0) mem config. Using computed config. (matmul_op.cpp:1674)
2026-05-29 08:16:12.866 | INFO     | models.demos.wormhole.stable_diffusion.tt.ttnn_functional_unet_2d_condition_model_new_conv:__call__:491 - Up block 0
2026-05-29 08:16:12.868 | INFO     | models.demos.wormhole.stable_diffusion.tt.ttnn_functional_unet_2d_condition_model_new_conv:__call__:491 - Up block 1
2026-05-29 08:16:12.873 | INFO     | models.demos.wormhole.stable_diffusion.tt.ttnn_functional_unet_2d_condition_model_new_conv:__call__:491 - Up block 2
2026-05-29 08:16:12.881 | INFO     | models.demos.wormhole.stable_diffusion.tt.ttnn_functional_unet_2d_condition_model_new_conv:__call__:491 - Up block 3
2026-05-29 08:16:12.901 | INFO     | models.demos.wormhole.stable_diffusion.tt.ttnn_functional_unet_2d_condition_model_new_conv:__call__:406 - Down block 0
2026-05-29 08:16:12.907 | info     |              Op | act_block_h_override 2 is not a valid override for padded_output_height_ntiles_per_core 7, instead 1 was selected as closest valid option! (conv2d_utils.cpp:401)
2026-05-29 08:16:12.907 | INFO     | models.demos.wormhole.stable_diffusion.tt.ttnn_functional_unet_2d_condition_model_new_conv:__call__:406 - Down block 1
2026-05-29 08:16:12.913 | INFO     | models.demos.wormhole.stable_diffusion.tt.ttnn_functional_unet_2d_condition_model_new_conv:__call__:406 - Down block 2
2026-05-29 08:16:12.916 | INFO     | models.demos.wormhole.stable_diffusion.tt.ttnn_functional_unet_2d_condition_model_new_conv:__call__:406 - Down block 3
2026-05-29 08:16:12.917 | INFO     | models.demos.wormhole.stable_diffusion.tt.ttnn_functional_unet_2d_condition_model_new_conv:__call__:460 - Mid block
2026-05-29 08:16:12.917 | warning  |              Op | Mismatch between computed MemoryConfig(memory_layout=TensorMemoryLayout::BLOCK_SHARDED,buffer_type=BufferType::L1,shard_spec=ShardSpec(grid={[(x=0,y=0) - (x=7,y=3)]},shape={32, 160},orientation=ShardOrientation::ROW_MAJOR),nd_shard_spec=NdShardSpec(shard_shape=Shape([32, 160]),grid={[(x=0,y=0) - (x=7,y=3)]},orientation=ShardOrientation::ROW_MAJOR,shard_distribution_strategy=ShardDistributionStrategy::GRID_2D),created_with_nd_shard_spec=0) and provided MemoryConfig(memory_layout=TensorMemoryLayout::BLOCK_SHARDED,buffer_type=BufferType::L1,shard_spec=ShardSpec(grid={[(x=0,y=0) - (x=7,y=7)]},shape={32, 160},orientation=ShardOrientation::ROW_MAJOR),nd_shard_spec=std::nullopt,created_with_nd_shard_spec=0) mem config. Using computed config. (matmul_op.cpp:1674)
2026-05-29 08:16:12.919 | INFO     | models.demos.wormhole.stable_diffusion.tt.ttnn_functional_unet_2d_condition_model_new_conv:__call__:491 - Up block 0
2026-05-29 08:16:12.920 | INFO     | models.demos.wormhole.stable_diffusion.tt.ttnn_functional_unet_2d_condition_model_new_conv:__call__:491 - Up block 1
2026-05-29 08:16:12.925 | INFO     | models.demos.wormhole.stable_diffusion.tt.ttnn_functional_unet_2d_condition_model_new_conv:__call__:491 - Up block 2
2026-05-29 08:16:12.933 | INFO     | models.demos.wormhole.stable_diffusion.tt.ttnn_functional_unet_2d_condition_model_new_conv:__call__:491 - Up block 3
2026-05-29 08:16:12.953 | INFO     | models.demos.wormhole.stable_diffusion.tt.ttnn_functional_unet_2d_condition_model_new_conv:__call__:406 - Down block 0
2026-05-29 08:16:12.959 | info     |              Op | act_block_h_override 2 is not a valid override for padded_output_height_ntiles_per_core 7, instead 1 was selected as closest valid option! (conv2d_utils.cpp:401)
2026-05-29 08:16:12.959 | INFO     | models.demos.wormhole.stable_diffusion.tt.ttnn_functional_unet_2d_condition_model_new_conv:__call__:406 - Down block 1
2026-05-29 08:16:12.964 | INFO     | models.demos.wormhole.stable_diffusion.tt.ttnn_functional_unet_2d_condition_model_new_conv:__call__:406 - Down block 2
2026-05-29 08:16:12.968 | INFO     | models.demos.wormhole.stable_diffusion.tt.ttnn_functional_unet_2d_condition_model_new_conv:__call__:406 - Down block 3
2026-05-29 08:16:12.968 | INFO     | models.demos.wormhole.stable_diffusion.tt.ttnn_functional_unet_2d_condition_model_new_conv:__call__:460 - Mid block
2026-05-29 08:16:12.969 | warning  |              Op | Mismatch between computed MemoryConfig(memory_layout=TensorMemoryLayout::BLOCK_SHARDED,buffer_type=BufferType::L1,shard_spec=ShardSpec(grid={[(x=0,y=0) - (x=7,y=3)]},shape={32, 160},orientation=ShardOrientation::ROW_MAJOR),nd_shard_spec=NdShardSpec(shard_shape=Shape([32, 160]),grid={[(x=0,y=0) - (x=7,y=3)]},orientation=ShardOrientation::ROW_MAJOR,shard_distribution_strategy=ShardDistributionStrategy::GRID_2D),created_with_nd_shard_spec=0) and provided MemoryConfig(memory_layout=TensorMemoryLayout::BLOCK_SHARDED,buffer_type=BufferType::L1,shard_spec=ShardSpec(grid={[(x=0,y=0) - (x=7,y=7)]},shape={32, 160},orientation=ShardOrientation::ROW_MAJOR),nd_shard_spec=std::nullopt,created_with_nd_shard_spec=0) mem config. Using computed config. (matmul_op.cpp:1674)
2026-05-29 08:16:12.970 | INFO     | models.demos.wormhole.stable_diffusion.tt.ttnn_functional_unet_2d_condition_model_new_conv:__call__:491 - Up block 0
2026-05-29 08:16:12.972 | INFO     | models.demos.wormhole.stable_diffusion.tt.ttnn_functional_unet_2d_condition_model_new_conv:__call__:491 - Up block 1
2026-05-29 08:16:12.977 | INFO     | models.demos.wormhole.stable_diffusion.tt.ttnn_functional_unet_2d_condition_model_new_conv:__call__:491 - Up block 2
2026-05-29 08:16:12.985 | INFO     | models.demos.wormhole.stable_diffusion.tt.ttnn_functional_unet_2d_condition_model_new_conv:__call__:491 - Up block 3
2026-05-29 08:16:13.005 | INFO     | models.demos.wormhole.stable_diffusion.tt.ttnn_functional_unet_2d_condition_model_new_conv:__call__:406 - Down block 0
2026-05-29 08:16:13.011 | info     |              Op | act_block_h_override 2 is not a valid override for padded_output_height_ntiles_per_core 7, instead 1 was selected as closest valid option! (conv2d_utils.cpp:401)
2026-05-29 08:16:13.011 | INFO     | models.demos.wormhole.stable_diffusion.tt.ttnn_functional_unet_2d_condition_model_new_conv:__call__:406 - Down block 1
2026-05-29 08:16:13.017 | INFO     | models.demos.wormhole.stable_diffusion.tt.ttnn_functional_unet_2d_condition_model_new_conv:__call__:406 - Down block 2
2026-05-29 08:16:13.020 | INFO     | models.demos.wormhole.stable_diffusion.tt.ttnn_functional_unet_2d_condition_model_new_conv:__call__:406 - Down block 3
2026-05-29 08:16:13.021 | INFO     | models.demos.wormhole.stable_diffusion.tt.ttnn_functional_unet_2d_condition_model_new_conv:__call__:460 - Mid block
2026-05-29 08:16:13.021 | warning  |              Op | Mismatch between computed MemoryConfig(memory_layout=TensorMemoryLayout::BLOCK_SHARDED,buffer_type=BufferType::L1,shard_spec=ShardSpec(grid={[(x=0,y=0) - (x=7,y=3)]},shape={32, 160},orientation=ShardOrientation::ROW_MAJOR),nd_shard_spec=NdShardSpec(shard_shape=Shape([32, 160]),grid={[(x=0,y=0) - (x=7,y=3)]},orientation=ShardOrientation::ROW_MAJOR,shard_distribution_strategy=ShardDistributionStrategy::GRID_2D),created_with_nd_shard_spec=0) and provided MemoryConfig(memory_layout=TensorMemoryLayout::BLOCK_SHARDED,buffer_type=BufferType::L1,shard_spec=ShardSpec(grid={[(x=0,y=0) - (x=7,y=7)]},shape={32, 160},orientation=ShardOrientation::ROW_MAJOR),nd_shard_spec=std::nullopt,created_with_nd_shard_spec=0) mem config. Using computed config. (matmul_op.cpp:1674)
2026-05-29 08:16:13.023 | INFO     | models.demos.wormhole.stable_diffusion.tt.ttnn_functional_unet_2d_condition_model_new_conv:__call__:491 - Up block 0
2026-05-29 08:16:13.024 | INFO     | models.demos.wormhole.stable_diffusion.tt.ttnn_functional_unet_2d_condition_model_new_conv:__call__:491 - Up block 1
2026-05-29 08:16:13.029 | INFO     | models.demos.wormhole.stable_diffusion.tt.ttnn_functional_unet_2d_condition_model_new_conv:__call__:491 - Up block 2
2026-05-29 08:16:13.037 | INFO     | models.demos.wormhole.stable_diffusion.tt.ttnn_functional_unet_2d_condition_model_new_conv:__call__:491 - Up block 3
2026-05-29 08:16:13.057 | INFO     | models.demos.wormhole.stable_diffusion.tt.ttnn_functional_unet_2d_condition_model_new_conv:__call__:406 - Down block 0
2026-05-29 08:16:13.063 | info     |              Op | act_block_h_override 2 is not a valid override for padded_output_height_ntiles_per_core 7, instead 1 was selected as closest valid option! (conv2d_utils.cpp:401)
2026-05-29 08:16:13.063 | INFO     | models.demos.wormhole.stable_diffusion.tt.ttnn_functional_unet_2d_condition_model_new_conv:__call__:406 - Down block 1
2026-05-29 08:16:13.068 | INFO     | models.demos.wormhole.stable_diffusion.tt.ttnn_functional_unet_2d_condition_model_new_conv:__call__:406 - Down block 2
2026-05-29 08:16:13.072 | INFO     | models.demos.wormhole.stable_diffusion.tt.ttnn_functional_unet_2d_condition_model_new_conv:__call__:406 - Down block 3
2026-05-29 08:16:13.072 | INFO     | models.demos.wormhole.stable_diffusion.tt.ttnn_functional_unet_2d_condition_model_new_conv:__call__:460 - Mid block
2026-05-29 08:16:13.073 | warning  |              Op | Mismatch between computed MemoryConfig(memory_layout=TensorMemoryLayout::BLOCK_SHARDED,buffer_type=BufferType::L1,shard_spec=ShardSpec(grid={[(x=0,y=0) - (x=7,y=3)]},shape={32, 160},orientation=ShardOrientation::ROW_MAJOR),nd_shard_spec=NdShardSpec(shard_shape=Shape([32, 160]),grid={[(x=0,y=0) - (x=7,y=3)]},orientation=ShardOrientation::ROW_MAJOR,shard_distribution_strategy=ShardDistributionStrategy::GRID_2D),created_with_nd_shard_spec=0) and provided MemoryConfig(memory_layout=TensorMemoryLayout::BLOCK_SHARDED,buffer_type=BufferType::L1,shard_spec=ShardSpec(grid={[(x=0,y=0) - (x=7,y=7)]},shape={32, 160},orientation=ShardOrientation::ROW_MAJOR),nd_shard_spec=std::nullopt,created_with_nd_shard_spec=0) mem config. Using computed config. (matmul_op.cpp:1674)
2026-05-29 08:16:13.074 | INFO     | models.demos.wormhole.stable_diffusion.tt.ttnn_functional_unet_2d_condition_model_new_conv:__call__:491 - Up block 0
2026-05-29 08:16:13.076 | INFO     | models.demos.wormhole.stable_diffusion.tt.ttnn_functional_unet_2d_condition_model_new_conv:__call__:491 - Up block 1
2026-05-29 08:16:13.081 | INFO     | models.demos.wormhole.stable_diffusion.tt.ttnn_functional_unet_2d_condition_model_new_conv:__call__:491 - Up block 2
2026-05-29 08:16:13.089 | INFO     | models.demos.wormhole.stable_diffusion.tt.ttnn_functional_unet_2d_condition_model_new_conv:__call__:491 - Up block 3
2026-05-29 08:16:13.109 | INFO     | models.demos.wormhole.stable_diffusion.tt.ttnn_functional_unet_2d_condition_model_new_conv:__call__:406 - Down block 0
2026-05-29 08:16:13.115 | info     |              Op | act_block_h_override 2 is not a valid override for padded_output_height_ntiles_per_core 7, instead 1 was selected as closest valid option! (conv2d_utils.cpp:401)
2026-05-29 08:16:13.115 | INFO     | models.demos.wormhole.stable_diffusion.tt.ttnn_functional_unet_2d_condition_model_new_conv:__call__:406 - Down block 1
2026-05-29 08:16:13.120 | INFO     | models.demos.wormhole.stable_diffusion.tt.ttnn_functional_unet_2d_condition_model_new_conv:__call__:406 - Down block 2
2026-05-29 08:16:13.123 | INFO     | models.demos.wormhole.stable_diffusion.tt.ttnn_functional_unet_2d_condition_model_new_conv:__call__:406 - Down block 3
2026-05-29 08:16:13.124 | INFO     | models.demos.wormhole.stable_diffusion.tt.ttnn_functional_unet_2d_condition_model_new_conv:__call__:460 - Mid block
2026-05-29 08:16:13.125 | warning  |              Op | Mismatch between computed MemoryConfig(memory_layout=TensorMemoryLayout::BLOCK_SHARDED,buffer_type=BufferType::L1,shard_spec=ShardSpec(grid={[(x=0,y=0) - (x=7,y=3)]},shape={32, 160},orientation=ShardOrientation::ROW_MAJOR),nd_shard_spec=NdShardSpec(shard_shape=Shape([32, 160]),grid={[(x=0,y=0) - (x=7,y=3)]},orientation=ShardOrientation::ROW_MAJOR,shard_distribution_strategy=ShardDistributionStrategy::GRID_2D),created_with_nd_shard_spec=0) and provided MemoryConfig(memory_layout=TensorMemoryLayout::BLOCK_SHARDED,buffer_type=BufferType::L1,shard_spec=ShardSpec(grid={[(x=0,y=0) - (x=7,y=7)]},shape={32, 160},orientation=ShardOrientation::ROW_MAJOR),nd_shard_spec=std::nullopt,created_with_nd_shard_spec=0) mem config. Using computed config. (matmul_op.cpp:1674)
2026-05-29 08:16:13.126 | INFO     | models.demos.wormhole.stable_diffusion.tt.ttnn_functional_unet_2d_condition_model_new_conv:__call__:491 - Up block 0
2026-05-29 08:16:13.127 | INFO     | models.demos.wormhole.stable_diffusion.tt.ttnn_functional_unet_2d_condition_model_new_conv:__call__:491 - Up block 1
2026-05-29 08:16:13.132 | INFO     | models.demos.wormhole.stable_diffusion.tt.ttnn_functional_unet_2d_condition_model_new_conv:__call__:491 - Up block 2
2026-05-29 08:16:13.140 | INFO     | models.demos.wormhole.stable_diffusion.tt.ttnn_functional_unet_2d_condition_model_new_conv:__call__:491 - Up block 3
2026-05-29 08:16:13.161 | INFO     | models.demos.wormhole.stable_diffusion.tt.ttnn_functional_unet_2d_condition_model_new_conv:__call__:406 - Down block 0
2026-05-29 08:16:13.167 | info     |              Op | act_block_h_override 2 is not a valid override for padded_output_height_ntiles_per_core 7, instead 1 was selected as closest valid option! (conv2d_utils.cpp:401)
2026-05-29 08:16:13.167 | INFO     | models.demos.wormhole.stable_diffusion.tt.ttnn_functional_unet_2d_condition_model_new_conv:__call__:406 - Down block 1
2026-05-29 08:16:13.173 | INFO     | models.demos.wormhole.stable_diffusion.tt.ttnn_functional_unet_2d_condition_model_new_conv:__call__:406 - Down block 2
2026-05-29 08:16:13.176 | INFO     | models.demos.wormhole.stable_diffusion.tt.ttnn_functional_unet_2d_condition_model_new_conv:__call__:406 - Down block 3
2026-05-29 08:16:13.177 | INFO     | models.demos.wormhole.stable_diffusion.tt.ttnn_functional_unet_2d_condition_model_new_conv:__call__:460 - Mid block
2026-05-29 08:16:13.177 | warning  |              Op | Mismatch between computed MemoryConfig(memory_layout=TensorMemoryLayout::BLOCK_SHARDED,buffer_type=BufferType::L1,shard_spec=ShardSpec(grid={[(x=0,y=0) - (x=7,y=3)]},shape={32, 160},orientation=ShardOrientation::ROW_MAJOR),nd_shard_spec=NdShardSpec(shard_shape=Shape([32, 160]),grid={[(x=0,y=0) - (x=7,y=3)]},orientation=ShardOrientation::ROW_MAJOR,shard_distribution_strategy=ShardDistributionStrategy::GRID_2D),created_with_nd_shard_spec=0) and provided MemoryConfig(memory_layout=TensorMemoryLayout::BLOCK_SHARDED,buffer_type=BufferType::L1,shard_spec=ShardSpec(grid={[(x=0,y=0) - (x=7,y=7)]},shape={32, 160},orientation=ShardOrientation::ROW_MAJOR),nd_shard_spec=std::nullopt,created_with_nd_shard_spec=0) mem config. Using computed config. (matmul_op.cpp:1674)
2026-05-29 08:16:13.179 | INFO     | models.demos.wormhole.stable_diffusion.tt.ttnn_functional_unet_2d_condition_model_new_conv:__call__:491 - Up block 0
2026-05-29 08:16:13.180 | INFO     | models.demos.wormhole.stable_diffusion.tt.ttnn_functional_unet_2d_condition_model_new_conv:__call__:491 - Up block 1
2026-05-29 08:16:13.185 | INFO     | models.demos.wormhole.stable_diffusion.tt.ttnn_functional_unet_2d_condition_model_new_conv:__call__:491 - Up block 2
2026-05-29 08:16:13.193 | INFO     | models.demos.wormhole.stable_diffusion.tt.ttnn_functional_unet_2d_condition_model_new_conv:__call__:491 - Up block 3
  Step 1/41
2026-05-29 08:16:13.216 | INFO     | models.demos.wormhole.stable_diffusion.tt.ttnn_functional_unet_2d_condition_model_new_conv:__call__:406 - Down block 0
2026-05-29 08:16:13.222 | info     |              Op | act_block_h_override 2 is not a valid override for padded_output_height_ntiles_per_core 7, instead 1 was selected as closest valid option! (conv2d_utils.cpp:401)
2026-05-29 08:16:13.222 | INFO     | models.demos.wormhole.stable_diffusion.tt.ttnn_functional_unet_2d_condition_model_new_conv:__call__:406 - Down block 1
2026-05-29 08:16:13.228 | INFO     | models.demos.wormhole.stable_diffusion.tt.ttnn_functional_unet_2d_condition_model_new_conv:__call__:406 - Down block 2
2026-05-29 08:16:13.231 | INFO     | models.demos.wormhole.stable_diffusion.tt.ttnn_functional_unet_2d_condition_model_new_conv:__call__:406 - Down block 3
2026-05-29 08:16:13.232 | INFO     | models.demos.wormhole.stable_diffusion.tt.ttnn_functional_unet_2d_condition_model_new_conv:__call__:460 - Mid block
2026-05-29 08:16:13.232 | warning  |              Op | Mismatch between computed MemoryConfig(memory_layout=TensorMemoryLayout::BLOCK_SHARDED,buffer_type=BufferType::L1,shard_spec=ShardSpec(grid={[(x=0,y=0) - (x=7,y=3)]},shape={32, 160},orientation=ShardOrientation::ROW_MAJOR),nd_shard_spec=NdShardSpec(shard_shape=Shape([32, 160]),grid={[(x=0,y=0) - (x=7,y=3)]},orientation=ShardOrientation::ROW_MAJOR,shard_distribution_strategy=ShardDistributionStrategy::GRID_2D),created_with_nd_shard_spec=0) and provided MemoryConfig(memory_layout=TensorMemoryLayout::BLOCK_SHARDED,buffer_type=BufferType::L1,shard_spec=ShardSpec(grid={[(x=0,y=0) - (x=7,y=7)]},shape={32, 160},orientation=ShardOrientation::ROW_MAJOR),nd_shard_spec=std::nullopt,created_with_nd_shard_spec=0) mem config. Using computed config. (matmul_op.cpp:1674)
2026-05-29 08:16:13.234 | INFO     | models.demos.wormhole.stable_diffusion.tt.ttnn_functional_unet_2d_condition_model_new_conv:__call__:491 - Up block 0
2026-05-29 08:16:13.235 | INFO     | models.demos.wormhole.stable_diffusion.tt.ttnn_functional_unet_2d_condition_model_new_conv:__call__:491 - Up block 1
2026-05-29 08:16:13.240 | INFO     | models.demos.wormhole.stable_diffusion.tt.ttnn_functional_unet_2d_condition_model_new_conv:__call__:491 - Up block 2
2026-05-29 08:16:13.248 | INFO     | models.demos.wormhole.stable_diffusion.tt.ttnn_functional_unet_2d_condition_model_new_conv:__call__:491 - Up block 3
2026-05-29 08:16:13.268 | INFO     | models.demos.wormhole.stable_diffusion.tt.ttnn_functional_unet_2d_condition_model_new_conv:__call__:406 - Down block 0
2026-05-29 08:16:13.274 | info     |              Op | act_block_h_override 2 is not a valid override for padded_output_height_ntiles_per_core 7, instead 1 was selected as closest valid option! (conv2d_utils.cpp:401)
2026-05-29 08:16:13.274 | INFO     | models.demos.wormhole.stable_diffusion.tt.ttnn_functional_unet_2d_condition_model_new_conv:__call__:406 - Down block 1
2026-05-29 08:16:13.280 | INFO     | models.demos.wormhole.stable_diffusion.tt.ttnn_functional_unet_2d_condition_model_new_conv:__call__:406 - Down block 2
2026-05-29 08:16:13.283 | INFO     | models.demos.wormhole.stable_diffusion.tt.ttnn_functional_unet_2d_condition_model_new_conv:__call__:406 - Down block 3
2026-05-29 08:16:13.284 | INFO     | models.demos.wormhole.stable_diffusion.tt.ttnn_functional_unet_2d_condition_model_new_conv:__call__:460 - Mid block
2026-05-29 08:16:13.284 | warning  |              Op | Mismatch between computed MemoryConfig(memory_layout=TensorMemoryLayout::BLOCK_SHARDED,buffer_type=BufferType::L1,shard_spec=ShardSpec(grid={[(x=0,y=0) - (x=7,y=3)]},shape={32, 160},orientation=ShardOrientation::ROW_MAJOR),nd_shard_spec=NdShardSpec(shard_shape=Shape([32, 160]),grid={[(x=0,y=0) - (x=7,y=3)]},orientation=ShardOrientation::ROW_MAJOR,shard_distribution_strategy=ShardDistributionStrategy::GRID_2D),created_with_nd_shard_spec=0) and provided MemoryConfig(memory_layout=TensorMemoryLayout::BLOCK_SHARDED,buffer_type=BufferType::L1,shard_spec=ShardSpec(grid={[(x=0,y=0) - (x=7,y=7)]},shape={32, 160},orientation=ShardOrientation::ROW_MAJOR),nd_shard_spec=std::nullopt,created_with_nd_shard_spec=0) mem config. Using computed config. (matmul_op.cpp:1674)
2026-05-29 08:16:13.286 | INFO     | models.demos.wormhole.stable_diffusion.tt.ttnn_functional_unet_2d_condition_model_new_conv:__call__:491 - Up block 0
2026-05-29 08:16:13.287 | INFO     | models.demos.wormhole.stable_diffusion.tt.ttnn_functional_unet_2d_condition_model_new_conv:__call__:491 - Up block 1
2026-05-29 08:16:13.292 | INFO     | models.demos.wormhole.stable_diffusion.tt.ttnn_functional_unet_2d_condition_model_new_conv:__call__:491 - Up block 2
2026-05-29 08:16:13.300 | INFO     | models.demos.wormhole.stable_diffusion.tt.ttnn_functional_unet_2d_condition_model_new_conv:__call__:491 - Up block 3
2026-05-29 08:16:13.320 | INFO     | models.demos.wormhole.stable_diffusion.tt.ttnn_functional_unet_2d_condition_model_new_conv:__call__:406 - Down block 0
2026-05-29 08:16:13.326 | info     |              Op | act_block_h_override 2 is not a valid override for padded_output_height_ntiles_per_core 7, instead 1 was selected as closest valid option! (conv2d_utils.cpp:401)
2026-05-29 08:16:13.326 | INFO     | models.demos.wormhole.stable_diffusion.tt.ttnn_functional_unet_2d_condition_model_new_conv:__call__:406 - Down block 1
2026-05-29 08:16:13.331 | INFO     | models.demos.wormhole.stable_diffusion.tt.ttnn_functional_unet_2d_condition_model_new_conv:__call__:406 - Down block 2
2026-05-29 08:16:13.334 | INFO     | models.demos.wormhole.stable_diffusion.tt.ttnn_functional_unet_2d_condition_model_new_conv:__call__:406 - Down block 3
2026-05-29 08:16:13.335 | INFO     | models.demos.wormhole.stable_diffusion.tt.ttnn_functional_unet_2d_condition_model_new_conv:__call__:460 - Mid block
2026-05-29 08:16:13.336 | warning  |              Op | Mismatch between computed MemoryConfig(memory_layout=TensorMemoryLayout::BLOCK_SHARDED,buffer_type=BufferType::L1,shard_spec=ShardSpec(grid={[(x=0,y=0) - (x=7,y=3)]},shape={32, 160},orientation=ShardOrientation::ROW_MAJOR),nd_shard_spec=NdShardSpec(shard_shape=Shape([32, 160]),grid={[(x=0,y=0) - (x=7,y=3)]},orientation=ShardOrientation::ROW_MAJOR,shard_distribution_strategy=ShardDistributionStrategy::GRID_2D),created_with_nd_shard_spec=0) and provided MemoryConfig(memory_layout=TensorMemoryLayout::BLOCK_SHARDED,buffer_type=BufferType::L1,shard_spec=ShardSpec(grid={[(x=0,y=0) - (x=7,y=7)]},shape={32, 160},orientation=ShardOrientation::ROW_MAJOR),nd_shard_spec=std::nullopt,created_with_nd_shard_spec=0) mem config. Using computed config. (matmul_op.cpp:1674)
2026-05-29 08:16:13.337 | INFO     | models.demos.wormhole.stable_diffusion.tt.ttnn_functional_unet_2d_condition_model_new_conv:__call__:491 - Up block 0
2026-05-29 08:16:13.338 | INFO     | models.demos.wormhole.stable_diffusion.tt.ttnn_functional_unet_2d_condition_model_new_conv:__call__:491 - Up block 1
2026-05-29 08:16:13.343 | INFO     | models.demos.wormhole.stable_diffusion.tt.ttnn_functional_unet_2d_condition_model_new_conv:__call__:491 - Up block 2
2026-05-29 08:16:13.351 | INFO     | models.demos.wormhole.stable_diffusion.tt.ttnn_functional_unet_2d_condition_model_new_conv:__call__:491 - Up block 3
2026-05-29 08:16:13.372 | INFO     | models.demos.wormhole.stable_diffusion.tt.ttnn_functional_unet_2d_condition_model_new_conv:__call__:406 - Down block 0
2026-05-29 08:16:13.378 | info     |              Op | act_block_h_override 2 is not a valid override for padded_output_height_ntiles_per_core 7, instead 1 was selected as closest valid option! (conv2d_utils.cpp:401)
2026-05-29 08:16:13.378 | INFO     | models.demos.wormhole.stable_diffusion.tt.ttnn_functional_unet_2d_condition_model_new_conv:__call__:406 - Down block 1
2026-05-29 08:16:13.383 | INFO     | models.demos.wormhole.stable_diffusion.tt.ttnn_functional_unet_2d_condition_model_new_conv:__call__:406 - Down block 2
2026-05-29 08:16:13.387 | INFO     | models.demos.wormhole.stable_diffusion.tt.ttnn_functional_unet_2d_condition_model_new_conv:__call__:406 - Down block 3
2026-05-29 08:16:13.387 | INFO     | models.demos.wormhole.stable_diffusion.tt.ttnn_functional_unet_2d_condition_model_new_conv:__call__:460 - Mid block
2026-05-29 08:16:13.388 | warning  |              Op | Mismatch between computed MemoryConfig(memory_layout=TensorMemoryLayout::BLOCK_SHARDED,buffer_type=BufferType::L1,shard_spec=ShardSpec(grid={[(x=0,y=0) - (x=7,y=3)]},shape={32, 160},orientation=ShardOrientation::ROW_MAJOR),nd_shard_spec=NdShardSpec(shard_shape=Shape([32, 160]),grid={[(x=0,y=0) - (x=7,y=3)]},orientation=ShardOrientation::ROW_MAJOR,shard_distribution_strategy=ShardDistributionStrategy::GRID_2D),created_with_nd_shard_spec=0) and provided MemoryConfig(memory_layout=TensorMemoryLayout::BLOCK_SHARDED,buffer_type=BufferType::L1,shard_spec=ShardSpec(grid={[(x=0,y=0) - (x=7,y=7)]},shape={32, 160},orientation=ShardOrientation::ROW_MAJOR),nd_shard_spec=std::nullopt,created_with_nd_shard_spec=0) mem config. Using computed config. (matmul_op.cpp:1674)
2026-05-29 08:16:13.389 | INFO     | models.demos.wormhole.stable_diffusion.tt.ttnn_functional_unet_2d_condition_model_new_conv:__call__:491 - Up block 0
2026-05-29 08:16:13.390 | INFO     | models.demos.wormhole.stable_diffusion.tt.ttnn_functional_unet_2d_condition_model_new_conv:__call__:491 - Up block 1
2026-05-29 08:16:13.395 | INFO     | models.demos.wormhole.stable_diffusion.tt.ttnn_functional_unet_2d_condition_model_new_conv:__call__:491 - Up block 2
2026-05-29 08:16:13.403 | INFO     | models.demos.wormhole.stable_diffusion.tt.ttnn_functional_unet_2d_condition_model_new_conv:__call__:491 - Up block 3
2026-05-29 08:16:13.424 | INFO     | models.demos.wormhole.stable_diffusion.tt.ttnn_functional_unet_2d_condition_model_new_conv:__call__:406 - Down block 0
2026-05-29 08:16:13.430 | info     |              Op | act_block_h_override 2 is not a valid override for padded_output_height_ntiles_per_core 7, instead 1 was selected as closest valid option! (conv2d_utils.cpp:401)
2026-05-29 08:16:13.430 | INFO     | models.demos.wormhole.stable_diffusion.tt.ttnn_functional_unet_2d_condition_model_new_conv:__call__:406 - Down block 1
2026-05-29 08:16:13.435 | INFO     | models.demos.wormhole.stable_diffusion.tt.ttnn_functional_unet_2d_condition_model_new_conv:__call__:406 - Down block 2
2026-05-29 08:16:13.438 | INFO     | models.demos.wormhole.stable_diffusion.tt.ttnn_functional_unet_2d_condition_model_new_conv:__call__:406 - Down block 3
2026-05-29 08:16:13.439 | INFO     | models.demos.wormhole.stable_diffusion.tt.ttnn_functional_unet_2d_condition_model_new_conv:__call__:460 - Mid block
2026-05-29 08:16:13.439 | warning  |              Op | Mismatch between computed MemoryConfig(memory_layout=TensorMemoryLayout::BLOCK_SHARDED,buffer_type=BufferType::L1,shard_spec=ShardSpec(grid={[(x=0,y=0) - (x=7,y=3)]},shape={32, 160},orientation=ShardOrientation::ROW_MAJOR),nd_shard_spec=NdShardSpec(shard_shape=Shape([32, 160]),grid={[(x=0,y=0) - (x=7,y=3)]},orientation=ShardOrientation::ROW_MAJOR,shard_distribution_strategy=ShardDistributionStrategy::GRID_2D),created_with_nd_shard_spec=0) and provided MemoryConfig(memory_layout=TensorMemoryLayout::BLOCK_SHARDED,buffer_type=BufferType::L1,shard_spec=ShardSpec(grid={[(x=0,y=0) - (x=7,y=7)]},shape={32, 160},orientation=ShardOrientation::ROW_MAJOR),nd_shard_spec=std::nullopt,created_with_nd_shard_spec=0) mem config. Using computed config. (matmul_op.cpp:1674)
2026-05-29 08:16:13.441 | INFO     | models.demos.wormhole.stable_diffusion.tt.ttnn_functional_unet_2d_condition_model_new_conv:__call__:491 - Up block 0
2026-05-29 08:16:13.442 | INFO     | models.demos.wormhole.stable_diffusion.tt.ttnn_functional_unet_2d_condition_model_new_conv:__call__:491 - Up block 1
2026-05-29 08:16:13.447 | INFO     | models.demos.wormhole.stable_diffusion.tt.ttnn_functional_unet_2d_condition_model_new_conv:__call__:491 - Up block 2
2026-05-29 08:16:13.455 | INFO     | models.demos.wormhole.stable_diffusion.tt.ttnn_functional_unet_2d_condition_model_new_conv:__call__:491 - Up block 3
2026-05-29 08:16:13.476 | INFO     | models.demos.wormhole.stable_diffusion.tt.ttnn_functional_unet_2d_condition_model_new_conv:__call__:406 - Down block 0
2026-05-29 08:16:13.481 | info     |              Op | act_block_h_override 2 is not a valid override for padded_output_height_ntiles_per_core 7, instead 1 was selected as closest valid option! (conv2d_utils.cpp:401)
2026-05-29 08:16:13.481 | INFO     | models.demos.wormhole.stable_diffusion.tt.ttnn_functional_unet_2d_condition_model_new_conv:__call__:406 - Down block 1
2026-05-29 08:16:13.487 | INFO     | models.demos.wormhole.stable_diffusion.tt.ttnn_functional_unet_2d_condition_model_new_conv:__call__:406 - Down block 2
2026-05-29 08:16:13.490 | INFO     | models.demos.wormhole.stable_diffusion.tt.ttnn_functional_unet_2d_condition_model_new_conv:__call__:406 - Down block 3
2026-05-29 08:16:13.491 | INFO     | models.demos.wormhole.stable_diffusion.tt.ttnn_functional_unet_2d_condition_model_new_conv:__call__:460 - Mid block
2026-05-29 08:16:13.491 | warning  |              Op | Mismatch between computed MemoryConfig(memory_layout=TensorMemoryLayout::BLOCK_SHARDED,buffer_type=BufferType::L1,shard_spec=ShardSpec(grid={[(x=0,y=0) - (x=7,y=3)]},shape={32, 160},orientation=ShardOrientation::ROW_MAJOR),nd_shard_spec=NdShardSpec(shard_shape=Shape([32, 160]),grid={[(x=0,y=0) - (x=7,y=3)]},orientation=ShardOrientation::ROW_MAJOR,shard_distribution_strategy=ShardDistributionStrategy::GRID_2D),created_with_nd_shard_spec=0) and provided MemoryConfig(memory_layout=TensorMemoryLayout::BLOCK_SHARDED,buffer_type=BufferType::L1,shard_spec=ShardSpec(grid={[(x=0,y=0) - (x=7,y=7)]},shape={32, 160},orientation=ShardOrientation::ROW_MAJOR),nd_shard_spec=std::nullopt,created_with_nd_shard_spec=0) mem config. Using computed config. (matmul_op.cpp:1674)
2026-05-29 08:16:13.493 | INFO     | models.demos.wormhole.stable_diffusion.tt.ttnn_functional_unet_2d_condition_model_new_conv:__call__:491 - Up block 0
2026-05-29 08:16:13.494 | INFO     | models.demos.wormhole.stable_diffusion.tt.ttnn_functional_unet_2d_condition_model_new_conv:__call__:491 - Up block 1
2026-05-29 08:16:13.499 | INFO     | models.demos.wormhole.stable_diffusion.tt.ttnn_functional_unet_2d_condition_model_new_conv:__call__:491 - Up block 2
2026-05-29 08:16:13.507 | INFO     | models.demos.wormhole.stable_diffusion.tt.ttnn_functional_unet_2d_condition_model_new_conv:__call__:491 - Up block 3
2026-05-29 08:16:13.528 | INFO     | models.demos.wormhole.stable_diffusion.tt.ttnn_functional_unet_2d_condition_model_new_conv:__call__:406 - Down block 0
2026-05-29 08:16:13.533 | info     |              Op | act_block_h_override 2 is not a valid override for padded_output_height_ntiles_per_core 7, instead 1 was selected as closest valid option! (conv2d_utils.cpp:401)
2026-05-29 08:16:13.533 | INFO     | models.demos.wormhole.stable_diffusion.tt.ttnn_functional_unet_2d_condition_model_new_conv:__call__:406 - Down block 1
2026-05-29 08:16:13.539 | INFO     | models.demos.wormhole.stable_diffusion.tt.ttnn_functional_unet_2d_condition_model_new_conv:__call__:406 - Down block 2
2026-05-29 08:16:13.543 | INFO     | models.demos.wormhole.stable_diffusion.tt.ttnn_functional_unet_2d_condition_model_new_conv:__call__:406 - Down block 3
2026-05-29 08:16:13.543 | INFO     | models.demos.wormhole.stable_diffusion.tt.ttnn_functional_unet_2d_condition_model_new_conv:__call__:460 - Mid block
2026-05-29 08:16:13.544 | warning  |              Op | Mismatch between computed MemoryConfig(memory_layout=TensorMemoryLayout::BLOCK_SHARDED,buffer_type=BufferType::L1,shard_spec=ShardSpec(grid={[(x=0,y=0) - (x=7,y=3)]},shape={32, 160},orientation=ShardOrientation::ROW_MAJOR),nd_shard_spec=NdShardSpec(shard_shape=Shape([32, 160]),grid={[(x=0,y=0) - (x=7,y=3)]},orientation=ShardOrientation::ROW_MAJOR,shard_distribution_strategy=ShardDistributionStrategy::GRID_2D),created_with_nd_shard_spec=0) and provided MemoryConfig(memory_layout=TensorMemoryLayout::BLOCK_SHARDED,buffer_type=BufferType::L1,shard_spec=ShardSpec(grid={[(x=0,y=0) - (x=7,y=7)]},shape={32, 160},orientation=ShardOrientation::ROW_MAJOR),nd_shard_spec=std::nullopt,created_with_nd_shard_spec=0) mem config. Using computed config. (matmul_op.cpp:1674)
2026-05-29 08:16:13.545 | INFO     | models.demos.wormhole.stable_diffusion.tt.ttnn_functional_unet_2d_condition_model_new_conv:__call__:491 - Up block 0
2026-05-29 08:16:13.546 | INFO     | models.demos.wormhole.stable_diffusion.tt.ttnn_functional_unet_2d_condition_model_new_conv:__call__:491 - Up block 1
2026-05-29 08:16:13.551 | INFO     | models.demos.wormhole.stable_diffusion.tt.ttnn_functional_unet_2d_condition_model_new_conv:__call__:491 - Up block 2
2026-05-29 08:16:13.559 | INFO     | models.demos.wormhole.stable_diffusion.tt.ttnn_functional_unet_2d_condition_model_new_conv:__call__:491 - Up block 3
2026-05-29 08:16:13.579 | INFO     | models.demos.wormhole.stable_diffusion.tt.ttnn_functional_unet_2d_condition_model_new_conv:__call__:406 - Down block 0
2026-05-29 08:16:13.585 | info     |              Op | act_block_h_override 2 is not a valid override for padded_output_height_ntiles_per_core 7, instead 1 was selected as closest valid option! (conv2d_utils.cpp:401)
2026-05-29 08:16:13.585 | INFO     | models.demos.wormhole.stable_diffusion.tt.ttnn_functional_unet_2d_condition_model_new_conv:__call__:406 - Down block 1
2026-05-29 08:16:13.591 | INFO     | models.demos.wormhole.stable_diffusion.tt.ttnn_functional_unet_2d_condition_model_new_conv:__call__:406 - Down block 2
2026-05-29 08:16:13.594 | INFO     | models.demos.wormhole.stable_diffusion.tt.ttnn_functional_unet_2d_condition_model_new_conv:__call__:406 - Down block 3
2026-05-29 08:16:13.595 | INFO     | models.demos.wormhole.stable_diffusion.tt.ttnn_functional_unet_2d_condition_model_new_conv:__call__:460 - Mid block
2026-05-29 08:16:13.595 | warning  |              Op | Mismatch between computed MemoryConfig(memory_layout=TensorMemoryLayout::BLOCK_SHARDED,buffer_type=BufferType::L1,shard_spec=ShardSpec(grid={[(x=0,y=0) - (x=7,y=3)]},shape={32, 160},orientation=ShardOrientation::ROW_MAJOR),nd_shard_spec=NdShardSpec(shard_shape=Shape([32, 160]),grid={[(x=0,y=0) - (x=7,y=3)]},orientation=ShardOrientation::ROW_MAJOR,shard_distribution_strategy=ShardDistributionStrategy::GRID_2D),created_with_nd_shard_spec=0) and provided MemoryConfig(memory_layout=TensorMemoryLayout::BLOCK_SHARDED,buffer_type=BufferType::L1,shard_spec=ShardSpec(grid={[(x=0,y=0) - (x=7,y=7)]},shape={32, 160},orientation=ShardOrientation::ROW_MAJOR),nd_shard_spec=std::nullopt,created_with_nd_shard_spec=0) mem config. Using computed config. (matmul_op.cpp:1674)
2026-05-29 08:16:13.597 | INFO     | models.demos.wormhole.stable_diffusion.tt.ttnn_functional_unet_2d_condition_model_new_conv:__call__:491 - Up block 0
2026-05-29 08:16:13.598 | INFO     | models.demos.wormhole.stable_diffusion.tt.ttnn_functional_unet_2d_condition_model_new_conv:__call__:491 - Up block 1
2026-05-29 08:16:13.603 | INFO     | models.demos.wormhole.stable_diffusion.tt.ttnn_functional_unet_2d_condition_model_new_conv:__call__:491 - Up block 2
2026-05-29 08:16:13.611 | INFO     | models.demos.wormhole.stable_diffusion.tt.ttnn_functional_unet_2d_condition_model_new_conv:__call__:491 - Up block 3
  Step 2/41
2026-05-29 08:16:13.633 | INFO     | models.demos.wormhole.stable_diffusion.tt.ttnn_functional_unet_2d_condition_model_new_conv:__call__:406 - Down block 0
2026-05-29 08:16:13.640 | info     |              Op | act_block_h_override 2 is not a valid override for padded_output_height_ntiles_per_core 7, instead 1 was selected as closest valid option! (conv2d_utils.cpp:401)
2026-05-29 08:16:13.640 | INFO     | models.demos.wormhole.stable_diffusion.tt.ttnn_functional_unet_2d_condition_model_new_conv:__call__:406 - Down block 1
2026-05-29 08:16:13.646 | INFO     | models.demos.wormhole.stable_diffusion.tt.ttnn_functional_unet_2d_condition_model_new_conv:__call__:406 - Down block 2
2026-05-29 08:16:13.650 | INFO     | models.demos.wormhole.stable_diffusion.tt.ttnn_functional_unet_2d_condition_model_new_conv:__call__:406 - Down block 3
2026-05-29 08:16:13.650 | INFO     | models.demos.wormhole.stable_diffusion.tt.ttnn_functional_unet_2d_condition_model_new_conv:__call__:460 - Mid block
2026-05-29 08:16:13.651 | warning  |              Op | Mismatch between computed MemoryConfig(memory_layout=TensorMemoryLayout::BLOCK_SHARDED,buffer_type=BufferType::L1,shard_spec=ShardSpec(grid={[(x=0,y=0) - (x=7,y=3)]},shape={32, 160},orientation=ShardOrientation::ROW_MAJOR),nd_shard_spec=NdShardSpec(shard_shape=Shape([32, 160]),grid={[(x=0,y=0) - (x=7,y=3)]},orientation=ShardOrientation::ROW_MAJOR,shard_distribution_strategy=ShardDistributionStrategy::GRID_2D),created_with_nd_shard_spec=0) and provided MemoryConfig(memory_layout=TensorMemoryLayout::BLOCK_SHARDED,buffer_type=BufferType::L1,shard_spec=ShardSpec(grid={[(x=0,y=0) - (x=7,y=7)]},shape={32, 160},orientation=ShardOrientation::ROW_MAJOR),nd_shard_spec=std::nullopt,created_with_nd_shard_spec=0) mem config. Using computed config. (matmul_op.cpp:1674)
2026-05-29 08:16:13.652 | INFO     | models.demos.wormhole.stable_diffusion.tt.ttnn_functional_unet_2d_condition_model_new_conv:__call__:491 - Up block 0
2026-05-29 08:16:13.654 | INFO     | models.demos.wormhole.stable_diffusion.tt.ttnn_functional_unet_2d_condition_model_new_conv:__call__:491 - Up block 1
2026-05-29 08:16:13.659 | INFO     | models.demos.wormhole.stable_diffusion.tt.ttnn_functional_unet_2d_condition_model_new_conv:__call__:491 - Up block 2
2026-05-29 08:16:13.668 | INFO     | models.demos.wormhole.stable_diffusion.tt.ttnn_functional_unet_2d_condition_model_new_conv:__call__:491 - Up block 3
2026-05-29 08:16:13.688 | INFO     | models.demos.wormhole.stable_diffusion.tt.ttnn_functional_unet_2d_condition_model_new_conv:__call__:406 - Down block 0
2026-05-29 08:16:13.694 | info     |              Op | act_block_h_override 2 is not a valid override for padded_output_height_ntiles_per_core 7, instead 1 was selected as closest valid option! (conv2d_utils.cpp:401)
2026-05-29 08:16:13.694 | INFO     | models.demos.wormhole.stable_diffusion.tt.ttnn_functional_unet_2d_condition_model_new_conv:__call__:406 - Down block 1
2026-05-29 08:16:13.700 | INFO     | models.demos.wormhole.stable_diffusion.tt.ttnn_functional_unet_2d_condition_model_new_conv:__call__:406 - Down block 2
2026-05-29 08:16:13.703 | INFO     | models.demos.wormhole.stable_diffusion.tt.ttnn_functional_unet_2d_condition_model_new_conv:__call__:406 - Down block 3
2026-05-29 08:16:13.704 | INFO     | models.demos.wormhole.stable_diffusion.tt.ttnn_functional_unet_2d_condition_model_new_conv:__call__:460 - Mid block
2026-05-29 08:16:13.704 | warning  |              Op | Mismatch between computed MemoryConfig(memory_layout=TensorMemoryLayout::BLOCK_SHARDED,buffer_type=BufferType::L1,shard_spec=ShardSpec(grid={[(x=0,y=0) - (x=7,y=3)]},shape={32, 160},orientation=ShardOrientation::ROW_MAJOR),nd_shard_spec=NdShardSpec(shard_shape=Shape([32, 160]),grid={[(x=0,y=0) - (x=7,y=3)]},orientation=ShardOrientation::ROW_MAJOR,shard_distribution_strategy=ShardDistributionStrategy::GRID_2D),created_with_nd_shard_spec=0) and provided MemoryConfig(memory_layout=TensorMemoryLayout::BLOCK_SHARDED,buffer_type=BufferType::L1,shard_spec=ShardSpec(grid={[(x=0,y=0) - (x=7,y=7)]},shape={32, 160},orientation=ShardOrientation::ROW_MAJOR),nd_shard_spec=std::nullopt,created_with_nd_shard_spec=0) mem config. Using computed config. (matmul_op.cpp:1674)
2026-05-29 08:16:13.706 | INFO     | models.demos.wormhole.stable_diffusion.tt.ttnn_functional_unet_2d_condition_model_new_conv:__call__:491 - Up block 0
2026-05-29 08:16:13.707 | INFO     | models.demos.wormhole.stable_diffusion.tt.ttnn_functional_unet_2d_condition_model_new_conv:__call__:491 - Up block 1
2026-05-29 08:16:13.712 | INFO     | models.demos.wormhole.stable_diffusion.tt.ttnn_functional_unet_2d_condition_model_new_conv:__call__:491 - Up block 2
2026-05-29 08:16:13.721 | INFO     | models.demos.wormhole.stable_diffusion.tt.ttnn_functional_unet_2d_condition_model_new_conv:__call__:491 - Up block 3
2026-05-29 08:16:13.741 | INFO     | models.demos.wormhole.stable_diffusion.tt.ttnn_functional_unet_2d_condition_model_new_conv:__call__:406 - Down block 0
2026-05-29 08:16:13.746 | info     |              Op | act_block_h_override 2 is not a valid override for padded_output_height_ntiles_per_core 7, instead 1 was selected as closest valid option! (conv2d_utils.cpp:401)
2026-05-29 08:16:13.747 | INFO     | models.demos.wormhole.stable_diffusion.tt.ttnn_functional_unet_2d_condition_model_new_conv:__call__:406 - Down block 1
2026-05-29 08:16:13.753 | INFO     | models.demos.wormhole.stable_diffusion.tt.ttnn_functional_unet_2d_condition_model_new_conv:__call__:406 - Down block 2
2026-05-29 08:16:13.756 | INFO     | models.demos.wormhole.stable_diffusion.tt.ttnn_functional_unet_2d_condition_model_new_conv:__call__:406 - Down block 3
2026-05-29 08:16:13.757 | INFO     | models.demos.wormhole.stable_diffusion.tt.ttnn_functional_unet_2d_condition_model_new_conv:__call__:460 - Mid block
2026-05-29 08:16:13.758 | warning  |              Op | Mismatch between computed MemoryConfig(memory_layout=TensorMemoryLayout::BLOCK_SHARDED,buffer_type=BufferType::L1,shard_spec=ShardSpec(grid={[(x=0,y=0) - (x=7,y=3)]},shape={32, 160},orientation=ShardOrientation::ROW_MAJOR),nd_shard_spec=NdShardSpec(shard_shape=Shape([32, 160]),grid={[(x=0,y=0) - (x=7,y=3)]},orientation=ShardOrientation::ROW_MAJOR,shard_distribution_strategy=ShardDistributionStrategy::GRID_2D),created_with_nd_shard_spec=0) and provided MemoryConfig(memory_layout=TensorMemoryLayout::BLOCK_SHARDED,buffer_type=BufferType::L1,shard_spec=ShardSpec(grid={[(x=0,y=0) - (x=7,y=7)]},shape={32, 160},orientation=ShardOrientation::ROW_MAJOR),nd_shard_spec=std::nullopt,created_with_nd_shard_spec=0) mem config. Using computed config. (matmul_op.cpp:1674)
2026-05-29 08:16:13.759 | INFO     | models.demos.wormhole.stable_diffusion.tt.ttnn_functional_unet_2d_condition_model_new_conv:__call__:491 - Up block 0
2026-05-29 08:16:13.760 | INFO     | models.demos.wormhole.stable_diffusion.tt.ttnn_functional_unet_2d_condition_model_new_conv:__call__:491 - Up block 1
2026-05-29 08:16:13.766 | INFO     | models.demos.wormhole.stable_diffusion.tt.ttnn_functional_unet_2d_condition_model_new_conv:__call__:491 - Up block 2
2026-05-29 08:16:13.775 | INFO     | models.demos.wormhole.stable_diffusion.tt.ttnn_functional_unet_2d_condition_model_new_conv:__call__:491 - Up block 3
2026-05-29 08:16:13.795 | INFO     | models.demos.wormhole.stable_diffusion.tt.ttnn_functional_unet_2d_condition_model_new_conv:__call__:406 - Down block 0
2026-05-29 08:16:13.801 | info     |              Op | act_block_h_override 2 is not a valid override for padded_output_height_ntiles_per_core 7, instead 1 was selected as closest valid option! (conv2d_utils.cpp:401)
2026-05-29 08:16:13.801 | INFO     | models.demos.wormhole.stable_diffusion.tt.ttnn_functional_unet_2d_condition_model_new_conv:__call__:406 - Down block 1
2026-05-29 08:16:13.807 | INFO     | models.demos.wormhole.stable_diffusion.tt.ttnn_functional_unet_2d_condition_model_new_conv:__call__:406 - Down block 2
2026-05-29 08:16:13.810 | INFO     | models.demos.wormhole.stable_diffusion.tt.ttnn_functional_unet_2d_condition_model_new_conv:__call__:406 - Down block 3
2026-05-29 08:16:13.811 | INFO     | models.demos.wormhole.stable_diffusion.tt.ttnn_functional_unet_2d_condition_model_new_conv:__call__:460 - Mid block
2026-05-29 08:16:13.811 | warning  |              Op | Mismatch between computed MemoryConfig(memory_layout=TensorMemoryLayout::BLOCK_SHARDED,buffer_type=BufferType::L1,shard_spec=ShardSpec(grid={[(x=0,y=0) - (x=7,y=3)]},shape={32, 160},orientation=ShardOrientation::ROW_MAJOR),nd_shard_spec=NdShardSpec(shard_shape=Shape([32, 160]),grid={[(x=0,y=0) - (x=7,y=3)]},orientation=ShardOrientation::ROW_MAJOR,shard_distribution_strategy=ShardDistributionStrategy::GRID_2D),created_with_nd_shard_spec=0) and provided MemoryConfig(memory_layout=TensorMemoryLayout::BLOCK_SHARDED,buffer_type=BufferType::L1,shard_spec=ShardSpec(grid={[(x=0,y=0) - (x=7,y=7)]},shape={32, 160},orientation=ShardOrientation::ROW_MAJOR),nd_shard_spec=std::nullopt,created_with_nd_shard_spec=0) mem config. Using computed config. (matmul_op.cpp:1674)
2026-05-29 08:16:13.813 | INFO     | models.demos.wormhole.stable_diffusion.tt.ttnn_functional_unet_2d_condition_model_new_conv:__call__:491 - Up block 0
2026-05-29 08:16:13.814 | INFO     | models.demos.wormhole.stable_diffusion.tt.ttnn_functional_unet_2d_condition_model_new_conv:__call__:491 - Up block 1
2026-05-29 08:16:13.819 | INFO     | models.demos.wormhole.stable_diffusion.tt.ttnn_functional_unet_2d_condition_model_new_conv:__call__:491 - Up block 2
2026-05-29 08:16:13.828 | INFO     | models.demos.wormhole.stable_diffusion.tt.ttnn_functional_unet_2d_condition_model_new_conv:__call__:491 - Up block 3
2026-05-29 08:16:13.848 | INFO     | models.demos.wormhole.stable_diffusion.tt.ttnn_functional_unet_2d_condition_model_new_conv:__call__:406 - Down block 0
2026-05-29 08:16:13.855 | info     |              Op | act_block_h_override 2 is not a valid override for padded_output_height_ntiles_per_core 7, instead 1 was selected as closest valid option! (conv2d_utils.cpp:401)
2026-05-29 08:16:13.855 | INFO     | models.demos.wormhole.stable_diffusion.tt.ttnn_functional_unet_2d_condition_model_new_conv:__call__:406 - Down block 1
2026-05-29 08:16:13.861 | INFO     | models.demos.wormhole.stable_diffusion.tt.ttnn_functional_unet_2d_condition_model_new_conv:__call__:406 - Down block 2
2026-05-29 08:16:13.865 | INFO     | models.demos.wormhole.stable_diffusion.tt.ttnn_functional_unet_2d_condition_model_new_conv:__call__:406 - Down block 3
2026-05-29 08:16:13.866 | INFO     | models.demos.wormhole.stable_diffusion.tt.ttnn_functional_unet_2d_condition_model_new_conv:__call__:460 - Mid block
2026-05-29 08:16:13.866 | warning  |              Op | Mismatch between computed MemoryConfig(memory_layout=TensorMemoryLayout::BLOCK_SHARDED,buffer_type=BufferType::L1,shard_spec=ShardSpec(grid={[(x=0,y=0) - (x=7,y=3)]},shape={32, 160},orientation=ShardOrientation::ROW_MAJOR),nd_shard_spec=NdShardSpec(shard_shape=Shape([32, 160]),grid={[(x=0,y=0) - (x=7,y=3)]},orientation=ShardOrientation::ROW_MAJOR,shard_distribution_strategy=ShardDistributionStrategy::GRID_2D),created_with_nd_shard_spec=0) and provided MemoryConfig(memory_layout=TensorMemoryLayout::BLOCK_SHARDED,buffer_type=BufferType::L1,shard_spec=ShardSpec(grid={[(x=0,y=0) - (x=7,y=7)]},shape={32, 160},orientation=ShardOrientation::ROW_MAJOR),nd_shard_spec=std::nullopt,created_with_nd_shard_spec=0) mem config. Using computed config. (matmul_op.cpp:1674)
2026-05-29 08:16:13.868 | INFO     | models.demos.wormhole.stable_diffusion.tt.ttnn_functional_unet_2d_condition_model_new_conv:__call__:491 - Up block 0
2026-05-29 08:16:13.869 | INFO     | models.demos.wormhole.stable_diffusion.tt.ttnn_functional_unet_2d_condition_model_new_conv:__call__:491 - Up block 1
2026-05-29 08:16:13.874 | INFO     | models.demos.wormhole.stable_diffusion.tt.ttnn_functional_unet_2d_condition_model_new_conv:__call__:491 - Up block 2
2026-05-29 08:16:13.883 | INFO     | models.demos.wormhole.stable_diffusion.tt.ttnn_functional_unet_2d_condition_model_new_conv:__call__:491 - Up block 3
2026-05-29 08:16:13.903 | INFO     | models.demos.wormhole.stable_diffusion.tt.ttnn_functional_unet_2d_condition_model_new_conv:__call__:406 - Down block 0
2026-05-29 08:16:13.909 | info     |              Op | act_block_h_override 2 is not a valid override for padded_output_height_ntiles_per_core 7, instead 1 was selected as closest valid option! (conv2d_utils.cpp:401)
2026-05-29 08:16:13.909 | INFO     | models.demos.wormhole.stable_diffusion.tt.ttnn_functional_unet_2d_condition_model_new_conv:__call__:406 - Down block 1
2026-05-29 08:16:13.915 | INFO     | models.demos.wormhole.stable_diffusion.tt.ttnn_functional_unet_2d_condition_model_new_conv:__call__:406 - Down block 2
2026-05-29 08:16:13.918 | INFO     | models.demos.wormhole.stable_diffusion.tt.ttnn_functional_unet_2d_condition_model_new_conv:__call__:406 - Down block 3
2026-05-29 08:16:13.919 | INFO     | models.demos.wormhole.stable_diffusion.tt.ttnn_functional_unet_2d_condition_model_new_conv:__call__:460 - Mid block
2026-05-29 08:16:13.919 | warning  |              Op | Mismatch between computed MemoryConfig(memory_layout=TensorMemoryLayout::BLOCK_SHARDED,buffer_type=BufferType::L1,shard_spec=ShardSpec(grid={[(x=0,y=0) - (x=7,y=3)]},shape={32, 160},orientation=ShardOrientation::ROW_MAJOR),nd_shard_spec=NdShardSpec(shard_shape=Shape([32, 160]),grid={[(x=0,y=0) - (x=7,y=3)]},orientation=ShardOrientation::ROW_MAJOR,shard_distribution_strategy=ShardDistributionStrategy::GRID_2D),created_with_nd_shard_spec=0) and provided MemoryConfig(memory_layout=TensorMemoryLayout::BLOCK_SHARDED,buffer_type=BufferType::L1,shard_spec=ShardSpec(grid={[(x=0,y=0) - (x=7,y=7)]},shape={32, 160},orientation=ShardOrientation::ROW_MAJOR),nd_shard_spec=std::nullopt,created_with_nd_shard_spec=0) mem config. Using computed config. (matmul_op.cpp:1674)
2026-05-29 08:16:13.921 | INFO     | models.demos.wormhole.stable_diffusion.tt.ttnn_functional_unet_2d_condition_model_new_conv:__call__:491 - Up block 0
2026-05-29 08:16:13.922 | INFO     | models.demos.wormhole.stable_diffusion.tt.ttnn_functional_unet_2d_condition_model_new_conv:__call__:491 - Up block 1
2026-05-29 08:16:13.927 | INFO     | models.demos.wormhole.stable_diffusion.tt.ttnn_functional_unet_2d_condition_model_new_conv:__call__:491 - Up block 2
2026-05-29 08:16:13.935 | INFO     | models.demos.wormhole.stable_diffusion.tt.ttnn_functional_unet_2d_condition_model_new_conv:__call__:491 - Up block 3
2026-05-29 08:16:13.955 | INFO     | models.demos.wormhole.stable_diffusion.tt.ttnn_functional_unet_2d_condition_model_new_conv:__call__:406 - Down block 0
2026-05-29 08:16:13.961 | info     |              Op | act_block_h_override 2 is not a valid override for padded_output_height_ntiles_per_core 7, instead 1 was selected as closest valid option! (conv2d_utils.cpp:401)
2026-05-29 08:16:13.961 | INFO     | models.demos.wormhole.stable_diffusion.tt.ttnn_functional_unet_2d_condition_model_new_conv:__call__:406 - Down block 1
2026-05-29 08:16:13.967 | INFO     | models.demos.wormhole.stable_diffusion.tt.ttnn_functional_unet_2d_condition_model_new_conv:__call__:406 - Down block 2
2026-05-29 08:16:13.970 | INFO     | models.demos.wormhole.stable_diffusion.tt.ttnn_functional_unet_2d_condition_model_new_conv:__call__:406 - Down block 3
2026-05-29 08:16:13.971 | INFO     | models.demos.wormhole.stable_diffusion.tt.ttnn_functional_unet_2d_condition_model_new_conv:__call__:460 - Mid block
2026-05-29 08:16:13.971 | warning  |              Op | Mismatch between computed MemoryConfig(memory_layout=TensorMemoryLayout::BLOCK_SHARDED,buffer_type=BufferType::L1,shard_spec=ShardSpec(grid={[(x=0,y=0) - (x=7,y=3)]},shape={32, 160},orientation=ShardOrientation::ROW_MAJOR),nd_shard_spec=NdShardSpec(shard_shape=Shape([32, 160]),grid={[(x=0,y=0) - (x=7,y=3)]},orientation=ShardOrientation::ROW_MAJOR,shard_distribution_strategy=ShardDistributionStrategy::GRID_2D),created_with_nd_shard_spec=0) and provided MemoryConfig(memory_layout=TensorMemoryLayout::BLOCK_SHARDED,buffer_type=BufferType::L1,shard_spec=ShardSpec(grid={[(x=0,y=0) - (x=7,y=7)]},shape={32, 160},orientation=ShardOrientation::ROW_MAJOR),nd_shard_spec=std::nullopt,created_with_nd_shard_spec=0) mem config. Using computed config. (matmul_op.cpp:1674)
2026-05-29 08:16:13.972 | INFO     | models.demos.wormhole.stable_diffusion.tt.ttnn_functional_unet_2d_condition_model_new_conv:__call__:491 - Up block 0
2026-05-29 08:16:13.974 | INFO     | models.demos.wormhole.stable_diffusion.tt.ttnn_functional_unet_2d_condition_model_new_conv:__call__:491 - Up block 1
2026-05-29 08:16:13.979 | INFO     | models.demos.wormhole.stable_diffusion.tt.ttnn_functional_unet_2d_condition_model_new_conv:__call__:491 - Up block 2
2026-05-29 08:16:13.987 | INFO     | models.demos.wormhole.stable_diffusion.tt.ttnn_functional_unet_2d_condition_model_new_conv:__call__:491 - Up block 3
2026-05-29 08:16:14.008 | INFO     | models.demos.wormhole.stable_diffusion.tt.ttnn_functional_unet_2d_condition_model_new_conv:__call__:406 - Down block 0
2026-05-29 08:16:14.014 | info     |              Op | act_block_h_override 2 is not a valid override for padded_output_height_ntiles_per_core 7, instead 1 was selected as closest valid option! (conv2d_utils.cpp:401)
2026-05-29 08:16:14.014 | INFO     | models.demos.wormhole.stable_diffusion.tt.ttnn_functional_unet_2d_condition_model_new_conv:__call__:406 - Down block 1
2026-05-29 08:16:14.020 | INFO     | models.demos.wormhole.stable_diffusion.tt.ttnn_functional_unet_2d_condition_model_new_conv:__call__:406 - Down block 2
2026-05-29 08:16:14.024 | INFO     | models.demos.wormhole.stable_diffusion.tt.ttnn_functional_unet_2d_condition_model_new_conv:__call__:406 - Down block 3
2026-05-29 08:16:14.024 | INFO     | models.demos.wormhole.stable_diffusion.tt.ttnn_functional_unet_2d_condition_model_new_conv:__call__:460 - Mid block
2026-05-29 08:16:14.025 | warning  |              Op | Mismatch between computed MemoryConfig(memory_layout=TensorMemoryLayout::BLOCK_SHARDED,buffer_type=BufferType::L1,shard_spec=ShardSpec(grid={[(x=0,y=0) - (x=7,y=3)]},shape={32, 160},orientation=ShardOrientation::ROW_MAJOR),nd_shard_spec=NdShardSpec(shard_shape=Shape([32, 160]),grid={[(x=0,y=0) - (x=7,y=3)]},orientation=ShardOrientation::ROW_MAJOR,shard_distribution_strategy=ShardDistributionStrategy::GRID_2D),created_with_nd_shard_spec=0) and provided MemoryConfig(memory_layout=TensorMemoryLayout::BLOCK_SHARDED,buffer_type=BufferType::L1,shard_spec=ShardSpec(grid={[(x=0,y=0) - (x=7,y=7)]},shape={32, 160},orientation=ShardOrientation::ROW_MAJOR),nd_shard_spec=std::nullopt,created_with_nd_shard_spec=0) mem config. Using computed config. (matmul_op.cpp:1674)
2026-05-29 08:16:14.026 | INFO     | models.demos.wormhole.stable_diffusion.tt.ttnn_functional_unet_2d_condition_model_new_conv:__call__:491 - Up block 0
2026-05-29 08:16:14.028 | INFO     | models.demos.wormhole.stable_diffusion.tt.ttnn_functional_unet_2d_condition_model_new_conv:__call__:491 - Up block 1
2026-05-29 08:16:14.033 | INFO     | models.demos.wormhole.stable_diffusion.tt.ttnn_functional_unet_2d_condition_model_new_conv:__call__:491 - Up block 2
2026-05-29 08:16:14.041 | INFO     | models.demos.wormhole.stable_diffusion.tt.ttnn_functional_unet_2d_condition_model_new_conv:__call__:491 - Up block 3
  Step 3/41
2026-05-29 08:16:14.063 | INFO     | models.demos.wormhole.stable_diffusion.tt.ttnn_functional_unet_2d_condition_model_new_conv:__call__:406 - Down block 0
2026-05-29 08:16:14.070 | info     |              Op | act_block_h_override 2 is not a valid override for padded_output_height_ntiles_per_core 7, instead 1 was selected as closest valid option! (conv2d_utils.cpp:401)
2026-05-29 08:16:14.070 | INFO     | models.demos.wormhole.stable_diffusion.tt.ttnn_functional_unet_2d_condition_model_new_conv:__call__:406 - Down block 1
2026-05-29 08:16:14.075 | INFO     | models.demos.wormhole.stable_diffusion.tt.ttnn_functional_unet_2d_condition_model_new_conv:__call__:406 - Down block 2
2026-05-29 08:16:14.079 | INFO     | models.demos.wormhole.stable_diffusion.tt.ttnn_functional_unet_2d_condition_model_new_conv:__call__:406 - Down block 3
2026-05-29 08:16:14.080 | INFO     | models.demos.wormhole.stable_diffusion.tt.ttnn_functional_unet_2d_condition_model_new_conv:__call__:460 - Mid block
2026-05-29 08:16:14.080 | warning  |              Op | Mismatch between computed MemoryConfig(memory_layout=TensorMemoryLayout::BLOCK_SHARDED,buffer_type=BufferType::L1,shard_spec=ShardSpec(grid={[(x=0,y=0) - (x=7,y=3)]},shape={32, 160},orientation=ShardOrientation::ROW_MAJOR),nd_shard_spec=NdShardSpec(shard_shape=Shape([32, 160]),grid={[(x=0,y=0) - (x=7,y=3)]},orientation=ShardOrientation::ROW_MAJOR,shard_distribution_strategy=ShardDistributionStrategy::GRID_2D),created_with_nd_shard_spec=0) and provided MemoryConfig(memory_layout=TensorMemoryLayout::BLOCK_SHARDED,buffer_type=BufferType::L1,shard_spec=ShardSpec(grid={[(x=0,y=0) - (x=7,y=7)]},shape={32, 160},orientation=ShardOrientation::ROW_MAJOR),nd_shard_spec=std::nullopt,created_with_nd_shard_spec=0) mem config. Using computed config. (matmul_op.cpp:1674)
2026-05-29 08:16:14.082 | INFO     | models.demos.wormhole.stable_diffusion.tt.ttnn_functional_unet_2d_condition_model_new_conv:__call__:491 - Up block 0
2026-05-29 08:16:14.083 | INFO     | models.demos.wormhole.stable_diffusion.tt.ttnn_functional_unet_2d_condition_model_new_conv:__call__:491 - Up block 1
2026-05-29 08:16:14.088 | INFO     | models.demos.wormhole.stable_diffusion.tt.ttnn_functional_unet_2d_condition_model_new_conv:__call__:491 - Up block 2
2026-05-29 08:16:14.096 | INFO     | models.demos.wormhole.stable_diffusion.tt.ttnn_functional_unet_2d_condition_model_new_conv:__call__:491 - Up block 3
2026-05-29 08:16:14.116 | INFO     | models.demos.wormhole.stable_diffusion.tt.ttnn_functional_unet_2d_condition_model_new_conv:__call__:406 - Down block 0
2026-05-29 08:16:14.122 | info     |              Op | act_block_h_override 2 is not a valid override for padded_output_height_ntiles_per_core 7, instead 1 was selected as closest valid option! (conv2d_utils.cpp:401)
2026-05-29 08:16:14.122 | INFO     | models.demos.wormhole.stable_diffusion.tt.ttnn_functional_unet_2d_condition_model_new_conv:__call__:406 - Down block 1
2026-05-29 08:16:14.127 | INFO     | models.demos.wormhole.stable_diffusion.tt.ttnn_functional_unet_2d_condition_model_new_conv:__call__:406 - Down block 2
2026-05-29 08:16:14.131 | INFO     | models.demos.wormhole.stable_diffusion.tt.ttnn_functional_unet_2d_condition_model_new_conv:__call__:406 - Down block 3
2026-05-29 08:16:14.131 | INFO     | models.demos.wormhole.stable_diffusion.tt.ttnn_functional_unet_2d_condition_model_new_conv:__call__:460 - Mid block
2026-05-29 08:16:14.132 | warning  |              Op | Mismatch between computed MemoryConfig(memory_layout=TensorMemoryLayout::BLOCK_SHARDED,buffer_type=BufferType::L1,shard_spec=ShardSpec(grid={[(x=0,y=0) - (x=7,y=3)]},shape={32, 160},orientation=ShardOrientation::ROW_MAJOR),nd_shard_spec=NdShardSpec(shard_shape=Shape([32, 160]),grid={[(x=0,y=0) - (x=7,y=3)]},orientation=ShardOrientation::ROW_MAJOR,shard_distribution_strategy=ShardDistributionStrategy::GRID_2D),created_with_nd_shard_spec=0) and provided MemoryConfig(memory_layout=TensorMemoryLayout::BLOCK_SHARDED,buffer_type=BufferType::L1,shard_spec=ShardSpec(grid={[(x=0,y=0) - (x=7,y=7)]},shape={32, 160},orientation=ShardOrientation::ROW_MAJOR),nd_shard_spec=std::nullopt,created_with_nd_shard_spec=0) mem config. Using computed config. (matmul_op.cpp:1674)
2026-05-29 08:16:14.133 | INFO     | models.demos.wormhole.stable_diffusion.tt.ttnn_functional_unet_2d_condition_model_new_conv:__call__:491 - Up block 0
2026-05-29 08:16:14.134 | INFO     | models.demos.wormhole.stable_diffusion.tt.ttnn_functional_unet_2d_condition_model_new_conv:__call__:491 - Up block 1
2026-05-29 08:16:14.139 | INFO     | models.demos.wormhole.stable_diffusion.tt.ttnn_functional_unet_2d_condition_model_new_conv:__call__:491 - Up block 2
2026-05-29 08:16:14.147 | INFO     | models.demos.wormhole.stable_diffusion.tt.ttnn_functional_unet_2d_condition_model_new_conv:__call__:491 - Up block 3
2026-05-29 08:16:14.168 | INFO     | models.demos.wormhole.stable_diffusion.tt.ttnn_functional_unet_2d_condition_model_new_conv:__call__:406 - Down block 0
2026-05-29 08:16:14.174 | info     |              Op | act_block_h_override 2 is not a valid override for padded_output_height_ntiles_per_core 7, instead 1 was selected as closest valid option! (conv2d_utils.cpp:401)
2026-05-29 08:16:14.174 | INFO     | models.demos.wormhole.stable_diffusion.tt.ttnn_functional_unet_2d_condition_model_new_conv:__call__:406 - Down block 1
2026-05-29 08:16:14.179 | INFO     | models.demos.wormhole.stable_diffusion.tt.ttnn_functional_unet_2d_condition_model_new_conv:__call__:406 - Down block 2
2026-05-29 08:16:14.183 | INFO     | models.demos.wormhole.stable_diffusion.tt.ttnn_functional_unet_2d_condition_model_new_conv:__call__:406 - Down block 3
2026-05-29 08:16:14.183 | INFO     | models.demos.wormhole.stable_diffusion.tt.ttnn_functional_unet_2d_condition_model_new_conv:__call__:460 - Mid block
2026-05-29 08:16:14.184 | warning  |              Op | Mismatch between computed MemoryConfig(memory_layout=TensorMemoryLayout::BLOCK_SHARDED,buffer_type=BufferType::L1,shard_spec=ShardSpec(grid={[(x=0,y=0) - (x=7,y=3)]},shape={32, 160},orientation=ShardOrientation::ROW_MAJOR),nd_shard_spec=NdShardSpec(shard_shape=Shape([32, 160]),grid={[(x=0,y=0) - (x=7,y=3)]},orientation=ShardOrientation::ROW_MAJOR,shard_distribution_strategy=ShardDistributionStrategy::GRID_2D),created_with_nd_shard_spec=0) and provided MemoryConfig(memory_layout=TensorMemoryLayout::BLOCK_SHARDED,buffer_type=BufferType::L1,shard_spec=ShardSpec(grid={[(x=0,y=0) - (x=7,y=7)]},shape={32, 160},orientation=ShardOrientation::ROW_MAJOR),nd_shard_spec=std::nullopt,created_with_nd_shard_spec=0) mem config. Using computed config. (matmul_op.cpp:1674)
2026-05-29 08:16:14.185 | INFO     | models.demos.wormhole.stable_diffusion.tt.ttnn_functional_unet_2d_condition_model_new_conv:__call__:491 - Up block 0
2026-05-29 08:16:14.186 | INFO     | models.demos.wormhole.stable_diffusion.tt.ttnn_functional_unet_2d_condition_model_new_conv:__call__:491 - Up block 1
2026-05-29 08:16:14.191 | INFO     | models.demos.wormhole.stable_diffusion.tt.ttnn_functional_unet_2d_condition_model_new_conv:__call__:491 - Up block 2
2026-05-29 08:16:14.199 | INFO     | models.demos.wormhole.stable_diffusion.tt.ttnn_functional_unet_2d_condition_model_new_conv:__call__:491 - Up block 3
2026-05-29 08:16:14.220 | INFO     | models.demos.wormhole.stable_diffusion.tt.ttnn_functional_unet_2d_condition_model_new_conv:__call__:406 - Down block 0
2026-05-29 08:16:14.226 | info     |              Op | act_block_h_override 2 is not a valid override for padded_output_height_ntiles_per_core 7, instead 1 was selected as closest valid option! (conv2d_utils.cpp:401)
2026-05-29 08:16:14.226 | INFO     | models.demos.wormhole.stable_diffusion.tt.ttnn_functional_unet_2d_condition_model_new_conv:__call__:406 - Down block 1
2026-05-29 08:16:14.231 | INFO     | models.demos.wormhole.stable_diffusion.tt.ttnn_functional_unet_2d_condition_model_new_conv:__call__:406 - Down block 2
2026-05-29 08:16:14.235 | INFO     | models.demos.wormhole.stable_diffusion.tt.ttnn_functional_unet_2d_condition_model_new_conv:__call__:406 - Down block 3
2026-05-29 08:16:14.235 | INFO     | models.demos.wormhole.stable_diffusion.tt.ttnn_functional_unet_2d_condition_model_new_conv:__call__:460 - Mid block
2026-05-29 08:16:14.236 | warning  |              Op | Mismatch between computed MemoryConfig(memory_layout=TensorMemoryLayout::BLOCK_SHARDED,buffer_type=BufferType::L1,shard_spec=ShardSpec(grid={[(x=0,y=0) - (x=7,y=3)]},shape={32, 160},orientation=ShardOrientation::ROW_MAJOR),nd_shard_spec=NdShardSpec(shard_shape=Shape([32, 160]),grid={[(x=0,y=0) - (x=7,y=3)]},orientation=ShardOrientation::ROW_MAJOR,shard_distribution_strategy=ShardDistributionStrategy::GRID_2D),created_with_nd_shard_spec=0) and provided MemoryConfig(memory_layout=TensorMemoryLayout::BLOCK_SHARDED,buffer_type=BufferType::L1,shard_spec=ShardSpec(grid={[(x=0,y=0) - (x=7,y=7)]},shape={32, 160},orientation=ShardOrientation::ROW_MAJOR),nd_shard_spec=std::nullopt,created_with_nd_shard_spec=0) mem config. Using computed config. (matmul_op.cpp:1674)
2026-05-29 08:16:14.237 | INFO     | models.demos.wormhole.stable_diffusion.tt.ttnn_functional_unet_2d_condition_model_new_conv:__call__:491 - Up block 0
2026-05-29 08:16:14.238 | INFO     | models.demos.wormhole.stable_diffusion.tt.ttnn_functional_unet_2d_condition_model_new_conv:__call__:491 - Up block 1
2026-05-29 08:16:14.243 | INFO     | models.demos.wormhole.stable_diffusion.tt.ttnn_functional_unet_2d_condition_model_new_conv:__call__:491 - Up block 2
2026-05-29 08:16:14.251 | INFO     | models.demos.wormhole.stable_diffusion.tt.ttnn_functional_unet_2d_condition_model_new_conv:__call__:491 - Up block 3
2026-05-29 08:16:14.272 | INFO     | models.demos.wormhole.stable_diffusion.tt.ttnn_functional_unet_2d_condition_model_new_conv:__call__:406 - Down block 0
2026-05-29 08:16:14.278 | info     |              Op | act_block_h_override 2 is not a valid override for padded_output_height_ntiles_per_core 7, instead 1 was selected as closest valid option! (conv2d_utils.cpp:401)
2026-05-29 08:16:14.278 | INFO     | models.demos.wormhole.stable_diffusion.tt.ttnn_functional_unet_2d_condition_model_new_conv:__call__:406 - Down block 1
2026-05-29 08:16:14.283 | INFO     | models.demos.wormhole.stable_diffusion.tt.ttnn_functional_unet_2d_condition_model_new_conv:__call__:406 - Down block 2
2026-05-29 08:16:14.287 | INFO     | models.demos.wormhole.stable_diffusion.tt.ttnn_functional_unet_2d_condition_model_new_conv:__call__:406 - Down block 3
2026-05-29 08:16:14.287 | INFO     | models.demos.wormhole.stable_diffusion.tt.ttnn_functional_unet_2d_condition_model_new_conv:__call__:460 - Mid block
2026-05-29 08:16:14.288 | warning  |              Op | Mismatch between computed MemoryConfig(memory_layout=TensorMemoryLayout::BLOCK_SHARDED,buffer_type=BufferType::L1,shard_spec=ShardSpec(grid={[(x=0,y=0) - (x=7,y=3)]},shape={32, 160},orientation=ShardOrientation::ROW_MAJOR),nd_shard_spec=NdShardSpec(shard_shape=Shape([32, 160]),grid={[(x=0,y=0) - (x=7,y=3)]},orientation=ShardOrientation::ROW_MAJOR,shard_distribution_strategy=ShardDistributionStrategy::GRID_2D),created_with_nd_shard_spec=0) and provided MemoryConfig(memory_layout=TensorMemoryLayout::BLOCK_SHARDED,buffer_type=BufferType::L1,shard_spec=ShardSpec(grid={[(x=0,y=0) - (x=7,y=7)]},shape={32, 160},orientation=ShardOrientation::ROW_MAJOR),nd_shard_spec=std::nullopt,created_with_nd_shard_spec=0) mem config. Using computed config. (matmul_op.cpp:1674)
2026-05-29 08:16:14.289 | INFO     | models.demos.wormhole.stable_diffusion.tt.ttnn_functional_unet_2d_condition_model_new_conv:__call__:491 - Up block 0
2026-05-29 08:16:14.291 | INFO     | models.demos.wormhole.stable_diffusion.tt.ttnn_functional_unet_2d_condition_model_new_conv:__call__:491 - Up block 1
2026-05-29 08:16:14.295 | INFO     | models.demos.wormhole.stable_diffusion.tt.ttnn_functional_unet_2d_condition_model_new_conv:__call__:491 - Up block 2
2026-05-29 08:16:14.303 | INFO     | models.demos.wormhole.stable_diffusion.tt.ttnn_functional_unet_2d_condition_model_new_conv:__call__:491 - Up block 3
2026-05-29 08:16:14.324 | INFO     | models.demos.wormhole.stable_diffusion.tt.ttnn_functional_unet_2d_condition_model_new_conv:__call__:406 - Down block 0
2026-05-29 08:16:14.330 | info     |              Op | act_block_h_override 2 is not a valid override for padded_output_height_ntiles_per_core 7, instead 1 was selected as closest valid option! (conv2d_utils.cpp:401)
2026-05-29 08:16:14.330 | INFO     | models.demos.wormhole.stable_diffusion.tt.ttnn_functional_unet_2d_condition_model_new_conv:__call__:406 - Down block 1
2026-05-29 08:16:14.336 | INFO     | models.demos.wormhole.stable_diffusion.tt.ttnn_functional_unet_2d_condition_model_new_conv:__call__:406 - Down block 2
2026-05-29 08:16:14.339 | INFO     | models.demos.wormhole.stable_diffusion.tt.ttnn_functional_unet_2d_condition_model_new_conv:__call__:406 - Down block 3
2026-05-29 08:16:14.340 | INFO     | models.demos.wormhole.stable_diffusion.tt.ttnn_functional_unet_2d_condition_model_new_conv:__call__:460 - Mid block
2026-05-29 08:16:14.340 | warning  |              Op | Mismatch between computed MemoryConfig(memory_layout=TensorMemoryLayout::BLOCK_SHARDED,buffer_type=BufferType::L1,shard_spec=ShardSpec(grid={[(x=0,y=0) - (x=7,y=3)]},shape={32, 160},orientation=ShardOrientation::ROW_MAJOR),nd_shard_spec=NdShardSpec(shard_shape=Shape([32, 160]),grid={[(x=0,y=0) - (x=7,y=3)]},orientation=ShardOrientation::ROW_MAJOR,shard_distribution_strategy=ShardDistributionStrategy::GRID_2D),created_with_nd_shard_spec=0) and provided MemoryConfig(memory_layout=TensorMemoryLayout::BLOCK_SHARDED,buffer_type=BufferType::L1,shard_spec=ShardSpec(grid={[(x=0,y=0) - (x=7,y=7)]},shape={32, 160},orientation=ShardOrientation::ROW_MAJOR),nd_shard_spec=std::nullopt,created_with_nd_shard_spec=0) mem config. Using computed config. (matmul_op.cpp:1674)
2026-05-29 08:16:14.341 | INFO     | models.demos.wormhole.stable_diffusion.tt.ttnn_functional_unet_2d_condition_model_new_conv:__call__:491 - Up block 0
2026-05-29 08:16:14.343 | INFO     | models.demos.wormhole.stable_diffusion.tt.ttnn_functional_unet_2d_condition_model_new_conv:__call__:491 - Up block 1
2026-05-29 08:16:14.347 | INFO     | models.demos.wormhole.stable_diffusion.tt.ttnn_functional_unet_2d_condition_model_new_conv:__call__:491 - Up block 2
2026-05-29 08:16:14.355 | INFO     | models.demos.wormhole.stable_diffusion.tt.ttnn_functional_unet_2d_condition_model_new_conv:__call__:491 - Up block 3
2026-05-29 08:16:14.376 | INFO     | models.demos.wormhole.stable_diffusion.tt.ttnn_functional_unet_2d_condition_model_new_conv:__call__:406 - Down block 0
2026-05-29 08:16:14.383 | info     |              Op | act_block_h_override 2 is not a valid override for padded_output_height_ntiles_per_core 7, instead 1 was selected as closest valid option! (conv2d_utils.cpp:401)
2026-05-29 08:16:14.383 | INFO     | models.demos.wormhole.stable_diffusion.tt.ttnn_functional_unet_2d_condition_model_new_conv:__call__:406 - Down block 1
2026-05-29 08:16:14.388 | INFO     | models.demos.wormhole.stable_diffusion.tt.ttnn_functional_unet_2d_condition_model_new_conv:__call__:406 - Down block 2
2026-05-29 08:16:14.391 | INFO     | models.demos.wormhole.stable_diffusion.tt.ttnn_functional_unet_2d_condition_model_new_conv:__call__:406 - Down block 3
2026-05-29 08:16:14.392 | INFO     | models.demos.wormhole.stable_diffusion.tt.ttnn_functional_unet_2d_condition_model_new_conv:__call__:460 - Mid block
2026-05-29 08:16:14.392 | warning  |              Op | Mismatch between computed MemoryConfig(memory_layout=TensorMemoryLayout::BLOCK_SHARDED,buffer_type=BufferType::L1,shard_spec=ShardSpec(grid={[(x=0,y=0) - (x=7,y=3)]},shape={32, 160},orientation=ShardOrientation::ROW_MAJOR),nd_shard_spec=NdShardSpec(shard_shape=Shape([32, 160]),grid={[(x=0,y=0) - (x=7,y=3)]},orientation=ShardOrientation::ROW_MAJOR,shard_distribution_strategy=ShardDistributionStrategy::GRID_2D),created_with_nd_shard_spec=0) and provided MemoryConfig(memory_layout=TensorMemoryLayout::BLOCK_SHARDED,buffer_type=BufferType::L1,shard_spec=ShardSpec(grid={[(x=0,y=0) - (x=7,y=7)]},shape={32, 160},orientation=ShardOrientation::ROW_MAJOR),nd_shard_spec=std::nullopt,created_with_nd_shard_spec=0) mem config. Using computed config. (matmul_op.cpp:1674)
2026-05-29 08:16:14.394 | INFO     | models.demos.wormhole.stable_diffusion.tt.ttnn_functional_unet_2d_condition_model_new_conv:__call__:491 - Up block 0
2026-05-29 08:16:14.395 | INFO     | models.demos.wormhole.stable_diffusion.tt.ttnn_functional_unet_2d_condition_model_new_conv:__call__:491 - Up block 1
2026-05-29 08:16:14.400 | INFO     | models.demos.wormhole.stable_diffusion.tt.ttnn_functional_unet_2d_condition_model_new_conv:__call__:491 - Up block 2
2026-05-29 08:16:14.408 | INFO     | models.demos.wormhole.stable_diffusion.tt.ttnn_functional_unet_2d_condition_model_new_conv:__call__:491 - Up block 3
2026-05-29 08:16:14.428 | INFO     | models.demos.wormhole.stable_diffusion.tt.ttnn_functional_unet_2d_condition_model_new_conv:__call__:406 - Down block 0
2026-05-29 08:16:14.434 | info     |              Op | act_block_h_override 2 is not a valid override for padded_output_height_ntiles_per_core 7, instead 1 was selected as closest valid option! (conv2d_utils.cpp:401)
2026-05-29 08:16:14.434 | INFO     | models.demos.wormhole.stable_diffusion.tt.ttnn_functional_unet_2d_condition_model_new_conv:__call__:406 - Down block 1
2026-05-29 08:16:14.440 | INFO     | models.demos.wormhole.stable_diffusion.tt.ttnn_functional_unet_2d_condition_model_new_conv:__call__:406 - Down block 2
2026-05-29 08:16:14.443 | INFO     | models.demos.wormhole.stable_diffusion.tt.ttnn_functional_unet_2d_condition_model_new_conv:__call__:406 - Down block 3
2026-05-29 08:16:14.443 | INFO     | models.demos.wormhole.stable_diffusion.tt.ttnn_functional_unet_2d_condition_model_new_conv:__call__:460 - Mid block
2026-05-29 08:16:14.444 | warning  |              Op | Mismatch between computed MemoryConfig(memory_layout=TensorMemoryLayout::BLOCK_SHARDED,buffer_type=BufferType::L1,shard_spec=ShardSpec(grid={[(x=0,y=0) - (x=7,y=3)]},shape={32, 160},orientation=ShardOrientation::ROW_MAJOR),nd_shard_spec=NdShardSpec(shard_shape=Shape([32, 160]),grid={[(x=0,y=0) - (x=7,y=3)]},orientation=ShardOrientation::ROW_MAJOR,shard_distribution_strategy=ShardDistributionStrategy::GRID_2D),created_with_nd_shard_spec=0) and provided MemoryConfig(memory_layout=TensorMemoryLayout::BLOCK_SHARDED,buffer_type=BufferType::L1,shard_spec=ShardSpec(grid={[(x=0,y=0) - (x=7,y=7)]},shape={32, 160},orientation=ShardOrientation::ROW_MAJOR),nd_shard_spec=std::nullopt,created_with_nd_shard_spec=0) mem config. Using computed config. (matmul_op.cpp:1674)
2026-05-29 08:16:14.445 | INFO     | models.demos.wormhole.stable_diffusion.tt.ttnn_functional_unet_2d_condition_model_new_conv:__call__:491 - Up block 0
2026-05-29 08:16:14.446 | INFO     | models.demos.wormhole.stable_diffusion.tt.ttnn_functional_unet_2d_condition_model_new_conv:__call__:491 - Up block 1
2026-05-29 08:16:14.451 | INFO     | models.demos.wormhole.stable_diffusion.tt.ttnn_functional_unet_2d_condition_model_new_conv:__call__:491 - Up block 2
2026-05-29 08:16:14.459 | INFO     | models.demos.wormhole.stable_diffusion.tt.ttnn_functional_unet_2d_condition_model_new_conv:__call__:491 - Up block 3
  Step 4/41
2026-05-29 08:16:14.482 | INFO     | models.demos.wormhole.stable_diffusion.tt.ttnn_functional_unet_2d_condition_model_new_conv:__call__:406 - Down block 0
2026-05-29 08:16:14.488 | info     |              Op | act_block_h_override 2 is not a valid override for padded_output_height_ntiles_per_core 7, instead 1 was selected as closest valid option! (conv2d_utils.cpp:401)
2026-05-29 08:16:14.489 | INFO     | models.demos.wormhole.stable_diffusion.tt.ttnn_functional_unet_2d_condition_model_new_conv:__call__:406 - Down block 1
2026-05-29 08:16:14.495 | INFO     | models.demos.wormhole.stable_diffusion.tt.ttnn_functional_unet_2d_condition_model_new_conv:__call__:406 - Down block 2
2026-05-29 08:16:14.498 | INFO     | models.demos.wormhole.stable_diffusion.tt.ttnn_functional_unet_2d_condition_model_new_conv:__call__:406 - Down block 3
2026-05-29 08:16:14.499 | INFO     | models.demos.wormhole.stable_diffusion.tt.ttnn_functional_unet_2d_condition_model_new_conv:__call__:460 - Mid block
2026-05-29 08:16:14.500 | warning  |              Op | Mismatch between computed MemoryConfig(memory_layout=TensorMemoryLayout::BLOCK_SHARDED,buffer_type=BufferType::L1,shard_spec=ShardSpec(grid={[(x=0,y=0) - (x=7,y=3)]},shape={32, 160},orientation=ShardOrientation::ROW_MAJOR),nd_shard_spec=NdShardSpec(shard_shape=Shape([32, 160]),grid={[(x=0,y=0) - (x=7,y=3)]},orientation=ShardOrientation::ROW_MAJOR,shard_distribution_strategy=ShardDistributionStrategy::GRID_2D),created_with_nd_shard_spec=0) and provided MemoryConfig(memory_layout=TensorMemoryLayout::BLOCK_SHARDED,buffer_type=BufferType::L1,shard_spec=ShardSpec(grid={[(x=0,y=0) - (x=7,y=7)]},shape={32, 160},orientation=ShardOrientation::ROW_MAJOR),nd_shard_spec=std::nullopt,created_with_nd_shard_spec=0) mem config. Using computed config. (matmul_op.cpp:1674)
2026-05-29 08:16:14.501 | INFO     | models.demos.wormhole.stable_diffusion.tt.ttnn_functional_unet_2d_condition_model_new_conv:__call__:491 - Up block 0
2026-05-29 08:16:14.502 | INFO     | models.demos.wormhole.stable_diffusion.tt.ttnn_functional_unet_2d_condition_model_new_conv:__call__:491 - Up block 1
2026-05-29 08:16:14.507 | INFO     | models.demos.wormhole.stable_diffusion.tt.ttnn_functional_unet_2d_condition_model_new_conv:__call__:491 - Up block 2
2026-05-29 08:16:14.516 | INFO     | models.demos.wormhole.stable_diffusion.tt.ttnn_functional_unet_2d_condition_model_new_conv:__call__:491 - Up block 3
2026-05-29 08:16:14.536 | INFO     | models.demos.wormhole.stable_diffusion.tt.ttnn_functional_unet_2d_condition_model_new_conv:__call__:406 - Down block 0
2026-05-29 08:16:14.542 | info     |              Op | act_block_h_override 2 is not a valid override for padded_output_height_ntiles_per_core 7, instead 1 was selected as closest valid option! (conv2d_utils.cpp:401)
2026-05-29 08:16:14.542 | INFO     | models.demos.wormhole.stable_diffusion.tt.ttnn_functional_unet_2d_condition_model_new_conv:__call__:406 - Down block 1
2026-05-29 08:16:14.547 | INFO     | models.demos.wormhole.stable_diffusion.tt.ttnn_functional_unet_2d_condition_model_new_conv:__call__:406 - Down block 2
2026-05-29 08:16:14.551 | INFO     | models.demos.wormhole.stable_diffusion.tt.ttnn_functional_unet_2d_condition_model_new_conv:__call__:406 - Down block 3
2026-05-29 08:16:14.551 | INFO     | models.demos.wormhole.stable_diffusion.tt.ttnn_functional_unet_2d_condition_model_new_conv:__call__:460 - Mid block
2026-05-29 08:16:14.552 | warning  |              Op | Mismatch between computed MemoryConfig(memory_layout=TensorMemoryLayout::BLOCK_SHARDED,buffer_type=BufferType::L1,shard_spec=ShardSpec(grid={[(x=0,y=0) - (x=7,y=3)]},shape={32, 160},orientation=ShardOrientation::ROW_MAJOR),nd_shard_spec=NdShardSpec(shard_shape=Shape([32, 160]),grid={[(x=0,y=0) - (x=7,y=3)]},orientation=ShardOrientation::ROW_MAJOR,shard_distribution_strategy=ShardDistributionStrategy::GRID_2D),created_with_nd_shard_spec=0) and provided MemoryConfig(memory_layout=TensorMemoryLayout::BLOCK_SHARDED,buffer_type=BufferType::L1,shard_spec=ShardSpec(grid={[(x=0,y=0) - (x=7,y=7)]},shape={32, 160},orientation=ShardOrientation::ROW_MAJOR),nd_shard_spec=std::nullopt,created_with_nd_shard_spec=0) mem config. Using computed config. (matmul_op.cpp:1674)
2026-05-29 08:16:14.553 | INFO     | models.demos.wormhole.stable_diffusion.tt.ttnn_functional_unet_2d_condition_model_new_conv:__call__:491 - Up block 0
2026-05-29 08:16:14.554 | INFO     | models.demos.wormhole.stable_diffusion.tt.ttnn_functional_unet_2d_condition_model_new_conv:__call__:491 - Up block 1
2026-05-29 08:16:14.559 | INFO     | models.demos.wormhole.stable_diffusion.tt.ttnn_functional_unet_2d_condition_model_new_conv:__call__:491 - Up block 2
2026-05-29 08:16:14.568 | INFO     | models.demos.wormhole.stable_diffusion.tt.ttnn_functional_unet_2d_condition_model_new_conv:__call__:491 - Up block 3
2026-05-29 08:16:14.588 | INFO     | models.demos.wormhole.stable_diffusion.tt.ttnn_functional_unet_2d_condition_model_new_conv:__call__:406 - Down block 0
2026-05-29 08:16:14.594 | info     |              Op | act_block_h_override 2 is not a valid override for padded_output_height_ntiles_per_core 7, instead 1 was selected as closest valid option! (conv2d_utils.cpp:401)
2026-05-29 08:16:14.594 | INFO     | models.demos.wormhole.stable_diffusion.tt.ttnn_functional_unet_2d_condition_model_new_conv:__call__:406 - Down block 1
2026-05-29 08:16:14.599 | INFO     | models.demos.wormhole.stable_diffusion.tt.ttnn_functional_unet_2d_condition_model_new_conv:__call__:406 - Down block 2
2026-05-29 08:16:14.603 | INFO     | models.demos.wormhole.stable_diffusion.tt.ttnn_functional_unet_2d_condition_model_new_conv:__call__:406 - Down block 3
2026-05-29 08:16:14.603 | INFO     | models.demos.wormhole.stable_diffusion.tt.ttnn_functional_unet_2d_condition_model_new_conv:__call__:460 - Mid block
2026-05-29 08:16:14.604 | warning  |              Op | Mismatch between computed MemoryConfig(memory_layout=TensorMemoryLayout::BLOCK_SHARDED,buffer_type=BufferType::L1,shard_spec=ShardSpec(grid={[(x=0,y=0) - (x=7,y=3)]},shape={32, 160},orientation=ShardOrientation::ROW_MAJOR),nd_shard_spec=NdShardSpec(shard_shape=Shape([32, 160]),grid={[(x=0,y=0) - (x=7,y=3)]},orientation=ShardOrientation::ROW_MAJOR,shard_distribution_strategy=ShardDistributionStrategy::GRID_2D),created_with_nd_shard_spec=0) and provided MemoryConfig(memory_layout=TensorMemoryLayout::BLOCK_SHARDED,buffer_type=BufferType::L1,shard_spec=ShardSpec(grid={[(x=0,y=0) - (x=7,y=7)]},shape={32, 160},orientation=ShardOrientation::ROW_MAJOR),nd_shard_spec=std::nullopt,created_with_nd_shard_spec=0) mem config. Using computed config. (matmul_op.cpp:1674)
2026-05-29 08:16:14.605 | INFO     | models.demos.wormhole.stable_diffusion.tt.ttnn_functional_unet_2d_condition_model_new_conv:__call__:491 - Up block 0
2026-05-29 08:16:14.607 | INFO     | models.demos.wormhole.stable_diffusion.tt.ttnn_functional_unet_2d_condition_model_new_conv:__call__:491 - Up block 1
2026-05-29 08:16:14.611 | INFO     | models.demos.wormhole.stable_diffusion.tt.ttnn_functional_unet_2d_condition_model_new_conv:__call__:491 - Up block 2
2026-05-29 08:16:14.619 | INFO     | models.demos.wormhole.stable_diffusion.tt.ttnn_functional_unet_2d_condition_model_new_conv:__call__:491 - Up block 3
2026-05-29 08:16:14.640 | INFO     | models.demos.wormhole.stable_diffusion.tt.ttnn_functional_unet_2d_condition_model_new_conv:__call__:406 - Down block 0
2026-05-29 08:16:14.647 | info     |              Op | act_block_h_override 2 is not a valid override for padded_output_height_ntiles_per_core 7, instead 1 was selected as closest valid option! (conv2d_utils.cpp:401)
2026-05-29 08:16:14.647 | INFO     | models.demos.wormhole.stable_diffusion.tt.ttnn_functional_unet_2d_condition_model_new_conv:__call__:406 - Down block 1
2026-05-29 08:16:14.652 | INFO     | models.demos.wormhole.stable_diffusion.tt.ttnn_functional_unet_2d_condition_model_new_conv:__call__:406 - Down block 2
2026-05-29 08:16:14.655 | INFO     | models.demos.wormhole.stable_diffusion.tt.ttnn_functional_unet_2d_condition_model_new_conv:__call__:406 - Down block 3
2026-05-29 08:16:14.656 | INFO     | models.demos.wormhole.stable_diffusion.tt.ttnn_functional_unet_2d_condition_model_new_conv:__call__:460 - Mid block
2026-05-29 08:16:14.656 | warning  |              Op | Mismatch between computed MemoryConfig(memory_layout=TensorMemoryLayout::BLOCK_SHARDED,buffer_type=BufferType::L1,shard_spec=ShardSpec(grid={[(x=0,y=0) - (x=7,y=3)]},shape={32, 160},orientation=ShardOrientation::ROW_MAJOR),nd_shard_spec=NdShardSpec(shard_shape=Shape([32, 160]),grid={[(x=0,y=0) - (x=7,y=3)]},orientation=ShardOrientation::ROW_MAJOR,shard_distribution_strategy=ShardDistributionStrategy::GRID_2D),created_with_nd_shard_spec=0) and provided MemoryConfig(memory_layout=TensorMemoryLayout::BLOCK_SHARDED,buffer_type=BufferType::L1,shard_spec=ShardSpec(grid={[(x=0,y=0) - (x=7,y=7)]},shape={32, 160},orientation=ShardOrientation::ROW_MAJOR),nd_shard_spec=std::nullopt,created_with_nd_shard_spec=0) mem config. Using computed config. (matmul_op.cpp:1674)
2026-05-29 08:16:14.658 | INFO     | models.demos.wormhole.stable_diffusion.tt.ttnn_functional_unet_2d_condition_model_new_conv:__call__:491 - Up block 0
2026-05-29 08:16:14.659 | INFO     | models.demos.wormhole.stable_diffusion.tt.ttnn_functional_unet_2d_condition_model_new_conv:__call__:491 - Up block 1
2026-05-29 08:16:14.663 | INFO     | models.demos.wormhole.stable_diffusion.tt.ttnn_functional_unet_2d_condition_model_new_conv:__call__:491 - Up block 2
2026-05-29 08:16:14.671 | INFO     | models.demos.wormhole.stable_diffusion.tt.ttnn_functional_unet_2d_condition_model_new_conv:__call__:491 - Up block 3
2026-05-29 08:16:14.693 | INFO     | models.demos.wormhole.stable_diffusion.tt.ttnn_functional_unet_2d_condition_model_new_conv:__call__:406 - Down block 0
2026-05-29 08:16:14.699 | info     |              Op | act_block_h_override 2 is not a valid override for padded_output_height_ntiles_per_core 7, instead 1 was selected as closest valid option! (conv2d_utils.cpp:401)
2026-05-29 08:16:14.699 | INFO     | models.demos.wormhole.stable_diffusion.tt.ttnn_functional_unet_2d_condition_model_new_conv:__call__:406 - Down block 1
2026-05-29 08:16:14.704 | INFO     | models.demos.wormhole.stable_diffusion.tt.ttnn_functional_unet_2d_condition_model_new_conv:__call__:406 - Down block 2
2026-05-29 08:16:14.708 | INFO     | models.demos.wormhole.stable_diffusion.tt.ttnn_functional_unet_2d_condition_model_new_conv:__call__:406 - Down block 3
2026-05-29 08:16:14.708 | INFO     | models.demos.wormhole.stable_diffusion.tt.ttnn_functional_unet_2d_condition_model_new_conv:__call__:460 - Mid block
2026-05-29 08:16:14.709 | warning  |              Op | Mismatch between computed MemoryConfig(memory_layout=TensorMemoryLayout::BLOCK_SHARDED,buffer_type=BufferType::L1,shard_spec=ShardSpec(grid={[(x=0,y=0) - (x=7,y=3)]},shape={32, 160},orientation=ShardOrientation::ROW_MAJOR),nd_shard_spec=NdShardSpec(shard_shape=Shape([32, 160]),grid={[(x=0,y=0) - (x=7,y=3)]},orientation=ShardOrientation::ROW_MAJOR,shard_distribution_strategy=ShardDistributionStrategy::GRID_2D),created_with_nd_shard_spec=0) and provided MemoryConfig(memory_layout=TensorMemoryLayout::BLOCK_SHARDED,buffer_type=BufferType::L1,shard_spec=ShardSpec(grid={[(x=0,y=0) - (x=7,y=7)]},shape={32, 160},orientation=ShardOrientation::ROW_MAJOR),nd_shard_spec=std::nullopt,created_with_nd_shard_spec=0) mem config. Using computed config. (matmul_op.cpp:1674)
2026-05-29 08:16:14.710 | INFO     | models.demos.wormhole.stable_diffusion.tt.ttnn_functional_unet_2d_condition_model_new_conv:__call__:491 - Up block 0
2026-05-29 08:16:14.711 | INFO     | models.demos.wormhole.stable_diffusion.tt.ttnn_functional_unet_2d_condition_model_new_conv:__call__:491 - Up block 1
2026-05-29 08:16:14.716 | INFO     | models.demos.wormhole.stable_diffusion.tt.ttnn_functional_unet_2d_condition_model_new_conv:__call__:491 - Up block 2
2026-05-29 08:16:14.724 | INFO     | models.demos.wormhole.stable_diffusion.tt.ttnn_functional_unet_2d_condition_model_new_conv:__call__:491 - Up block 3
2026-05-29 08:16:14.745 | INFO     | models.demos.wormhole.stable_diffusion.tt.ttnn_functional_unet_2d_condition_model_new_conv:__call__:406 - Down block 0
2026-05-29 08:16:14.751 | info     |              Op | act_block_h_override 2 is not a valid override for padded_output_height_ntiles_per_core 7, instead 1 was selected as closest valid option! (conv2d_utils.cpp:401)
2026-05-29 08:16:14.752 | INFO     | models.demos.wormhole.stable_diffusion.tt.ttnn_functional_unet_2d_condition_model_new_conv:__call__:406 - Down block 1
2026-05-29 08:16:14.757 | INFO     | models.demos.wormhole.stable_diffusion.tt.ttnn_functional_unet_2d_condition_model_new_conv:__call__:406 - Down block 2
2026-05-29 08:16:14.760 | INFO     | models.demos.wormhole.stable_diffusion.tt.ttnn_functional_unet_2d_condition_model_new_conv:__call__:406 - Down block 3
2026-05-29 08:16:14.761 | INFO     | models.demos.wormhole.stable_diffusion.tt.ttnn_functional_unet_2d_condition_model_new_conv:__call__:460 - Mid block
2026-05-29 08:16:14.761 | warning  |              Op | Mismatch between computed MemoryConfig(memory_layout=TensorMemoryLayout::BLOCK_SHARDED,buffer_type=BufferType::L1,shard_spec=ShardSpec(grid={[(x=0,y=0) - (x=7,y=3)]},shape={32, 160},orientation=ShardOrientation::ROW_MAJOR),nd_shard_spec=NdShardSpec(shard_shape=Shape([32, 160]),grid={[(x=0,y=0) - (x=7,y=3)]},orientation=ShardOrientation::ROW_MAJOR,shard_distribution_strategy=ShardDistributionStrategy::GRID_2D),created_with_nd_shard_spec=0) and provided MemoryConfig(memory_layout=TensorMemoryLayout::BLOCK_SHARDED,buffer_type=BufferType::L1,shard_spec=ShardSpec(grid={[(x=0,y=0) - (x=7,y=7)]},shape={32, 160},orientation=ShardOrientation::ROW_MAJOR),nd_shard_spec=std::nullopt,created_with_nd_shard_spec=0) mem config. Using computed config. (matmul_op.cpp:1674)
2026-05-29 08:16:14.763 | INFO     | models.demos.wormhole.stable_diffusion.tt.ttnn_functional_unet_2d_condition_model_new_conv:__call__:491 - Up block 0
2026-05-29 08:16:14.764 | INFO     | models.demos.wormhole.stable_diffusion.tt.ttnn_functional_unet_2d_condition_model_new_conv:__call__:491 - Up block 1
2026-05-29 08:16:14.769 | INFO     | models.demos.wormhole.stable_diffusion.tt.ttnn_functional_unet_2d_condition_model_new_conv:__call__:491 - Up block 2
2026-05-29 08:16:14.777 | INFO     | models.demos.wormhole.stable_diffusion.tt.ttnn_functional_unet_2d_condition_model_new_conv:__call__:491 - Up block 3
2026-05-29 08:16:14.797 | INFO     | models.demos.wormhole.stable_diffusion.tt.ttnn_functional_unet_2d_condition_model_new_conv:__call__:406 - Down block 0
2026-05-29 08:16:14.803 | info     |              Op | act_block_h_override 2 is not a valid override for padded_output_height_ntiles_per_core 7, instead 1 was selected as closest valid option! (conv2d_utils.cpp:401)
2026-05-29 08:16:14.803 | INFO     | models.demos.wormhole.stable_diffusion.tt.ttnn_functional_unet_2d_condition_model_new_conv:__call__:406 - Down block 1
2026-05-29 08:16:14.808 | INFO     | models.demos.wormhole.stable_diffusion.tt.ttnn_functional_unet_2d_condition_model_new_conv:__call__:406 - Down block 2
2026-05-29 08:16:14.811 | INFO     | models.demos.wormhole.stable_diffusion.tt.ttnn_functional_unet_2d_condition_model_new_conv:__call__:406 - Down block 3
2026-05-29 08:16:14.812 | INFO     | models.demos.wormhole.stable_diffusion.tt.ttnn_functional_unet_2d_condition_model_new_conv:__call__:460 - Mid block
2026-05-29 08:16:14.813 | warning  |              Op | Mismatch between computed MemoryConfig(memory_layout=TensorMemoryLayout::BLOCK_SHARDED,buffer_type=BufferType::L1,shard_spec=ShardSpec(grid={[(x=0,y=0) - (x=7,y=3)]},shape={32, 160},orientation=ShardOrientation::ROW_MAJOR),nd_shard_spec=NdShardSpec(shard_shape=Shape([32, 160]),grid={[(x=0,y=0) - (x=7,y=3)]},orientation=ShardOrientation::ROW_MAJOR,shard_distribution_strategy=ShardDistributionStrategy::GRID_2D),created_with_nd_shard_spec=0) and provided MemoryConfig(memory_layout=TensorMemoryLayout::BLOCK_SHARDED,buffer_type=BufferType::L1,shard_spec=ShardSpec(grid={[(x=0,y=0) - (x=7,y=7)]},shape={32, 160},orientation=ShardOrientation::ROW_MAJOR),nd_shard_spec=std::nullopt,created_with_nd_shard_spec=0) mem config. Using computed config. (matmul_op.cpp:1674)
2026-05-29 08:16:14.814 | INFO     | models.demos.wormhole.stable_diffusion.tt.ttnn_functional_unet_2d_condition_model_new_conv:__call__:491 - Up block 0
2026-05-29 08:16:14.815 | INFO     | models.demos.wormhole.stable_diffusion.tt.ttnn_functional_unet_2d_condition_model_new_conv:__call__:491 - Up block 1
2026-05-29 08:16:14.820 | INFO     | models.demos.wormhole.stable_diffusion.tt.ttnn_functional_unet_2d_condition_model_new_conv:__call__:491 - Up block 2
2026-05-29 08:16:14.828 | INFO     | models.demos.wormhole.stable_diffusion.tt.ttnn_functional_unet_2d_condition_model_new_conv:__call__:491 - Up block 3
2026-05-29 08:16:14.849 | INFO     | models.demos.wormhole.stable_diffusion.tt.ttnn_functional_unet_2d_condition_model_new_conv:__call__:406 - Down block 0
2026-05-29 08:16:14.855 | info     |              Op | act_block_h_override 2 is not a valid override for padded_output_height_ntiles_per_core 7, instead 1 was selected as closest valid option! (conv2d_utils.cpp:401)
2026-05-29 08:16:14.856 | INFO     | models.demos.wormhole.stable_diffusion.tt.ttnn_functional_unet_2d_condition_model_new_conv:__call__:406 - Down block 1
2026-05-29 08:16:14.861 | INFO     | models.demos.wormhole.stable_diffusion.tt.ttnn_functional_unet_2d_condition_model_new_conv:__call__:406 - Down block 2
2026-05-29 08:16:14.865 | INFO     | models.demos.wormhole.stable_diffusion.tt.ttnn_functional_unet_2d_condition_model_new_conv:__call__:406 - Down block 3
2026-05-29 08:16:14.865 | INFO     | models.demos.wormhole.stable_diffusion.tt.ttnn_functional_unet_2d_condition_model_new_conv:__call__:460 - Mid block
2026-05-29 08:16:14.866 | warning  |              Op | Mismatch between computed MemoryConfig(memory_layout=TensorMemoryLayout::BLOCK_SHARDED,buffer_type=BufferType::L1,shard_spec=ShardSpec(grid={[(x=0,y=0) - (x=7,y=3)]},shape={32, 160},orientation=ShardOrientation::ROW_MAJOR),nd_shard_spec=NdShardSpec(shard_shape=Shape([32, 160]),grid={[(x=0,y=0) - (x=7,y=3)]},orientation=ShardOrientation::ROW_MAJOR,shard_distribution_strategy=ShardDistributionStrategy::GRID_2D),created_with_nd_shard_spec=0) and provided MemoryConfig(memory_layout=TensorMemoryLayout::BLOCK_SHARDED,buffer_type=BufferType::L1,shard_spec=ShardSpec(grid={[(x=0,y=0) - (x=7,y=7)]},shape={32, 160},orientation=ShardOrientation::ROW_MAJOR),nd_shard_spec=std::nullopt,created_with_nd_shard_spec=0) mem config. Using computed config. (matmul_op.cpp:1674)
2026-05-29 08:16:14.867 | INFO     | models.demos.wormhole.stable_diffusion.tt.ttnn_functional_unet_2d_condition_model_new_conv:__call__:491 - Up block 0
2026-05-29 08:16:14.868 | INFO     | models.demos.wormhole.stable_diffusion.tt.ttnn_functional_unet_2d_condition_model_new_conv:__call__:491 - Up block 1
2026-05-29 08:16:14.873 | INFO     | models.demos.wormhole.stable_diffusion.tt.ttnn_functional_unet_2d_condition_model_new_conv:__call__:491 - Up block 2
2026-05-29 08:16:14.881 | INFO     | models.demos.wormhole.stable_diffusion.tt.ttnn_functional_unet_2d_condition_model_new_conv:__call__:491 - Up block 3
  Step 5/41
2026-05-29 08:16:14.904 | INFO     | models.demos.wormhole.stable_diffusion.tt.ttnn_functional_unet_2d_condition_model_new_conv:__call__:406 - Down block 0
2026-05-29 08:16:14.910 | info     |              Op | act_block_h_override 2 is not a valid override for padded_output_height_ntiles_per_core 7, instead 1 was selected as closest valid option! (conv2d_utils.cpp:401)
2026-05-29 08:16:14.911 | INFO     | models.demos.wormhole.stable_diffusion.tt.ttnn_functional_unet_2d_condition_model_new_conv:__call__:406 - Down block 1
2026-05-29 08:16:14.916 | INFO     | models.demos.wormhole.stable_diffusion.tt.ttnn_functional_unet_2d_condition_model_new_conv:__call__:406 - Down block 2
2026-05-29 08:16:14.919 | INFO     | models.demos.wormhole.stable_diffusion.tt.ttnn_functional_unet_2d_condition_model_new_conv:__call__:406 - Down block 3
2026-05-29 08:16:14.920 | INFO     | models.demos.wormhole.stable_diffusion.tt.ttnn_functional_unet_2d_condition_model_new_conv:__call__:460 - Mid block
2026-05-29 08:16:14.921 | warning  |              Op | Mismatch between computed MemoryConfig(memory_layout=TensorMemoryLayout::BLOCK_SHARDED,buffer_type=BufferType::L1,shard_spec=ShardSpec(grid={[(x=0,y=0) - (x=7,y=3)]},shape={32, 160},orientation=ShardOrientation::ROW_MAJOR),nd_shard_spec=NdShardSpec(shard_shape=Shape([32, 160]),grid={[(x=0,y=0) - (x=7,y=3)]},orientation=ShardOrientation::ROW_MAJOR,shard_distribution_strategy=ShardDistributionStrategy::GRID_2D),created_with_nd_shard_spec=0) and provided MemoryConfig(memory_layout=TensorMemoryLayout::BLOCK_SHARDED,buffer_type=BufferType::L1,shard_spec=ShardSpec(grid={[(x=0,y=0) - (x=7,y=7)]},shape={32, 160},orientation=ShardOrientation::ROW_MAJOR),nd_shard_spec=std::nullopt,created_with_nd_shard_spec=0) mem config. Using computed config. (matmul_op.cpp:1674)
2026-05-29 08:16:14.922 | INFO     | models.demos.wormhole.stable_diffusion.tt.ttnn_functional_unet_2d_condition_model_new_conv:__call__:491 - Up block 0
2026-05-29 08:16:14.923 | INFO     | models.demos.wormhole.stable_diffusion.tt.ttnn_functional_unet_2d_condition_model_new_conv:__call__:491 - Up block 1
2026-05-29 08:16:14.928 | INFO     | models.demos.wormhole.stable_diffusion.tt.ttnn_functional_unet_2d_condition_model_new_conv:__call__:491 - Up block 2
2026-05-29 08:16:14.936 | INFO     | models.demos.wormhole.stable_diffusion.tt.ttnn_functional_unet_2d_condition_model_new_conv:__call__:491 - Up block 3
2026-05-29 08:16:14.957 | INFO     | models.demos.wormhole.stable_diffusion.tt.ttnn_functional_unet_2d_condition_model_new_conv:__call__:406 - Down block 0
2026-05-29 08:16:14.963 | info     |              Op | act_block_h_override 2 is not a valid override for padded_output_height_ntiles_per_core 7, instead 1 was selected as closest valid option! (conv2d_utils.cpp:401)
2026-05-29 08:16:14.963 | INFO     | models.demos.wormhole.stable_diffusion.tt.ttnn_functional_unet_2d_condition_model_new_conv:__call__:406 - Down block 1
2026-05-29 08:16:14.968 | INFO     | models.demos.wormhole.stable_diffusion.tt.ttnn_functional_unet_2d_condition_model_new_conv:__call__:406 - Down block 2
2026-05-29 08:16:14.971 | INFO     | models.demos.wormhole.stable_diffusion.tt.ttnn_functional_unet_2d_condition_model_new_conv:__call__:406 - Down block 3
2026-05-29 08:16:14.972 | INFO     | models.demos.wormhole.stable_diffusion.tt.ttnn_functional_unet_2d_condition_model_new_conv:__call__:460 - Mid block
2026-05-29 08:16:14.973 | warning  |              Op | Mismatch between computed MemoryConfig(memory_layout=TensorMemoryLayout::BLOCK_SHARDED,buffer_type=BufferType::L1,shard_spec=ShardSpec(grid={[(x=0,y=0) - (x=7,y=3)]},shape={32, 160},orientation=ShardOrientation::ROW_MAJOR),nd_shard_spec=NdShardSpec(shard_shape=Shape([32, 160]),grid={[(x=0,y=0) - (x=7,y=3)]},orientation=ShardOrientation::ROW_MAJOR,shard_distribution_strategy=ShardDistributionStrategy::GRID_2D),created_with_nd_shard_spec=0) and provided MemoryConfig(memory_layout=TensorMemoryLayout::BLOCK_SHARDED,buffer_type=BufferType::L1,shard_spec=ShardSpec(grid={[(x=0,y=0) - (x=7,y=7)]},shape={32, 160},orientation=ShardOrientation::ROW_MAJOR),nd_shard_spec=std::nullopt,created_with_nd_shard_spec=0) mem config. Using computed config. (matmul_op.cpp:1674)
2026-05-29 08:16:14.974 | INFO     | models.demos.wormhole.stable_diffusion.tt.ttnn_functional_unet_2d_condition_model_new_conv:__call__:491 - Up block 0
2026-05-29 08:16:14.975 | INFO     | models.demos.wormhole.stable_diffusion.tt.ttnn_functional_unet_2d_condition_model_new_conv:__call__:491 - Up block 1
2026-05-29 08:16:14.980 | INFO     | models.demos.wormhole.stable_diffusion.tt.ttnn_functional_unet_2d_condition_model_new_conv:__call__:491 - Up block 2
2026-05-29 08:16:14.988 | INFO     | models.demos.wormhole.stable_diffusion.tt.ttnn_functional_unet_2d_condition_model_new_conv:__call__:491 - Up block 3
2026-05-29 08:16:15.009 | INFO     | models.demos.wormhole.stable_diffusion.tt.ttnn_functional_unet_2d_condition_model_new_conv:__call__:406 - Down block 0
2026-05-29 08:16:15.015 | info     |              Op | act_block_h_override 2 is not a valid override for padded_output_height_ntiles_per_core 7, instead 1 was selected as closest valid option! (conv2d_utils.cpp:401)
2026-05-29 08:16:15.015 | INFO     | models.demos.wormhole.stable_diffusion.tt.ttnn_functional_unet_2d_condition_model_new_conv:__call__:406 - Down block 1
2026-05-29 08:16:15.021 | INFO     | models.demos.wormhole.stable_diffusion.tt.ttnn_functional_unet_2d_condition_model_new_conv:__call__:406 - Down block 2
2026-05-29 08:16:15.024 | INFO     | models.demos.wormhole.stable_diffusion.tt.ttnn_functional_unet_2d_condition_model_new_conv:__call__:406 - Down block 3
2026-05-29 08:16:15.025 | INFO     | models.demos.wormhole.stable_diffusion.tt.ttnn_functional_unet_2d_condition_model_new_conv:__call__:460 - Mid block
2026-05-29 08:16:15.025 | warning  |              Op | Mismatch between computed MemoryConfig(memory_layout=TensorMemoryLayout::BLOCK_SHARDED,buffer_type=BufferType::L1,shard_spec=ShardSpec(grid={[(x=0,y=0) - (x=7,y=3)]},shape={32, 160},orientation=ShardOrientation::ROW_MAJOR),nd_shard_spec=NdShardSpec(shard_shape=Shape([32, 160]),grid={[(x=0,y=0) - (x=7,y=3)]},orientation=ShardOrientation::ROW_MAJOR,shard_distribution_strategy=ShardDistributionStrategy::GRID_2D),created_with_nd_shard_spec=0) and provided MemoryConfig(memory_layout=TensorMemoryLayout::BLOCK_SHARDED,buffer_type=BufferType::L1,shard_spec=ShardSpec(grid={[(x=0,y=0) - (x=7,y=7)]},shape={32, 160},orientation=ShardOrientation::ROW_MAJOR),nd_shard_spec=std::nullopt,created_with_nd_shard_spec=0) mem config. Using computed config. (matmul_op.cpp:1674)
2026-05-29 08:16:15.027 | INFO     | models.demos.wormhole.stable_diffusion.tt.ttnn_functional_unet_2d_condition_model_new_conv:__call__:491 - Up block 0
2026-05-29 08:16:15.028 | INFO     | models.demos.wormhole.stable_diffusion.tt.ttnn_functional_unet_2d_condition_model_new_conv:__call__:491 - Up block 1
2026-05-29 08:16:15.033 | INFO     | models.demos.wormhole.stable_diffusion.tt.ttnn_functional_unet_2d_condition_model_new_conv:__call__:491 - Up block 2
2026-05-29 08:16:15.041 | INFO     | models.demos.wormhole.stable_diffusion.tt.ttnn_functional_unet_2d_condition_model_new_conv:__call__:491 - Up block 3
2026-05-29 08:16:15.061 | INFO     | models.demos.wormhole.stable_diffusion.tt.ttnn_functional_unet_2d_condition_model_new_conv:__call__:406 - Down block 0
2026-05-29 08:16:15.067 | info     |              Op | act_block_h_override 2 is not a valid override for padded_output_height_ntiles_per_core 7, instead 1 was selected as closest valid option! (conv2d_utils.cpp:401)
2026-05-29 08:16:15.067 | INFO     | models.demos.wormhole.stable_diffusion.tt.ttnn_functional_unet_2d_condition_model_new_conv:__call__:406 - Down block 1
2026-05-29 08:16:15.072 | INFO     | models.demos.wormhole.stable_diffusion.tt.ttnn_functional_unet_2d_condition_model_new_conv:__call__:406 - Down block 2
2026-05-29 08:16:15.076 | INFO     | models.demos.wormhole.stable_diffusion.tt.ttnn_functional_unet_2d_condition_model_new_conv:__call__:406 - Down block 3
2026-05-29 08:16:15.077 | INFO     | models.demos.wormhole.stable_diffusion.tt.ttnn_functional_unet_2d_condition_model_new_conv:__call__:460 - Mid block
2026-05-29 08:16:15.077 | warning  |              Op | Mismatch between computed MemoryConfig(memory_layout=TensorMemoryLayout::BLOCK_SHARDED,buffer_type=BufferType::L1,shard_spec=ShardSpec(grid={[(x=0,y=0) - (x=7,y=3)]},shape={32, 160},orientation=ShardOrientation::ROW_MAJOR),nd_shard_spec=NdShardSpec(shard_shape=Shape([32, 160]),grid={[(x=0,y=0) - (x=7,y=3)]},orientation=ShardOrientation::ROW_MAJOR,shard_distribution_strategy=ShardDistributionStrategy::GRID_2D),created_with_nd_shard_spec=0) and provided MemoryConfig(memory_layout=TensorMemoryLayout::BLOCK_SHARDED,buffer_type=BufferType::L1,shard_spec=ShardSpec(grid={[(x=0,y=0) - (x=7,y=7)]},shape={32, 160},orientation=ShardOrientation::ROW_MAJOR),nd_shard_spec=std::nullopt,created_with_nd_shard_spec=0) mem config. Using computed config. (matmul_op.cpp:1674)
2026-05-29 08:16:15.078 | INFO     | models.demos.wormhole.stable_diffusion.tt.ttnn_functional_unet_2d_condition_model_new_conv:__call__:491 - Up block 0
2026-05-29 08:16:15.080 | INFO     | models.demos.wormhole.stable_diffusion.tt.ttnn_functional_unet_2d_condition_model_new_conv:__call__:491 - Up block 1
2026-05-29 08:16:15.084 | INFO     | models.demos.wormhole.stable_diffusion.tt.ttnn_functional_unet_2d_condition_model_new_conv:__call__:491 - Up block 2
2026-05-29 08:16:15.093 | INFO     | models.demos.wormhole.stable_diffusion.tt.ttnn_functional_unet_2d_condition_model_new_conv:__call__:491 - Up block 3
2026-05-29 08:16:15.113 | INFO     | models.demos.wormhole.stable_diffusion.tt.ttnn_functional_unet_2d_condition_model_new_conv:__call__:406 - Down block 0
2026-05-29 08:16:15.119 | info     |              Op | act_block_h_override 2 is not a valid override for padded_output_height_ntiles_per_core 7, instead 1 was selected as closest valid option! (conv2d_utils.cpp:401)
2026-05-29 08:16:15.119 | INFO     | models.demos.wormhole.stable_diffusion.tt.ttnn_functional_unet_2d_condition_model_new_conv:__call__:406 - Down block 1
2026-05-29 08:16:15.124 | INFO     | models.demos.wormhole.stable_diffusion.tt.ttnn_functional_unet_2d_condition_model_new_conv:__call__:406 - Down block 2
2026-05-29 08:16:15.127 | INFO     | models.demos.wormhole.stable_diffusion.tt.ttnn_functional_unet_2d_condition_model_new_conv:__call__:406 - Down block 3
2026-05-29 08:16:15.128 | INFO     | models.demos.wormhole.stable_diffusion.tt.ttnn_functional_unet_2d_condition_model_new_conv:__call__:460 - Mid block
2026-05-29 08:16:15.128 | warning  |              Op | Mismatch between computed MemoryConfig(memory_layout=TensorMemoryLayout::BLOCK_SHARDED,buffer_type=BufferType::L1,shard_spec=ShardSpec(grid={[(x=0,y=0) - (x=7,y=3)]},shape={32, 160},orientation=ShardOrientation::ROW_MAJOR),nd_shard_spec=NdShardSpec(shard_shape=Shape([32, 160]),grid={[(x=0,y=0) - (x=7,y=3)]},orientation=ShardOrientation::ROW_MAJOR,shard_distribution_strategy=ShardDistributionStrategy::GRID_2D),created_with_nd_shard_spec=0) and provided MemoryConfig(memory_layout=TensorMemoryLayout::BLOCK_SHARDED,buffer_type=BufferType::L1,shard_spec=ShardSpec(grid={[(x=0,y=0) - (x=7,y=7)]},shape={32, 160},orientation=ShardOrientation::ROW_MAJOR),nd_shard_spec=std::nullopt,created_with_nd_shard_spec=0) mem config. Using computed config. (matmul_op.cpp:1674)
2026-05-29 08:16:15.130 | INFO     | models.demos.wormhole.stable_diffusion.tt.ttnn_functional_unet_2d_condition_model_new_conv:__call__:491 - Up block 0
2026-05-29 08:16:15.131 | INFO     | models.demos.wormhole.stable_diffusion.tt.ttnn_functional_unet_2d_condition_model_new_conv:__call__:491 - Up block 1
2026-05-29 08:16:15.136 | INFO     | models.demos.wormhole.stable_diffusion.tt.ttnn_functional_unet_2d_condition_model_new_conv:__call__:491 - Up block 2
2026-05-29 08:16:15.144 | INFO     | models.demos.wormhole.stable_diffusion.tt.ttnn_functional_unet_2d_condition_model_new_conv:__call__:491 - Up block 3
2026-05-29 08:16:15.165 | INFO     | models.demos.wormhole.stable_diffusion.tt.ttnn_functional_unet_2d_condition_model_new_conv:__call__:406 - Down block 0
2026-05-29 08:16:15.171 | info     |              Op | act_block_h_override 2 is not a valid override for padded_output_height_ntiles_per_core 7, instead 1 was selected as closest valid option! (conv2d_utils.cpp:401)
2026-05-29 08:16:15.171 | INFO     | models.demos.wormhole.stable_diffusion.tt.ttnn_functional_unet_2d_condition_model_new_conv:__call__:406 - Down block 1
2026-05-29 08:16:15.176 | INFO     | models.demos.wormhole.stable_diffusion.tt.ttnn_functional_unet_2d_condition_model_new_conv:__call__:406 - Down block 2
2026-05-29 08:16:15.179 | INFO     | models.demos.wormhole.stable_diffusion.tt.ttnn_functional_unet_2d_condition_model_new_conv:__call__:406 - Down block 3
2026-05-29 08:16:15.180 | INFO     | models.demos.wormhole.stable_diffusion.tt.ttnn_functional_unet_2d_condition_model_new_conv:__call__:460 - Mid block
2026-05-29 08:16:15.180 | warning  |              Op | Mismatch between computed MemoryConfig(memory_layout=TensorMemoryLayout::BLOCK_SHARDED,buffer_type=BufferType::L1,shard_spec=ShardSpec(grid={[(x=0,y=0) - (x=7,y=3)]},shape={32, 160},orientation=ShardOrientation::ROW_MAJOR),nd_shard_spec=NdShardSpec(shard_shape=Shape([32, 160]),grid={[(x=0,y=0) - (x=7,y=3)]},orientation=ShardOrientation::ROW_MAJOR,shard_distribution_strategy=ShardDistributionStrategy::GRID_2D),created_with_nd_shard_spec=0) and provided MemoryConfig(memory_layout=TensorMemoryLayout::BLOCK_SHARDED,buffer_type=BufferType::L1,shard_spec=ShardSpec(grid={[(x=0,y=0) - (x=7,y=7)]},shape={32, 160},orientation=ShardOrientation::ROW_MAJOR),nd_shard_spec=std::nullopt,created_with_nd_shard_spec=0) mem config. Using computed config. (matmul_op.cpp:1674)
2026-05-29 08:16:15.182 | INFO     | models.demos.wormhole.stable_diffusion.tt.ttnn_functional_unet_2d_condition_model_new_conv:__call__:491 - Up block 0
2026-05-29 08:16:15.183 | INFO     | models.demos.wormhole.stable_diffusion.tt.ttnn_functional_unet_2d_condition_model_new_conv:__call__:491 - Up block 1
2026-05-29 08:16:15.188 | INFO     | models.demos.wormhole.stable_diffusion.tt.ttnn_functional_unet_2d_condition_model_new_conv:__call__:491 - Up block 2
2026-05-29 08:16:15.196 | INFO     | models.demos.wormhole.stable_diffusion.tt.ttnn_functional_unet_2d_condition_model_new_conv:__call__:491 - Up block 3
2026-05-29 08:16:15.217 | INFO     | models.demos.wormhole.stable_diffusion.tt.ttnn_functional_unet_2d_condition_model_new_conv:__call__:406 - Down block 0
2026-05-29 08:16:15.223 | info     |              Op | act_block_h_override 2 is not a valid override for padded_output_height_ntiles_per_core 7, instead 1 was selected as closest valid option! (conv2d_utils.cpp:401)
2026-05-29 08:16:15.223 | INFO     | models.demos.wormhole.stable_diffusion.tt.ttnn_functional_unet_2d_condition_model_new_conv:__call__:406 - Down block 1
2026-05-29 08:16:15.228 | INFO     | models.demos.wormhole.stable_diffusion.tt.ttnn_functional_unet_2d_condition_model_new_conv:__call__:406 - Down block 2
2026-05-29 08:16:15.231 | INFO     | models.demos.wormhole.stable_diffusion.tt.ttnn_functional_unet_2d_condition_model_new_conv:__call__:406 - Down block 3
2026-05-29 08:16:15.232 | INFO     | models.demos.wormhole.stable_diffusion.tt.ttnn_functional_unet_2d_condition_model_new_conv:__call__:460 - Mid block
2026-05-29 08:16:15.233 | warning  |              Op | Mismatch between computed MemoryConfig(memory_layout=TensorMemoryLayout::BLOCK_SHARDED,buffer_type=BufferType::L1,shard_spec=ShardSpec(grid={[(x=0,y=0) - (x=7,y=3)]},shape={32, 160},orientation=ShardOrientation::ROW_MAJOR),nd_shard_spec=NdShardSpec(shard_shape=Shape([32, 160]),grid={[(x=0,y=0) - (x=7,y=3)]},orientation=ShardOrientation::ROW_MAJOR,shard_distribution_strategy=ShardDistributionStrategy::GRID_2D),created_with_nd_shard_spec=0) and provided MemoryConfig(memory_layout=TensorMemoryLayout::BLOCK_SHARDED,buffer_type=BufferType::L1,shard_spec=ShardSpec(grid={[(x=0,y=0) - (x=7,y=7)]},shape={32, 160},orientation=ShardOrientation::ROW_MAJOR),nd_shard_spec=std::nullopt,created_with_nd_shard_spec=0) mem config. Using computed config. (matmul_op.cpp:1674)
2026-05-29 08:16:15.234 | INFO     | models.demos.wormhole.stable_diffusion.tt.ttnn_functional_unet_2d_condition_model_new_conv:__call__:491 - Up block 0
2026-05-29 08:16:15.235 | INFO     | models.demos.wormhole.stable_diffusion.tt.ttnn_functional_unet_2d_condition_model_new_conv:__call__:491 - Up block 1
2026-05-29 08:16:15.240 | INFO     | models.demos.wormhole.stable_diffusion.tt.ttnn_functional_unet_2d_condition_model_new_conv:__call__:491 - Up block 2
2026-05-29 08:16:15.248 | INFO     | models.demos.wormhole.stable_diffusion.tt.ttnn_functional_unet_2d_condition_model_new_conv:__call__:491 - Up block 3
2026-05-29 08:16:15.269 | INFO     | models.demos.wormhole.stable_diffusion.tt.ttnn_functional_unet_2d_condition_model_new_conv:__call__:406 - Down block 0
2026-05-29 08:16:15.275 | info     |              Op | act_block_h_override 2 is not a valid override for padded_output_height_ntiles_per_core 7, instead 1 was selected as closest valid option! (conv2d_utils.cpp:401)
2026-05-29 08:16:15.275 | INFO     | models.demos.wormhole.stable_diffusion.tt.ttnn_functional_unet_2d_condition_model_new_conv:__call__:406 - Down block 1
2026-05-29 08:16:15.280 | INFO     | models.demos.wormhole.stable_diffusion.tt.ttnn_functional_unet_2d_condition_model_new_conv:__call__:406 - Down block 2
2026-05-29 08:16:15.283 | INFO     | models.demos.wormhole.stable_diffusion.tt.ttnn_functional_unet_2d_condition_model_new_conv:__call__:406 - Down block 3
2026-05-29 08:16:15.284 | INFO     | models.demos.wormhole.stable_diffusion.tt.ttnn_functional_unet_2d_condition_model_new_conv:__call__:460 - Mid block
2026-05-29 08:16:15.284 | warning  |              Op | Mismatch between computed MemoryConfig(memory_layout=TensorMemoryLayout::BLOCK_SHARDED,buffer_type=BufferType::L1,shard_spec=ShardSpec(grid={[(x=0,y=0) - (x=7,y=3)]},shape={32, 160},orientation=ShardOrientation::ROW_MAJOR),nd_shard_spec=NdShardSpec(shard_shape=Shape([32, 160]),grid={[(x=0,y=0) - (x=7,y=3)]},orientation=ShardOrientation::ROW_MAJOR,shard_distribution_strategy=ShardDistributionStrategy::GRID_2D),created_with_nd_shard_spec=0) and provided MemoryConfig(memory_layout=TensorMemoryLayout::BLOCK_SHARDED,buffer_type=BufferType::L1,shard_spec=ShardSpec(grid={[(x=0,y=0) - (x=7,y=7)]},shape={32, 160},orientation=ShardOrientation::ROW_MAJOR),nd_shard_spec=std::nullopt,created_with_nd_shard_spec=0) mem config. Using computed config. (matmul_op.cpp:1674)
2026-05-29 08:16:15.286 | INFO     | models.demos.wormhole.stable_diffusion.tt.ttnn_functional_unet_2d_condition_model_new_conv:__call__:491 - Up block 0
2026-05-29 08:16:15.287 | INFO     | models.demos.wormhole.stable_diffusion.tt.ttnn_functional_unet_2d_condition_model_new_conv:__call__:491 - Up block 1
2026-05-29 08:16:15.292 | INFO     | models.demos.wormhole.stable_diffusion.tt.ttnn_functional_unet_2d_condition_model_new_conv:__call__:491 - Up block 2
2026-05-29 08:16:15.300 | INFO     | models.demos.wormhole.stable_diffusion.tt.ttnn_functional_unet_2d_condition_model_new_conv:__call__:491 - Up block 3
  Step 6/41
2026-05-29 08:16:15.323 | INFO     | models.demos.wormhole.stable_diffusion.tt.ttnn_functional_unet_2d_condition_model_new_conv:__call__:406 - Down block 0
2026-05-29 08:16:15.329 | info     |              Op | act_block_h_override 2 is not a valid override for padded_output_height_ntiles_per_core 7, instead 1 was selected as closest valid option! (conv2d_utils.cpp:401)
2026-05-29 08:16:15.329 | INFO     | models.demos.wormhole.stable_diffusion.tt.ttnn_functional_unet_2d_condition_model_new_conv:__call__:406 - Down block 1
2026-05-29 08:16:15.336 | INFO     | models.demos.wormhole.stable_diffusion.tt.ttnn_functional_unet_2d_condition_model_new_conv:__call__:406 - Down block 2
2026-05-29 08:16:15.339 | INFO     | models.demos.wormhole.stable_diffusion.tt.ttnn_functional_unet_2d_condition_model_new_conv:__call__:406 - Down block 3
2026-05-29 08:16:15.340 | INFO     | models.demos.wormhole.stable_diffusion.tt.ttnn_functional_unet_2d_condition_model_new_conv:__call__:460 - Mid block
2026-05-29 08:16:15.340 | warning  |              Op | Mismatch between computed MemoryConfig(memory_layout=TensorMemoryLayout::BLOCK_SHARDED,buffer_type=BufferType::L1,shard_spec=ShardSpec(grid={[(x=0,y=0) - (x=7,y=3)]},shape={32, 160},orientation=ShardOrientation::ROW_MAJOR),nd_shard_spec=NdShardSpec(shard_shape=Shape([32, 160]),grid={[(x=0,y=0) - (x=7,y=3)]},orientation=ShardOrientation::ROW_MAJOR,shard_distribution_strategy=ShardDistributionStrategy::GRID_2D),created_with_nd_shard_spec=0) and provided MemoryConfig(memory_layout=TensorMemoryLayout::BLOCK_SHARDED,buffer_type=BufferType::L1,shard_spec=ShardSpec(grid={[(x=0,y=0) - (x=7,y=7)]},shape={32, 160},orientation=ShardOrientation::ROW_MAJOR),nd_shard_spec=std::nullopt,created_with_nd_shard_spec=0) mem config. Using computed config. (matmul_op.cpp:1674)
2026-05-29 08:16:15.342 | INFO     | models.demos.wormhole.stable_diffusion.tt.ttnn_functional_unet_2d_condition_model_new_conv:__call__:491 - Up block 0
2026-05-29 08:16:15.343 | INFO     | models.demos.wormhole.stable_diffusion.tt.ttnn_functional_unet_2d_condition_model_new_conv:__call__:491 - Up block 1
2026-05-29 08:16:15.348 | INFO     | models.demos.wormhole.stable_diffusion.tt.ttnn_functional_unet_2d_condition_model_new_conv:__call__:491 - Up block 2
2026-05-29 08:16:15.356 | INFO     | models.demos.wormhole.stable_diffusion.tt.ttnn_functional_unet_2d_condition_model_new_conv:__call__:491 - Up block 3
2026-05-29 08:16:15.376 | INFO     | models.demos.wormhole.stable_diffusion.tt.ttnn_functional_unet_2d_condition_model_new_conv:__call__:406 - Down block 0
2026-05-29 08:16:15.382 | info     |              Op | act_block_h_override 2 is not a valid override for padded_output_height_ntiles_per_core 7, instead 1 was selected as closest valid option! (conv2d_utils.cpp:401)
2026-05-29 08:16:15.382 | INFO     | models.demos.wormhole.stable_diffusion.tt.ttnn_functional_unet_2d_condition_model_new_conv:__call__:406 - Down block 1
2026-05-29 08:16:15.387 | INFO     | models.demos.wormhole.stable_diffusion.tt.ttnn_functional_unet_2d_condition_model_new_conv:__call__:406 - Down block 2
2026-05-29 08:16:15.391 | INFO     | models.demos.wormhole.stable_diffusion.tt.ttnn_functional_unet_2d_condition_model_new_conv:__call__:406 - Down block 3
2026-05-29 08:16:15.391 | INFO     | models.demos.wormhole.stable_diffusion.tt.ttnn_functional_unet_2d_condition_model_new_conv:__call__:460 - Mid block
2026-05-29 08:16:15.392 | warning  |              Op | Mismatch between computed MemoryConfig(memory_layout=TensorMemoryLayout::BLOCK_SHARDED,buffer_type=BufferType::L1,shard_spec=ShardSpec(grid={[(x=0,y=0) - (x=7,y=3)]},shape={32, 160},orientation=ShardOrientation::ROW_MAJOR),nd_shard_spec=NdShardSpec(shard_shape=Shape([32, 160]),grid={[(x=0,y=0) - (x=7,y=3)]},orientation=ShardOrientation::ROW_MAJOR,shard_distribution_strategy=ShardDistributionStrategy::GRID_2D),created_with_nd_shard_spec=0) and provided MemoryConfig(memory_layout=TensorMemoryLayout::BLOCK_SHARDED,buffer_type=BufferType::L1,shard_spec=ShardSpec(grid={[(x=0,y=0) - (x=7,y=7)]},shape={32, 160},orientation=ShardOrientation::ROW_MAJOR),nd_shard_spec=std::nullopt,created_with_nd_shard_spec=0) mem config. Using computed config. (matmul_op.cpp:1674)
2026-05-29 08:16:15.393 | INFO     | models.demos.wormhole.stable_diffusion.tt.ttnn_functional_unet_2d_condition_model_new_conv:__call__:491 - Up block 0
2026-05-29 08:16:15.394 | INFO     | models.demos.wormhole.stable_diffusion.tt.ttnn_functional_unet_2d_condition_model_new_conv:__call__:491 - Up block 1
2026-05-29 08:16:15.399 | INFO     | models.demos.wormhole.stable_diffusion.tt.ttnn_functional_unet_2d_condition_model_new_conv:__call__:491 - Up block 2
2026-05-29 08:16:15.407 | INFO     | models.demos.wormhole.stable_diffusion.tt.ttnn_functional_unet_2d_condition_model_new_conv:__call__:491 - Up block 3
2026-05-29 08:16:15.429 | INFO     | models.demos.wormhole.stable_diffusion.tt.ttnn_functional_unet_2d_condition_model_new_conv:__call__:406 - Down block 0
2026-05-29 08:16:15.435 | info     |              Op | act_block_h_override 2 is not a valid override for padded_output_height_ntiles_per_core 7, instead 1 was selected as closest valid option! (conv2d_utils.cpp:401)
2026-05-29 08:16:15.435 | INFO     | models.demos.wormhole.stable_diffusion.tt.ttnn_functional_unet_2d_condition_model_new_conv:__call__:406 - Down block 1
2026-05-29 08:16:15.441 | INFO     | models.demos.wormhole.stable_diffusion.tt.ttnn_functional_unet_2d_condition_model_new_conv:__call__:406 - Down block 2
2026-05-29 08:16:15.444 | INFO     | models.demos.wormhole.stable_diffusion.tt.ttnn_functional_unet_2d_condition_model_new_conv:__call__:406 - Down block 3
2026-05-29 08:16:15.445 | INFO     | models.demos.wormhole.stable_diffusion.tt.ttnn_functional_unet_2d_condition_model_new_conv:__call__:460 - Mid block
2026-05-29 08:16:15.446 | warning  |              Op | Mismatch between computed MemoryConfig(memory_layout=TensorMemoryLayout::BLOCK_SHARDED,buffer_type=BufferType::L1,shard_spec=ShardSpec(grid={[(x=0,y=0) - (x=7,y=3)]},shape={32, 160},orientation=ShardOrientation::ROW_MAJOR),nd_shard_spec=NdShardSpec(shard_shape=Shape([32, 160]),grid={[(x=0,y=0) - (x=7,y=3)]},orientation=ShardOrientation::ROW_MAJOR,shard_distribution_strategy=ShardDistributionStrategy::GRID_2D),created_with_nd_shard_spec=0) and provided MemoryConfig(memory_layout=TensorMemoryLayout::BLOCK_SHARDED,buffer_type=BufferType::L1,shard_spec=ShardSpec(grid={[(x=0,y=0) - (x=7,y=7)]},shape={32, 160},orientation=ShardOrientation::ROW_MAJOR),nd_shard_spec=std::nullopt,created_with_nd_shard_spec=0) mem config. Using computed config. (matmul_op.cpp:1674)
2026-05-29 08:16:15.447 | INFO     | models.demos.wormhole.stable_diffusion.tt.ttnn_functional_unet_2d_condition_model_new_conv:__call__:491 - Up block 0
2026-05-29 08:16:15.448 | INFO     | models.demos.wormhole.stable_diffusion.tt.ttnn_functional_unet_2d_condition_model_new_conv:__call__:491 - Up block 1
2026-05-29 08:16:15.453 | INFO     | models.demos.wormhole.stable_diffusion.tt.ttnn_functional_unet_2d_condition_model_new_conv:__call__:491 - Up block 2
2026-05-29 08:16:15.462 | INFO     | models.demos.wormhole.stable_diffusion.tt.ttnn_functional_unet_2d_condition_model_new_conv:__call__:491 - Up block 3
2026-05-29 08:16:15.482 | INFO     | models.demos.wormhole.stable_diffusion.tt.ttnn_functional_unet_2d_condition_model_new_conv:__call__:406 - Down block 0
2026-05-29 08:16:15.487 | info     |              Op | act_block_h_override 2 is not a valid override for padded_output_height_ntiles_per_core 7, instead 1 was selected as closest valid option! (conv2d_utils.cpp:401)
2026-05-29 08:16:15.488 | INFO     | models.demos.wormhole.stable_diffusion.tt.ttnn_functional_unet_2d_condition_model_new_conv:__call__:406 - Down block 1
2026-05-29 08:16:15.493 | INFO     | models.demos.wormhole.stable_diffusion.tt.ttnn_functional_unet_2d_condition_model_new_conv:__call__:406 - Down block 2
2026-05-29 08:16:15.497 | INFO     | models.demos.wormhole.stable_diffusion.tt.ttnn_functional_unet_2d_condition_model_new_conv:__call__:406 - Down block 3
2026-05-29 08:16:15.497 | INFO     | models.demos.wormhole.stable_diffusion.tt.ttnn_functional_unet_2d_condition_model_new_conv:__call__:460 - Mid block
2026-05-29 08:16:15.498 | warning  |              Op | Mismatch between computed MemoryConfig(memory_layout=TensorMemoryLayout::BLOCK_SHARDED,buffer_type=BufferType::L1,shard_spec=ShardSpec(grid={[(x=0,y=0) - (x=7,y=3)]},shape={32, 160},orientation=ShardOrientation::ROW_MAJOR),nd_shard_spec=NdShardSpec(shard_shape=Shape([32, 160]),grid={[(x=0,y=0) - (x=7,y=3)]},orientation=ShardOrientation::ROW_MAJOR,shard_distribution_strategy=ShardDistributionStrategy::GRID_2D),created_with_nd_shard_spec=0) and provided MemoryConfig(memory_layout=TensorMemoryLayout::BLOCK_SHARDED,buffer_type=BufferType::L1,shard_spec=ShardSpec(grid={[(x=0,y=0) - (x=7,y=7)]},shape={32, 160},orientation=ShardOrientation::ROW_MAJOR),nd_shard_spec=std::nullopt,created_with_nd_shard_spec=0) mem config. Using computed config. (matmul_op.cpp:1674)
2026-05-29 08:16:15.499 | INFO     | models.demos.wormhole.stable_diffusion.tt.ttnn_functional_unet_2d_condition_model_new_conv:__call__:491 - Up block 0
2026-05-29 08:16:15.501 | INFO     | models.demos.wormhole.stable_diffusion.tt.ttnn_functional_unet_2d_condition_model_new_conv:__call__:491 - Up block 1
2026-05-29 08:16:15.506 | INFO     | models.demos.wormhole.stable_diffusion.tt.ttnn_functional_unet_2d_condition_model_new_conv:__call__:491 - Up block 2
2026-05-29 08:16:15.514 | INFO     | models.demos.wormhole.stable_diffusion.tt.ttnn_functional_unet_2d_condition_model_new_conv:__call__:491 - Up block 3
2026-05-29 08:16:15.534 | INFO     | models.demos.wormhole.stable_diffusion.tt.ttnn_functional_unet_2d_condition_model_new_conv:__call__:406 - Down block 0
2026-05-29 08:16:15.540 | info     |              Op | act_block_h_override 2 is not a valid override for padded_output_height_ntiles_per_core 7, instead 1 was selected as closest valid option! (conv2d_utils.cpp:401)
2026-05-29 08:16:15.540 | INFO     | models.demos.wormhole.stable_diffusion.tt.ttnn_functional_unet_2d_condition_model_new_conv:__call__:406 - Down block 1
2026-05-29 08:16:15.546 | INFO     | models.demos.wormhole.stable_diffusion.tt.ttnn_functional_unet_2d_condition_model_new_conv:__call__:406 - Down block 2
2026-05-29 08:16:15.549 | INFO     | models.demos.wormhole.stable_diffusion.tt.ttnn_functional_unet_2d_condition_model_new_conv:__call__:406 - Down block 3
2026-05-29 08:16:15.550 | INFO     | models.demos.wormhole.stable_diffusion.tt.ttnn_functional_unet_2d_condition_model_new_conv:__call__:460 - Mid block
2026-05-29 08:16:15.550 | warning  |              Op | Mismatch between computed MemoryConfig(memory_layout=TensorMemoryLayout::BLOCK_SHARDED,buffer_type=BufferType::L1,shard_spec=ShardSpec(grid={[(x=0,y=0) - (x=7,y=3)]},shape={32, 160},orientation=ShardOrientation::ROW_MAJOR),nd_shard_spec=NdShardSpec(shard_shape=Shape([32, 160]),grid={[(x=0,y=0) - (x=7,y=3)]},orientation=ShardOrientation::ROW_MAJOR,shard_distribution_strategy=ShardDistributionStrategy::GRID_2D),created_with_nd_shard_spec=0) and provided MemoryConfig(memory_layout=TensorMemoryLayout::BLOCK_SHARDED,buffer_type=BufferType::L1,shard_spec=ShardSpec(grid={[(x=0,y=0) - (x=7,y=7)]},shape={32, 160},orientation=ShardOrientation::ROW_MAJOR),nd_shard_spec=std::nullopt,created_with_nd_shard_spec=0) mem config. Using computed config. (matmul_op.cpp:1674)
2026-05-29 08:16:15.552 | INFO     | models.demos.wormhole.stable_diffusion.tt.ttnn_functional_unet_2d_condition_model_new_conv:__call__:491 - Up block 0
2026-05-29 08:16:15.553 | INFO     | models.demos.wormhole.stable_diffusion.tt.ttnn_functional_unet_2d_condition_model_new_conv:__call__:491 - Up block 1
2026-05-29 08:16:15.558 | INFO     | models.demos.wormhole.stable_diffusion.tt.ttnn_functional_unet_2d_condition_model_new_conv:__call__:491 - Up block 2
2026-05-29 08:16:15.566 | INFO     | models.demos.wormhole.stable_diffusion.tt.ttnn_functional_unet_2d_condition_model_new_conv:__call__:491 - Up block 3
2026-05-29 08:16:15.586 | INFO     | models.demos.wormhole.stable_diffusion.tt.ttnn_functional_unet_2d_condition_model_new_conv:__call__:406 - Down block 0
2026-05-29 08:16:15.593 | info     |              Op | act_block_h_override 2 is not a valid override for padded_output_height_ntiles_per_core 7, instead 1 was selected as closest valid option! (conv2d_utils.cpp:401)
2026-05-29 08:16:15.593 | INFO     | models.demos.wormhole.stable_diffusion.tt.ttnn_functional_unet_2d_condition_model_new_conv:__call__:406 - Down block 1
2026-05-29 08:16:15.598 | INFO     | models.demos.wormhole.stable_diffusion.tt.ttnn_functional_unet_2d_condition_model_new_conv:__call__:406 - Down block 2
2026-05-29 08:16:15.602 | INFO     | models.demos.wormhole.stable_diffusion.tt.ttnn_functional_unet_2d_condition_model_new_conv:__call__:406 - Down block 3
2026-05-29 08:16:15.602 | INFO     | models.demos.wormhole.stable_diffusion.tt.ttnn_functional_unet_2d_condition_model_new_conv:__call__:460 - Mid block
2026-05-29 08:16:15.603 | warning  |              Op | Mismatch between computed MemoryConfig(memory_layout=TensorMemoryLayout::BLOCK_SHARDED,buffer_type=BufferType::L1,shard_spec=ShardSpec(grid={[(x=0,y=0) - (x=7,y=3)]},shape={32, 160},orientation=ShardOrientation::ROW_MAJOR),nd_shard_spec=NdShardSpec(shard_shape=Shape([32, 160]),grid={[(x=0,y=0) - (x=7,y=3)]},orientation=ShardOrientation::ROW_MAJOR,shard_distribution_strategy=ShardDistributionStrategy::GRID_2D),created_with_nd_shard_spec=0) and provided MemoryConfig(memory_layout=TensorMemoryLayout::BLOCK_SHARDED,buffer_type=BufferType::L1,shard_spec=ShardSpec(grid={[(x=0,y=0) - (x=7,y=7)]},shape={32, 160},orientation=ShardOrientation::ROW_MAJOR),nd_shard_spec=std::nullopt,created_with_nd_shard_spec=0) mem config. Using computed config. (matmul_op.cpp:1674)
2026-05-29 08:16:15.604 | INFO     | models.demos.wormhole.stable_diffusion.tt.ttnn_functional_unet_2d_condition_model_new_conv:__call__:491 - Up block 0
2026-05-29 08:16:15.605 | INFO     | models.demos.wormhole.stable_diffusion.tt.ttnn_functional_unet_2d_condition_model_new_conv:__call__:491 - Up block 1
2026-05-29 08:16:15.610 | INFO     | models.demos.wormhole.stable_diffusion.tt.ttnn_functional_unet_2d_condition_model_new_conv:__call__:491 - Up block 2
2026-05-29 08:16:15.618 | INFO     | models.demos.wormhole.stable_diffusion.tt.ttnn_functional_unet_2d_condition_model_new_conv:__call__:491 - Up block 3
2026-05-29 08:16:15.638 | INFO     | models.demos.wormhole.stable_diffusion.tt.ttnn_functional_unet_2d_condition_model_new_conv:__call__:406 - Down block 0
2026-05-29 08:16:15.644 | info     |              Op | act_block_h_override 2 is not a valid override for padded_output_height_ntiles_per_core 7, instead 1 was selected as closest valid option! (conv2d_utils.cpp:401)
2026-05-29 08:16:15.644 | INFO     | models.demos.wormhole.stable_diffusion.tt.ttnn_functional_unet_2d_condition_model_new_conv:__call__:406 - Down block 1
2026-05-29 08:16:15.650 | INFO     | models.demos.wormhole.stable_diffusion.tt.ttnn_functional_unet_2d_condition_model_new_conv:__call__:406 - Down block 2
2026-05-29 08:16:15.653 | INFO     | models.demos.wormhole.stable_diffusion.tt.ttnn_functional_unet_2d_condition_model_new_conv:__call__:406 - Down block 3
2026-05-29 08:16:15.654 | INFO     | models.demos.wormhole.stable_diffusion.tt.ttnn_functional_unet_2d_condition_model_new_conv:__call__:460 - Mid block
2026-05-29 08:16:15.654 | warning  |              Op | Mismatch between computed MemoryConfig(memory_layout=TensorMemoryLayout::BLOCK_SHARDED,buffer_type=BufferType::L1,shard_spec=ShardSpec(grid={[(x=0,y=0) - (x=7,y=3)]},shape={32, 160},orientation=ShardOrientation::ROW_MAJOR),nd_shard_spec=NdShardSpec(shard_shape=Shape([32, 160]),grid={[(x=0,y=0) - (x=7,y=3)]},orientation=ShardOrientation::ROW_MAJOR,shard_distribution_strategy=ShardDistributionStrategy::GRID_2D),created_with_nd_shard_spec=0) and provided MemoryConfig(memory_layout=TensorMemoryLayout::BLOCK_SHARDED,buffer_type=BufferType::L1,shard_spec=ShardSpec(grid={[(x=0,y=0) - (x=7,y=7)]},shape={32, 160},orientation=ShardOrientation::ROW_MAJOR),nd_shard_spec=std::nullopt,created_with_nd_shard_spec=0) mem config. Using computed config. (matmul_op.cpp:1674)
2026-05-29 08:16:15.655 | INFO     | models.demos.wormhole.stable_diffusion.tt.ttnn_functional_unet_2d_condition_model_new_conv:__call__:491 - Up block 0
2026-05-29 08:16:15.657 | INFO     | models.demos.wormhole.stable_diffusion.tt.ttnn_functional_unet_2d_condition_model_new_conv:__call__:491 - Up block 1
2026-05-29 08:16:15.661 | INFO     | models.demos.wormhole.stable_diffusion.tt.ttnn_functional_unet_2d_condition_model_new_conv:__call__:491 - Up block 2
2026-05-29 08:16:15.669 | INFO     | models.demos.wormhole.stable_diffusion.tt.ttnn_functional_unet_2d_condition_model_new_conv:__call__:491 - Up block 3
2026-05-29 08:16:15.690 | INFO     | models.demos.wormhole.stable_diffusion.tt.ttnn_functional_unet_2d_condition_model_new_conv:__call__:406 - Down block 0
2026-05-29 08:16:15.696 | info     |              Op | act_block_h_override 2 is not a valid override for padded_output_height_ntiles_per_core 7, instead 1 was selected as closest valid option! (conv2d_utils.cpp:401)
2026-05-29 08:16:15.696 | INFO     | models.demos.wormhole.stable_diffusion.tt.ttnn_functional_unet_2d_condition_model_new_conv:__call__:406 - Down block 1
2026-05-29 08:16:15.702 | INFO     | models.demos.wormhole.stable_diffusion.tt.ttnn_functional_unet_2d_condition_model_new_conv:__call__:406 - Down block 2
2026-05-29 08:16:15.705 | INFO     | models.demos.wormhole.stable_diffusion.tt.ttnn_functional_unet_2d_condition_model_new_conv:__call__:406 - Down block 3
2026-05-29 08:16:15.706 | INFO     | models.demos.wormhole.stable_diffusion.tt.ttnn_functional_unet_2d_condition_model_new_conv:__call__:460 - Mid block
2026-05-29 08:16:15.706 | warning  |              Op | Mismatch between computed MemoryConfig(memory_layout=TensorMemoryLayout::BLOCK_SHARDED,buffer_type=BufferType::L1,shard_spec=ShardSpec(grid={[(x=0,y=0) - (x=7,y=3)]},shape={32, 160},orientation=ShardOrientation::ROW_MAJOR),nd_shard_spec=NdShardSpec(shard_shape=Shape([32, 160]),grid={[(x=0,y=0) - (x=7,y=3)]},orientation=ShardOrientation::ROW_MAJOR,shard_distribution_strategy=ShardDistributionStrategy::GRID_2D),created_with_nd_shard_spec=0) and provided MemoryConfig(memory_layout=TensorMemoryLayout::BLOCK_SHARDED,buffer_type=BufferType::L1,shard_spec=ShardSpec(grid={[(x=0,y=0) - (x=7,y=7)]},shape={32, 160},orientation=ShardOrientation::ROW_MAJOR),nd_shard_spec=std::nullopt,created_with_nd_shard_spec=0) mem config. Using computed config. (matmul_op.cpp:1674)
2026-05-29 08:16:15.708 | INFO     | models.demos.wormhole.stable_diffusion.tt.ttnn_functional_unet_2d_condition_model_new_conv:__call__:491 - Up block 0
2026-05-29 08:16:15.709 | INFO     | models.demos.wormhole.stable_diffusion.tt.ttnn_functional_unet_2d_condition_model_new_conv:__call__:491 - Up block 1
2026-05-29 08:16:15.714 | INFO     | models.demos.wormhole.stable_diffusion.tt.ttnn_functional_unet_2d_condition_model_new_conv:__call__:491 - Up block 2
2026-05-29 08:16:15.723 | INFO     | models.demos.wormhole.stable_diffusion.tt.ttnn_functional_unet_2d_condition_model_new_conv:__call__:491 - Up block 3
  Step 7/41
2026-05-29 08:16:15.746 | INFO     | models.demos.wormhole.stable_diffusion.tt.ttnn_functional_unet_2d_condition_model_new_conv:__call__:406 - Down block 0
2026-05-29 08:16:15.752 | info     |              Op | act_block_h_override 2 is not a valid override for padded_output_height_ntiles_per_core 7, instead 1 was selected as closest valid option! (conv2d_utils.cpp:401)
2026-05-29 08:16:15.752 | INFO     | models.demos.wormhole.stable_diffusion.tt.ttnn_functional_unet_2d_condition_model_new_conv:__call__:406 - Down block 1
2026-05-29 08:16:15.758 | INFO     | models.demos.wormhole.stable_diffusion.tt.ttnn_functional_unet_2d_condition_model_new_conv:__call__:406 - Down block 2
2026-05-29 08:16:15.762 | INFO     | models.demos.wormhole.stable_diffusion.tt.ttnn_functional_unet_2d_condition_model_new_conv:__call__:406 - Down block 3
2026-05-29 08:16:15.762 | INFO     | models.demos.wormhole.stable_diffusion.tt.ttnn_functional_unet_2d_condition_model_new_conv:__call__:460 - Mid block
2026-05-29 08:16:15.763 | warning  |              Op | Mismatch between computed MemoryConfig(memory_layout=TensorMemoryLayout::BLOCK_SHARDED,buffer_type=BufferType::L1,shard_spec=ShardSpec(grid={[(x=0,y=0) - (x=7,y=3)]},shape={32, 160},orientation=ShardOrientation::ROW_MAJOR),nd_shard_spec=NdShardSpec(shard_shape=Shape([32, 160]),grid={[(x=0,y=0) - (x=7,y=3)]},orientation=ShardOrientation::ROW_MAJOR,shard_distribution_strategy=ShardDistributionStrategy::GRID_2D),created_with_nd_shard_spec=0) and provided MemoryConfig(memory_layout=TensorMemoryLayout::BLOCK_SHARDED,buffer_type=BufferType::L1,shard_spec=ShardSpec(grid={[(x=0,y=0) - (x=7,y=7)]},shape={32, 160},orientation=ShardOrientation::ROW_MAJOR),nd_shard_spec=std::nullopt,created_with_nd_shard_spec=0) mem config. Using computed config. (matmul_op.cpp:1674)
2026-05-29 08:16:15.764 | INFO     | models.demos.wormhole.stable_diffusion.tt.ttnn_functional_unet_2d_condition_model_new_conv:__call__:491 - Up block 0
2026-05-29 08:16:15.766 | INFO     | models.demos.wormhole.stable_diffusion.tt.ttnn_functional_unet_2d_condition_model_new_conv:__call__:491 - Up block 1
2026-05-29 08:16:15.770 | INFO     | models.demos.wormhole.stable_diffusion.tt.ttnn_functional_unet_2d_condition_model_new_conv:__call__:491 - Up block 2
2026-05-29 08:16:15.779 | INFO     | models.demos.wormhole.stable_diffusion.tt.ttnn_functional_unet_2d_condition_model_new_conv:__call__:491 - Up block 3
2026-05-29 08:16:15.799 | INFO     | models.demos.wormhole.stable_diffusion.tt.ttnn_functional_unet_2d_condition_model_new_conv:__call__:406 - Down block 0
2026-05-29 08:16:15.807 | info     |              Op | act_block_h_override 2 is not a valid override for padded_output_height_ntiles_per_core 7, instead 1 was selected as closest valid option! (conv2d_utils.cpp:401)
2026-05-29 08:16:15.807 | INFO     | models.demos.wormhole.stable_diffusion.tt.ttnn_functional_unet_2d_condition_model_new_conv:__call__:406 - Down block 1
2026-05-29 08:16:15.813 | INFO     | models.demos.wormhole.stable_diffusion.tt.ttnn_functional_unet_2d_condition_model_new_conv:__call__:406 - Down block 2
2026-05-29 08:16:15.816 | INFO     | models.demos.wormhole.stable_diffusion.tt.ttnn_functional_unet_2d_condition_model_new_conv:__call__:406 - Down block 3
2026-05-29 08:16:15.817 | INFO     | models.demos.wormhole.stable_diffusion.tt.ttnn_functional_unet_2d_condition_model_new_conv:__call__:460 - Mid block
2026-05-29 08:16:15.818 | warning  |              Op | Mismatch between computed MemoryConfig(memory_layout=TensorMemoryLayout::BLOCK_SHARDED,buffer_type=BufferType::L1,shard_spec=ShardSpec(grid={[(x=0,y=0) - (x=7,y=3)]},shape={32, 160},orientation=ShardOrientation::ROW_MAJOR),nd_shard_spec=NdShardSpec(shard_shape=Shape([32, 160]),grid={[(x=0,y=0) - (x=7,y=3)]},orientation=ShardOrientation::ROW_MAJOR,shard_distribution_strategy=ShardDistributionStrategy::GRID_2D),created_with_nd_shard_spec=0) and provided MemoryConfig(memory_layout=TensorMemoryLayout::BLOCK_SHARDED,buffer_type=BufferType::L1,shard_spec=ShardSpec(grid={[(x=0,y=0) - (x=7,y=7)]},shape={32, 160},orientation=ShardOrientation::ROW_MAJOR),nd_shard_spec=std::nullopt,created_with_nd_shard_spec=0) mem config. Using computed config. (matmul_op.cpp:1674)
2026-05-29 08:16:15.819 | INFO     | models.demos.wormhole.stable_diffusion.tt.ttnn_functional_unet_2d_condition_model_new_conv:__call__:491 - Up block 0
2026-05-29 08:16:15.820 | INFO     | models.demos.wormhole.stable_diffusion.tt.ttnn_functional_unet_2d_condition_model_new_conv:__call__:491 - Up block 1
2026-05-29 08:16:15.825 | INFO     | models.demos.wormhole.stable_diffusion.tt.ttnn_functional_unet_2d_condition_model_new_conv:__call__:491 - Up block 2
2026-05-29 08:16:15.833 | INFO     | models.demos.wormhole.stable_diffusion.tt.ttnn_functional_unet_2d_condition_model_new_conv:__call__:491 - Up block 3
2026-05-29 08:16:15.853 | INFO     | models.demos.wormhole.stable_diffusion.tt.ttnn_functional_unet_2d_condition_model_new_conv:__call__:406 - Down block 0
2026-05-29 08:16:15.859 | info     |              Op | act_block_h_override 2 is not a valid override for padded_output_height_ntiles_per_core 7, instead 1 was selected as closest valid option! (conv2d_utils.cpp:401)
2026-05-29 08:16:15.859 | INFO     | models.demos.wormhole.stable_diffusion.tt.ttnn_functional_unet_2d_condition_model_new_conv:__call__:406 - Down block 1
2026-05-29 08:16:15.865 | INFO     | models.demos.wormhole.stable_diffusion.tt.ttnn_functional_unet_2d_condition_model_new_conv:__call__:406 - Down block 2
2026-05-29 08:16:15.868 | INFO     | models.demos.wormhole.stable_diffusion.tt.ttnn_functional_unet_2d_condition_model_new_conv:__call__:406 - Down block 3
2026-05-29 08:16:15.868 | INFO     | models.demos.wormhole.stable_diffusion.tt.ttnn_functional_unet_2d_condition_model_new_conv:__call__:460 - Mid block
2026-05-29 08:16:15.869 | warning  |              Op | Mismatch between computed MemoryConfig(memory_layout=TensorMemoryLayout::BLOCK_SHARDED,buffer_type=BufferType::L1,shard_spec=ShardSpec(grid={[(x=0,y=0) - (x=7,y=3)]},shape={32, 160},orientation=ShardOrientation::ROW_MAJOR),nd_shard_spec=NdShardSpec(shard_shape=Shape([32, 160]),grid={[(x=0,y=0) - (x=7,y=3)]},orientation=ShardOrientation::ROW_MAJOR,shard_distribution_strategy=ShardDistributionStrategy::GRID_2D),created_with_nd_shard_spec=0) and provided MemoryConfig(memory_layout=TensorMemoryLayout::BLOCK_SHARDED,buffer_type=BufferType::L1,shard_spec=ShardSpec(grid={[(x=0,y=0) - (x=7,y=7)]},shape={32, 160},orientation=ShardOrientation::ROW_MAJOR),nd_shard_spec=std::nullopt,created_with_nd_shard_spec=0) mem config. Using computed config. (matmul_op.cpp:1674)
2026-05-29 08:16:15.870 | INFO     | models.demos.wormhole.stable_diffusion.tt.ttnn_functional_unet_2d_condition_model_new_conv:__call__:491 - Up block 0
2026-05-29 08:16:15.872 | INFO     | models.demos.wormhole.stable_diffusion.tt.ttnn_functional_unet_2d_condition_model_new_conv:__call__:491 - Up block 1
2026-05-29 08:16:15.876 | INFO     | models.demos.wormhole.stable_diffusion.tt.ttnn_functional_unet_2d_condition_model_new_conv:__call__:491 - Up block 2
2026-05-29 08:16:15.884 | INFO     | models.demos.wormhole.stable_diffusion.tt.ttnn_functional_unet_2d_condition_model_new_conv:__call__:491 - Up block 3
2026-05-29 08:16:15.905 | INFO     | models.demos.wormhole.stable_diffusion.tt.ttnn_functional_unet_2d_condition_model_new_conv:__call__:406 - Down block 0
2026-05-29 08:16:15.911 | info     |              Op | act_block_h_override 2 is not a valid override for padded_output_height_ntiles_per_core 7, instead 1 was selected as closest valid option! (conv2d_utils.cpp:401)
2026-05-29 08:16:15.911 | INFO     | models.demos.wormhole.stable_diffusion.tt.ttnn_functional_unet_2d_condition_model_new_conv:__call__:406 - Down block 1
2026-05-29 08:16:15.916 | INFO     | models.demos.wormhole.stable_diffusion.tt.ttnn_functional_unet_2d_condition_model_new_conv:__call__:406 - Down block 2
2026-05-29 08:16:15.920 | INFO     | models.demos.wormhole.stable_diffusion.tt.ttnn_functional_unet_2d_condition_model_new_conv:__call__:406 - Down block 3
2026-05-29 08:16:15.920 | INFO     | models.demos.wormhole.stable_diffusion.tt.ttnn_functional_unet_2d_condition_model_new_conv:__call__:460 - Mid block
2026-05-29 08:16:15.921 | warning  |              Op | Mismatch between computed MemoryConfig(memory_layout=TensorMemoryLayout::BLOCK_SHARDED,buffer_type=BufferType::L1,shard_spec=ShardSpec(grid={[(x=0,y=0) - (x=7,y=3)]},shape={32, 160},orientation=ShardOrientation::ROW_MAJOR),nd_shard_spec=NdShardSpec(shard_shape=Shape([32, 160]),grid={[(x=0,y=0) - (x=7,y=3)]},orientation=ShardOrientation::ROW_MAJOR,shard_distribution_strategy=ShardDistributionStrategy::GRID_2D),created_with_nd_shard_spec=0) and provided MemoryConfig(memory_layout=TensorMemoryLayout::BLOCK_SHARDED,buffer_type=BufferType::L1,shard_spec=ShardSpec(grid={[(x=0,y=0) - (x=7,y=7)]},shape={32, 160},orientation=ShardOrientation::ROW_MAJOR),nd_shard_spec=std::nullopt,created_with_nd_shard_spec=0) mem config. Using computed config. (matmul_op.cpp:1674)
2026-05-29 08:16:15.922 | INFO     | models.demos.wormhole.stable_diffusion.tt.ttnn_functional_unet_2d_condition_model_new_conv:__call__:491 - Up block 0
2026-05-29 08:16:15.924 | INFO     | models.demos.wormhole.stable_diffusion.tt.ttnn_functional_unet_2d_condition_model_new_conv:__call__:491 - Up block 1
2026-05-29 08:16:15.928 | INFO     | models.demos.wormhole.stable_diffusion.tt.ttnn_functional_unet_2d_condition_model_new_conv:__call__:491 - Up block 2
2026-05-29 08:16:15.936 | INFO     | models.demos.wormhole.stable_diffusion.tt.ttnn_functional_unet_2d_condition_model_new_conv:__call__:491 - Up block 3
2026-05-29 08:16:15.957 | INFO     | models.demos.wormhole.stable_diffusion.tt.ttnn_functional_unet_2d_condition_model_new_conv:__call__:406 - Down block 0
2026-05-29 08:16:15.963 | info     |              Op | act_block_h_override 2 is not a valid override for padded_output_height_ntiles_per_core 7, instead 1 was selected as closest valid option! (conv2d_utils.cpp:401)
2026-05-29 08:16:15.963 | INFO     | models.demos.wormhole.stable_diffusion.tt.ttnn_functional_unet_2d_condition_model_new_conv:__call__:406 - Down block 1
2026-05-29 08:16:15.968 | INFO     | models.demos.wormhole.stable_diffusion.tt.ttnn_functional_unet_2d_condition_model_new_conv:__call__:406 - Down block 2
2026-05-29 08:16:15.971 | INFO     | models.demos.wormhole.stable_diffusion.tt.ttnn_functional_unet_2d_condition_model_new_conv:__call__:406 - Down block 3
2026-05-29 08:16:15.972 | INFO     | models.demos.wormhole.stable_diffusion.tt.ttnn_functional_unet_2d_condition_model_new_conv:__call__:460 - Mid block
2026-05-29 08:16:15.972 | warning  |              Op | Mismatch between computed MemoryConfig(memory_layout=TensorMemoryLayout::BLOCK_SHARDED,buffer_type=BufferType::L1,shard_spec=ShardSpec(grid={[(x=0,y=0) - (x=7,y=3)]},shape={32, 160},orientation=ShardOrientation::ROW_MAJOR),nd_shard_spec=NdShardSpec(shard_shape=Shape([32, 160]),grid={[(x=0,y=0) - (x=7,y=3)]},orientation=ShardOrientation::ROW_MAJOR,shard_distribution_strategy=ShardDistributionStrategy::GRID_2D),created_with_nd_shard_spec=0) and provided MemoryConfig(memory_layout=TensorMemoryLayout::BLOCK_SHARDED,buffer_type=BufferType::L1,shard_spec=ShardSpec(grid={[(x=0,y=0) - (x=7,y=7)]},shape={32, 160},orientation=ShardOrientation::ROW_MAJOR),nd_shard_spec=std::nullopt,created_with_nd_shard_spec=0) mem config. Using computed config. (matmul_op.cpp:1674)
2026-05-29 08:16:15.974 | INFO     | models.demos.wormhole.stable_diffusion.tt.ttnn_functional_unet_2d_condition_model_new_conv:__call__:491 - Up block 0
2026-05-29 08:16:15.975 | INFO     | models.demos.wormhole.stable_diffusion.tt.ttnn_functional_unet_2d_condition_model_new_conv:__call__:491 - Up block 1
2026-05-29 08:16:15.980 | INFO     | models.demos.wormhole.stable_diffusion.tt.ttnn_functional_unet_2d_condition_model_new_conv:__call__:491 - Up block 2
2026-05-29 08:16:15.988 | INFO     | models.demos.wormhole.stable_diffusion.tt.ttnn_functional_unet_2d_condition_model_new_conv:__call__:491 - Up block 3
2026-05-29 08:16:16.009 | INFO     | models.demos.wormhole.stable_diffusion.tt.ttnn_functional_unet_2d_condition_model_new_conv:__call__:406 - Down block 0
2026-05-29 08:16:16.014 | info     |              Op | act_block_h_override 2 is not a valid override for padded_output_height_ntiles_per_core 7, instead 1 was selected as closest valid option! (conv2d_utils.cpp:401)
2026-05-29 08:16:16.015 | INFO     | models.demos.wormhole.stable_diffusion.tt.ttnn_functional_unet_2d_condition_model_new_conv:__call__:406 - Down block 1
2026-05-29 08:16:16.020 | INFO     | models.demos.wormhole.stable_diffusion.tt.ttnn_functional_unet_2d_condition_model_new_conv:__call__:406 - Down block 2
2026-05-29 08:16:16.024 | INFO     | models.demos.wormhole.stable_diffusion.tt.ttnn_functional_unet_2d_condition_model_new_conv:__call__:406 - Down block 3
2026-05-29 08:16:16.024 | INFO     | models.demos.wormhole.stable_diffusion.tt.ttnn_functional_unet_2d_condition_model_new_conv:__call__:460 - Mid block
2026-05-29 08:16:16.025 | warning  |              Op | Mismatch between computed MemoryConfig(memory_layout=TensorMemoryLayout::BLOCK_SHARDED,buffer_type=BufferType::L1,shard_spec=ShardSpec(grid={[(x=0,y=0) - (x=7,y=3)]},shape={32, 160},orientation=ShardOrientation::ROW_MAJOR),nd_shard_spec=NdShardSpec(shard_shape=Shape([32, 160]),grid={[(x=0,y=0) - (x=7,y=3)]},orientation=ShardOrientation::ROW_MAJOR,shard_distribution_strategy=ShardDistributionStrategy::GRID_2D),created_with_nd_shard_spec=0) and provided MemoryConfig(memory_layout=TensorMemoryLayout::BLOCK_SHARDED,buffer_type=BufferType::L1,shard_spec=ShardSpec(grid={[(x=0,y=0) - (x=7,y=7)]},shape={32, 160},orientation=ShardOrientation::ROW_MAJOR),nd_shard_spec=std::nullopt,created_with_nd_shard_spec=0) mem config. Using computed config. (matmul_op.cpp:1674)
2026-05-29 08:16:16.026 | INFO     | models.demos.wormhole.stable_diffusion.tt.ttnn_functional_unet_2d_condition_model_new_conv:__call__:491 - Up block 0
2026-05-29 08:16:16.028 | INFO     | models.demos.wormhole.stable_diffusion.tt.ttnn_functional_unet_2d_condition_model_new_conv:__call__:491 - Up block 1
2026-05-29 08:16:16.032 | INFO     | models.demos.wormhole.stable_diffusion.tt.ttnn_functional_unet_2d_condition_model_new_conv:__call__:491 - Up block 2
2026-05-29 08:16:16.041 | INFO     | models.demos.wormhole.stable_diffusion.tt.ttnn_functional_unet_2d_condition_model_new_conv:__call__:491 - Up block 3
2026-05-29 08:16:16.061 | INFO     | models.demos.wormhole.stable_diffusion.tt.ttnn_functional_unet_2d_condition_model_new_conv:__call__:406 - Down block 0
2026-05-29 08:16:16.066 | info     |              Op | act_block_h_override 2 is not a valid override for padded_output_height_ntiles_per_core 7, instead 1 was selected as closest valid option! (conv2d_utils.cpp:401)
2026-05-29 08:16:16.066 | INFO     | models.demos.wormhole.stable_diffusion.tt.ttnn_functional_unet_2d_condition_model_new_conv:__call__:406 - Down block 1
2026-05-29 08:16:16.072 | INFO     | models.demos.wormhole.stable_diffusion.tt.ttnn_functional_unet_2d_condition_model_new_conv:__call__:406 - Down block 2
2026-05-29 08:16:16.075 | INFO     | models.demos.wormhole.stable_diffusion.tt.ttnn_functional_unet_2d_condition_model_new_conv:__call__:406 - Down block 3
2026-05-29 08:16:16.076 | INFO     | models.demos.wormhole.stable_diffusion.tt.ttnn_functional_unet_2d_condition_model_new_conv:__call__:460 - Mid block
2026-05-29 08:16:16.076 | warning  |              Op | Mismatch between computed MemoryConfig(memory_layout=TensorMemoryLayout::BLOCK_SHARDED,buffer_type=BufferType::L1,shard_spec=ShardSpec(grid={[(x=0,y=0) - (x=7,y=3)]},shape={32, 160},orientation=ShardOrientation::ROW_MAJOR),nd_shard_spec=NdShardSpec(shard_shape=Shape([32, 160]),grid={[(x=0,y=0) - (x=7,y=3)]},orientation=ShardOrientation::ROW_MAJOR,shard_distribution_strategy=ShardDistributionStrategy::GRID_2D),created_with_nd_shard_spec=0) and provided MemoryConfig(memory_layout=TensorMemoryLayout::BLOCK_SHARDED,buffer_type=BufferType::L1,shard_spec=ShardSpec(grid={[(x=0,y=0) - (x=7,y=7)]},shape={32, 160},orientation=ShardOrientation::ROW_MAJOR),nd_shard_spec=std::nullopt,created_with_nd_shard_spec=0) mem config. Using computed config. (matmul_op.cpp:1674)
2026-05-29 08:16:16.077 | INFO     | models.demos.wormhole.stable_diffusion.tt.ttnn_functional_unet_2d_condition_model_new_conv:__call__:491 - Up block 0
2026-05-29 08:16:16.079 | INFO     | models.demos.wormhole.stable_diffusion.tt.ttnn_functional_unet_2d_condition_model_new_conv:__call__:491 - Up block 1
2026-05-29 08:16:16.084 | INFO     | models.demos.wormhole.stable_diffusion.tt.ttnn_functional_unet_2d_condition_model_new_conv:__call__:491 - Up block 2
2026-05-29 08:16:16.092 | INFO     | models.demos.wormhole.stable_diffusion.tt.ttnn_functional_unet_2d_condition_model_new_conv:__call__:491 - Up block 3
2026-05-29 08:16:16.112 | INFO     | models.demos.wormhole.stable_diffusion.tt.ttnn_functional_unet_2d_condition_model_new_conv:__call__:406 - Down block 0
2026-05-29 08:16:16.118 | info     |              Op | act_block_h_override 2 is not a valid override for padded_output_height_ntiles_per_core 7, instead 1 was selected as closest valid option! (conv2d_utils.cpp:401)
2026-05-29 08:16:16.118 | INFO     | models.demos.wormhole.stable_diffusion.tt.ttnn_functional_unet_2d_condition_model_new_conv:__call__:406 - Down block 1
2026-05-29 08:16:16.123 | INFO     | models.demos.wormhole.stable_diffusion.tt.ttnn_functional_unet_2d_condition_model_new_conv:__call__:406 - Down block 2
2026-05-29 08:16:16.127 | INFO     | models.demos.wormhole.stable_diffusion.tt.ttnn_functional_unet_2d_condition_model_new_conv:__call__:406 - Down block 3
2026-05-29 08:16:16.127 | INFO     | models.demos.wormhole.stable_diffusion.tt.ttnn_functional_unet_2d_condition_model_new_conv:__call__:460 - Mid block
2026-05-29 08:16:16.128 | warning  |              Op | Mismatch between computed MemoryConfig(memory_layout=TensorMemoryLayout::BLOCK_SHARDED,buffer_type=BufferType::L1,shard_spec=ShardSpec(grid={[(x=0,y=0) - (x=7,y=3)]},shape={32, 160},orientation=ShardOrientation::ROW_MAJOR),nd_shard_spec=NdShardSpec(shard_shape=Shape([32, 160]),grid={[(x=0,y=0) - (x=7,y=3)]},orientation=ShardOrientation::ROW_MAJOR,shard_distribution_strategy=ShardDistributionStrategy::GRID_2D),created_with_nd_shard_spec=0) and provided MemoryConfig(memory_layout=TensorMemoryLayout::BLOCK_SHARDED,buffer_type=BufferType::L1,shard_spec=ShardSpec(grid={[(x=0,y=0) - (x=7,y=7)]},shape={32, 160},orientation=ShardOrientation::ROW_MAJOR),nd_shard_spec=std::nullopt,created_with_nd_shard_spec=0) mem config. Using computed config. (matmul_op.cpp:1674)
2026-05-29 08:16:16.129 | INFO     | models.demos.wormhole.stable_diffusion.tt.ttnn_functional_unet_2d_condition_model_new_conv:__call__:491 - Up block 0
2026-05-29 08:16:16.130 | INFO     | models.demos.wormhole.stable_diffusion.tt.ttnn_functional_unet_2d_condition_model_new_conv:__call__:491 - Up block 1
2026-05-29 08:16:16.135 | INFO     | models.demos.wormhole.stable_diffusion.tt.ttnn_functional_unet_2d_condition_model_new_conv:__call__:491 - Up block 2
2026-05-29 08:16:16.143 | INFO     | models.demos.wormhole.stable_diffusion.tt.ttnn_functional_unet_2d_condition_model_new_conv:__call__:491 - Up block 3
  Step 8/41
2026-05-29 08:16:16.167 | INFO     | models.demos.wormhole.stable_diffusion.tt.ttnn_functional_unet_2d_condition_model_new_conv:__call__:406 - Down block 0
2026-05-29 08:16:16.173 | info     |              Op | act_block_h_override 2 is not a valid override for padded_output_height_ntiles_per_core 7, instead 1 was selected as closest valid option! (conv2d_utils.cpp:401)
2026-05-29 08:16:16.173 | INFO     | models.demos.wormhole.stable_diffusion.tt.ttnn_functional_unet_2d_condition_model_new_conv:__call__:406 - Down block 1
2026-05-29 08:16:16.179 | INFO     | models.demos.wormhole.stable_diffusion.tt.ttnn_functional_unet_2d_condition_model_new_conv:__call__:406 - Down block 2
2026-05-29 08:16:16.182 | INFO     | models.demos.wormhole.stable_diffusion.tt.ttnn_functional_unet_2d_condition_model_new_conv:__call__:406 - Down block 3
2026-05-29 08:16:16.183 | INFO     | models.demos.wormhole.stable_diffusion.tt.ttnn_functional_unet_2d_condition_model_new_conv:__call__:460 - Mid block
2026-05-29 08:16:16.183 | warning  |              Op | Mismatch between computed MemoryConfig(memory_layout=TensorMemoryLayout::BLOCK_SHARDED,buffer_type=BufferType::L1,shard_spec=ShardSpec(grid={[(x=0,y=0) - (x=7,y=3)]},shape={32, 160},orientation=ShardOrientation::ROW_MAJOR),nd_shard_spec=NdShardSpec(shard_shape=Shape([32, 160]),grid={[(x=0,y=0) - (x=7,y=3)]},orientation=ShardOrientation::ROW_MAJOR,shard_distribution_strategy=ShardDistributionStrategy::GRID_2D),created_with_nd_shard_spec=0) and provided MemoryConfig(memory_layout=TensorMemoryLayout::BLOCK_SHARDED,buffer_type=BufferType::L1,shard_spec=ShardSpec(grid={[(x=0,y=0) - (x=7,y=7)]},shape={32, 160},orientation=ShardOrientation::ROW_MAJOR),nd_shard_spec=std::nullopt,created_with_nd_shard_spec=0) mem config. Using computed config. (matmul_op.cpp:1674)
2026-05-29 08:16:16.185 | INFO     | models.demos.wormhole.stable_diffusion.tt.ttnn_functional_unet_2d_condition_model_new_conv:__call__:491 - Up block 0
2026-05-29 08:16:16.186 | INFO     | models.demos.wormhole.stable_diffusion.tt.ttnn_functional_unet_2d_condition_model_new_conv:__call__:491 - Up block 1
2026-05-29 08:16:16.191 | INFO     | models.demos.wormhole.stable_diffusion.tt.ttnn_functional_unet_2d_condition_model_new_conv:__call__:491 - Up block 2
2026-05-29 08:16:16.199 | INFO     | models.demos.wormhole.stable_diffusion.tt.ttnn_functional_unet_2d_condition_model_new_conv:__call__:491 - Up block 3
2026-05-29 08:16:16.219 | INFO     | models.demos.wormhole.stable_diffusion.tt.ttnn_functional_unet_2d_condition_model_new_conv:__call__:406 - Down block 0
2026-05-29 08:16:16.225 | info     |              Op | act_block_h_override 2 is not a valid override for padded_output_height_ntiles_per_core 7, instead 1 was selected as closest valid option! (conv2d_utils.cpp:401)
2026-05-29 08:16:16.225 | INFO     | models.demos.wormhole.stable_diffusion.tt.ttnn_functional_unet_2d_condition_model_new_conv:__call__:406 - Down block 1
2026-05-29 08:16:16.230 | INFO     | models.demos.wormhole.stable_diffusion.tt.ttnn_functional_unet_2d_condition_model_new_conv:__call__:406 - Down block 2
2026-05-29 08:16:16.234 | INFO     | models.demos.wormhole.stable_diffusion.tt.ttnn_functional_unet_2d_condition_model_new_conv:__call__:406 - Down block 3
2026-05-29 08:16:16.234 | INFO     | models.demos.wormhole.stable_diffusion.tt.ttnn_functional_unet_2d_condition_model_new_conv:__call__:460 - Mid block
2026-05-29 08:16:16.235 | warning  |              Op | Mismatch between computed MemoryConfig(memory_layout=TensorMemoryLayout::BLOCK_SHARDED,buffer_type=BufferType::L1,shard_spec=ShardSpec(grid={[(x=0,y=0) - (x=7,y=3)]},shape={32, 160},orientation=ShardOrientation::ROW_MAJOR),nd_shard_spec=NdShardSpec(shard_shape=Shape([32, 160]),grid={[(x=0,y=0) - (x=7,y=3)]},orientation=ShardOrientation::ROW_MAJOR,shard_distribution_strategy=ShardDistributionStrategy::GRID_2D),created_with_nd_shard_spec=0) and provided MemoryConfig(memory_layout=TensorMemoryLayout::BLOCK_SHARDED,buffer_type=BufferType::L1,shard_spec=ShardSpec(grid={[(x=0,y=0) - (x=7,y=7)]},shape={32, 160},orientation=ShardOrientation::ROW_MAJOR),nd_shard_spec=std::nullopt,created_with_nd_shard_spec=0) mem config. Using computed config. (matmul_op.cpp:1674)
2026-05-29 08:16:16.236 | INFO     | models.demos.wormhole.stable_diffusion.tt.ttnn_functional_unet_2d_condition_model_new_conv:__call__:491 - Up block 0
2026-05-29 08:16:16.237 | INFO     | models.demos.wormhole.stable_diffusion.tt.ttnn_functional_unet_2d_condition_model_new_conv:__call__:491 - Up block 1
2026-05-29 08:16:16.242 | INFO     | models.demos.wormhole.stable_diffusion.tt.ttnn_functional_unet_2d_condition_model_new_conv:__call__:491 - Up block 2
2026-05-29 08:16:16.250 | INFO     | models.demos.wormhole.stable_diffusion.tt.ttnn_functional_unet_2d_condition_model_new_conv:__call__:491 - Up block 3
2026-05-29 08:16:16.271 | INFO     | models.demos.wormhole.stable_diffusion.tt.ttnn_functional_unet_2d_condition_model_new_conv:__call__:406 - Down block 0
2026-05-29 08:16:16.276 | info     |              Op | act_block_h_override 2 is not a valid override for padded_output_height_ntiles_per_core 7, instead 1 was selected as closest valid option! (conv2d_utils.cpp:401)
2026-05-29 08:16:16.277 | INFO     | models.demos.wormhole.stable_diffusion.tt.ttnn_functional_unet_2d_condition_model_new_conv:__call__:406 - Down block 1
2026-05-29 08:16:16.282 | INFO     | models.demos.wormhole.stable_diffusion.tt.ttnn_functional_unet_2d_condition_model_new_conv:__call__:406 - Down block 2
2026-05-29 08:16:16.285 | INFO     | models.demos.wormhole.stable_diffusion.tt.ttnn_functional_unet_2d_condition_model_new_conv:__call__:406 - Down block 3
2026-05-29 08:16:16.286 | INFO     | models.demos.wormhole.stable_diffusion.tt.ttnn_functional_unet_2d_condition_model_new_conv:__call__:460 - Mid block
2026-05-29 08:16:16.287 | warning  |              Op | Mismatch between computed MemoryConfig(memory_layout=TensorMemoryLayout::BLOCK_SHARDED,buffer_type=BufferType::L1,shard_spec=ShardSpec(grid={[(x=0,y=0) - (x=7,y=3)]},shape={32, 160},orientation=ShardOrientation::ROW_MAJOR),nd_shard_spec=NdShardSpec(shard_shape=Shape([32, 160]),grid={[(x=0,y=0) - (x=7,y=3)]},orientation=ShardOrientation::ROW_MAJOR,shard_distribution_strategy=ShardDistributionStrategy::GRID_2D),created_with_nd_shard_spec=0) and provided MemoryConfig(memory_layout=TensorMemoryLayout::BLOCK_SHARDED,buffer_type=BufferType::L1,shard_spec=ShardSpec(grid={[(x=0,y=0) - (x=7,y=7)]},shape={32, 160},orientation=ShardOrientation::ROW_MAJOR),nd_shard_spec=std::nullopt,created_with_nd_shard_spec=0) mem config. Using computed config. (matmul_op.cpp:1674)
2026-05-29 08:16:16.288 | INFO     | models.demos.wormhole.stable_diffusion.tt.ttnn_functional_unet_2d_condition_model_new_conv:__call__:491 - Up block 0
2026-05-29 08:16:16.289 | INFO     | models.demos.wormhole.stable_diffusion.tt.ttnn_functional_unet_2d_condition_model_new_conv:__call__:491 - Up block 1
2026-05-29 08:16:16.294 | INFO     | models.demos.wormhole.stable_diffusion.tt.ttnn_functional_unet_2d_condition_model_new_conv:__call__:491 - Up block 2
2026-05-29 08:16:16.302 | INFO     | models.demos.wormhole.stable_diffusion.tt.ttnn_functional_unet_2d_condition_model_new_conv:__call__:491 - Up block 3
2026-05-29 08:16:16.323 | INFO     | models.demos.wormhole.stable_diffusion.tt.ttnn_functional_unet_2d_condition_model_new_conv:__call__:406 - Down block 0
2026-05-29 08:16:16.328 | info     |              Op | act_block_h_override 2 is not a valid override for padded_output_height_ntiles_per_core 7, instead 1 was selected as closest valid option! (conv2d_utils.cpp:401)
2026-05-29 08:16:16.328 | INFO     | models.demos.wormhole.stable_diffusion.tt.ttnn_functional_unet_2d_condition_model_new_conv:__call__:406 - Down block 1
2026-05-29 08:16:16.334 | INFO     | models.demos.wormhole.stable_diffusion.tt.ttnn_functional_unet_2d_condition_model_new_conv:__call__:406 - Down block 2
2026-05-29 08:16:16.337 | INFO     | models.demos.wormhole.stable_diffusion.tt.ttnn_functional_unet_2d_condition_model_new_conv:__call__:406 - Down block 3
2026-05-29 08:16:16.338 | INFO     | models.demos.wormhole.stable_diffusion.tt.ttnn_functional_unet_2d_condition_model_new_conv:__call__:460 - Mid block
2026-05-29 08:16:16.338 | warning  |              Op | Mismatch between computed MemoryConfig(memory_layout=TensorMemoryLayout::BLOCK_SHARDED,buffer_type=BufferType::L1,shard_spec=ShardSpec(grid={[(x=0,y=0) - (x=7,y=3)]},shape={32, 160},orientation=ShardOrientation::ROW_MAJOR),nd_shard_spec=NdShardSpec(shard_shape=Shape([32, 160]),grid={[(x=0,y=0) - (x=7,y=3)]},orientation=ShardOrientation::ROW_MAJOR,shard_distribution_strategy=ShardDistributionStrategy::GRID_2D),created_with_nd_shard_spec=0) and provided MemoryConfig(memory_layout=TensorMemoryLayout::BLOCK_SHARDED,buffer_type=BufferType::L1,shard_spec=ShardSpec(grid={[(x=0,y=0) - (x=7,y=7)]},shape={32, 160},orientation=ShardOrientation::ROW_MAJOR),nd_shard_spec=std::nullopt,created_with_nd_shard_spec=0) mem config. Using computed config. (matmul_op.cpp:1674)
2026-05-29 08:16:16.339 | INFO     | models.demos.wormhole.stable_diffusion.tt.ttnn_functional_unet_2d_condition_model_new_conv:__call__:491 - Up block 0
2026-05-29 08:16:16.341 | INFO     | models.demos.wormhole.stable_diffusion.tt.ttnn_functional_unet_2d_condition_model_new_conv:__call__:491 - Up block 1
2026-05-29 08:16:16.346 | INFO     | models.demos.wormhole.stable_diffusion.tt.ttnn_functional_unet_2d_condition_model_new_conv:__call__:491 - Up block 2
2026-05-29 08:16:16.354 | INFO     | models.demos.wormhole.stable_diffusion.tt.ttnn_functional_unet_2d_condition_model_new_conv:__call__:491 - Up block 3
2026-05-29 08:16:16.374 | INFO     | models.demos.wormhole.stable_diffusion.tt.ttnn_functional_unet_2d_condition_model_new_conv:__call__:406 - Down block 0
2026-05-29 08:16:16.380 | info     |              Op | act_block_h_override 2 is not a valid override for padded_output_height_ntiles_per_core 7, instead 1 was selected as closest valid option! (conv2d_utils.cpp:401)
2026-05-29 08:16:16.380 | INFO     | models.demos.wormhole.stable_diffusion.tt.ttnn_functional_unet_2d_condition_model_new_conv:__call__:406 - Down block 1
2026-05-29 08:16:16.386 | INFO     | models.demos.wormhole.stable_diffusion.tt.ttnn_functional_unet_2d_condition_model_new_conv:__call__:406 - Down block 2
2026-05-29 08:16:16.389 | INFO     | models.demos.wormhole.stable_diffusion.tt.ttnn_functional_unet_2d_condition_model_new_conv:__call__:406 - Down block 3
2026-05-29 08:16:16.390 | INFO     | models.demos.wormhole.stable_diffusion.tt.ttnn_functional_unet_2d_condition_model_new_conv:__call__:460 - Mid block
2026-05-29 08:16:16.391 | warning  |              Op | Mismatch between computed MemoryConfig(memory_layout=TensorMemoryLayout::BLOCK_SHARDED,buffer_type=BufferType::L1,shard_spec=ShardSpec(grid={[(x=0,y=0) - (x=7,y=3)]},shape={32, 160},orientation=ShardOrientation::ROW_MAJOR),nd_shard_spec=NdShardSpec(shard_shape=Shape([32, 160]),grid={[(x=0,y=0) - (x=7,y=3)]},orientation=ShardOrientation::ROW_MAJOR,shard_distribution_strategy=ShardDistributionStrategy::GRID_2D),created_with_nd_shard_spec=0) and provided MemoryConfig(memory_layout=TensorMemoryLayout::BLOCK_SHARDED,buffer_type=BufferType::L1,shard_spec=ShardSpec(grid={[(x=0,y=0) - (x=7,y=7)]},shape={32, 160},orientation=ShardOrientation::ROW_MAJOR),nd_shard_spec=std::nullopt,created_with_nd_shard_spec=0) mem config. Using computed config. (matmul_op.cpp:1674)
2026-05-29 08:16:16.392 | INFO     | models.demos.wormhole.stable_diffusion.tt.ttnn_functional_unet_2d_condition_model_new_conv:__call__:491 - Up block 0
2026-05-29 08:16:16.393 | INFO     | models.demos.wormhole.stable_diffusion.tt.ttnn_functional_unet_2d_condition_model_new_conv:__call__:491 - Up block 1
2026-05-29 08:16:16.398 | INFO     | models.demos.wormhole.stable_diffusion.tt.ttnn_functional_unet_2d_condition_model_new_conv:__call__:491 - Up block 2
2026-05-29 08:16:16.406 | INFO     | models.demos.wormhole.stable_diffusion.tt.ttnn_functional_unet_2d_condition_model_new_conv:__call__:491 - Up block 3
2026-05-29 08:16:16.426 | INFO     | models.demos.wormhole.stable_diffusion.tt.ttnn_functional_unet_2d_condition_model_new_conv:__call__:406 - Down block 0
2026-05-29 08:16:16.432 | info     |              Op | act_block_h_override 2 is not a valid override for padded_output_height_ntiles_per_core 7, instead 1 was selected as closest valid option! (conv2d_utils.cpp:401)
2026-05-29 08:16:16.432 | INFO     | models.demos.wormhole.stable_diffusion.tt.ttnn_functional_unet_2d_condition_model_new_conv:__call__:406 - Down block 1
2026-05-29 08:16:16.438 | INFO     | models.demos.wormhole.stable_diffusion.tt.ttnn_functional_unet_2d_condition_model_new_conv:__call__:406 - Down block 2
2026-05-29 08:16:16.441 | INFO     | models.demos.wormhole.stable_diffusion.tt.ttnn_functional_unet_2d_condition_model_new_conv:__call__:406 - Down block 3
2026-05-29 08:16:16.442 | INFO     | models.demos.wormhole.stable_diffusion.tt.ttnn_functional_unet_2d_condition_model_new_conv:__call__:460 - Mid block
2026-05-29 08:16:16.442 | warning  |              Op | Mismatch between computed MemoryConfig(memory_layout=TensorMemoryLayout::BLOCK_SHARDED,buffer_type=BufferType::L1,shard_spec=ShardSpec(grid={[(x=0,y=0) - (x=7,y=3)]},shape={32, 160},orientation=ShardOrientation::ROW_MAJOR),nd_shard_spec=NdShardSpec(shard_shape=Shape([32, 160]),grid={[(x=0,y=0) - (x=7,y=3)]},orientation=ShardOrientation::ROW_MAJOR,shard_distribution_strategy=ShardDistributionStrategy::GRID_2D),created_with_nd_shard_spec=0) and provided MemoryConfig(memory_layout=TensorMemoryLayout::BLOCK_SHARDED,buffer_type=BufferType::L1,shard_spec=ShardSpec(grid={[(x=0,y=0) - (x=7,y=7)]},shape={32, 160},orientation=ShardOrientation::ROW_MAJOR),nd_shard_spec=std::nullopt,created_with_nd_shard_spec=0) mem config. Using computed config. (matmul_op.cpp:1674)
2026-05-29 08:16:16.444 | INFO     | models.demos.wormhole.stable_diffusion.tt.ttnn_functional_unet_2d_condition_model_new_conv:__call__:491 - Up block 0
2026-05-29 08:16:16.445 | INFO     | models.demos.wormhole.stable_diffusion.tt.ttnn_functional_unet_2d_condition_model_new_conv:__call__:491 - Up block 1
2026-05-29 08:16:16.450 | INFO     | models.demos.wormhole.stable_diffusion.tt.ttnn_functional_unet_2d_condition_model_new_conv:__call__:491 - Up block 2
2026-05-29 08:16:16.458 | INFO     | models.demos.wormhole.stable_diffusion.tt.ttnn_functional_unet_2d_condition_model_new_conv:__call__:491 - Up block 3
2026-05-29 08:16:16.478 | INFO     | models.demos.wormhole.stable_diffusion.tt.ttnn_functional_unet_2d_condition_model_new_conv:__call__:406 - Down block 0
2026-05-29 08:16:16.484 | info     |              Op | act_block_h_override 2 is not a valid override for padded_output_height_ntiles_per_core 7, instead 1 was selected as closest valid option! (conv2d_utils.cpp:401)
2026-05-29 08:16:16.484 | INFO     | models.demos.wormhole.stable_diffusion.tt.ttnn_functional_unet_2d_condition_model_new_conv:__call__:406 - Down block 1
2026-05-29 08:16:16.489 | INFO     | models.demos.wormhole.stable_diffusion.tt.ttnn_functional_unet_2d_condition_model_new_conv:__call__:406 - Down block 2
2026-05-29 08:16:16.493 | INFO     | models.demos.wormhole.stable_diffusion.tt.ttnn_functional_unet_2d_condition_model_new_conv:__call__:406 - Down block 3
2026-05-29 08:16:16.493 | INFO     | models.demos.wormhole.stable_diffusion.tt.ttnn_functional_unet_2d_condition_model_new_conv:__call__:460 - Mid block
2026-05-29 08:16:16.494 | warning  |              Op | Mismatch between computed MemoryConfig(memory_layout=TensorMemoryLayout::BLOCK_SHARDED,buffer_type=BufferType::L1,shard_spec=ShardSpec(grid={[(x=0,y=0) - (x=7,y=3)]},shape={32, 160},orientation=ShardOrientation::ROW_MAJOR),nd_shard_spec=NdShardSpec(shard_shape=Shape([32, 160]),grid={[(x=0,y=0) - (x=7,y=3)]},orientation=ShardOrientation::ROW_MAJOR,shard_distribution_strategy=ShardDistributionStrategy::GRID_2D),created_with_nd_shard_spec=0) and provided MemoryConfig(memory_layout=TensorMemoryLayout::BLOCK_SHARDED,buffer_type=BufferType::L1,shard_spec=ShardSpec(grid={[(x=0,y=0) - (x=7,y=7)]},shape={32, 160},orientation=ShardOrientation::ROW_MAJOR),nd_shard_spec=std::nullopt,created_with_nd_shard_spec=0) mem config. Using computed config. (matmul_op.cpp:1674)
2026-05-29 08:16:16.495 | INFO     | models.demos.wormhole.stable_diffusion.tt.ttnn_functional_unet_2d_condition_model_new_conv:__call__:491 - Up block 0
2026-05-29 08:16:16.497 | INFO     | models.demos.wormhole.stable_diffusion.tt.ttnn_functional_unet_2d_condition_model_new_conv:__call__:491 - Up block 1
2026-05-29 08:16:16.502 | INFO     | models.demos.wormhole.stable_diffusion.tt.ttnn_functional_unet_2d_condition_model_new_conv:__call__:491 - Up block 2
2026-05-29 08:16:16.510 | INFO     | models.demos.wormhole.stable_diffusion.tt.ttnn_functional_unet_2d_condition_model_new_conv:__call__:491 - Up block 3
2026-05-29 08:16:16.531 | INFO     | models.demos.wormhole.stable_diffusion.tt.ttnn_functional_unet_2d_condition_model_new_conv:__call__:406 - Down block 0
2026-05-29 08:16:16.537 | info     |              Op | act_block_h_override 2 is not a valid override for padded_output_height_ntiles_per_core 7, instead 1 was selected as closest valid option! (conv2d_utils.cpp:401)
2026-05-29 08:16:16.537 | INFO     | models.demos.wormhole.stable_diffusion.tt.ttnn_functional_unet_2d_condition_model_new_conv:__call__:406 - Down block 1
2026-05-29 08:16:16.543 | INFO     | models.demos.wormhole.stable_diffusion.tt.ttnn_functional_unet_2d_condition_model_new_conv:__call__:406 - Down block 2
2026-05-29 08:16:16.546 | INFO     | models.demos.wormhole.stable_diffusion.tt.ttnn_functional_unet_2d_condition_model_new_conv:__call__:406 - Down block 3
2026-05-29 08:16:16.547 | INFO     | models.demos.wormhole.stable_diffusion.tt.ttnn_functional_unet_2d_condition_model_new_conv:__call__:460 - Mid block
2026-05-29 08:16:16.547 | warning  |              Op | Mismatch between computed MemoryConfig(memory_layout=TensorMemoryLayout::BLOCK_SHARDED,buffer_type=BufferType::L1,shard_spec=ShardSpec(grid={[(x=0,y=0) - (x=7,y=3)]},shape={32, 160},orientation=ShardOrientation::ROW_MAJOR),nd_shard_spec=NdShardSpec(shard_shape=Shape([32, 160]),grid={[(x=0,y=0) - (x=7,y=3)]},orientation=ShardOrientation::ROW_MAJOR,shard_distribution_strategy=ShardDistributionStrategy::GRID_2D),created_with_nd_shard_spec=0) and provided MemoryConfig(memory_layout=TensorMemoryLayout::BLOCK_SHARDED,buffer_type=BufferType::L1,shard_spec=ShardSpec(grid={[(x=0,y=0) - (x=7,y=7)]},shape={32, 160},orientation=ShardOrientation::ROW_MAJOR),nd_shard_spec=std::nullopt,created_with_nd_shard_spec=0) mem config. Using computed config. (matmul_op.cpp:1674)
2026-05-29 08:16:16.549 | INFO     | models.demos.wormhole.stable_diffusion.tt.ttnn_functional_unet_2d_condition_model_new_conv:__call__:491 - Up block 0
2026-05-29 08:16:16.550 | INFO     | models.demos.wormhole.stable_diffusion.tt.ttnn_functional_unet_2d_condition_model_new_conv:__call__:491 - Up block 1
2026-05-29 08:16:16.555 | INFO     | models.demos.wormhole.stable_diffusion.tt.ttnn_functional_unet_2d_condition_model_new_conv:__call__:491 - Up block 2
2026-05-29 08:16:16.563 | INFO     | models.demos.wormhole.stable_diffusion.tt.ttnn_functional_unet_2d_condition_model_new_conv:__call__:491 - Up block 3
  Step 9/41
2026-05-29 08:16:16.585 | INFO     | models.demos.wormhole.stable_diffusion.tt.ttnn_functional_unet_2d_condition_model_new_conv:__call__:406 - Down block 0
2026-05-29 08:16:16.591 | info     |              Op | act_block_h_override 2 is not a valid override for padded_output_height_ntiles_per_core 7, instead 1 was selected as closest valid option! (conv2d_utils.cpp:401)
2026-05-29 08:16:16.591 | INFO     | models.demos.wormhole.stable_diffusion.tt.ttnn_functional_unet_2d_condition_model_new_conv:__call__:406 - Down block 1
2026-05-29 08:16:16.597 | INFO     | models.demos.wormhole.stable_diffusion.tt.ttnn_functional_unet_2d_condition_model_new_conv:__call__:406 - Down block 2
2026-05-29 08:16:16.600 | INFO     | models.demos.wormhole.stable_diffusion.tt.ttnn_functional_unet_2d_condition_model_new_conv:__call__:406 - Down block 3
2026-05-29 08:16:16.601 | INFO     | models.demos.wormhole.stable_diffusion.tt.ttnn_functional_unet_2d_condition_model_new_conv:__call__:460 - Mid block
2026-05-29 08:16:16.601 | warning  |              Op | Mismatch between computed MemoryConfig(memory_layout=TensorMemoryLayout::BLOCK_SHARDED,buffer_type=BufferType::L1,shard_spec=ShardSpec(grid={[(x=0,y=0) - (x=7,y=3)]},shape={32, 160},orientation=ShardOrientation::ROW_MAJOR),nd_shard_spec=NdShardSpec(shard_shape=Shape([32, 160]),grid={[(x=0,y=0) - (x=7,y=3)]},orientation=ShardOrientation::ROW_MAJOR,shard_distribution_strategy=ShardDistributionStrategy::GRID_2D),created_with_nd_shard_spec=0) and provided MemoryConfig(memory_layout=TensorMemoryLayout::BLOCK_SHARDED,buffer_type=BufferType::L1,shard_spec=ShardSpec(grid={[(x=0,y=0) - (x=7,y=7)]},shape={32, 160},orientation=ShardOrientation::ROW_MAJOR),nd_shard_spec=std::nullopt,created_with_nd_shard_spec=0) mem config. Using computed config. (matmul_op.cpp:1674)
2026-05-29 08:16:16.603 | INFO     | models.demos.wormhole.stable_diffusion.tt.ttnn_functional_unet_2d_condition_model_new_conv:__call__:491 - Up block 0
2026-05-29 08:16:16.604 | INFO     | models.demos.wormhole.stable_diffusion.tt.ttnn_functional_unet_2d_condition_model_new_conv:__call__:491 - Up block 1
2026-05-29 08:16:16.609 | INFO     | models.demos.wormhole.stable_diffusion.tt.ttnn_functional_unet_2d_condition_model_new_conv:__call__:491 - Up block 2
2026-05-29 08:16:16.617 | INFO     | models.demos.wormhole.stable_diffusion.tt.ttnn_functional_unet_2d_condition_model_new_conv:__call__:491 - Up block 3
2026-05-29 08:16:16.637 | INFO     | models.demos.wormhole.stable_diffusion.tt.ttnn_functional_unet_2d_condition_model_new_conv:__call__:406 - Down block 0
2026-05-29 08:16:16.643 | info     |              Op | act_block_h_override 2 is not a valid override for padded_output_height_ntiles_per_core 7, instead 1 was selected as closest valid option! (conv2d_utils.cpp:401)
2026-05-29 08:16:16.643 | INFO     | models.demos.wormhole.stable_diffusion.tt.ttnn_functional_unet_2d_condition_model_new_conv:__call__:406 - Down block 1
2026-05-29 08:16:16.648 | INFO     | models.demos.wormhole.stable_diffusion.tt.ttnn_functional_unet_2d_condition_model_new_conv:__call__:406 - Down block 2
2026-05-29 08:16:16.651 | INFO     | models.demos.wormhole.stable_diffusion.tt.ttnn_functional_unet_2d_condition_model_new_conv:__call__:406 - Down block 3
2026-05-29 08:16:16.652 | INFO     | models.demos.wormhole.stable_diffusion.tt.ttnn_functional_unet_2d_condition_model_new_conv:__call__:460 - Mid block
2026-05-29 08:16:16.653 | warning  |              Op | Mismatch between computed MemoryConfig(memory_layout=TensorMemoryLayout::BLOCK_SHARDED,buffer_type=BufferType::L1,shard_spec=ShardSpec(grid={[(x=0,y=0) - (x=7,y=3)]},shape={32, 160},orientation=ShardOrientation::ROW_MAJOR),nd_shard_spec=NdShardSpec(shard_shape=Shape([32, 160]),grid={[(x=0,y=0) - (x=7,y=3)]},orientation=ShardOrientation::ROW_MAJOR,shard_distribution_strategy=ShardDistributionStrategy::GRID_2D),created_with_nd_shard_spec=0) and provided MemoryConfig(memory_layout=TensorMemoryLayout::BLOCK_SHARDED,buffer_type=BufferType::L1,shard_spec=ShardSpec(grid={[(x=0,y=0) - (x=7,y=7)]},shape={32, 160},orientation=ShardOrientation::ROW_MAJOR),nd_shard_spec=std::nullopt,created_with_nd_shard_spec=0) mem config. Using computed config. (matmul_op.cpp:1674)
2026-05-29 08:16:16.654 | INFO     | models.demos.wormhole.stable_diffusion.tt.ttnn_functional_unet_2d_condition_model_new_conv:__call__:491 - Up block 0
2026-05-29 08:16:16.655 | INFO     | models.demos.wormhole.stable_diffusion.tt.ttnn_functional_unet_2d_condition_model_new_conv:__call__:491 - Up block 1
2026-05-29 08:16:16.660 | INFO     | models.demos.wormhole.stable_diffusion.tt.ttnn_functional_unet_2d_condition_model_new_conv:__call__:491 - Up block 2
2026-05-29 08:16:16.668 | INFO     | models.demos.wormhole.stable_diffusion.tt.ttnn_functional_unet_2d_condition_model_new_conv:__call__:491 - Up block 3
2026-05-29 08:16:16.689 | INFO     | models.demos.wormhole.stable_diffusion.tt.ttnn_functional_unet_2d_condition_model_new_conv:__call__:406 - Down block 0
2026-05-29 08:16:16.694 | info     |              Op | act_block_h_override 2 is not a valid override for padded_output_height_ntiles_per_core 7, instead 1 was selected as closest valid option! (conv2d_utils.cpp:401)
2026-05-29 08:16:16.695 | INFO     | models.demos.wormhole.stable_diffusion.tt.ttnn_functional_unet_2d_condition_model_new_conv:__call__:406 - Down block 1
2026-05-29 08:16:16.700 | INFO     | models.demos.wormhole.stable_diffusion.tt.ttnn_functional_unet_2d_condition_model_new_conv:__call__:406 - Down block 2
2026-05-29 08:16:16.703 | INFO     | models.demos.wormhole.stable_diffusion.tt.ttnn_functional_unet_2d_condition_model_new_conv:__call__:406 - Down block 3
2026-05-29 08:16:16.704 | INFO     | models.demos.wormhole.stable_diffusion.tt.ttnn_functional_unet_2d_condition_model_new_conv:__call__:460 - Mid block
2026-05-29 08:16:16.704 | warning  |              Op | Mismatch between computed MemoryConfig(memory_layout=TensorMemoryLayout::BLOCK_SHARDED,buffer_type=BufferType::L1,shard_spec=ShardSpec(grid={[(x=0,y=0) - (x=7,y=3)]},shape={32, 160},orientation=ShardOrientation::ROW_MAJOR),nd_shard_spec=NdShardSpec(shard_shape=Shape([32, 160]),grid={[(x=0,y=0) - (x=7,y=3)]},orientation=ShardOrientation::ROW_MAJOR,shard_distribution_strategy=ShardDistributionStrategy::GRID_2D),created_with_nd_shard_spec=0) and provided MemoryConfig(memory_layout=TensorMemoryLayout::BLOCK_SHARDED,buffer_type=BufferType::L1,shard_spec=ShardSpec(grid={[(x=0,y=0) - (x=7,y=7)]},shape={32, 160},orientation=ShardOrientation::ROW_MAJOR),nd_shard_spec=std::nullopt,created_with_nd_shard_spec=0) mem config. Using computed config. (matmul_op.cpp:1674)
2026-05-29 08:16:16.706 | INFO     | models.demos.wormhole.stable_diffusion.tt.ttnn_functional_unet_2d_condition_model_new_conv:__call__:491 - Up block 0
2026-05-29 08:16:16.707 | INFO     | models.demos.wormhole.stable_diffusion.tt.ttnn_functional_unet_2d_condition_model_new_conv:__call__:491 - Up block 1
2026-05-29 08:16:16.712 | INFO     | models.demos.wormhole.stable_diffusion.tt.ttnn_functional_unet_2d_condition_model_new_conv:__call__:491 - Up block 2
2026-05-29 08:16:16.720 | INFO     | models.demos.wormhole.stable_diffusion.tt.ttnn_functional_unet_2d_condition_model_new_conv:__call__:491 - Up block 3
2026-05-29 08:16:16.741 | INFO     | models.demos.wormhole.stable_diffusion.tt.ttnn_functional_unet_2d_condition_model_new_conv:__call__:406 - Down block 0
2026-05-29 08:16:16.746 | info     |              Op | act_block_h_override 2 is not a valid override for padded_output_height_ntiles_per_core 7, instead 1 was selected as closest valid option! (conv2d_utils.cpp:401)
2026-05-29 08:16:16.746 | INFO     | models.demos.wormhole.stable_diffusion.tt.ttnn_functional_unet_2d_condition_model_new_conv:__call__:406 - Down block 1
2026-05-29 08:16:16.752 | INFO     | models.demos.wormhole.stable_diffusion.tt.ttnn_functional_unet_2d_condition_model_new_conv:__call__:406 - Down block 2
2026-05-29 08:16:16.755 | INFO     | models.demos.wormhole.stable_diffusion.tt.ttnn_functional_unet_2d_condition_model_new_conv:__call__:406 - Down block 3
2026-05-29 08:16:16.756 | INFO     | models.demos.wormhole.stable_diffusion.tt.ttnn_functional_unet_2d_condition_model_new_conv:__call__:460 - Mid block
2026-05-29 08:16:16.757 | warning  |              Op | Mismatch between computed MemoryConfig(memory_layout=TensorMemoryLayout::BLOCK_SHARDED,buffer_type=BufferType::L1,shard_spec=ShardSpec(grid={[(x=0,y=0) - (x=7,y=3)]},shape={32, 160},orientation=ShardOrientation::ROW_MAJOR),nd_shard_spec=NdShardSpec(shard_shape=Shape([32, 160]),grid={[(x=0,y=0) - (x=7,y=3)]},orientation=ShardOrientation::ROW_MAJOR,shard_distribution_strategy=ShardDistributionStrategy::GRID_2D),created_with_nd_shard_spec=0) and provided MemoryConfig(memory_layout=TensorMemoryLayout::BLOCK_SHARDED,buffer_type=BufferType::L1,shard_spec=ShardSpec(grid={[(x=0,y=0) - (x=7,y=7)]},shape={32, 160},orientation=ShardOrientation::ROW_MAJOR),nd_shard_spec=std::nullopt,created_with_nd_shard_spec=0) mem config. Using computed config. (matmul_op.cpp:1674)
2026-05-29 08:16:16.758 | INFO     | models.demos.wormhole.stable_diffusion.tt.ttnn_functional_unet_2d_condition_model_new_conv:__call__:491 - Up block 0
2026-05-29 08:16:16.759 | INFO     | models.demos.wormhole.stable_diffusion.tt.ttnn_functional_unet_2d_condition_model_new_conv:__call__:491 - Up block 1
2026-05-29 08:16:16.764 | INFO     | models.demos.wormhole.stable_diffusion.tt.ttnn_functional_unet_2d_condition_model_new_conv:__call__:491 - Up block 2
2026-05-29 08:16:16.772 | INFO     | models.demos.wormhole.stable_diffusion.tt.ttnn_functional_unet_2d_condition_model_new_conv:__call__:491 - Up block 3
2026-05-29 08:16:16.793 | INFO     | models.demos.wormhole.stable_diffusion.tt.ttnn_functional_unet_2d_condition_model_new_conv:__call__:406 - Down block 0
2026-05-29 08:16:16.798 | info     |              Op | act_block_h_override 2 is not a valid override for padded_output_height_ntiles_per_core 7, instead 1 was selected as closest valid option! (conv2d_utils.cpp:401)
2026-05-29 08:16:16.798 | INFO     | models.demos.wormhole.stable_diffusion.tt.ttnn_functional_unet_2d_condition_model_new_conv:__call__:406 - Down block 1
2026-05-29 08:16:16.804 | INFO     | models.demos.wormhole.stable_diffusion.tt.ttnn_functional_unet_2d_condition_model_new_conv:__call__:406 - Down block 2
2026-05-29 08:16:16.807 | INFO     | models.demos.wormhole.stable_diffusion.tt.ttnn_functional_unet_2d_condition_model_new_conv:__call__:406 - Down block 3
2026-05-29 08:16:16.808 | INFO     | models.demos.wormhole.stable_diffusion.tt.ttnn_functional_unet_2d_condition_model_new_conv:__call__:460 - Mid block
2026-05-29 08:16:16.808 | warning  |              Op | Mismatch between computed MemoryConfig(memory_layout=TensorMemoryLayout::BLOCK_SHARDED,buffer_type=BufferType::L1,shard_spec=ShardSpec(grid={[(x=0,y=0) - (x=7,y=3)]},shape={32, 160},orientation=ShardOrientation::ROW_MAJOR),nd_shard_spec=NdShardSpec(shard_shape=Shape([32, 160]),grid={[(x=0,y=0) - (x=7,y=3)]},orientation=ShardOrientation::ROW_MAJOR,shard_distribution_strategy=ShardDistributionStrategy::GRID_2D),created_with_nd_shard_spec=0) and provided MemoryConfig(memory_layout=TensorMemoryLayout::BLOCK_SHARDED,buffer_type=BufferType::L1,shard_spec=ShardSpec(grid={[(x=0,y=0) - (x=7,y=7)]},shape={32, 160},orientation=ShardOrientation::ROW_MAJOR),nd_shard_spec=std::nullopt,created_with_nd_shard_spec=0) mem config. Using computed config. (matmul_op.cpp:1674)
2026-05-29 08:16:16.810 | INFO     | models.demos.wormhole.stable_diffusion.tt.ttnn_functional_unet_2d_condition_model_new_conv:__call__:491 - Up block 0
2026-05-29 08:16:16.811 | INFO     | models.demos.wormhole.stable_diffusion.tt.ttnn_functional_unet_2d_condition_model_new_conv:__call__:491 - Up block 1
2026-05-29 08:16:16.816 | INFO     | models.demos.wormhole.stable_diffusion.tt.ttnn_functional_unet_2d_condition_model_new_conv:__call__:491 - Up block 2
2026-05-29 08:16:16.824 | INFO     | models.demos.wormhole.stable_diffusion.tt.ttnn_functional_unet_2d_condition_model_new_conv:__call__:491 - Up block 3
2026-05-29 08:16:16.844 | INFO     | models.demos.wormhole.stable_diffusion.tt.ttnn_functional_unet_2d_condition_model_new_conv:__call__:406 - Down block 0
2026-05-29 08:16:16.851 | info     |              Op | act_block_h_override 2 is not a valid override for padded_output_height_ntiles_per_core 7, instead 1 was selected as closest valid option! (conv2d_utils.cpp:401)
2026-05-29 08:16:16.851 | INFO     | models.demos.wormhole.stable_diffusion.tt.ttnn_functional_unet_2d_condition_model_new_conv:__call__:406 - Down block 1
2026-05-29 08:16:16.856 | INFO     | models.demos.wormhole.stable_diffusion.tt.ttnn_functional_unet_2d_condition_model_new_conv:__call__:406 - Down block 2
2026-05-29 08:16:16.859 | INFO     | models.demos.wormhole.stable_diffusion.tt.ttnn_functional_unet_2d_condition_model_new_conv:__call__:406 - Down block 3
2026-05-29 08:16:16.860 | INFO     | models.demos.wormhole.stable_diffusion.tt.ttnn_functional_unet_2d_condition_model_new_conv:__call__:460 - Mid block
2026-05-29 08:16:16.861 | warning  |              Op | Mismatch between computed MemoryConfig(memory_layout=TensorMemoryLayout::BLOCK_SHARDED,buffer_type=BufferType::L1,shard_spec=ShardSpec(grid={[(x=0,y=0) - (x=7,y=3)]},shape={32, 160},orientation=ShardOrientation::ROW_MAJOR),nd_shard_spec=NdShardSpec(shard_shape=Shape([32, 160]),grid={[(x=0,y=0) - (x=7,y=3)]},orientation=ShardOrientation::ROW_MAJOR,shard_distribution_strategy=ShardDistributionStrategy::GRID_2D),created_with_nd_shard_spec=0) and provided MemoryConfig(memory_layout=TensorMemoryLayout::BLOCK_SHARDED,buffer_type=BufferType::L1,shard_spec=ShardSpec(grid={[(x=0,y=0) - (x=7,y=7)]},shape={32, 160},orientation=ShardOrientation::ROW_MAJOR),nd_shard_spec=std::nullopt,created_with_nd_shard_spec=0) mem config. Using computed config. (matmul_op.cpp:1674)
2026-05-29 08:16:16.862 | INFO     | models.demos.wormhole.stable_diffusion.tt.ttnn_functional_unet_2d_condition_model_new_conv:__call__:491 - Up block 0
2026-05-29 08:16:16.863 | INFO     | models.demos.wormhole.stable_diffusion.tt.ttnn_functional_unet_2d_condition_model_new_conv:__call__:491 - Up block 1
2026-05-29 08:16:16.868 | INFO     | models.demos.wormhole.stable_diffusion.tt.ttnn_functional_unet_2d_condition_model_new_conv:__call__:491 - Up block 2
2026-05-29 08:16:16.876 | INFO     | models.demos.wormhole.stable_diffusion.tt.ttnn_functional_unet_2d_condition_model_new_conv:__call__:491 - Up block 3
2026-05-29 08:16:16.896 | INFO     | models.demos.wormhole.stable_diffusion.tt.ttnn_functional_unet_2d_condition_model_new_conv:__call__:406 - Down block 0
2026-05-29 08:16:16.902 | info     |              Op | act_block_h_override 2 is not a valid override for padded_output_height_ntiles_per_core 7, instead 1 was selected as closest valid option! (conv2d_utils.cpp:401)
2026-05-29 08:16:16.902 | INFO     | models.demos.wormhole.stable_diffusion.tt.ttnn_functional_unet_2d_condition_model_new_conv:__call__:406 - Down block 1
2026-05-29 08:16:16.907 | INFO     | models.demos.wormhole.stable_diffusion.tt.ttnn_functional_unet_2d_condition_model_new_conv:__call__:406 - Down block 2
2026-05-29 08:16:16.911 | INFO     | models.demos.wormhole.stable_diffusion.tt.ttnn_functional_unet_2d_condition_model_new_conv:__call__:406 - Down block 3
2026-05-29 08:16:16.911 | INFO     | models.demos.wormhole.stable_diffusion.tt.ttnn_functional_unet_2d_condition_model_new_conv:__call__:460 - Mid block
2026-05-29 08:16:16.912 | warning  |              Op | Mismatch between computed MemoryConfig(memory_layout=TensorMemoryLayout::BLOCK_SHARDED,buffer_type=BufferType::L1,shard_spec=ShardSpec(grid={[(x=0,y=0) - (x=7,y=3)]},shape={32, 160},orientation=ShardOrientation::ROW_MAJOR),nd_shard_spec=NdShardSpec(shard_shape=Shape([32, 160]),grid={[(x=0,y=0) - (x=7,y=3)]},orientation=ShardOrientation::ROW_MAJOR,shard_distribution_strategy=ShardDistributionStrategy::GRID_2D),created_with_nd_shard_spec=0) and provided MemoryConfig(memory_layout=TensorMemoryLayout::BLOCK_SHARDED,buffer_type=BufferType::L1,shard_spec=ShardSpec(grid={[(x=0,y=0) - (x=7,y=7)]},shape={32, 160},orientation=ShardOrientation::ROW_MAJOR),nd_shard_spec=std::nullopt,created_with_nd_shard_spec=0) mem config. Using computed config. (matmul_op.cpp:1674)
2026-05-29 08:16:16.913 | INFO     | models.demos.wormhole.stable_diffusion.tt.ttnn_functional_unet_2d_condition_model_new_conv:__call__:491 - Up block 0
2026-05-29 08:16:16.914 | INFO     | models.demos.wormhole.stable_diffusion.tt.ttnn_functional_unet_2d_condition_model_new_conv:__call__:491 - Up block 1
2026-05-29 08:16:16.919 | INFO     | models.demos.wormhole.stable_diffusion.tt.ttnn_functional_unet_2d_condition_model_new_conv:__call__:491 - Up block 2
2026-05-29 08:16:16.927 | INFO     | models.demos.wormhole.stable_diffusion.tt.ttnn_functional_unet_2d_condition_model_new_conv:__call__:491 - Up block 3
2026-05-29 08:16:16.948 | INFO     | models.demos.wormhole.stable_diffusion.tt.ttnn_functional_unet_2d_condition_model_new_conv:__call__:406 - Down block 0
2026-05-29 08:16:16.954 | info     |              Op | act_block_h_override 2 is not a valid override for padded_output_height_ntiles_per_core 7, instead 1 was selected as closest valid option! (conv2d_utils.cpp:401)
2026-05-29 08:16:16.954 | INFO     | models.demos.wormhole.stable_diffusion.tt.ttnn_functional_unet_2d_condition_model_new_conv:__call__:406 - Down block 1
2026-05-29 08:16:16.959 | INFO     | models.demos.wormhole.stable_diffusion.tt.ttnn_functional_unet_2d_condition_model_new_conv:__call__:406 - Down block 2
2026-05-29 08:16:16.962 | INFO     | models.demos.wormhole.stable_diffusion.tt.ttnn_functional_unet_2d_condition_model_new_conv:__call__:406 - Down block 3
2026-05-29 08:16:16.963 | INFO     | models.demos.wormhole.stable_diffusion.tt.ttnn_functional_unet_2d_condition_model_new_conv:__call__:460 - Mid block
2026-05-29 08:16:16.964 | warning  |              Op | Mismatch between computed MemoryConfig(memory_layout=TensorMemoryLayout::BLOCK_SHARDED,buffer_type=BufferType::L1,shard_spec=ShardSpec(grid={[(x=0,y=0) - (x=7,y=3)]},shape={32, 160},orientation=ShardOrientation::ROW_MAJOR),nd_shard_spec=NdShardSpec(shard_shape=Shape([32, 160]),grid={[(x=0,y=0) - (x=7,y=3)]},orientation=ShardOrientation::ROW_MAJOR,shard_distribution_strategy=ShardDistributionStrategy::GRID_2D),created_with_nd_shard_spec=0) and provided MemoryConfig(memory_layout=TensorMemoryLayout::BLOCK_SHARDED,buffer_type=BufferType::L1,shard_spec=ShardSpec(grid={[(x=0,y=0) - (x=7,y=7)]},shape={32, 160},orientation=ShardOrientation::ROW_MAJOR),nd_shard_spec=std::nullopt,created_with_nd_shard_spec=0) mem config. Using computed config. (matmul_op.cpp:1674)
2026-05-29 08:16:16.965 | INFO     | models.demos.wormhole.stable_diffusion.tt.ttnn_functional_unet_2d_condition_model_new_conv:__call__:491 - Up block 0
2026-05-29 08:16:16.966 | INFO     | models.demos.wormhole.stable_diffusion.tt.ttnn_functional_unet_2d_condition_model_new_conv:__call__:491 - Up block 1
2026-05-29 08:16:16.971 | INFO     | models.demos.wormhole.stable_diffusion.tt.ttnn_functional_unet_2d_condition_model_new_conv:__call__:491 - Up block 2
2026-05-29 08:16:16.979 | INFO     | models.demos.wormhole.stable_diffusion.tt.ttnn_functional_unet_2d_condition_model_new_conv:__call__:491 - Up block 3
  Step 10/41
2026-05-29 08:16:17.003 | INFO     | models.demos.wormhole.stable_diffusion.tt.ttnn_functional_unet_2d_condition_model_new_conv:__call__:406 - Down block 0
2026-05-29 08:16:17.009 | info     |              Op | act_block_h_override 2 is not a valid override for padded_output_height_ntiles_per_core 7, instead 1 was selected as closest valid option! (conv2d_utils.cpp:401)
2026-05-29 08:16:17.009 | INFO     | models.demos.wormhole.stable_diffusion.tt.ttnn_functional_unet_2d_condition_model_new_conv:__call__:406 - Down block 1
2026-05-29 08:16:17.015 | INFO     | models.demos.wormhole.stable_diffusion.tt.ttnn_functional_unet_2d_condition_model_new_conv:__call__:406 - Down block 2
2026-05-29 08:16:17.019 | INFO     | models.demos.wormhole.stable_diffusion.tt.ttnn_functional_unet_2d_condition_model_new_conv:__call__:406 - Down block 3
2026-05-29 08:16:17.020 | INFO     | models.demos.wormhole.stable_diffusion.tt.ttnn_functional_unet_2d_condition_model_new_conv:__call__:460 - Mid block
2026-05-29 08:16:17.020 | warning  |              Op | Mismatch between computed MemoryConfig(memory_layout=TensorMemoryLayout::BLOCK_SHARDED,buffer_type=BufferType::L1,shard_spec=ShardSpec(grid={[(x=0,y=0) - (x=7,y=3)]},shape={32, 160},orientation=ShardOrientation::ROW_MAJOR),nd_shard_spec=NdShardSpec(shard_shape=Shape([32, 160]),grid={[(x=0,y=0) - (x=7,y=3)]},orientation=ShardOrientation::ROW_MAJOR,shard_distribution_strategy=ShardDistributionStrategy::GRID_2D),created_with_nd_shard_spec=0) and provided MemoryConfig(memory_layout=TensorMemoryLayout::BLOCK_SHARDED,buffer_type=BufferType::L1,shard_spec=ShardSpec(grid={[(x=0,y=0) - (x=7,y=7)]},shape={32, 160},orientation=ShardOrientation::ROW_MAJOR),nd_shard_spec=std::nullopt,created_with_nd_shard_spec=0) mem config. Using computed config. (matmul_op.cpp:1674)
2026-05-29 08:16:17.022 | INFO     | models.demos.wormhole.stable_diffusion.tt.ttnn_functional_unet_2d_condition_model_new_conv:__call__:491 - Up block 0
2026-05-29 08:16:17.023 | INFO     | models.demos.wormhole.stable_diffusion.tt.ttnn_functional_unet_2d_condition_model_new_conv:__call__:491 - Up block 1
2026-05-29 08:16:17.028 | INFO     | models.demos.wormhole.stable_diffusion.tt.ttnn_functional_unet_2d_condition_model_new_conv:__call__:491 - Up block 2
2026-05-29 08:16:17.036 | INFO     | models.demos.wormhole.stable_diffusion.tt.ttnn_functional_unet_2d_condition_model_new_conv:__call__:491 - Up block 3
2026-05-29 08:16:17.056 | INFO     | models.demos.wormhole.stable_diffusion.tt.ttnn_functional_unet_2d_condition_model_new_conv:__call__:406 - Down block 0
2026-05-29 08:16:17.062 | info     |              Op | act_block_h_override 2 is not a valid override for padded_output_height_ntiles_per_core 7, instead 1 was selected as closest valid option! (conv2d_utils.cpp:401)
2026-05-29 08:16:17.062 | INFO     | models.demos.wormhole.stable_diffusion.tt.ttnn_functional_unet_2d_condition_model_new_conv:__call__:406 - Down block 1
2026-05-29 08:16:17.067 | INFO     | models.demos.wormhole.stable_diffusion.tt.ttnn_functional_unet_2d_condition_model_new_conv:__call__:406 - Down block 2
2026-05-29 08:16:17.070 | INFO     | models.demos.wormhole.stable_diffusion.tt.ttnn_functional_unet_2d_condition_model_new_conv:__call__:406 - Down block 3
2026-05-29 08:16:17.071 | INFO     | models.demos.wormhole.stable_diffusion.tt.ttnn_functional_unet_2d_condition_model_new_conv:__call__:460 - Mid block
2026-05-29 08:16:17.071 | warning  |              Op | Mismatch between computed MemoryConfig(memory_layout=TensorMemoryLayout::BLOCK_SHARDED,buffer_type=BufferType::L1,shard_spec=ShardSpec(grid={[(x=0,y=0) - (x=7,y=3)]},shape={32, 160},orientation=ShardOrientation::ROW_MAJOR),nd_shard_spec=NdShardSpec(shard_shape=Shape([32, 160]),grid={[(x=0,y=0) - (x=7,y=3)]},orientation=ShardOrientation::ROW_MAJOR,shard_distribution_strategy=ShardDistributionStrategy::GRID_2D),created_with_nd_shard_spec=0) and provided MemoryConfig(memory_layout=TensorMemoryLayout::BLOCK_SHARDED,buffer_type=BufferType::L1,shard_spec=ShardSpec(grid={[(x=0,y=0) - (x=7,y=7)]},shape={32, 160},orientation=ShardOrientation::ROW_MAJOR),nd_shard_spec=std::nullopt,created_with_nd_shard_spec=0) mem config. Using computed config. (matmul_op.cpp:1674)
2026-05-29 08:16:17.073 | INFO     | models.demos.wormhole.stable_diffusion.tt.ttnn_functional_unet_2d_condition_model_new_conv:__call__:491 - Up block 0
2026-05-29 08:16:17.074 | INFO     | models.demos.wormhole.stable_diffusion.tt.ttnn_functional_unet_2d_condition_model_new_conv:__call__:491 - Up block 1
2026-05-29 08:16:17.079 | INFO     | models.demos.wormhole.stable_diffusion.tt.ttnn_functional_unet_2d_condition_model_new_conv:__call__:491 - Up block 2
2026-05-29 08:16:17.087 | INFO     | models.demos.wormhole.stable_diffusion.tt.ttnn_functional_unet_2d_condition_model_new_conv:__call__:491 - Up block 3
2026-05-29 08:16:17.108 | INFO     | models.demos.wormhole.stable_diffusion.tt.ttnn_functional_unet_2d_condition_model_new_conv:__call__:406 - Down block 0
2026-05-29 08:16:17.113 | info     |              Op | act_block_h_override 2 is not a valid override for padded_output_height_ntiles_per_core 7, instead 1 was selected as closest valid option! (conv2d_utils.cpp:401)
2026-05-29 08:16:17.114 | INFO     | models.demos.wormhole.stable_diffusion.tt.ttnn_functional_unet_2d_condition_model_new_conv:__call__:406 - Down block 1
2026-05-29 08:16:17.119 | INFO     | models.demos.wormhole.stable_diffusion.tt.ttnn_functional_unet_2d_condition_model_new_conv:__call__:406 - Down block 2
2026-05-29 08:16:17.122 | INFO     | models.demos.wormhole.stable_diffusion.tt.ttnn_functional_unet_2d_condition_model_new_conv:__call__:406 - Down block 3
2026-05-29 08:16:17.123 | INFO     | models.demos.wormhole.stable_diffusion.tt.ttnn_functional_unet_2d_condition_model_new_conv:__call__:460 - Mid block
2026-05-29 08:16:17.124 | warning  |              Op | Mismatch between computed MemoryConfig(memory_layout=TensorMemoryLayout::BLOCK_SHARDED,buffer_type=BufferType::L1,shard_spec=ShardSpec(grid={[(x=0,y=0) - (x=7,y=3)]},shape={32, 160},orientation=ShardOrientation::ROW_MAJOR),nd_shard_spec=NdShardSpec(shard_shape=Shape([32, 160]),grid={[(x=0,y=0) - (x=7,y=3)]},orientation=ShardOrientation::ROW_MAJOR,shard_distribution_strategy=ShardDistributionStrategy::GRID_2D),created_with_nd_shard_spec=0) and provided MemoryConfig(memory_layout=TensorMemoryLayout::BLOCK_SHARDED,buffer_type=BufferType::L1,shard_spec=ShardSpec(grid={[(x=0,y=0) - (x=7,y=7)]},shape={32, 160},orientation=ShardOrientation::ROW_MAJOR),nd_shard_spec=std::nullopt,created_with_nd_shard_spec=0) mem config. Using computed config. (matmul_op.cpp:1674)
2026-05-29 08:16:17.125 | INFO     | models.demos.wormhole.stable_diffusion.tt.ttnn_functional_unet_2d_condition_model_new_conv:__call__:491 - Up block 0
2026-05-29 08:16:17.126 | INFO     | models.demos.wormhole.stable_diffusion.tt.ttnn_functional_unet_2d_condition_model_new_conv:__call__:491 - Up block 1
2026-05-29 08:16:17.131 | INFO     | models.demos.wormhole.stable_diffusion.tt.ttnn_functional_unet_2d_condition_model_new_conv:__call__:491 - Up block 2
2026-05-29 08:16:17.139 | INFO     | models.demos.wormhole.stable_diffusion.tt.ttnn_functional_unet_2d_condition_model_new_conv:__call__:491 - Up block 3
2026-05-29 08:16:17.160 | INFO     | models.demos.wormhole.stable_diffusion.tt.ttnn_functional_unet_2d_condition_model_new_conv:__call__:406 - Down block 0
2026-05-29 08:16:17.165 | info     |              Op | act_block_h_override 2 is not a valid override for padded_output_height_ntiles_per_core 7, instead 1 was selected as closest valid option! (conv2d_utils.cpp:401)
2026-05-29 08:16:17.166 | INFO     | models.demos.wormhole.stable_diffusion.tt.ttnn_functional_unet_2d_condition_model_new_conv:__call__:406 - Down block 1
2026-05-29 08:16:17.171 | INFO     | models.demos.wormhole.stable_diffusion.tt.ttnn_functional_unet_2d_condition_model_new_conv:__call__:406 - Down block 2
2026-05-29 08:16:17.174 | INFO     | models.demos.wormhole.stable_diffusion.tt.ttnn_functional_unet_2d_condition_model_new_conv:__call__:406 - Down block 3
2026-05-29 08:16:17.175 | INFO     | models.demos.wormhole.stable_diffusion.tt.ttnn_functional_unet_2d_condition_model_new_conv:__call__:460 - Mid block
2026-05-29 08:16:17.175 | warning  |              Op | Mismatch between computed MemoryConfig(memory_layout=TensorMemoryLayout::BLOCK_SHARDED,buffer_type=BufferType::L1,shard_spec=ShardSpec(grid={[(x=0,y=0) - (x=7,y=3)]},shape={32, 160},orientation=ShardOrientation::ROW_MAJOR),nd_shard_spec=NdShardSpec(shard_shape=Shape([32, 160]),grid={[(x=0,y=0) - (x=7,y=3)]},orientation=ShardOrientation::ROW_MAJOR,shard_distribution_strategy=ShardDistributionStrategy::GRID_2D),created_with_nd_shard_spec=0) and provided MemoryConfig(memory_layout=TensorMemoryLayout::BLOCK_SHARDED,buffer_type=BufferType::L1,shard_spec=ShardSpec(grid={[(x=0,y=0) - (x=7,y=7)]},shape={32, 160},orientation=ShardOrientation::ROW_MAJOR),nd_shard_spec=std::nullopt,created_with_nd_shard_spec=0) mem config. Using computed config. (matmul_op.cpp:1674)
2026-05-29 08:16:17.177 | INFO     | models.demos.wormhole.stable_diffusion.tt.ttnn_functional_unet_2d_condition_model_new_conv:__call__:491 - Up block 0
2026-05-29 08:16:17.178 | INFO     | models.demos.wormhole.stable_diffusion.tt.ttnn_functional_unet_2d_condition_model_new_conv:__call__:491 - Up block 1
2026-05-29 08:16:17.183 | INFO     | models.demos.wormhole.stable_diffusion.tt.ttnn_functional_unet_2d_condition_model_new_conv:__call__:491 - Up block 2
2026-05-29 08:16:17.191 | INFO     | models.demos.wormhole.stable_diffusion.tt.ttnn_functional_unet_2d_condition_model_new_conv:__call__:491 - Up block 3
2026-05-29 08:16:17.211 | INFO     | models.demos.wormhole.stable_diffusion.tt.ttnn_functional_unet_2d_condition_model_new_conv:__call__:406 - Down block 0
2026-05-29 08:16:17.217 | info     |              Op | act_block_h_override 2 is not a valid override for padded_output_height_ntiles_per_core 7, instead 1 was selected as closest valid option! (conv2d_utils.cpp:401)
2026-05-29 08:16:17.217 | INFO     | models.demos.wormhole.stable_diffusion.tt.ttnn_functional_unet_2d_condition_model_new_conv:__call__:406 - Down block 1
2026-05-29 08:16:17.223 | INFO     | models.demos.wormhole.stable_diffusion.tt.ttnn_functional_unet_2d_condition_model_new_conv:__call__:406 - Down block 2
2026-05-29 08:16:17.226 | INFO     | models.demos.wormhole.stable_diffusion.tt.ttnn_functional_unet_2d_condition_model_new_conv:__call__:406 - Down block 3
2026-05-29 08:16:17.227 | INFO     | models.demos.wormhole.stable_diffusion.tt.ttnn_functional_unet_2d_condition_model_new_conv:__call__:460 - Mid block
2026-05-29 08:16:17.227 | warning  |              Op | Mismatch between computed MemoryConfig(memory_layout=TensorMemoryLayout::BLOCK_SHARDED,buffer_type=BufferType::L1,shard_spec=ShardSpec(grid={[(x=0,y=0) - (x=7,y=3)]},shape={32, 160},orientation=ShardOrientation::ROW_MAJOR),nd_shard_spec=NdShardSpec(shard_shape=Shape([32, 160]),grid={[(x=0,y=0) - (x=7,y=3)]},orientation=ShardOrientation::ROW_MAJOR,shard_distribution_strategy=ShardDistributionStrategy::GRID_2D),created_with_nd_shard_spec=0) and provided MemoryConfig(memory_layout=TensorMemoryLayout::BLOCK_SHARDED,buffer_type=BufferType::L1,shard_spec=ShardSpec(grid={[(x=0,y=0) - (x=7,y=7)]},shape={32, 160},orientation=ShardOrientation::ROW_MAJOR),nd_shard_spec=std::nullopt,created_with_nd_shard_spec=0) mem config. Using computed config. (matmul_op.cpp:1674)
2026-05-29 08:16:17.229 | INFO     | models.demos.wormhole.stable_diffusion.tt.ttnn_functional_unet_2d_condition_model_new_conv:__call__:491 - Up block 0
2026-05-29 08:16:17.230 | INFO     | models.demos.wormhole.stable_diffusion.tt.ttnn_functional_unet_2d_condition_model_new_conv:__call__:491 - Up block 1
2026-05-29 08:16:17.235 | INFO     | models.demos.wormhole.stable_diffusion.tt.ttnn_functional_unet_2d_condition_model_new_conv:__call__:491 - Up block 2
2026-05-29 08:16:17.243 | INFO     | models.demos.wormhole.stable_diffusion.tt.ttnn_functional_unet_2d_condition_model_new_conv:__call__:491 - Up block 3
2026-05-29 08:16:17.263 | INFO     | models.demos.wormhole.stable_diffusion.tt.ttnn_functional_unet_2d_condition_model_new_conv:__call__:406 - Down block 0
2026-05-29 08:16:17.269 | info     |              Op | act_block_h_override 2 is not a valid override for padded_output_height_ntiles_per_core 7, instead 1 was selected as closest valid option! (conv2d_utils.cpp:401)
2026-05-29 08:16:17.269 | INFO     | models.demos.wormhole.stable_diffusion.tt.ttnn_functional_unet_2d_condition_model_new_conv:__call__:406 - Down block 1
2026-05-29 08:16:17.274 | INFO     | models.demos.wormhole.stable_diffusion.tt.ttnn_functional_unet_2d_condition_model_new_conv:__call__:406 - Down block 2
2026-05-29 08:16:17.278 | INFO     | models.demos.wormhole.stable_diffusion.tt.ttnn_functional_unet_2d_condition_model_new_conv:__call__:406 - Down block 3
2026-05-29 08:16:17.278 | INFO     | models.demos.wormhole.stable_diffusion.tt.ttnn_functional_unet_2d_condition_model_new_conv:__call__:460 - Mid block
2026-05-29 08:16:17.279 | warning  |              Op | Mismatch between computed MemoryConfig(memory_layout=TensorMemoryLayout::BLOCK_SHARDED,buffer_type=BufferType::L1,shard_spec=ShardSpec(grid={[(x=0,y=0) - (x=7,y=3)]},shape={32, 160},orientation=ShardOrientation::ROW_MAJOR),nd_shard_spec=NdShardSpec(shard_shape=Shape([32, 160]),grid={[(x=0,y=0) - (x=7,y=3)]},orientation=ShardOrientation::ROW_MAJOR,shard_distribution_strategy=ShardDistributionStrategy::GRID_2D),created_with_nd_shard_spec=0) and provided MemoryConfig(memory_layout=TensorMemoryLayout::BLOCK_SHARDED,buffer_type=BufferType::L1,shard_spec=ShardSpec(grid={[(x=0,y=0) - (x=7,y=7)]},shape={32, 160},orientation=ShardOrientation::ROW_MAJOR),nd_shard_spec=std::nullopt,created_with_nd_shard_spec=0) mem config. Using computed config. (matmul_op.cpp:1674)
2026-05-29 08:16:17.280 | INFO     | models.demos.wormhole.stable_diffusion.tt.ttnn_functional_unet_2d_condition_model_new_conv:__call__:491 - Up block 0
2026-05-29 08:16:17.281 | INFO     | models.demos.wormhole.stable_diffusion.tt.ttnn_functional_unet_2d_condition_model_new_conv:__call__:491 - Up block 1
2026-05-29 08:16:17.286 | INFO     | models.demos.wormhole.stable_diffusion.tt.ttnn_functional_unet_2d_condition_model_new_conv:__call__:491 - Up block 2
2026-05-29 08:16:17.294 | INFO     | models.demos.wormhole.stable_diffusion.tt.ttnn_functional_unet_2d_condition_model_new_conv:__call__:491 - Up block 3
2026-05-29 08:16:17.315 | INFO     | models.demos.wormhole.stable_diffusion.tt.ttnn_functional_unet_2d_condition_model_new_conv:__call__:406 - Down block 0
2026-05-29 08:16:17.321 | info     |              Op | act_block_h_override 2 is not a valid override for padded_output_height_ntiles_per_core 7, instead 1 was selected as closest valid option! (conv2d_utils.cpp:401)
2026-05-29 08:16:17.321 | INFO     | models.demos.wormhole.stable_diffusion.tt.ttnn_functional_unet_2d_condition_model_new_conv:__call__:406 - Down block 1
2026-05-29 08:16:17.326 | INFO     | models.demos.wormhole.stable_diffusion.tt.ttnn_functional_unet_2d_condition_model_new_conv:__call__:406 - Down block 2
2026-05-29 08:16:17.329 | INFO     | models.demos.wormhole.stable_diffusion.tt.ttnn_functional_unet_2d_condition_model_new_conv:__call__:406 - Down block 3
2026-05-29 08:16:17.330 | INFO     | models.demos.wormhole.stable_diffusion.tt.ttnn_functional_unet_2d_condition_model_new_conv:__call__:460 - Mid block
2026-05-29 08:16:17.331 | warning  |              Op | Mismatch between computed MemoryConfig(memory_layout=TensorMemoryLayout::BLOCK_SHARDED,buffer_type=BufferType::L1,shard_spec=ShardSpec(grid={[(x=0,y=0) - (x=7,y=3)]},shape={32, 160},orientation=ShardOrientation::ROW_MAJOR),nd_shard_spec=NdShardSpec(shard_shape=Shape([32, 160]),grid={[(x=0,y=0) - (x=7,y=3)]},orientation=ShardOrientation::ROW_MAJOR,shard_distribution_strategy=ShardDistributionStrategy::GRID_2D),created_with_nd_shard_spec=0) and provided MemoryConfig(memory_layout=TensorMemoryLayout::BLOCK_SHARDED,buffer_type=BufferType::L1,shard_spec=ShardSpec(grid={[(x=0,y=0) - (x=7,y=7)]},shape={32, 160},orientation=ShardOrientation::ROW_MAJOR),nd_shard_spec=std::nullopt,created_with_nd_shard_spec=0) mem config. Using computed config. (matmul_op.cpp:1674)
2026-05-29 08:16:17.332 | INFO     | models.demos.wormhole.stable_diffusion.tt.ttnn_functional_unet_2d_condition_model_new_conv:__call__:491 - Up block 0
2026-05-29 08:16:17.333 | INFO     | models.demos.wormhole.stable_diffusion.tt.ttnn_functional_unet_2d_condition_model_new_conv:__call__:491 - Up block 1
2026-05-29 08:16:17.338 | INFO     | models.demos.wormhole.stable_diffusion.tt.ttnn_functional_unet_2d_condition_model_new_conv:__call__:491 - Up block 2
2026-05-29 08:16:17.346 | INFO     | models.demos.wormhole.stable_diffusion.tt.ttnn_functional_unet_2d_condition_model_new_conv:__call__:491 - Up block 3
2026-05-29 08:16:17.367 | INFO     | models.demos.wormhole.stable_diffusion.tt.ttnn_functional_unet_2d_condition_model_new_conv:__call__:406 - Down block 0
2026-05-29 08:16:17.373 | info     |              Op | act_block_h_override 2 is not a valid override for padded_output_height_ntiles_per_core 7, instead 1 was selected as closest valid option! (conv2d_utils.cpp:401)
2026-05-29 08:16:17.373 | INFO     | models.demos.wormhole.stable_diffusion.tt.ttnn_functional_unet_2d_condition_model_new_conv:__call__:406 - Down block 1
2026-05-29 08:16:17.378 | INFO     | models.demos.wormhole.stable_diffusion.tt.ttnn_functional_unet_2d_condition_model_new_conv:__call__:406 - Down block 2
2026-05-29 08:16:17.382 | INFO     | models.demos.wormhole.stable_diffusion.tt.ttnn_functional_unet_2d_condition_model_new_conv:__call__:406 - Down block 3
2026-05-29 08:16:17.383 | INFO     | models.demos.wormhole.stable_diffusion.tt.ttnn_functional_unet_2d_condition_model_new_conv:__call__:460 - Mid block
2026-05-29 08:16:17.383 | warning  |              Op | Mismatch between computed MemoryConfig(memory_layout=TensorMemoryLayout::BLOCK_SHARDED,buffer_type=BufferType::L1,shard_spec=ShardSpec(grid={[(x=0,y=0) - (x=7,y=3)]},shape={32, 160},orientation=ShardOrientation::ROW_MAJOR),nd_shard_spec=NdShardSpec(shard_shape=Shape([32, 160]),grid={[(x=0,y=0) - (x=7,y=3)]},orientation=ShardOrientation::ROW_MAJOR,shard_distribution_strategy=ShardDistributionStrategy::GRID_2D),created_with_nd_shard_spec=0) and provided MemoryConfig(memory_layout=TensorMemoryLayout::BLOCK_SHARDED,buffer_type=BufferType::L1,shard_spec=ShardSpec(grid={[(x=0,y=0) - (x=7,y=7)]},shape={32, 160},orientation=ShardOrientation::ROW_MAJOR),nd_shard_spec=std::nullopt,created_with_nd_shard_spec=0) mem config. Using computed config. (matmul_op.cpp:1674)
2026-05-29 08:16:17.384 | INFO     | models.demos.wormhole.stable_diffusion.tt.ttnn_functional_unet_2d_condition_model_new_conv:__call__:491 - Up block 0
2026-05-29 08:16:17.386 | INFO     | models.demos.wormhole.stable_diffusion.tt.ttnn_functional_unet_2d_condition_model_new_conv:__call__:491 - Up block 1
2026-05-29 08:16:17.391 | INFO     | models.demos.wormhole.stable_diffusion.tt.ttnn_functional_unet_2d_condition_model_new_conv:__call__:491 - Up block 2
2026-05-29 08:16:17.399 | INFO     | models.demos.wormhole.stable_diffusion.tt.ttnn_functional_unet_2d_condition_model_new_conv:__call__:491 - Up block 3
  Step 11/41
2026-05-29 08:16:17.421 | INFO     | models.demos.wormhole.stable_diffusion.tt.ttnn_functional_unet_2d_condition_model_new_conv:__call__:406 - Down block 0
2026-05-29 08:16:17.428 | info     |              Op | act_block_h_override 2 is not a valid override for padded_output_height_ntiles_per_core 7, instead 1 was selected as closest valid option! (conv2d_utils.cpp:401)
2026-05-29 08:16:17.428 | INFO     | models.demos.wormhole.stable_diffusion.tt.ttnn_functional_unet_2d_condition_model_new_conv:__call__:406 - Down block 1
2026-05-29 08:16:17.433 | INFO     | models.demos.wormhole.stable_diffusion.tt.ttnn_functional_unet_2d_condition_model_new_conv:__call__:406 - Down block 2
2026-05-29 08:16:17.437 | INFO     | models.demos.wormhole.stable_diffusion.tt.ttnn_functional_unet_2d_condition_model_new_conv:__call__:406 - Down block 3
2026-05-29 08:16:17.438 | INFO     | models.demos.wormhole.stable_diffusion.tt.ttnn_functional_unet_2d_condition_model_new_conv:__call__:460 - Mid block
2026-05-29 08:16:17.438 | warning  |              Op | Mismatch between computed MemoryConfig(memory_layout=TensorMemoryLayout::BLOCK_SHARDED,buffer_type=BufferType::L1,shard_spec=ShardSpec(grid={[(x=0,y=0) - (x=7,y=3)]},shape={32, 160},orientation=ShardOrientation::ROW_MAJOR),nd_shard_spec=NdShardSpec(shard_shape=Shape([32, 160]),grid={[(x=0,y=0) - (x=7,y=3)]},orientation=ShardOrientation::ROW_MAJOR,shard_distribution_strategy=ShardDistributionStrategy::GRID_2D),created_with_nd_shard_spec=0) and provided MemoryConfig(memory_layout=TensorMemoryLayout::BLOCK_SHARDED,buffer_type=BufferType::L1,shard_spec=ShardSpec(grid={[(x=0,y=0) - (x=7,y=7)]},shape={32, 160},orientation=ShardOrientation::ROW_MAJOR),nd_shard_spec=std::nullopt,created_with_nd_shard_spec=0) mem config. Using computed config. (matmul_op.cpp:1674)
2026-05-29 08:16:17.440 | INFO     | models.demos.wormhole.stable_diffusion.tt.ttnn_functional_unet_2d_condition_model_new_conv:__call__:491 - Up block 0
2026-05-29 08:16:17.441 | INFO     | models.demos.wormhole.stable_diffusion.tt.ttnn_functional_unet_2d_condition_model_new_conv:__call__:491 - Up block 1
2026-05-29 08:16:17.446 | INFO     | models.demos.wormhole.stable_diffusion.tt.ttnn_functional_unet_2d_condition_model_new_conv:__call__:491 - Up block 2
2026-05-29 08:16:17.454 | INFO     | models.demos.wormhole.stable_diffusion.tt.ttnn_functional_unet_2d_condition_model_new_conv:__call__:491 - Up block 3
2026-05-29 08:16:17.474 | INFO     | models.demos.wormhole.stable_diffusion.tt.ttnn_functional_unet_2d_condition_model_new_conv:__call__:406 - Down block 0
2026-05-29 08:16:17.480 | info     |              Op | act_block_h_override 2 is not a valid override for padded_output_height_ntiles_per_core 7, instead 1 was selected as closest valid option! (conv2d_utils.cpp:401)
2026-05-29 08:16:17.480 | INFO     | models.demos.wormhole.stable_diffusion.tt.ttnn_functional_unet_2d_condition_model_new_conv:__call__:406 - Down block 1
2026-05-29 08:16:17.485 | INFO     | models.demos.wormhole.stable_diffusion.tt.ttnn_functional_unet_2d_condition_model_new_conv:__call__:406 - Down block 2
2026-05-29 08:16:17.488 | INFO     | models.demos.wormhole.stable_diffusion.tt.ttnn_functional_unet_2d_condition_model_new_conv:__call__:406 - Down block 3
2026-05-29 08:16:17.489 | INFO     | models.demos.wormhole.stable_diffusion.tt.ttnn_functional_unet_2d_condition_model_new_conv:__call__:460 - Mid block
2026-05-29 08:16:17.490 | warning  |              Op | Mismatch between computed MemoryConfig(memory_layout=TensorMemoryLayout::BLOCK_SHARDED,buffer_type=BufferType::L1,shard_spec=ShardSpec(grid={[(x=0,y=0) - (x=7,y=3)]},shape={32, 160},orientation=ShardOrientation::ROW_MAJOR),nd_shard_spec=NdShardSpec(shard_shape=Shape([32, 160]),grid={[(x=0,y=0) - (x=7,y=3)]},orientation=ShardOrientation::ROW_MAJOR,shard_distribution_strategy=ShardDistributionStrategy::GRID_2D),created_with_nd_shard_spec=0) and provided MemoryConfig(memory_layout=TensorMemoryLayout::BLOCK_SHARDED,buffer_type=BufferType::L1,shard_spec=ShardSpec(grid={[(x=0,y=0) - (x=7,y=7)]},shape={32, 160},orientation=ShardOrientation::ROW_MAJOR),nd_shard_spec=std::nullopt,created_with_nd_shard_spec=0) mem config. Using computed config. (matmul_op.cpp:1674)
2026-05-29 08:16:17.491 | INFO     | models.demos.wormhole.stable_diffusion.tt.ttnn_functional_unet_2d_condition_model_new_conv:__call__:491 - Up block 0
2026-05-29 08:16:17.492 | INFO     | models.demos.wormhole.stable_diffusion.tt.ttnn_functional_unet_2d_condition_model_new_conv:__call__:491 - Up block 1
2026-05-29 08:16:17.497 | INFO     | models.demos.wormhole.stable_diffusion.tt.ttnn_functional_unet_2d_condition_model_new_conv:__call__:491 - Up block 2
2026-05-29 08:16:17.506 | INFO     | models.demos.wormhole.stable_diffusion.tt.ttnn_functional_unet_2d_condition_model_new_conv:__call__:491 - Up block 3
2026-05-29 08:16:17.526 | INFO     | models.demos.wormhole.stable_diffusion.tt.ttnn_functional_unet_2d_condition_model_new_conv:__call__:406 - Down block 0
2026-05-29 08:16:17.532 | info     |              Op | act_block_h_override 2 is not a valid override for padded_output_height_ntiles_per_core 7, instead 1 was selected as closest valid option! (conv2d_utils.cpp:401)
2026-05-29 08:16:17.532 | INFO     | models.demos.wormhole.stable_diffusion.tt.ttnn_functional_unet_2d_condition_model_new_conv:__call__:406 - Down block 1
2026-05-29 08:16:17.537 | INFO     | models.demos.wormhole.stable_diffusion.tt.ttnn_functional_unet_2d_condition_model_new_conv:__call__:406 - Down block 2
2026-05-29 08:16:17.540 | INFO     | models.demos.wormhole.stable_diffusion.tt.ttnn_functional_unet_2d_condition_model_new_conv:__call__:406 - Down block 3
2026-05-29 08:16:17.541 | INFO     | models.demos.wormhole.stable_diffusion.tt.ttnn_functional_unet_2d_condition_model_new_conv:__call__:460 - Mid block
2026-05-29 08:16:17.541 | warning  |              Op | Mismatch between computed MemoryConfig(memory_layout=TensorMemoryLayout::BLOCK_SHARDED,buffer_type=BufferType::L1,shard_spec=ShardSpec(grid={[(x=0,y=0) - (x=7,y=3)]},shape={32, 160},orientation=ShardOrientation::ROW_MAJOR),nd_shard_spec=NdShardSpec(shard_shape=Shape([32, 160]),grid={[(x=0,y=0) - (x=7,y=3)]},orientation=ShardOrientation::ROW_MAJOR,shard_distribution_strategy=ShardDistributionStrategy::GRID_2D),created_with_nd_shard_spec=0) and provided MemoryConfig(memory_layout=TensorMemoryLayout::BLOCK_SHARDED,buffer_type=BufferType::L1,shard_spec=ShardSpec(grid={[(x=0,y=0) - (x=7,y=7)]},shape={32, 160},orientation=ShardOrientation::ROW_MAJOR),nd_shard_spec=std::nullopt,created_with_nd_shard_spec=0) mem config. Using computed config. (matmul_op.cpp:1674)
2026-05-29 08:16:17.543 | INFO     | models.demos.wormhole.stable_diffusion.tt.ttnn_functional_unet_2d_condition_model_new_conv:__call__:491 - Up block 0
2026-05-29 08:16:17.544 | INFO     | models.demos.wormhole.stable_diffusion.tt.ttnn_functional_unet_2d_condition_model_new_conv:__call__:491 - Up block 1
2026-05-29 08:16:17.549 | INFO     | models.demos.wormhole.stable_diffusion.tt.ttnn_functional_unet_2d_condition_model_new_conv:__call__:491 - Up block 2
2026-05-29 08:16:17.557 | INFO     | models.demos.wormhole.stable_diffusion.tt.ttnn_functional_unet_2d_condition_model_new_conv:__call__:491 - Up block 3
2026-05-29 08:16:17.578 | INFO     | models.demos.wormhole.stable_diffusion.tt.ttnn_functional_unet_2d_condition_model_new_conv:__call__:406 - Down block 0
2026-05-29 08:16:17.583 | info     |              Op | act_block_h_override 2 is not a valid override for padded_output_height_ntiles_per_core 7, instead 1 was selected as closest valid option! (conv2d_utils.cpp:401)
2026-05-29 08:16:17.583 | INFO     | models.demos.wormhole.stable_diffusion.tt.ttnn_functional_unet_2d_condition_model_new_conv:__call__:406 - Down block 1
2026-05-29 08:16:17.589 | INFO     | models.demos.wormhole.stable_diffusion.tt.ttnn_functional_unet_2d_condition_model_new_conv:__call__:406 - Down block 2
2026-05-29 08:16:17.592 | INFO     | models.demos.wormhole.stable_diffusion.tt.ttnn_functional_unet_2d_condition_model_new_conv:__call__:406 - Down block 3
2026-05-29 08:16:17.593 | INFO     | models.demos.wormhole.stable_diffusion.tt.ttnn_functional_unet_2d_condition_model_new_conv:__call__:460 - Mid block
2026-05-29 08:16:17.593 | warning  |              Op | Mismatch between computed MemoryConfig(memory_layout=TensorMemoryLayout::BLOCK_SHARDED,buffer_type=BufferType::L1,shard_spec=ShardSpec(grid={[(x=0,y=0) - (x=7,y=3)]},shape={32, 160},orientation=ShardOrientation::ROW_MAJOR),nd_shard_spec=NdShardSpec(shard_shape=Shape([32, 160]),grid={[(x=0,y=0) - (x=7,y=3)]},orientation=ShardOrientation::ROW_MAJOR,shard_distribution_strategy=ShardDistributionStrategy::GRID_2D),created_with_nd_shard_spec=0) and provided MemoryConfig(memory_layout=TensorMemoryLayout::BLOCK_SHARDED,buffer_type=BufferType::L1,shard_spec=ShardSpec(grid={[(x=0,y=0) - (x=7,y=7)]},shape={32, 160},orientation=ShardOrientation::ROW_MAJOR),nd_shard_spec=std::nullopt,created_with_nd_shard_spec=0) mem config. Using computed config. (matmul_op.cpp:1674)
2026-05-29 08:16:17.595 | INFO     | models.demos.wormhole.stable_diffusion.tt.ttnn_functional_unet_2d_condition_model_new_conv:__call__:491 - Up block 0
2026-05-29 08:16:17.596 | INFO     | models.demos.wormhole.stable_diffusion.tt.ttnn_functional_unet_2d_condition_model_new_conv:__call__:491 - Up block 1
2026-05-29 08:16:17.601 | INFO     | models.demos.wormhole.stable_diffusion.tt.ttnn_functional_unet_2d_condition_model_new_conv:__call__:491 - Up block 2
2026-05-29 08:16:17.609 | INFO     | models.demos.wormhole.stable_diffusion.tt.ttnn_functional_unet_2d_condition_model_new_conv:__call__:491 - Up block 3
2026-05-29 08:16:17.630 | INFO     | models.demos.wormhole.stable_diffusion.tt.ttnn_functional_unet_2d_condition_model_new_conv:__call__:406 - Down block 0
2026-05-29 08:16:17.635 | info     |              Op | act_block_h_override 2 is not a valid override for padded_output_height_ntiles_per_core 7, instead 1 was selected as closest valid option! (conv2d_utils.cpp:401)
2026-05-29 08:16:17.635 | INFO     | models.demos.wormhole.stable_diffusion.tt.ttnn_functional_unet_2d_condition_model_new_conv:__call__:406 - Down block 1
2026-05-29 08:16:17.641 | INFO     | models.demos.wormhole.stable_diffusion.tt.ttnn_functional_unet_2d_condition_model_new_conv:__call__:406 - Down block 2
2026-05-29 08:16:17.644 | INFO     | models.demos.wormhole.stable_diffusion.tt.ttnn_functional_unet_2d_condition_model_new_conv:__call__:406 - Down block 3
2026-05-29 08:16:17.645 | INFO     | models.demos.wormhole.stable_diffusion.tt.ttnn_functional_unet_2d_condition_model_new_conv:__call__:460 - Mid block
2026-05-29 08:16:17.645 | warning  |              Op | Mismatch between computed MemoryConfig(memory_layout=TensorMemoryLayout::BLOCK_SHARDED,buffer_type=BufferType::L1,shard_spec=ShardSpec(grid={[(x=0,y=0) - (x=7,y=3)]},shape={32, 160},orientation=ShardOrientation::ROW_MAJOR),nd_shard_spec=NdShardSpec(shard_shape=Shape([32, 160]),grid={[(x=0,y=0) - (x=7,y=3)]},orientation=ShardOrientation::ROW_MAJOR,shard_distribution_strategy=ShardDistributionStrategy::GRID_2D),created_with_nd_shard_spec=0) and provided MemoryConfig(memory_layout=TensorMemoryLayout::BLOCK_SHARDED,buffer_type=BufferType::L1,shard_spec=ShardSpec(grid={[(x=0,y=0) - (x=7,y=7)]},shape={32, 160},orientation=ShardOrientation::ROW_MAJOR),nd_shard_spec=std::nullopt,created_with_nd_shard_spec=0) mem config. Using computed config. (matmul_op.cpp:1674)
2026-05-29 08:16:17.647 | INFO     | models.demos.wormhole.stable_diffusion.tt.ttnn_functional_unet_2d_condition_model_new_conv:__call__:491 - Up block 0
2026-05-29 08:16:17.648 | INFO     | models.demos.wormhole.stable_diffusion.tt.ttnn_functional_unet_2d_condition_model_new_conv:__call__:491 - Up block 1
2026-05-29 08:16:17.653 | INFO     | models.demos.wormhole.stable_diffusion.tt.ttnn_functional_unet_2d_condition_model_new_conv:__call__:491 - Up block 2
2026-05-29 08:16:17.661 | INFO     | models.demos.wormhole.stable_diffusion.tt.ttnn_functional_unet_2d_condition_model_new_conv:__call__:491 - Up block 3
2026-05-29 08:16:17.681 | INFO     | models.demos.wormhole.stable_diffusion.tt.ttnn_functional_unet_2d_condition_model_new_conv:__call__:406 - Down block 0
2026-05-29 08:16:17.687 | info     |              Op | act_block_h_override 2 is not a valid override for padded_output_height_ntiles_per_core 7, instead 1 was selected as closest valid option! (conv2d_utils.cpp:401)
2026-05-29 08:16:17.687 | INFO     | models.demos.wormhole.stable_diffusion.tt.ttnn_functional_unet_2d_condition_model_new_conv:__call__:406 - Down block 1
2026-05-29 08:16:17.692 | INFO     | models.demos.wormhole.stable_diffusion.tt.ttnn_functional_unet_2d_condition_model_new_conv:__call__:406 - Down block 2
2026-05-29 08:16:17.696 | INFO     | models.demos.wormhole.stable_diffusion.tt.ttnn_functional_unet_2d_condition_model_new_conv:__call__:406 - Down block 3
2026-05-29 08:16:17.696 | INFO     | models.demos.wormhole.stable_diffusion.tt.ttnn_functional_unet_2d_condition_model_new_conv:__call__:460 - Mid block
2026-05-29 08:16:17.697 | warning  |              Op | Mismatch between computed MemoryConfig(memory_layout=TensorMemoryLayout::BLOCK_SHARDED,buffer_type=BufferType::L1,shard_spec=ShardSpec(grid={[(x=0,y=0) - (x=7,y=3)]},shape={32, 160},orientation=ShardOrientation::ROW_MAJOR),nd_shard_spec=NdShardSpec(shard_shape=Shape([32, 160]),grid={[(x=0,y=0) - (x=7,y=3)]},orientation=ShardOrientation::ROW_MAJOR,shard_distribution_strategy=ShardDistributionStrategy::GRID_2D),created_with_nd_shard_spec=0) and provided MemoryConfig(memory_layout=TensorMemoryLayout::BLOCK_SHARDED,buffer_type=BufferType::L1,shard_spec=ShardSpec(grid={[(x=0,y=0) - (x=7,y=7)]},shape={32, 160},orientation=ShardOrientation::ROW_MAJOR),nd_shard_spec=std::nullopt,created_with_nd_shard_spec=0) mem config. Using computed config. (matmul_op.cpp:1674)
2026-05-29 08:16:17.698 | INFO     | models.demos.wormhole.stable_diffusion.tt.ttnn_functional_unet_2d_condition_model_new_conv:__call__:491 - Up block 0
2026-05-29 08:16:17.700 | INFO     | models.demos.wormhole.stable_diffusion.tt.ttnn_functional_unet_2d_condition_model_new_conv:__call__:491 - Up block 1
2026-05-29 08:16:17.704 | INFO     | models.demos.wormhole.stable_diffusion.tt.ttnn_functional_unet_2d_condition_model_new_conv:__call__:491 - Up block 2
2026-05-29 08:16:17.712 | INFO     | models.demos.wormhole.stable_diffusion.tt.ttnn_functional_unet_2d_condition_model_new_conv:__call__:491 - Up block 3
2026-05-29 08:16:17.733 | INFO     | models.demos.wormhole.stable_diffusion.tt.ttnn_functional_unet_2d_condition_model_new_conv:__call__:406 - Down block 0
2026-05-29 08:16:17.739 | info     |              Op | act_block_h_override 2 is not a valid override for padded_output_height_ntiles_per_core 7, instead 1 was selected as closest valid option! (conv2d_utils.cpp:401)
2026-05-29 08:16:17.739 | INFO     | models.demos.wormhole.stable_diffusion.tt.ttnn_functional_unet_2d_condition_model_new_conv:__call__:406 - Down block 1
2026-05-29 08:16:17.745 | INFO     | models.demos.wormhole.stable_diffusion.tt.ttnn_functional_unet_2d_condition_model_new_conv:__call__:406 - Down block 2
2026-05-29 08:16:17.748 | INFO     | models.demos.wormhole.stable_diffusion.tt.ttnn_functional_unet_2d_condition_model_new_conv:__call__:406 - Down block 3
2026-05-29 08:16:17.749 | INFO     | models.demos.wormhole.stable_diffusion.tt.ttnn_functional_unet_2d_condition_model_new_conv:__call__:460 - Mid block
2026-05-29 08:16:17.749 | warning  |              Op | Mismatch between computed MemoryConfig(memory_layout=TensorMemoryLayout::BLOCK_SHARDED,buffer_type=BufferType::L1,shard_spec=ShardSpec(grid={[(x=0,y=0) - (x=7,y=3)]},shape={32, 160},orientation=ShardOrientation::ROW_MAJOR),nd_shard_spec=NdShardSpec(shard_shape=Shape([32, 160]),grid={[(x=0,y=0) - (x=7,y=3)]},orientation=ShardOrientation::ROW_MAJOR,shard_distribution_strategy=ShardDistributionStrategy::GRID_2D),created_with_nd_shard_spec=0) and provided MemoryConfig(memory_layout=TensorMemoryLayout::BLOCK_SHARDED,buffer_type=BufferType::L1,shard_spec=ShardSpec(grid={[(x=0,y=0) - (x=7,y=7)]},shape={32, 160},orientation=ShardOrientation::ROW_MAJOR),nd_shard_spec=std::nullopt,created_with_nd_shard_spec=0) mem config. Using computed config. (matmul_op.cpp:1674)
2026-05-29 08:16:17.750 | INFO     | models.demos.wormhole.stable_diffusion.tt.ttnn_functional_unet_2d_condition_model_new_conv:__call__:491 - Up block 0
2026-05-29 08:16:17.752 | INFO     | models.demos.wormhole.stable_diffusion.tt.ttnn_functional_unet_2d_condition_model_new_conv:__call__:491 - Up block 1
2026-05-29 08:16:17.757 | INFO     | models.demos.wormhole.stable_diffusion.tt.ttnn_functional_unet_2d_condition_model_new_conv:__call__:491 - Up block 2
2026-05-29 08:16:17.765 | INFO     | models.demos.wormhole.stable_diffusion.tt.ttnn_functional_unet_2d_condition_model_new_conv:__call__:491 - Up block 3
2026-05-29 08:16:17.785 | INFO     | models.demos.wormhole.stable_diffusion.tt.ttnn_functional_unet_2d_condition_model_new_conv:__call__:406 - Down block 0
2026-05-29 08:16:17.791 | info     |              Op | act_block_h_override 2 is not a valid override for padded_output_height_ntiles_per_core 7, instead 1 was selected as closest valid option! (conv2d_utils.cpp:401)
2026-05-29 08:16:17.791 | INFO     | models.demos.wormhole.stable_diffusion.tt.ttnn_functional_unet_2d_condition_model_new_conv:__call__:406 - Down block 1
2026-05-29 08:16:17.796 | INFO     | models.demos.wormhole.stable_diffusion.tt.ttnn_functional_unet_2d_condition_model_new_conv:__call__:406 - Down block 2
2026-05-29 08:16:17.800 | INFO     | models.demos.wormhole.stable_diffusion.tt.ttnn_functional_unet_2d_condition_model_new_conv:__call__:406 - Down block 3
2026-05-29 08:16:17.800 | INFO     | models.demos.wormhole.stable_diffusion.tt.ttnn_functional_unet_2d_condition_model_new_conv:__call__:460 - Mid block
2026-05-29 08:16:17.801 | warning  |              Op | Mismatch between computed MemoryConfig(memory_layout=TensorMemoryLayout::BLOCK_SHARDED,buffer_type=BufferType::L1,shard_spec=ShardSpec(grid={[(x=0,y=0) - (x=7,y=3)]},shape={32, 160},orientation=ShardOrientation::ROW_MAJOR),nd_shard_spec=NdShardSpec(shard_shape=Shape([32, 160]),grid={[(x=0,y=0) - (x=7,y=3)]},orientation=ShardOrientation::ROW_MAJOR,shard_distribution_strategy=ShardDistributionStrategy::GRID_2D),created_with_nd_shard_spec=0) and provided MemoryConfig(memory_layout=TensorMemoryLayout::BLOCK_SHARDED,buffer_type=BufferType::L1,shard_spec=ShardSpec(grid={[(x=0,y=0) - (x=7,y=7)]},shape={32, 160},orientation=ShardOrientation::ROW_MAJOR),nd_shard_spec=std::nullopt,created_with_nd_shard_spec=0) mem config. Using computed config. (matmul_op.cpp:1674)
2026-05-29 08:16:17.802 | INFO     | models.demos.wormhole.stable_diffusion.tt.ttnn_functional_unet_2d_condition_model_new_conv:__call__:491 - Up block 0
2026-05-29 08:16:17.803 | INFO     | models.demos.wormhole.stable_diffusion.tt.ttnn_functional_unet_2d_condition_model_new_conv:__call__:491 - Up block 1
2026-05-29 08:16:17.808 | INFO     | models.demos.wormhole.stable_diffusion.tt.ttnn_functional_unet_2d_condition_model_new_conv:__call__:491 - Up block 2
2026-05-29 08:16:17.816 | INFO     | models.demos.wormhole.stable_diffusion.tt.ttnn_functional_unet_2d_condition_model_new_conv:__call__:491 - Up block 3
  Step 12/41
2026-05-29 08:16:17.839 | INFO     | models.demos.wormhole.stable_diffusion.tt.ttnn_functional_unet_2d_condition_model_new_conv:__call__:406 - Down block 0
2026-05-29 08:16:17.846 | info     |              Op | act_block_h_override 2 is not a valid override for padded_output_height_ntiles_per_core 7, instead 1 was selected as closest valid option! (conv2d_utils.cpp:401)
2026-05-29 08:16:17.847 | INFO     | models.demos.wormhole.stable_diffusion.tt.ttnn_functional_unet_2d_condition_model_new_conv:__call__:406 - Down block 1
2026-05-29 08:16:17.852 | INFO     | models.demos.wormhole.stable_diffusion.tt.ttnn_functional_unet_2d_condition_model_new_conv:__call__:406 - Down block 2
2026-05-29 08:16:17.856 | INFO     | models.demos.wormhole.stable_diffusion.tt.ttnn_functional_unet_2d_condition_model_new_conv:__call__:406 - Down block 3
2026-05-29 08:16:17.857 | INFO     | models.demos.wormhole.stable_diffusion.tt.ttnn_functional_unet_2d_condition_model_new_conv:__call__:460 - Mid block
2026-05-29 08:16:17.857 | warning  |              Op | Mismatch between computed MemoryConfig(memory_layout=TensorMemoryLayout::BLOCK_SHARDED,buffer_type=BufferType::L1,shard_spec=ShardSpec(grid={[(x=0,y=0) - (x=7,y=3)]},shape={32, 160},orientation=ShardOrientation::ROW_MAJOR),nd_shard_spec=NdShardSpec(shard_shape=Shape([32, 160]),grid={[(x=0,y=0) - (x=7,y=3)]},orientation=ShardOrientation::ROW_MAJOR,shard_distribution_strategy=ShardDistributionStrategy::GRID_2D),created_with_nd_shard_spec=0) and provided MemoryConfig(memory_layout=TensorMemoryLayout::BLOCK_SHARDED,buffer_type=BufferType::L1,shard_spec=ShardSpec(grid={[(x=0,y=0) - (x=7,y=7)]},shape={32, 160},orientation=ShardOrientation::ROW_MAJOR),nd_shard_spec=std::nullopt,created_with_nd_shard_spec=0) mem config. Using computed config. (matmul_op.cpp:1674)
2026-05-29 08:16:17.858 | INFO     | models.demos.wormhole.stable_diffusion.tt.ttnn_functional_unet_2d_condition_model_new_conv:__call__:491 - Up block 0
2026-05-29 08:16:17.860 | INFO     | models.demos.wormhole.stable_diffusion.tt.ttnn_functional_unet_2d_condition_model_new_conv:__call__:491 - Up block 1
2026-05-29 08:16:17.865 | INFO     | models.demos.wormhole.stable_diffusion.tt.ttnn_functional_unet_2d_condition_model_new_conv:__call__:491 - Up block 2
2026-05-29 08:16:17.873 | INFO     | models.demos.wormhole.stable_diffusion.tt.ttnn_functional_unet_2d_condition_model_new_conv:__call__:491 - Up block 3
2026-05-29 08:16:17.893 | INFO     | models.demos.wormhole.stable_diffusion.tt.ttnn_functional_unet_2d_condition_model_new_conv:__call__:406 - Down block 0
2026-05-29 08:16:17.898 | info     |              Op | act_block_h_override 2 is not a valid override for padded_output_height_ntiles_per_core 7, instead 1 was selected as closest valid option! (conv2d_utils.cpp:401)
2026-05-29 08:16:17.898 | INFO     | models.demos.wormhole.stable_diffusion.tt.ttnn_functional_unet_2d_condition_model_new_conv:__call__:406 - Down block 1
2026-05-29 08:16:17.904 | INFO     | models.demos.wormhole.stable_diffusion.tt.ttnn_functional_unet_2d_condition_model_new_conv:__call__:406 - Down block 2
2026-05-29 08:16:17.907 | INFO     | models.demos.wormhole.stable_diffusion.tt.ttnn_functional_unet_2d_condition_model_new_conv:__call__:406 - Down block 3
2026-05-29 08:16:17.908 | INFO     | models.demos.wormhole.stable_diffusion.tt.ttnn_functional_unet_2d_condition_model_new_conv:__call__:460 - Mid block
2026-05-29 08:16:17.908 | warning  |              Op | Mismatch between computed MemoryConfig(memory_layout=TensorMemoryLayout::BLOCK_SHARDED,buffer_type=BufferType::L1,shard_spec=ShardSpec(grid={[(x=0,y=0) - (x=7,y=3)]},shape={32, 160},orientation=ShardOrientation::ROW_MAJOR),nd_shard_spec=NdShardSpec(shard_shape=Shape([32, 160]),grid={[(x=0,y=0) - (x=7,y=3)]},orientation=ShardOrientation::ROW_MAJOR,shard_distribution_strategy=ShardDistributionStrategy::GRID_2D),created_with_nd_shard_spec=0) and provided MemoryConfig(memory_layout=TensorMemoryLayout::BLOCK_SHARDED,buffer_type=BufferType::L1,shard_spec=ShardSpec(grid={[(x=0,y=0) - (x=7,y=7)]},shape={32, 160},orientation=ShardOrientation::ROW_MAJOR),nd_shard_spec=std::nullopt,created_with_nd_shard_spec=0) mem config. Using computed config. (matmul_op.cpp:1674)
2026-05-29 08:16:17.909 | INFO     | models.demos.wormhole.stable_diffusion.tt.ttnn_functional_unet_2d_condition_model_new_conv:__call__:491 - Up block 0
2026-05-29 08:16:17.911 | INFO     | models.demos.wormhole.stable_diffusion.tt.ttnn_functional_unet_2d_condition_model_new_conv:__call__:491 - Up block 1
2026-05-29 08:16:17.915 | INFO     | models.demos.wormhole.stable_diffusion.tt.ttnn_functional_unet_2d_condition_model_new_conv:__call__:491 - Up block 2
2026-05-29 08:16:17.923 | INFO     | models.demos.wormhole.stable_diffusion.tt.ttnn_functional_unet_2d_condition_model_new_conv:__call__:491 - Up block 3
2026-05-29 08:16:17.945 | INFO     | models.demos.wormhole.stable_diffusion.tt.ttnn_functional_unet_2d_condition_model_new_conv:__call__:406 - Down block 0
2026-05-29 08:16:17.950 | info     |              Op | act_block_h_override 2 is not a valid override for padded_output_height_ntiles_per_core 7, instead 1 was selected as closest valid option! (conv2d_utils.cpp:401)
2026-05-29 08:16:17.950 | INFO     | models.demos.wormhole.stable_diffusion.tt.ttnn_functional_unet_2d_condition_model_new_conv:__call__:406 - Down block 1
2026-05-29 08:16:17.956 | INFO     | models.demos.wormhole.stable_diffusion.tt.ttnn_functional_unet_2d_condition_model_new_conv:__call__:406 - Down block 2
2026-05-29 08:16:17.959 | INFO     | models.demos.wormhole.stable_diffusion.tt.ttnn_functional_unet_2d_condition_model_new_conv:__call__:406 - Down block 3
2026-05-29 08:16:17.960 | INFO     | models.demos.wormhole.stable_diffusion.tt.ttnn_functional_unet_2d_condition_model_new_conv:__call__:460 - Mid block
2026-05-29 08:16:17.960 | warning  |              Op | Mismatch between computed MemoryConfig(memory_layout=TensorMemoryLayout::BLOCK_SHARDED,buffer_type=BufferType::L1,shard_spec=ShardSpec(grid={[(x=0,y=0) - (x=7,y=3)]},shape={32, 160},orientation=ShardOrientation::ROW_MAJOR),nd_shard_spec=NdShardSpec(shard_shape=Shape([32, 160]),grid={[(x=0,y=0) - (x=7,y=3)]},orientation=ShardOrientation::ROW_MAJOR,shard_distribution_strategy=ShardDistributionStrategy::GRID_2D),created_with_nd_shard_spec=0) and provided MemoryConfig(memory_layout=TensorMemoryLayout::BLOCK_SHARDED,buffer_type=BufferType::L1,shard_spec=ShardSpec(grid={[(x=0,y=0) - (x=7,y=7)]},shape={32, 160},orientation=ShardOrientation::ROW_MAJOR),nd_shard_spec=std::nullopt,created_with_nd_shard_spec=0) mem config. Using computed config. (matmul_op.cpp:1674)
2026-05-29 08:16:17.962 | INFO     | models.demos.wormhole.stable_diffusion.tt.ttnn_functional_unet_2d_condition_model_new_conv:__call__:491 - Up block 0
2026-05-29 08:16:17.963 | INFO     | models.demos.wormhole.stable_diffusion.tt.ttnn_functional_unet_2d_condition_model_new_conv:__call__:491 - Up block 1
2026-05-29 08:16:17.968 | INFO     | models.demos.wormhole.stable_diffusion.tt.ttnn_functional_unet_2d_condition_model_new_conv:__call__:491 - Up block 2
2026-05-29 08:16:17.976 | INFO     | models.demos.wormhole.stable_diffusion.tt.ttnn_functional_unet_2d_condition_model_new_conv:__call__:491 - Up block 3
2026-05-29 08:16:17.996 | INFO     | models.demos.wormhole.stable_diffusion.tt.ttnn_functional_unet_2d_condition_model_new_conv:__call__:406 - Down block 0
2026-05-29 08:16:18.002 | info     |              Op | act_block_h_override 2 is not a valid override for padded_output_height_ntiles_per_core 7, instead 1 was selected as closest valid option! (conv2d_utils.cpp:401)
2026-05-29 08:16:18.002 | INFO     | models.demos.wormhole.stable_diffusion.tt.ttnn_functional_unet_2d_condition_model_new_conv:__call__:406 - Down block 1
2026-05-29 08:16:18.008 | INFO     | models.demos.wormhole.stable_diffusion.tt.ttnn_functional_unet_2d_condition_model_new_conv:__call__:406 - Down block 2
2026-05-29 08:16:18.011 | INFO     | models.demos.wormhole.stable_diffusion.tt.ttnn_functional_unet_2d_condition_model_new_conv:__call__:406 - Down block 3
2026-05-29 08:16:18.012 | INFO     | models.demos.wormhole.stable_diffusion.tt.ttnn_functional_unet_2d_condition_model_new_conv:__call__:460 - Mid block
2026-05-29 08:16:18.013 | warning  |              Op | Mismatch between computed MemoryConfig(memory_layout=TensorMemoryLayout::BLOCK_SHARDED,buffer_type=BufferType::L1,shard_spec=ShardSpec(grid={[(x=0,y=0) - (x=7,y=3)]},shape={32, 160},orientation=ShardOrientation::ROW_MAJOR),nd_shard_spec=NdShardSpec(shard_shape=Shape([32, 160]),grid={[(x=0,y=0) - (x=7,y=3)]},orientation=ShardOrientation::ROW_MAJOR,shard_distribution_strategy=ShardDistributionStrategy::GRID_2D),created_with_nd_shard_spec=0) and provided MemoryConfig(memory_layout=TensorMemoryLayout::BLOCK_SHARDED,buffer_type=BufferType::L1,shard_spec=ShardSpec(grid={[(x=0,y=0) - (x=7,y=7)]},shape={32, 160},orientation=ShardOrientation::ROW_MAJOR),nd_shard_spec=std::nullopt,created_with_nd_shard_spec=0) mem config. Using computed config. (matmul_op.cpp:1674)
2026-05-29 08:16:18.014 | INFO     | models.demos.wormhole.stable_diffusion.tt.ttnn_functional_unet_2d_condition_model_new_conv:__call__:491 - Up block 0
2026-05-29 08:16:18.015 | INFO     | models.demos.wormhole.stable_diffusion.tt.ttnn_functional_unet_2d_condition_model_new_conv:__call__:491 - Up block 1
2026-05-29 08:16:18.020 | INFO     | models.demos.wormhole.stable_diffusion.tt.ttnn_functional_unet_2d_condition_model_new_conv:__call__:491 - Up block 2
2026-05-29 08:16:18.028 | INFO     | models.demos.wormhole.stable_diffusion.tt.ttnn_functional_unet_2d_condition_model_new_conv:__call__:491 - Up block 3
2026-05-29 08:16:18.048 | INFO     | models.demos.wormhole.stable_diffusion.tt.ttnn_functional_unet_2d_condition_model_new_conv:__call__:406 - Down block 0
2026-05-29 08:16:18.054 | info     |              Op | act_block_h_override 2 is not a valid override for padded_output_height_ntiles_per_core 7, instead 1 was selected as closest valid option! (conv2d_utils.cpp:401)
2026-05-29 08:16:18.054 | INFO     | models.demos.wormhole.stable_diffusion.tt.ttnn_functional_unet_2d_condition_model_new_conv:__call__:406 - Down block 1
2026-05-29 08:16:18.059 | INFO     | models.demos.wormhole.stable_diffusion.tt.ttnn_functional_unet_2d_condition_model_new_conv:__call__:406 - Down block 2
2026-05-29 08:16:18.063 | INFO     | models.demos.wormhole.stable_diffusion.tt.ttnn_functional_unet_2d_condition_model_new_conv:__call__:406 - Down block 3
2026-05-29 08:16:18.063 | INFO     | models.demos.wormhole.stable_diffusion.tt.ttnn_functional_unet_2d_condition_model_new_conv:__call__:460 - Mid block
2026-05-29 08:16:18.064 | warning  |              Op | Mismatch between computed MemoryConfig(memory_layout=TensorMemoryLayout::BLOCK_SHARDED,buffer_type=BufferType::L1,shard_spec=ShardSpec(grid={[(x=0,y=0) - (x=7,y=3)]},shape={32, 160},orientation=ShardOrientation::ROW_MAJOR),nd_shard_spec=NdShardSpec(shard_shape=Shape([32, 160]),grid={[(x=0,y=0) - (x=7,y=3)]},orientation=ShardOrientation::ROW_MAJOR,shard_distribution_strategy=ShardDistributionStrategy::GRID_2D),created_with_nd_shard_spec=0) and provided MemoryConfig(memory_layout=TensorMemoryLayout::BLOCK_SHARDED,buffer_type=BufferType::L1,shard_spec=ShardSpec(grid={[(x=0,y=0) - (x=7,y=7)]},shape={32, 160},orientation=ShardOrientation::ROW_MAJOR),nd_shard_spec=std::nullopt,created_with_nd_shard_spec=0) mem config. Using computed config. (matmul_op.cpp:1674)
2026-05-29 08:16:18.065 | INFO     | models.demos.wormhole.stable_diffusion.tt.ttnn_functional_unet_2d_condition_model_new_conv:__call__:491 - Up block 0
2026-05-29 08:16:18.066 | INFO     | models.demos.wormhole.stable_diffusion.tt.ttnn_functional_unet_2d_condition_model_new_conv:__call__:491 - Up block 1
2026-05-29 08:16:18.071 | INFO     | models.demos.wormhole.stable_diffusion.tt.ttnn_functional_unet_2d_condition_model_new_conv:__call__:491 - Up block 2
2026-05-29 08:16:18.079 | INFO     | models.demos.wormhole.stable_diffusion.tt.ttnn_functional_unet_2d_condition_model_new_conv:__call__:491 - Up block 3
2026-05-29 08:16:18.100 | INFO     | models.demos.wormhole.stable_diffusion.tt.ttnn_functional_unet_2d_condition_model_new_conv:__call__:406 - Down block 0
2026-05-29 08:16:18.106 | info     |              Op | act_block_h_override 2 is not a valid override for padded_output_height_ntiles_per_core 7, instead 1 was selected as closest valid option! (conv2d_utils.cpp:401)
2026-05-29 08:16:18.106 | INFO     | models.demos.wormhole.stable_diffusion.tt.ttnn_functional_unet_2d_condition_model_new_conv:__call__:406 - Down block 1
2026-05-29 08:16:18.111 | INFO     | models.demos.wormhole.stable_diffusion.tt.ttnn_functional_unet_2d_condition_model_new_conv:__call__:406 - Down block 2
2026-05-29 08:16:18.115 | INFO     | models.demos.wormhole.stable_diffusion.tt.ttnn_functional_unet_2d_condition_model_new_conv:__call__:406 - Down block 3
2026-05-29 08:16:18.115 | INFO     | models.demos.wormhole.stable_diffusion.tt.ttnn_functional_unet_2d_condition_model_new_conv:__call__:460 - Mid block
2026-05-29 08:16:18.116 | warning  |              Op | Mismatch between computed MemoryConfig(memory_layout=TensorMemoryLayout::BLOCK_SHARDED,buffer_type=BufferType::L1,shard_spec=ShardSpec(grid={[(x=0,y=0) - (x=7,y=3)]},shape={32, 160},orientation=ShardOrientation::ROW_MAJOR),nd_shard_spec=NdShardSpec(shard_shape=Shape([32, 160]),grid={[(x=0,y=0) - (x=7,y=3)]},orientation=ShardOrientation::ROW_MAJOR,shard_distribution_strategy=ShardDistributionStrategy::GRID_2D),created_with_nd_shard_spec=0) and provided MemoryConfig(memory_layout=TensorMemoryLayout::BLOCK_SHARDED,buffer_type=BufferType::L1,shard_spec=ShardSpec(grid={[(x=0,y=0) - (x=7,y=7)]},shape={32, 160},orientation=ShardOrientation::ROW_MAJOR),nd_shard_spec=std::nullopt,created_with_nd_shard_spec=0) mem config. Using computed config. (matmul_op.cpp:1674)
2026-05-29 08:16:18.117 | INFO     | models.demos.wormhole.stable_diffusion.tt.ttnn_functional_unet_2d_condition_model_new_conv:__call__:491 - Up block 0
2026-05-29 08:16:18.118 | INFO     | models.demos.wormhole.stable_diffusion.tt.ttnn_functional_unet_2d_condition_model_new_conv:__call__:491 - Up block 1
2026-05-29 08:16:18.123 | INFO     | models.demos.wormhole.stable_diffusion.tt.ttnn_functional_unet_2d_condition_model_new_conv:__call__:491 - Up block 2
2026-05-29 08:16:18.131 | INFO     | models.demos.wormhole.stable_diffusion.tt.ttnn_functional_unet_2d_condition_model_new_conv:__call__:491 - Up block 3
2026-05-29 08:16:18.152 | INFO     | models.demos.wormhole.stable_diffusion.tt.ttnn_functional_unet_2d_condition_model_new_conv:__call__:406 - Down block 0
2026-05-29 08:16:18.158 | info     |              Op | act_block_h_override 2 is not a valid override for padded_output_height_ntiles_per_core 7, instead 1 was selected as closest valid option! (conv2d_utils.cpp:401)
2026-05-29 08:16:18.158 | INFO     | models.demos.wormhole.stable_diffusion.tt.ttnn_functional_unet_2d_condition_model_new_conv:__call__:406 - Down block 1
2026-05-29 08:16:18.163 | INFO     | models.demos.wormhole.stable_diffusion.tt.ttnn_functional_unet_2d_condition_model_new_conv:__call__:406 - Down block 2
2026-05-29 08:16:18.166 | INFO     | models.demos.wormhole.stable_diffusion.tt.ttnn_functional_unet_2d_condition_model_new_conv:__call__:406 - Down block 3
2026-05-29 08:16:18.167 | INFO     | models.demos.wormhole.stable_diffusion.tt.ttnn_functional_unet_2d_condition_model_new_conv:__call__:460 - Mid block
2026-05-29 08:16:18.167 | warning  |              Op | Mismatch between computed MemoryConfig(memory_layout=TensorMemoryLayout::BLOCK_SHARDED,buffer_type=BufferType::L1,shard_spec=ShardSpec(grid={[(x=0,y=0) - (x=7,y=3)]},shape={32, 160},orientation=ShardOrientation::ROW_MAJOR),nd_shard_spec=NdShardSpec(shard_shape=Shape([32, 160]),grid={[(x=0,y=0) - (x=7,y=3)]},orientation=ShardOrientation::ROW_MAJOR,shard_distribution_strategy=ShardDistributionStrategy::GRID_2D),created_with_nd_shard_spec=0) and provided MemoryConfig(memory_layout=TensorMemoryLayout::BLOCK_SHARDED,buffer_type=BufferType::L1,shard_spec=ShardSpec(grid={[(x=0,y=0) - (x=7,y=7)]},shape={32, 160},orientation=ShardOrientation::ROW_MAJOR),nd_shard_spec=std::nullopt,created_with_nd_shard_spec=0) mem config. Using computed config. (matmul_op.cpp:1674)
2026-05-29 08:16:18.169 | INFO     | models.demos.wormhole.stable_diffusion.tt.ttnn_functional_unet_2d_condition_model_new_conv:__call__:491 - Up block 0
2026-05-29 08:16:18.170 | INFO     | models.demos.wormhole.stable_diffusion.tt.ttnn_functional_unet_2d_condition_model_new_conv:__call__:491 - Up block 1
2026-05-29 08:16:18.175 | INFO     | models.demos.wormhole.stable_diffusion.tt.ttnn_functional_unet_2d_condition_model_new_conv:__call__:491 - Up block 2
2026-05-29 08:16:18.183 | INFO     | models.demos.wormhole.stable_diffusion.tt.ttnn_functional_unet_2d_condition_model_new_conv:__call__:491 - Up block 3
2026-05-29 08:16:18.204 | INFO     | models.demos.wormhole.stable_diffusion.tt.ttnn_functional_unet_2d_condition_model_new_conv:__call__:406 - Down block 0
2026-05-29 08:16:18.210 | info     |              Op | act_block_h_override 2 is not a valid override for padded_output_height_ntiles_per_core 7, instead 1 was selected as closest valid option! (conv2d_utils.cpp:401)
2026-05-29 08:16:18.210 | INFO     | models.demos.wormhole.stable_diffusion.tt.ttnn_functional_unet_2d_condition_model_new_conv:__call__:406 - Down block 1
2026-05-29 08:16:18.215 | INFO     | models.demos.wormhole.stable_diffusion.tt.ttnn_functional_unet_2d_condition_model_new_conv:__call__:406 - Down block 2
2026-05-29 08:16:18.218 | INFO     | models.demos.wormhole.stable_diffusion.tt.ttnn_functional_unet_2d_condition_model_new_conv:__call__:406 - Down block 3
2026-05-29 08:16:18.219 | INFO     | models.demos.wormhole.stable_diffusion.tt.ttnn_functional_unet_2d_condition_model_new_conv:__call__:460 - Mid block
2026-05-29 08:16:18.220 | warning  |              Op | Mismatch between computed MemoryConfig(memory_layout=TensorMemoryLayout::BLOCK_SHARDED,buffer_type=BufferType::L1,shard_spec=ShardSpec(grid={[(x=0,y=0) - (x=7,y=3)]},shape={32, 160},orientation=ShardOrientation::ROW_MAJOR),nd_shard_spec=NdShardSpec(shard_shape=Shape([32, 160]),grid={[(x=0,y=0) - (x=7,y=3)]},orientation=ShardOrientation::ROW_MAJOR,shard_distribution_strategy=ShardDistributionStrategy::GRID_2D),created_with_nd_shard_spec=0) and provided MemoryConfig(memory_layout=TensorMemoryLayout::BLOCK_SHARDED,buffer_type=BufferType::L1,shard_spec=ShardSpec(grid={[(x=0,y=0) - (x=7,y=7)]},shape={32, 160},orientation=ShardOrientation::ROW_MAJOR),nd_shard_spec=std::nullopt,created_with_nd_shard_spec=0) mem config. Using computed config. (matmul_op.cpp:1674)
2026-05-29 08:16:18.221 | INFO     | models.demos.wormhole.stable_diffusion.tt.ttnn_functional_unet_2d_condition_model_new_conv:__call__:491 - Up block 0
2026-05-29 08:16:18.222 | INFO     | models.demos.wormhole.stable_diffusion.tt.ttnn_functional_unet_2d_condition_model_new_conv:__call__:491 - Up block 1
2026-05-29 08:16:18.227 | INFO     | models.demos.wormhole.stable_diffusion.tt.ttnn_functional_unet_2d_condition_model_new_conv:__call__:491 - Up block 2
2026-05-29 08:16:18.235 | INFO     | models.demos.wormhole.stable_diffusion.tt.ttnn_functional_unet_2d_condition_model_new_conv:__call__:491 - Up block 3
  Step 13/41
2026-05-29 08:16:18.258 | INFO     | models.demos.wormhole.stable_diffusion.tt.ttnn_functional_unet_2d_condition_model_new_conv:__call__:406 - Down block 0
2026-05-29 08:16:18.264 | info     |              Op | act_block_h_override 2 is not a valid override for padded_output_height_ntiles_per_core 7, instead 1 was selected as closest valid option! (conv2d_utils.cpp:401)
2026-05-29 08:16:18.265 | INFO     | models.demos.wormhole.stable_diffusion.tt.ttnn_functional_unet_2d_condition_model_new_conv:__call__:406 - Down block 1
2026-05-29 08:16:18.270 | INFO     | models.demos.wormhole.stable_diffusion.tt.ttnn_functional_unet_2d_condition_model_new_conv:__call__:406 - Down block 2
2026-05-29 08:16:18.273 | INFO     | models.demos.wormhole.stable_diffusion.tt.ttnn_functional_unet_2d_condition_model_new_conv:__call__:406 - Down block 3
2026-05-29 08:16:18.274 | INFO     | models.demos.wormhole.stable_diffusion.tt.ttnn_functional_unet_2d_condition_model_new_conv:__call__:460 - Mid block
2026-05-29 08:16:18.274 | warning  |              Op | Mismatch between computed MemoryConfig(memory_layout=TensorMemoryLayout::BLOCK_SHARDED,buffer_type=BufferType::L1,shard_spec=ShardSpec(grid={[(x=0,y=0) - (x=7,y=3)]},shape={32, 160},orientation=ShardOrientation::ROW_MAJOR),nd_shard_spec=NdShardSpec(shard_shape=Shape([32, 160]),grid={[(x=0,y=0) - (x=7,y=3)]},orientation=ShardOrientation::ROW_MAJOR,shard_distribution_strategy=ShardDistributionStrategy::GRID_2D),created_with_nd_shard_spec=0) and provided MemoryConfig(memory_layout=TensorMemoryLayout::BLOCK_SHARDED,buffer_type=BufferType::L1,shard_spec=ShardSpec(grid={[(x=0,y=0) - (x=7,y=7)]},shape={32, 160},orientation=ShardOrientation::ROW_MAJOR),nd_shard_spec=std::nullopt,created_with_nd_shard_spec=0) mem config. Using computed config. (matmul_op.cpp:1674)
2026-05-29 08:16:18.276 | INFO     | models.demos.wormhole.stable_diffusion.tt.ttnn_functional_unet_2d_condition_model_new_conv:__call__:491 - Up block 0
2026-05-29 08:16:18.277 | INFO     | models.demos.wormhole.stable_diffusion.tt.ttnn_functional_unet_2d_condition_model_new_conv:__call__:491 - Up block 1
2026-05-29 08:16:18.282 | INFO     | models.demos.wormhole.stable_diffusion.tt.ttnn_functional_unet_2d_condition_model_new_conv:__call__:491 - Up block 2
2026-05-29 08:16:18.290 | INFO     | models.demos.wormhole.stable_diffusion.tt.ttnn_functional_unet_2d_condition_model_new_conv:__call__:491 - Up block 3
2026-05-29 08:16:18.310 | INFO     | models.demos.wormhole.stable_diffusion.tt.ttnn_functional_unet_2d_condition_model_new_conv:__call__:406 - Down block 0
2026-05-29 08:16:18.316 | info     |              Op | act_block_h_override 2 is not a valid override for padded_output_height_ntiles_per_core 7, instead 1 was selected as closest valid option! (conv2d_utils.cpp:401)
2026-05-29 08:16:18.316 | INFO     | models.demos.wormhole.stable_diffusion.tt.ttnn_functional_unet_2d_condition_model_new_conv:__call__:406 - Down block 1
2026-05-29 08:16:18.322 | INFO     | models.demos.wormhole.stable_diffusion.tt.ttnn_functional_unet_2d_condition_model_new_conv:__call__:406 - Down block 2
2026-05-29 08:16:18.325 | INFO     | models.demos.wormhole.stable_diffusion.tt.ttnn_functional_unet_2d_condition_model_new_conv:__call__:406 - Down block 3
2026-05-29 08:16:18.326 | INFO     | models.demos.wormhole.stable_diffusion.tt.ttnn_functional_unet_2d_condition_model_new_conv:__call__:460 - Mid block
2026-05-29 08:16:18.326 | warning  |              Op | Mismatch between computed MemoryConfig(memory_layout=TensorMemoryLayout::BLOCK_SHARDED,buffer_type=BufferType::L1,shard_spec=ShardSpec(grid={[(x=0,y=0) - (x=7,y=3)]},shape={32, 160},orientation=ShardOrientation::ROW_MAJOR),nd_shard_spec=NdShardSpec(shard_shape=Shape([32, 160]),grid={[(x=0,y=0) - (x=7,y=3)]},orientation=ShardOrientation::ROW_MAJOR,shard_distribution_strategy=ShardDistributionStrategy::GRID_2D),created_with_nd_shard_spec=0) and provided MemoryConfig(memory_layout=TensorMemoryLayout::BLOCK_SHARDED,buffer_type=BufferType::L1,shard_spec=ShardSpec(grid={[(x=0,y=0) - (x=7,y=7)]},shape={32, 160},orientation=ShardOrientation::ROW_MAJOR),nd_shard_spec=std::nullopt,created_with_nd_shard_spec=0) mem config. Using computed config. (matmul_op.cpp:1674)
2026-05-29 08:16:18.328 | INFO     | models.demos.wormhole.stable_diffusion.tt.ttnn_functional_unet_2d_condition_model_new_conv:__call__:491 - Up block 0
2026-05-29 08:16:18.329 | INFO     | models.demos.wormhole.stable_diffusion.tt.ttnn_functional_unet_2d_condition_model_new_conv:__call__:491 - Up block 1
2026-05-29 08:16:18.334 | INFO     | models.demos.wormhole.stable_diffusion.tt.ttnn_functional_unet_2d_condition_model_new_conv:__call__:491 - Up block 2
2026-05-29 08:16:18.342 | INFO     | models.demos.wormhole.stable_diffusion.tt.ttnn_functional_unet_2d_condition_model_new_conv:__call__:491 - Up block 3
2026-05-29 08:16:18.362 | INFO     | models.demos.wormhole.stable_diffusion.tt.ttnn_functional_unet_2d_condition_model_new_conv:__call__:406 - Down block 0
2026-05-29 08:16:18.368 | info     |              Op | act_block_h_override 2 is not a valid override for padded_output_height_ntiles_per_core 7, instead 1 was selected as closest valid option! (conv2d_utils.cpp:401)
2026-05-29 08:16:18.368 | INFO     | models.demos.wormhole.stable_diffusion.tt.ttnn_functional_unet_2d_condition_model_new_conv:__call__:406 - Down block 1
2026-05-29 08:16:18.374 | INFO     | models.demos.wormhole.stable_diffusion.tt.ttnn_functional_unet_2d_condition_model_new_conv:__call__:406 - Down block 2
2026-05-29 08:16:18.377 | INFO     | models.demos.wormhole.stable_diffusion.tt.ttnn_functional_unet_2d_condition_model_new_conv:__call__:406 - Down block 3
2026-05-29 08:16:18.378 | INFO     | models.demos.wormhole.stable_diffusion.tt.ttnn_functional_unet_2d_condition_model_new_conv:__call__:460 - Mid block
2026-05-29 08:16:18.378 | warning  |              Op | Mismatch between computed MemoryConfig(memory_layout=TensorMemoryLayout::BLOCK_SHARDED,buffer_type=BufferType::L1,shard_spec=ShardSpec(grid={[(x=0,y=0) - (x=7,y=3)]},shape={32, 160},orientation=ShardOrientation::ROW_MAJOR),nd_shard_spec=NdShardSpec(shard_shape=Shape([32, 160]),grid={[(x=0,y=0) - (x=7,y=3)]},orientation=ShardOrientation::ROW_MAJOR,shard_distribution_strategy=ShardDistributionStrategy::GRID_2D),created_with_nd_shard_spec=0) and provided MemoryConfig(memory_layout=TensorMemoryLayout::BLOCK_SHARDED,buffer_type=BufferType::L1,shard_spec=ShardSpec(grid={[(x=0,y=0) - (x=7,y=7)]},shape={32, 160},orientation=ShardOrientation::ROW_MAJOR),nd_shard_spec=std::nullopt,created_with_nd_shard_spec=0) mem config. Using computed config. (matmul_op.cpp:1674)
2026-05-29 08:16:18.380 | INFO     | models.demos.wormhole.stable_diffusion.tt.ttnn_functional_unet_2d_condition_model_new_conv:__call__:491 - Up block 0
2026-05-29 08:16:18.381 | INFO     | models.demos.wormhole.stable_diffusion.tt.ttnn_functional_unet_2d_condition_model_new_conv:__call__:491 - Up block 1
2026-05-29 08:16:18.386 | INFO     | models.demos.wormhole.stable_diffusion.tt.ttnn_functional_unet_2d_condition_model_new_conv:__call__:491 - Up block 2
2026-05-29 08:16:18.394 | INFO     | models.demos.wormhole.stable_diffusion.tt.ttnn_functional_unet_2d_condition_model_new_conv:__call__:491 - Up block 3
2026-05-29 08:16:18.414 | INFO     | models.demos.wormhole.stable_diffusion.tt.ttnn_functional_unet_2d_condition_model_new_conv:__call__:406 - Down block 0
2026-05-29 08:16:18.420 | info     |              Op | act_block_h_override 2 is not a valid override for padded_output_height_ntiles_per_core 7, instead 1 was selected as closest valid option! (conv2d_utils.cpp:401)
2026-05-29 08:16:18.420 | INFO     | models.demos.wormhole.stable_diffusion.tt.ttnn_functional_unet_2d_condition_model_new_conv:__call__:406 - Down block 1
2026-05-29 08:16:18.425 | INFO     | models.demos.wormhole.stable_diffusion.tt.ttnn_functional_unet_2d_condition_model_new_conv:__call__:406 - Down block 2
2026-05-29 08:16:18.429 | INFO     | models.demos.wormhole.stable_diffusion.tt.ttnn_functional_unet_2d_condition_model_new_conv:__call__:406 - Down block 3
2026-05-29 08:16:18.429 | INFO     | models.demos.wormhole.stable_diffusion.tt.ttnn_functional_unet_2d_condition_model_new_conv:__call__:460 - Mid block
2026-05-29 08:16:18.430 | warning  |              Op | Mismatch between computed MemoryConfig(memory_layout=TensorMemoryLayout::BLOCK_SHARDED,buffer_type=BufferType::L1,shard_spec=ShardSpec(grid={[(x=0,y=0) - (x=7,y=3)]},shape={32, 160},orientation=ShardOrientation::ROW_MAJOR),nd_shard_spec=NdShardSpec(shard_shape=Shape([32, 160]),grid={[(x=0,y=0) - (x=7,y=3)]},orientation=ShardOrientation::ROW_MAJOR,shard_distribution_strategy=ShardDistributionStrategy::GRID_2D),created_with_nd_shard_spec=0) and provided MemoryConfig(memory_layout=TensorMemoryLayout::BLOCK_SHARDED,buffer_type=BufferType::L1,shard_spec=ShardSpec(grid={[(x=0,y=0) - (x=7,y=7)]},shape={32, 160},orientation=ShardOrientation::ROW_MAJOR),nd_shard_spec=std::nullopt,created_with_nd_shard_spec=0) mem config. Using computed config. (matmul_op.cpp:1674)
2026-05-29 08:16:18.431 | INFO     | models.demos.wormhole.stable_diffusion.tt.ttnn_functional_unet_2d_condition_model_new_conv:__call__:491 - Up block 0
2026-05-29 08:16:18.432 | INFO     | models.demos.wormhole.stable_diffusion.tt.ttnn_functional_unet_2d_condition_model_new_conv:__call__:491 - Up block 1
2026-05-29 08:16:18.437 | INFO     | models.demos.wormhole.stable_diffusion.tt.ttnn_functional_unet_2d_condition_model_new_conv:__call__:491 - Up block 2
2026-05-29 08:16:18.445 | INFO     | models.demos.wormhole.stable_diffusion.tt.ttnn_functional_unet_2d_condition_model_new_conv:__call__:491 - Up block 3
2026-05-29 08:16:18.466 | INFO     | models.demos.wormhole.stable_diffusion.tt.ttnn_functional_unet_2d_condition_model_new_conv:__call__:406 - Down block 0
2026-05-29 08:16:18.472 | info     |              Op | act_block_h_override 2 is not a valid override for padded_output_height_ntiles_per_core 7, instead 1 was selected as closest valid option! (conv2d_utils.cpp:401)
2026-05-29 08:16:18.472 | INFO     | models.demos.wormhole.stable_diffusion.tt.ttnn_functional_unet_2d_condition_model_new_conv:__call__:406 - Down block 1
2026-05-29 08:16:18.477 | INFO     | models.demos.wormhole.stable_diffusion.tt.ttnn_functional_unet_2d_condition_model_new_conv:__call__:406 - Down block 2
2026-05-29 08:16:18.480 | INFO     | models.demos.wormhole.stable_diffusion.tt.ttnn_functional_unet_2d_condition_model_new_conv:__call__:406 - Down block 3
2026-05-29 08:16:18.481 | INFO     | models.demos.wormhole.stable_diffusion.tt.ttnn_functional_unet_2d_condition_model_new_conv:__call__:460 - Mid block
2026-05-29 08:16:18.482 | warning  |              Op | Mismatch between computed MemoryConfig(memory_layout=TensorMemoryLayout::BLOCK_SHARDED,buffer_type=BufferType::L1,shard_spec=ShardSpec(grid={[(x=0,y=0) - (x=7,y=3)]},shape={32, 160},orientation=ShardOrientation::ROW_MAJOR),nd_shard_spec=NdShardSpec(shard_shape=Shape([32, 160]),grid={[(x=0,y=0) - (x=7,y=3)]},orientation=ShardOrientation::ROW_MAJOR,shard_distribution_strategy=ShardDistributionStrategy::GRID_2D),created_with_nd_shard_spec=0) and provided MemoryConfig(memory_layout=TensorMemoryLayout::BLOCK_SHARDED,buffer_type=BufferType::L1,shard_spec=ShardSpec(grid={[(x=0,y=0) - (x=7,y=7)]},shape={32, 160},orientation=ShardOrientation::ROW_MAJOR),nd_shard_spec=std::nullopt,created_with_nd_shard_spec=0) mem config. Using computed config. (matmul_op.cpp:1674)
2026-05-29 08:16:18.483 | INFO     | models.demos.wormhole.stable_diffusion.tt.ttnn_functional_unet_2d_condition_model_new_conv:__call__:491 - Up block 0
2026-05-29 08:16:18.484 | INFO     | models.demos.wormhole.stable_diffusion.tt.ttnn_functional_unet_2d_condition_model_new_conv:__call__:491 - Up block 1
2026-05-29 08:16:18.489 | INFO     | models.demos.wormhole.stable_diffusion.tt.ttnn_functional_unet_2d_condition_model_new_conv:__call__:491 - Up block 2
2026-05-29 08:16:18.497 | INFO     | models.demos.wormhole.stable_diffusion.tt.ttnn_functional_unet_2d_condition_model_new_conv:__call__:491 - Up block 3
2026-05-29 08:16:18.518 | INFO     | models.demos.wormhole.stable_diffusion.tt.ttnn_functional_unet_2d_condition_model_new_conv:__call__:406 - Down block 0
2026-05-29 08:16:18.524 | info     |              Op | act_block_h_override 2 is not a valid override for padded_output_height_ntiles_per_core 7, instead 1 was selected as closest valid option! (conv2d_utils.cpp:401)
2026-05-29 08:16:18.524 | INFO     | models.demos.wormhole.stable_diffusion.tt.ttnn_functional_unet_2d_condition_model_new_conv:__call__:406 - Down block 1
2026-05-29 08:16:18.529 | INFO     | models.demos.wormhole.stable_diffusion.tt.ttnn_functional_unet_2d_condition_model_new_conv:__call__:406 - Down block 2
2026-05-29 08:16:18.533 | INFO     | models.demos.wormhole.stable_diffusion.tt.ttnn_functional_unet_2d_condition_model_new_conv:__call__:406 - Down block 3
2026-05-29 08:16:18.533 | INFO     | models.demos.wormhole.stable_diffusion.tt.ttnn_functional_unet_2d_condition_model_new_conv:__call__:460 - Mid block
2026-05-29 08:16:18.534 | warning  |              Op | Mismatch between computed MemoryConfig(memory_layout=TensorMemoryLayout::BLOCK_SHARDED,buffer_type=BufferType::L1,shard_spec=ShardSpec(grid={[(x=0,y=0) - (x=7,y=3)]},shape={32, 160},orientation=ShardOrientation::ROW_MAJOR),nd_shard_spec=NdShardSpec(shard_shape=Shape([32, 160]),grid={[(x=0,y=0) - (x=7,y=3)]},orientation=ShardOrientation::ROW_MAJOR,shard_distribution_strategy=ShardDistributionStrategy::GRID_2D),created_with_nd_shard_spec=0) and provided MemoryConfig(memory_layout=TensorMemoryLayout::BLOCK_SHARDED,buffer_type=BufferType::L1,shard_spec=ShardSpec(grid={[(x=0,y=0) - (x=7,y=7)]},shape={32, 160},orientation=ShardOrientation::ROW_MAJOR),nd_shard_spec=std::nullopt,created_with_nd_shard_spec=0) mem config. Using computed config. (matmul_op.cpp:1674)
2026-05-29 08:16:18.535 | INFO     | models.demos.wormhole.stable_diffusion.tt.ttnn_functional_unet_2d_condition_model_new_conv:__call__:491 - Up block 0
2026-05-29 08:16:18.536 | INFO     | models.demos.wormhole.stable_diffusion.tt.ttnn_functional_unet_2d_condition_model_new_conv:__call__:491 - Up block 1
2026-05-29 08:16:18.541 | INFO     | models.demos.wormhole.stable_diffusion.tt.ttnn_functional_unet_2d_condition_model_new_conv:__call__:491 - Up block 2
2026-05-29 08:16:18.549 | INFO     | models.demos.wormhole.stable_diffusion.tt.ttnn_functional_unet_2d_condition_model_new_conv:__call__:491 - Up block 3
2026-05-29 08:16:18.570 | INFO     | models.demos.wormhole.stable_diffusion.tt.ttnn_functional_unet_2d_condition_model_new_conv:__call__:406 - Down block 0
2026-05-29 08:16:18.575 | info     |              Op | act_block_h_override 2 is not a valid override for padded_output_height_ntiles_per_core 7, instead 1 was selected as closest valid option! (conv2d_utils.cpp:401)
2026-05-29 08:16:18.576 | INFO     | models.demos.wormhole.stable_diffusion.tt.ttnn_functional_unet_2d_condition_model_new_conv:__call__:406 - Down block 1
2026-05-29 08:16:18.581 | INFO     | models.demos.wormhole.stable_diffusion.tt.ttnn_functional_unet_2d_condition_model_new_conv:__call__:406 - Down block 2
2026-05-29 08:16:18.584 | INFO     | models.demos.wormhole.stable_diffusion.tt.ttnn_functional_unet_2d_condition_model_new_conv:__call__:406 - Down block 3
2026-05-29 08:16:18.585 | INFO     | models.demos.wormhole.stable_diffusion.tt.ttnn_functional_unet_2d_condition_model_new_conv:__call__:460 - Mid block
2026-05-29 08:16:18.585 | warning  |              Op | Mismatch between computed MemoryConfig(memory_layout=TensorMemoryLayout::BLOCK_SHARDED,buffer_type=BufferType::L1,shard_spec=ShardSpec(grid={[(x=0,y=0) - (x=7,y=3)]},shape={32, 160},orientation=ShardOrientation::ROW_MAJOR),nd_shard_spec=NdShardSpec(shard_shape=Shape([32, 160]),grid={[(x=0,y=0) - (x=7,y=3)]},orientation=ShardOrientation::ROW_MAJOR,shard_distribution_strategy=ShardDistributionStrategy::GRID_2D),created_with_nd_shard_spec=0) and provided MemoryConfig(memory_layout=TensorMemoryLayout::BLOCK_SHARDED,buffer_type=BufferType::L1,shard_spec=ShardSpec(grid={[(x=0,y=0) - (x=7,y=7)]},shape={32, 160},orientation=ShardOrientation::ROW_MAJOR),nd_shard_spec=std::nullopt,created_with_nd_shard_spec=0) mem config. Using computed config. (matmul_op.cpp:1674)
2026-05-29 08:16:18.587 | INFO     | models.demos.wormhole.stable_diffusion.tt.ttnn_functional_unet_2d_condition_model_new_conv:__call__:491 - Up block 0
2026-05-29 08:16:18.588 | INFO     | models.demos.wormhole.stable_diffusion.tt.ttnn_functional_unet_2d_condition_model_new_conv:__call__:491 - Up block 1
2026-05-29 08:16:18.593 | INFO     | models.demos.wormhole.stable_diffusion.tt.ttnn_functional_unet_2d_condition_model_new_conv:__call__:491 - Up block 2
2026-05-29 08:16:18.601 | INFO     | models.demos.wormhole.stable_diffusion.tt.ttnn_functional_unet_2d_condition_model_new_conv:__call__:491 - Up block 3
2026-05-29 08:16:18.622 | INFO     | models.demos.wormhole.stable_diffusion.tt.ttnn_functional_unet_2d_condition_model_new_conv:__call__:406 - Down block 0
2026-05-29 08:16:18.627 | info     |              Op | act_block_h_override 2 is not a valid override for padded_output_height_ntiles_per_core 7, instead 1 was selected as closest valid option! (conv2d_utils.cpp:401)
2026-05-29 08:16:18.627 | INFO     | models.demos.wormhole.stable_diffusion.tt.ttnn_functional_unet_2d_condition_model_new_conv:__call__:406 - Down block 1
2026-05-29 08:16:18.633 | INFO     | models.demos.wormhole.stable_diffusion.tt.ttnn_functional_unet_2d_condition_model_new_conv:__call__:406 - Down block 2
2026-05-29 08:16:18.636 | INFO     | models.demos.wormhole.stable_diffusion.tt.ttnn_functional_unet_2d_condition_model_new_conv:__call__:406 - Down block 3
2026-05-29 08:16:18.637 | INFO     | models.demos.wormhole.stable_diffusion.tt.ttnn_functional_unet_2d_condition_model_new_conv:__call__:460 - Mid block
2026-05-29 08:16:18.637 | warning  |              Op | Mismatch between computed MemoryConfig(memory_layout=TensorMemoryLayout::BLOCK_SHARDED,buffer_type=BufferType::L1,shard_spec=ShardSpec(grid={[(x=0,y=0) - (x=7,y=3)]},shape={32, 160},orientation=ShardOrientation::ROW_MAJOR),nd_shard_spec=NdShardSpec(shard_shape=Shape([32, 160]),grid={[(x=0,y=0) - (x=7,y=3)]},orientation=ShardOrientation::ROW_MAJOR,shard_distribution_strategy=ShardDistributionStrategy::GRID_2D),created_with_nd_shard_spec=0) and provided MemoryConfig(memory_layout=TensorMemoryLayout::BLOCK_SHARDED,buffer_type=BufferType::L1,shard_spec=ShardSpec(grid={[(x=0,y=0) - (x=7,y=7)]},shape={32, 160},orientation=ShardOrientation::ROW_MAJOR),nd_shard_spec=std::nullopt,created_with_nd_shard_spec=0) mem config. Using computed config. (matmul_op.cpp:1674)
2026-05-29 08:16:18.638 | INFO     | models.demos.wormhole.stable_diffusion.tt.ttnn_functional_unet_2d_condition_model_new_conv:__call__:491 - Up block 0
2026-05-29 08:16:18.640 | INFO     | models.demos.wormhole.stable_diffusion.tt.ttnn_functional_unet_2d_condition_model_new_conv:__call__:491 - Up block 1
2026-05-29 08:16:18.644 | INFO     | models.demos.wormhole.stable_diffusion.tt.ttnn_functional_unet_2d_condition_model_new_conv:__call__:491 - Up block 2
2026-05-29 08:16:18.652 | INFO     | models.demos.wormhole.stable_diffusion.tt.ttnn_functional_unet_2d_condition_model_new_conv:__call__:491 - Up block 3
  Step 14/41
2026-05-29 08:16:18.676 | INFO     | models.demos.wormhole.stable_diffusion.tt.ttnn_functional_unet_2d_condition_model_new_conv:__call__:406 - Down block 0
2026-05-29 08:16:18.682 | info     |              Op | act_block_h_override 2 is not a valid override for padded_output_height_ntiles_per_core 7, instead 1 was selected as closest valid option! (conv2d_utils.cpp:401)
2026-05-29 08:16:18.682 | INFO     | models.demos.wormhole.stable_diffusion.tt.ttnn_functional_unet_2d_condition_model_new_conv:__call__:406 - Down block 1
2026-05-29 08:16:18.688 | INFO     | models.demos.wormhole.stable_diffusion.tt.ttnn_functional_unet_2d_condition_model_new_conv:__call__:406 - Down block 2
2026-05-29 08:16:18.691 | INFO     | models.demos.wormhole.stable_diffusion.tt.ttnn_functional_unet_2d_condition_model_new_conv:__call__:406 - Down block 3
2026-05-29 08:16:18.692 | INFO     | models.demos.wormhole.stable_diffusion.tt.ttnn_functional_unet_2d_condition_model_new_conv:__call__:460 - Mid block
2026-05-29 08:16:18.692 | warning  |              Op | Mismatch between computed MemoryConfig(memory_layout=TensorMemoryLayout::BLOCK_SHARDED,buffer_type=BufferType::L1,shard_spec=ShardSpec(grid={[(x=0,y=0) - (x=7,y=3)]},shape={32, 160},orientation=ShardOrientation::ROW_MAJOR),nd_shard_spec=NdShardSpec(shard_shape=Shape([32, 160]),grid={[(x=0,y=0) - (x=7,y=3)]},orientation=ShardOrientation::ROW_MAJOR,shard_distribution_strategy=ShardDistributionStrategy::GRID_2D),created_with_nd_shard_spec=0) and provided MemoryConfig(memory_layout=TensorMemoryLayout::BLOCK_SHARDED,buffer_type=BufferType::L1,shard_spec=ShardSpec(grid={[(x=0,y=0) - (x=7,y=7)]},shape={32, 160},orientation=ShardOrientation::ROW_MAJOR),nd_shard_spec=std::nullopt,created_with_nd_shard_spec=0) mem config. Using computed config. (matmul_op.cpp:1674)
2026-05-29 08:16:18.694 | INFO     | models.demos.wormhole.stable_diffusion.tt.ttnn_functional_unet_2d_condition_model_new_conv:__call__:491 - Up block 0
2026-05-29 08:16:18.695 | INFO     | models.demos.wormhole.stable_diffusion.tt.ttnn_functional_unet_2d_condition_model_new_conv:__call__:491 - Up block 1
2026-05-29 08:16:18.700 | INFO     | models.demos.wormhole.stable_diffusion.tt.ttnn_functional_unet_2d_condition_model_new_conv:__call__:491 - Up block 2
2026-05-29 08:16:18.708 | INFO     | models.demos.wormhole.stable_diffusion.tt.ttnn_functional_unet_2d_condition_model_new_conv:__call__:491 - Up block 3
2026-05-29 08:16:18.728 | INFO     | models.demos.wormhole.stable_diffusion.tt.ttnn_functional_unet_2d_condition_model_new_conv:__call__:406 - Down block 0
2026-05-29 08:16:18.734 | info     |              Op | act_block_h_override 2 is not a valid override for padded_output_height_ntiles_per_core 7, instead 1 was selected as closest valid option! (conv2d_utils.cpp:401)
2026-05-29 08:16:18.734 | INFO     | models.demos.wormhole.stable_diffusion.tt.ttnn_functional_unet_2d_condition_model_new_conv:__call__:406 - Down block 1
2026-05-29 08:16:18.739 | INFO     | models.demos.wormhole.stable_diffusion.tt.ttnn_functional_unet_2d_condition_model_new_conv:__call__:406 - Down block 2
2026-05-29 08:16:18.743 | INFO     | models.demos.wormhole.stable_diffusion.tt.ttnn_functional_unet_2d_condition_model_new_conv:__call__:406 - Down block 3
2026-05-29 08:16:18.743 | INFO     | models.demos.wormhole.stable_diffusion.tt.ttnn_functional_unet_2d_condition_model_new_conv:__call__:460 - Mid block
2026-05-29 08:16:18.744 | warning  |              Op | Mismatch between computed MemoryConfig(memory_layout=TensorMemoryLayout::BLOCK_SHARDED,buffer_type=BufferType::L1,shard_spec=ShardSpec(grid={[(x=0,y=0) - (x=7,y=3)]},shape={32, 160},orientation=ShardOrientation::ROW_MAJOR),nd_shard_spec=NdShardSpec(shard_shape=Shape([32, 160]),grid={[(x=0,y=0) - (x=7,y=3)]},orientation=ShardOrientation::ROW_MAJOR,shard_distribution_strategy=ShardDistributionStrategy::GRID_2D),created_with_nd_shard_spec=0) and provided MemoryConfig(memory_layout=TensorMemoryLayout::BLOCK_SHARDED,buffer_type=BufferType::L1,shard_spec=ShardSpec(grid={[(x=0,y=0) - (x=7,y=7)]},shape={32, 160},orientation=ShardOrientation::ROW_MAJOR),nd_shard_spec=std::nullopt,created_with_nd_shard_spec=0) mem config. Using computed config. (matmul_op.cpp:1674)
2026-05-29 08:16:18.745 | INFO     | models.demos.wormhole.stable_diffusion.tt.ttnn_functional_unet_2d_condition_model_new_conv:__call__:491 - Up block 0
2026-05-29 08:16:18.746 | INFO     | models.demos.wormhole.stable_diffusion.tt.ttnn_functional_unet_2d_condition_model_new_conv:__call__:491 - Up block 1
2026-05-29 08:16:18.751 | INFO     | models.demos.wormhole.stable_diffusion.tt.ttnn_functional_unet_2d_condition_model_new_conv:__call__:491 - Up block 2
2026-05-29 08:16:18.759 | INFO     | models.demos.wormhole.stable_diffusion.tt.ttnn_functional_unet_2d_condition_model_new_conv:__call__:491 - Up block 3
2026-05-29 08:16:18.780 | INFO     | models.demos.wormhole.stable_diffusion.tt.ttnn_functional_unet_2d_condition_model_new_conv:__call__:406 - Down block 0
2026-05-29 08:16:18.786 | info     |              Op | act_block_h_override 2 is not a valid override for padded_output_height_ntiles_per_core 7, instead 1 was selected as closest valid option! (conv2d_utils.cpp:401)
2026-05-29 08:16:18.786 | INFO     | models.demos.wormhole.stable_diffusion.tt.ttnn_functional_unet_2d_condition_model_new_conv:__call__:406 - Down block 1
2026-05-29 08:16:18.791 | INFO     | models.demos.wormhole.stable_diffusion.tt.ttnn_functional_unet_2d_condition_model_new_conv:__call__:406 - Down block 2
2026-05-29 08:16:18.795 | INFO     | models.demos.wormhole.stable_diffusion.tt.ttnn_functional_unet_2d_condition_model_new_conv:__call__:406 - Down block 3
2026-05-29 08:16:18.796 | INFO     | models.demos.wormhole.stable_diffusion.tt.ttnn_functional_unet_2d_condition_model_new_conv:__call__:460 - Mid block
2026-05-29 08:16:18.796 | warning  |              Op | Mismatch between computed MemoryConfig(memory_layout=TensorMemoryLayout::BLOCK_SHARDED,buffer_type=BufferType::L1,shard_spec=ShardSpec(grid={[(x=0,y=0) - (x=7,y=3)]},shape={32, 160},orientation=ShardOrientation::ROW_MAJOR),nd_shard_spec=NdShardSpec(shard_shape=Shape([32, 160]),grid={[(x=0,y=0) - (x=7,y=3)]},orientation=ShardOrientation::ROW_MAJOR,shard_distribution_strategy=ShardDistributionStrategy::GRID_2D),created_with_nd_shard_spec=0) and provided MemoryConfig(memory_layout=TensorMemoryLayout::BLOCK_SHARDED,buffer_type=BufferType::L1,shard_spec=ShardSpec(grid={[(x=0,y=0) - (x=7,y=7)]},shape={32, 160},orientation=ShardOrientation::ROW_MAJOR),nd_shard_spec=std::nullopt,created_with_nd_shard_spec=0) mem config. Using computed config. (matmul_op.cpp:1674)
2026-05-29 08:16:18.797 | INFO     | models.demos.wormhole.stable_diffusion.tt.ttnn_functional_unet_2d_condition_model_new_conv:__call__:491 - Up block 0
2026-05-29 08:16:18.799 | INFO     | models.demos.wormhole.stable_diffusion.tt.ttnn_functional_unet_2d_condition_model_new_conv:__call__:491 - Up block 1
2026-05-29 08:16:18.804 | INFO     | models.demos.wormhole.stable_diffusion.tt.ttnn_functional_unet_2d_condition_model_new_conv:__call__:491 - Up block 2
2026-05-29 08:16:18.812 | INFO     | models.demos.wormhole.stable_diffusion.tt.ttnn_functional_unet_2d_condition_model_new_conv:__call__:491 - Up block 3
2026-05-29 08:16:18.832 | INFO     | models.demos.wormhole.stable_diffusion.tt.ttnn_functional_unet_2d_condition_model_new_conv:__call__:406 - Down block 0
2026-05-29 08:16:18.838 | info     |              Op | act_block_h_override 2 is not a valid override for padded_output_height_ntiles_per_core 7, instead 1 was selected as closest valid option! (conv2d_utils.cpp:401)
2026-05-29 08:16:18.838 | INFO     | models.demos.wormhole.stable_diffusion.tt.ttnn_functional_unet_2d_condition_model_new_conv:__call__:406 - Down block 1
2026-05-29 08:16:18.843 | INFO     | models.demos.wormhole.stable_diffusion.tt.ttnn_functional_unet_2d_condition_model_new_conv:__call__:406 - Down block 2
2026-05-29 08:16:18.847 | INFO     | models.demos.wormhole.stable_diffusion.tt.ttnn_functional_unet_2d_condition_model_new_conv:__call__:406 - Down block 3
2026-05-29 08:16:18.848 | INFO     | models.demos.wormhole.stable_diffusion.tt.ttnn_functional_unet_2d_condition_model_new_conv:__call__:460 - Mid block
2026-05-29 08:16:18.849 | warning  |              Op | Mismatch between computed MemoryConfig(memory_layout=TensorMemoryLayout::BLOCK_SHARDED,buffer_type=BufferType::L1,shard_spec=ShardSpec(grid={[(x=0,y=0) - (x=7,y=3)]},shape={32, 160},orientation=ShardOrientation::ROW_MAJOR),nd_shard_spec=NdShardSpec(shard_shape=Shape([32, 160]),grid={[(x=0,y=0) - (x=7,y=3)]},orientation=ShardOrientation::ROW_MAJOR,shard_distribution_strategy=ShardDistributionStrategy::GRID_2D),created_with_nd_shard_spec=0) and provided MemoryConfig(memory_layout=TensorMemoryLayout::BLOCK_SHARDED,buffer_type=BufferType::L1,shard_spec=ShardSpec(grid={[(x=0,y=0) - (x=7,y=7)]},shape={32, 160},orientation=ShardOrientation::ROW_MAJOR),nd_shard_spec=std::nullopt,created_with_nd_shard_spec=0) mem config. Using computed config. (matmul_op.cpp:1674)
2026-05-29 08:16:18.850 | INFO     | models.demos.wormhole.stable_diffusion.tt.ttnn_functional_unet_2d_condition_model_new_conv:__call__:491 - Up block 0
2026-05-29 08:16:18.851 | INFO     | models.demos.wormhole.stable_diffusion.tt.ttnn_functional_unet_2d_condition_model_new_conv:__call__:491 - Up block 1
2026-05-29 08:16:18.856 | INFO     | models.demos.wormhole.stable_diffusion.tt.ttnn_functional_unet_2d_condition_model_new_conv:__call__:491 - Up block 2
2026-05-29 08:16:18.864 | INFO     | models.demos.wormhole.stable_diffusion.tt.ttnn_functional_unet_2d_condition_model_new_conv:__call__:491 - Up block 3
2026-05-29 08:16:18.884 | INFO     | models.demos.wormhole.stable_diffusion.tt.ttnn_functional_unet_2d_condition_model_new_conv:__call__:406 - Down block 0
2026-05-29 08:16:18.890 | info     |              Op | act_block_h_override 2 is not a valid override for padded_output_height_ntiles_per_core 7, instead 1 was selected as closest valid option! (conv2d_utils.cpp:401)
2026-05-29 08:16:18.890 | INFO     | models.demos.wormhole.stable_diffusion.tt.ttnn_functional_unet_2d_condition_model_new_conv:__call__:406 - Down block 1
2026-05-29 08:16:18.895 | INFO     | models.demos.wormhole.stable_diffusion.tt.ttnn_functional_unet_2d_condition_model_new_conv:__call__:406 - Down block 2
2026-05-29 08:16:18.899 | INFO     | models.demos.wormhole.stable_diffusion.tt.ttnn_functional_unet_2d_condition_model_new_conv:__call__:406 - Down block 3
2026-05-29 08:16:18.899 | INFO     | models.demos.wormhole.stable_diffusion.tt.ttnn_functional_unet_2d_condition_model_new_conv:__call__:460 - Mid block
2026-05-29 08:16:18.900 | warning  |              Op | Mismatch between computed MemoryConfig(memory_layout=TensorMemoryLayout::BLOCK_SHARDED,buffer_type=BufferType::L1,shard_spec=ShardSpec(grid={[(x=0,y=0) - (x=7,y=3)]},shape={32, 160},orientation=ShardOrientation::ROW_MAJOR),nd_shard_spec=NdShardSpec(shard_shape=Shape([32, 160]),grid={[(x=0,y=0) - (x=7,y=3)]},orientation=ShardOrientation::ROW_MAJOR,shard_distribution_strategy=ShardDistributionStrategy::GRID_2D),created_with_nd_shard_spec=0) and provided MemoryConfig(memory_layout=TensorMemoryLayout::BLOCK_SHARDED,buffer_type=BufferType::L1,shard_spec=ShardSpec(grid={[(x=0,y=0) - (x=7,y=7)]},shape={32, 160},orientation=ShardOrientation::ROW_MAJOR),nd_shard_spec=std::nullopt,created_with_nd_shard_spec=0) mem config. Using computed config. (matmul_op.cpp:1674)
2026-05-29 08:16:18.901 | INFO     | models.demos.wormhole.stable_diffusion.tt.ttnn_functional_unet_2d_condition_model_new_conv:__call__:491 - Up block 0
2026-05-29 08:16:18.902 | INFO     | models.demos.wormhole.stable_diffusion.tt.ttnn_functional_unet_2d_condition_model_new_conv:__call__:491 - Up block 1
2026-05-29 08:16:18.907 | INFO     | models.demos.wormhole.stable_diffusion.tt.ttnn_functional_unet_2d_condition_model_new_conv:__call__:491 - Up block 2
2026-05-29 08:16:18.915 | INFO     | models.demos.wormhole.stable_diffusion.tt.ttnn_functional_unet_2d_condition_model_new_conv:__call__:491 - Up block 3
2026-05-29 08:16:18.936 | INFO     | models.demos.wormhole.stable_diffusion.tt.ttnn_functional_unet_2d_condition_model_new_conv:__call__:406 - Down block 0
2026-05-29 08:16:18.942 | info     |              Op | act_block_h_override 2 is not a valid override for padded_output_height_ntiles_per_core 7, instead 1 was selected as closest valid option! (conv2d_utils.cpp:401)
2026-05-29 08:16:18.942 | INFO     | models.demos.wormhole.stable_diffusion.tt.ttnn_functional_unet_2d_condition_model_new_conv:__call__:406 - Down block 1
2026-05-29 08:16:18.947 | INFO     | models.demos.wormhole.stable_diffusion.tt.ttnn_functional_unet_2d_condition_model_new_conv:__call__:406 - Down block 2
2026-05-29 08:16:18.950 | INFO     | models.demos.wormhole.stable_diffusion.tt.ttnn_functional_unet_2d_condition_model_new_conv:__call__:406 - Down block 3
2026-05-29 08:16:18.951 | INFO     | models.demos.wormhole.stable_diffusion.tt.ttnn_functional_unet_2d_condition_model_new_conv:__call__:460 - Mid block
2026-05-29 08:16:18.952 | warning  |              Op | Mismatch between computed MemoryConfig(memory_layout=TensorMemoryLayout::BLOCK_SHARDED,buffer_type=BufferType::L1,shard_spec=ShardSpec(grid={[(x=0,y=0) - (x=7,y=3)]},shape={32, 160},orientation=ShardOrientation::ROW_MAJOR),nd_shard_spec=NdShardSpec(shard_shape=Shape([32, 160]),grid={[(x=0,y=0) - (x=7,y=3)]},orientation=ShardOrientation::ROW_MAJOR,shard_distribution_strategy=ShardDistributionStrategy::GRID_2D),created_with_nd_shard_spec=0) and provided MemoryConfig(memory_layout=TensorMemoryLayout::BLOCK_SHARDED,buffer_type=BufferType::L1,shard_spec=ShardSpec(grid={[(x=0,y=0) - (x=7,y=7)]},shape={32, 160},orientation=ShardOrientation::ROW_MAJOR),nd_shard_spec=std::nullopt,created_with_nd_shard_spec=0) mem config. Using computed config. (matmul_op.cpp:1674)
2026-05-29 08:16:18.953 | INFO     | models.demos.wormhole.stable_diffusion.tt.ttnn_functional_unet_2d_condition_model_new_conv:__call__:491 - Up block 0
2026-05-29 08:16:18.954 | INFO     | models.demos.wormhole.stable_diffusion.tt.ttnn_functional_unet_2d_condition_model_new_conv:__call__:491 - Up block 1
2026-05-29 08:16:18.959 | INFO     | models.demos.wormhole.stable_diffusion.tt.ttnn_functional_unet_2d_condition_model_new_conv:__call__:491 - Up block 2
2026-05-29 08:16:18.967 | INFO     | models.demos.wormhole.stable_diffusion.tt.ttnn_functional_unet_2d_condition_model_new_conv:__call__:491 - Up block 3
2026-05-29 08:16:18.988 | INFO     | models.demos.wormhole.stable_diffusion.tt.ttnn_functional_unet_2d_condition_model_new_conv:__call__:406 - Down block 0
2026-05-29 08:16:18.993 | info     |              Op | act_block_h_override 2 is not a valid override for padded_output_height_ntiles_per_core 7, instead 1 was selected as closest valid option! (conv2d_utils.cpp:401)
2026-05-29 08:16:18.994 | INFO     | models.demos.wormhole.stable_diffusion.tt.ttnn_functional_unet_2d_condition_model_new_conv:__call__:406 - Down block 1
2026-05-29 08:16:18.999 | INFO     | models.demos.wormhole.stable_diffusion.tt.ttnn_functional_unet_2d_condition_model_new_conv:__call__:406 - Down block 2
2026-05-29 08:16:19.002 | INFO     | models.demos.wormhole.stable_diffusion.tt.ttnn_functional_unet_2d_condition_model_new_conv:__call__:406 - Down block 3
2026-05-29 08:16:19.003 | INFO     | models.demos.wormhole.stable_diffusion.tt.ttnn_functional_unet_2d_condition_model_new_conv:__call__:460 - Mid block
2026-05-29 08:16:19.003 | warning  |              Op | Mismatch between computed MemoryConfig(memory_layout=TensorMemoryLayout::BLOCK_SHARDED,buffer_type=BufferType::L1,shard_spec=ShardSpec(grid={[(x=0,y=0) - (x=7,y=3)]},shape={32, 160},orientation=ShardOrientation::ROW_MAJOR),nd_shard_spec=NdShardSpec(shard_shape=Shape([32, 160]),grid={[(x=0,y=0) - (x=7,y=3)]},orientation=ShardOrientation::ROW_MAJOR,shard_distribution_strategy=ShardDistributionStrategy::GRID_2D),created_with_nd_shard_spec=0) and provided MemoryConfig(memory_layout=TensorMemoryLayout::BLOCK_SHARDED,buffer_type=BufferType::L1,shard_spec=ShardSpec(grid={[(x=0,y=0) - (x=7,y=7)]},shape={32, 160},orientation=ShardOrientation::ROW_MAJOR),nd_shard_spec=std::nullopt,created_with_nd_shard_spec=0) mem config. Using computed config. (matmul_op.cpp:1674)
2026-05-29 08:16:19.005 | INFO     | models.demos.wormhole.stable_diffusion.tt.ttnn_functional_unet_2d_condition_model_new_conv:__call__:491 - Up block 0
2026-05-29 08:16:19.006 | INFO     | models.demos.wormhole.stable_diffusion.tt.ttnn_functional_unet_2d_condition_model_new_conv:__call__:491 - Up block 1
2026-05-29 08:16:19.011 | INFO     | models.demos.wormhole.stable_diffusion.tt.ttnn_functional_unet_2d_condition_model_new_conv:__call__:491 - Up block 2
2026-05-29 08:16:19.019 | INFO     | models.demos.wormhole.stable_diffusion.tt.ttnn_functional_unet_2d_condition_model_new_conv:__call__:491 - Up block 3
2026-05-29 08:16:19.040 | INFO     | models.demos.wormhole.stable_diffusion.tt.ttnn_functional_unet_2d_condition_model_new_conv:__call__:406 - Down block 0
2026-05-29 08:16:19.045 | info     |              Op | act_block_h_override 2 is not a valid override for padded_output_height_ntiles_per_core 7, instead 1 was selected as closest valid option! (conv2d_utils.cpp:401)
2026-05-29 08:16:19.045 | INFO     | models.demos.wormhole.stable_diffusion.tt.ttnn_functional_unet_2d_condition_model_new_conv:__call__:406 - Down block 1
2026-05-29 08:16:19.051 | INFO     | models.demos.wormhole.stable_diffusion.tt.ttnn_functional_unet_2d_condition_model_new_conv:__call__:406 - Down block 2
2026-05-29 08:16:19.054 | INFO     | models.demos.wormhole.stable_diffusion.tt.ttnn_functional_unet_2d_condition_model_new_conv:__call__:406 - Down block 3
2026-05-29 08:16:19.055 | INFO     | models.demos.wormhole.stable_diffusion.tt.ttnn_functional_unet_2d_condition_model_new_conv:__call__:460 - Mid block
2026-05-29 08:16:19.055 | warning  |              Op | Mismatch between computed MemoryConfig(memory_layout=TensorMemoryLayout::BLOCK_SHARDED,buffer_type=BufferType::L1,shard_spec=ShardSpec(grid={[(x=0,y=0) - (x=7,y=3)]},shape={32, 160},orientation=ShardOrientation::ROW_MAJOR),nd_shard_spec=NdShardSpec(shard_shape=Shape([32, 160]),grid={[(x=0,y=0) - (x=7,y=3)]},orientation=ShardOrientation::ROW_MAJOR,shard_distribution_strategy=ShardDistributionStrategy::GRID_2D),created_with_nd_shard_spec=0) and provided MemoryConfig(memory_layout=TensorMemoryLayout::BLOCK_SHARDED,buffer_type=BufferType::L1,shard_spec=ShardSpec(grid={[(x=0,y=0) - (x=7,y=7)]},shape={32, 160},orientation=ShardOrientation::ROW_MAJOR),nd_shard_spec=std::nullopt,created_with_nd_shard_spec=0) mem config. Using computed config. (matmul_op.cpp:1674)
2026-05-29 08:16:19.057 | INFO     | models.demos.wormhole.stable_diffusion.tt.ttnn_functional_unet_2d_condition_model_new_conv:__call__:491 - Up block 0
2026-05-29 08:16:19.058 | INFO     | models.demos.wormhole.stable_diffusion.tt.ttnn_functional_unet_2d_condition_model_new_conv:__call__:491 - Up block 1
2026-05-29 08:16:19.063 | INFO     | models.demos.wormhole.stable_diffusion.tt.ttnn_functional_unet_2d_condition_model_new_conv:__call__:491 - Up block 2
2026-05-29 08:16:19.071 | INFO     | models.demos.wormhole.stable_diffusion.tt.ttnn_functional_unet_2d_condition_model_new_conv:__call__:491 - Up block 3
  Step 15/41
2026-05-29 08:16:19.094 | INFO     | models.demos.wormhole.stable_diffusion.tt.ttnn_functional_unet_2d_condition_model_new_conv:__call__:406 - Down block 0
2026-05-29 08:16:19.099 | info     |              Op | act_block_h_override 2 is not a valid override for padded_output_height_ntiles_per_core 7, instead 1 was selected as closest valid option! (conv2d_utils.cpp:401)
2026-05-29 08:16:19.099 | INFO     | models.demos.wormhole.stable_diffusion.tt.ttnn_functional_unet_2d_condition_model_new_conv:__call__:406 - Down block 1
2026-05-29 08:16:19.105 | INFO     | models.demos.wormhole.stable_diffusion.tt.ttnn_functional_unet_2d_condition_model_new_conv:__call__:406 - Down block 2
2026-05-29 08:16:19.108 | INFO     | models.demos.wormhole.stable_diffusion.tt.ttnn_functional_unet_2d_condition_model_new_conv:__call__:406 - Down block 3
2026-05-29 08:16:19.109 | INFO     | models.demos.wormhole.stable_diffusion.tt.ttnn_functional_unet_2d_condition_model_new_conv:__call__:460 - Mid block
2026-05-29 08:16:19.110 | warning  |              Op | Mismatch between computed MemoryConfig(memory_layout=TensorMemoryLayout::BLOCK_SHARDED,buffer_type=BufferType::L1,shard_spec=ShardSpec(grid={[(x=0,y=0) - (x=7,y=3)]},shape={32, 160},orientation=ShardOrientation::ROW_MAJOR),nd_shard_spec=NdShardSpec(shard_shape=Shape([32, 160]),grid={[(x=0,y=0) - (x=7,y=3)]},orientation=ShardOrientation::ROW_MAJOR,shard_distribution_strategy=ShardDistributionStrategy::GRID_2D),created_with_nd_shard_spec=0) and provided MemoryConfig(memory_layout=TensorMemoryLayout::BLOCK_SHARDED,buffer_type=BufferType::L1,shard_spec=ShardSpec(grid={[(x=0,y=0) - (x=7,y=7)]},shape={32, 160},orientation=ShardOrientation::ROW_MAJOR),nd_shard_spec=std::nullopt,created_with_nd_shard_spec=0) mem config. Using computed config. (matmul_op.cpp:1674)
2026-05-29 08:16:19.111 | INFO     | models.demos.wormhole.stable_diffusion.tt.ttnn_functional_unet_2d_condition_model_new_conv:__call__:491 - Up block 0
2026-05-29 08:16:19.112 | INFO     | models.demos.wormhole.stable_diffusion.tt.ttnn_functional_unet_2d_condition_model_new_conv:__call__:491 - Up block 1
2026-05-29 08:16:19.117 | INFO     | models.demos.wormhole.stable_diffusion.tt.ttnn_functional_unet_2d_condition_model_new_conv:__call__:491 - Up block 2
2026-05-29 08:16:19.125 | INFO     | models.demos.wormhole.stable_diffusion.tt.ttnn_functional_unet_2d_condition_model_new_conv:__call__:491 - Up block 3
2026-05-29 08:16:19.145 | INFO     | models.demos.wormhole.stable_diffusion.tt.ttnn_functional_unet_2d_condition_model_new_conv:__call__:406 - Down block 0
2026-05-29 08:16:19.151 | info     |              Op | act_block_h_override 2 is not a valid override for padded_output_height_ntiles_per_core 7, instead 1 was selected as closest valid option! (conv2d_utils.cpp:401)
2026-05-29 08:16:19.151 | INFO     | models.demos.wormhole.stable_diffusion.tt.ttnn_functional_unet_2d_condition_model_new_conv:__call__:406 - Down block 1
2026-05-29 08:16:19.157 | INFO     | models.demos.wormhole.stable_diffusion.tt.ttnn_functional_unet_2d_condition_model_new_conv:__call__:406 - Down block 2
2026-05-29 08:16:19.160 | INFO     | models.demos.wormhole.stable_diffusion.tt.ttnn_functional_unet_2d_condition_model_new_conv:__call__:406 - Down block 3
2026-05-29 08:16:19.161 | INFO     | models.demos.wormhole.stable_diffusion.tt.ttnn_functional_unet_2d_condition_model_new_conv:__call__:460 - Mid block
2026-05-29 08:16:19.161 | warning  |              Op | Mismatch between computed MemoryConfig(memory_layout=TensorMemoryLayout::BLOCK_SHARDED,buffer_type=BufferType::L1,shard_spec=ShardSpec(grid={[(x=0,y=0) - (x=7,y=3)]},shape={32, 160},orientation=ShardOrientation::ROW_MAJOR),nd_shard_spec=NdShardSpec(shard_shape=Shape([32, 160]),grid={[(x=0,y=0) - (x=7,y=3)]},orientation=ShardOrientation::ROW_MAJOR,shard_distribution_strategy=ShardDistributionStrategy::GRID_2D),created_with_nd_shard_spec=0) and provided MemoryConfig(memory_layout=TensorMemoryLayout::BLOCK_SHARDED,buffer_type=BufferType::L1,shard_spec=ShardSpec(grid={[(x=0,y=0) - (x=7,y=7)]},shape={32, 160},orientation=ShardOrientation::ROW_MAJOR),nd_shard_spec=std::nullopt,created_with_nd_shard_spec=0) mem config. Using computed config. (matmul_op.cpp:1674)
2026-05-29 08:16:19.163 | INFO     | models.demos.wormhole.stable_diffusion.tt.ttnn_functional_unet_2d_condition_model_new_conv:__call__:491 - Up block 0
2026-05-29 08:16:19.164 | INFO     | models.demos.wormhole.stable_diffusion.tt.ttnn_functional_unet_2d_condition_model_new_conv:__call__:491 - Up block 1
2026-05-29 08:16:19.169 | INFO     | models.demos.wormhole.stable_diffusion.tt.ttnn_functional_unet_2d_condition_model_new_conv:__call__:491 - Up block 2
2026-05-29 08:16:19.177 | INFO     | models.demos.wormhole.stable_diffusion.tt.ttnn_functional_unet_2d_condition_model_new_conv:__call__:491 - Up block 3
2026-05-29 08:16:19.197 | INFO     | models.demos.wormhole.stable_diffusion.tt.ttnn_functional_unet_2d_condition_model_new_conv:__call__:406 - Down block 0
2026-05-29 08:16:19.203 | info     |              Op | act_block_h_override 2 is not a valid override for padded_output_height_ntiles_per_core 7, instead 1 was selected as closest valid option! (conv2d_utils.cpp:401)
2026-05-29 08:16:19.203 | INFO     | models.demos.wormhole.stable_diffusion.tt.ttnn_functional_unet_2d_condition_model_new_conv:__call__:406 - Down block 1
2026-05-29 08:16:19.208 | INFO     | models.demos.wormhole.stable_diffusion.tt.ttnn_functional_unet_2d_condition_model_new_conv:__call__:406 - Down block 2
2026-05-29 08:16:19.212 | INFO     | models.demos.wormhole.stable_diffusion.tt.ttnn_functional_unet_2d_condition_model_new_conv:__call__:406 - Down block 3
2026-05-29 08:16:19.212 | INFO     | models.demos.wormhole.stable_diffusion.tt.ttnn_functional_unet_2d_condition_model_new_conv:__call__:460 - Mid block
2026-05-29 08:16:19.213 | warning  |              Op | Mismatch between computed MemoryConfig(memory_layout=TensorMemoryLayout::BLOCK_SHARDED,buffer_type=BufferType::L1,shard_spec=ShardSpec(grid={[(x=0,y=0) - (x=7,y=3)]},shape={32, 160},orientation=ShardOrientation::ROW_MAJOR),nd_shard_spec=NdShardSpec(shard_shape=Shape([32, 160]),grid={[(x=0,y=0) - (x=7,y=3)]},orientation=ShardOrientation::ROW_MAJOR,shard_distribution_strategy=ShardDistributionStrategy::GRID_2D),created_with_nd_shard_spec=0) and provided MemoryConfig(memory_layout=TensorMemoryLayout::BLOCK_SHARDED,buffer_type=BufferType::L1,shard_spec=ShardSpec(grid={[(x=0,y=0) - (x=7,y=7)]},shape={32, 160},orientation=ShardOrientation::ROW_MAJOR),nd_shard_spec=std::nullopt,created_with_nd_shard_spec=0) mem config. Using computed config. (matmul_op.cpp:1674)
2026-05-29 08:16:19.214 | INFO     | models.demos.wormhole.stable_diffusion.tt.ttnn_functional_unet_2d_condition_model_new_conv:__call__:491 - Up block 0
2026-05-29 08:16:19.216 | INFO     | models.demos.wormhole.stable_diffusion.tt.ttnn_functional_unet_2d_condition_model_new_conv:__call__:491 - Up block 1
2026-05-29 08:16:19.220 | INFO     | models.demos.wormhole.stable_diffusion.tt.ttnn_functional_unet_2d_condition_model_new_conv:__call__:491 - Up block 2
2026-05-29 08:16:19.228 | INFO     | models.demos.wormhole.stable_diffusion.tt.ttnn_functional_unet_2d_condition_model_new_conv:__call__:491 - Up block 3
2026-05-29 08:16:19.249 | INFO     | models.demos.wormhole.stable_diffusion.tt.ttnn_functional_unet_2d_condition_model_new_conv:__call__:406 - Down block 0
2026-05-29 08:16:19.255 | info     |              Op | act_block_h_override 2 is not a valid override for padded_output_height_ntiles_per_core 7, instead 1 was selected as closest valid option! (conv2d_utils.cpp:401)
2026-05-29 08:16:19.255 | INFO     | models.demos.wormhole.stable_diffusion.tt.ttnn_functional_unet_2d_condition_model_new_conv:__call__:406 - Down block 1
2026-05-29 08:16:19.261 | INFO     | models.demos.wormhole.stable_diffusion.tt.ttnn_functional_unet_2d_condition_model_new_conv:__call__:406 - Down block 2
2026-05-29 08:16:19.264 | INFO     | models.demos.wormhole.stable_diffusion.tt.ttnn_functional_unet_2d_condition_model_new_conv:__call__:406 - Down block 3
2026-05-29 08:16:19.265 | INFO     | models.demos.wormhole.stable_diffusion.tt.ttnn_functional_unet_2d_condition_model_new_conv:__call__:460 - Mid block
2026-05-29 08:16:19.265 | warning  |              Op | Mismatch between computed MemoryConfig(memory_layout=TensorMemoryLayout::BLOCK_SHARDED,buffer_type=BufferType::L1,shard_spec=ShardSpec(grid={[(x=0,y=0) - (x=7,y=3)]},shape={32, 160},orientation=ShardOrientation::ROW_MAJOR),nd_shard_spec=NdShardSpec(shard_shape=Shape([32, 160]),grid={[(x=0,y=0) - (x=7,y=3)]},orientation=ShardOrientation::ROW_MAJOR,shard_distribution_strategy=ShardDistributionStrategy::GRID_2D),created_with_nd_shard_spec=0) and provided MemoryConfig(memory_layout=TensorMemoryLayout::BLOCK_SHARDED,buffer_type=BufferType::L1,shard_spec=ShardSpec(grid={[(x=0,y=0) - (x=7,y=7)]},shape={32, 160},orientation=ShardOrientation::ROW_MAJOR),nd_shard_spec=std::nullopt,created_with_nd_shard_spec=0) mem config. Using computed config. (matmul_op.cpp:1674)
2026-05-29 08:16:19.267 | INFO     | models.demos.wormhole.stable_diffusion.tt.ttnn_functional_unet_2d_condition_model_new_conv:__call__:491 - Up block 0
2026-05-29 08:16:19.268 | INFO     | models.demos.wormhole.stable_diffusion.tt.ttnn_functional_unet_2d_condition_model_new_conv:__call__:491 - Up block 1
2026-05-29 08:16:19.273 | INFO     | models.demos.wormhole.stable_diffusion.tt.ttnn_functional_unet_2d_condition_model_new_conv:__call__:491 - Up block 2
2026-05-29 08:16:19.281 | INFO     | models.demos.wormhole.stable_diffusion.tt.ttnn_functional_unet_2d_condition_model_new_conv:__call__:491 - Up block 3
2026-05-29 08:16:19.301 | INFO     | models.demos.wormhole.stable_diffusion.tt.ttnn_functional_unet_2d_condition_model_new_conv:__call__:406 - Down block 0
2026-05-29 08:16:19.307 | info     |              Op | act_block_h_override 2 is not a valid override for padded_output_height_ntiles_per_core 7, instead 1 was selected as closest valid option! (conv2d_utils.cpp:401)
2026-05-29 08:16:19.307 | INFO     | models.demos.wormhole.stable_diffusion.tt.ttnn_functional_unet_2d_condition_model_new_conv:__call__:406 - Down block 1
2026-05-29 08:16:19.312 | INFO     | models.demos.wormhole.stable_diffusion.tt.ttnn_functional_unet_2d_condition_model_new_conv:__call__:406 - Down block 2
2026-05-29 08:16:19.316 | INFO     | models.demos.wormhole.stable_diffusion.tt.ttnn_functional_unet_2d_condition_model_new_conv:__call__:406 - Down block 3
2026-05-29 08:16:19.317 | INFO     | models.demos.wormhole.stable_diffusion.tt.ttnn_functional_unet_2d_condition_model_new_conv:__call__:460 - Mid block
2026-05-29 08:16:19.317 | warning  |              Op | Mismatch between computed MemoryConfig(memory_layout=TensorMemoryLayout::BLOCK_SHARDED,buffer_type=BufferType::L1,shard_spec=ShardSpec(grid={[(x=0,y=0) - (x=7,y=3)]},shape={32, 160},orientation=ShardOrientation::ROW_MAJOR),nd_shard_spec=NdShardSpec(shard_shape=Shape([32, 160]),grid={[(x=0,y=0) - (x=7,y=3)]},orientation=ShardOrientation::ROW_MAJOR,shard_distribution_strategy=ShardDistributionStrategy::GRID_2D),created_with_nd_shard_spec=0) and provided MemoryConfig(memory_layout=TensorMemoryLayout::BLOCK_SHARDED,buffer_type=BufferType::L1,shard_spec=ShardSpec(grid={[(x=0,y=0) - (x=7,y=7)]},shape={32, 160},orientation=ShardOrientation::ROW_MAJOR),nd_shard_spec=std::nullopt,created_with_nd_shard_spec=0) mem config. Using computed config. (matmul_op.cpp:1674)
2026-05-29 08:16:19.319 | INFO     | models.demos.wormhole.stable_diffusion.tt.ttnn_functional_unet_2d_condition_model_new_conv:__call__:491 - Up block 0
2026-05-29 08:16:19.320 | INFO     | models.demos.wormhole.stable_diffusion.tt.ttnn_functional_unet_2d_condition_model_new_conv:__call__:491 - Up block 1
2026-05-29 08:16:19.325 | INFO     | models.demos.wormhole.stable_diffusion.tt.ttnn_functional_unet_2d_condition_model_new_conv:__call__:491 - Up block 2
2026-05-29 08:16:19.333 | INFO     | models.demos.wormhole.stable_diffusion.tt.ttnn_functional_unet_2d_condition_model_new_conv:__call__:491 - Up block 3
2026-05-29 08:16:19.353 | INFO     | models.demos.wormhole.stable_diffusion.tt.ttnn_functional_unet_2d_condition_model_new_conv:__call__:406 - Down block 0
2026-05-29 08:16:19.359 | info     |              Op | act_block_h_override 2 is not a valid override for padded_output_height_ntiles_per_core 7, instead 1 was selected as closest valid option! (conv2d_utils.cpp:401)
2026-05-29 08:16:19.359 | INFO     | models.demos.wormhole.stable_diffusion.tt.ttnn_functional_unet_2d_condition_model_new_conv:__call__:406 - Down block 1
2026-05-29 08:16:19.364 | INFO     | models.demos.wormhole.stable_diffusion.tt.ttnn_functional_unet_2d_condition_model_new_conv:__call__:406 - Down block 2
2026-05-29 08:16:19.368 | INFO     | models.demos.wormhole.stable_diffusion.tt.ttnn_functional_unet_2d_condition_model_new_conv:__call__:406 - Down block 3
2026-05-29 08:16:19.368 | INFO     | models.demos.wormhole.stable_diffusion.tt.ttnn_functional_unet_2d_condition_model_new_conv:__call__:460 - Mid block
2026-05-29 08:16:19.369 | warning  |              Op | Mismatch between computed MemoryConfig(memory_layout=TensorMemoryLayout::BLOCK_SHARDED,buffer_type=BufferType::L1,shard_spec=ShardSpec(grid={[(x=0,y=0) - (x=7,y=3)]},shape={32, 160},orientation=ShardOrientation::ROW_MAJOR),nd_shard_spec=NdShardSpec(shard_shape=Shape([32, 160]),grid={[(x=0,y=0) - (x=7,y=3)]},orientation=ShardOrientation::ROW_MAJOR,shard_distribution_strategy=ShardDistributionStrategy::GRID_2D),created_with_nd_shard_spec=0) and provided MemoryConfig(memory_layout=TensorMemoryLayout::BLOCK_SHARDED,buffer_type=BufferType::L1,shard_spec=ShardSpec(grid={[(x=0,y=0) - (x=7,y=7)]},shape={32, 160},orientation=ShardOrientation::ROW_MAJOR),nd_shard_spec=std::nullopt,created_with_nd_shard_spec=0) mem config. Using computed config. (matmul_op.cpp:1674)
2026-05-29 08:16:19.370 | INFO     | models.demos.wormhole.stable_diffusion.tt.ttnn_functional_unet_2d_condition_model_new_conv:__call__:491 - Up block 0
2026-05-29 08:16:19.371 | INFO     | models.demos.wormhole.stable_diffusion.tt.ttnn_functional_unet_2d_condition_model_new_conv:__call__:491 - Up block 1
2026-05-29 08:16:19.376 | INFO     | models.demos.wormhole.stable_diffusion.tt.ttnn_functional_unet_2d_condition_model_new_conv:__call__:491 - Up block 2
2026-05-29 08:16:19.384 | INFO     | models.demos.wormhole.stable_diffusion.tt.ttnn_functional_unet_2d_condition_model_new_conv:__call__:491 - Up block 3
2026-05-29 08:16:19.405 | INFO     | models.demos.wormhole.stable_diffusion.tt.ttnn_functional_unet_2d_condition_model_new_conv:__call__:406 - Down block 0
2026-05-29 08:16:19.411 | info     |              Op | act_block_h_override 2 is not a valid override for padded_output_height_ntiles_per_core 7, instead 1 was selected as closest valid option! (conv2d_utils.cpp:401)
2026-05-29 08:16:19.411 | INFO     | models.demos.wormhole.stable_diffusion.tt.ttnn_functional_unet_2d_condition_model_new_conv:__call__:406 - Down block 1
2026-05-29 08:16:19.416 | INFO     | models.demos.wormhole.stable_diffusion.tt.ttnn_functional_unet_2d_condition_model_new_conv:__call__:406 - Down block 2
2026-05-29 08:16:19.419 | INFO     | models.demos.wormhole.stable_diffusion.tt.ttnn_functional_unet_2d_condition_model_new_conv:__call__:406 - Down block 3
2026-05-29 08:16:19.420 | INFO     | models.demos.wormhole.stable_diffusion.tt.ttnn_functional_unet_2d_condition_model_new_conv:__call__:460 - Mid block
2026-05-29 08:16:19.421 | warning  |              Op | Mismatch between computed MemoryConfig(memory_layout=TensorMemoryLayout::BLOCK_SHARDED,buffer_type=BufferType::L1,shard_spec=ShardSpec(grid={[(x=0,y=0) - (x=7,y=3)]},shape={32, 160},orientation=ShardOrientation::ROW_MAJOR),nd_shard_spec=NdShardSpec(shard_shape=Shape([32, 160]),grid={[(x=0,y=0) - (x=7,y=3)]},orientation=ShardOrientation::ROW_MAJOR,shard_distribution_strategy=ShardDistributionStrategy::GRID_2D),created_with_nd_shard_spec=0) and provided MemoryConfig(memory_layout=TensorMemoryLayout::BLOCK_SHARDED,buffer_type=BufferType::L1,shard_spec=ShardSpec(grid={[(x=0,y=0) - (x=7,y=7)]},shape={32, 160},orientation=ShardOrientation::ROW_MAJOR),nd_shard_spec=std::nullopt,created_with_nd_shard_spec=0) mem config. Using computed config. (matmul_op.cpp:1674)
2026-05-29 08:16:19.422 | INFO     | models.demos.wormhole.stable_diffusion.tt.ttnn_functional_unet_2d_condition_model_new_conv:__call__:491 - Up block 0
2026-05-29 08:16:19.423 | INFO     | models.demos.wormhole.stable_diffusion.tt.ttnn_functional_unet_2d_condition_model_new_conv:__call__:491 - Up block 1
2026-05-29 08:16:19.428 | INFO     | models.demos.wormhole.stable_diffusion.tt.ttnn_functional_unet_2d_condition_model_new_conv:__call__:491 - Up block 2
2026-05-29 08:16:19.436 | INFO     | models.demos.wormhole.stable_diffusion.tt.ttnn_functional_unet_2d_condition_model_new_conv:__call__:491 - Up block 3
2026-05-29 08:16:19.457 | INFO     | models.demos.wormhole.stable_diffusion.tt.ttnn_functional_unet_2d_condition_model_new_conv:__call__:406 - Down block 0
2026-05-29 08:16:19.462 | info     |              Op | act_block_h_override 2 is not a valid override for padded_output_height_ntiles_per_core 7, instead 1 was selected as closest valid option! (conv2d_utils.cpp:401)
2026-05-29 08:16:19.463 | INFO     | models.demos.wormhole.stable_diffusion.tt.ttnn_functional_unet_2d_condition_model_new_conv:__call__:406 - Down block 1
2026-05-29 08:16:19.468 | INFO     | models.demos.wormhole.stable_diffusion.tt.ttnn_functional_unet_2d_condition_model_new_conv:__call__:406 - Down block 2
2026-05-29 08:16:19.471 | INFO     | models.demos.wormhole.stable_diffusion.tt.ttnn_functional_unet_2d_condition_model_new_conv:__call__:406 - Down block 3
2026-05-29 08:16:19.472 | INFO     | models.demos.wormhole.stable_diffusion.tt.ttnn_functional_unet_2d_condition_model_new_conv:__call__:460 - Mid block
2026-05-29 08:16:19.472 | warning  |              Op | Mismatch between computed MemoryConfig(memory_layout=TensorMemoryLayout::BLOCK_SHARDED,buffer_type=BufferType::L1,shard_spec=ShardSpec(grid={[(x=0,y=0) - (x=7,y=3)]},shape={32, 160},orientation=ShardOrientation::ROW_MAJOR),nd_shard_spec=NdShardSpec(shard_shape=Shape([32, 160]),grid={[(x=0,y=0) - (x=7,y=3)]},orientation=ShardOrientation::ROW_MAJOR,shard_distribution_strategy=ShardDistributionStrategy::GRID_2D),created_with_nd_shard_spec=0) and provided MemoryConfig(memory_layout=TensorMemoryLayout::BLOCK_SHARDED,buffer_type=BufferType::L1,shard_spec=ShardSpec(grid={[(x=0,y=0) - (x=7,y=7)]},shape={32, 160},orientation=ShardOrientation::ROW_MAJOR),nd_shard_spec=std::nullopt,created_with_nd_shard_spec=0) mem config. Using computed config. (matmul_op.cpp:1674)
2026-05-29 08:16:19.474 | INFO     | models.demos.wormhole.stable_diffusion.tt.ttnn_functional_unet_2d_condition_model_new_conv:__call__:491 - Up block 0
2026-05-29 08:16:19.475 | INFO     | models.demos.wormhole.stable_diffusion.tt.ttnn_functional_unet_2d_condition_model_new_conv:__call__:491 - Up block 1
2026-05-29 08:16:19.480 | INFO     | models.demos.wormhole.stable_diffusion.tt.ttnn_functional_unet_2d_condition_model_new_conv:__call__:491 - Up block 2
2026-05-29 08:16:19.488 | INFO     | models.demos.wormhole.stable_diffusion.tt.ttnn_functional_unet_2d_condition_model_new_conv:__call__:491 - Up block 3
  Step 16/41
2026-05-29 08:16:19.511 | INFO     | models.demos.wormhole.stable_diffusion.tt.ttnn_functional_unet_2d_condition_model_new_conv:__call__:406 - Down block 0
2026-05-29 08:16:19.517 | info     |              Op | act_block_h_override 2 is not a valid override for padded_output_height_ntiles_per_core 7, instead 1 was selected as closest valid option! (conv2d_utils.cpp:401)
2026-05-29 08:16:19.517 | INFO     | models.demos.wormhole.stable_diffusion.tt.ttnn_functional_unet_2d_condition_model_new_conv:__call__:406 - Down block 1
2026-05-29 08:16:19.523 | INFO     | models.demos.wormhole.stable_diffusion.tt.ttnn_functional_unet_2d_condition_model_new_conv:__call__:406 - Down block 2
2026-05-29 08:16:19.527 | INFO     | models.demos.wormhole.stable_diffusion.tt.ttnn_functional_unet_2d_condition_model_new_conv:__call__:406 - Down block 3
2026-05-29 08:16:19.528 | INFO     | models.demos.wormhole.stable_diffusion.tt.ttnn_functional_unet_2d_condition_model_new_conv:__call__:460 - Mid block
2026-05-29 08:16:19.528 | warning  |              Op | Mismatch between computed MemoryConfig(memory_layout=TensorMemoryLayout::BLOCK_SHARDED,buffer_type=BufferType::L1,shard_spec=ShardSpec(grid={[(x=0,y=0) - (x=7,y=3)]},shape={32, 160},orientation=ShardOrientation::ROW_MAJOR),nd_shard_spec=NdShardSpec(shard_shape=Shape([32, 160]),grid={[(x=0,y=0) - (x=7,y=3)]},orientation=ShardOrientation::ROW_MAJOR,shard_distribution_strategy=ShardDistributionStrategy::GRID_2D),created_with_nd_shard_spec=0) and provided MemoryConfig(memory_layout=TensorMemoryLayout::BLOCK_SHARDED,buffer_type=BufferType::L1,shard_spec=ShardSpec(grid={[(x=0,y=0) - (x=7,y=7)]},shape={32, 160},orientation=ShardOrientation::ROW_MAJOR),nd_shard_spec=std::nullopt,created_with_nd_shard_spec=0) mem config. Using computed config. (matmul_op.cpp:1674)
2026-05-29 08:16:19.530 | INFO     | models.demos.wormhole.stable_diffusion.tt.ttnn_functional_unet_2d_condition_model_new_conv:__call__:491 - Up block 0
2026-05-29 08:16:19.531 | INFO     | models.demos.wormhole.stable_diffusion.tt.ttnn_functional_unet_2d_condition_model_new_conv:__call__:491 - Up block 1
2026-05-29 08:16:19.536 | INFO     | models.demos.wormhole.stable_diffusion.tt.ttnn_functional_unet_2d_condition_model_new_conv:__call__:491 - Up block 2
2026-05-29 08:16:19.544 | INFO     | models.demos.wormhole.stable_diffusion.tt.ttnn_functional_unet_2d_condition_model_new_conv:__call__:491 - Up block 3
2026-05-29 08:16:19.564 | INFO     | models.demos.wormhole.stable_diffusion.tt.ttnn_functional_unet_2d_condition_model_new_conv:__call__:406 - Down block 0
2026-05-29 08:16:19.570 | info     |              Op | act_block_h_override 2 is not a valid override for padded_output_height_ntiles_per_core 7, instead 1 was selected as closest valid option! (conv2d_utils.cpp:401)
2026-05-29 08:16:19.570 | INFO     | models.demos.wormhole.stable_diffusion.tt.ttnn_functional_unet_2d_condition_model_new_conv:__call__:406 - Down block 1
2026-05-29 08:16:19.575 | INFO     | models.demos.wormhole.stable_diffusion.tt.ttnn_functional_unet_2d_condition_model_new_conv:__call__:406 - Down block 2
2026-05-29 08:16:19.579 | INFO     | models.demos.wormhole.stable_diffusion.tt.ttnn_functional_unet_2d_condition_model_new_conv:__call__:406 - Down block 3
2026-05-29 08:16:19.579 | INFO     | models.demos.wormhole.stable_diffusion.tt.ttnn_functional_unet_2d_condition_model_new_conv:__call__:460 - Mid block
2026-05-29 08:16:19.580 | warning  |              Op | Mismatch between computed MemoryConfig(memory_layout=TensorMemoryLayout::BLOCK_SHARDED,buffer_type=BufferType::L1,shard_spec=ShardSpec(grid={[(x=0,y=0) - (x=7,y=3)]},shape={32, 160},orientation=ShardOrientation::ROW_MAJOR),nd_shard_spec=NdShardSpec(shard_shape=Shape([32, 160]),grid={[(x=0,y=0) - (x=7,y=3)]},orientation=ShardOrientation::ROW_MAJOR,shard_distribution_strategy=ShardDistributionStrategy::GRID_2D),created_with_nd_shard_spec=0) and provided MemoryConfig(memory_layout=TensorMemoryLayout::BLOCK_SHARDED,buffer_type=BufferType::L1,shard_spec=ShardSpec(grid={[(x=0,y=0) - (x=7,y=7)]},shape={32, 160},orientation=ShardOrientation::ROW_MAJOR),nd_shard_spec=std::nullopt,created_with_nd_shard_spec=0) mem config. Using computed config. (matmul_op.cpp:1674)
2026-05-29 08:16:19.581 | INFO     | models.demos.wormhole.stable_diffusion.tt.ttnn_functional_unet_2d_condition_model_new_conv:__call__:491 - Up block 0
2026-05-29 08:16:19.583 | INFO     | models.demos.wormhole.stable_diffusion.tt.ttnn_functional_unet_2d_condition_model_new_conv:__call__:491 - Up block 1
2026-05-29 08:16:19.587 | INFO     | models.demos.wormhole.stable_diffusion.tt.ttnn_functional_unet_2d_condition_model_new_conv:__call__:491 - Up block 2
2026-05-29 08:16:19.596 | INFO     | models.demos.wormhole.stable_diffusion.tt.ttnn_functional_unet_2d_condition_model_new_conv:__call__:491 - Up block 3
2026-05-29 08:16:19.616 | INFO     | models.demos.wormhole.stable_diffusion.tt.ttnn_functional_unet_2d_condition_model_new_conv:__call__:406 - Down block 0
2026-05-29 08:16:19.622 | info     |              Op | act_block_h_override 2 is not a valid override for padded_output_height_ntiles_per_core 7, instead 1 was selected as closest valid option! (conv2d_utils.cpp:401)
2026-05-29 08:16:19.622 | INFO     | models.demos.wormhole.stable_diffusion.tt.ttnn_functional_unet_2d_condition_model_new_conv:__call__:406 - Down block 1
2026-05-29 08:16:19.627 | INFO     | models.demos.wormhole.stable_diffusion.tt.ttnn_functional_unet_2d_condition_model_new_conv:__call__:406 - Down block 2
2026-05-29 08:16:19.631 | INFO     | models.demos.wormhole.stable_diffusion.tt.ttnn_functional_unet_2d_condition_model_new_conv:__call__:406 - Down block 3
2026-05-29 08:16:19.632 | INFO     | models.demos.wormhole.stable_diffusion.tt.ttnn_functional_unet_2d_condition_model_new_conv:__call__:460 - Mid block
2026-05-29 08:16:19.632 | warning  |              Op | Mismatch between computed MemoryConfig(memory_layout=TensorMemoryLayout::BLOCK_SHARDED,buffer_type=BufferType::L1,shard_spec=ShardSpec(grid={[(x=0,y=0) - (x=7,y=3)]},shape={32, 160},orientation=ShardOrientation::ROW_MAJOR),nd_shard_spec=NdShardSpec(shard_shape=Shape([32, 160]),grid={[(x=0,y=0) - (x=7,y=3)]},orientation=ShardOrientation::ROW_MAJOR,shard_distribution_strategy=ShardDistributionStrategy::GRID_2D),created_with_nd_shard_spec=0) and provided MemoryConfig(memory_layout=TensorMemoryLayout::BLOCK_SHARDED,buffer_type=BufferType::L1,shard_spec=ShardSpec(grid={[(x=0,y=0) - (x=7,y=7)]},shape={32, 160},orientation=ShardOrientation::ROW_MAJOR),nd_shard_spec=std::nullopt,created_with_nd_shard_spec=0) mem config. Using computed config. (matmul_op.cpp:1674)
2026-05-29 08:16:19.633 | INFO     | models.demos.wormhole.stable_diffusion.tt.ttnn_functional_unet_2d_condition_model_new_conv:__call__:491 - Up block 0
2026-05-29 08:16:19.635 | INFO     | models.demos.wormhole.stable_diffusion.tt.ttnn_functional_unet_2d_condition_model_new_conv:__call__:491 - Up block 1
2026-05-29 08:16:19.640 | INFO     | models.demos.wormhole.stable_diffusion.tt.ttnn_functional_unet_2d_condition_model_new_conv:__call__:491 - Up block 2
2026-05-29 08:16:19.648 | INFO     | models.demos.wormhole.stable_diffusion.tt.ttnn_functional_unet_2d_condition_model_new_conv:__call__:491 - Up block 3
2026-05-29 08:16:19.668 | INFO     | models.demos.wormhole.stable_diffusion.tt.ttnn_functional_unet_2d_condition_model_new_conv:__call__:406 - Down block 0
2026-05-29 08:16:19.674 | info     |              Op | act_block_h_override 2 is not a valid override for padded_output_height_ntiles_per_core 7, instead 1 was selected as closest valid option! (conv2d_utils.cpp:401)
2026-05-29 08:16:19.674 | INFO     | models.demos.wormhole.stable_diffusion.tt.ttnn_functional_unet_2d_condition_model_new_conv:__call__:406 - Down block 1
2026-05-29 08:16:19.679 | INFO     | models.demos.wormhole.stable_diffusion.tt.ttnn_functional_unet_2d_condition_model_new_conv:__call__:406 - Down block 2
2026-05-29 08:16:19.683 | INFO     | models.demos.wormhole.stable_diffusion.tt.ttnn_functional_unet_2d_condition_model_new_conv:__call__:406 - Down block 3
2026-05-29 08:16:19.683 | INFO     | models.demos.wormhole.stable_diffusion.tt.ttnn_functional_unet_2d_condition_model_new_conv:__call__:460 - Mid block
2026-05-29 08:16:19.684 | warning  |              Op | Mismatch between computed MemoryConfig(memory_layout=TensorMemoryLayout::BLOCK_SHARDED,buffer_type=BufferType::L1,shard_spec=ShardSpec(grid={[(x=0,y=0) - (x=7,y=3)]},shape={32, 160},orientation=ShardOrientation::ROW_MAJOR),nd_shard_spec=NdShardSpec(shard_shape=Shape([32, 160]),grid={[(x=0,y=0) - (x=7,y=3)]},orientation=ShardOrientation::ROW_MAJOR,shard_distribution_strategy=ShardDistributionStrategy::GRID_2D),created_with_nd_shard_spec=0) and provided MemoryConfig(memory_layout=TensorMemoryLayout::BLOCK_SHARDED,buffer_type=BufferType::L1,shard_spec=ShardSpec(grid={[(x=0,y=0) - (x=7,y=7)]},shape={32, 160},orientation=ShardOrientation::ROW_MAJOR),nd_shard_spec=std::nullopt,created_with_nd_shard_spec=0) mem config. Using computed config. (matmul_op.cpp:1674)
2026-05-29 08:16:19.685 | INFO     | models.demos.wormhole.stable_diffusion.tt.ttnn_functional_unet_2d_condition_model_new_conv:__call__:491 - Up block 0
2026-05-29 08:16:19.687 | INFO     | models.demos.wormhole.stable_diffusion.tt.ttnn_functional_unet_2d_condition_model_new_conv:__call__:491 - Up block 1
2026-05-29 08:16:19.691 | INFO     | models.demos.wormhole.stable_diffusion.tt.ttnn_functional_unet_2d_condition_model_new_conv:__call__:491 - Up block 2
2026-05-29 08:16:19.699 | INFO     | models.demos.wormhole.stable_diffusion.tt.ttnn_functional_unet_2d_condition_model_new_conv:__call__:491 - Up block 3
2026-05-29 08:16:19.720 | INFO     | models.demos.wormhole.stable_diffusion.tt.ttnn_functional_unet_2d_condition_model_new_conv:__call__:406 - Down block 0
2026-05-29 08:16:19.726 | info     |              Op | act_block_h_override 2 is not a valid override for padded_output_height_ntiles_per_core 7, instead 1 was selected as closest valid option! (conv2d_utils.cpp:401)
2026-05-29 08:16:19.726 | INFO     | models.demos.wormhole.stable_diffusion.tt.ttnn_functional_unet_2d_condition_model_new_conv:__call__:406 - Down block 1
2026-05-29 08:16:19.731 | INFO     | models.demos.wormhole.stable_diffusion.tt.ttnn_functional_unet_2d_condition_model_new_conv:__call__:406 - Down block 2
2026-05-29 08:16:19.734 | INFO     | models.demos.wormhole.stable_diffusion.tt.ttnn_functional_unet_2d_condition_model_new_conv:__call__:406 - Down block 3
2026-05-29 08:16:19.735 | INFO     | models.demos.wormhole.stable_diffusion.tt.ttnn_functional_unet_2d_condition_model_new_conv:__call__:460 - Mid block
2026-05-29 08:16:19.736 | warning  |              Op | Mismatch between computed MemoryConfig(memory_layout=TensorMemoryLayout::BLOCK_SHARDED,buffer_type=BufferType::L1,shard_spec=ShardSpec(grid={[(x=0,y=0) - (x=7,y=3)]},shape={32, 160},orientation=ShardOrientation::ROW_MAJOR),nd_shard_spec=NdShardSpec(shard_shape=Shape([32, 160]),grid={[(x=0,y=0) - (x=7,y=3)]},orientation=ShardOrientation::ROW_MAJOR,shard_distribution_strategy=ShardDistributionStrategy::GRID_2D),created_with_nd_shard_spec=0) and provided MemoryConfig(memory_layout=TensorMemoryLayout::BLOCK_SHARDED,buffer_type=BufferType::L1,shard_spec=ShardSpec(grid={[(x=0,y=0) - (x=7,y=7)]},shape={32, 160},orientation=ShardOrientation::ROW_MAJOR),nd_shard_spec=std::nullopt,created_with_nd_shard_spec=0) mem config. Using computed config. (matmul_op.cpp:1674)
2026-05-29 08:16:19.737 | INFO     | models.demos.wormhole.stable_diffusion.tt.ttnn_functional_unet_2d_condition_model_new_conv:__call__:491 - Up block 0
2026-05-29 08:16:19.738 | INFO     | models.demos.wormhole.stable_diffusion.tt.ttnn_functional_unet_2d_condition_model_new_conv:__call__:491 - Up block 1
2026-05-29 08:16:19.743 | INFO     | models.demos.wormhole.stable_diffusion.tt.ttnn_functional_unet_2d_condition_model_new_conv:__call__:491 - Up block 2
2026-05-29 08:16:19.751 | INFO     | models.demos.wormhole.stable_diffusion.tt.ttnn_functional_unet_2d_condition_model_new_conv:__call__:491 - Up block 3
2026-05-29 08:16:19.772 | INFO     | models.demos.wormhole.stable_diffusion.tt.ttnn_functional_unet_2d_condition_model_new_conv:__call__:406 - Down block 0
2026-05-29 08:16:19.778 | info     |              Op | act_block_h_override 2 is not a valid override for padded_output_height_ntiles_per_core 7, instead 1 was selected as closest valid option! (conv2d_utils.cpp:401)
2026-05-29 08:16:19.778 | INFO     | models.demos.wormhole.stable_diffusion.tt.ttnn_functional_unet_2d_condition_model_new_conv:__call__:406 - Down block 1
2026-05-29 08:16:19.783 | INFO     | models.demos.wormhole.stable_diffusion.tt.ttnn_functional_unet_2d_condition_model_new_conv:__call__:406 - Down block 2
2026-05-29 08:16:19.787 | INFO     | models.demos.wormhole.stable_diffusion.tt.ttnn_functional_unet_2d_condition_model_new_conv:__call__:406 - Down block 3
2026-05-29 08:16:19.788 | INFO     | models.demos.wormhole.stable_diffusion.tt.ttnn_functional_unet_2d_condition_model_new_conv:__call__:460 - Mid block
2026-05-29 08:16:19.788 | warning  |              Op | Mismatch between computed MemoryConfig(memory_layout=TensorMemoryLayout::BLOCK_SHARDED,buffer_type=BufferType::L1,shard_spec=ShardSpec(grid={[(x=0,y=0) - (x=7,y=3)]},shape={32, 160},orientation=ShardOrientation::ROW_MAJOR),nd_shard_spec=NdShardSpec(shard_shape=Shape([32, 160]),grid={[(x=0,y=0) - (x=7,y=3)]},orientation=ShardOrientation::ROW_MAJOR,shard_distribution_strategy=ShardDistributionStrategy::GRID_2D),created_with_nd_shard_spec=0) and provided MemoryConfig(memory_layout=TensorMemoryLayout::BLOCK_SHARDED,buffer_type=BufferType::L1,shard_spec=ShardSpec(grid={[(x=0,y=0) - (x=7,y=7)]},shape={32, 160},orientation=ShardOrientation::ROW_MAJOR),nd_shard_spec=std::nullopt,created_with_nd_shard_spec=0) mem config. Using computed config. (matmul_op.cpp:1674)
2026-05-29 08:16:19.790 | INFO     | models.demos.wormhole.stable_diffusion.tt.ttnn_functional_unet_2d_condition_model_new_conv:__call__:491 - Up block 0
2026-05-29 08:16:19.791 | INFO     | models.demos.wormhole.stable_diffusion.tt.ttnn_functional_unet_2d_condition_model_new_conv:__call__:491 - Up block 1
2026-05-29 08:16:19.796 | INFO     | models.demos.wormhole.stable_diffusion.tt.ttnn_functional_unet_2d_condition_model_new_conv:__call__:491 - Up block 2
2026-05-29 08:16:19.804 | INFO     | models.demos.wormhole.stable_diffusion.tt.ttnn_functional_unet_2d_condition_model_new_conv:__call__:491 - Up block 3
2026-05-29 08:16:19.824 | INFO     | models.demos.wormhole.stable_diffusion.tt.ttnn_functional_unet_2d_condition_model_new_conv:__call__:406 - Down block 0
2026-05-29 08:16:19.829 | info     |              Op | act_block_h_override 2 is not a valid override for padded_output_height_ntiles_per_core 7, instead 1 was selected as closest valid option! (conv2d_utils.cpp:401)
2026-05-29 08:16:19.830 | INFO     | models.demos.wormhole.stable_diffusion.tt.ttnn_functional_unet_2d_condition_model_new_conv:__call__:406 - Down block 1
2026-05-29 08:16:19.835 | INFO     | models.demos.wormhole.stable_diffusion.tt.ttnn_functional_unet_2d_condition_model_new_conv:__call__:406 - Down block 2
2026-05-29 08:16:19.838 | INFO     | models.demos.wormhole.stable_diffusion.tt.ttnn_functional_unet_2d_condition_model_new_conv:__call__:406 - Down block 3
2026-05-29 08:16:19.839 | INFO     | models.demos.wormhole.stable_diffusion.tt.ttnn_functional_unet_2d_condition_model_new_conv:__call__:460 - Mid block
2026-05-29 08:16:19.839 | warning  |              Op | Mismatch between computed MemoryConfig(memory_layout=TensorMemoryLayout::BLOCK_SHARDED,buffer_type=BufferType::L1,shard_spec=ShardSpec(grid={[(x=0,y=0) - (x=7,y=3)]},shape={32, 160},orientation=ShardOrientation::ROW_MAJOR),nd_shard_spec=NdShardSpec(shard_shape=Shape([32, 160]),grid={[(x=0,y=0) - (x=7,y=3)]},orientation=ShardOrientation::ROW_MAJOR,shard_distribution_strategy=ShardDistributionStrategy::GRID_2D),created_with_nd_shard_spec=0) and provided MemoryConfig(memory_layout=TensorMemoryLayout::BLOCK_SHARDED,buffer_type=BufferType::L1,shard_spec=ShardSpec(grid={[(x=0,y=0) - (x=7,y=7)]},shape={32, 160},orientation=ShardOrientation::ROW_MAJOR),nd_shard_spec=std::nullopt,created_with_nd_shard_spec=0) mem config. Using computed config. (matmul_op.cpp:1674)
2026-05-29 08:16:19.841 | INFO     | models.demos.wormhole.stable_diffusion.tt.ttnn_functional_unet_2d_condition_model_new_conv:__call__:491 - Up block 0
2026-05-29 08:16:19.842 | INFO     | models.demos.wormhole.stable_diffusion.tt.ttnn_functional_unet_2d_condition_model_new_conv:__call__:491 - Up block 1
2026-05-29 08:16:19.847 | INFO     | models.demos.wormhole.stable_diffusion.tt.ttnn_functional_unet_2d_condition_model_new_conv:__call__:491 - Up block 2
2026-05-29 08:16:19.856 | INFO     | models.demos.wormhole.stable_diffusion.tt.ttnn_functional_unet_2d_condition_model_new_conv:__call__:491 - Up block 3
2026-05-29 08:16:19.876 | INFO     | models.demos.wormhole.stable_diffusion.tt.ttnn_functional_unet_2d_condition_model_new_conv:__call__:406 - Down block 0
2026-05-29 08:16:19.882 | info     |              Op | act_block_h_override 2 is not a valid override for padded_output_height_ntiles_per_core 7, instead 1 was selected as closest valid option! (conv2d_utils.cpp:401)
2026-05-29 08:16:19.883 | INFO     | models.demos.wormhole.stable_diffusion.tt.ttnn_functional_unet_2d_condition_model_new_conv:__call__:406 - Down block 1
2026-05-29 08:16:19.888 | INFO     | models.demos.wormhole.stable_diffusion.tt.ttnn_functional_unet_2d_condition_model_new_conv:__call__:406 - Down block 2
2026-05-29 08:16:19.891 | INFO     | models.demos.wormhole.stable_diffusion.tt.ttnn_functional_unet_2d_condition_model_new_conv:__call__:406 - Down block 3
2026-05-29 08:16:19.892 | INFO     | models.demos.wormhole.stable_diffusion.tt.ttnn_functional_unet_2d_condition_model_new_conv:__call__:460 - Mid block
2026-05-29 08:16:19.893 | warning  |              Op | Mismatch between computed MemoryConfig(memory_layout=TensorMemoryLayout::BLOCK_SHARDED,buffer_type=BufferType::L1,shard_spec=ShardSpec(grid={[(x=0,y=0) - (x=7,y=3)]},shape={32, 160},orientation=ShardOrientation::ROW_MAJOR),nd_shard_spec=NdShardSpec(shard_shape=Shape([32, 160]),grid={[(x=0,y=0) - (x=7,y=3)]},orientation=ShardOrientation::ROW_MAJOR,shard_distribution_strategy=ShardDistributionStrategy::GRID_2D),created_with_nd_shard_spec=0) and provided MemoryConfig(memory_layout=TensorMemoryLayout::BLOCK_SHARDED,buffer_type=BufferType::L1,shard_spec=ShardSpec(grid={[(x=0,y=0) - (x=7,y=7)]},shape={32, 160},orientation=ShardOrientation::ROW_MAJOR),nd_shard_spec=std::nullopt,created_with_nd_shard_spec=0) mem config. Using computed config. (matmul_op.cpp:1674)
2026-05-29 08:16:19.894 | INFO     | models.demos.wormhole.stable_diffusion.tt.ttnn_functional_unet_2d_condition_model_new_conv:__call__:491 - Up block 0
2026-05-29 08:16:19.895 | INFO     | models.demos.wormhole.stable_diffusion.tt.ttnn_functional_unet_2d_condition_model_new_conv:__call__:491 - Up block 1
2026-05-29 08:16:19.900 | INFO     | models.demos.wormhole.stable_diffusion.tt.ttnn_functional_unet_2d_condition_model_new_conv:__call__:491 - Up block 2
2026-05-29 08:16:19.908 | INFO     | models.demos.wormhole.stable_diffusion.tt.ttnn_functional_unet_2d_condition_model_new_conv:__call__:491 - Up block 3
  Step 17/41
2026-05-29 08:16:19.931 | INFO     | models.demos.wormhole.stable_diffusion.tt.ttnn_functional_unet_2d_condition_model_new_conv:__call__:406 - Down block 0
2026-05-29 08:16:19.936 | info     |              Op | act_block_h_override 2 is not a valid override for padded_output_height_ntiles_per_core 7, instead 1 was selected as closest valid option! (conv2d_utils.cpp:401)
2026-05-29 08:16:19.936 | INFO     | models.demos.wormhole.stable_diffusion.tt.ttnn_functional_unet_2d_condition_model_new_conv:__call__:406 - Down block 1
2026-05-29 08:16:19.942 | INFO     | models.demos.wormhole.stable_diffusion.tt.ttnn_functional_unet_2d_condition_model_new_conv:__call__:406 - Down block 2
2026-05-29 08:16:19.945 | INFO     | models.demos.wormhole.stable_diffusion.tt.ttnn_functional_unet_2d_condition_model_new_conv:__call__:406 - Down block 3
2026-05-29 08:16:19.946 | INFO     | models.demos.wormhole.stable_diffusion.tt.ttnn_functional_unet_2d_condition_model_new_conv:__call__:460 - Mid block
2026-05-29 08:16:19.947 | warning  |              Op | Mismatch between computed MemoryConfig(memory_layout=TensorMemoryLayout::BLOCK_SHARDED,buffer_type=BufferType::L1,shard_spec=ShardSpec(grid={[(x=0,y=0) - (x=7,y=3)]},shape={32, 160},orientation=ShardOrientation::ROW_MAJOR),nd_shard_spec=NdShardSpec(shard_shape=Shape([32, 160]),grid={[(x=0,y=0) - (x=7,y=3)]},orientation=ShardOrientation::ROW_MAJOR,shard_distribution_strategy=ShardDistributionStrategy::GRID_2D),created_with_nd_shard_spec=0) and provided MemoryConfig(memory_layout=TensorMemoryLayout::BLOCK_SHARDED,buffer_type=BufferType::L1,shard_spec=ShardSpec(grid={[(x=0,y=0) - (x=7,y=7)]},shape={32, 160},orientation=ShardOrientation::ROW_MAJOR),nd_shard_spec=std::nullopt,created_with_nd_shard_spec=0) mem config. Using computed config. (matmul_op.cpp:1674)
2026-05-29 08:16:19.948 | INFO     | models.demos.wormhole.stable_diffusion.tt.ttnn_functional_unet_2d_condition_model_new_conv:__call__:491 - Up block 0
2026-05-29 08:16:19.949 | INFO     | models.demos.wormhole.stable_diffusion.tt.ttnn_functional_unet_2d_condition_model_new_conv:__call__:491 - Up block 1
2026-05-29 08:16:19.954 | INFO     | models.demos.wormhole.stable_diffusion.tt.ttnn_functional_unet_2d_condition_model_new_conv:__call__:491 - Up block 2
2026-05-29 08:16:19.962 | INFO     | models.demos.wormhole.stable_diffusion.tt.ttnn_functional_unet_2d_condition_model_new_conv:__call__:491 - Up block 3
2026-05-29 08:16:19.982 | INFO     | models.demos.wormhole.stable_diffusion.tt.ttnn_functional_unet_2d_condition_model_new_conv:__call__:406 - Down block 0
2026-05-29 08:16:19.988 | info     |              Op | act_block_h_override 2 is not a valid override for padded_output_height_ntiles_per_core 7, instead 1 was selected as closest valid option! (conv2d_utils.cpp:401)
2026-05-29 08:16:19.988 | INFO     | models.demos.wormhole.stable_diffusion.tt.ttnn_functional_unet_2d_condition_model_new_conv:__call__:406 - Down block 1
2026-05-29 08:16:19.994 | INFO     | models.demos.wormhole.stable_diffusion.tt.ttnn_functional_unet_2d_condition_model_new_conv:__call__:406 - Down block 2
2026-05-29 08:16:19.997 | INFO     | models.demos.wormhole.stable_diffusion.tt.ttnn_functional_unet_2d_condition_model_new_conv:__call__:406 - Down block 3
2026-05-29 08:16:19.998 | INFO     | models.demos.wormhole.stable_diffusion.tt.ttnn_functional_unet_2d_condition_model_new_conv:__call__:460 - Mid block
2026-05-29 08:16:19.998 | warning  |              Op | Mismatch between computed MemoryConfig(memory_layout=TensorMemoryLayout::BLOCK_SHARDED,buffer_type=BufferType::L1,shard_spec=ShardSpec(grid={[(x=0,y=0) - (x=7,y=3)]},shape={32, 160},orientation=ShardOrientation::ROW_MAJOR),nd_shard_spec=NdShardSpec(shard_shape=Shape([32, 160]),grid={[(x=0,y=0) - (x=7,y=3)]},orientation=ShardOrientation::ROW_MAJOR,shard_distribution_strategy=ShardDistributionStrategy::GRID_2D),created_with_nd_shard_spec=0) and provided MemoryConfig(memory_layout=TensorMemoryLayout::BLOCK_SHARDED,buffer_type=BufferType::L1,shard_spec=ShardSpec(grid={[(x=0,y=0) - (x=7,y=7)]},shape={32, 160},orientation=ShardOrientation::ROW_MAJOR),nd_shard_spec=std::nullopt,created_with_nd_shard_spec=0) mem config. Using computed config. (matmul_op.cpp:1674)
2026-05-29 08:16:20.000 | INFO     | models.demos.wormhole.stable_diffusion.tt.ttnn_functional_unet_2d_condition_model_new_conv:__call__:491 - Up block 0
2026-05-29 08:16:20.001 | INFO     | models.demos.wormhole.stable_diffusion.tt.ttnn_functional_unet_2d_condition_model_new_conv:__call__:491 - Up block 1
2026-05-29 08:16:20.006 | INFO     | models.demos.wormhole.stable_diffusion.tt.ttnn_functional_unet_2d_condition_model_new_conv:__call__:491 - Up block 2
2026-05-29 08:16:20.014 | INFO     | models.demos.wormhole.stable_diffusion.tt.ttnn_functional_unet_2d_condition_model_new_conv:__call__:491 - Up block 3
2026-05-29 08:16:20.034 | INFO     | models.demos.wormhole.stable_diffusion.tt.ttnn_functional_unet_2d_condition_model_new_conv:__call__:406 - Down block 0
2026-05-29 08:16:20.040 | info     |              Op | act_block_h_override 2 is not a valid override for padded_output_height_ntiles_per_core 7, instead 1 was selected as closest valid option! (conv2d_utils.cpp:401)
2026-05-29 08:16:20.040 | INFO     | models.demos.wormhole.stable_diffusion.tt.ttnn_functional_unet_2d_condition_model_new_conv:__call__:406 - Down block 1
2026-05-29 08:16:20.045 | INFO     | models.demos.wormhole.stable_diffusion.tt.ttnn_functional_unet_2d_condition_model_new_conv:__call__:406 - Down block 2
2026-05-29 08:16:20.049 | INFO     | models.demos.wormhole.stable_diffusion.tt.ttnn_functional_unet_2d_condition_model_new_conv:__call__:406 - Down block 3
2026-05-29 08:16:20.049 | INFO     | models.demos.wormhole.stable_diffusion.tt.ttnn_functional_unet_2d_condition_model_new_conv:__call__:460 - Mid block
2026-05-29 08:16:20.050 | warning  |              Op | Mismatch between computed MemoryConfig(memory_layout=TensorMemoryLayout::BLOCK_SHARDED,buffer_type=BufferType::L1,shard_spec=ShardSpec(grid={[(x=0,y=0) - (x=7,y=3)]},shape={32, 160},orientation=ShardOrientation::ROW_MAJOR),nd_shard_spec=NdShardSpec(shard_shape=Shape([32, 160]),grid={[(x=0,y=0) - (x=7,y=3)]},orientation=ShardOrientation::ROW_MAJOR,shard_distribution_strategy=ShardDistributionStrategy::GRID_2D),created_with_nd_shard_spec=0) and provided MemoryConfig(memory_layout=TensorMemoryLayout::BLOCK_SHARDED,buffer_type=BufferType::L1,shard_spec=ShardSpec(grid={[(x=0,y=0) - (x=7,y=7)]},shape={32, 160},orientation=ShardOrientation::ROW_MAJOR),nd_shard_spec=std::nullopt,created_with_nd_shard_spec=0) mem config. Using computed config. (matmul_op.cpp:1674)
2026-05-29 08:16:20.051 | INFO     | models.demos.wormhole.stable_diffusion.tt.ttnn_functional_unet_2d_condition_model_new_conv:__call__:491 - Up block 0
2026-05-29 08:16:20.052 | INFO     | models.demos.wormhole.stable_diffusion.tt.ttnn_functional_unet_2d_condition_model_new_conv:__call__:491 - Up block 1
2026-05-29 08:16:20.057 | INFO     | models.demos.wormhole.stable_diffusion.tt.ttnn_functional_unet_2d_condition_model_new_conv:__call__:491 - Up block 2
2026-05-29 08:16:20.065 | INFO     | models.demos.wormhole.stable_diffusion.tt.ttnn_functional_unet_2d_condition_model_new_conv:__call__:491 - Up block 3
2026-05-29 08:16:20.086 | INFO     | models.demos.wormhole.stable_diffusion.tt.ttnn_functional_unet_2d_condition_model_new_conv:__call__:406 - Down block 0
2026-05-29 08:16:20.092 | info     |              Op | act_block_h_override 2 is not a valid override for padded_output_height_ntiles_per_core 7, instead 1 was selected as closest valid option! (conv2d_utils.cpp:401)
2026-05-29 08:16:20.092 | INFO     | models.demos.wormhole.stable_diffusion.tt.ttnn_functional_unet_2d_condition_model_new_conv:__call__:406 - Down block 1
2026-05-29 08:16:20.097 | INFO     | models.demos.wormhole.stable_diffusion.tt.ttnn_functional_unet_2d_condition_model_new_conv:__call__:406 - Down block 2
2026-05-29 08:16:20.101 | INFO     | models.demos.wormhole.stable_diffusion.tt.ttnn_functional_unet_2d_condition_model_new_conv:__call__:406 - Down block 3
2026-05-29 08:16:20.102 | INFO     | models.demos.wormhole.stable_diffusion.tt.ttnn_functional_unet_2d_condition_model_new_conv:__call__:460 - Mid block
2026-05-29 08:16:20.102 | warning  |              Op | Mismatch between computed MemoryConfig(memory_layout=TensorMemoryLayout::BLOCK_SHARDED,buffer_type=BufferType::L1,shard_spec=ShardSpec(grid={[(x=0,y=0) - (x=7,y=3)]},shape={32, 160},orientation=ShardOrientation::ROW_MAJOR),nd_shard_spec=NdShardSpec(shard_shape=Shape([32, 160]),grid={[(x=0,y=0) - (x=7,y=3)]},orientation=ShardOrientation::ROW_MAJOR,shard_distribution_strategy=ShardDistributionStrategy::GRID_2D),created_with_nd_shard_spec=0) and provided MemoryConfig(memory_layout=TensorMemoryLayout::BLOCK_SHARDED,buffer_type=BufferType::L1,shard_spec=ShardSpec(grid={[(x=0,y=0) - (x=7,y=7)]},shape={32, 160},orientation=ShardOrientation::ROW_MAJOR),nd_shard_spec=std::nullopt,created_with_nd_shard_spec=0) mem config. Using computed config. (matmul_op.cpp:1674)
2026-05-29 08:16:20.104 | INFO     | models.demos.wormhole.stable_diffusion.tt.ttnn_functional_unet_2d_condition_model_new_conv:__call__:491 - Up block 0
2026-05-29 08:16:20.105 | INFO     | models.demos.wormhole.stable_diffusion.tt.ttnn_functional_unet_2d_condition_model_new_conv:__call__:491 - Up block 1
2026-05-29 08:16:20.110 | INFO     | models.demos.wormhole.stable_diffusion.tt.ttnn_functional_unet_2d_condition_model_new_conv:__call__:491 - Up block 2
2026-05-29 08:16:20.118 | INFO     | models.demos.wormhole.stable_diffusion.tt.ttnn_functional_unet_2d_condition_model_new_conv:__call__:491 - Up block 3
2026-05-29 08:16:20.138 | INFO     | models.demos.wormhole.stable_diffusion.tt.ttnn_functional_unet_2d_condition_model_new_conv:__call__:406 - Down block 0
2026-05-29 08:16:20.144 | info     |              Op | act_block_h_override 2 is not a valid override for padded_output_height_ntiles_per_core 7, instead 1 was selected as closest valid option! (conv2d_utils.cpp:401)
2026-05-29 08:16:20.144 | INFO     | models.demos.wormhole.stable_diffusion.tt.ttnn_functional_unet_2d_condition_model_new_conv:__call__:406 - Down block 1
2026-05-29 08:16:20.149 | INFO     | models.demos.wormhole.stable_diffusion.tt.ttnn_functional_unet_2d_condition_model_new_conv:__call__:406 - Down block 2
2026-05-29 08:16:20.153 | INFO     | models.demos.wormhole.stable_diffusion.tt.ttnn_functional_unet_2d_condition_model_new_conv:__call__:406 - Down block 3
2026-05-29 08:16:20.153 | INFO     | models.demos.wormhole.stable_diffusion.tt.ttnn_functional_unet_2d_condition_model_new_conv:__call__:460 - Mid block
2026-05-29 08:16:20.154 | warning  |              Op | Mismatch between computed MemoryConfig(memory_layout=TensorMemoryLayout::BLOCK_SHARDED,buffer_type=BufferType::L1,shard_spec=ShardSpec(grid={[(x=0,y=0) - (x=7,y=3)]},shape={32, 160},orientation=ShardOrientation::ROW_MAJOR),nd_shard_spec=NdShardSpec(shard_shape=Shape([32, 160]),grid={[(x=0,y=0) - (x=7,y=3)]},orientation=ShardOrientation::ROW_MAJOR,shard_distribution_strategy=ShardDistributionStrategy::GRID_2D),created_with_nd_shard_spec=0) and provided MemoryConfig(memory_layout=TensorMemoryLayout::BLOCK_SHARDED,buffer_type=BufferType::L1,shard_spec=ShardSpec(grid={[(x=0,y=0) - (x=7,y=7)]},shape={32, 160},orientation=ShardOrientation::ROW_MAJOR),nd_shard_spec=std::nullopt,created_with_nd_shard_spec=0) mem config. Using computed config. (matmul_op.cpp:1674)
2026-05-29 08:16:20.155 | INFO     | models.demos.wormhole.stable_diffusion.tt.ttnn_functional_unet_2d_condition_model_new_conv:__call__:491 - Up block 0
2026-05-29 08:16:20.156 | INFO     | models.demos.wormhole.stable_diffusion.tt.ttnn_functional_unet_2d_condition_model_new_conv:__call__:491 - Up block 1
2026-05-29 08:16:20.161 | INFO     | models.demos.wormhole.stable_diffusion.tt.ttnn_functional_unet_2d_condition_model_new_conv:__call__:491 - Up block 2
2026-05-29 08:16:20.169 | INFO     | models.demos.wormhole.stable_diffusion.tt.ttnn_functional_unet_2d_condition_model_new_conv:__call__:491 - Up block 3
2026-05-29 08:16:20.190 | INFO     | models.demos.wormhole.stable_diffusion.tt.ttnn_functional_unet_2d_condition_model_new_conv:__call__:406 - Down block 0
2026-05-29 08:16:20.196 | info     |              Op | act_block_h_override 2 is not a valid override for padded_output_height_ntiles_per_core 7, instead 1 was selected as closest valid option! (conv2d_utils.cpp:401)
2026-05-29 08:16:20.196 | INFO     | models.demos.wormhole.stable_diffusion.tt.ttnn_functional_unet_2d_condition_model_new_conv:__call__:406 - Down block 1
2026-05-29 08:16:20.201 | INFO     | models.demos.wormhole.stable_diffusion.tt.ttnn_functional_unet_2d_condition_model_new_conv:__call__:406 - Down block 2
2026-05-29 08:16:20.204 | INFO     | models.demos.wormhole.stable_diffusion.tt.ttnn_functional_unet_2d_condition_model_new_conv:__call__:406 - Down block 3
2026-05-29 08:16:20.205 | INFO     | models.demos.wormhole.stable_diffusion.tt.ttnn_functional_unet_2d_condition_model_new_conv:__call__:460 - Mid block
2026-05-29 08:16:20.205 | warning  |              Op | Mismatch between computed MemoryConfig(memory_layout=TensorMemoryLayout::BLOCK_SHARDED,buffer_type=BufferType::L1,shard_spec=ShardSpec(grid={[(x=0,y=0) - (x=7,y=3)]},shape={32, 160},orientation=ShardOrientation::ROW_MAJOR),nd_shard_spec=NdShardSpec(shard_shape=Shape([32, 160]),grid={[(x=0,y=0) - (x=7,y=3)]},orientation=ShardOrientation::ROW_MAJOR,shard_distribution_strategy=ShardDistributionStrategy::GRID_2D),created_with_nd_shard_spec=0) and provided MemoryConfig(memory_layout=TensorMemoryLayout::BLOCK_SHARDED,buffer_type=BufferType::L1,shard_spec=ShardSpec(grid={[(x=0,y=0) - (x=7,y=7)]},shape={32, 160},orientation=ShardOrientation::ROW_MAJOR),nd_shard_spec=std::nullopt,created_with_nd_shard_spec=0) mem config. Using computed config. (matmul_op.cpp:1674)
2026-05-29 08:16:20.207 | INFO     | models.demos.wormhole.stable_diffusion.tt.ttnn_functional_unet_2d_condition_model_new_conv:__call__:491 - Up block 0
2026-05-29 08:16:20.208 | INFO     | models.demos.wormhole.stable_diffusion.tt.ttnn_functional_unet_2d_condition_model_new_conv:__call__:491 - Up block 1
2026-05-29 08:16:20.213 | INFO     | models.demos.wormhole.stable_diffusion.tt.ttnn_functional_unet_2d_condition_model_new_conv:__call__:491 - Up block 2
2026-05-29 08:16:20.221 | INFO     | models.demos.wormhole.stable_diffusion.tt.ttnn_functional_unet_2d_condition_model_new_conv:__call__:491 - Up block 3
2026-05-29 08:16:20.242 | INFO     | models.demos.wormhole.stable_diffusion.tt.ttnn_functional_unet_2d_condition_model_new_conv:__call__:406 - Down block 0
2026-05-29 08:16:20.248 | info     |              Op | act_block_h_override 2 is not a valid override for padded_output_height_ntiles_per_core 7, instead 1 was selected as closest valid option! (conv2d_utils.cpp:401)
2026-05-29 08:16:20.248 | INFO     | models.demos.wormhole.stable_diffusion.tt.ttnn_functional_unet_2d_condition_model_new_conv:__call__:406 - Down block 1
2026-05-29 08:16:20.253 | INFO     | models.demos.wormhole.stable_diffusion.tt.ttnn_functional_unet_2d_condition_model_new_conv:__call__:406 - Down block 2
2026-05-29 08:16:20.257 | INFO     | models.demos.wormhole.stable_diffusion.tt.ttnn_functional_unet_2d_condition_model_new_conv:__call__:406 - Down block 3
2026-05-29 08:16:20.258 | INFO     | models.demos.wormhole.stable_diffusion.tt.ttnn_functional_unet_2d_condition_model_new_conv:__call__:460 - Mid block
2026-05-29 08:16:20.258 | warning  |              Op | Mismatch between computed MemoryConfig(memory_layout=TensorMemoryLayout::BLOCK_SHARDED,buffer_type=BufferType::L1,shard_spec=ShardSpec(grid={[(x=0,y=0) - (x=7,y=3)]},shape={32, 160},orientation=ShardOrientation::ROW_MAJOR),nd_shard_spec=NdShardSpec(shard_shape=Shape([32, 160]),grid={[(x=0,y=0) - (x=7,y=3)]},orientation=ShardOrientation::ROW_MAJOR,shard_distribution_strategy=ShardDistributionStrategy::GRID_2D),created_with_nd_shard_spec=0) and provided MemoryConfig(memory_layout=TensorMemoryLayout::BLOCK_SHARDED,buffer_type=BufferType::L1,shard_spec=ShardSpec(grid={[(x=0,y=0) - (x=7,y=7)]},shape={32, 160},orientation=ShardOrientation::ROW_MAJOR),nd_shard_spec=std::nullopt,created_with_nd_shard_spec=0) mem config. Using computed config. (matmul_op.cpp:1674)
2026-05-29 08:16:20.259 | INFO     | models.demos.wormhole.stable_diffusion.tt.ttnn_functional_unet_2d_condition_model_new_conv:__call__:491 - Up block 0
2026-05-29 08:16:20.261 | INFO     | models.demos.wormhole.stable_diffusion.tt.ttnn_functional_unet_2d_condition_model_new_conv:__call__:491 - Up block 1
2026-05-29 08:16:20.266 | INFO     | models.demos.wormhole.stable_diffusion.tt.ttnn_functional_unet_2d_condition_model_new_conv:__call__:491 - Up block 2
2026-05-29 08:16:20.274 | INFO     | models.demos.wormhole.stable_diffusion.tt.ttnn_functional_unet_2d_condition_model_new_conv:__call__:491 - Up block 3
2026-05-29 08:16:20.294 | INFO     | models.demos.wormhole.stable_diffusion.tt.ttnn_functional_unet_2d_condition_model_new_conv:__call__:406 - Down block 0
2026-05-29 08:16:20.299 | info     |              Op | act_block_h_override 2 is not a valid override for padded_output_height_ntiles_per_core 7, instead 1 was selected as closest valid option! (conv2d_utils.cpp:401)
2026-05-29 08:16:20.300 | INFO     | models.demos.wormhole.stable_diffusion.tt.ttnn_functional_unet_2d_condition_model_new_conv:__call__:406 - Down block 1
2026-05-29 08:16:20.305 | INFO     | models.demos.wormhole.stable_diffusion.tt.ttnn_functional_unet_2d_condition_model_new_conv:__call__:406 - Down block 2
2026-05-29 08:16:20.308 | INFO     | models.demos.wormhole.stable_diffusion.tt.ttnn_functional_unet_2d_condition_model_new_conv:__call__:406 - Down block 3
2026-05-29 08:16:20.309 | INFO     | models.demos.wormhole.stable_diffusion.tt.ttnn_functional_unet_2d_condition_model_new_conv:__call__:460 - Mid block
2026-05-29 08:16:20.310 | warning  |              Op | Mismatch between computed MemoryConfig(memory_layout=TensorMemoryLayout::BLOCK_SHARDED,buffer_type=BufferType::L1,shard_spec=ShardSpec(grid={[(x=0,y=0) - (x=7,y=3)]},shape={32, 160},orientation=ShardOrientation::ROW_MAJOR),nd_shard_spec=NdShardSpec(shard_shape=Shape([32, 160]),grid={[(x=0,y=0) - (x=7,y=3)]},orientation=ShardOrientation::ROW_MAJOR,shard_distribution_strategy=ShardDistributionStrategy::GRID_2D),created_with_nd_shard_spec=0) and provided MemoryConfig(memory_layout=TensorMemoryLayout::BLOCK_SHARDED,buffer_type=BufferType::L1,shard_spec=ShardSpec(grid={[(x=0,y=0) - (x=7,y=7)]},shape={32, 160},orientation=ShardOrientation::ROW_MAJOR),nd_shard_spec=std::nullopt,created_with_nd_shard_spec=0) mem config. Using computed config. (matmul_op.cpp:1674)
2026-05-29 08:16:20.311 | INFO     | models.demos.wormhole.stable_diffusion.tt.ttnn_functional_unet_2d_condition_model_new_conv:__call__:491 - Up block 0
2026-05-29 08:16:20.312 | INFO     | models.demos.wormhole.stable_diffusion.tt.ttnn_functional_unet_2d_condition_model_new_conv:__call__:491 - Up block 1
2026-05-29 08:16:20.317 | INFO     | models.demos.wormhole.stable_diffusion.tt.ttnn_functional_unet_2d_condition_model_new_conv:__call__:491 - Up block 2
2026-05-29 08:16:20.325 | INFO     | models.demos.wormhole.stable_diffusion.tt.ttnn_functional_unet_2d_condition_model_new_conv:__call__:491 - Up block 3
  Step 18/41
2026-05-29 08:16:20.348 | INFO     | models.demos.wormhole.stable_diffusion.tt.ttnn_functional_unet_2d_condition_model_new_conv:__call__:406 - Down block 0
2026-05-29 08:16:20.354 | info     |              Op | act_block_h_override 2 is not a valid override for padded_output_height_ntiles_per_core 7, instead 1 was selected as closest valid option! (conv2d_utils.cpp:401)
2026-05-29 08:16:20.354 | INFO     | models.demos.wormhole.stable_diffusion.tt.ttnn_functional_unet_2d_condition_model_new_conv:__call__:406 - Down block 1
2026-05-29 08:16:20.360 | INFO     | models.demos.wormhole.stable_diffusion.tt.ttnn_functional_unet_2d_condition_model_new_conv:__call__:406 - Down block 2
2026-05-29 08:16:20.363 | INFO     | models.demos.wormhole.stable_diffusion.tt.ttnn_functional_unet_2d_condition_model_new_conv:__call__:406 - Down block 3
2026-05-29 08:16:20.364 | INFO     | models.demos.wormhole.stable_diffusion.tt.ttnn_functional_unet_2d_condition_model_new_conv:__call__:460 - Mid block
2026-05-29 08:16:20.364 | warning  |              Op | Mismatch between computed MemoryConfig(memory_layout=TensorMemoryLayout::BLOCK_SHARDED,buffer_type=BufferType::L1,shard_spec=ShardSpec(grid={[(x=0,y=0) - (x=7,y=3)]},shape={32, 160},orientation=ShardOrientation::ROW_MAJOR),nd_shard_spec=NdShardSpec(shard_shape=Shape([32, 160]),grid={[(x=0,y=0) - (x=7,y=3)]},orientation=ShardOrientation::ROW_MAJOR,shard_distribution_strategy=ShardDistributionStrategy::GRID_2D),created_with_nd_shard_spec=0) and provided MemoryConfig(memory_layout=TensorMemoryLayout::BLOCK_SHARDED,buffer_type=BufferType::L1,shard_spec=ShardSpec(grid={[(x=0,y=0) - (x=7,y=7)]},shape={32, 160},orientation=ShardOrientation::ROW_MAJOR),nd_shard_spec=std::nullopt,created_with_nd_shard_spec=0) mem config. Using computed config. (matmul_op.cpp:1674)
2026-05-29 08:16:20.366 | INFO     | models.demos.wormhole.stable_diffusion.tt.ttnn_functional_unet_2d_condition_model_new_conv:__call__:491 - Up block 0
2026-05-29 08:16:20.367 | INFO     | models.demos.wormhole.stable_diffusion.tt.ttnn_functional_unet_2d_condition_model_new_conv:__call__:491 - Up block 1
2026-05-29 08:16:20.372 | INFO     | models.demos.wormhole.stable_diffusion.tt.ttnn_functional_unet_2d_condition_model_new_conv:__call__:491 - Up block 2
2026-05-29 08:16:20.380 | INFO     | models.demos.wormhole.stable_diffusion.tt.ttnn_functional_unet_2d_condition_model_new_conv:__call__:491 - Up block 3
2026-05-29 08:16:20.400 | INFO     | models.demos.wormhole.stable_diffusion.tt.ttnn_functional_unet_2d_condition_model_new_conv:__call__:406 - Down block 0
2026-05-29 08:16:20.406 | info     |              Op | act_block_h_override 2 is not a valid override for padded_output_height_ntiles_per_core 7, instead 1 was selected as closest valid option! (conv2d_utils.cpp:401)
2026-05-29 08:16:20.406 | INFO     | models.demos.wormhole.stable_diffusion.tt.ttnn_functional_unet_2d_condition_model_new_conv:__call__:406 - Down block 1
2026-05-29 08:16:20.412 | INFO     | models.demos.wormhole.stable_diffusion.tt.ttnn_functional_unet_2d_condition_model_new_conv:__call__:406 - Down block 2
2026-05-29 08:16:20.415 | INFO     | models.demos.wormhole.stable_diffusion.tt.ttnn_functional_unet_2d_condition_model_new_conv:__call__:406 - Down block 3
2026-05-29 08:16:20.416 | INFO     | models.demos.wormhole.stable_diffusion.tt.ttnn_functional_unet_2d_condition_model_new_conv:__call__:460 - Mid block
2026-05-29 08:16:20.416 | warning  |              Op | Mismatch between computed MemoryConfig(memory_layout=TensorMemoryLayout::BLOCK_SHARDED,buffer_type=BufferType::L1,shard_spec=ShardSpec(grid={[(x=0,y=0) - (x=7,y=3)]},shape={32, 160},orientation=ShardOrientation::ROW_MAJOR),nd_shard_spec=NdShardSpec(shard_shape=Shape([32, 160]),grid={[(x=0,y=0) - (x=7,y=3)]},orientation=ShardOrientation::ROW_MAJOR,shard_distribution_strategy=ShardDistributionStrategy::GRID_2D),created_with_nd_shard_spec=0) and provided MemoryConfig(memory_layout=TensorMemoryLayout::BLOCK_SHARDED,buffer_type=BufferType::L1,shard_spec=ShardSpec(grid={[(x=0,y=0) - (x=7,y=7)]},shape={32, 160},orientation=ShardOrientation::ROW_MAJOR),nd_shard_spec=std::nullopt,created_with_nd_shard_spec=0) mem config. Using computed config. (matmul_op.cpp:1674)
2026-05-29 08:16:20.418 | INFO     | models.demos.wormhole.stable_diffusion.tt.ttnn_functional_unet_2d_condition_model_new_conv:__call__:491 - Up block 0
2026-05-29 08:16:20.419 | INFO     | models.demos.wormhole.stable_diffusion.tt.ttnn_functional_unet_2d_condition_model_new_conv:__call__:491 - Up block 1
2026-05-29 08:16:20.424 | INFO     | models.demos.wormhole.stable_diffusion.tt.ttnn_functional_unet_2d_condition_model_new_conv:__call__:491 - Up block 2
2026-05-29 08:16:20.432 | INFO     | models.demos.wormhole.stable_diffusion.tt.ttnn_functional_unet_2d_condition_model_new_conv:__call__:491 - Up block 3
2026-05-29 08:16:20.452 | INFO     | models.demos.wormhole.stable_diffusion.tt.ttnn_functional_unet_2d_condition_model_new_conv:__call__:406 - Down block 0
2026-05-29 08:16:20.458 | info     |              Op | act_block_h_override 2 is not a valid override for padded_output_height_ntiles_per_core 7, instead 1 was selected as closest valid option! (conv2d_utils.cpp:401)
2026-05-29 08:16:20.458 | INFO     | models.demos.wormhole.stable_diffusion.tt.ttnn_functional_unet_2d_condition_model_new_conv:__call__:406 - Down block 1
2026-05-29 08:16:20.464 | INFO     | models.demos.wormhole.stable_diffusion.tt.ttnn_functional_unet_2d_condition_model_new_conv:__call__:406 - Down block 2
2026-05-29 08:16:20.467 | INFO     | models.demos.wormhole.stable_diffusion.tt.ttnn_functional_unet_2d_condition_model_new_conv:__call__:406 - Down block 3
2026-05-29 08:16:20.468 | INFO     | models.demos.wormhole.stable_diffusion.tt.ttnn_functional_unet_2d_condition_model_new_conv:__call__:460 - Mid block
2026-05-29 08:16:20.468 | warning  |              Op | Mismatch between computed MemoryConfig(memory_layout=TensorMemoryLayout::BLOCK_SHARDED,buffer_type=BufferType::L1,shard_spec=ShardSpec(grid={[(x=0,y=0) - (x=7,y=3)]},shape={32, 160},orientation=ShardOrientation::ROW_MAJOR),nd_shard_spec=NdShardSpec(shard_shape=Shape([32, 160]),grid={[(x=0,y=0) - (x=7,y=3)]},orientation=ShardOrientation::ROW_MAJOR,shard_distribution_strategy=ShardDistributionStrategy::GRID_2D),created_with_nd_shard_spec=0) and provided MemoryConfig(memory_layout=TensorMemoryLayout::BLOCK_SHARDED,buffer_type=BufferType::L1,shard_spec=ShardSpec(grid={[(x=0,y=0) - (x=7,y=7)]},shape={32, 160},orientation=ShardOrientation::ROW_MAJOR),nd_shard_spec=std::nullopt,created_with_nd_shard_spec=0) mem config. Using computed config. (matmul_op.cpp:1674)
2026-05-29 08:16:20.469 | INFO     | models.demos.wormhole.stable_diffusion.tt.ttnn_functional_unet_2d_condition_model_new_conv:__call__:491 - Up block 0
2026-05-29 08:16:20.471 | INFO     | models.demos.wormhole.stable_diffusion.tt.ttnn_functional_unet_2d_condition_model_new_conv:__call__:491 - Up block 1
2026-05-29 08:16:20.476 | INFO     | models.demos.wormhole.stable_diffusion.tt.ttnn_functional_unet_2d_condition_model_new_conv:__call__:491 - Up block 2
2026-05-29 08:16:20.484 | INFO     | models.demos.wormhole.stable_diffusion.tt.ttnn_functional_unet_2d_condition_model_new_conv:__call__:491 - Up block 3
2026-05-29 08:16:20.504 | INFO     | models.demos.wormhole.stable_diffusion.tt.ttnn_functional_unet_2d_condition_model_new_conv:__call__:406 - Down block 0
2026-05-29 08:16:20.510 | info     |              Op | act_block_h_override 2 is not a valid override for padded_output_height_ntiles_per_core 7, instead 1 was selected as closest valid option! (conv2d_utils.cpp:401)
2026-05-29 08:16:20.510 | INFO     | models.demos.wormhole.stable_diffusion.tt.ttnn_functional_unet_2d_condition_model_new_conv:__call__:406 - Down block 1
2026-05-29 08:16:20.516 | INFO     | models.demos.wormhole.stable_diffusion.tt.ttnn_functional_unet_2d_condition_model_new_conv:__call__:406 - Down block 2
2026-05-29 08:16:20.519 | INFO     | models.demos.wormhole.stable_diffusion.tt.ttnn_functional_unet_2d_condition_model_new_conv:__call__:406 - Down block 3
2026-05-29 08:16:20.520 | INFO     | models.demos.wormhole.stable_diffusion.tt.ttnn_functional_unet_2d_condition_model_new_conv:__call__:460 - Mid block
2026-05-29 08:16:20.521 | warning  |              Op | Mismatch between computed MemoryConfig(memory_layout=TensorMemoryLayout::BLOCK_SHARDED,buffer_type=BufferType::L1,shard_spec=ShardSpec(grid={[(x=0,y=0) - (x=7,y=3)]},shape={32, 160},orientation=ShardOrientation::ROW_MAJOR),nd_shard_spec=NdShardSpec(shard_shape=Shape([32, 160]),grid={[(x=0,y=0) - (x=7,y=3)]},orientation=ShardOrientation::ROW_MAJOR,shard_distribution_strategy=ShardDistributionStrategy::GRID_2D),created_with_nd_shard_spec=0) and provided MemoryConfig(memory_layout=TensorMemoryLayout::BLOCK_SHARDED,buffer_type=BufferType::L1,shard_spec=ShardSpec(grid={[(x=0,y=0) - (x=7,y=7)]},shape={32, 160},orientation=ShardOrientation::ROW_MAJOR),nd_shard_spec=std::nullopt,created_with_nd_shard_spec=0) mem config. Using computed config. (matmul_op.cpp:1674)
2026-05-29 08:16:20.522 | INFO     | models.demos.wormhole.stable_diffusion.tt.ttnn_functional_unet_2d_condition_model_new_conv:__call__:491 - Up block 0
2026-05-29 08:16:20.523 | INFO     | models.demos.wormhole.stable_diffusion.tt.ttnn_functional_unet_2d_condition_model_new_conv:__call__:491 - Up block 1
2026-05-29 08:16:20.528 | INFO     | models.demos.wormhole.stable_diffusion.tt.ttnn_functional_unet_2d_condition_model_new_conv:__call__:491 - Up block 2
2026-05-29 08:16:20.536 | INFO     | models.demos.wormhole.stable_diffusion.tt.ttnn_functional_unet_2d_condition_model_new_conv:__call__:491 - Up block 3
2026-05-29 08:16:20.556 | INFO     | models.demos.wormhole.stable_diffusion.tt.ttnn_functional_unet_2d_condition_model_new_conv:__call__:406 - Down block 0
2026-05-29 08:16:20.562 | info     |              Op | act_block_h_override 2 is not a valid override for padded_output_height_ntiles_per_core 7, instead 1 was selected as closest valid option! (conv2d_utils.cpp:401)
2026-05-29 08:16:20.562 | INFO     | models.demos.wormhole.stable_diffusion.tt.ttnn_functional_unet_2d_condition_model_new_conv:__call__:406 - Down block 1
2026-05-29 08:16:20.567 | INFO     | models.demos.wormhole.stable_diffusion.tt.ttnn_functional_unet_2d_condition_model_new_conv:__call__:406 - Down block 2
2026-05-29 08:16:20.571 | INFO     | models.demos.wormhole.stable_diffusion.tt.ttnn_functional_unet_2d_condition_model_new_conv:__call__:406 - Down block 3
2026-05-29 08:16:20.571 | INFO     | models.demos.wormhole.stable_diffusion.tt.ttnn_functional_unet_2d_condition_model_new_conv:__call__:460 - Mid block
2026-05-29 08:16:20.572 | warning  |              Op | Mismatch between computed MemoryConfig(memory_layout=TensorMemoryLayout::BLOCK_SHARDED,buffer_type=BufferType::L1,shard_spec=ShardSpec(grid={[(x=0,y=0) - (x=7,y=3)]},shape={32, 160},orientation=ShardOrientation::ROW_MAJOR),nd_shard_spec=NdShardSpec(shard_shape=Shape([32, 160]),grid={[(x=0,y=0) - (x=7,y=3)]},orientation=ShardOrientation::ROW_MAJOR,shard_distribution_strategy=ShardDistributionStrategy::GRID_2D),created_with_nd_shard_spec=0) and provided MemoryConfig(memory_layout=TensorMemoryLayout::BLOCK_SHARDED,buffer_type=BufferType::L1,shard_spec=ShardSpec(grid={[(x=0,y=0) - (x=7,y=7)]},shape={32, 160},orientation=ShardOrientation::ROW_MAJOR),nd_shard_spec=std::nullopt,created_with_nd_shard_spec=0) mem config. Using computed config. (matmul_op.cpp:1674)
2026-05-29 08:16:20.573 | INFO     | models.demos.wormhole.stable_diffusion.tt.ttnn_functional_unet_2d_condition_model_new_conv:__call__:491 - Up block 0
2026-05-29 08:16:20.574 | INFO     | models.demos.wormhole.stable_diffusion.tt.ttnn_functional_unet_2d_condition_model_new_conv:__call__:491 - Up block 1
2026-05-29 08:16:20.579 | INFO     | models.demos.wormhole.stable_diffusion.tt.ttnn_functional_unet_2d_condition_model_new_conv:__call__:491 - Up block 2
2026-05-29 08:16:20.587 | INFO     | models.demos.wormhole.stable_diffusion.tt.ttnn_functional_unet_2d_condition_model_new_conv:__call__:491 - Up block 3
2026-05-29 08:16:20.609 | INFO     | models.demos.wormhole.stable_diffusion.tt.ttnn_functional_unet_2d_condition_model_new_conv:__call__:406 - Down block 0
2026-05-29 08:16:20.614 | info     |              Op | act_block_h_override 2 is not a valid override for padded_output_height_ntiles_per_core 7, instead 1 was selected as closest valid option! (conv2d_utils.cpp:401)
2026-05-29 08:16:20.615 | INFO     | models.demos.wormhole.stable_diffusion.tt.ttnn_functional_unet_2d_condition_model_new_conv:__call__:406 - Down block 1
2026-05-29 08:16:20.620 | INFO     | models.demos.wormhole.stable_diffusion.tt.ttnn_functional_unet_2d_condition_model_new_conv:__call__:406 - Down block 2
2026-05-29 08:16:20.623 | INFO     | models.demos.wormhole.stable_diffusion.tt.ttnn_functional_unet_2d_condition_model_new_conv:__call__:406 - Down block 3
2026-05-29 08:16:20.624 | INFO     | models.demos.wormhole.stable_diffusion.tt.ttnn_functional_unet_2d_condition_model_new_conv:__call__:460 - Mid block
2026-05-29 08:16:20.624 | warning  |              Op | Mismatch between computed MemoryConfig(memory_layout=TensorMemoryLayout::BLOCK_SHARDED,buffer_type=BufferType::L1,shard_spec=ShardSpec(grid={[(x=0,y=0) - (x=7,y=3)]},shape={32, 160},orientation=ShardOrientation::ROW_MAJOR),nd_shard_spec=NdShardSpec(shard_shape=Shape([32, 160]),grid={[(x=0,y=0) - (x=7,y=3)]},orientation=ShardOrientation::ROW_MAJOR,shard_distribution_strategy=ShardDistributionStrategy::GRID_2D),created_with_nd_shard_spec=0) and provided MemoryConfig(memory_layout=TensorMemoryLayout::BLOCK_SHARDED,buffer_type=BufferType::L1,shard_spec=ShardSpec(grid={[(x=0,y=0) - (x=7,y=7)]},shape={32, 160},orientation=ShardOrientation::ROW_MAJOR),nd_shard_spec=std::nullopt,created_with_nd_shard_spec=0) mem config. Using computed config. (matmul_op.cpp:1674)
2026-05-29 08:16:20.626 | INFO     | models.demos.wormhole.stable_diffusion.tt.ttnn_functional_unet_2d_condition_model_new_conv:__call__:491 - Up block 0
2026-05-29 08:16:20.627 | INFO     | models.demos.wormhole.stable_diffusion.tt.ttnn_functional_unet_2d_condition_model_new_conv:__call__:491 - Up block 1
2026-05-29 08:16:20.632 | INFO     | models.demos.wormhole.stable_diffusion.tt.ttnn_functional_unet_2d_condition_model_new_conv:__call__:491 - Up block 2
2026-05-29 08:16:20.640 | INFO     | models.demos.wormhole.stable_diffusion.tt.ttnn_functional_unet_2d_condition_model_new_conv:__call__:491 - Up block 3
2026-05-29 08:16:20.661 | INFO     | models.demos.wormhole.stable_diffusion.tt.ttnn_functional_unet_2d_condition_model_new_conv:__call__:406 - Down block 0
2026-05-29 08:16:20.667 | info     |              Op | act_block_h_override 2 is not a valid override for padded_output_height_ntiles_per_core 7, instead 1 was selected as closest valid option! (conv2d_utils.cpp:401)
2026-05-29 08:16:20.667 | INFO     | models.demos.wormhole.stable_diffusion.tt.ttnn_functional_unet_2d_condition_model_new_conv:__call__:406 - Down block 1
2026-05-29 08:16:20.672 | INFO     | models.demos.wormhole.stable_diffusion.tt.ttnn_functional_unet_2d_condition_model_new_conv:__call__:406 - Down block 2
2026-05-29 08:16:20.675 | INFO     | models.demos.wormhole.stable_diffusion.tt.ttnn_functional_unet_2d_condition_model_new_conv:__call__:406 - Down block 3
2026-05-29 08:16:20.676 | INFO     | models.demos.wormhole.stable_diffusion.tt.ttnn_functional_unet_2d_condition_model_new_conv:__call__:460 - Mid block
2026-05-29 08:16:20.677 | warning  |              Op | Mismatch between computed MemoryConfig(memory_layout=TensorMemoryLayout::BLOCK_SHARDED,buffer_type=BufferType::L1,shard_spec=ShardSpec(grid={[(x=0,y=0) - (x=7,y=3)]},shape={32, 160},orientation=ShardOrientation::ROW_MAJOR),nd_shard_spec=NdShardSpec(shard_shape=Shape([32, 160]),grid={[(x=0,y=0) - (x=7,y=3)]},orientation=ShardOrientation::ROW_MAJOR,shard_distribution_strategy=ShardDistributionStrategy::GRID_2D),created_with_nd_shard_spec=0) and provided MemoryConfig(memory_layout=TensorMemoryLayout::BLOCK_SHARDED,buffer_type=BufferType::L1,shard_spec=ShardSpec(grid={[(x=0,y=0) - (x=7,y=7)]},shape={32, 160},orientation=ShardOrientation::ROW_MAJOR),nd_shard_spec=std::nullopt,created_with_nd_shard_spec=0) mem config. Using computed config. (matmul_op.cpp:1674)
2026-05-29 08:16:20.678 | INFO     | models.demos.wormhole.stable_diffusion.tt.ttnn_functional_unet_2d_condition_model_new_conv:__call__:491 - Up block 0
2026-05-29 08:16:20.679 | INFO     | models.demos.wormhole.stable_diffusion.tt.ttnn_functional_unet_2d_condition_model_new_conv:__call__:491 - Up block 1
2026-05-29 08:16:20.684 | INFO     | models.demos.wormhole.stable_diffusion.tt.ttnn_functional_unet_2d_condition_model_new_conv:__call__:491 - Up block 2
2026-05-29 08:16:20.692 | INFO     | models.demos.wormhole.stable_diffusion.tt.ttnn_functional_unet_2d_condition_model_new_conv:__call__:491 - Up block 3
2026-05-29 08:16:20.713 | INFO     | models.demos.wormhole.stable_diffusion.tt.ttnn_functional_unet_2d_condition_model_new_conv:__call__:406 - Down block 0
2026-05-29 08:16:20.719 | info     |              Op | act_block_h_override 2 is not a valid override for padded_output_height_ntiles_per_core 7, instead 1 was selected as closest valid option! (conv2d_utils.cpp:401)
2026-05-29 08:16:20.719 | INFO     | models.demos.wormhole.stable_diffusion.tt.ttnn_functional_unet_2d_condition_model_new_conv:__call__:406 - Down block 1
2026-05-29 08:16:20.725 | INFO     | models.demos.wormhole.stable_diffusion.tt.ttnn_functional_unet_2d_condition_model_new_conv:__call__:406 - Down block 2
2026-05-29 08:16:20.728 | INFO     | models.demos.wormhole.stable_diffusion.tt.ttnn_functional_unet_2d_condition_model_new_conv:__call__:406 - Down block 3
2026-05-29 08:16:20.729 | INFO     | models.demos.wormhole.stable_diffusion.tt.ttnn_functional_unet_2d_condition_model_new_conv:__call__:460 - Mid block
2026-05-29 08:16:20.729 | warning  |              Op | Mismatch between computed MemoryConfig(memory_layout=TensorMemoryLayout::BLOCK_SHARDED,buffer_type=BufferType::L1,shard_spec=ShardSpec(grid={[(x=0,y=0) - (x=7,y=3)]},shape={32, 160},orientation=ShardOrientation::ROW_MAJOR),nd_shard_spec=NdShardSpec(shard_shape=Shape([32, 160]),grid={[(x=0,y=0) - (x=7,y=3)]},orientation=ShardOrientation::ROW_MAJOR,shard_distribution_strategy=ShardDistributionStrategy::GRID_2D),created_with_nd_shard_spec=0) and provided MemoryConfig(memory_layout=TensorMemoryLayout::BLOCK_SHARDED,buffer_type=BufferType::L1,shard_spec=ShardSpec(grid={[(x=0,y=0) - (x=7,y=7)]},shape={32, 160},orientation=ShardOrientation::ROW_MAJOR),nd_shard_spec=std::nullopt,created_with_nd_shard_spec=0) mem config. Using computed config. (matmul_op.cpp:1674)
2026-05-29 08:16:20.731 | INFO     | models.demos.wormhole.stable_diffusion.tt.ttnn_functional_unet_2d_condition_model_new_conv:__call__:491 - Up block 0
2026-05-29 08:16:20.732 | INFO     | models.demos.wormhole.stable_diffusion.tt.ttnn_functional_unet_2d_condition_model_new_conv:__call__:491 - Up block 1
2026-05-29 08:16:20.737 | INFO     | models.demos.wormhole.stable_diffusion.tt.ttnn_functional_unet_2d_condition_model_new_conv:__call__:491 - Up block 2
2026-05-29 08:16:20.745 | INFO     | models.demos.wormhole.stable_diffusion.tt.ttnn_functional_unet_2d_condition_model_new_conv:__call__:491 - Up block 3
  Step 19/41
2026-05-29 08:16:20.768 | INFO     | models.demos.wormhole.stable_diffusion.tt.ttnn_functional_unet_2d_condition_model_new_conv:__call__:406 - Down block 0
2026-05-29 08:16:20.773 | info     |              Op | act_block_h_override 2 is not a valid override for padded_output_height_ntiles_per_core 7, instead 1 was selected as closest valid option! (conv2d_utils.cpp:401)
2026-05-29 08:16:20.774 | INFO     | models.demos.wormhole.stable_diffusion.tt.ttnn_functional_unet_2d_condition_model_new_conv:__call__:406 - Down block 1
2026-05-29 08:16:20.779 | INFO     | models.demos.wormhole.stable_diffusion.tt.ttnn_functional_unet_2d_condition_model_new_conv:__call__:406 - Down block 2
2026-05-29 08:16:20.783 | INFO     | models.demos.wormhole.stable_diffusion.tt.ttnn_functional_unet_2d_condition_model_new_conv:__call__:406 - Down block 3
2026-05-29 08:16:20.784 | INFO     | models.demos.wormhole.stable_diffusion.tt.ttnn_functional_unet_2d_condition_model_new_conv:__call__:460 - Mid block
2026-05-29 08:16:20.784 | warning  |              Op | Mismatch between computed MemoryConfig(memory_layout=TensorMemoryLayout::BLOCK_SHARDED,buffer_type=BufferType::L1,shard_spec=ShardSpec(grid={[(x=0,y=0) - (x=7,y=3)]},shape={32, 160},orientation=ShardOrientation::ROW_MAJOR),nd_shard_spec=NdShardSpec(shard_shape=Shape([32, 160]),grid={[(x=0,y=0) - (x=7,y=3)]},orientation=ShardOrientation::ROW_MAJOR,shard_distribution_strategy=ShardDistributionStrategy::GRID_2D),created_with_nd_shard_spec=0) and provided MemoryConfig(memory_layout=TensorMemoryLayout::BLOCK_SHARDED,buffer_type=BufferType::L1,shard_spec=ShardSpec(grid={[(x=0,y=0) - (x=7,y=7)]},shape={32, 160},orientation=ShardOrientation::ROW_MAJOR),nd_shard_spec=std::nullopt,created_with_nd_shard_spec=0) mem config. Using computed config. (matmul_op.cpp:1674)
2026-05-29 08:16:20.785 | INFO     | models.demos.wormhole.stable_diffusion.tt.ttnn_functional_unet_2d_condition_model_new_conv:__call__:491 - Up block 0
2026-05-29 08:16:20.787 | INFO     | models.demos.wormhole.stable_diffusion.tt.ttnn_functional_unet_2d_condition_model_new_conv:__call__:491 - Up block 1
2026-05-29 08:16:20.792 | INFO     | models.demos.wormhole.stable_diffusion.tt.ttnn_functional_unet_2d_condition_model_new_conv:__call__:491 - Up block 2
2026-05-29 08:16:20.800 | INFO     | models.demos.wormhole.stable_diffusion.tt.ttnn_functional_unet_2d_condition_model_new_conv:__call__:491 - Up block 3
2026-05-29 08:16:20.820 | INFO     | models.demos.wormhole.stable_diffusion.tt.ttnn_functional_unet_2d_condition_model_new_conv:__call__:406 - Down block 0
2026-05-29 08:16:20.826 | info     |              Op | act_block_h_override 2 is not a valid override for padded_output_height_ntiles_per_core 7, instead 1 was selected as closest valid option! (conv2d_utils.cpp:401)
2026-05-29 08:16:20.826 | INFO     | models.demos.wormhole.stable_diffusion.tt.ttnn_functional_unet_2d_condition_model_new_conv:__call__:406 - Down block 1
2026-05-29 08:16:20.831 | INFO     | models.demos.wormhole.stable_diffusion.tt.ttnn_functional_unet_2d_condition_model_new_conv:__call__:406 - Down block 2
2026-05-29 08:16:20.834 | INFO     | models.demos.wormhole.stable_diffusion.tt.ttnn_functional_unet_2d_condition_model_new_conv:__call__:406 - Down block 3
2026-05-29 08:16:20.835 | INFO     | models.demos.wormhole.stable_diffusion.tt.ttnn_functional_unet_2d_condition_model_new_conv:__call__:460 - Mid block
2026-05-29 08:16:20.836 | warning  |              Op | Mismatch between computed MemoryConfig(memory_layout=TensorMemoryLayout::BLOCK_SHARDED,buffer_type=BufferType::L1,shard_spec=ShardSpec(grid={[(x=0,y=0) - (x=7,y=3)]},shape={32, 160},orientation=ShardOrientation::ROW_MAJOR),nd_shard_spec=NdShardSpec(shard_shape=Shape([32, 160]),grid={[(x=0,y=0) - (x=7,y=3)]},orientation=ShardOrientation::ROW_MAJOR,shard_distribution_strategy=ShardDistributionStrategy::GRID_2D),created_with_nd_shard_spec=0) and provided MemoryConfig(memory_layout=TensorMemoryLayout::BLOCK_SHARDED,buffer_type=BufferType::L1,shard_spec=ShardSpec(grid={[(x=0,y=0) - (x=7,y=7)]},shape={32, 160},orientation=ShardOrientation::ROW_MAJOR),nd_shard_spec=std::nullopt,created_with_nd_shard_spec=0) mem config. Using computed config. (matmul_op.cpp:1674)
2026-05-29 08:16:20.837 | INFO     | models.demos.wormhole.stable_diffusion.tt.ttnn_functional_unet_2d_condition_model_new_conv:__call__:491 - Up block 0
2026-05-29 08:16:20.838 | INFO     | models.demos.wormhole.stable_diffusion.tt.ttnn_functional_unet_2d_condition_model_new_conv:__call__:491 - Up block 1
2026-05-29 08:16:20.843 | INFO     | models.demos.wormhole.stable_diffusion.tt.ttnn_functional_unet_2d_condition_model_new_conv:__call__:491 - Up block 2
2026-05-29 08:16:20.852 | INFO     | models.demos.wormhole.stable_diffusion.tt.ttnn_functional_unet_2d_condition_model_new_conv:__call__:491 - Up block 3
2026-05-29 08:16:20.872 | INFO     | models.demos.wormhole.stable_diffusion.tt.ttnn_functional_unet_2d_condition_model_new_conv:__call__:406 - Down block 0
2026-05-29 08:16:20.877 | info     |              Op | act_block_h_override 2 is not a valid override for padded_output_height_ntiles_per_core 7, instead 1 was selected as closest valid option! (conv2d_utils.cpp:401)
2026-05-29 08:16:20.877 | INFO     | models.demos.wormhole.stable_diffusion.tt.ttnn_functional_unet_2d_condition_model_new_conv:__call__:406 - Down block 1
2026-05-29 08:16:20.883 | INFO     | models.demos.wormhole.stable_diffusion.tt.ttnn_functional_unet_2d_condition_model_new_conv:__call__:406 - Down block 2
2026-05-29 08:16:20.886 | INFO     | models.demos.wormhole.stable_diffusion.tt.ttnn_functional_unet_2d_condition_model_new_conv:__call__:406 - Down block 3
2026-05-29 08:16:20.887 | INFO     | models.demos.wormhole.stable_diffusion.tt.ttnn_functional_unet_2d_condition_model_new_conv:__call__:460 - Mid block
2026-05-29 08:16:20.887 | warning  |              Op | Mismatch between computed MemoryConfig(memory_layout=TensorMemoryLayout::BLOCK_SHARDED,buffer_type=BufferType::L1,shard_spec=ShardSpec(grid={[(x=0,y=0) - (x=7,y=3)]},shape={32, 160},orientation=ShardOrientation::ROW_MAJOR),nd_shard_spec=NdShardSpec(shard_shape=Shape([32, 160]),grid={[(x=0,y=0) - (x=7,y=3)]},orientation=ShardOrientation::ROW_MAJOR,shard_distribution_strategy=ShardDistributionStrategy::GRID_2D),created_with_nd_shard_spec=0) and provided MemoryConfig(memory_layout=TensorMemoryLayout::BLOCK_SHARDED,buffer_type=BufferType::L1,shard_spec=ShardSpec(grid={[(x=0,y=0) - (x=7,y=7)]},shape={32, 160},orientation=ShardOrientation::ROW_MAJOR),nd_shard_spec=std::nullopt,created_with_nd_shard_spec=0) mem config. Using computed config. (matmul_op.cpp:1674)
2026-05-29 08:16:20.889 | INFO     | models.demos.wormhole.stable_diffusion.tt.ttnn_functional_unet_2d_condition_model_new_conv:__call__:491 - Up block 0
2026-05-29 08:16:20.890 | INFO     | models.demos.wormhole.stable_diffusion.tt.ttnn_functional_unet_2d_condition_model_new_conv:__call__:491 - Up block 1
2026-05-29 08:16:20.895 | INFO     | models.demos.wormhole.stable_diffusion.tt.ttnn_functional_unet_2d_condition_model_new_conv:__call__:491 - Up block 2
2026-05-29 08:16:20.903 | INFO     | models.demos.wormhole.stable_diffusion.tt.ttnn_functional_unet_2d_condition_model_new_conv:__call__:491 - Up block 3
2026-05-29 08:16:20.924 | INFO     | models.demos.wormhole.stable_diffusion.tt.ttnn_functional_unet_2d_condition_model_new_conv:__call__:406 - Down block 0
2026-05-29 08:16:20.929 | info     |              Op | act_block_h_override 2 is not a valid override for padded_output_height_ntiles_per_core 7, instead 1 was selected as closest valid option! (conv2d_utils.cpp:401)
2026-05-29 08:16:20.929 | INFO     | models.demos.wormhole.stable_diffusion.tt.ttnn_functional_unet_2d_condition_model_new_conv:__call__:406 - Down block 1
2026-05-29 08:16:20.935 | INFO     | models.demos.wormhole.stable_diffusion.tt.ttnn_functional_unet_2d_condition_model_new_conv:__call__:406 - Down block 2
2026-05-29 08:16:20.938 | INFO     | models.demos.wormhole.stable_diffusion.tt.ttnn_functional_unet_2d_condition_model_new_conv:__call__:406 - Down block 3
2026-05-29 08:16:20.939 | INFO     | models.demos.wormhole.stable_diffusion.tt.ttnn_functional_unet_2d_condition_model_new_conv:__call__:460 - Mid block
2026-05-29 08:16:20.939 | warning  |              Op | Mismatch between computed MemoryConfig(memory_layout=TensorMemoryLayout::BLOCK_SHARDED,buffer_type=BufferType::L1,shard_spec=ShardSpec(grid={[(x=0,y=0) - (x=7,y=3)]},shape={32, 160},orientation=ShardOrientation::ROW_MAJOR),nd_shard_spec=NdShardSpec(shard_shape=Shape([32, 160]),grid={[(x=0,y=0) - (x=7,y=3)]},orientation=ShardOrientation::ROW_MAJOR,shard_distribution_strategy=ShardDistributionStrategy::GRID_2D),created_with_nd_shard_spec=0) and provided MemoryConfig(memory_layout=TensorMemoryLayout::BLOCK_SHARDED,buffer_type=BufferType::L1,shard_spec=ShardSpec(grid={[(x=0,y=0) - (x=7,y=7)]},shape={32, 160},orientation=ShardOrientation::ROW_MAJOR),nd_shard_spec=std::nullopt,created_with_nd_shard_spec=0) mem config. Using computed config. (matmul_op.cpp:1674)
2026-05-29 08:16:20.941 | INFO     | models.demos.wormhole.stable_diffusion.tt.ttnn_functional_unet_2d_condition_model_new_conv:__call__:491 - Up block 0
2026-05-29 08:16:20.942 | INFO     | models.demos.wormhole.stable_diffusion.tt.ttnn_functional_unet_2d_condition_model_new_conv:__call__:491 - Up block 1
2026-05-29 08:16:20.947 | INFO     | models.demos.wormhole.stable_diffusion.tt.ttnn_functional_unet_2d_condition_model_new_conv:__call__:491 - Up block 2
2026-05-29 08:16:20.955 | INFO     | models.demos.wormhole.stable_diffusion.tt.ttnn_functional_unet_2d_condition_model_new_conv:__call__:491 - Up block 3
2026-05-29 08:16:20.976 | INFO     | models.demos.wormhole.stable_diffusion.tt.ttnn_functional_unet_2d_condition_model_new_conv:__call__:406 - Down block 0
2026-05-29 08:16:20.981 | info     |              Op | act_block_h_override 2 is not a valid override for padded_output_height_ntiles_per_core 7, instead 1 was selected as closest valid option! (conv2d_utils.cpp:401)
2026-05-29 08:16:20.981 | INFO     | models.demos.wormhole.stable_diffusion.tt.ttnn_functional_unet_2d_condition_model_new_conv:__call__:406 - Down block 1
2026-05-29 08:16:20.987 | INFO     | models.demos.wormhole.stable_diffusion.tt.ttnn_functional_unet_2d_condition_model_new_conv:__call__:406 - Down block 2
2026-05-29 08:16:20.990 | INFO     | models.demos.wormhole.stable_diffusion.tt.ttnn_functional_unet_2d_condition_model_new_conv:__call__:406 - Down block 3
2026-05-29 08:16:20.991 | INFO     | models.demos.wormhole.stable_diffusion.tt.ttnn_functional_unet_2d_condition_model_new_conv:__call__:460 - Mid block
2026-05-29 08:16:20.991 | warning  |              Op | Mismatch between computed MemoryConfig(memory_layout=TensorMemoryLayout::BLOCK_SHARDED,buffer_type=BufferType::L1,shard_spec=ShardSpec(grid={[(x=0,y=0) - (x=7,y=3)]},shape={32, 160},orientation=ShardOrientation::ROW_MAJOR),nd_shard_spec=NdShardSpec(shard_shape=Shape([32, 160]),grid={[(x=0,y=0) - (x=7,y=3)]},orientation=ShardOrientation::ROW_MAJOR,shard_distribution_strategy=ShardDistributionStrategy::GRID_2D),created_with_nd_shard_spec=0) and provided MemoryConfig(memory_layout=TensorMemoryLayout::BLOCK_SHARDED,buffer_type=BufferType::L1,shard_spec=ShardSpec(grid={[(x=0,y=0) - (x=7,y=7)]},shape={32, 160},orientation=ShardOrientation::ROW_MAJOR),nd_shard_spec=std::nullopt,created_with_nd_shard_spec=0) mem config. Using computed config. (matmul_op.cpp:1674)
2026-05-29 08:16:20.992 | INFO     | models.demos.wormhole.stable_diffusion.tt.ttnn_functional_unet_2d_condition_model_new_conv:__call__:491 - Up block 0
2026-05-29 08:16:20.994 | INFO     | models.demos.wormhole.stable_diffusion.tt.ttnn_functional_unet_2d_condition_model_new_conv:__call__:491 - Up block 1
2026-05-29 08:16:20.999 | INFO     | models.demos.wormhole.stable_diffusion.tt.ttnn_functional_unet_2d_condition_model_new_conv:__call__:491 - Up block 2
2026-05-29 08:16:21.007 | INFO     | models.demos.wormhole.stable_diffusion.tt.ttnn_functional_unet_2d_condition_model_new_conv:__call__:491 - Up block 3
2026-05-29 08:16:21.027 | INFO     | models.demos.wormhole.stable_diffusion.tt.ttnn_functional_unet_2d_condition_model_new_conv:__call__:406 - Down block 0
2026-05-29 08:16:21.033 | info     |              Op | act_block_h_override 2 is not a valid override for padded_output_height_ntiles_per_core 7, instead 1 was selected as closest valid option! (conv2d_utils.cpp:401)
2026-05-29 08:16:21.033 | INFO     | models.demos.wormhole.stable_diffusion.tt.ttnn_functional_unet_2d_condition_model_new_conv:__call__:406 - Down block 1
2026-05-29 08:16:21.038 | INFO     | models.demos.wormhole.stable_diffusion.tt.ttnn_functional_unet_2d_condition_model_new_conv:__call__:406 - Down block 2
2026-05-29 08:16:21.042 | INFO     | models.demos.wormhole.stable_diffusion.tt.ttnn_functional_unet_2d_condition_model_new_conv:__call__:406 - Down block 3
2026-05-29 08:16:21.042 | INFO     | models.demos.wormhole.stable_diffusion.tt.ttnn_functional_unet_2d_condition_model_new_conv:__call__:460 - Mid block
2026-05-29 08:16:21.043 | warning  |              Op | Mismatch between computed MemoryConfig(memory_layout=TensorMemoryLayout::BLOCK_SHARDED,buffer_type=BufferType::L1,shard_spec=ShardSpec(grid={[(x=0,y=0) - (x=7,y=3)]},shape={32, 160},orientation=ShardOrientation::ROW_MAJOR),nd_shard_spec=NdShardSpec(shard_shape=Shape([32, 160]),grid={[(x=0,y=0) - (x=7,y=3)]},orientation=ShardOrientation::ROW_MAJOR,shard_distribution_strategy=ShardDistributionStrategy::GRID_2D),created_with_nd_shard_spec=0) and provided MemoryConfig(memory_layout=TensorMemoryLayout::BLOCK_SHARDED,buffer_type=BufferType::L1,shard_spec=ShardSpec(grid={[(x=0,y=0) - (x=7,y=7)]},shape={32, 160},orientation=ShardOrientation::ROW_MAJOR),nd_shard_spec=std::nullopt,created_with_nd_shard_spec=0) mem config. Using computed config. (matmul_op.cpp:1674)
2026-05-29 08:16:21.044 | INFO     | models.demos.wormhole.stable_diffusion.tt.ttnn_functional_unet_2d_condition_model_new_conv:__call__:491 - Up block 0
2026-05-29 08:16:21.045 | INFO     | models.demos.wormhole.stable_diffusion.tt.ttnn_functional_unet_2d_condition_model_new_conv:__call__:491 - Up block 1
2026-05-29 08:16:21.050 | INFO     | models.demos.wormhole.stable_diffusion.tt.ttnn_functional_unet_2d_condition_model_new_conv:__call__:491 - Up block 2
2026-05-29 08:16:21.058 | INFO     | models.demos.wormhole.stable_diffusion.tt.ttnn_functional_unet_2d_condition_model_new_conv:__call__:491 - Up block 3
2026-05-29 08:16:21.079 | INFO     | models.demos.wormhole.stable_diffusion.tt.ttnn_functional_unet_2d_condition_model_new_conv:__call__:406 - Down block 0
2026-05-29 08:16:21.085 | info     |              Op | act_block_h_override 2 is not a valid override for padded_output_height_ntiles_per_core 7, instead 1 was selected as closest valid option! (conv2d_utils.cpp:401)
2026-05-29 08:16:21.085 | INFO     | models.demos.wormhole.stable_diffusion.tt.ttnn_functional_unet_2d_condition_model_new_conv:__call__:406 - Down block 1
2026-05-29 08:16:21.090 | INFO     | models.demos.wormhole.stable_diffusion.tt.ttnn_functional_unet_2d_condition_model_new_conv:__call__:406 - Down block 2
2026-05-29 08:16:21.094 | INFO     | models.demos.wormhole.stable_diffusion.tt.ttnn_functional_unet_2d_condition_model_new_conv:__call__:406 - Down block 3
2026-05-29 08:16:21.094 | INFO     | models.demos.wormhole.stable_diffusion.tt.ttnn_functional_unet_2d_condition_model_new_conv:__call__:460 - Mid block
2026-05-29 08:16:21.095 | warning  |              Op | Mismatch between computed MemoryConfig(memory_layout=TensorMemoryLayout::BLOCK_SHARDED,buffer_type=BufferType::L1,shard_spec=ShardSpec(grid={[(x=0,y=0) - (x=7,y=3)]},shape={32, 160},orientation=ShardOrientation::ROW_MAJOR),nd_shard_spec=NdShardSpec(shard_shape=Shape([32, 160]),grid={[(x=0,y=0) - (x=7,y=3)]},orientation=ShardOrientation::ROW_MAJOR,shard_distribution_strategy=ShardDistributionStrategy::GRID_2D),created_with_nd_shard_spec=0) and provided MemoryConfig(memory_layout=TensorMemoryLayout::BLOCK_SHARDED,buffer_type=BufferType::L1,shard_spec=ShardSpec(grid={[(x=0,y=0) - (x=7,y=7)]},shape={32, 160},orientation=ShardOrientation::ROW_MAJOR),nd_shard_spec=std::nullopt,created_with_nd_shard_spec=0) mem config. Using computed config. (matmul_op.cpp:1674)
2026-05-29 08:16:21.096 | INFO     | models.demos.wormhole.stable_diffusion.tt.ttnn_functional_unet_2d_condition_model_new_conv:__call__:491 - Up block 0
2026-05-29 08:16:21.098 | INFO     | models.demos.wormhole.stable_diffusion.tt.ttnn_functional_unet_2d_condition_model_new_conv:__call__:491 - Up block 1
2026-05-29 08:16:21.102 | INFO     | models.demos.wormhole.stable_diffusion.tt.ttnn_functional_unet_2d_condition_model_new_conv:__call__:491 - Up block 2
2026-05-29 08:16:21.110 | INFO     | models.demos.wormhole.stable_diffusion.tt.ttnn_functional_unet_2d_condition_model_new_conv:__call__:491 - Up block 3
2026-05-29 08:16:21.131 | INFO     | models.demos.wormhole.stable_diffusion.tt.ttnn_functional_unet_2d_condition_model_new_conv:__call__:406 - Down block 0
2026-05-29 08:16:21.137 | info     |              Op | act_block_h_override 2 is not a valid override for padded_output_height_ntiles_per_core 7, instead 1 was selected as closest valid option! (conv2d_utils.cpp:401)
2026-05-29 08:16:21.137 | INFO     | models.demos.wormhole.stable_diffusion.tt.ttnn_functional_unet_2d_condition_model_new_conv:__call__:406 - Down block 1
2026-05-29 08:16:21.142 | INFO     | models.demos.wormhole.stable_diffusion.tt.ttnn_functional_unet_2d_condition_model_new_conv:__call__:406 - Down block 2
2026-05-29 08:16:21.145 | INFO     | models.demos.wormhole.stable_diffusion.tt.ttnn_functional_unet_2d_condition_model_new_conv:__call__:406 - Down block 3
2026-05-29 08:16:21.146 | INFO     | models.demos.wormhole.stable_diffusion.tt.ttnn_functional_unet_2d_condition_model_new_conv:__call__:460 - Mid block
2026-05-29 08:16:21.146 | warning  |              Op | Mismatch between computed MemoryConfig(memory_layout=TensorMemoryLayout::BLOCK_SHARDED,buffer_type=BufferType::L1,shard_spec=ShardSpec(grid={[(x=0,y=0) - (x=7,y=3)]},shape={32, 160},orientation=ShardOrientation::ROW_MAJOR),nd_shard_spec=NdShardSpec(shard_shape=Shape([32, 160]),grid={[(x=0,y=0) - (x=7,y=3)]},orientation=ShardOrientation::ROW_MAJOR,shard_distribution_strategy=ShardDistributionStrategy::GRID_2D),created_with_nd_shard_spec=0) and provided MemoryConfig(memory_layout=TensorMemoryLayout::BLOCK_SHARDED,buffer_type=BufferType::L1,shard_spec=ShardSpec(grid={[(x=0,y=0) - (x=7,y=7)]},shape={32, 160},orientation=ShardOrientation::ROW_MAJOR),nd_shard_spec=std::nullopt,created_with_nd_shard_spec=0) mem config. Using computed config. (matmul_op.cpp:1674)
2026-05-29 08:16:21.148 | INFO     | models.demos.wormhole.stable_diffusion.tt.ttnn_functional_unet_2d_condition_model_new_conv:__call__:491 - Up block 0
2026-05-29 08:16:21.149 | INFO     | models.demos.wormhole.stable_diffusion.tt.ttnn_functional_unet_2d_condition_model_new_conv:__call__:491 - Up block 1
2026-05-29 08:16:21.154 | INFO     | models.demos.wormhole.stable_diffusion.tt.ttnn_functional_unet_2d_condition_model_new_conv:__call__:491 - Up block 2
2026-05-29 08:16:21.162 | INFO     | models.demos.wormhole.stable_diffusion.tt.ttnn_functional_unet_2d_condition_model_new_conv:__call__:491 - Up block 3
  Step 20/41
2026-05-29 08:16:21.185 | INFO     | models.demos.wormhole.stable_diffusion.tt.ttnn_functional_unet_2d_condition_model_new_conv:__call__:406 - Down block 0
2026-05-29 08:16:21.191 | info     |              Op | act_block_h_override 2 is not a valid override for padded_output_height_ntiles_per_core 7, instead 1 was selected as closest valid option! (conv2d_utils.cpp:401)
2026-05-29 08:16:21.191 | INFO     | models.demos.wormhole.stable_diffusion.tt.ttnn_functional_unet_2d_condition_model_new_conv:__call__:406 - Down block 1
2026-05-29 08:16:21.197 | INFO     | models.demos.wormhole.stable_diffusion.tt.ttnn_functional_unet_2d_condition_model_new_conv:__call__:406 - Down block 2
2026-05-29 08:16:21.201 | INFO     | models.demos.wormhole.stable_diffusion.tt.ttnn_functional_unet_2d_condition_model_new_conv:__call__:406 - Down block 3
2026-05-29 08:16:21.202 | INFO     | models.demos.wormhole.stable_diffusion.tt.ttnn_functional_unet_2d_condition_model_new_conv:__call__:460 - Mid block
2026-05-29 08:16:21.202 | warning  |              Op | Mismatch between computed MemoryConfig(memory_layout=TensorMemoryLayout::BLOCK_SHARDED,buffer_type=BufferType::L1,shard_spec=ShardSpec(grid={[(x=0,y=0) - (x=7,y=3)]},shape={32, 160},orientation=ShardOrientation::ROW_MAJOR),nd_shard_spec=NdShardSpec(shard_shape=Shape([32, 160]),grid={[(x=0,y=0) - (x=7,y=3)]},orientation=ShardOrientation::ROW_MAJOR,shard_distribution_strategy=ShardDistributionStrategy::GRID_2D),created_with_nd_shard_spec=0) and provided MemoryConfig(memory_layout=TensorMemoryLayout::BLOCK_SHARDED,buffer_type=BufferType::L1,shard_spec=ShardSpec(grid={[(x=0,y=0) - (x=7,y=7)]},shape={32, 160},orientation=ShardOrientation::ROW_MAJOR),nd_shard_spec=std::nullopt,created_with_nd_shard_spec=0) mem config. Using computed config. (matmul_op.cpp:1674)
2026-05-29 08:16:21.204 | INFO     | models.demos.wormhole.stable_diffusion.tt.ttnn_functional_unet_2d_condition_model_new_conv:__call__:491 - Up block 0
2026-05-29 08:16:21.205 | INFO     | models.demos.wormhole.stable_diffusion.tt.ttnn_functional_unet_2d_condition_model_new_conv:__call__:491 - Up block 1
2026-05-29 08:16:21.210 | INFO     | models.demos.wormhole.stable_diffusion.tt.ttnn_functional_unet_2d_condition_model_new_conv:__call__:491 - Up block 2
2026-05-29 08:16:21.218 | INFO     | models.demos.wormhole.stable_diffusion.tt.ttnn_functional_unet_2d_condition_model_new_conv:__call__:491 - Up block 3
2026-05-29 08:16:21.238 | INFO     | models.demos.wormhole.stable_diffusion.tt.ttnn_functional_unet_2d_condition_model_new_conv:__call__:406 - Down block 0
2026-05-29 08:16:21.244 | info     |              Op | act_block_h_override 2 is not a valid override for padded_output_height_ntiles_per_core 7, instead 1 was selected as closest valid option! (conv2d_utils.cpp:401)
2026-05-29 08:16:21.244 | INFO     | models.demos.wormhole.stable_diffusion.tt.ttnn_functional_unet_2d_condition_model_new_conv:__call__:406 - Down block 1
2026-05-29 08:16:21.250 | INFO     | models.demos.wormhole.stable_diffusion.tt.ttnn_functional_unet_2d_condition_model_new_conv:__call__:406 - Down block 2
2026-05-29 08:16:21.253 | INFO     | models.demos.wormhole.stable_diffusion.tt.ttnn_functional_unet_2d_condition_model_new_conv:__call__:406 - Down block 3
2026-05-29 08:16:21.254 | INFO     | models.demos.wormhole.stable_diffusion.tt.ttnn_functional_unet_2d_condition_model_new_conv:__call__:460 - Mid block
2026-05-29 08:16:21.254 | warning  |              Op | Mismatch between computed MemoryConfig(memory_layout=TensorMemoryLayout::BLOCK_SHARDED,buffer_type=BufferType::L1,shard_spec=ShardSpec(grid={[(x=0,y=0) - (x=7,y=3)]},shape={32, 160},orientation=ShardOrientation::ROW_MAJOR),nd_shard_spec=NdShardSpec(shard_shape=Shape([32, 160]),grid={[(x=0,y=0) - (x=7,y=3)]},orientation=ShardOrientation::ROW_MAJOR,shard_distribution_strategy=ShardDistributionStrategy::GRID_2D),created_with_nd_shard_spec=0) and provided MemoryConfig(memory_layout=TensorMemoryLayout::BLOCK_SHARDED,buffer_type=BufferType::L1,shard_spec=ShardSpec(grid={[(x=0,y=0) - (x=7,y=7)]},shape={32, 160},orientation=ShardOrientation::ROW_MAJOR),nd_shard_spec=std::nullopt,created_with_nd_shard_spec=0) mem config. Using computed config. (matmul_op.cpp:1674)
2026-05-29 08:16:21.256 | INFO     | models.demos.wormhole.stable_diffusion.tt.ttnn_functional_unet_2d_condition_model_new_conv:__call__:491 - Up block 0
2026-05-29 08:16:21.257 | INFO     | models.demos.wormhole.stable_diffusion.tt.ttnn_functional_unet_2d_condition_model_new_conv:__call__:491 - Up block 1
2026-05-29 08:16:21.262 | INFO     | models.demos.wormhole.stable_diffusion.tt.ttnn_functional_unet_2d_condition_model_new_conv:__call__:491 - Up block 2
2026-05-29 08:16:21.270 | INFO     | models.demos.wormhole.stable_diffusion.tt.ttnn_functional_unet_2d_condition_model_new_conv:__call__:491 - Up block 3
2026-05-29 08:16:21.290 | INFO     | models.demos.wormhole.stable_diffusion.tt.ttnn_functional_unet_2d_condition_model_new_conv:__call__:406 - Down block 0
2026-05-29 08:16:21.296 | info     |              Op | act_block_h_override 2 is not a valid override for padded_output_height_ntiles_per_core 7, instead 1 was selected as closest valid option! (conv2d_utils.cpp:401)
2026-05-29 08:16:21.296 | INFO     | models.demos.wormhole.stable_diffusion.tt.ttnn_functional_unet_2d_condition_model_new_conv:__call__:406 - Down block 1
2026-05-29 08:16:21.301 | INFO     | models.demos.wormhole.stable_diffusion.tt.ttnn_functional_unet_2d_condition_model_new_conv:__call__:406 - Down block 2
2026-05-29 08:16:21.304 | INFO     | models.demos.wormhole.stable_diffusion.tt.ttnn_functional_unet_2d_condition_model_new_conv:__call__:406 - Down block 3
2026-05-29 08:16:21.305 | INFO     | models.demos.wormhole.stable_diffusion.tt.ttnn_functional_unet_2d_condition_model_new_conv:__call__:460 - Mid block
2026-05-29 08:16:21.306 | warning  |              Op | Mismatch between computed MemoryConfig(memory_layout=TensorMemoryLayout::BLOCK_SHARDED,buffer_type=BufferType::L1,shard_spec=ShardSpec(grid={[(x=0,y=0) - (x=7,y=3)]},shape={32, 160},orientation=ShardOrientation::ROW_MAJOR),nd_shard_spec=NdShardSpec(shard_shape=Shape([32, 160]),grid={[(x=0,y=0) - (x=7,y=3)]},orientation=ShardOrientation::ROW_MAJOR,shard_distribution_strategy=ShardDistributionStrategy::GRID_2D),created_with_nd_shard_spec=0) and provided MemoryConfig(memory_layout=TensorMemoryLayout::BLOCK_SHARDED,buffer_type=BufferType::L1,shard_spec=ShardSpec(grid={[(x=0,y=0) - (x=7,y=7)]},shape={32, 160},orientation=ShardOrientation::ROW_MAJOR),nd_shard_spec=std::nullopt,created_with_nd_shard_spec=0) mem config. Using computed config. (matmul_op.cpp:1674)
2026-05-29 08:16:21.307 | INFO     | models.demos.wormhole.stable_diffusion.tt.ttnn_functional_unet_2d_condition_model_new_conv:__call__:491 - Up block 0
2026-05-29 08:16:21.308 | INFO     | models.demos.wormhole.stable_diffusion.tt.ttnn_functional_unet_2d_condition_model_new_conv:__call__:491 - Up block 1
2026-05-29 08:16:21.313 | INFO     | models.demos.wormhole.stable_diffusion.tt.ttnn_functional_unet_2d_condition_model_new_conv:__call__:491 - Up block 2
2026-05-29 08:16:21.321 | INFO     | models.demos.wormhole.stable_diffusion.tt.ttnn_functional_unet_2d_condition_model_new_conv:__call__:491 - Up block 3
2026-05-29 08:16:21.342 | INFO     | models.demos.wormhole.stable_diffusion.tt.ttnn_functional_unet_2d_condition_model_new_conv:__call__:406 - Down block 0
2026-05-29 08:16:21.347 | info     |              Op | act_block_h_override 2 is not a valid override for padded_output_height_ntiles_per_core 7, instead 1 was selected as closest valid option! (conv2d_utils.cpp:401)
2026-05-29 08:16:21.348 | INFO     | models.demos.wormhole.stable_diffusion.tt.ttnn_functional_unet_2d_condition_model_new_conv:__call__:406 - Down block 1
2026-05-29 08:16:21.353 | INFO     | models.demos.wormhole.stable_diffusion.tt.ttnn_functional_unet_2d_condition_model_new_conv:__call__:406 - Down block 2
2026-05-29 08:16:21.356 | INFO     | models.demos.wormhole.stable_diffusion.tt.ttnn_functional_unet_2d_condition_model_new_conv:__call__:406 - Down block 3
2026-05-29 08:16:21.357 | INFO     | models.demos.wormhole.stable_diffusion.tt.ttnn_functional_unet_2d_condition_model_new_conv:__call__:460 - Mid block
2026-05-29 08:16:21.357 | warning  |              Op | Mismatch between computed MemoryConfig(memory_layout=TensorMemoryLayout::BLOCK_SHARDED,buffer_type=BufferType::L1,shard_spec=ShardSpec(grid={[(x=0,y=0) - (x=7,y=3)]},shape={32, 160},orientation=ShardOrientation::ROW_MAJOR),nd_shard_spec=NdShardSpec(shard_shape=Shape([32, 160]),grid={[(x=0,y=0) - (x=7,y=3)]},orientation=ShardOrientation::ROW_MAJOR,shard_distribution_strategy=ShardDistributionStrategy::GRID_2D),created_with_nd_shard_spec=0) and provided MemoryConfig(memory_layout=TensorMemoryLayout::BLOCK_SHARDED,buffer_type=BufferType::L1,shard_spec=ShardSpec(grid={[(x=0,y=0) - (x=7,y=7)]},shape={32, 160},orientation=ShardOrientation::ROW_MAJOR),nd_shard_spec=std::nullopt,created_with_nd_shard_spec=0) mem config. Using computed config. (matmul_op.cpp:1674)
2026-05-29 08:16:21.359 | INFO     | models.demos.wormhole.stable_diffusion.tt.ttnn_functional_unet_2d_condition_model_new_conv:__call__:491 - Up block 0
2026-05-29 08:16:21.360 | INFO     | models.demos.wormhole.stable_diffusion.tt.ttnn_functional_unet_2d_condition_model_new_conv:__call__:491 - Up block 1
2026-05-29 08:16:21.365 | INFO     | models.demos.wormhole.stable_diffusion.tt.ttnn_functional_unet_2d_condition_model_new_conv:__call__:491 - Up block 2
2026-05-29 08:16:21.373 | INFO     | models.demos.wormhole.stable_diffusion.tt.ttnn_functional_unet_2d_condition_model_new_conv:__call__:491 - Up block 3
2026-05-29 08:16:21.394 | INFO     | models.demos.wormhole.stable_diffusion.tt.ttnn_functional_unet_2d_condition_model_new_conv:__call__:406 - Down block 0
2026-05-29 08:16:21.399 | info     |              Op | act_block_h_override 2 is not a valid override for padded_output_height_ntiles_per_core 7, instead 1 was selected as closest valid option! (conv2d_utils.cpp:401)
2026-05-29 08:16:21.399 | INFO     | models.demos.wormhole.stable_diffusion.tt.ttnn_functional_unet_2d_condition_model_new_conv:__call__:406 - Down block 1
2026-05-29 08:16:21.405 | INFO     | models.demos.wormhole.stable_diffusion.tt.ttnn_functional_unet_2d_condition_model_new_conv:__call__:406 - Down block 2
2026-05-29 08:16:21.408 | INFO     | models.demos.wormhole.stable_diffusion.tt.ttnn_functional_unet_2d_condition_model_new_conv:__call__:406 - Down block 3
2026-05-29 08:16:21.408 | INFO     | models.demos.wormhole.stable_diffusion.tt.ttnn_functional_unet_2d_condition_model_new_conv:__call__:460 - Mid block
2026-05-29 08:16:21.409 | warning  |              Op | Mismatch between computed MemoryConfig(memory_layout=TensorMemoryLayout::BLOCK_SHARDED,buffer_type=BufferType::L1,shard_spec=ShardSpec(grid={[(x=0,y=0) - (x=7,y=3)]},shape={32, 160},orientation=ShardOrientation::ROW_MAJOR),nd_shard_spec=NdShardSpec(shard_shape=Shape([32, 160]),grid={[(x=0,y=0) - (x=7,y=3)]},orientation=ShardOrientation::ROW_MAJOR,shard_distribution_strategy=ShardDistributionStrategy::GRID_2D),created_with_nd_shard_spec=0) and provided MemoryConfig(memory_layout=TensorMemoryLayout::BLOCK_SHARDED,buffer_type=BufferType::L1,shard_spec=ShardSpec(grid={[(x=0,y=0) - (x=7,y=7)]},shape={32, 160},orientation=ShardOrientation::ROW_MAJOR),nd_shard_spec=std::nullopt,created_with_nd_shard_spec=0) mem config. Using computed config. (matmul_op.cpp:1674)
2026-05-29 08:16:21.410 | INFO     | models.demos.wormhole.stable_diffusion.tt.ttnn_functional_unet_2d_condition_model_new_conv:__call__:491 - Up block 0
2026-05-29 08:16:21.412 | INFO     | models.demos.wormhole.stable_diffusion.tt.ttnn_functional_unet_2d_condition_model_new_conv:__call__:491 - Up block 1
2026-05-29 08:16:21.416 | INFO     | models.demos.wormhole.stable_diffusion.tt.ttnn_functional_unet_2d_condition_model_new_conv:__call__:491 - Up block 2
2026-05-29 08:16:21.424 | INFO     | models.demos.wormhole.stable_diffusion.tt.ttnn_functional_unet_2d_condition_model_new_conv:__call__:491 - Up block 3
2026-05-29 08:16:21.445 | INFO     | models.demos.wormhole.stable_diffusion.tt.ttnn_functional_unet_2d_condition_model_new_conv:__call__:406 - Down block 0
2026-05-29 08:16:21.451 | info     |              Op | act_block_h_override 2 is not a valid override for padded_output_height_ntiles_per_core 7, instead 1 was selected as closest valid option! (conv2d_utils.cpp:401)
2026-05-29 08:16:21.451 | INFO     | models.demos.wormhole.stable_diffusion.tt.ttnn_functional_unet_2d_condition_model_new_conv:__call__:406 - Down block 1
2026-05-29 08:16:21.456 | INFO     | models.demos.wormhole.stable_diffusion.tt.ttnn_functional_unet_2d_condition_model_new_conv:__call__:406 - Down block 2
2026-05-29 08:16:21.460 | INFO     | models.demos.wormhole.stable_diffusion.tt.ttnn_functional_unet_2d_condition_model_new_conv:__call__:406 - Down block 3
2026-05-29 08:16:21.460 | INFO     | models.demos.wormhole.stable_diffusion.tt.ttnn_functional_unet_2d_condition_model_new_conv:__call__:460 - Mid block
2026-05-29 08:16:21.461 | warning  |              Op | Mismatch between computed MemoryConfig(memory_layout=TensorMemoryLayout::BLOCK_SHARDED,buffer_type=BufferType::L1,shard_spec=ShardSpec(grid={[(x=0,y=0) - (x=7,y=3)]},shape={32, 160},orientation=ShardOrientation::ROW_MAJOR),nd_shard_spec=NdShardSpec(shard_shape=Shape([32, 160]),grid={[(x=0,y=0) - (x=7,y=3)]},orientation=ShardOrientation::ROW_MAJOR,shard_distribution_strategy=ShardDistributionStrategy::GRID_2D),created_with_nd_shard_spec=0) and provided MemoryConfig(memory_layout=TensorMemoryLayout::BLOCK_SHARDED,buffer_type=BufferType::L1,shard_spec=ShardSpec(grid={[(x=0,y=0) - (x=7,y=7)]},shape={32, 160},orientation=ShardOrientation::ROW_MAJOR),nd_shard_spec=std::nullopt,created_with_nd_shard_spec=0) mem config. Using computed config. (matmul_op.cpp:1674)
2026-05-29 08:16:21.462 | INFO     | models.demos.wormhole.stable_diffusion.tt.ttnn_functional_unet_2d_condition_model_new_conv:__call__:491 - Up block 0
2026-05-29 08:16:21.464 | INFO     | models.demos.wormhole.stable_diffusion.tt.ttnn_functional_unet_2d_condition_model_new_conv:__call__:491 - Up block 1
2026-05-29 08:16:21.469 | INFO     | models.demos.wormhole.stable_diffusion.tt.ttnn_functional_unet_2d_condition_model_new_conv:__call__:491 - Up block 2
2026-05-29 08:16:21.477 | INFO     | models.demos.wormhole.stable_diffusion.tt.ttnn_functional_unet_2d_condition_model_new_conv:__call__:491 - Up block 3
2026-05-29 08:16:21.497 | INFO     | models.demos.wormhole.stable_diffusion.tt.ttnn_functional_unet_2d_condition_model_new_conv:__call__:406 - Down block 0
2026-05-29 08:16:21.503 | info     |              Op | act_block_h_override 2 is not a valid override for padded_output_height_ntiles_per_core 7, instead 1 was selected as closest valid option! (conv2d_utils.cpp:401)
2026-05-29 08:16:21.503 | INFO     | models.demos.wormhole.stable_diffusion.tt.ttnn_functional_unet_2d_condition_model_new_conv:__call__:406 - Down block 1
2026-05-29 08:16:21.508 | INFO     | models.demos.wormhole.stable_diffusion.tt.ttnn_functional_unet_2d_condition_model_new_conv:__call__:406 - Down block 2
2026-05-29 08:16:21.512 | INFO     | models.demos.wormhole.stable_diffusion.tt.ttnn_functional_unet_2d_condition_model_new_conv:__call__:406 - Down block 3
2026-05-29 08:16:21.513 | INFO     | models.demos.wormhole.stable_diffusion.tt.ttnn_functional_unet_2d_condition_model_new_conv:__call__:460 - Mid block
2026-05-29 08:16:21.513 | warning  |              Op | Mismatch between computed MemoryConfig(memory_layout=TensorMemoryLayout::BLOCK_SHARDED,buffer_type=BufferType::L1,shard_spec=ShardSpec(grid={[(x=0,y=0) - (x=7,y=3)]},shape={32, 160},orientation=ShardOrientation::ROW_MAJOR),nd_shard_spec=NdShardSpec(shard_shape=Shape([32, 160]),grid={[(x=0,y=0) - (x=7,y=3)]},orientation=ShardOrientation::ROW_MAJOR,shard_distribution_strategy=ShardDistributionStrategy::GRID_2D),created_with_nd_shard_spec=0) and provided MemoryConfig(memory_layout=TensorMemoryLayout::BLOCK_SHARDED,buffer_type=BufferType::L1,shard_spec=ShardSpec(grid={[(x=0,y=0) - (x=7,y=7)]},shape={32, 160},orientation=ShardOrientation::ROW_MAJOR),nd_shard_spec=std::nullopt,created_with_nd_shard_spec=0) mem config. Using computed config. (matmul_op.cpp:1674)
2026-05-29 08:16:21.514 | INFO     | models.demos.wormhole.stable_diffusion.tt.ttnn_functional_unet_2d_condition_model_new_conv:__call__:491 - Up block 0
2026-05-29 08:16:21.516 | INFO     | models.demos.wormhole.stable_diffusion.tt.ttnn_functional_unet_2d_condition_model_new_conv:__call__:491 - Up block 1
2026-05-29 08:16:21.521 | INFO     | models.demos.wormhole.stable_diffusion.tt.ttnn_functional_unet_2d_condition_model_new_conv:__call__:491 - Up block 2
2026-05-29 08:16:21.529 | INFO     | models.demos.wormhole.stable_diffusion.tt.ttnn_functional_unet_2d_condition_model_new_conv:__call__:491 - Up block 3
2026-05-29 08:16:21.549 | INFO     | models.demos.wormhole.stable_diffusion.tt.ttnn_functional_unet_2d_condition_model_new_conv:__call__:406 - Down block 0
2026-05-29 08:16:21.555 | info     |              Op | act_block_h_override 2 is not a valid override for padded_output_height_ntiles_per_core 7, instead 1 was selected as closest valid option! (conv2d_utils.cpp:401)
2026-05-29 08:16:21.555 | INFO     | models.demos.wormhole.stable_diffusion.tt.ttnn_functional_unet_2d_condition_model_new_conv:__call__:406 - Down block 1
2026-05-29 08:16:21.560 | INFO     | models.demos.wormhole.stable_diffusion.tt.ttnn_functional_unet_2d_condition_model_new_conv:__call__:406 - Down block 2
2026-05-29 08:16:21.563 | INFO     | models.demos.wormhole.stable_diffusion.tt.ttnn_functional_unet_2d_condition_model_new_conv:__call__:406 - Down block 3
2026-05-29 08:16:21.564 | INFO     | models.demos.wormhole.stable_diffusion.tt.ttnn_functional_unet_2d_condition_model_new_conv:__call__:460 - Mid block
2026-05-29 08:16:21.565 | warning  |              Op | Mismatch between computed MemoryConfig(memory_layout=TensorMemoryLayout::BLOCK_SHARDED,buffer_type=BufferType::L1,shard_spec=ShardSpec(grid={[(x=0,y=0) - (x=7,y=3)]},shape={32, 160},orientation=ShardOrientation::ROW_MAJOR),nd_shard_spec=NdShardSpec(shard_shape=Shape([32, 160]),grid={[(x=0,y=0) - (x=7,y=3)]},orientation=ShardOrientation::ROW_MAJOR,shard_distribution_strategy=ShardDistributionStrategy::GRID_2D),created_with_nd_shard_spec=0) and provided MemoryConfig(memory_layout=TensorMemoryLayout::BLOCK_SHARDED,buffer_type=BufferType::L1,shard_spec=ShardSpec(grid={[(x=0,y=0) - (x=7,y=7)]},shape={32, 160},orientation=ShardOrientation::ROW_MAJOR),nd_shard_spec=std::nullopt,created_with_nd_shard_spec=0) mem config. Using computed config. (matmul_op.cpp:1674)
2026-05-29 08:16:21.566 | INFO     | models.demos.wormhole.stable_diffusion.tt.ttnn_functional_unet_2d_condition_model_new_conv:__call__:491 - Up block 0
2026-05-29 08:16:21.567 | INFO     | models.demos.wormhole.stable_diffusion.tt.ttnn_functional_unet_2d_condition_model_new_conv:__call__:491 - Up block 1
2026-05-29 08:16:21.572 | INFO     | models.demos.wormhole.stable_diffusion.tt.ttnn_functional_unet_2d_condition_model_new_conv:__call__:491 - Up block 2
2026-05-29 08:16:21.580 | INFO     | models.demos.wormhole.stable_diffusion.tt.ttnn_functional_unet_2d_condition_model_new_conv:__call__:491 - Up block 3
  Step 21/41
2026-05-29 08:16:21.603 | INFO     | models.demos.wormhole.stable_diffusion.tt.ttnn_functional_unet_2d_condition_model_new_conv:__call__:406 - Down block 0
2026-05-29 08:16:21.609 | info     |              Op | act_block_h_override 2 is not a valid override for padded_output_height_ntiles_per_core 7, instead 1 was selected as closest valid option! (conv2d_utils.cpp:401)
2026-05-29 08:16:21.609 | INFO     | models.demos.wormhole.stable_diffusion.tt.ttnn_functional_unet_2d_condition_model_new_conv:__call__:406 - Down block 1
2026-05-29 08:16:21.614 | INFO     | models.demos.wormhole.stable_diffusion.tt.ttnn_functional_unet_2d_condition_model_new_conv:__call__:406 - Down block 2
2026-05-29 08:16:21.618 | INFO     | models.demos.wormhole.stable_diffusion.tt.ttnn_functional_unet_2d_condition_model_new_conv:__call__:406 - Down block 3
2026-05-29 08:16:21.618 | INFO     | models.demos.wormhole.stable_diffusion.tt.ttnn_functional_unet_2d_condition_model_new_conv:__call__:460 - Mid block
2026-05-29 08:16:21.619 | warning  |              Op | Mismatch between computed MemoryConfig(memory_layout=TensorMemoryLayout::BLOCK_SHARDED,buffer_type=BufferType::L1,shard_spec=ShardSpec(grid={[(x=0,y=0) - (x=7,y=3)]},shape={32, 160},orientation=ShardOrientation::ROW_MAJOR),nd_shard_spec=NdShardSpec(shard_shape=Shape([32, 160]),grid={[(x=0,y=0) - (x=7,y=3)]},orientation=ShardOrientation::ROW_MAJOR,shard_distribution_strategy=ShardDistributionStrategy::GRID_2D),created_with_nd_shard_spec=0) and provided MemoryConfig(memory_layout=TensorMemoryLayout::BLOCK_SHARDED,buffer_type=BufferType::L1,shard_spec=ShardSpec(grid={[(x=0,y=0) - (x=7,y=7)]},shape={32, 160},orientation=ShardOrientation::ROW_MAJOR),nd_shard_spec=std::nullopt,created_with_nd_shard_spec=0) mem config. Using computed config. (matmul_op.cpp:1674)
2026-05-29 08:16:21.620 | INFO     | models.demos.wormhole.stable_diffusion.tt.ttnn_functional_unet_2d_condition_model_new_conv:__call__:491 - Up block 0
2026-05-29 08:16:21.622 | INFO     | models.demos.wormhole.stable_diffusion.tt.ttnn_functional_unet_2d_condition_model_new_conv:__call__:491 - Up block 1
2026-05-29 08:16:21.626 | INFO     | models.demos.wormhole.stable_diffusion.tt.ttnn_functional_unet_2d_condition_model_new_conv:__call__:491 - Up block 2
2026-05-29 08:16:21.634 | INFO     | models.demos.wormhole.stable_diffusion.tt.ttnn_functional_unet_2d_condition_model_new_conv:__call__:491 - Up block 3
2026-05-29 08:16:21.655 | INFO     | models.demos.wormhole.stable_diffusion.tt.ttnn_functional_unet_2d_condition_model_new_conv:__call__:406 - Down block 0
2026-05-29 08:16:21.661 | info     |              Op | act_block_h_override 2 is not a valid override for padded_output_height_ntiles_per_core 7, instead 1 was selected as closest valid option! (conv2d_utils.cpp:401)
2026-05-29 08:16:21.661 | INFO     | models.demos.wormhole.stable_diffusion.tt.ttnn_functional_unet_2d_condition_model_new_conv:__call__:406 - Down block 1
2026-05-29 08:16:21.666 | INFO     | models.demos.wormhole.stable_diffusion.tt.ttnn_functional_unet_2d_condition_model_new_conv:__call__:406 - Down block 2
2026-05-29 08:16:21.670 | INFO     | models.demos.wormhole.stable_diffusion.tt.ttnn_functional_unet_2d_condition_model_new_conv:__call__:406 - Down block 3
2026-05-29 08:16:21.670 | INFO     | models.demos.wormhole.stable_diffusion.tt.ttnn_functional_unet_2d_condition_model_new_conv:__call__:460 - Mid block
2026-05-29 08:16:21.671 | warning  |              Op | Mismatch between computed MemoryConfig(memory_layout=TensorMemoryLayout::BLOCK_SHARDED,buffer_type=BufferType::L1,shard_spec=ShardSpec(grid={[(x=0,y=0) - (x=7,y=3)]},shape={32, 160},orientation=ShardOrientation::ROW_MAJOR),nd_shard_spec=NdShardSpec(shard_shape=Shape([32, 160]),grid={[(x=0,y=0) - (x=7,y=3)]},orientation=ShardOrientation::ROW_MAJOR,shard_distribution_strategy=ShardDistributionStrategy::GRID_2D),created_with_nd_shard_spec=0) and provided MemoryConfig(memory_layout=TensorMemoryLayout::BLOCK_SHARDED,buffer_type=BufferType::L1,shard_spec=ShardSpec(grid={[(x=0,y=0) - (x=7,y=7)]},shape={32, 160},orientation=ShardOrientation::ROW_MAJOR),nd_shard_spec=std::nullopt,created_with_nd_shard_spec=0) mem config. Using computed config. (matmul_op.cpp:1674)
2026-05-29 08:16:21.672 | INFO     | models.demos.wormhole.stable_diffusion.tt.ttnn_functional_unet_2d_condition_model_new_conv:__call__:491 - Up block 0
2026-05-29 08:16:21.673 | INFO     | models.demos.wormhole.stable_diffusion.tt.ttnn_functional_unet_2d_condition_model_new_conv:__call__:491 - Up block 1
2026-05-29 08:16:21.678 | INFO     | models.demos.wormhole.stable_diffusion.tt.ttnn_functional_unet_2d_condition_model_new_conv:__call__:491 - Up block 2
2026-05-29 08:16:21.686 | INFO     | models.demos.wormhole.stable_diffusion.tt.ttnn_functional_unet_2d_condition_model_new_conv:__call__:491 - Up block 3
2026-05-29 08:16:21.707 | INFO     | models.demos.wormhole.stable_diffusion.tt.ttnn_functional_unet_2d_condition_model_new_conv:__call__:406 - Down block 0
2026-05-29 08:16:21.713 | info     |              Op | act_block_h_override 2 is not a valid override for padded_output_height_ntiles_per_core 7, instead 1 was selected as closest valid option! (conv2d_utils.cpp:401)
2026-05-29 08:16:21.713 | INFO     | models.demos.wormhole.stable_diffusion.tt.ttnn_functional_unet_2d_condition_model_new_conv:__call__:406 - Down block 1
2026-05-29 08:16:21.718 | INFO     | models.demos.wormhole.stable_diffusion.tt.ttnn_functional_unet_2d_condition_model_new_conv:__call__:406 - Down block 2
2026-05-29 08:16:21.721 | INFO     | models.demos.wormhole.stable_diffusion.tt.ttnn_functional_unet_2d_condition_model_new_conv:__call__:406 - Down block 3
2026-05-29 08:16:21.722 | INFO     | models.demos.wormhole.stable_diffusion.tt.ttnn_functional_unet_2d_condition_model_new_conv:__call__:460 - Mid block
2026-05-29 08:16:21.723 | warning  |              Op | Mismatch between computed MemoryConfig(memory_layout=TensorMemoryLayout::BLOCK_SHARDED,buffer_type=BufferType::L1,shard_spec=ShardSpec(grid={[(x=0,y=0) - (x=7,y=3)]},shape={32, 160},orientation=ShardOrientation::ROW_MAJOR),nd_shard_spec=NdShardSpec(shard_shape=Shape([32, 160]),grid={[(x=0,y=0) - (x=7,y=3)]},orientation=ShardOrientation::ROW_MAJOR,shard_distribution_strategy=ShardDistributionStrategy::GRID_2D),created_with_nd_shard_spec=0) and provided MemoryConfig(memory_layout=TensorMemoryLayout::BLOCK_SHARDED,buffer_type=BufferType::L1,shard_spec=ShardSpec(grid={[(x=0,y=0) - (x=7,y=7)]},shape={32, 160},orientation=ShardOrientation::ROW_MAJOR),nd_shard_spec=std::nullopt,created_with_nd_shard_spec=0) mem config. Using computed config. (matmul_op.cpp:1674)
2026-05-29 08:16:21.724 | INFO     | models.demos.wormhole.stable_diffusion.tt.ttnn_functional_unet_2d_condition_model_new_conv:__call__:491 - Up block 0
2026-05-29 08:16:21.725 | INFO     | models.demos.wormhole.stable_diffusion.tt.ttnn_functional_unet_2d_condition_model_new_conv:__call__:491 - Up block 1
2026-05-29 08:16:21.730 | INFO     | models.demos.wormhole.stable_diffusion.tt.ttnn_functional_unet_2d_condition_model_new_conv:__call__:491 - Up block 2
2026-05-29 08:16:21.738 | INFO     | models.demos.wormhole.stable_diffusion.tt.ttnn_functional_unet_2d_condition_model_new_conv:__call__:491 - Up block 3
2026-05-29 08:16:21.759 | INFO     | models.demos.wormhole.stable_diffusion.tt.ttnn_functional_unet_2d_condition_model_new_conv:__call__:406 - Down block 0
2026-05-29 08:16:21.765 | info     |              Op | act_block_h_override 2 is not a valid override for padded_output_height_ntiles_per_core 7, instead 1 was selected as closest valid option! (conv2d_utils.cpp:401)
2026-05-29 08:16:21.765 | INFO     | models.demos.wormhole.stable_diffusion.tt.ttnn_functional_unet_2d_condition_model_new_conv:__call__:406 - Down block 1
2026-05-29 08:16:21.770 | INFO     | models.demos.wormhole.stable_diffusion.tt.ttnn_functional_unet_2d_condition_model_new_conv:__call__:406 - Down block 2
2026-05-29 08:16:21.774 | INFO     | models.demos.wormhole.stable_diffusion.tt.ttnn_functional_unet_2d_condition_model_new_conv:__call__:406 - Down block 3
2026-05-29 08:16:21.774 | INFO     | models.demos.wormhole.stable_diffusion.tt.ttnn_functional_unet_2d_condition_model_new_conv:__call__:460 - Mid block
2026-05-29 08:16:21.775 | warning  |              Op | Mismatch between computed MemoryConfig(memory_layout=TensorMemoryLayout::BLOCK_SHARDED,buffer_type=BufferType::L1,shard_spec=ShardSpec(grid={[(x=0,y=0) - (x=7,y=3)]},shape={32, 160},orientation=ShardOrientation::ROW_MAJOR),nd_shard_spec=NdShardSpec(shard_shape=Shape([32, 160]),grid={[(x=0,y=0) - (x=7,y=3)]},orientation=ShardOrientation::ROW_MAJOR,shard_distribution_strategy=ShardDistributionStrategy::GRID_2D),created_with_nd_shard_spec=0) and provided MemoryConfig(memory_layout=TensorMemoryLayout::BLOCK_SHARDED,buffer_type=BufferType::L1,shard_spec=ShardSpec(grid={[(x=0,y=0) - (x=7,y=7)]},shape={32, 160},orientation=ShardOrientation::ROW_MAJOR),nd_shard_spec=std::nullopt,created_with_nd_shard_spec=0) mem config. Using computed config. (matmul_op.cpp:1674)
2026-05-29 08:16:21.776 | INFO     | models.demos.wormhole.stable_diffusion.tt.ttnn_functional_unet_2d_condition_model_new_conv:__call__:491 - Up block 0
2026-05-29 08:16:21.778 | INFO     | models.demos.wormhole.stable_diffusion.tt.ttnn_functional_unet_2d_condition_model_new_conv:__call__:491 - Up block 1
2026-05-29 08:16:21.782 | INFO     | models.demos.wormhole.stable_diffusion.tt.ttnn_functional_unet_2d_condition_model_new_conv:__call__:491 - Up block 2
2026-05-29 08:16:21.790 | INFO     | models.demos.wormhole.stable_diffusion.tt.ttnn_functional_unet_2d_condition_model_new_conv:__call__:491 - Up block 3
2026-05-29 08:16:21.811 | INFO     | models.demos.wormhole.stable_diffusion.tt.ttnn_functional_unet_2d_condition_model_new_conv:__call__:406 - Down block 0
2026-05-29 08:16:21.816 | info     |              Op | act_block_h_override 2 is not a valid override for padded_output_height_ntiles_per_core 7, instead 1 was selected as closest valid option! (conv2d_utils.cpp:401)
2026-05-29 08:16:21.817 | INFO     | models.demos.wormhole.stable_diffusion.tt.ttnn_functional_unet_2d_condition_model_new_conv:__call__:406 - Down block 1
2026-05-29 08:16:21.822 | INFO     | models.demos.wormhole.stable_diffusion.tt.ttnn_functional_unet_2d_condition_model_new_conv:__call__:406 - Down block 2
2026-05-29 08:16:21.825 | INFO     | models.demos.wormhole.stable_diffusion.tt.ttnn_functional_unet_2d_condition_model_new_conv:__call__:406 - Down block 3
2026-05-29 08:16:21.826 | INFO     | models.demos.wormhole.stable_diffusion.tt.ttnn_functional_unet_2d_condition_model_new_conv:__call__:460 - Mid block
2026-05-29 08:16:21.826 | warning  |              Op | Mismatch between computed MemoryConfig(memory_layout=TensorMemoryLayout::BLOCK_SHARDED,buffer_type=BufferType::L1,shard_spec=ShardSpec(grid={[(x=0,y=0) - (x=7,y=3)]},shape={32, 160},orientation=ShardOrientation::ROW_MAJOR),nd_shard_spec=NdShardSpec(shard_shape=Shape([32, 160]),grid={[(x=0,y=0) - (x=7,y=3)]},orientation=ShardOrientation::ROW_MAJOR,shard_distribution_strategy=ShardDistributionStrategy::GRID_2D),created_with_nd_shard_spec=0) and provided MemoryConfig(memory_layout=TensorMemoryLayout::BLOCK_SHARDED,buffer_type=BufferType::L1,shard_spec=ShardSpec(grid={[(x=0,y=0) - (x=7,y=7)]},shape={32, 160},orientation=ShardOrientation::ROW_MAJOR),nd_shard_spec=std::nullopt,created_with_nd_shard_spec=0) mem config. Using computed config. (matmul_op.cpp:1674)
2026-05-29 08:16:21.828 | INFO     | models.demos.wormhole.stable_diffusion.tt.ttnn_functional_unet_2d_condition_model_new_conv:__call__:491 - Up block 0
2026-05-29 08:16:21.829 | INFO     | models.demos.wormhole.stable_diffusion.tt.ttnn_functional_unet_2d_condition_model_new_conv:__call__:491 - Up block 1
2026-05-29 08:16:21.834 | INFO     | models.demos.wormhole.stable_diffusion.tt.ttnn_functional_unet_2d_condition_model_new_conv:__call__:491 - Up block 2
2026-05-29 08:16:21.842 | INFO     | models.demos.wormhole.stable_diffusion.tt.ttnn_functional_unet_2d_condition_model_new_conv:__call__:491 - Up block 3
2026-05-29 08:16:21.863 | INFO     | models.demos.wormhole.stable_diffusion.tt.ttnn_functional_unet_2d_condition_model_new_conv:__call__:406 - Down block 0
2026-05-29 08:16:21.868 | info     |              Op | act_block_h_override 2 is not a valid override for padded_output_height_ntiles_per_core 7, instead 1 was selected as closest valid option! (conv2d_utils.cpp:401)
2026-05-29 08:16:21.868 | INFO     | models.demos.wormhole.stable_diffusion.tt.ttnn_functional_unet_2d_condition_model_new_conv:__call__:406 - Down block 1
2026-05-29 08:16:21.873 | INFO     | models.demos.wormhole.stable_diffusion.tt.ttnn_functional_unet_2d_condition_model_new_conv:__call__:406 - Down block 2
2026-05-29 08:16:21.877 | INFO     | models.demos.wormhole.stable_diffusion.tt.ttnn_functional_unet_2d_condition_model_new_conv:__call__:406 - Down block 3
2026-05-29 08:16:21.877 | INFO     | models.demos.wormhole.stable_diffusion.tt.ttnn_functional_unet_2d_condition_model_new_conv:__call__:460 - Mid block
2026-05-29 08:16:21.878 | warning  |              Op | Mismatch between computed MemoryConfig(memory_layout=TensorMemoryLayout::BLOCK_SHARDED,buffer_type=BufferType::L1,shard_spec=ShardSpec(grid={[(x=0,y=0) - (x=7,y=3)]},shape={32, 160},orientation=ShardOrientation::ROW_MAJOR),nd_shard_spec=NdShardSpec(shard_shape=Shape([32, 160]),grid={[(x=0,y=0) - (x=7,y=3)]},orientation=ShardOrientation::ROW_MAJOR,shard_distribution_strategy=ShardDistributionStrategy::GRID_2D),created_with_nd_shard_spec=0) and provided MemoryConfig(memory_layout=TensorMemoryLayout::BLOCK_SHARDED,buffer_type=BufferType::L1,shard_spec=ShardSpec(grid={[(x=0,y=0) - (x=7,y=7)]},shape={32, 160},orientation=ShardOrientation::ROW_MAJOR),nd_shard_spec=std::nullopt,created_with_nd_shard_spec=0) mem config. Using computed config. (matmul_op.cpp:1674)
2026-05-29 08:16:21.879 | INFO     | models.demos.wormhole.stable_diffusion.tt.ttnn_functional_unet_2d_condition_model_new_conv:__call__:491 - Up block 0
2026-05-29 08:16:21.880 | INFO     | models.demos.wormhole.stable_diffusion.tt.ttnn_functional_unet_2d_condition_model_new_conv:__call__:491 - Up block 1
2026-05-29 08:16:21.885 | INFO     | models.demos.wormhole.stable_diffusion.tt.ttnn_functional_unet_2d_condition_model_new_conv:__call__:491 - Up block 2
2026-05-29 08:16:21.893 | INFO     | models.demos.wormhole.stable_diffusion.tt.ttnn_functional_unet_2d_condition_model_new_conv:__call__:491 - Up block 3
2026-05-29 08:16:21.914 | INFO     | models.demos.wormhole.stable_diffusion.tt.ttnn_functional_unet_2d_condition_model_new_conv:__call__:406 - Down block 0
2026-05-29 08:16:21.920 | info     |              Op | act_block_h_override 2 is not a valid override for padded_output_height_ntiles_per_core 7, instead 1 was selected as closest valid option! (conv2d_utils.cpp:401)
2026-05-29 08:16:21.920 | INFO     | models.demos.wormhole.stable_diffusion.tt.ttnn_functional_unet_2d_condition_model_new_conv:__call__:406 - Down block 1
2026-05-29 08:16:21.925 | INFO     | models.demos.wormhole.stable_diffusion.tt.ttnn_functional_unet_2d_condition_model_new_conv:__call__:406 - Down block 2
2026-05-29 08:16:21.929 | INFO     | models.demos.wormhole.stable_diffusion.tt.ttnn_functional_unet_2d_condition_model_new_conv:__call__:406 - Down block 3
2026-05-29 08:16:21.930 | INFO     | models.demos.wormhole.stable_diffusion.tt.ttnn_functional_unet_2d_condition_model_new_conv:__call__:460 - Mid block
2026-05-29 08:16:21.930 | warning  |              Op | Mismatch between computed MemoryConfig(memory_layout=TensorMemoryLayout::BLOCK_SHARDED,buffer_type=BufferType::L1,shard_spec=ShardSpec(grid={[(x=0,y=0) - (x=7,y=3)]},shape={32, 160},orientation=ShardOrientation::ROW_MAJOR),nd_shard_spec=NdShardSpec(shard_shape=Shape([32, 160]),grid={[(x=0,y=0) - (x=7,y=3)]},orientation=ShardOrientation::ROW_MAJOR,shard_distribution_strategy=ShardDistributionStrategy::GRID_2D),created_with_nd_shard_spec=0) and provided MemoryConfig(memory_layout=TensorMemoryLayout::BLOCK_SHARDED,buffer_type=BufferType::L1,shard_spec=ShardSpec(grid={[(x=0,y=0) - (x=7,y=7)]},shape={32, 160},orientation=ShardOrientation::ROW_MAJOR),nd_shard_spec=std::nullopt,created_with_nd_shard_spec=0) mem config. Using computed config. (matmul_op.cpp:1674)
2026-05-29 08:16:21.931 | INFO     | models.demos.wormhole.stable_diffusion.tt.ttnn_functional_unet_2d_condition_model_new_conv:__call__:491 - Up block 0
2026-05-29 08:16:21.933 | INFO     | models.demos.wormhole.stable_diffusion.tt.ttnn_functional_unet_2d_condition_model_new_conv:__call__:491 - Up block 1
2026-05-29 08:16:21.937 | INFO     | models.demos.wormhole.stable_diffusion.tt.ttnn_functional_unet_2d_condition_model_new_conv:__call__:491 - Up block 2
2026-05-29 08:16:21.945 | INFO     | models.demos.wormhole.stable_diffusion.tt.ttnn_functional_unet_2d_condition_model_new_conv:__call__:491 - Up block 3
2026-05-29 08:16:21.966 | INFO     | models.demos.wormhole.stable_diffusion.tt.ttnn_functional_unet_2d_condition_model_new_conv:__call__:406 - Down block 0
2026-05-29 08:16:21.972 | info     |              Op | act_block_h_override 2 is not a valid override for padded_output_height_ntiles_per_core 7, instead 1 was selected as closest valid option! (conv2d_utils.cpp:401)
2026-05-29 08:16:21.972 | INFO     | models.demos.wormhole.stable_diffusion.tt.ttnn_functional_unet_2d_condition_model_new_conv:__call__:406 - Down block 1
2026-05-29 08:16:21.977 | INFO     | models.demos.wormhole.stable_diffusion.tt.ttnn_functional_unet_2d_condition_model_new_conv:__call__:406 - Down block 2
2026-05-29 08:16:21.980 | INFO     | models.demos.wormhole.stable_diffusion.tt.ttnn_functional_unet_2d_condition_model_new_conv:__call__:406 - Down block 3
2026-05-29 08:16:21.981 | INFO     | models.demos.wormhole.stable_diffusion.tt.ttnn_functional_unet_2d_condition_model_new_conv:__call__:460 - Mid block
2026-05-29 08:16:21.981 | warning  |              Op | Mismatch between computed MemoryConfig(memory_layout=TensorMemoryLayout::BLOCK_SHARDED,buffer_type=BufferType::L1,shard_spec=ShardSpec(grid={[(x=0,y=0) - (x=7,y=3)]},shape={32, 160},orientation=ShardOrientation::ROW_MAJOR),nd_shard_spec=NdShardSpec(shard_shape=Shape([32, 160]),grid={[(x=0,y=0) - (x=7,y=3)]},orientation=ShardOrientation::ROW_MAJOR,shard_distribution_strategy=ShardDistributionStrategy::GRID_2D),created_with_nd_shard_spec=0) and provided MemoryConfig(memory_layout=TensorMemoryLayout::BLOCK_SHARDED,buffer_type=BufferType::L1,shard_spec=ShardSpec(grid={[(x=0,y=0) - (x=7,y=7)]},shape={32, 160},orientation=ShardOrientation::ROW_MAJOR),nd_shard_spec=std::nullopt,created_with_nd_shard_spec=0) mem config. Using computed config. (matmul_op.cpp:1674)
2026-05-29 08:16:21.983 | INFO     | models.demos.wormhole.stable_diffusion.tt.ttnn_functional_unet_2d_condition_model_new_conv:__call__:491 - Up block 0
2026-05-29 08:16:21.984 | INFO     | models.demos.wormhole.stable_diffusion.tt.ttnn_functional_unet_2d_condition_model_new_conv:__call__:491 - Up block 1
2026-05-29 08:16:21.989 | INFO     | models.demos.wormhole.stable_diffusion.tt.ttnn_functional_unet_2d_condition_model_new_conv:__call__:491 - Up block 2
2026-05-29 08:16:21.997 | INFO     | models.demos.wormhole.stable_diffusion.tt.ttnn_functional_unet_2d_condition_model_new_conv:__call__:491 - Up block 3
  Step 22/41
2026-05-29 08:16:22.020 | INFO     | models.demos.wormhole.stable_diffusion.tt.ttnn_functional_unet_2d_condition_model_new_conv:__call__:406 - Down block 0
2026-05-29 08:16:22.026 | info     |              Op | act_block_h_override 2 is not a valid override for padded_output_height_ntiles_per_core 7, instead 1 was selected as closest valid option! (conv2d_utils.cpp:401)
2026-05-29 08:16:22.026 | INFO     | models.demos.wormhole.stable_diffusion.tt.ttnn_functional_unet_2d_condition_model_new_conv:__call__:406 - Down block 1
2026-05-29 08:16:22.032 | INFO     | models.demos.wormhole.stable_diffusion.tt.ttnn_functional_unet_2d_condition_model_new_conv:__call__:406 - Down block 2
2026-05-29 08:16:22.035 | INFO     | models.demos.wormhole.stable_diffusion.tt.ttnn_functional_unet_2d_condition_model_new_conv:__call__:406 - Down block 3
2026-05-29 08:16:22.036 | INFO     | models.demos.wormhole.stable_diffusion.tt.ttnn_functional_unet_2d_condition_model_new_conv:__call__:460 - Mid block
2026-05-29 08:16:22.036 | warning  |              Op | Mismatch between computed MemoryConfig(memory_layout=TensorMemoryLayout::BLOCK_SHARDED,buffer_type=BufferType::L1,shard_spec=ShardSpec(grid={[(x=0,y=0) - (x=7,y=3)]},shape={32, 160},orientation=ShardOrientation::ROW_MAJOR),nd_shard_spec=NdShardSpec(shard_shape=Shape([32, 160]),grid={[(x=0,y=0) - (x=7,y=3)]},orientation=ShardOrientation::ROW_MAJOR,shard_distribution_strategy=ShardDistributionStrategy::GRID_2D),created_with_nd_shard_spec=0) and provided MemoryConfig(memory_layout=TensorMemoryLayout::BLOCK_SHARDED,buffer_type=BufferType::L1,shard_spec=ShardSpec(grid={[(x=0,y=0) - (x=7,y=7)]},shape={32, 160},orientation=ShardOrientation::ROW_MAJOR),nd_shard_spec=std::nullopt,created_with_nd_shard_spec=0) mem config. Using computed config. (matmul_op.cpp:1674)
2026-05-29 08:16:22.038 | INFO     | models.demos.wormhole.stable_diffusion.tt.ttnn_functional_unet_2d_condition_model_new_conv:__call__:491 - Up block 0
2026-05-29 08:16:22.039 | INFO     | models.demos.wormhole.stable_diffusion.tt.ttnn_functional_unet_2d_condition_model_new_conv:__call__:491 - Up block 1
2026-05-29 08:16:22.044 | INFO     | models.demos.wormhole.stable_diffusion.tt.ttnn_functional_unet_2d_condition_model_new_conv:__call__:491 - Up block 2
2026-05-29 08:16:22.052 | INFO     | models.demos.wormhole.stable_diffusion.tt.ttnn_functional_unet_2d_condition_model_new_conv:__call__:491 - Up block 3
2026-05-29 08:16:22.072 | INFO     | models.demos.wormhole.stable_diffusion.tt.ttnn_functional_unet_2d_condition_model_new_conv:__call__:406 - Down block 0
2026-05-29 08:16:22.078 | info     |              Op | act_block_h_override 2 is not a valid override for padded_output_height_ntiles_per_core 7, instead 1 was selected as closest valid option! (conv2d_utils.cpp:401)
2026-05-29 08:16:22.078 | INFO     | models.demos.wormhole.stable_diffusion.tt.ttnn_functional_unet_2d_condition_model_new_conv:__call__:406 - Down block 1
2026-05-29 08:16:22.083 | INFO     | models.demos.wormhole.stable_diffusion.tt.ttnn_functional_unet_2d_condition_model_new_conv:__call__:406 - Down block 2
2026-05-29 08:16:22.087 | INFO     | models.demos.wormhole.stable_diffusion.tt.ttnn_functional_unet_2d_condition_model_new_conv:__call__:406 - Down block 3
2026-05-29 08:16:22.087 | INFO     | models.demos.wormhole.stable_diffusion.tt.ttnn_functional_unet_2d_condition_model_new_conv:__call__:460 - Mid block
2026-05-29 08:16:22.088 | warning  |              Op | Mismatch between computed MemoryConfig(memory_layout=TensorMemoryLayout::BLOCK_SHARDED,buffer_type=BufferType::L1,shard_spec=ShardSpec(grid={[(x=0,y=0) - (x=7,y=3)]},shape={32, 160},orientation=ShardOrientation::ROW_MAJOR),nd_shard_spec=NdShardSpec(shard_shape=Shape([32, 160]),grid={[(x=0,y=0) - (x=7,y=3)]},orientation=ShardOrientation::ROW_MAJOR,shard_distribution_strategy=ShardDistributionStrategy::GRID_2D),created_with_nd_shard_spec=0) and provided MemoryConfig(memory_layout=TensorMemoryLayout::BLOCK_SHARDED,buffer_type=BufferType::L1,shard_spec=ShardSpec(grid={[(x=0,y=0) - (x=7,y=7)]},shape={32, 160},orientation=ShardOrientation::ROW_MAJOR),nd_shard_spec=std::nullopt,created_with_nd_shard_spec=0) mem config. Using computed config. (matmul_op.cpp:1674)
2026-05-29 08:16:22.089 | INFO     | models.demos.wormhole.stable_diffusion.tt.ttnn_functional_unet_2d_condition_model_new_conv:__call__:491 - Up block 0
2026-05-29 08:16:22.090 | INFO     | models.demos.wormhole.stable_diffusion.tt.ttnn_functional_unet_2d_condition_model_new_conv:__call__:491 - Up block 1
2026-05-29 08:16:22.095 | INFO     | models.demos.wormhole.stable_diffusion.tt.ttnn_functional_unet_2d_condition_model_new_conv:__call__:491 - Up block 2
2026-05-29 08:16:22.103 | INFO     | models.demos.wormhole.stable_diffusion.tt.ttnn_functional_unet_2d_condition_model_new_conv:__call__:491 - Up block 3
2026-05-29 08:16:22.124 | INFO     | models.demos.wormhole.stable_diffusion.tt.ttnn_functional_unet_2d_condition_model_new_conv:__call__:406 - Down block 0
2026-05-29 08:16:22.130 | info     |              Op | act_block_h_override 2 is not a valid override for padded_output_height_ntiles_per_core 7, instead 1 was selected as closest valid option! (conv2d_utils.cpp:401)
2026-05-29 08:16:22.130 | INFO     | models.demos.wormhole.stable_diffusion.tt.ttnn_functional_unet_2d_condition_model_new_conv:__call__:406 - Down block 1
2026-05-29 08:16:22.135 | INFO     | models.demos.wormhole.stable_diffusion.tt.ttnn_functional_unet_2d_condition_model_new_conv:__call__:406 - Down block 2
2026-05-29 08:16:22.139 | INFO     | models.demos.wormhole.stable_diffusion.tt.ttnn_functional_unet_2d_condition_model_new_conv:__call__:406 - Down block 3
2026-05-29 08:16:22.139 | INFO     | models.demos.wormhole.stable_diffusion.tt.ttnn_functional_unet_2d_condition_model_new_conv:__call__:460 - Mid block
2026-05-29 08:16:22.140 | warning  |              Op | Mismatch between computed MemoryConfig(memory_layout=TensorMemoryLayout::BLOCK_SHARDED,buffer_type=BufferType::L1,shard_spec=ShardSpec(grid={[(x=0,y=0) - (x=7,y=3)]},shape={32, 160},orientation=ShardOrientation::ROW_MAJOR),nd_shard_spec=NdShardSpec(shard_shape=Shape([32, 160]),grid={[(x=0,y=0) - (x=7,y=3)]},orientation=ShardOrientation::ROW_MAJOR,shard_distribution_strategy=ShardDistributionStrategy::GRID_2D),created_with_nd_shard_spec=0) and provided MemoryConfig(memory_layout=TensorMemoryLayout::BLOCK_SHARDED,buffer_type=BufferType::L1,shard_spec=ShardSpec(grid={[(x=0,y=0) - (x=7,y=7)]},shape={32, 160},orientation=ShardOrientation::ROW_MAJOR),nd_shard_spec=std::nullopt,created_with_nd_shard_spec=0) mem config. Using computed config. (matmul_op.cpp:1674)
2026-05-29 08:16:22.141 | INFO     | models.demos.wormhole.stable_diffusion.tt.ttnn_functional_unet_2d_condition_model_new_conv:__call__:491 - Up block 0
2026-05-29 08:16:22.142 | INFO     | models.demos.wormhole.stable_diffusion.tt.ttnn_functional_unet_2d_condition_model_new_conv:__call__:491 - Up block 1
2026-05-29 08:16:22.147 | INFO     | models.demos.wormhole.stable_diffusion.tt.ttnn_functional_unet_2d_condition_model_new_conv:__call__:491 - Up block 2
2026-05-29 08:16:22.155 | INFO     | models.demos.wormhole.stable_diffusion.tt.ttnn_functional_unet_2d_condition_model_new_conv:__call__:491 - Up block 3
2026-05-29 08:16:22.176 | INFO     | models.demos.wormhole.stable_diffusion.tt.ttnn_functional_unet_2d_condition_model_new_conv:__call__:406 - Down block 0
2026-05-29 08:16:22.182 | info     |              Op | act_block_h_override 2 is not a valid override for padded_output_height_ntiles_per_core 7, instead 1 was selected as closest valid option! (conv2d_utils.cpp:401)
2026-05-29 08:16:22.182 | INFO     | models.demos.wormhole.stable_diffusion.tt.ttnn_functional_unet_2d_condition_model_new_conv:__call__:406 - Down block 1
2026-05-29 08:16:22.187 | INFO     | models.demos.wormhole.stable_diffusion.tt.ttnn_functional_unet_2d_condition_model_new_conv:__call__:406 - Down block 2
2026-05-29 08:16:22.191 | INFO     | models.demos.wormhole.stable_diffusion.tt.ttnn_functional_unet_2d_condition_model_new_conv:__call__:406 - Down block 3
2026-05-29 08:16:22.192 | INFO     | models.demos.wormhole.stable_diffusion.tt.ttnn_functional_unet_2d_condition_model_new_conv:__call__:460 - Mid block
2026-05-29 08:16:22.192 | warning  |              Op | Mismatch between computed MemoryConfig(memory_layout=TensorMemoryLayout::BLOCK_SHARDED,buffer_type=BufferType::L1,shard_spec=ShardSpec(grid={[(x=0,y=0) - (x=7,y=3)]},shape={32, 160},orientation=ShardOrientation::ROW_MAJOR),nd_shard_spec=NdShardSpec(shard_shape=Shape([32, 160]),grid={[(x=0,y=0) - (x=7,y=3)]},orientation=ShardOrientation::ROW_MAJOR,shard_distribution_strategy=ShardDistributionStrategy::GRID_2D),created_with_nd_shard_spec=0) and provided MemoryConfig(memory_layout=TensorMemoryLayout::BLOCK_SHARDED,buffer_type=BufferType::L1,shard_spec=ShardSpec(grid={[(x=0,y=0) - (x=7,y=7)]},shape={32, 160},orientation=ShardOrientation::ROW_MAJOR),nd_shard_spec=std::nullopt,created_with_nd_shard_spec=0) mem config. Using computed config. (matmul_op.cpp:1674)
2026-05-29 08:16:22.193 | INFO     | models.demos.wormhole.stable_diffusion.tt.ttnn_functional_unet_2d_condition_model_new_conv:__call__:491 - Up block 0
2026-05-29 08:16:22.195 | INFO     | models.demos.wormhole.stable_diffusion.tt.ttnn_functional_unet_2d_condition_model_new_conv:__call__:491 - Up block 1
2026-05-29 08:16:22.200 | INFO     | models.demos.wormhole.stable_diffusion.tt.ttnn_functional_unet_2d_condition_model_new_conv:__call__:491 - Up block 2
2026-05-29 08:16:22.208 | INFO     | models.demos.wormhole.stable_diffusion.tt.ttnn_functional_unet_2d_condition_model_new_conv:__call__:491 - Up block 3
2026-05-29 08:16:22.228 | INFO     | models.demos.wormhole.stable_diffusion.tt.ttnn_functional_unet_2d_condition_model_new_conv:__call__:406 - Down block 0
2026-05-29 08:16:22.233 | info     |              Op | act_block_h_override 2 is not a valid override for padded_output_height_ntiles_per_core 7, instead 1 was selected as closest valid option! (conv2d_utils.cpp:401)
2026-05-29 08:16:22.234 | INFO     | models.demos.wormhole.stable_diffusion.tt.ttnn_functional_unet_2d_condition_model_new_conv:__call__:406 - Down block 1
2026-05-29 08:16:22.239 | INFO     | models.demos.wormhole.stable_diffusion.tt.ttnn_functional_unet_2d_condition_model_new_conv:__call__:406 - Down block 2
2026-05-29 08:16:22.242 | INFO     | models.demos.wormhole.stable_diffusion.tt.ttnn_functional_unet_2d_condition_model_new_conv:__call__:406 - Down block 3
2026-05-29 08:16:22.243 | INFO     | models.demos.wormhole.stable_diffusion.tt.ttnn_functional_unet_2d_condition_model_new_conv:__call__:460 - Mid block
2026-05-29 08:16:22.243 | warning  |              Op | Mismatch between computed MemoryConfig(memory_layout=TensorMemoryLayout::BLOCK_SHARDED,buffer_type=BufferType::L1,shard_spec=ShardSpec(grid={[(x=0,y=0) - (x=7,y=3)]},shape={32, 160},orientation=ShardOrientation::ROW_MAJOR),nd_shard_spec=NdShardSpec(shard_shape=Shape([32, 160]),grid={[(x=0,y=0) - (x=7,y=3)]},orientation=ShardOrientation::ROW_MAJOR,shard_distribution_strategy=ShardDistributionStrategy::GRID_2D),created_with_nd_shard_spec=0) and provided MemoryConfig(memory_layout=TensorMemoryLayout::BLOCK_SHARDED,buffer_type=BufferType::L1,shard_spec=ShardSpec(grid={[(x=0,y=0) - (x=7,y=7)]},shape={32, 160},orientation=ShardOrientation::ROW_MAJOR),nd_shard_spec=std::nullopt,created_with_nd_shard_spec=0) mem config. Using computed config. (matmul_op.cpp:1674)
2026-05-29 08:16:22.245 | INFO     | models.demos.wormhole.stable_diffusion.tt.ttnn_functional_unet_2d_condition_model_new_conv:__call__:491 - Up block 0
2026-05-29 08:16:22.246 | INFO     | models.demos.wormhole.stable_diffusion.tt.ttnn_functional_unet_2d_condition_model_new_conv:__call__:491 - Up block 1
2026-05-29 08:16:22.251 | INFO     | models.demos.wormhole.stable_diffusion.tt.ttnn_functional_unet_2d_condition_model_new_conv:__call__:491 - Up block 2
2026-05-29 08:16:22.259 | INFO     | models.demos.wormhole.stable_diffusion.tt.ttnn_functional_unet_2d_condition_model_new_conv:__call__:491 - Up block 3
2026-05-29 08:16:22.280 | INFO     | models.demos.wormhole.stable_diffusion.tt.ttnn_functional_unet_2d_condition_model_new_conv:__call__:406 - Down block 0
2026-05-29 08:16:22.285 | info     |              Op | act_block_h_override 2 is not a valid override for padded_output_height_ntiles_per_core 7, instead 1 was selected as closest valid option! (conv2d_utils.cpp:401)
2026-05-29 08:16:22.285 | INFO     | models.demos.wormhole.stable_diffusion.tt.ttnn_functional_unet_2d_condition_model_new_conv:__call__:406 - Down block 1
2026-05-29 08:16:22.291 | INFO     | models.demos.wormhole.stable_diffusion.tt.ttnn_functional_unet_2d_condition_model_new_conv:__call__:406 - Down block 2
2026-05-29 08:16:22.294 | INFO     | models.demos.wormhole.stable_diffusion.tt.ttnn_functional_unet_2d_condition_model_new_conv:__call__:406 - Down block 3
2026-05-29 08:16:22.295 | INFO     | models.demos.wormhole.stable_diffusion.tt.ttnn_functional_unet_2d_condition_model_new_conv:__call__:460 - Mid block
2026-05-29 08:16:22.295 | warning  |              Op | Mismatch between computed MemoryConfig(memory_layout=TensorMemoryLayout::BLOCK_SHARDED,buffer_type=BufferType::L1,shard_spec=ShardSpec(grid={[(x=0,y=0) - (x=7,y=3)]},shape={32, 160},orientation=ShardOrientation::ROW_MAJOR),nd_shard_spec=NdShardSpec(shard_shape=Shape([32, 160]),grid={[(x=0,y=0) - (x=7,y=3)]},orientation=ShardOrientation::ROW_MAJOR,shard_distribution_strategy=ShardDistributionStrategy::GRID_2D),created_with_nd_shard_spec=0) and provided MemoryConfig(memory_layout=TensorMemoryLayout::BLOCK_SHARDED,buffer_type=BufferType::L1,shard_spec=ShardSpec(grid={[(x=0,y=0) - (x=7,y=7)]},shape={32, 160},orientation=ShardOrientation::ROW_MAJOR),nd_shard_spec=std::nullopt,created_with_nd_shard_spec=0) mem config. Using computed config. (matmul_op.cpp:1674)
2026-05-29 08:16:22.297 | INFO     | models.demos.wormhole.stable_diffusion.tt.ttnn_functional_unet_2d_condition_model_new_conv:__call__:491 - Up block 0
2026-05-29 08:16:22.298 | INFO     | models.demos.wormhole.stable_diffusion.tt.ttnn_functional_unet_2d_condition_model_new_conv:__call__:491 - Up block 1
2026-05-29 08:16:22.303 | INFO     | models.demos.wormhole.stable_diffusion.tt.ttnn_functional_unet_2d_condition_model_new_conv:__call__:491 - Up block 2
2026-05-29 08:16:22.311 | INFO     | models.demos.wormhole.stable_diffusion.tt.ttnn_functional_unet_2d_condition_model_new_conv:__call__:491 - Up block 3
2026-05-29 08:16:22.332 | INFO     | models.demos.wormhole.stable_diffusion.tt.ttnn_functional_unet_2d_condition_model_new_conv:__call__:406 - Down block 0
2026-05-29 08:16:22.337 | info     |              Op | act_block_h_override 2 is not a valid override for padded_output_height_ntiles_per_core 7, instead 1 was selected as closest valid option! (conv2d_utils.cpp:401)
2026-05-29 08:16:22.337 | INFO     | models.demos.wormhole.stable_diffusion.tt.ttnn_functional_unet_2d_condition_model_new_conv:__call__:406 - Down block 1
2026-05-29 08:16:22.343 | INFO     | models.demos.wormhole.stable_diffusion.tt.ttnn_functional_unet_2d_condition_model_new_conv:__call__:406 - Down block 2
2026-05-29 08:16:22.346 | INFO     | models.demos.wormhole.stable_diffusion.tt.ttnn_functional_unet_2d_condition_model_new_conv:__call__:406 - Down block 3
2026-05-29 08:16:22.346 | INFO     | models.demos.wormhole.stable_diffusion.tt.ttnn_functional_unet_2d_condition_model_new_conv:__call__:460 - Mid block
2026-05-29 08:16:22.347 | warning  |              Op | Mismatch between computed MemoryConfig(memory_layout=TensorMemoryLayout::BLOCK_SHARDED,buffer_type=BufferType::L1,shard_spec=ShardSpec(grid={[(x=0,y=0) - (x=7,y=3)]},shape={32, 160},orientation=ShardOrientation::ROW_MAJOR),nd_shard_spec=NdShardSpec(shard_shape=Shape([32, 160]),grid={[(x=0,y=0) - (x=7,y=3)]},orientation=ShardOrientation::ROW_MAJOR,shard_distribution_strategy=ShardDistributionStrategy::GRID_2D),created_with_nd_shard_spec=0) and provided MemoryConfig(memory_layout=TensorMemoryLayout::BLOCK_SHARDED,buffer_type=BufferType::L1,shard_spec=ShardSpec(grid={[(x=0,y=0) - (x=7,y=7)]},shape={32, 160},orientation=ShardOrientation::ROW_MAJOR),nd_shard_spec=std::nullopt,created_with_nd_shard_spec=0) mem config. Using computed config. (matmul_op.cpp:1674)
2026-05-29 08:16:22.348 | INFO     | models.demos.wormhole.stable_diffusion.tt.ttnn_functional_unet_2d_condition_model_new_conv:__call__:491 - Up block 0
2026-05-29 08:16:22.349 | INFO     | models.demos.wormhole.stable_diffusion.tt.ttnn_functional_unet_2d_condition_model_new_conv:__call__:491 - Up block 1
2026-05-29 08:16:22.354 | INFO     | models.demos.wormhole.stable_diffusion.tt.ttnn_functional_unet_2d_condition_model_new_conv:__call__:491 - Up block 2
2026-05-29 08:16:22.362 | INFO     | models.demos.wormhole.stable_diffusion.tt.ttnn_functional_unet_2d_condition_model_new_conv:__call__:491 - Up block 3
2026-05-29 08:16:22.383 | INFO     | models.demos.wormhole.stable_diffusion.tt.ttnn_functional_unet_2d_condition_model_new_conv:__call__:406 - Down block 0
2026-05-29 08:16:22.389 | info     |              Op | act_block_h_override 2 is not a valid override for padded_output_height_ntiles_per_core 7, instead 1 was selected as closest valid option! (conv2d_utils.cpp:401)
2026-05-29 08:16:22.389 | INFO     | models.demos.wormhole.stable_diffusion.tt.ttnn_functional_unet_2d_condition_model_new_conv:__call__:406 - Down block 1
2026-05-29 08:16:22.394 | INFO     | models.demos.wormhole.stable_diffusion.tt.ttnn_functional_unet_2d_condition_model_new_conv:__call__:406 - Down block 2
2026-05-29 08:16:22.398 | INFO     | models.demos.wormhole.stable_diffusion.tt.ttnn_functional_unet_2d_condition_model_new_conv:__call__:406 - Down block 3
2026-05-29 08:16:22.398 | INFO     | models.demos.wormhole.stable_diffusion.tt.ttnn_functional_unet_2d_condition_model_new_conv:__call__:460 - Mid block
2026-05-29 08:16:22.399 | warning  |              Op | Mismatch between computed MemoryConfig(memory_layout=TensorMemoryLayout::BLOCK_SHARDED,buffer_type=BufferType::L1,shard_spec=ShardSpec(grid={[(x=0,y=0) - (x=7,y=3)]},shape={32, 160},orientation=ShardOrientation::ROW_MAJOR),nd_shard_spec=NdShardSpec(shard_shape=Shape([32, 160]),grid={[(x=0,y=0) - (x=7,y=3)]},orientation=ShardOrientation::ROW_MAJOR,shard_distribution_strategy=ShardDistributionStrategy::GRID_2D),created_with_nd_shard_spec=0) and provided MemoryConfig(memory_layout=TensorMemoryLayout::BLOCK_SHARDED,buffer_type=BufferType::L1,shard_spec=ShardSpec(grid={[(x=0,y=0) - (x=7,y=7)]},shape={32, 160},orientation=ShardOrientation::ROW_MAJOR),nd_shard_spec=std::nullopt,created_with_nd_shard_spec=0) mem config. Using computed config. (matmul_op.cpp:1674)
2026-05-29 08:16:22.400 | INFO     | models.demos.wormhole.stable_diffusion.tt.ttnn_functional_unet_2d_condition_model_new_conv:__call__:491 - Up block 0
2026-05-29 08:16:22.401 | INFO     | models.demos.wormhole.stable_diffusion.tt.ttnn_functional_unet_2d_condition_model_new_conv:__call__:491 - Up block 1
2026-05-29 08:16:22.406 | INFO     | models.demos.wormhole.stable_diffusion.tt.ttnn_functional_unet_2d_condition_model_new_conv:__call__:491 - Up block 2
2026-05-29 08:16:22.414 | INFO     | models.demos.wormhole.stable_diffusion.tt.ttnn_functional_unet_2d_condition_model_new_conv:__call__:491 - Up block 3
  Step 23/41
2026-05-29 08:16:22.437 | INFO     | models.demos.wormhole.stable_diffusion.tt.ttnn_functional_unet_2d_condition_model_new_conv:__call__:406 - Down block 0
2026-05-29 08:16:22.443 | info     |              Op | act_block_h_override 2 is not a valid override for padded_output_height_ntiles_per_core 7, instead 1 was selected as closest valid option! (conv2d_utils.cpp:401)
2026-05-29 08:16:22.443 | INFO     | models.demos.wormhole.stable_diffusion.tt.ttnn_functional_unet_2d_condition_model_new_conv:__call__:406 - Down block 1
2026-05-29 08:16:22.449 | INFO     | models.demos.wormhole.stable_diffusion.tt.ttnn_functional_unet_2d_condition_model_new_conv:__call__:406 - Down block 2
2026-05-29 08:16:22.452 | INFO     | models.demos.wormhole.stable_diffusion.tt.ttnn_functional_unet_2d_condition_model_new_conv:__call__:406 - Down block 3
2026-05-29 08:16:22.453 | INFO     | models.demos.wormhole.stable_diffusion.tt.ttnn_functional_unet_2d_condition_model_new_conv:__call__:460 - Mid block
2026-05-29 08:16:22.453 | warning  |              Op | Mismatch between computed MemoryConfig(memory_layout=TensorMemoryLayout::BLOCK_SHARDED,buffer_type=BufferType::L1,shard_spec=ShardSpec(grid={[(x=0,y=0) - (x=7,y=3)]},shape={32, 160},orientation=ShardOrientation::ROW_MAJOR),nd_shard_spec=NdShardSpec(shard_shape=Shape([32, 160]),grid={[(x=0,y=0) - (x=7,y=3)]},orientation=ShardOrientation::ROW_MAJOR,shard_distribution_strategy=ShardDistributionStrategy::GRID_2D),created_with_nd_shard_spec=0) and provided MemoryConfig(memory_layout=TensorMemoryLayout::BLOCK_SHARDED,buffer_type=BufferType::L1,shard_spec=ShardSpec(grid={[(x=0,y=0) - (x=7,y=7)]},shape={32, 160},orientation=ShardOrientation::ROW_MAJOR),nd_shard_spec=std::nullopt,created_with_nd_shard_spec=0) mem config. Using computed config. (matmul_op.cpp:1674)
2026-05-29 08:16:22.455 | INFO     | models.demos.wormhole.stable_diffusion.tt.ttnn_functional_unet_2d_condition_model_new_conv:__call__:491 - Up block 0
2026-05-29 08:16:22.456 | INFO     | models.demos.wormhole.stable_diffusion.tt.ttnn_functional_unet_2d_condition_model_new_conv:__call__:491 - Up block 1
2026-05-29 08:16:22.461 | INFO     | models.demos.wormhole.stable_diffusion.tt.ttnn_functional_unet_2d_condition_model_new_conv:__call__:491 - Up block 2
2026-05-29 08:16:22.469 | INFO     | models.demos.wormhole.stable_diffusion.tt.ttnn_functional_unet_2d_condition_model_new_conv:__call__:491 - Up block 3
2026-05-29 08:16:22.489 | INFO     | models.demos.wormhole.stable_diffusion.tt.ttnn_functional_unet_2d_condition_model_new_conv:__call__:406 - Down block 0
2026-05-29 08:16:22.495 | info     |              Op | act_block_h_override 2 is not a valid override for padded_output_height_ntiles_per_core 7, instead 1 was selected as closest valid option! (conv2d_utils.cpp:401)
2026-05-29 08:16:22.495 | INFO     | models.demos.wormhole.stable_diffusion.tt.ttnn_functional_unet_2d_condition_model_new_conv:__call__:406 - Down block 1
2026-05-29 08:16:22.500 | INFO     | models.demos.wormhole.stable_diffusion.tt.ttnn_functional_unet_2d_condition_model_new_conv:__call__:406 - Down block 2
2026-05-29 08:16:22.504 | INFO     | models.demos.wormhole.stable_diffusion.tt.ttnn_functional_unet_2d_condition_model_new_conv:__call__:406 - Down block 3
2026-05-29 08:16:22.504 | INFO     | models.demos.wormhole.stable_diffusion.tt.ttnn_functional_unet_2d_condition_model_new_conv:__call__:460 - Mid block
2026-05-29 08:16:22.505 | warning  |              Op | Mismatch between computed MemoryConfig(memory_layout=TensorMemoryLayout::BLOCK_SHARDED,buffer_type=BufferType::L1,shard_spec=ShardSpec(grid={[(x=0,y=0) - (x=7,y=3)]},shape={32, 160},orientation=ShardOrientation::ROW_MAJOR),nd_shard_spec=NdShardSpec(shard_shape=Shape([32, 160]),grid={[(x=0,y=0) - (x=7,y=3)]},orientation=ShardOrientation::ROW_MAJOR,shard_distribution_strategy=ShardDistributionStrategy::GRID_2D),created_with_nd_shard_spec=0) and provided MemoryConfig(memory_layout=TensorMemoryLayout::BLOCK_SHARDED,buffer_type=BufferType::L1,shard_spec=ShardSpec(grid={[(x=0,y=0) - (x=7,y=7)]},shape={32, 160},orientation=ShardOrientation::ROW_MAJOR),nd_shard_spec=std::nullopt,created_with_nd_shard_spec=0) mem config. Using computed config. (matmul_op.cpp:1674)
2026-05-29 08:16:22.506 | INFO     | models.demos.wormhole.stable_diffusion.tt.ttnn_functional_unet_2d_condition_model_new_conv:__call__:491 - Up block 0
2026-05-29 08:16:22.507 | INFO     | models.demos.wormhole.stable_diffusion.tt.ttnn_functional_unet_2d_condition_model_new_conv:__call__:491 - Up block 1
2026-05-29 08:16:22.512 | INFO     | models.demos.wormhole.stable_diffusion.tt.ttnn_functional_unet_2d_condition_model_new_conv:__call__:491 - Up block 2
2026-05-29 08:16:22.520 | INFO     | models.demos.wormhole.stable_diffusion.tt.ttnn_functional_unet_2d_condition_model_new_conv:__call__:491 - Up block 3
2026-05-29 08:16:22.541 | INFO     | models.demos.wormhole.stable_diffusion.tt.ttnn_functional_unet_2d_condition_model_new_conv:__call__:406 - Down block 0
2026-05-29 08:16:22.547 | info     |              Op | act_block_h_override 2 is not a valid override for padded_output_height_ntiles_per_core 7, instead 1 was selected as closest valid option! (conv2d_utils.cpp:401)
2026-05-29 08:16:22.547 | INFO     | models.demos.wormhole.stable_diffusion.tt.ttnn_functional_unet_2d_condition_model_new_conv:__call__:406 - Down block 1
2026-05-29 08:16:22.552 | INFO     | models.demos.wormhole.stable_diffusion.tt.ttnn_functional_unet_2d_condition_model_new_conv:__call__:406 - Down block 2
2026-05-29 08:16:22.555 | INFO     | models.demos.wormhole.stable_diffusion.tt.ttnn_functional_unet_2d_condition_model_new_conv:__call__:406 - Down block 3
2026-05-29 08:16:22.556 | INFO     | models.demos.wormhole.stable_diffusion.tt.ttnn_functional_unet_2d_condition_model_new_conv:__call__:460 - Mid block
2026-05-29 08:16:22.557 | warning  |              Op | Mismatch between computed MemoryConfig(memory_layout=TensorMemoryLayout::BLOCK_SHARDED,buffer_type=BufferType::L1,shard_spec=ShardSpec(grid={[(x=0,y=0) - (x=7,y=3)]},shape={32, 160},orientation=ShardOrientation::ROW_MAJOR),nd_shard_spec=NdShardSpec(shard_shape=Shape([32, 160]),grid={[(x=0,y=0) - (x=7,y=3)]},orientation=ShardOrientation::ROW_MAJOR,shard_distribution_strategy=ShardDistributionStrategy::GRID_2D),created_with_nd_shard_spec=0) and provided MemoryConfig(memory_layout=TensorMemoryLayout::BLOCK_SHARDED,buffer_type=BufferType::L1,shard_spec=ShardSpec(grid={[(x=0,y=0) - (x=7,y=7)]},shape={32, 160},orientation=ShardOrientation::ROW_MAJOR),nd_shard_spec=std::nullopt,created_with_nd_shard_spec=0) mem config. Using computed config. (matmul_op.cpp:1674)
2026-05-29 08:16:22.558 | INFO     | models.demos.wormhole.stable_diffusion.tt.ttnn_functional_unet_2d_condition_model_new_conv:__call__:491 - Up block 0
2026-05-29 08:16:22.559 | INFO     | models.demos.wormhole.stable_diffusion.tt.ttnn_functional_unet_2d_condition_model_new_conv:__call__:491 - Up block 1
2026-05-29 08:16:22.564 | INFO     | models.demos.wormhole.stable_diffusion.tt.ttnn_functional_unet_2d_condition_model_new_conv:__call__:491 - Up block 2
2026-05-29 08:16:22.572 | INFO     | models.demos.wormhole.stable_diffusion.tt.ttnn_functional_unet_2d_condition_model_new_conv:__call__:491 - Up block 3
2026-05-29 08:16:22.593 | INFO     | models.demos.wormhole.stable_diffusion.tt.ttnn_functional_unet_2d_condition_model_new_conv:__call__:406 - Down block 0
2026-05-29 08:16:22.598 | info     |              Op | act_block_h_override 2 is not a valid override for padded_output_height_ntiles_per_core 7, instead 1 was selected as closest valid option! (conv2d_utils.cpp:401)
2026-05-29 08:16:22.599 | INFO     | models.demos.wormhole.stable_diffusion.tt.ttnn_functional_unet_2d_condition_model_new_conv:__call__:406 - Down block 1
2026-05-29 08:16:22.604 | INFO     | models.demos.wormhole.stable_diffusion.tt.ttnn_functional_unet_2d_condition_model_new_conv:__call__:406 - Down block 2
2026-05-29 08:16:22.607 | INFO     | models.demos.wormhole.stable_diffusion.tt.ttnn_functional_unet_2d_condition_model_new_conv:__call__:406 - Down block 3
2026-05-29 08:16:22.608 | INFO     | models.demos.wormhole.stable_diffusion.tt.ttnn_functional_unet_2d_condition_model_new_conv:__call__:460 - Mid block
2026-05-29 08:16:22.608 | warning  |              Op | Mismatch between computed MemoryConfig(memory_layout=TensorMemoryLayout::BLOCK_SHARDED,buffer_type=BufferType::L1,shard_spec=ShardSpec(grid={[(x=0,y=0) - (x=7,y=3)]},shape={32, 160},orientation=ShardOrientation::ROW_MAJOR),nd_shard_spec=NdShardSpec(shard_shape=Shape([32, 160]),grid={[(x=0,y=0) - (x=7,y=3)]},orientation=ShardOrientation::ROW_MAJOR,shard_distribution_strategy=ShardDistributionStrategy::GRID_2D),created_with_nd_shard_spec=0) and provided MemoryConfig(memory_layout=TensorMemoryLayout::BLOCK_SHARDED,buffer_type=BufferType::L1,shard_spec=ShardSpec(grid={[(x=0,y=0) - (x=7,y=7)]},shape={32, 160},orientation=ShardOrientation::ROW_MAJOR),nd_shard_spec=std::nullopt,created_with_nd_shard_spec=0) mem config. Using computed config. (matmul_op.cpp:1674)
2026-05-29 08:16:22.610 | INFO     | models.demos.wormhole.stable_diffusion.tt.ttnn_functional_unet_2d_condition_model_new_conv:__call__:491 - Up block 0
2026-05-29 08:16:22.611 | INFO     | models.demos.wormhole.stable_diffusion.tt.ttnn_functional_unet_2d_condition_model_new_conv:__call__:491 - Up block 1
2026-05-29 08:16:22.616 | INFO     | models.demos.wormhole.stable_diffusion.tt.ttnn_functional_unet_2d_condition_model_new_conv:__call__:491 - Up block 2
2026-05-29 08:16:22.624 | INFO     | models.demos.wormhole.stable_diffusion.tt.ttnn_functional_unet_2d_condition_model_new_conv:__call__:491 - Up block 3
2026-05-29 08:16:22.645 | INFO     | models.demos.wormhole.stable_diffusion.tt.ttnn_functional_unet_2d_condition_model_new_conv:__call__:406 - Down block 0
2026-05-29 08:16:22.650 | info     |              Op | act_block_h_override 2 is not a valid override for padded_output_height_ntiles_per_core 7, instead 1 was selected as closest valid option! (conv2d_utils.cpp:401)
2026-05-29 08:16:22.650 | INFO     | models.demos.wormhole.stable_diffusion.tt.ttnn_functional_unet_2d_condition_model_new_conv:__call__:406 - Down block 1
2026-05-29 08:16:22.656 | INFO     | models.demos.wormhole.stable_diffusion.tt.ttnn_functional_unet_2d_condition_model_new_conv:__call__:406 - Down block 2
2026-05-29 08:16:22.659 | INFO     | models.demos.wormhole.stable_diffusion.tt.ttnn_functional_unet_2d_condition_model_new_conv:__call__:406 - Down block 3
2026-05-29 08:16:22.660 | INFO     | models.demos.wormhole.stable_diffusion.tt.ttnn_functional_unet_2d_condition_model_new_conv:__call__:460 - Mid block
2026-05-29 08:16:22.660 | warning  |              Op | Mismatch between computed MemoryConfig(memory_layout=TensorMemoryLayout::BLOCK_SHARDED,buffer_type=BufferType::L1,shard_spec=ShardSpec(grid={[(x=0,y=0) - (x=7,y=3)]},shape={32, 160},orientation=ShardOrientation::ROW_MAJOR),nd_shard_spec=NdShardSpec(shard_shape=Shape([32, 160]),grid={[(x=0,y=0) - (x=7,y=3)]},orientation=ShardOrientation::ROW_MAJOR,shard_distribution_strategy=ShardDistributionStrategy::GRID_2D),created_with_nd_shard_spec=0) and provided MemoryConfig(memory_layout=TensorMemoryLayout::BLOCK_SHARDED,buffer_type=BufferType::L1,shard_spec=ShardSpec(grid={[(x=0,y=0) - (x=7,y=7)]},shape={32, 160},orientation=ShardOrientation::ROW_MAJOR),nd_shard_spec=std::nullopt,created_with_nd_shard_spec=0) mem config. Using computed config. (matmul_op.cpp:1674)
2026-05-29 08:16:22.662 | INFO     | models.demos.wormhole.stable_diffusion.tt.ttnn_functional_unet_2d_condition_model_new_conv:__call__:491 - Up block 0
2026-05-29 08:16:22.663 | INFO     | models.demos.wormhole.stable_diffusion.tt.ttnn_functional_unet_2d_condition_model_new_conv:__call__:491 - Up block 1
2026-05-29 08:16:22.668 | INFO     | models.demos.wormhole.stable_diffusion.tt.ttnn_functional_unet_2d_condition_model_new_conv:__call__:491 - Up block 2
2026-05-29 08:16:22.676 | INFO     | models.demos.wormhole.stable_diffusion.tt.ttnn_functional_unet_2d_condition_model_new_conv:__call__:491 - Up block 3
2026-05-29 08:16:22.696 | INFO     | models.demos.wormhole.stable_diffusion.tt.ttnn_functional_unet_2d_condition_model_new_conv:__call__:406 - Down block 0
2026-05-29 08:16:22.702 | info     |              Op | act_block_h_override 2 is not a valid override for padded_output_height_ntiles_per_core 7, instead 1 was selected as closest valid option! (conv2d_utils.cpp:401)
2026-05-29 08:16:22.702 | INFO     | models.demos.wormhole.stable_diffusion.tt.ttnn_functional_unet_2d_condition_model_new_conv:__call__:406 - Down block 1
2026-05-29 08:16:22.707 | INFO     | models.demos.wormhole.stable_diffusion.tt.ttnn_functional_unet_2d_condition_model_new_conv:__call__:406 - Down block 2
2026-05-29 08:16:22.711 | INFO     | models.demos.wormhole.stable_diffusion.tt.ttnn_functional_unet_2d_condition_model_new_conv:__call__:406 - Down block 3
2026-05-29 08:16:22.711 | INFO     | models.demos.wormhole.stable_diffusion.tt.ttnn_functional_unet_2d_condition_model_new_conv:__call__:460 - Mid block
2026-05-29 08:16:22.712 | warning  |              Op | Mismatch between computed MemoryConfig(memory_layout=TensorMemoryLayout::BLOCK_SHARDED,buffer_type=BufferType::L1,shard_spec=ShardSpec(grid={[(x=0,y=0) - (x=7,y=3)]},shape={32, 160},orientation=ShardOrientation::ROW_MAJOR),nd_shard_spec=NdShardSpec(shard_shape=Shape([32, 160]),grid={[(x=0,y=0) - (x=7,y=3)]},orientation=ShardOrientation::ROW_MAJOR,shard_distribution_strategy=ShardDistributionStrategy::GRID_2D),created_with_nd_shard_spec=0) and provided MemoryConfig(memory_layout=TensorMemoryLayout::BLOCK_SHARDED,buffer_type=BufferType::L1,shard_spec=ShardSpec(grid={[(x=0,y=0) - (x=7,y=7)]},shape={32, 160},orientation=ShardOrientation::ROW_MAJOR),nd_shard_spec=std::nullopt,created_with_nd_shard_spec=0) mem config. Using computed config. (matmul_op.cpp:1674)
2026-05-29 08:16:22.713 | INFO     | models.demos.wormhole.stable_diffusion.tt.ttnn_functional_unet_2d_condition_model_new_conv:__call__:491 - Up block 0
2026-05-29 08:16:22.714 | INFO     | models.demos.wormhole.stable_diffusion.tt.ttnn_functional_unet_2d_condition_model_new_conv:__call__:491 - Up block 1
2026-05-29 08:16:22.719 | INFO     | models.demos.wormhole.stable_diffusion.tt.ttnn_functional_unet_2d_condition_model_new_conv:__call__:491 - Up block 2
2026-05-29 08:16:22.727 | INFO     | models.demos.wormhole.stable_diffusion.tt.ttnn_functional_unet_2d_condition_model_new_conv:__call__:491 - Up block 3
2026-05-29 08:16:22.748 | INFO     | models.demos.wormhole.stable_diffusion.tt.ttnn_functional_unet_2d_condition_model_new_conv:__call__:406 - Down block 0
2026-05-29 08:16:22.754 | info     |              Op | act_block_h_override 2 is not a valid override for padded_output_height_ntiles_per_core 7, instead 1 was selected as closest valid option! (conv2d_utils.cpp:401)
2026-05-29 08:16:22.754 | INFO     | models.demos.wormhole.stable_diffusion.tt.ttnn_functional_unet_2d_condition_model_new_conv:__call__:406 - Down block 1
2026-05-29 08:16:22.760 | INFO     | models.demos.wormhole.stable_diffusion.tt.ttnn_functional_unet_2d_condition_model_new_conv:__call__:406 - Down block 2
2026-05-29 08:16:22.763 | INFO     | models.demos.wormhole.stable_diffusion.tt.ttnn_functional_unet_2d_condition_model_new_conv:__call__:406 - Down block 3
2026-05-29 08:16:22.764 | INFO     | models.demos.wormhole.stable_diffusion.tt.ttnn_functional_unet_2d_condition_model_new_conv:__call__:460 - Mid block
2026-05-29 08:16:22.765 | warning  |              Op | Mismatch between computed MemoryConfig(memory_layout=TensorMemoryLayout::BLOCK_SHARDED,buffer_type=BufferType::L1,shard_spec=ShardSpec(grid={[(x=0,y=0) - (x=7,y=3)]},shape={32, 160},orientation=ShardOrientation::ROW_MAJOR),nd_shard_spec=NdShardSpec(shard_shape=Shape([32, 160]),grid={[(x=0,y=0) - (x=7,y=3)]},orientation=ShardOrientation::ROW_MAJOR,shard_distribution_strategy=ShardDistributionStrategy::GRID_2D),created_with_nd_shard_spec=0) and provided MemoryConfig(memory_layout=TensorMemoryLayout::BLOCK_SHARDED,buffer_type=BufferType::L1,shard_spec=ShardSpec(grid={[(x=0,y=0) - (x=7,y=7)]},shape={32, 160},orientation=ShardOrientation::ROW_MAJOR),nd_shard_spec=std::nullopt,created_with_nd_shard_spec=0) mem config. Using computed config. (matmul_op.cpp:1674)
2026-05-29 08:16:22.766 | INFO     | models.demos.wormhole.stable_diffusion.tt.ttnn_functional_unet_2d_condition_model_new_conv:__call__:491 - Up block 0
2026-05-29 08:16:22.767 | INFO     | models.demos.wormhole.stable_diffusion.tt.ttnn_functional_unet_2d_condition_model_new_conv:__call__:491 - Up block 1
2026-05-29 08:16:22.772 | INFO     | models.demos.wormhole.stable_diffusion.tt.ttnn_functional_unet_2d_condition_model_new_conv:__call__:491 - Up block 2
2026-05-29 08:16:22.780 | INFO     | models.demos.wormhole.stable_diffusion.tt.ttnn_functional_unet_2d_condition_model_new_conv:__call__:491 - Up block 3
2026-05-29 08:16:22.800 | INFO     | models.demos.wormhole.stable_diffusion.tt.ttnn_functional_unet_2d_condition_model_new_conv:__call__:406 - Down block 0
2026-05-29 08:16:22.806 | info     |              Op | act_block_h_override 2 is not a valid override for padded_output_height_ntiles_per_core 7, instead 1 was selected as closest valid option! (conv2d_utils.cpp:401)
2026-05-29 08:16:22.806 | INFO     | models.demos.wormhole.stable_diffusion.tt.ttnn_functional_unet_2d_condition_model_new_conv:__call__:406 - Down block 1
2026-05-29 08:16:22.811 | INFO     | models.demos.wormhole.stable_diffusion.tt.ttnn_functional_unet_2d_condition_model_new_conv:__call__:406 - Down block 2
2026-05-29 08:16:22.815 | INFO     | models.demos.wormhole.stable_diffusion.tt.ttnn_functional_unet_2d_condition_model_new_conv:__call__:406 - Down block 3
2026-05-29 08:16:22.815 | INFO     | models.demos.wormhole.stable_diffusion.tt.ttnn_functional_unet_2d_condition_model_new_conv:__call__:460 - Mid block
2026-05-29 08:16:22.816 | warning  |              Op | Mismatch between computed MemoryConfig(memory_layout=TensorMemoryLayout::BLOCK_SHARDED,buffer_type=BufferType::L1,shard_spec=ShardSpec(grid={[(x=0,y=0) - (x=7,y=3)]},shape={32, 160},orientation=ShardOrientation::ROW_MAJOR),nd_shard_spec=NdShardSpec(shard_shape=Shape([32, 160]),grid={[(x=0,y=0) - (x=7,y=3)]},orientation=ShardOrientation::ROW_MAJOR,shard_distribution_strategy=ShardDistributionStrategy::GRID_2D),created_with_nd_shard_spec=0) and provided MemoryConfig(memory_layout=TensorMemoryLayout::BLOCK_SHARDED,buffer_type=BufferType::L1,shard_spec=ShardSpec(grid={[(x=0,y=0) - (x=7,y=7)]},shape={32, 160},orientation=ShardOrientation::ROW_MAJOR),nd_shard_spec=std::nullopt,created_with_nd_shard_spec=0) mem config. Using computed config. (matmul_op.cpp:1674)
2026-05-29 08:16:22.817 | INFO     | models.demos.wormhole.stable_diffusion.tt.ttnn_functional_unet_2d_condition_model_new_conv:__call__:491 - Up block 0
2026-05-29 08:16:22.818 | INFO     | models.demos.wormhole.stable_diffusion.tt.ttnn_functional_unet_2d_condition_model_new_conv:__call__:491 - Up block 1
2026-05-29 08:16:22.823 | INFO     | models.demos.wormhole.stable_diffusion.tt.ttnn_functional_unet_2d_condition_model_new_conv:__call__:491 - Up block 2
2026-05-29 08:16:22.831 | INFO     | models.demos.wormhole.stable_diffusion.tt.ttnn_functional_unet_2d_condition_model_new_conv:__call__:491 - Up block 3
  Step 24/41
2026-05-29 08:16:22.855 | INFO     | models.demos.wormhole.stable_diffusion.tt.ttnn_functional_unet_2d_condition_model_new_conv:__call__:406 - Down block 0
2026-05-29 08:16:22.861 | info     |              Op | act_block_h_override 2 is not a valid override for padded_output_height_ntiles_per_core 7, instead 1 was selected as closest valid option! (conv2d_utils.cpp:401)
2026-05-29 08:16:22.861 | INFO     | models.demos.wormhole.stable_diffusion.tt.ttnn_functional_unet_2d_condition_model_new_conv:__call__:406 - Down block 1
2026-05-29 08:16:22.866 | INFO     | models.demos.wormhole.stable_diffusion.tt.ttnn_functional_unet_2d_condition_model_new_conv:__call__:406 - Down block 2
2026-05-29 08:16:22.870 | INFO     | models.demos.wormhole.stable_diffusion.tt.ttnn_functional_unet_2d_condition_model_new_conv:__call__:406 - Down block 3
2026-05-29 08:16:22.870 | INFO     | models.demos.wormhole.stable_diffusion.tt.ttnn_functional_unet_2d_condition_model_new_conv:__call__:460 - Mid block
2026-05-29 08:16:22.871 | warning  |              Op | Mismatch between computed MemoryConfig(memory_layout=TensorMemoryLayout::BLOCK_SHARDED,buffer_type=BufferType::L1,shard_spec=ShardSpec(grid={[(x=0,y=0) - (x=7,y=3)]},shape={32, 160},orientation=ShardOrientation::ROW_MAJOR),nd_shard_spec=NdShardSpec(shard_shape=Shape([32, 160]),grid={[(x=0,y=0) - (x=7,y=3)]},orientation=ShardOrientation::ROW_MAJOR,shard_distribution_strategy=ShardDistributionStrategy::GRID_2D),created_with_nd_shard_spec=0) and provided MemoryConfig(memory_layout=TensorMemoryLayout::BLOCK_SHARDED,buffer_type=BufferType::L1,shard_spec=ShardSpec(grid={[(x=0,y=0) - (x=7,y=7)]},shape={32, 160},orientation=ShardOrientation::ROW_MAJOR),nd_shard_spec=std::nullopt,created_with_nd_shard_spec=0) mem config. Using computed config. (matmul_op.cpp:1674)
2026-05-29 08:16:22.872 | INFO     | models.demos.wormhole.stable_diffusion.tt.ttnn_functional_unet_2d_condition_model_new_conv:__call__:491 - Up block 0
2026-05-29 08:16:22.874 | INFO     | models.demos.wormhole.stable_diffusion.tt.ttnn_functional_unet_2d_condition_model_new_conv:__call__:491 - Up block 1
2026-05-29 08:16:22.879 | INFO     | models.demos.wormhole.stable_diffusion.tt.ttnn_functional_unet_2d_condition_model_new_conv:__call__:491 - Up block 2
2026-05-29 08:16:22.887 | INFO     | models.demos.wormhole.stable_diffusion.tt.ttnn_functional_unet_2d_condition_model_new_conv:__call__:491 - Up block 3
2026-05-29 08:16:22.907 | INFO     | models.demos.wormhole.stable_diffusion.tt.ttnn_functional_unet_2d_condition_model_new_conv:__call__:406 - Down block 0
2026-05-29 08:16:22.912 | info     |              Op | act_block_h_override 2 is not a valid override for padded_output_height_ntiles_per_core 7, instead 1 was selected as closest valid option! (conv2d_utils.cpp:401)
2026-05-29 08:16:22.912 | INFO     | models.demos.wormhole.stable_diffusion.tt.ttnn_functional_unet_2d_condition_model_new_conv:__call__:406 - Down block 1
2026-05-29 08:16:22.918 | INFO     | models.demos.wormhole.stable_diffusion.tt.ttnn_functional_unet_2d_condition_model_new_conv:__call__:406 - Down block 2
2026-05-29 08:16:22.921 | INFO     | models.demos.wormhole.stable_diffusion.tt.ttnn_functional_unet_2d_condition_model_new_conv:__call__:406 - Down block 3
2026-05-29 08:16:22.922 | INFO     | models.demos.wormhole.stable_diffusion.tt.ttnn_functional_unet_2d_condition_model_new_conv:__call__:460 - Mid block
2026-05-29 08:16:22.922 | warning  |              Op | Mismatch between computed MemoryConfig(memory_layout=TensorMemoryLayout::BLOCK_SHARDED,buffer_type=BufferType::L1,shard_spec=ShardSpec(grid={[(x=0,y=0) - (x=7,y=3)]},shape={32, 160},orientation=ShardOrientation::ROW_MAJOR),nd_shard_spec=NdShardSpec(shard_shape=Shape([32, 160]),grid={[(x=0,y=0) - (x=7,y=3)]},orientation=ShardOrientation::ROW_MAJOR,shard_distribution_strategy=ShardDistributionStrategy::GRID_2D),created_with_nd_shard_spec=0) and provided MemoryConfig(memory_layout=TensorMemoryLayout::BLOCK_SHARDED,buffer_type=BufferType::L1,shard_spec=ShardSpec(grid={[(x=0,y=0) - (x=7,y=7)]},shape={32, 160},orientation=ShardOrientation::ROW_MAJOR),nd_shard_spec=std::nullopt,created_with_nd_shard_spec=0) mem config. Using computed config. (matmul_op.cpp:1674)
2026-05-29 08:16:22.924 | INFO     | models.demos.wormhole.stable_diffusion.tt.ttnn_functional_unet_2d_condition_model_new_conv:__call__:491 - Up block 0
2026-05-29 08:16:22.925 | INFO     | models.demos.wormhole.stable_diffusion.tt.ttnn_functional_unet_2d_condition_model_new_conv:__call__:491 - Up block 1
2026-05-29 08:16:22.930 | INFO     | models.demos.wormhole.stable_diffusion.tt.ttnn_functional_unet_2d_condition_model_new_conv:__call__:491 - Up block 2
2026-05-29 08:16:22.938 | INFO     | models.demos.wormhole.stable_diffusion.tt.ttnn_functional_unet_2d_condition_model_new_conv:__call__:491 - Up block 3
2026-05-29 08:16:22.958 | INFO     | models.demos.wormhole.stable_diffusion.tt.ttnn_functional_unet_2d_condition_model_new_conv:__call__:406 - Down block 0
2026-05-29 08:16:22.964 | info     |              Op | act_block_h_override 2 is not a valid override for padded_output_height_ntiles_per_core 7, instead 1 was selected as closest valid option! (conv2d_utils.cpp:401)
2026-05-29 08:16:22.964 | INFO     | models.demos.wormhole.stable_diffusion.tt.ttnn_functional_unet_2d_condition_model_new_conv:__call__:406 - Down block 1
2026-05-29 08:16:22.970 | INFO     | models.demos.wormhole.stable_diffusion.tt.ttnn_functional_unet_2d_condition_model_new_conv:__call__:406 - Down block 2
2026-05-29 08:16:22.973 | INFO     | models.demos.wormhole.stable_diffusion.tt.ttnn_functional_unet_2d_condition_model_new_conv:__call__:406 - Down block 3
2026-05-29 08:16:22.973 | INFO     | models.demos.wormhole.stable_diffusion.tt.ttnn_functional_unet_2d_condition_model_new_conv:__call__:460 - Mid block
2026-05-29 08:16:22.974 | warning  |              Op | Mismatch between computed MemoryConfig(memory_layout=TensorMemoryLayout::BLOCK_SHARDED,buffer_type=BufferType::L1,shard_spec=ShardSpec(grid={[(x=0,y=0) - (x=7,y=3)]},shape={32, 160},orientation=ShardOrientation::ROW_MAJOR),nd_shard_spec=NdShardSpec(shard_shape=Shape([32, 160]),grid={[(x=0,y=0) - (x=7,y=3)]},orientation=ShardOrientation::ROW_MAJOR,shard_distribution_strategy=ShardDistributionStrategy::GRID_2D),created_with_nd_shard_spec=0) and provided MemoryConfig(memory_layout=TensorMemoryLayout::BLOCK_SHARDED,buffer_type=BufferType::L1,shard_spec=ShardSpec(grid={[(x=0,y=0) - (x=7,y=7)]},shape={32, 160},orientation=ShardOrientation::ROW_MAJOR),nd_shard_spec=std::nullopt,created_with_nd_shard_spec=0) mem config. Using computed config. (matmul_op.cpp:1674)
2026-05-29 08:16:22.975 | INFO     | models.demos.wormhole.stable_diffusion.tt.ttnn_functional_unet_2d_condition_model_new_conv:__call__:491 - Up block 0
2026-05-29 08:16:22.977 | INFO     | models.demos.wormhole.stable_diffusion.tt.ttnn_functional_unet_2d_condition_model_new_conv:__call__:491 - Up block 1
2026-05-29 08:16:22.981 | INFO     | models.demos.wormhole.stable_diffusion.tt.ttnn_functional_unet_2d_condition_model_new_conv:__call__:491 - Up block 2
2026-05-29 08:16:22.989 | INFO     | models.demos.wormhole.stable_diffusion.tt.ttnn_functional_unet_2d_condition_model_new_conv:__call__:491 - Up block 3
2026-05-29 08:16:23.010 | INFO     | models.demos.wormhole.stable_diffusion.tt.ttnn_functional_unet_2d_condition_model_new_conv:__call__:406 - Down block 0
2026-05-29 08:16:23.016 | info     |              Op | act_block_h_override 2 is not a valid override for padded_output_height_ntiles_per_core 7, instead 1 was selected as closest valid option! (conv2d_utils.cpp:401)
2026-05-29 08:16:23.016 | INFO     | models.demos.wormhole.stable_diffusion.tt.ttnn_functional_unet_2d_condition_model_new_conv:__call__:406 - Down block 1
2026-05-29 08:16:23.022 | INFO     | models.demos.wormhole.stable_diffusion.tt.ttnn_functional_unet_2d_condition_model_new_conv:__call__:406 - Down block 2
2026-05-29 08:16:23.025 | INFO     | models.demos.wormhole.stable_diffusion.tt.ttnn_functional_unet_2d_condition_model_new_conv:__call__:406 - Down block 3
2026-05-29 08:16:23.026 | INFO     | models.demos.wormhole.stable_diffusion.tt.ttnn_functional_unet_2d_condition_model_new_conv:__call__:460 - Mid block
2026-05-29 08:16:23.027 | warning  |              Op | Mismatch between computed MemoryConfig(memory_layout=TensorMemoryLayout::BLOCK_SHARDED,buffer_type=BufferType::L1,shard_spec=ShardSpec(grid={[(x=0,y=0) - (x=7,y=3)]},shape={32, 160},orientation=ShardOrientation::ROW_MAJOR),nd_shard_spec=NdShardSpec(shard_shape=Shape([32, 160]),grid={[(x=0,y=0) - (x=7,y=3)]},orientation=ShardOrientation::ROW_MAJOR,shard_distribution_strategy=ShardDistributionStrategy::GRID_2D),created_with_nd_shard_spec=0) and provided MemoryConfig(memory_layout=TensorMemoryLayout::BLOCK_SHARDED,buffer_type=BufferType::L1,shard_spec=ShardSpec(grid={[(x=0,y=0) - (x=7,y=7)]},shape={32, 160},orientation=ShardOrientation::ROW_MAJOR),nd_shard_spec=std::nullopt,created_with_nd_shard_spec=0) mem config. Using computed config. (matmul_op.cpp:1674)
2026-05-29 08:16:23.028 | INFO     | models.demos.wormhole.stable_diffusion.tt.ttnn_functional_unet_2d_condition_model_new_conv:__call__:491 - Up block 0
2026-05-29 08:16:23.029 | INFO     | models.demos.wormhole.stable_diffusion.tt.ttnn_functional_unet_2d_condition_model_new_conv:__call__:491 - Up block 1
2026-05-29 08:16:23.034 | INFO     | models.demos.wormhole.stable_diffusion.tt.ttnn_functional_unet_2d_condition_model_new_conv:__call__:491 - Up block 2
2026-05-29 08:16:23.042 | INFO     | models.demos.wormhole.stable_diffusion.tt.ttnn_functional_unet_2d_condition_model_new_conv:__call__:491 - Up block 3
2026-05-29 08:16:23.062 | INFO     | models.demos.wormhole.stable_diffusion.tt.ttnn_functional_unet_2d_condition_model_new_conv:__call__:406 - Down block 0
2026-05-29 08:16:23.068 | info     |              Op | act_block_h_override 2 is not a valid override for padded_output_height_ntiles_per_core 7, instead 1 was selected as closest valid option! (conv2d_utils.cpp:401)
2026-05-29 08:16:23.068 | INFO     | models.demos.wormhole.stable_diffusion.tt.ttnn_functional_unet_2d_condition_model_new_conv:__call__:406 - Down block 1
2026-05-29 08:16:23.073 | INFO     | models.demos.wormhole.stable_diffusion.tt.ttnn_functional_unet_2d_condition_model_new_conv:__call__:406 - Down block 2
2026-05-29 08:16:23.077 | INFO     | models.demos.wormhole.stable_diffusion.tt.ttnn_functional_unet_2d_condition_model_new_conv:__call__:406 - Down block 3
2026-05-29 08:16:23.078 | INFO     | models.demos.wormhole.stable_diffusion.tt.ttnn_functional_unet_2d_condition_model_new_conv:__call__:460 - Mid block
2026-05-29 08:16:23.078 | warning  |              Op | Mismatch between computed MemoryConfig(memory_layout=TensorMemoryLayout::BLOCK_SHARDED,buffer_type=BufferType::L1,shard_spec=ShardSpec(grid={[(x=0,y=0) - (x=7,y=3)]},shape={32, 160},orientation=ShardOrientation::ROW_MAJOR),nd_shard_spec=NdShardSpec(shard_shape=Shape([32, 160]),grid={[(x=0,y=0) - (x=7,y=3)]},orientation=ShardOrientation::ROW_MAJOR,shard_distribution_strategy=ShardDistributionStrategy::GRID_2D),created_with_nd_shard_spec=0) and provided MemoryConfig(memory_layout=TensorMemoryLayout::BLOCK_SHARDED,buffer_type=BufferType::L1,shard_spec=ShardSpec(grid={[(x=0,y=0) - (x=7,y=7)]},shape={32, 160},orientation=ShardOrientation::ROW_MAJOR),nd_shard_spec=std::nullopt,created_with_nd_shard_spec=0) mem config. Using computed config. (matmul_op.cpp:1674)
2026-05-29 08:16:23.079 | INFO     | models.demos.wormhole.stable_diffusion.tt.ttnn_functional_unet_2d_condition_model_new_conv:__call__:491 - Up block 0
2026-05-29 08:16:23.081 | INFO     | models.demos.wormhole.stable_diffusion.tt.ttnn_functional_unet_2d_condition_model_new_conv:__call__:491 - Up block 1
2026-05-29 08:16:23.086 | INFO     | models.demos.wormhole.stable_diffusion.tt.ttnn_functional_unet_2d_condition_model_new_conv:__call__:491 - Up block 2
2026-05-29 08:16:23.094 | INFO     | models.demos.wormhole.stable_diffusion.tt.ttnn_functional_unet_2d_condition_model_new_conv:__call__:491 - Up block 3
2026-05-29 08:16:23.114 | INFO     | models.demos.wormhole.stable_diffusion.tt.ttnn_functional_unet_2d_condition_model_new_conv:__call__:406 - Down block 0
2026-05-29 08:16:23.120 | info     |              Op | act_block_h_override 2 is not a valid override for padded_output_height_ntiles_per_core 7, instead 1 was selected as closest valid option! (conv2d_utils.cpp:401)
2026-05-29 08:16:23.120 | INFO     | models.demos.wormhole.stable_diffusion.tt.ttnn_functional_unet_2d_condition_model_new_conv:__call__:406 - Down block 1
2026-05-29 08:16:23.126 | INFO     | models.demos.wormhole.stable_diffusion.tt.ttnn_functional_unet_2d_condition_model_new_conv:__call__:406 - Down block 2
2026-05-29 08:16:23.129 | INFO     | models.demos.wormhole.stable_diffusion.tt.ttnn_functional_unet_2d_condition_model_new_conv:__call__:406 - Down block 3
2026-05-29 08:16:23.130 | INFO     | models.demos.wormhole.stable_diffusion.tt.ttnn_functional_unet_2d_condition_model_new_conv:__call__:460 - Mid block
2026-05-29 08:16:23.130 | warning  |              Op | Mismatch between computed MemoryConfig(memory_layout=TensorMemoryLayout::BLOCK_SHARDED,buffer_type=BufferType::L1,shard_spec=ShardSpec(grid={[(x=0,y=0) - (x=7,y=3)]},shape={32, 160},orientation=ShardOrientation::ROW_MAJOR),nd_shard_spec=NdShardSpec(shard_shape=Shape([32, 160]),grid={[(x=0,y=0) - (x=7,y=3)]},orientation=ShardOrientation::ROW_MAJOR,shard_distribution_strategy=ShardDistributionStrategy::GRID_2D),created_with_nd_shard_spec=0) and provided MemoryConfig(memory_layout=TensorMemoryLayout::BLOCK_SHARDED,buffer_type=BufferType::L1,shard_spec=ShardSpec(grid={[(x=0,y=0) - (x=7,y=7)]},shape={32, 160},orientation=ShardOrientation::ROW_MAJOR),nd_shard_spec=std::nullopt,created_with_nd_shard_spec=0) mem config. Using computed config. (matmul_op.cpp:1674)
2026-05-29 08:16:23.132 | INFO     | models.demos.wormhole.stable_diffusion.tt.ttnn_functional_unet_2d_condition_model_new_conv:__call__:491 - Up block 0
2026-05-29 08:16:23.133 | INFO     | models.demos.wormhole.stable_diffusion.tt.ttnn_functional_unet_2d_condition_model_new_conv:__call__:491 - Up block 1
2026-05-29 08:16:23.138 | INFO     | models.demos.wormhole.stable_diffusion.tt.ttnn_functional_unet_2d_condition_model_new_conv:__call__:491 - Up block 2
2026-05-29 08:16:23.146 | INFO     | models.demos.wormhole.stable_diffusion.tt.ttnn_functional_unet_2d_condition_model_new_conv:__call__:491 - Up block 3
2026-05-29 08:16:23.166 | INFO     | models.demos.wormhole.stable_diffusion.tt.ttnn_functional_unet_2d_condition_model_new_conv:__call__:406 - Down block 0
2026-05-29 08:16:23.172 | info     |              Op | act_block_h_override 2 is not a valid override for padded_output_height_ntiles_per_core 7, instead 1 was selected as closest valid option! (conv2d_utils.cpp:401)
2026-05-29 08:16:23.172 | INFO     | models.demos.wormhole.stable_diffusion.tt.ttnn_functional_unet_2d_condition_model_new_conv:__call__:406 - Down block 1
2026-05-29 08:16:23.177 | INFO     | models.demos.wormhole.stable_diffusion.tt.ttnn_functional_unet_2d_condition_model_new_conv:__call__:406 - Down block 2
2026-05-29 08:16:23.181 | INFO     | models.demos.wormhole.stable_diffusion.tt.ttnn_functional_unet_2d_condition_model_new_conv:__call__:406 - Down block 3
2026-05-29 08:16:23.182 | INFO     | models.demos.wormhole.stable_diffusion.tt.ttnn_functional_unet_2d_condition_model_new_conv:__call__:460 - Mid block
2026-05-29 08:16:23.182 | warning  |              Op | Mismatch between computed MemoryConfig(memory_layout=TensorMemoryLayout::BLOCK_SHARDED,buffer_type=BufferType::L1,shard_spec=ShardSpec(grid={[(x=0,y=0) - (x=7,y=3)]},shape={32, 160},orientation=ShardOrientation::ROW_MAJOR),nd_shard_spec=NdShardSpec(shard_shape=Shape([32, 160]),grid={[(x=0,y=0) - (x=7,y=3)]},orientation=ShardOrientation::ROW_MAJOR,shard_distribution_strategy=ShardDistributionStrategy::GRID_2D),created_with_nd_shard_spec=0) and provided MemoryConfig(memory_layout=TensorMemoryLayout::BLOCK_SHARDED,buffer_type=BufferType::L1,shard_spec=ShardSpec(grid={[(x=0,y=0) - (x=7,y=7)]},shape={32, 160},orientation=ShardOrientation::ROW_MAJOR),nd_shard_spec=std::nullopt,created_with_nd_shard_spec=0) mem config. Using computed config. (matmul_op.cpp:1674)
2026-05-29 08:16:23.183 | INFO     | models.demos.wormhole.stable_diffusion.tt.ttnn_functional_unet_2d_condition_model_new_conv:__call__:491 - Up block 0
2026-05-29 08:16:23.185 | INFO     | models.demos.wormhole.stable_diffusion.tt.ttnn_functional_unet_2d_condition_model_new_conv:__call__:491 - Up block 1
2026-05-29 08:16:23.190 | INFO     | models.demos.wormhole.stable_diffusion.tt.ttnn_functional_unet_2d_condition_model_new_conv:__call__:491 - Up block 2
2026-05-29 08:16:23.198 | INFO     | models.demos.wormhole.stable_diffusion.tt.ttnn_functional_unet_2d_condition_model_new_conv:__call__:491 - Up block 3
2026-05-29 08:16:23.218 | INFO     | models.demos.wormhole.stable_diffusion.tt.ttnn_functional_unet_2d_condition_model_new_conv:__call__:406 - Down block 0
2026-05-29 08:16:23.224 | info     |              Op | act_block_h_override 2 is not a valid override for padded_output_height_ntiles_per_core 7, instead 1 was selected as closest valid option! (conv2d_utils.cpp:401)
2026-05-29 08:16:23.224 | INFO     | models.demos.wormhole.stable_diffusion.tt.ttnn_functional_unet_2d_condition_model_new_conv:__call__:406 - Down block 1
2026-05-29 08:16:23.229 | INFO     | models.demos.wormhole.stable_diffusion.tt.ttnn_functional_unet_2d_condition_model_new_conv:__call__:406 - Down block 2
2026-05-29 08:16:23.233 | INFO     | models.demos.wormhole.stable_diffusion.tt.ttnn_functional_unet_2d_condition_model_new_conv:__call__:406 - Down block 3
2026-05-29 08:16:23.233 | INFO     | models.demos.wormhole.stable_diffusion.tt.ttnn_functional_unet_2d_condition_model_new_conv:__call__:460 - Mid block
2026-05-29 08:16:23.234 | warning  |              Op | Mismatch between computed MemoryConfig(memory_layout=TensorMemoryLayout::BLOCK_SHARDED,buffer_type=BufferType::L1,shard_spec=ShardSpec(grid={[(x=0,y=0) - (x=7,y=3)]},shape={32, 160},orientation=ShardOrientation::ROW_MAJOR),nd_shard_spec=NdShardSpec(shard_shape=Shape([32, 160]),grid={[(x=0,y=0) - (x=7,y=3)]},orientation=ShardOrientation::ROW_MAJOR,shard_distribution_strategy=ShardDistributionStrategy::GRID_2D),created_with_nd_shard_spec=0) and provided MemoryConfig(memory_layout=TensorMemoryLayout::BLOCK_SHARDED,buffer_type=BufferType::L1,shard_spec=ShardSpec(grid={[(x=0,y=0) - (x=7,y=7)]},shape={32, 160},orientation=ShardOrientation::ROW_MAJOR),nd_shard_spec=std::nullopt,created_with_nd_shard_spec=0) mem config. Using computed config. (matmul_op.cpp:1674)
2026-05-29 08:16:23.235 | INFO     | models.demos.wormhole.stable_diffusion.tt.ttnn_functional_unet_2d_condition_model_new_conv:__call__:491 - Up block 0
2026-05-29 08:16:23.237 | INFO     | models.demos.wormhole.stable_diffusion.tt.ttnn_functional_unet_2d_condition_model_new_conv:__call__:491 - Up block 1
2026-05-29 08:16:23.242 | INFO     | models.demos.wormhole.stable_diffusion.tt.ttnn_functional_unet_2d_condition_model_new_conv:__call__:491 - Up block 2
2026-05-29 08:16:23.250 | INFO     | models.demos.wormhole.stable_diffusion.tt.ttnn_functional_unet_2d_condition_model_new_conv:__call__:491 - Up block 3
  Step 25/41
2026-05-29 08:16:23.272 | INFO     | models.demos.wormhole.stable_diffusion.tt.ttnn_functional_unet_2d_condition_model_new_conv:__call__:406 - Down block 0
2026-05-29 08:16:23.278 | info     |              Op | act_block_h_override 2 is not a valid override for padded_output_height_ntiles_per_core 7, instead 1 was selected as closest valid option! (conv2d_utils.cpp:401)
2026-05-29 08:16:23.278 | INFO     | models.demos.wormhole.stable_diffusion.tt.ttnn_functional_unet_2d_condition_model_new_conv:__call__:406 - Down block 1
2026-05-29 08:16:23.284 | INFO     | models.demos.wormhole.stable_diffusion.tt.ttnn_functional_unet_2d_condition_model_new_conv:__call__:406 - Down block 2
2026-05-29 08:16:23.288 | INFO     | models.demos.wormhole.stable_diffusion.tt.ttnn_functional_unet_2d_condition_model_new_conv:__call__:406 - Down block 3
2026-05-29 08:16:23.288 | INFO     | models.demos.wormhole.stable_diffusion.tt.ttnn_functional_unet_2d_condition_model_new_conv:__call__:460 - Mid block
2026-05-29 08:16:23.289 | warning  |              Op | Mismatch between computed MemoryConfig(memory_layout=TensorMemoryLayout::BLOCK_SHARDED,buffer_type=BufferType::L1,shard_spec=ShardSpec(grid={[(x=0,y=0) - (x=7,y=3)]},shape={32, 160},orientation=ShardOrientation::ROW_MAJOR),nd_shard_spec=NdShardSpec(shard_shape=Shape([32, 160]),grid={[(x=0,y=0) - (x=7,y=3)]},orientation=ShardOrientation::ROW_MAJOR,shard_distribution_strategy=ShardDistributionStrategy::GRID_2D),created_with_nd_shard_spec=0) and provided MemoryConfig(memory_layout=TensorMemoryLayout::BLOCK_SHARDED,buffer_type=BufferType::L1,shard_spec=ShardSpec(grid={[(x=0,y=0) - (x=7,y=7)]},shape={32, 160},orientation=ShardOrientation::ROW_MAJOR),nd_shard_spec=std::nullopt,created_with_nd_shard_spec=0) mem config. Using computed config. (matmul_op.cpp:1674)
2026-05-29 08:16:23.290 | INFO     | models.demos.wormhole.stable_diffusion.tt.ttnn_functional_unet_2d_condition_model_new_conv:__call__:491 - Up block 0
2026-05-29 08:16:23.292 | INFO     | models.demos.wormhole.stable_diffusion.tt.ttnn_functional_unet_2d_condition_model_new_conv:__call__:491 - Up block 1
2026-05-29 08:16:23.296 | INFO     | models.demos.wormhole.stable_diffusion.tt.ttnn_functional_unet_2d_condition_model_new_conv:__call__:491 - Up block 2
2026-05-29 08:16:23.304 | INFO     | models.demos.wormhole.stable_diffusion.tt.ttnn_functional_unet_2d_condition_model_new_conv:__call__:491 - Up block 3
2026-05-29 08:16:23.324 | INFO     | models.demos.wormhole.stable_diffusion.tt.ttnn_functional_unet_2d_condition_model_new_conv:__call__:406 - Down block 0
2026-05-29 08:16:23.330 | info     |              Op | act_block_h_override 2 is not a valid override for padded_output_height_ntiles_per_core 7, instead 1 was selected as closest valid option! (conv2d_utils.cpp:401)
2026-05-29 08:16:23.330 | INFO     | models.demos.wormhole.stable_diffusion.tt.ttnn_functional_unet_2d_condition_model_new_conv:__call__:406 - Down block 1
2026-05-29 08:16:23.336 | INFO     | models.demos.wormhole.stable_diffusion.tt.ttnn_functional_unet_2d_condition_model_new_conv:__call__:406 - Down block 2
2026-05-29 08:16:23.339 | INFO     | models.demos.wormhole.stable_diffusion.tt.ttnn_functional_unet_2d_condition_model_new_conv:__call__:406 - Down block 3
2026-05-29 08:16:23.340 | INFO     | models.demos.wormhole.stable_diffusion.tt.ttnn_functional_unet_2d_condition_model_new_conv:__call__:460 - Mid block
2026-05-29 08:16:23.340 | warning  |              Op | Mismatch between computed MemoryConfig(memory_layout=TensorMemoryLayout::BLOCK_SHARDED,buffer_type=BufferType::L1,shard_spec=ShardSpec(grid={[(x=0,y=0) - (x=7,y=3)]},shape={32, 160},orientation=ShardOrientation::ROW_MAJOR),nd_shard_spec=NdShardSpec(shard_shape=Shape([32, 160]),grid={[(x=0,y=0) - (x=7,y=3)]},orientation=ShardOrientation::ROW_MAJOR,shard_distribution_strategy=ShardDistributionStrategy::GRID_2D),created_with_nd_shard_spec=0) and provided MemoryConfig(memory_layout=TensorMemoryLayout::BLOCK_SHARDED,buffer_type=BufferType::L1,shard_spec=ShardSpec(grid={[(x=0,y=0) - (x=7,y=7)]},shape={32, 160},orientation=ShardOrientation::ROW_MAJOR),nd_shard_spec=std::nullopt,created_with_nd_shard_spec=0) mem config. Using computed config. (matmul_op.cpp:1674)
2026-05-29 08:16:23.341 | INFO     | models.demos.wormhole.stable_diffusion.tt.ttnn_functional_unet_2d_condition_model_new_conv:__call__:491 - Up block 0
2026-05-29 08:16:23.343 | INFO     | models.demos.wormhole.stable_diffusion.tt.ttnn_functional_unet_2d_condition_model_new_conv:__call__:491 - Up block 1
2026-05-29 08:16:23.348 | INFO     | models.demos.wormhole.stable_diffusion.tt.ttnn_functional_unet_2d_condition_model_new_conv:__call__:491 - Up block 2
2026-05-29 08:16:23.356 | INFO     | models.demos.wormhole.stable_diffusion.tt.ttnn_functional_unet_2d_condition_model_new_conv:__call__:491 - Up block 3
2026-05-29 08:16:23.376 | INFO     | models.demos.wormhole.stable_diffusion.tt.ttnn_functional_unet_2d_condition_model_new_conv:__call__:406 - Down block 0
2026-05-29 08:16:23.382 | info     |              Op | act_block_h_override 2 is not a valid override for padded_output_height_ntiles_per_core 7, instead 1 was selected as closest valid option! (conv2d_utils.cpp:401)
2026-05-29 08:16:23.382 | INFO     | models.demos.wormhole.stable_diffusion.tt.ttnn_functional_unet_2d_condition_model_new_conv:__call__:406 - Down block 1
2026-05-29 08:16:23.387 | INFO     | models.demos.wormhole.stable_diffusion.tt.ttnn_functional_unet_2d_condition_model_new_conv:__call__:406 - Down block 2
2026-05-29 08:16:23.391 | INFO     | models.demos.wormhole.stable_diffusion.tt.ttnn_functional_unet_2d_condition_model_new_conv:__call__:406 - Down block 3
2026-05-29 08:16:23.392 | INFO     | models.demos.wormhole.stable_diffusion.tt.ttnn_functional_unet_2d_condition_model_new_conv:__call__:460 - Mid block
2026-05-29 08:16:23.392 | warning  |              Op | Mismatch between computed MemoryConfig(memory_layout=TensorMemoryLayout::BLOCK_SHARDED,buffer_type=BufferType::L1,shard_spec=ShardSpec(grid={[(x=0,y=0) - (x=7,y=3)]},shape={32, 160},orientation=ShardOrientation::ROW_MAJOR),nd_shard_spec=NdShardSpec(shard_shape=Shape([32, 160]),grid={[(x=0,y=0) - (x=7,y=3)]},orientation=ShardOrientation::ROW_MAJOR,shard_distribution_strategy=ShardDistributionStrategy::GRID_2D),created_with_nd_shard_spec=0) and provided MemoryConfig(memory_layout=TensorMemoryLayout::BLOCK_SHARDED,buffer_type=BufferType::L1,shard_spec=ShardSpec(grid={[(x=0,y=0) - (x=7,y=7)]},shape={32, 160},orientation=ShardOrientation::ROW_MAJOR),nd_shard_spec=std::nullopt,created_with_nd_shard_spec=0) mem config. Using computed config. (matmul_op.cpp:1674)
2026-05-29 08:16:23.393 | INFO     | models.demos.wormhole.stable_diffusion.tt.ttnn_functional_unet_2d_condition_model_new_conv:__call__:491 - Up block 0
2026-05-29 08:16:23.395 | INFO     | models.demos.wormhole.stable_diffusion.tt.ttnn_functional_unet_2d_condition_model_new_conv:__call__:491 - Up block 1
2026-05-29 08:16:23.400 | INFO     | models.demos.wormhole.stable_diffusion.tt.ttnn_functional_unet_2d_condition_model_new_conv:__call__:491 - Up block 2
2026-05-29 08:16:23.408 | INFO     | models.demos.wormhole.stable_diffusion.tt.ttnn_functional_unet_2d_condition_model_new_conv:__call__:491 - Up block 3
2026-05-29 08:16:23.428 | INFO     | models.demos.wormhole.stable_diffusion.tt.ttnn_functional_unet_2d_condition_model_new_conv:__call__:406 - Down block 0
2026-05-29 08:16:23.434 | info     |              Op | act_block_h_override 2 is not a valid override for padded_output_height_ntiles_per_core 7, instead 1 was selected as closest valid option! (conv2d_utils.cpp:401)
2026-05-29 08:16:23.434 | INFO     | models.demos.wormhole.stable_diffusion.tt.ttnn_functional_unet_2d_condition_model_new_conv:__call__:406 - Down block 1
2026-05-29 08:16:23.439 | INFO     | models.demos.wormhole.stable_diffusion.tt.ttnn_functional_unet_2d_condition_model_new_conv:__call__:406 - Down block 2
2026-05-29 08:16:23.442 | INFO     | models.demos.wormhole.stable_diffusion.tt.ttnn_functional_unet_2d_condition_model_new_conv:__call__:406 - Down block 3
2026-05-29 08:16:23.443 | INFO     | models.demos.wormhole.stable_diffusion.tt.ttnn_functional_unet_2d_condition_model_new_conv:__call__:460 - Mid block
2026-05-29 08:16:23.443 | warning  |              Op | Mismatch between computed MemoryConfig(memory_layout=TensorMemoryLayout::BLOCK_SHARDED,buffer_type=BufferType::L1,shard_spec=ShardSpec(grid={[(x=0,y=0) - (x=7,y=3)]},shape={32, 160},orientation=ShardOrientation::ROW_MAJOR),nd_shard_spec=NdShardSpec(shard_shape=Shape([32, 160]),grid={[(x=0,y=0) - (x=7,y=3)]},orientation=ShardOrientation::ROW_MAJOR,shard_distribution_strategy=ShardDistributionStrategy::GRID_2D),created_with_nd_shard_spec=0) and provided MemoryConfig(memory_layout=TensorMemoryLayout::BLOCK_SHARDED,buffer_type=BufferType::L1,shard_spec=ShardSpec(grid={[(x=0,y=0) - (x=7,y=7)]},shape={32, 160},orientation=ShardOrientation::ROW_MAJOR),nd_shard_spec=std::nullopt,created_with_nd_shard_spec=0) mem config. Using computed config. (matmul_op.cpp:1674)
2026-05-29 08:16:23.445 | INFO     | models.demos.wormhole.stable_diffusion.tt.ttnn_functional_unet_2d_condition_model_new_conv:__call__:491 - Up block 0
2026-05-29 08:16:23.446 | INFO     | models.demos.wormhole.stable_diffusion.tt.ttnn_functional_unet_2d_condition_model_new_conv:__call__:491 - Up block 1
2026-05-29 08:16:23.451 | INFO     | models.demos.wormhole.stable_diffusion.tt.ttnn_functional_unet_2d_condition_model_new_conv:__call__:491 - Up block 2
2026-05-29 08:16:23.459 | INFO     | models.demos.wormhole.stable_diffusion.tt.ttnn_functional_unet_2d_condition_model_new_conv:__call__:491 - Up block 3
2026-05-29 08:16:23.480 | INFO     | models.demos.wormhole.stable_diffusion.tt.ttnn_functional_unet_2d_condition_model_new_conv:__call__:406 - Down block 0
2026-05-29 08:16:23.486 | info     |              Op | act_block_h_override 2 is not a valid override for padded_output_height_ntiles_per_core 7, instead 1 was selected as closest valid option! (conv2d_utils.cpp:401)
2026-05-29 08:16:23.486 | INFO     | models.demos.wormhole.stable_diffusion.tt.ttnn_functional_unet_2d_condition_model_new_conv:__call__:406 - Down block 1
2026-05-29 08:16:23.491 | INFO     | models.demos.wormhole.stable_diffusion.tt.ttnn_functional_unet_2d_condition_model_new_conv:__call__:406 - Down block 2
2026-05-29 08:16:23.494 | INFO     | models.demos.wormhole.stable_diffusion.tt.ttnn_functional_unet_2d_condition_model_new_conv:__call__:406 - Down block 3
2026-05-29 08:16:23.495 | INFO     | models.demos.wormhole.stable_diffusion.tt.ttnn_functional_unet_2d_condition_model_new_conv:__call__:460 - Mid block
2026-05-29 08:16:23.496 | warning  |              Op | Mismatch between computed MemoryConfig(memory_layout=TensorMemoryLayout::BLOCK_SHARDED,buffer_type=BufferType::L1,shard_spec=ShardSpec(grid={[(x=0,y=0) - (x=7,y=3)]},shape={32, 160},orientation=ShardOrientation::ROW_MAJOR),nd_shard_spec=NdShardSpec(shard_shape=Shape([32, 160]),grid={[(x=0,y=0) - (x=7,y=3)]},orientation=ShardOrientation::ROW_MAJOR,shard_distribution_strategy=ShardDistributionStrategy::GRID_2D),created_with_nd_shard_spec=0) and provided MemoryConfig(memory_layout=TensorMemoryLayout::BLOCK_SHARDED,buffer_type=BufferType::L1,shard_spec=ShardSpec(grid={[(x=0,y=0) - (x=7,y=7)]},shape={32, 160},orientation=ShardOrientation::ROW_MAJOR),nd_shard_spec=std::nullopt,created_with_nd_shard_spec=0) mem config. Using computed config. (matmul_op.cpp:1674)
2026-05-29 08:16:23.497 | INFO     | models.demos.wormhole.stable_diffusion.tt.ttnn_functional_unet_2d_condition_model_new_conv:__call__:491 - Up block 0
2026-05-29 08:16:23.498 | INFO     | models.demos.wormhole.stable_diffusion.tt.ttnn_functional_unet_2d_condition_model_new_conv:__call__:491 - Up block 1
2026-05-29 08:16:23.503 | INFO     | models.demos.wormhole.stable_diffusion.tt.ttnn_functional_unet_2d_condition_model_new_conv:__call__:491 - Up block 2
2026-05-29 08:16:23.512 | INFO     | models.demos.wormhole.stable_diffusion.tt.ttnn_functional_unet_2d_condition_model_new_conv:__call__:491 - Up block 3
2026-05-29 08:16:23.532 | INFO     | models.demos.wormhole.stable_diffusion.tt.ttnn_functional_unet_2d_condition_model_new_conv:__call__:406 - Down block 0
2026-05-29 08:16:23.537 | info     |              Op | act_block_h_override 2 is not a valid override for padded_output_height_ntiles_per_core 7, instead 1 was selected as closest valid option! (conv2d_utils.cpp:401)
2026-05-29 08:16:23.538 | INFO     | models.demos.wormhole.stable_diffusion.tt.ttnn_functional_unet_2d_condition_model_new_conv:__call__:406 - Down block 1
2026-05-29 08:16:23.543 | INFO     | models.demos.wormhole.stable_diffusion.tt.ttnn_functional_unet_2d_condition_model_new_conv:__call__:406 - Down block 2
2026-05-29 08:16:23.546 | INFO     | models.demos.wormhole.stable_diffusion.tt.ttnn_functional_unet_2d_condition_model_new_conv:__call__:406 - Down block 3
2026-05-29 08:16:23.547 | INFO     | models.demos.wormhole.stable_diffusion.tt.ttnn_functional_unet_2d_condition_model_new_conv:__call__:460 - Mid block
2026-05-29 08:16:23.547 | warning  |              Op | Mismatch between computed MemoryConfig(memory_layout=TensorMemoryLayout::BLOCK_SHARDED,buffer_type=BufferType::L1,shard_spec=ShardSpec(grid={[(x=0,y=0) - (x=7,y=3)]},shape={32, 160},orientation=ShardOrientation::ROW_MAJOR),nd_shard_spec=NdShardSpec(shard_shape=Shape([32, 160]),grid={[(x=0,y=0) - (x=7,y=3)]},orientation=ShardOrientation::ROW_MAJOR,shard_distribution_strategy=ShardDistributionStrategy::GRID_2D),created_with_nd_shard_spec=0) and provided MemoryConfig(memory_layout=TensorMemoryLayout::BLOCK_SHARDED,buffer_type=BufferType::L1,shard_spec=ShardSpec(grid={[(x=0,y=0) - (x=7,y=7)]},shape={32, 160},orientation=ShardOrientation::ROW_MAJOR),nd_shard_spec=std::nullopt,created_with_nd_shard_spec=0) mem config. Using computed config. (matmul_op.cpp:1674)
2026-05-29 08:16:23.548 | INFO     | models.demos.wormhole.stable_diffusion.tt.ttnn_functional_unet_2d_condition_model_new_conv:__call__:491 - Up block 0
2026-05-29 08:16:23.550 | INFO     | models.demos.wormhole.stable_diffusion.tt.ttnn_functional_unet_2d_condition_model_new_conv:__call__:491 - Up block 1
2026-05-29 08:16:23.554 | INFO     | models.demos.wormhole.stable_diffusion.tt.ttnn_functional_unet_2d_condition_model_new_conv:__call__:491 - Up block 2
2026-05-29 08:16:23.562 | INFO     | models.demos.wormhole.stable_diffusion.tt.ttnn_functional_unet_2d_condition_model_new_conv:__call__:491 - Up block 3
2026-05-29 08:16:23.584 | INFO     | models.demos.wormhole.stable_diffusion.tt.ttnn_functional_unet_2d_condition_model_new_conv:__call__:406 - Down block 0
2026-05-29 08:16:23.589 | info     |              Op | act_block_h_override 2 is not a valid override for padded_output_height_ntiles_per_core 7, instead 1 was selected as closest valid option! (conv2d_utils.cpp:401)
2026-05-29 08:16:23.589 | INFO     | models.demos.wormhole.stable_diffusion.tt.ttnn_functional_unet_2d_condition_model_new_conv:__call__:406 - Down block 1
2026-05-29 08:16:23.595 | INFO     | models.demos.wormhole.stable_diffusion.tt.ttnn_functional_unet_2d_condition_model_new_conv:__call__:406 - Down block 2
2026-05-29 08:16:23.598 | INFO     | models.demos.wormhole.stable_diffusion.tt.ttnn_functional_unet_2d_condition_model_new_conv:__call__:406 - Down block 3
2026-05-29 08:16:23.599 | INFO     | models.demos.wormhole.stable_diffusion.tt.ttnn_functional_unet_2d_condition_model_new_conv:__call__:460 - Mid block
2026-05-29 08:16:23.599 | warning  |              Op | Mismatch between computed MemoryConfig(memory_layout=TensorMemoryLayout::BLOCK_SHARDED,buffer_type=BufferType::L1,shard_spec=ShardSpec(grid={[(x=0,y=0) - (x=7,y=3)]},shape={32, 160},orientation=ShardOrientation::ROW_MAJOR),nd_shard_spec=NdShardSpec(shard_shape=Shape([32, 160]),grid={[(x=0,y=0) - (x=7,y=3)]},orientation=ShardOrientation::ROW_MAJOR,shard_distribution_strategy=ShardDistributionStrategy::GRID_2D),created_with_nd_shard_spec=0) and provided MemoryConfig(memory_layout=TensorMemoryLayout::BLOCK_SHARDED,buffer_type=BufferType::L1,shard_spec=ShardSpec(grid={[(x=0,y=0) - (x=7,y=7)]},shape={32, 160},orientation=ShardOrientation::ROW_MAJOR),nd_shard_spec=std::nullopt,created_with_nd_shard_spec=0) mem config. Using computed config. (matmul_op.cpp:1674)
2026-05-29 08:16:23.601 | INFO     | models.demos.wormhole.stable_diffusion.tt.ttnn_functional_unet_2d_condition_model_new_conv:__call__:491 - Up block 0
2026-05-29 08:16:23.602 | INFO     | models.demos.wormhole.stable_diffusion.tt.ttnn_functional_unet_2d_condition_model_new_conv:__call__:491 - Up block 1
2026-05-29 08:16:23.607 | INFO     | models.demos.wormhole.stable_diffusion.tt.ttnn_functional_unet_2d_condition_model_new_conv:__call__:491 - Up block 2
2026-05-29 08:16:23.615 | INFO     | models.demos.wormhole.stable_diffusion.tt.ttnn_functional_unet_2d_condition_model_new_conv:__call__:491 - Up block 3
2026-05-29 08:16:23.635 | INFO     | models.demos.wormhole.stable_diffusion.tt.ttnn_functional_unet_2d_condition_model_new_conv:__call__:406 - Down block 0
2026-05-29 08:16:23.641 | info     |              Op | act_block_h_override 2 is not a valid override for padded_output_height_ntiles_per_core 7, instead 1 was selected as closest valid option! (conv2d_utils.cpp:401)
2026-05-29 08:16:23.641 | INFO     | models.demos.wormhole.stable_diffusion.tt.ttnn_functional_unet_2d_condition_model_new_conv:__call__:406 - Down block 1
2026-05-29 08:16:23.647 | INFO     | models.demos.wormhole.stable_diffusion.tt.ttnn_functional_unet_2d_condition_model_new_conv:__call__:406 - Down block 2
2026-05-29 08:16:23.650 | INFO     | models.demos.wormhole.stable_diffusion.tt.ttnn_functional_unet_2d_condition_model_new_conv:__call__:406 - Down block 3
2026-05-29 08:16:23.651 | INFO     | models.demos.wormhole.stable_diffusion.tt.ttnn_functional_unet_2d_condition_model_new_conv:__call__:460 - Mid block
2026-05-29 08:16:23.651 | warning  |              Op | Mismatch between computed MemoryConfig(memory_layout=TensorMemoryLayout::BLOCK_SHARDED,buffer_type=BufferType::L1,shard_spec=ShardSpec(grid={[(x=0,y=0) - (x=7,y=3)]},shape={32, 160},orientation=ShardOrientation::ROW_MAJOR),nd_shard_spec=NdShardSpec(shard_shape=Shape([32, 160]),grid={[(x=0,y=0) - (x=7,y=3)]},orientation=ShardOrientation::ROW_MAJOR,shard_distribution_strategy=ShardDistributionStrategy::GRID_2D),created_with_nd_shard_spec=0) and provided MemoryConfig(memory_layout=TensorMemoryLayout::BLOCK_SHARDED,buffer_type=BufferType::L1,shard_spec=ShardSpec(grid={[(x=0,y=0) - (x=7,y=7)]},shape={32, 160},orientation=ShardOrientation::ROW_MAJOR),nd_shard_spec=std::nullopt,created_with_nd_shard_spec=0) mem config. Using computed config. (matmul_op.cpp:1674)
2026-05-29 08:16:23.652 | INFO     | models.demos.wormhole.stable_diffusion.tt.ttnn_functional_unet_2d_condition_model_new_conv:__call__:491 - Up block 0
2026-05-29 08:16:23.654 | INFO     | models.demos.wormhole.stable_diffusion.tt.ttnn_functional_unet_2d_condition_model_new_conv:__call__:491 - Up block 1
2026-05-29 08:16:23.658 | INFO     | models.demos.wormhole.stable_diffusion.tt.ttnn_functional_unet_2d_condition_model_new_conv:__call__:491 - Up block 2
2026-05-29 08:16:23.666 | INFO     | models.demos.wormhole.stable_diffusion.tt.ttnn_functional_unet_2d_condition_model_new_conv:__call__:491 - Up block 3
  Step 26/41
2026-05-29 08:16:23.689 | INFO     | models.demos.wormhole.stable_diffusion.tt.ttnn_functional_unet_2d_condition_model_new_conv:__call__:406 - Down block 0
2026-05-29 08:16:23.695 | info     |              Op | act_block_h_override 2 is not a valid override for padded_output_height_ntiles_per_core 7, instead 1 was selected as closest valid option! (conv2d_utils.cpp:401)
2026-05-29 08:16:23.695 | INFO     | models.demos.wormhole.stable_diffusion.tt.ttnn_functional_unet_2d_condition_model_new_conv:__call__:406 - Down block 1
2026-05-29 08:16:23.701 | INFO     | models.demos.wormhole.stable_diffusion.tt.ttnn_functional_unet_2d_condition_model_new_conv:__call__:406 - Down block 2
2026-05-29 08:16:23.704 | INFO     | models.demos.wormhole.stable_diffusion.tt.ttnn_functional_unet_2d_condition_model_new_conv:__call__:406 - Down block 3
2026-05-29 08:16:23.705 | INFO     | models.demos.wormhole.stable_diffusion.tt.ttnn_functional_unet_2d_condition_model_new_conv:__call__:460 - Mid block
2026-05-29 08:16:23.705 | warning  |              Op | Mismatch between computed MemoryConfig(memory_layout=TensorMemoryLayout::BLOCK_SHARDED,buffer_type=BufferType::L1,shard_spec=ShardSpec(grid={[(x=0,y=0) - (x=7,y=3)]},shape={32, 160},orientation=ShardOrientation::ROW_MAJOR),nd_shard_spec=NdShardSpec(shard_shape=Shape([32, 160]),grid={[(x=0,y=0) - (x=7,y=3)]},orientation=ShardOrientation::ROW_MAJOR,shard_distribution_strategy=ShardDistributionStrategy::GRID_2D),created_with_nd_shard_spec=0) and provided MemoryConfig(memory_layout=TensorMemoryLayout::BLOCK_SHARDED,buffer_type=BufferType::L1,shard_spec=ShardSpec(grid={[(x=0,y=0) - (x=7,y=7)]},shape={32, 160},orientation=ShardOrientation::ROW_MAJOR),nd_shard_spec=std::nullopt,created_with_nd_shard_spec=0) mem config. Using computed config. (matmul_op.cpp:1674)
2026-05-29 08:16:23.707 | INFO     | models.demos.wormhole.stable_diffusion.tt.ttnn_functional_unet_2d_condition_model_new_conv:__call__:491 - Up block 0
2026-05-29 08:16:23.708 | INFO     | models.demos.wormhole.stable_diffusion.tt.ttnn_functional_unet_2d_condition_model_new_conv:__call__:491 - Up block 1
2026-05-29 08:16:23.713 | INFO     | models.demos.wormhole.stable_diffusion.tt.ttnn_functional_unet_2d_condition_model_new_conv:__call__:491 - Up block 2
2026-05-29 08:16:23.721 | INFO     | models.demos.wormhole.stable_diffusion.tt.ttnn_functional_unet_2d_condition_model_new_conv:__call__:491 - Up block 3
2026-05-29 08:16:23.741 | INFO     | models.demos.wormhole.stable_diffusion.tt.ttnn_functional_unet_2d_condition_model_new_conv:__call__:406 - Down block 0
2026-05-29 08:16:23.747 | info     |              Op | act_block_h_override 2 is not a valid override for padded_output_height_ntiles_per_core 7, instead 1 was selected as closest valid option! (conv2d_utils.cpp:401)
2026-05-29 08:16:23.747 | INFO     | models.demos.wormhole.stable_diffusion.tt.ttnn_functional_unet_2d_condition_model_new_conv:__call__:406 - Down block 1
2026-05-29 08:16:23.753 | INFO     | models.demos.wormhole.stable_diffusion.tt.ttnn_functional_unet_2d_condition_model_new_conv:__call__:406 - Down block 2
2026-05-29 08:16:23.756 | INFO     | models.demos.wormhole.stable_diffusion.tt.ttnn_functional_unet_2d_condition_model_new_conv:__call__:406 - Down block 3
2026-05-29 08:16:23.757 | INFO     | models.demos.wormhole.stable_diffusion.tt.ttnn_functional_unet_2d_condition_model_new_conv:__call__:460 - Mid block
2026-05-29 08:16:23.757 | warning  |              Op | Mismatch between computed MemoryConfig(memory_layout=TensorMemoryLayout::BLOCK_SHARDED,buffer_type=BufferType::L1,shard_spec=ShardSpec(grid={[(x=0,y=0) - (x=7,y=3)]},shape={32, 160},orientation=ShardOrientation::ROW_MAJOR),nd_shard_spec=NdShardSpec(shard_shape=Shape([32, 160]),grid={[(x=0,y=0) - (x=7,y=3)]},orientation=ShardOrientation::ROW_MAJOR,shard_distribution_strategy=ShardDistributionStrategy::GRID_2D),created_with_nd_shard_spec=0) and provided MemoryConfig(memory_layout=TensorMemoryLayout::BLOCK_SHARDED,buffer_type=BufferType::L1,shard_spec=ShardSpec(grid={[(x=0,y=0) - (x=7,y=7)]},shape={32, 160},orientation=ShardOrientation::ROW_MAJOR),nd_shard_spec=std::nullopt,created_with_nd_shard_spec=0) mem config. Using computed config. (matmul_op.cpp:1674)
2026-05-29 08:16:23.759 | INFO     | models.demos.wormhole.stable_diffusion.tt.ttnn_functional_unet_2d_condition_model_new_conv:__call__:491 - Up block 0
2026-05-29 08:16:23.760 | INFO     | models.demos.wormhole.stable_diffusion.tt.ttnn_functional_unet_2d_condition_model_new_conv:__call__:491 - Up block 1
2026-05-29 08:16:23.765 | INFO     | models.demos.wormhole.stable_diffusion.tt.ttnn_functional_unet_2d_condition_model_new_conv:__call__:491 - Up block 2
2026-05-29 08:16:23.773 | INFO     | models.demos.wormhole.stable_diffusion.tt.ttnn_functional_unet_2d_condition_model_new_conv:__call__:491 - Up block 3
2026-05-29 08:16:23.793 | INFO     | models.demos.wormhole.stable_diffusion.tt.ttnn_functional_unet_2d_condition_model_new_conv:__call__:406 - Down block 0
2026-05-29 08:16:23.799 | info     |              Op | act_block_h_override 2 is not a valid override for padded_output_height_ntiles_per_core 7, instead 1 was selected as closest valid option! (conv2d_utils.cpp:401)
2026-05-29 08:16:23.799 | INFO     | models.demos.wormhole.stable_diffusion.tt.ttnn_functional_unet_2d_condition_model_new_conv:__call__:406 - Down block 1
2026-05-29 08:16:23.804 | INFO     | models.demos.wormhole.stable_diffusion.tt.ttnn_functional_unet_2d_condition_model_new_conv:__call__:406 - Down block 2
2026-05-29 08:16:23.807 | INFO     | models.demos.wormhole.stable_diffusion.tt.ttnn_functional_unet_2d_condition_model_new_conv:__call__:406 - Down block 3
2026-05-29 08:16:23.808 | INFO     | models.demos.wormhole.stable_diffusion.tt.ttnn_functional_unet_2d_condition_model_new_conv:__call__:460 - Mid block
2026-05-29 08:16:23.809 | warning  |              Op | Mismatch between computed MemoryConfig(memory_layout=TensorMemoryLayout::BLOCK_SHARDED,buffer_type=BufferType::L1,shard_spec=ShardSpec(grid={[(x=0,y=0) - (x=7,y=3)]},shape={32, 160},orientation=ShardOrientation::ROW_MAJOR),nd_shard_spec=NdShardSpec(shard_shape=Shape([32, 160]),grid={[(x=0,y=0) - (x=7,y=3)]},orientation=ShardOrientation::ROW_MAJOR,shard_distribution_strategy=ShardDistributionStrategy::GRID_2D),created_with_nd_shard_spec=0) and provided MemoryConfig(memory_layout=TensorMemoryLayout::BLOCK_SHARDED,buffer_type=BufferType::L1,shard_spec=ShardSpec(grid={[(x=0,y=0) - (x=7,y=7)]},shape={32, 160},orientation=ShardOrientation::ROW_MAJOR),nd_shard_spec=std::nullopt,created_with_nd_shard_spec=0) mem config. Using computed config. (matmul_op.cpp:1674)
2026-05-29 08:16:23.810 | INFO     | models.demos.wormhole.stable_diffusion.tt.ttnn_functional_unet_2d_condition_model_new_conv:__call__:491 - Up block 0
2026-05-29 08:16:23.811 | INFO     | models.demos.wormhole.stable_diffusion.tt.ttnn_functional_unet_2d_condition_model_new_conv:__call__:491 - Up block 1
2026-05-29 08:16:23.816 | INFO     | models.demos.wormhole.stable_diffusion.tt.ttnn_functional_unet_2d_condition_model_new_conv:__call__:491 - Up block 2
2026-05-29 08:16:23.824 | INFO     | models.demos.wormhole.stable_diffusion.tt.ttnn_functional_unet_2d_condition_model_new_conv:__call__:491 - Up block 3
2026-05-29 08:16:23.845 | INFO     | models.demos.wormhole.stable_diffusion.tt.ttnn_functional_unet_2d_condition_model_new_conv:__call__:406 - Down block 0
2026-05-29 08:16:23.851 | info     |              Op | act_block_h_override 2 is not a valid override for padded_output_height_ntiles_per_core 7, instead 1 was selected as closest valid option! (conv2d_utils.cpp:401)
2026-05-29 08:16:23.851 | INFO     | models.demos.wormhole.stable_diffusion.tt.ttnn_functional_unet_2d_condition_model_new_conv:__call__:406 - Down block 1
2026-05-29 08:16:23.857 | INFO     | models.demos.wormhole.stable_diffusion.tt.ttnn_functional_unet_2d_condition_model_new_conv:__call__:406 - Down block 2
2026-05-29 08:16:23.860 | INFO     | models.demos.wormhole.stable_diffusion.tt.ttnn_functional_unet_2d_condition_model_new_conv:__call__:406 - Down block 3
2026-05-29 08:16:23.861 | INFO     | models.demos.wormhole.stable_diffusion.tt.ttnn_functional_unet_2d_condition_model_new_conv:__call__:460 - Mid block
2026-05-29 08:16:23.861 | warning  |              Op | Mismatch between computed MemoryConfig(memory_layout=TensorMemoryLayout::BLOCK_SHARDED,buffer_type=BufferType::L1,shard_spec=ShardSpec(grid={[(x=0,y=0) - (x=7,y=3)]},shape={32, 160},orientation=ShardOrientation::ROW_MAJOR),nd_shard_spec=NdShardSpec(shard_shape=Shape([32, 160]),grid={[(x=0,y=0) - (x=7,y=3)]},orientation=ShardOrientation::ROW_MAJOR,shard_distribution_strategy=ShardDistributionStrategy::GRID_2D),created_with_nd_shard_spec=0) and provided MemoryConfig(memory_layout=TensorMemoryLayout::BLOCK_SHARDED,buffer_type=BufferType::L1,shard_spec=ShardSpec(grid={[(x=0,y=0) - (x=7,y=7)]},shape={32, 160},orientation=ShardOrientation::ROW_MAJOR),nd_shard_spec=std::nullopt,created_with_nd_shard_spec=0) mem config. Using computed config. (matmul_op.cpp:1674)
2026-05-29 08:16:23.863 | INFO     | models.demos.wormhole.stable_diffusion.tt.ttnn_functional_unet_2d_condition_model_new_conv:__call__:491 - Up block 0
2026-05-29 08:16:23.864 | INFO     | models.demos.wormhole.stable_diffusion.tt.ttnn_functional_unet_2d_condition_model_new_conv:__call__:491 - Up block 1
2026-05-29 08:16:23.869 | INFO     | models.demos.wormhole.stable_diffusion.tt.ttnn_functional_unet_2d_condition_model_new_conv:__call__:491 - Up block 2
2026-05-29 08:16:23.878 | INFO     | models.demos.wormhole.stable_diffusion.tt.ttnn_functional_unet_2d_condition_model_new_conv:__call__:491 - Up block 3
2026-05-29 08:16:23.898 | INFO     | models.demos.wormhole.stable_diffusion.tt.ttnn_functional_unet_2d_condition_model_new_conv:__call__:406 - Down block 0
2026-05-29 08:16:23.904 | info     |              Op | act_block_h_override 2 is not a valid override for padded_output_height_ntiles_per_core 7, instead 1 was selected as closest valid option! (conv2d_utils.cpp:401)
2026-05-29 08:16:23.904 | INFO     | models.demos.wormhole.stable_diffusion.tt.ttnn_functional_unet_2d_condition_model_new_conv:__call__:406 - Down block 1
2026-05-29 08:16:23.910 | INFO     | models.demos.wormhole.stable_diffusion.tt.ttnn_functional_unet_2d_condition_model_new_conv:__call__:406 - Down block 2
2026-05-29 08:16:23.914 | INFO     | models.demos.wormhole.stable_diffusion.tt.ttnn_functional_unet_2d_condition_model_new_conv:__call__:406 - Down block 3
2026-05-29 08:16:23.915 | INFO     | models.demos.wormhole.stable_diffusion.tt.ttnn_functional_unet_2d_condition_model_new_conv:__call__:460 - Mid block
2026-05-29 08:16:23.915 | warning  |              Op | Mismatch between computed MemoryConfig(memory_layout=TensorMemoryLayout::BLOCK_SHARDED,buffer_type=BufferType::L1,shard_spec=ShardSpec(grid={[(x=0,y=0) - (x=7,y=3)]},shape={32, 160},orientation=ShardOrientation::ROW_MAJOR),nd_shard_spec=NdShardSpec(shard_shape=Shape([32, 160]),grid={[(x=0,y=0) - (x=7,y=3)]},orientation=ShardOrientation::ROW_MAJOR,shard_distribution_strategy=ShardDistributionStrategy::GRID_2D),created_with_nd_shard_spec=0) and provided MemoryConfig(memory_layout=TensorMemoryLayout::BLOCK_SHARDED,buffer_type=BufferType::L1,shard_spec=ShardSpec(grid={[(x=0,y=0) - (x=7,y=7)]},shape={32, 160},orientation=ShardOrientation::ROW_MAJOR),nd_shard_spec=std::nullopt,created_with_nd_shard_spec=0) mem config. Using computed config. (matmul_op.cpp:1674)
2026-05-29 08:16:23.917 | INFO     | models.demos.wormhole.stable_diffusion.tt.ttnn_functional_unet_2d_condition_model_new_conv:__call__:491 - Up block 0
2026-05-29 08:16:23.918 | INFO     | models.demos.wormhole.stable_diffusion.tt.ttnn_functional_unet_2d_condition_model_new_conv:__call__:491 - Up block 1
2026-05-29 08:16:23.923 | INFO     | models.demos.wormhole.stable_diffusion.tt.ttnn_functional_unet_2d_condition_model_new_conv:__call__:491 - Up block 2
2026-05-29 08:16:23.932 | INFO     | models.demos.wormhole.stable_diffusion.tt.ttnn_functional_unet_2d_condition_model_new_conv:__call__:491 - Up block 3
2026-05-29 08:16:23.952 | INFO     | models.demos.wormhole.stable_diffusion.tt.ttnn_functional_unet_2d_condition_model_new_conv:__call__:406 - Down block 0
2026-05-29 08:16:23.958 | info     |              Op | act_block_h_override 2 is not a valid override for padded_output_height_ntiles_per_core 7, instead 1 was selected as closest valid option! (conv2d_utils.cpp:401)
2026-05-29 08:16:23.958 | INFO     | models.demos.wormhole.stable_diffusion.tt.ttnn_functional_unet_2d_condition_model_new_conv:__call__:406 - Down block 1
2026-05-29 08:16:23.964 | INFO     | models.demos.wormhole.stable_diffusion.tt.ttnn_functional_unet_2d_condition_model_new_conv:__call__:406 - Down block 2
2026-05-29 08:16:23.968 | INFO     | models.demos.wormhole.stable_diffusion.tt.ttnn_functional_unet_2d_condition_model_new_conv:__call__:406 - Down block 3
2026-05-29 08:16:23.968 | INFO     | models.demos.wormhole.stable_diffusion.tt.ttnn_functional_unet_2d_condition_model_new_conv:__call__:460 - Mid block
2026-05-29 08:16:23.969 | warning  |              Op | Mismatch between computed MemoryConfig(memory_layout=TensorMemoryLayout::BLOCK_SHARDED,buffer_type=BufferType::L1,shard_spec=ShardSpec(grid={[(x=0,y=0) - (x=7,y=3)]},shape={32, 160},orientation=ShardOrientation::ROW_MAJOR),nd_shard_spec=NdShardSpec(shard_shape=Shape([32, 160]),grid={[(x=0,y=0) - (x=7,y=3)]},orientation=ShardOrientation::ROW_MAJOR,shard_distribution_strategy=ShardDistributionStrategy::GRID_2D),created_with_nd_shard_spec=0) and provided MemoryConfig(memory_layout=TensorMemoryLayout::BLOCK_SHARDED,buffer_type=BufferType::L1,shard_spec=ShardSpec(grid={[(x=0,y=0) - (x=7,y=7)]},shape={32, 160},orientation=ShardOrientation::ROW_MAJOR),nd_shard_spec=std::nullopt,created_with_nd_shard_spec=0) mem config. Using computed config. (matmul_op.cpp:1674)
2026-05-29 08:16:23.970 | INFO     | models.demos.wormhole.stable_diffusion.tt.ttnn_functional_unet_2d_condition_model_new_conv:__call__:491 - Up block 0
2026-05-29 08:16:23.972 | INFO     | models.demos.wormhole.stable_diffusion.tt.ttnn_functional_unet_2d_condition_model_new_conv:__call__:491 - Up block 1
2026-05-29 08:16:23.977 | INFO     | models.demos.wormhole.stable_diffusion.tt.ttnn_functional_unet_2d_condition_model_new_conv:__call__:491 - Up block 2
2026-05-29 08:16:23.985 | INFO     | models.demos.wormhole.stable_diffusion.tt.ttnn_functional_unet_2d_condition_model_new_conv:__call__:491 - Up block 3
2026-05-29 08:16:24.005 | INFO     | models.demos.wormhole.stable_diffusion.tt.ttnn_functional_unet_2d_condition_model_new_conv:__call__:406 - Down block 0
2026-05-29 08:16:24.011 | info     |              Op | act_block_h_override 2 is not a valid override for padded_output_height_ntiles_per_core 7, instead 1 was selected as closest valid option! (conv2d_utils.cpp:401)
2026-05-29 08:16:24.011 | INFO     | models.demos.wormhole.stable_diffusion.tt.ttnn_functional_unet_2d_condition_model_new_conv:__call__:406 - Down block 1
2026-05-29 08:16:24.018 | INFO     | models.demos.wormhole.stable_diffusion.tt.ttnn_functional_unet_2d_condition_model_new_conv:__call__:406 - Down block 2
2026-05-29 08:16:24.021 | INFO     | models.demos.wormhole.stable_diffusion.tt.ttnn_functional_unet_2d_condition_model_new_conv:__call__:406 - Down block 3
2026-05-29 08:16:24.022 | INFO     | models.demos.wormhole.stable_diffusion.tt.ttnn_functional_unet_2d_condition_model_new_conv:__call__:460 - Mid block
2026-05-29 08:16:24.023 | warning  |              Op | Mismatch between computed MemoryConfig(memory_layout=TensorMemoryLayout::BLOCK_SHARDED,buffer_type=BufferType::L1,shard_spec=ShardSpec(grid={[(x=0,y=0) - (x=7,y=3)]},shape={32, 160},orientation=ShardOrientation::ROW_MAJOR),nd_shard_spec=NdShardSpec(shard_shape=Shape([32, 160]),grid={[(x=0,y=0) - (x=7,y=3)]},orientation=ShardOrientation::ROW_MAJOR,shard_distribution_strategy=ShardDistributionStrategy::GRID_2D),created_with_nd_shard_spec=0) and provided MemoryConfig(memory_layout=TensorMemoryLayout::BLOCK_SHARDED,buffer_type=BufferType::L1,shard_spec=ShardSpec(grid={[(x=0,y=0) - (x=7,y=7)]},shape={32, 160},orientation=ShardOrientation::ROW_MAJOR),nd_shard_spec=std::nullopt,created_with_nd_shard_spec=0) mem config. Using computed config. (matmul_op.cpp:1674)
2026-05-29 08:16:24.024 | INFO     | models.demos.wormhole.stable_diffusion.tt.ttnn_functional_unet_2d_condition_model_new_conv:__call__:491 - Up block 0
2026-05-29 08:16:24.025 | INFO     | models.demos.wormhole.stable_diffusion.tt.ttnn_functional_unet_2d_condition_model_new_conv:__call__:491 - Up block 1
2026-05-29 08:16:24.030 | INFO     | models.demos.wormhole.stable_diffusion.tt.ttnn_functional_unet_2d_condition_model_new_conv:__call__:491 - Up block 2
2026-05-29 08:16:24.039 | INFO     | models.demos.wormhole.stable_diffusion.tt.ttnn_functional_unet_2d_condition_model_new_conv:__call__:491 - Up block 3
2026-05-29 08:16:24.059 | INFO     | models.demos.wormhole.stable_diffusion.tt.ttnn_functional_unet_2d_condition_model_new_conv:__call__:406 - Down block 0
2026-05-29 08:16:24.065 | info     |              Op | act_block_h_override 2 is not a valid override for padded_output_height_ntiles_per_core 7, instead 1 was selected as closest valid option! (conv2d_utils.cpp:401)
2026-05-29 08:16:24.065 | INFO     | models.demos.wormhole.stable_diffusion.tt.ttnn_functional_unet_2d_condition_model_new_conv:__call__:406 - Down block 1
2026-05-29 08:16:24.071 | INFO     | models.demos.wormhole.stable_diffusion.tt.ttnn_functional_unet_2d_condition_model_new_conv:__call__:406 - Down block 2
2026-05-29 08:16:24.075 | INFO     | models.demos.wormhole.stable_diffusion.tt.ttnn_functional_unet_2d_condition_model_new_conv:__call__:406 - Down block 3
2026-05-29 08:16:24.076 | INFO     | models.demos.wormhole.stable_diffusion.tt.ttnn_functional_unet_2d_condition_model_new_conv:__call__:460 - Mid block
2026-05-29 08:16:24.076 | warning  |              Op | Mismatch between computed MemoryConfig(memory_layout=TensorMemoryLayout::BLOCK_SHARDED,buffer_type=BufferType::L1,shard_spec=ShardSpec(grid={[(x=0,y=0) - (x=7,y=3)]},shape={32, 160},orientation=ShardOrientation::ROW_MAJOR),nd_shard_spec=NdShardSpec(shard_shape=Shape([32, 160]),grid={[(x=0,y=0) - (x=7,y=3)]},orientation=ShardOrientation::ROW_MAJOR,shard_distribution_strategy=ShardDistributionStrategy::GRID_2D),created_with_nd_shard_spec=0) and provided MemoryConfig(memory_layout=TensorMemoryLayout::BLOCK_SHARDED,buffer_type=BufferType::L1,shard_spec=ShardSpec(grid={[(x=0,y=0) - (x=7,y=7)]},shape={32, 160},orientation=ShardOrientation::ROW_MAJOR),nd_shard_spec=std::nullopt,created_with_nd_shard_spec=0) mem config. Using computed config. (matmul_op.cpp:1674)
2026-05-29 08:16:24.078 | INFO     | models.demos.wormhole.stable_diffusion.tt.ttnn_functional_unet_2d_condition_model_new_conv:__call__:491 - Up block 0
2026-05-29 08:16:24.079 | INFO     | models.demos.wormhole.stable_diffusion.tt.ttnn_functional_unet_2d_condition_model_new_conv:__call__:491 - Up block 1
2026-05-29 08:16:24.084 | INFO     | models.demos.wormhole.stable_diffusion.tt.ttnn_functional_unet_2d_condition_model_new_conv:__call__:491 - Up block 2
2026-05-29 08:16:24.093 | INFO     | models.demos.wormhole.stable_diffusion.tt.ttnn_functional_unet_2d_condition_model_new_conv:__call__:491 - Up block 3
  Step 27/41
2026-05-29 08:16:24.116 | INFO     | models.demos.wormhole.stable_diffusion.tt.ttnn_functional_unet_2d_condition_model_new_conv:__call__:406 - Down block 0
2026-05-29 08:16:24.122 | info     |              Op | act_block_h_override 2 is not a valid override for padded_output_height_ntiles_per_core 7, instead 1 was selected as closest valid option! (conv2d_utils.cpp:401)
2026-05-29 08:16:24.122 | INFO     | models.demos.wormhole.stable_diffusion.tt.ttnn_functional_unet_2d_condition_model_new_conv:__call__:406 - Down block 1
2026-05-29 08:16:24.128 | INFO     | models.demos.wormhole.stable_diffusion.tt.ttnn_functional_unet_2d_condition_model_new_conv:__call__:406 - Down block 2
2026-05-29 08:16:24.132 | INFO     | models.demos.wormhole.stable_diffusion.tt.ttnn_functional_unet_2d_condition_model_new_conv:__call__:406 - Down block 3
2026-05-29 08:16:24.132 | INFO     | models.demos.wormhole.stable_diffusion.tt.ttnn_functional_unet_2d_condition_model_new_conv:__call__:460 - Mid block
2026-05-29 08:16:24.133 | warning  |              Op | Mismatch between computed MemoryConfig(memory_layout=TensorMemoryLayout::BLOCK_SHARDED,buffer_type=BufferType::L1,shard_spec=ShardSpec(grid={[(x=0,y=0) - (x=7,y=3)]},shape={32, 160},orientation=ShardOrientation::ROW_MAJOR),nd_shard_spec=NdShardSpec(shard_shape=Shape([32, 160]),grid={[(x=0,y=0) - (x=7,y=3)]},orientation=ShardOrientation::ROW_MAJOR,shard_distribution_strategy=ShardDistributionStrategy::GRID_2D),created_with_nd_shard_spec=0) and provided MemoryConfig(memory_layout=TensorMemoryLayout::BLOCK_SHARDED,buffer_type=BufferType::L1,shard_spec=ShardSpec(grid={[(x=0,y=0) - (x=7,y=7)]},shape={32, 160},orientation=ShardOrientation::ROW_MAJOR),nd_shard_spec=std::nullopt,created_with_nd_shard_spec=0) mem config. Using computed config. (matmul_op.cpp:1674)
2026-05-29 08:16:24.134 | INFO     | models.demos.wormhole.stable_diffusion.tt.ttnn_functional_unet_2d_condition_model_new_conv:__call__:491 - Up block 0
2026-05-29 08:16:24.136 | INFO     | models.demos.wormhole.stable_diffusion.tt.ttnn_functional_unet_2d_condition_model_new_conv:__call__:491 - Up block 1
2026-05-29 08:16:24.141 | INFO     | models.demos.wormhole.stable_diffusion.tt.ttnn_functional_unet_2d_condition_model_new_conv:__call__:491 - Up block 2
2026-05-29 08:16:24.149 | INFO     | models.demos.wormhole.stable_diffusion.tt.ttnn_functional_unet_2d_condition_model_new_conv:__call__:491 - Up block 3
2026-05-29 08:16:24.169 | INFO     | models.demos.wormhole.stable_diffusion.tt.ttnn_functional_unet_2d_condition_model_new_conv:__call__:406 - Down block 0
2026-05-29 08:16:24.174 | info     |              Op | act_block_h_override 2 is not a valid override for padded_output_height_ntiles_per_core 7, instead 1 was selected as closest valid option! (conv2d_utils.cpp:401)
2026-05-29 08:16:24.174 | INFO     | models.demos.wormhole.stable_diffusion.tt.ttnn_functional_unet_2d_condition_model_new_conv:__call__:406 - Down block 1
2026-05-29 08:16:24.180 | INFO     | models.demos.wormhole.stable_diffusion.tt.ttnn_functional_unet_2d_condition_model_new_conv:__call__:406 - Down block 2
2026-05-29 08:16:24.183 | INFO     | models.demos.wormhole.stable_diffusion.tt.ttnn_functional_unet_2d_condition_model_new_conv:__call__:406 - Down block 3
2026-05-29 08:16:24.184 | INFO     | models.demos.wormhole.stable_diffusion.tt.ttnn_functional_unet_2d_condition_model_new_conv:__call__:460 - Mid block
2026-05-29 08:16:24.184 | warning  |              Op | Mismatch between computed MemoryConfig(memory_layout=TensorMemoryLayout::BLOCK_SHARDED,buffer_type=BufferType::L1,shard_spec=ShardSpec(grid={[(x=0,y=0) - (x=7,y=3)]},shape={32, 160},orientation=ShardOrientation::ROW_MAJOR),nd_shard_spec=NdShardSpec(shard_shape=Shape([32, 160]),grid={[(x=0,y=0) - (x=7,y=3)]},orientation=ShardOrientation::ROW_MAJOR,shard_distribution_strategy=ShardDistributionStrategy::GRID_2D),created_with_nd_shard_spec=0) and provided MemoryConfig(memory_layout=TensorMemoryLayout::BLOCK_SHARDED,buffer_type=BufferType::L1,shard_spec=ShardSpec(grid={[(x=0,y=0) - (x=7,y=7)]},shape={32, 160},orientation=ShardOrientation::ROW_MAJOR),nd_shard_spec=std::nullopt,created_with_nd_shard_spec=0) mem config. Using computed config. (matmul_op.cpp:1674)
2026-05-29 08:16:24.186 | INFO     | models.demos.wormhole.stable_diffusion.tt.ttnn_functional_unet_2d_condition_model_new_conv:__call__:491 - Up block 0
2026-05-29 08:16:24.187 | INFO     | models.demos.wormhole.stable_diffusion.tt.ttnn_functional_unet_2d_condition_model_new_conv:__call__:491 - Up block 1
2026-05-29 08:16:24.192 | INFO     | models.demos.wormhole.stable_diffusion.tt.ttnn_functional_unet_2d_condition_model_new_conv:__call__:491 - Up block 2
2026-05-29 08:16:24.200 | INFO     | models.demos.wormhole.stable_diffusion.tt.ttnn_functional_unet_2d_condition_model_new_conv:__call__:491 - Up block 3
2026-05-29 08:16:24.221 | INFO     | models.demos.wormhole.stable_diffusion.tt.ttnn_functional_unet_2d_condition_model_new_conv:__call__:406 - Down block 0
2026-05-29 08:16:24.226 | info     |              Op | act_block_h_override 2 is not a valid override for padded_output_height_ntiles_per_core 7, instead 1 was selected as closest valid option! (conv2d_utils.cpp:401)
2026-05-29 08:16:24.226 | INFO     | models.demos.wormhole.stable_diffusion.tt.ttnn_functional_unet_2d_condition_model_new_conv:__call__:406 - Down block 1
2026-05-29 08:16:24.232 | INFO     | models.demos.wormhole.stable_diffusion.tt.ttnn_functional_unet_2d_condition_model_new_conv:__call__:406 - Down block 2
2026-05-29 08:16:24.235 | INFO     | models.demos.wormhole.stable_diffusion.tt.ttnn_functional_unet_2d_condition_model_new_conv:__call__:406 - Down block 3
2026-05-29 08:16:24.236 | INFO     | models.demos.wormhole.stable_diffusion.tt.ttnn_functional_unet_2d_condition_model_new_conv:__call__:460 - Mid block
2026-05-29 08:16:24.236 | warning  |              Op | Mismatch between computed MemoryConfig(memory_layout=TensorMemoryLayout::BLOCK_SHARDED,buffer_type=BufferType::L1,shard_spec=ShardSpec(grid={[(x=0,y=0) - (x=7,y=3)]},shape={32, 160},orientation=ShardOrientation::ROW_MAJOR),nd_shard_spec=NdShardSpec(shard_shape=Shape([32, 160]),grid={[(x=0,y=0) - (x=7,y=3)]},orientation=ShardOrientation::ROW_MAJOR,shard_distribution_strategy=ShardDistributionStrategy::GRID_2D),created_with_nd_shard_spec=0) and provided MemoryConfig(memory_layout=TensorMemoryLayout::BLOCK_SHARDED,buffer_type=BufferType::L1,shard_spec=ShardSpec(grid={[(x=0,y=0) - (x=7,y=7)]},shape={32, 160},orientation=ShardOrientation::ROW_MAJOR),nd_shard_spec=std::nullopt,created_with_nd_shard_spec=0) mem config. Using computed config. (matmul_op.cpp:1674)
2026-05-29 08:16:24.238 | INFO     | models.demos.wormhole.stable_diffusion.tt.ttnn_functional_unet_2d_condition_model_new_conv:__call__:491 - Up block 0
2026-05-29 08:16:24.239 | INFO     | models.demos.wormhole.stable_diffusion.tt.ttnn_functional_unet_2d_condition_model_new_conv:__call__:491 - Up block 1
2026-05-29 08:16:24.244 | INFO     | models.demos.wormhole.stable_diffusion.tt.ttnn_functional_unet_2d_condition_model_new_conv:__call__:491 - Up block 2
2026-05-29 08:16:24.252 | INFO     | models.demos.wormhole.stable_diffusion.tt.ttnn_functional_unet_2d_condition_model_new_conv:__call__:491 - Up block 3
2026-05-29 08:16:24.272 | INFO     | models.demos.wormhole.stable_diffusion.tt.ttnn_functional_unet_2d_condition_model_new_conv:__call__:406 - Down block 0
2026-05-29 08:16:24.278 | info     |              Op | act_block_h_override 2 is not a valid override for padded_output_height_ntiles_per_core 7, instead 1 was selected as closest valid option! (conv2d_utils.cpp:401)
2026-05-29 08:16:24.278 | INFO     | models.demos.wormhole.stable_diffusion.tt.ttnn_functional_unet_2d_condition_model_new_conv:__call__:406 - Down block 1
2026-05-29 08:16:24.284 | INFO     | models.demos.wormhole.stable_diffusion.tt.ttnn_functional_unet_2d_condition_model_new_conv:__call__:406 - Down block 2
2026-05-29 08:16:24.287 | INFO     | models.demos.wormhole.stable_diffusion.tt.ttnn_functional_unet_2d_condition_model_new_conv:__call__:406 - Down block 3
2026-05-29 08:16:24.288 | INFO     | models.demos.wormhole.stable_diffusion.tt.ttnn_functional_unet_2d_condition_model_new_conv:__call__:460 - Mid block
2026-05-29 08:16:24.288 | warning  |              Op | Mismatch between computed MemoryConfig(memory_layout=TensorMemoryLayout::BLOCK_SHARDED,buffer_type=BufferType::L1,shard_spec=ShardSpec(grid={[(x=0,y=0) - (x=7,y=3)]},shape={32, 160},orientation=ShardOrientation::ROW_MAJOR),nd_shard_spec=NdShardSpec(shard_shape=Shape([32, 160]),grid={[(x=0,y=0) - (x=7,y=3)]},orientation=ShardOrientation::ROW_MAJOR,shard_distribution_strategy=ShardDistributionStrategy::GRID_2D),created_with_nd_shard_spec=0) and provided MemoryConfig(memory_layout=TensorMemoryLayout::BLOCK_SHARDED,buffer_type=BufferType::L1,shard_spec=ShardSpec(grid={[(x=0,y=0) - (x=7,y=7)]},shape={32, 160},orientation=ShardOrientation::ROW_MAJOR),nd_shard_spec=std::nullopt,created_with_nd_shard_spec=0) mem config. Using computed config. (matmul_op.cpp:1674)
2026-05-29 08:16:24.290 | INFO     | models.demos.wormhole.stable_diffusion.tt.ttnn_functional_unet_2d_condition_model_new_conv:__call__:491 - Up block 0
2026-05-29 08:16:24.291 | INFO     | models.demos.wormhole.stable_diffusion.tt.ttnn_functional_unet_2d_condition_model_new_conv:__call__:491 - Up block 1
2026-05-29 08:16:24.296 | INFO     | models.demos.wormhole.stable_diffusion.tt.ttnn_functional_unet_2d_condition_model_new_conv:__call__:491 - Up block 2
2026-05-29 08:16:24.304 | INFO     | models.demos.wormhole.stable_diffusion.tt.ttnn_functional_unet_2d_condition_model_new_conv:__call__:491 - Up block 3
2026-05-29 08:16:24.324 | INFO     | models.demos.wormhole.stable_diffusion.tt.ttnn_functional_unet_2d_condition_model_new_conv:__call__:406 - Down block 0
2026-05-29 08:16:24.330 | info     |              Op | act_block_h_override 2 is not a valid override for padded_output_height_ntiles_per_core 7, instead 1 was selected as closest valid option! (conv2d_utils.cpp:401)
2026-05-29 08:16:24.330 | INFO     | models.demos.wormhole.stable_diffusion.tt.ttnn_functional_unet_2d_condition_model_new_conv:__call__:406 - Down block 1
2026-05-29 08:16:24.335 | INFO     | models.demos.wormhole.stable_diffusion.tt.ttnn_functional_unet_2d_condition_model_new_conv:__call__:406 - Down block 2
2026-05-29 08:16:24.339 | INFO     | models.demos.wormhole.stable_diffusion.tt.ttnn_functional_unet_2d_condition_model_new_conv:__call__:406 - Down block 3
2026-05-29 08:16:24.339 | INFO     | models.demos.wormhole.stable_diffusion.tt.ttnn_functional_unet_2d_condition_model_new_conv:__call__:460 - Mid block
2026-05-29 08:16:24.340 | warning  |              Op | Mismatch between computed MemoryConfig(memory_layout=TensorMemoryLayout::BLOCK_SHARDED,buffer_type=BufferType::L1,shard_spec=ShardSpec(grid={[(x=0,y=0) - (x=7,y=3)]},shape={32, 160},orientation=ShardOrientation::ROW_MAJOR),nd_shard_spec=NdShardSpec(shard_shape=Shape([32, 160]),grid={[(x=0,y=0) - (x=7,y=3)]},orientation=ShardOrientation::ROW_MAJOR,shard_distribution_strategy=ShardDistributionStrategy::GRID_2D),created_with_nd_shard_spec=0) and provided MemoryConfig(memory_layout=TensorMemoryLayout::BLOCK_SHARDED,buffer_type=BufferType::L1,shard_spec=ShardSpec(grid={[(x=0,y=0) - (x=7,y=7)]},shape={32, 160},orientation=ShardOrientation::ROW_MAJOR),nd_shard_spec=std::nullopt,created_with_nd_shard_spec=0) mem config. Using computed config. (matmul_op.cpp:1674)
2026-05-29 08:16:24.341 | INFO     | models.demos.wormhole.stable_diffusion.tt.ttnn_functional_unet_2d_condition_model_new_conv:__call__:491 - Up block 0
2026-05-29 08:16:24.343 | INFO     | models.demos.wormhole.stable_diffusion.tt.ttnn_functional_unet_2d_condition_model_new_conv:__call__:491 - Up block 1
2026-05-29 08:16:24.347 | INFO     | models.demos.wormhole.stable_diffusion.tt.ttnn_functional_unet_2d_condition_model_new_conv:__call__:491 - Up block 2
2026-05-29 08:16:24.356 | INFO     | models.demos.wormhole.stable_diffusion.tt.ttnn_functional_unet_2d_condition_model_new_conv:__call__:491 - Up block 3
2026-05-29 08:16:24.376 | INFO     | models.demos.wormhole.stable_diffusion.tt.ttnn_functional_unet_2d_condition_model_new_conv:__call__:406 - Down block 0
2026-05-29 08:16:24.382 | info     |              Op | act_block_h_override 2 is not a valid override for padded_output_height_ntiles_per_core 7, instead 1 was selected as closest valid option! (conv2d_utils.cpp:401)
2026-05-29 08:16:24.382 | INFO     | models.demos.wormhole.stable_diffusion.tt.ttnn_functional_unet_2d_condition_model_new_conv:__call__:406 - Down block 1
2026-05-29 08:16:24.387 | INFO     | models.demos.wormhole.stable_diffusion.tt.ttnn_functional_unet_2d_condition_model_new_conv:__call__:406 - Down block 2
2026-05-29 08:16:24.390 | INFO     | models.demos.wormhole.stable_diffusion.tt.ttnn_functional_unet_2d_condition_model_new_conv:__call__:406 - Down block 3
2026-05-29 08:16:24.391 | INFO     | models.demos.wormhole.stable_diffusion.tt.ttnn_functional_unet_2d_condition_model_new_conv:__call__:460 - Mid block
2026-05-29 08:16:24.392 | warning  |              Op | Mismatch between computed MemoryConfig(memory_layout=TensorMemoryLayout::BLOCK_SHARDED,buffer_type=BufferType::L1,shard_spec=ShardSpec(grid={[(x=0,y=0) - (x=7,y=3)]},shape={32, 160},orientation=ShardOrientation::ROW_MAJOR),nd_shard_spec=NdShardSpec(shard_shape=Shape([32, 160]),grid={[(x=0,y=0) - (x=7,y=3)]},orientation=ShardOrientation::ROW_MAJOR,shard_distribution_strategy=ShardDistributionStrategy::GRID_2D),created_with_nd_shard_spec=0) and provided MemoryConfig(memory_layout=TensorMemoryLayout::BLOCK_SHARDED,buffer_type=BufferType::L1,shard_spec=ShardSpec(grid={[(x=0,y=0) - (x=7,y=7)]},shape={32, 160},orientation=ShardOrientation::ROW_MAJOR),nd_shard_spec=std::nullopt,created_with_nd_shard_spec=0) mem config. Using computed config. (matmul_op.cpp:1674)
2026-05-29 08:16:24.393 | INFO     | models.demos.wormhole.stable_diffusion.tt.ttnn_functional_unet_2d_condition_model_new_conv:__call__:491 - Up block 0
2026-05-29 08:16:24.394 | INFO     | models.demos.wormhole.stable_diffusion.tt.ttnn_functional_unet_2d_condition_model_new_conv:__call__:491 - Up block 1
2026-05-29 08:16:24.399 | INFO     | models.demos.wormhole.stable_diffusion.tt.ttnn_functional_unet_2d_condition_model_new_conv:__call__:491 - Up block 2
2026-05-29 08:16:24.407 | INFO     | models.demos.wormhole.stable_diffusion.tt.ttnn_functional_unet_2d_condition_model_new_conv:__call__:491 - Up block 3
2026-05-29 08:16:24.428 | INFO     | models.demos.wormhole.stable_diffusion.tt.ttnn_functional_unet_2d_condition_model_new_conv:__call__:406 - Down block 0
2026-05-29 08:16:24.434 | info     |              Op | act_block_h_override 2 is not a valid override for padded_output_height_ntiles_per_core 7, instead 1 was selected as closest valid option! (conv2d_utils.cpp:401)
2026-05-29 08:16:24.434 | INFO     | models.demos.wormhole.stable_diffusion.tt.ttnn_functional_unet_2d_condition_model_new_conv:__call__:406 - Down block 1
2026-05-29 08:16:24.439 | INFO     | models.demos.wormhole.stable_diffusion.tt.ttnn_functional_unet_2d_condition_model_new_conv:__call__:406 - Down block 2
2026-05-29 08:16:24.442 | INFO     | models.demos.wormhole.stable_diffusion.tt.ttnn_functional_unet_2d_condition_model_new_conv:__call__:406 - Down block 3
2026-05-29 08:16:24.443 | INFO     | models.demos.wormhole.stable_diffusion.tt.ttnn_functional_unet_2d_condition_model_new_conv:__call__:460 - Mid block
2026-05-29 08:16:24.444 | warning  |              Op | Mismatch between computed MemoryConfig(memory_layout=TensorMemoryLayout::BLOCK_SHARDED,buffer_type=BufferType::L1,shard_spec=ShardSpec(grid={[(x=0,y=0) - (x=7,y=3)]},shape={32, 160},orientation=ShardOrientation::ROW_MAJOR),nd_shard_spec=NdShardSpec(shard_shape=Shape([32, 160]),grid={[(x=0,y=0) - (x=7,y=3)]},orientation=ShardOrientation::ROW_MAJOR,shard_distribution_strategy=ShardDistributionStrategy::GRID_2D),created_with_nd_shard_spec=0) and provided MemoryConfig(memory_layout=TensorMemoryLayout::BLOCK_SHARDED,buffer_type=BufferType::L1,shard_spec=ShardSpec(grid={[(x=0,y=0) - (x=7,y=7)]},shape={32, 160},orientation=ShardOrientation::ROW_MAJOR),nd_shard_spec=std::nullopt,created_with_nd_shard_spec=0) mem config. Using computed config. (matmul_op.cpp:1674)
2026-05-29 08:16:24.445 | INFO     | models.demos.wormhole.stable_diffusion.tt.ttnn_functional_unet_2d_condition_model_new_conv:__call__:491 - Up block 0
2026-05-29 08:16:24.446 | INFO     | models.demos.wormhole.stable_diffusion.tt.ttnn_functional_unet_2d_condition_model_new_conv:__call__:491 - Up block 1
2026-05-29 08:16:24.451 | INFO     | models.demos.wormhole.stable_diffusion.tt.ttnn_functional_unet_2d_condition_model_new_conv:__call__:491 - Up block 2
2026-05-29 08:16:24.459 | INFO     | models.demos.wormhole.stable_diffusion.tt.ttnn_functional_unet_2d_condition_model_new_conv:__call__:491 - Up block 3
2026-05-29 08:16:24.480 | INFO     | models.demos.wormhole.stable_diffusion.tt.ttnn_functional_unet_2d_condition_model_new_conv:__call__:406 - Down block 0
2026-05-29 08:16:24.485 | info     |              Op | act_block_h_override 2 is not a valid override for padded_output_height_ntiles_per_core 7, instead 1 was selected as closest valid option! (conv2d_utils.cpp:401)
2026-05-29 08:16:24.486 | INFO     | models.demos.wormhole.stable_diffusion.tt.ttnn_functional_unet_2d_condition_model_new_conv:__call__:406 - Down block 1
2026-05-29 08:16:24.491 | INFO     | models.demos.wormhole.stable_diffusion.tt.ttnn_functional_unet_2d_condition_model_new_conv:__call__:406 - Down block 2
2026-05-29 08:16:24.494 | INFO     | models.demos.wormhole.stable_diffusion.tt.ttnn_functional_unet_2d_condition_model_new_conv:__call__:406 - Down block 3
2026-05-29 08:16:24.495 | INFO     | models.demos.wormhole.stable_diffusion.tt.ttnn_functional_unet_2d_condition_model_new_conv:__call__:460 - Mid block
2026-05-29 08:16:24.495 | warning  |              Op | Mismatch between computed MemoryConfig(memory_layout=TensorMemoryLayout::BLOCK_SHARDED,buffer_type=BufferType::L1,shard_spec=ShardSpec(grid={[(x=0,y=0) - (x=7,y=3)]},shape={32, 160},orientation=ShardOrientation::ROW_MAJOR),nd_shard_spec=NdShardSpec(shard_shape=Shape([32, 160]),grid={[(x=0,y=0) - (x=7,y=3)]},orientation=ShardOrientation::ROW_MAJOR,shard_distribution_strategy=ShardDistributionStrategy::GRID_2D),created_with_nd_shard_spec=0) and provided MemoryConfig(memory_layout=TensorMemoryLayout::BLOCK_SHARDED,buffer_type=BufferType::L1,shard_spec=ShardSpec(grid={[(x=0,y=0) - (x=7,y=7)]},shape={32, 160},orientation=ShardOrientation::ROW_MAJOR),nd_shard_spec=std::nullopt,created_with_nd_shard_spec=0) mem config. Using computed config. (matmul_op.cpp:1674)
2026-05-29 08:16:24.497 | INFO     | models.demos.wormhole.stable_diffusion.tt.ttnn_functional_unet_2d_condition_model_new_conv:__call__:491 - Up block 0
2026-05-29 08:16:24.498 | INFO     | models.demos.wormhole.stable_diffusion.tt.ttnn_functional_unet_2d_condition_model_new_conv:__call__:491 - Up block 1
2026-05-29 08:16:24.503 | INFO     | models.demos.wormhole.stable_diffusion.tt.ttnn_functional_unet_2d_condition_model_new_conv:__call__:491 - Up block 2
2026-05-29 08:16:24.511 | INFO     | models.demos.wormhole.stable_diffusion.tt.ttnn_functional_unet_2d_condition_model_new_conv:__call__:491 - Up block 3
  Step 28/41
2026-05-29 08:16:24.534 | INFO     | models.demos.wormhole.stable_diffusion.tt.ttnn_functional_unet_2d_condition_model_new_conv:__call__:406 - Down block 0
2026-05-29 08:16:24.540 | info     |              Op | act_block_h_override 2 is not a valid override for padded_output_height_ntiles_per_core 7, instead 1 was selected as closest valid option! (conv2d_utils.cpp:401)
2026-05-29 08:16:24.540 | INFO     | models.demos.wormhole.stable_diffusion.tt.ttnn_functional_unet_2d_condition_model_new_conv:__call__:406 - Down block 1
2026-05-29 08:16:24.546 | INFO     | models.demos.wormhole.stable_diffusion.tt.ttnn_functional_unet_2d_condition_model_new_conv:__call__:406 - Down block 2
2026-05-29 08:16:24.549 | INFO     | models.demos.wormhole.stable_diffusion.tt.ttnn_functional_unet_2d_condition_model_new_conv:__call__:406 - Down block 3
2026-05-29 08:16:24.550 | INFO     | models.demos.wormhole.stable_diffusion.tt.ttnn_functional_unet_2d_condition_model_new_conv:__call__:460 - Mid block
2026-05-29 08:16:24.550 | warning  |              Op | Mismatch between computed MemoryConfig(memory_layout=TensorMemoryLayout::BLOCK_SHARDED,buffer_type=BufferType::L1,shard_spec=ShardSpec(grid={[(x=0,y=0) - (x=7,y=3)]},shape={32, 160},orientation=ShardOrientation::ROW_MAJOR),nd_shard_spec=NdShardSpec(shard_shape=Shape([32, 160]),grid={[(x=0,y=0) - (x=7,y=3)]},orientation=ShardOrientation::ROW_MAJOR,shard_distribution_strategy=ShardDistributionStrategy::GRID_2D),created_with_nd_shard_spec=0) and provided MemoryConfig(memory_layout=TensorMemoryLayout::BLOCK_SHARDED,buffer_type=BufferType::L1,shard_spec=ShardSpec(grid={[(x=0,y=0) - (x=7,y=7)]},shape={32, 160},orientation=ShardOrientation::ROW_MAJOR),nd_shard_spec=std::nullopt,created_with_nd_shard_spec=0) mem config. Using computed config. (matmul_op.cpp:1674)
2026-05-29 08:16:24.552 | INFO     | models.demos.wormhole.stable_diffusion.tt.ttnn_functional_unet_2d_condition_model_new_conv:__call__:491 - Up block 0
2026-05-29 08:16:24.553 | INFO     | models.demos.wormhole.stable_diffusion.tt.ttnn_functional_unet_2d_condition_model_new_conv:__call__:491 - Up block 1
2026-05-29 08:16:24.558 | INFO     | models.demos.wormhole.stable_diffusion.tt.ttnn_functional_unet_2d_condition_model_new_conv:__call__:491 - Up block 2
2026-05-29 08:16:24.566 | INFO     | models.demos.wormhole.stable_diffusion.tt.ttnn_functional_unet_2d_condition_model_new_conv:__call__:491 - Up block 3
2026-05-29 08:16:24.586 | INFO     | models.demos.wormhole.stable_diffusion.tt.ttnn_functional_unet_2d_condition_model_new_conv:__call__:406 - Down block 0
2026-05-29 08:16:24.592 | info     |              Op | act_block_h_override 2 is not a valid override for padded_output_height_ntiles_per_core 7, instead 1 was selected as closest valid option! (conv2d_utils.cpp:401)
2026-05-29 08:16:24.592 | INFO     | models.demos.wormhole.stable_diffusion.tt.ttnn_functional_unet_2d_condition_model_new_conv:__call__:406 - Down block 1
2026-05-29 08:16:24.597 | INFO     | models.demos.wormhole.stable_diffusion.tt.ttnn_functional_unet_2d_condition_model_new_conv:__call__:406 - Down block 2
2026-05-29 08:16:24.601 | INFO     | models.demos.wormhole.stable_diffusion.tt.ttnn_functional_unet_2d_condition_model_new_conv:__call__:406 - Down block 3
2026-05-29 08:16:24.601 | INFO     | models.demos.wormhole.stable_diffusion.tt.ttnn_functional_unet_2d_condition_model_new_conv:__call__:460 - Mid block
2026-05-29 08:16:24.602 | warning  |              Op | Mismatch between computed MemoryConfig(memory_layout=TensorMemoryLayout::BLOCK_SHARDED,buffer_type=BufferType::L1,shard_spec=ShardSpec(grid={[(x=0,y=0) - (x=7,y=3)]},shape={32, 160},orientation=ShardOrientation::ROW_MAJOR),nd_shard_spec=NdShardSpec(shard_shape=Shape([32, 160]),grid={[(x=0,y=0) - (x=7,y=3)]},orientation=ShardOrientation::ROW_MAJOR,shard_distribution_strategy=ShardDistributionStrategy::GRID_2D),created_with_nd_shard_spec=0) and provided MemoryConfig(memory_layout=TensorMemoryLayout::BLOCK_SHARDED,buffer_type=BufferType::L1,shard_spec=ShardSpec(grid={[(x=0,y=0) - (x=7,y=7)]},shape={32, 160},orientation=ShardOrientation::ROW_MAJOR),nd_shard_spec=std::nullopt,created_with_nd_shard_spec=0) mem config. Using computed config. (matmul_op.cpp:1674)
2026-05-29 08:16:24.603 | INFO     | models.demos.wormhole.stable_diffusion.tt.ttnn_functional_unet_2d_condition_model_new_conv:__call__:491 - Up block 0
2026-05-29 08:16:24.604 | INFO     | models.demos.wormhole.stable_diffusion.tt.ttnn_functional_unet_2d_condition_model_new_conv:__call__:491 - Up block 1
2026-05-29 08:16:24.609 | INFO     | models.demos.wormhole.stable_diffusion.tt.ttnn_functional_unet_2d_condition_model_new_conv:__call__:491 - Up block 2
2026-05-29 08:16:24.617 | INFO     | models.demos.wormhole.stable_diffusion.tt.ttnn_functional_unet_2d_condition_model_new_conv:__call__:491 - Up block 3
2026-05-29 08:16:24.638 | INFO     | models.demos.wormhole.stable_diffusion.tt.ttnn_functional_unet_2d_condition_model_new_conv:__call__:406 - Down block 0
2026-05-29 08:16:24.644 | info     |              Op | act_block_h_override 2 is not a valid override for padded_output_height_ntiles_per_core 7, instead 1 was selected as closest valid option! (conv2d_utils.cpp:401)
2026-05-29 08:16:24.644 | INFO     | models.demos.wormhole.stable_diffusion.tt.ttnn_functional_unet_2d_condition_model_new_conv:__call__:406 - Down block 1
2026-05-29 08:16:24.649 | INFO     | models.demos.wormhole.stable_diffusion.tt.ttnn_functional_unet_2d_condition_model_new_conv:__call__:406 - Down block 2
2026-05-29 08:16:24.652 | INFO     | models.demos.wormhole.stable_diffusion.tt.ttnn_functional_unet_2d_condition_model_new_conv:__call__:406 - Down block 3
2026-05-29 08:16:24.653 | INFO     | models.demos.wormhole.stable_diffusion.tt.ttnn_functional_unet_2d_condition_model_new_conv:__call__:460 - Mid block
2026-05-29 08:16:24.653 | warning  |              Op | Mismatch between computed MemoryConfig(memory_layout=TensorMemoryLayout::BLOCK_SHARDED,buffer_type=BufferType::L1,shard_spec=ShardSpec(grid={[(x=0,y=0) - (x=7,y=3)]},shape={32, 160},orientation=ShardOrientation::ROW_MAJOR),nd_shard_spec=NdShardSpec(shard_shape=Shape([32, 160]),grid={[(x=0,y=0) - (x=7,y=3)]},orientation=ShardOrientation::ROW_MAJOR,shard_distribution_strategy=ShardDistributionStrategy::GRID_2D),created_with_nd_shard_spec=0) and provided MemoryConfig(memory_layout=TensorMemoryLayout::BLOCK_SHARDED,buffer_type=BufferType::L1,shard_spec=ShardSpec(grid={[(x=0,y=0) - (x=7,y=7)]},shape={32, 160},orientation=ShardOrientation::ROW_MAJOR),nd_shard_spec=std::nullopt,created_with_nd_shard_spec=0) mem config. Using computed config. (matmul_op.cpp:1674)
2026-05-29 08:16:24.655 | INFO     | models.demos.wormhole.stable_diffusion.tt.ttnn_functional_unet_2d_condition_model_new_conv:__call__:491 - Up block 0
2026-05-29 08:16:24.656 | INFO     | models.demos.wormhole.stable_diffusion.tt.ttnn_functional_unet_2d_condition_model_new_conv:__call__:491 - Up block 1
2026-05-29 08:16:24.661 | INFO     | models.demos.wormhole.stable_diffusion.tt.ttnn_functional_unet_2d_condition_model_new_conv:__call__:491 - Up block 2
2026-05-29 08:16:24.669 | INFO     | models.demos.wormhole.stable_diffusion.tt.ttnn_functional_unet_2d_condition_model_new_conv:__call__:491 - Up block 3
2026-05-29 08:16:24.690 | INFO     | models.demos.wormhole.stable_diffusion.tt.ttnn_functional_unet_2d_condition_model_new_conv:__call__:406 - Down block 0
2026-05-29 08:16:24.696 | info     |              Op | act_block_h_override 2 is not a valid override for padded_output_height_ntiles_per_core 7, instead 1 was selected as closest valid option! (conv2d_utils.cpp:401)
2026-05-29 08:16:24.696 | INFO     | models.demos.wormhole.stable_diffusion.tt.ttnn_functional_unet_2d_condition_model_new_conv:__call__:406 - Down block 1
2026-05-29 08:16:24.701 | INFO     | models.demos.wormhole.stable_diffusion.tt.ttnn_functional_unet_2d_condition_model_new_conv:__call__:406 - Down block 2
2026-05-29 08:16:24.704 | INFO     | models.demos.wormhole.stable_diffusion.tt.ttnn_functional_unet_2d_condition_model_new_conv:__call__:406 - Down block 3
2026-05-29 08:16:24.705 | INFO     | models.demos.wormhole.stable_diffusion.tt.ttnn_functional_unet_2d_condition_model_new_conv:__call__:460 - Mid block
2026-05-29 08:16:24.705 | warning  |              Op | Mismatch between computed MemoryConfig(memory_layout=TensorMemoryLayout::BLOCK_SHARDED,buffer_type=BufferType::L1,shard_spec=ShardSpec(grid={[(x=0,y=0) - (x=7,y=3)]},shape={32, 160},orientation=ShardOrientation::ROW_MAJOR),nd_shard_spec=NdShardSpec(shard_shape=Shape([32, 160]),grid={[(x=0,y=0) - (x=7,y=3)]},orientation=ShardOrientation::ROW_MAJOR,shard_distribution_strategy=ShardDistributionStrategy::GRID_2D),created_with_nd_shard_spec=0) and provided MemoryConfig(memory_layout=TensorMemoryLayout::BLOCK_SHARDED,buffer_type=BufferType::L1,shard_spec=ShardSpec(grid={[(x=0,y=0) - (x=7,y=7)]},shape={32, 160},orientation=ShardOrientation::ROW_MAJOR),nd_shard_spec=std::nullopt,created_with_nd_shard_spec=0) mem config. Using computed config. (matmul_op.cpp:1674)
2026-05-29 08:16:24.707 | INFO     | models.demos.wormhole.stable_diffusion.tt.ttnn_functional_unet_2d_condition_model_new_conv:__call__:491 - Up block 0
2026-05-29 08:16:24.708 | INFO     | models.demos.wormhole.stable_diffusion.tt.ttnn_functional_unet_2d_condition_model_new_conv:__call__:491 - Up block 1
2026-05-29 08:16:24.713 | INFO     | models.demos.wormhole.stable_diffusion.tt.ttnn_functional_unet_2d_condition_model_new_conv:__call__:491 - Up block 2
2026-05-29 08:16:24.721 | INFO     | models.demos.wormhole.stable_diffusion.tt.ttnn_functional_unet_2d_condition_model_new_conv:__call__:491 - Up block 3
2026-05-29 08:16:24.742 | INFO     | models.demos.wormhole.stable_diffusion.tt.ttnn_functional_unet_2d_condition_model_new_conv:__call__:406 - Down block 0
2026-05-29 08:16:24.747 | info     |              Op | act_block_h_override 2 is not a valid override for padded_output_height_ntiles_per_core 7, instead 1 was selected as closest valid option! (conv2d_utils.cpp:401)
2026-05-29 08:16:24.747 | INFO     | models.demos.wormhole.stable_diffusion.tt.ttnn_functional_unet_2d_condition_model_new_conv:__call__:406 - Down block 1
2026-05-29 08:16:24.753 | INFO     | models.demos.wormhole.stable_diffusion.tt.ttnn_functional_unet_2d_condition_model_new_conv:__call__:406 - Down block 2
2026-05-29 08:16:24.756 | INFO     | models.demos.wormhole.stable_diffusion.tt.ttnn_functional_unet_2d_condition_model_new_conv:__call__:406 - Down block 3
2026-05-29 08:16:24.757 | INFO     | models.demos.wormhole.stable_diffusion.tt.ttnn_functional_unet_2d_condition_model_new_conv:__call__:460 - Mid block
2026-05-29 08:16:24.757 | warning  |              Op | Mismatch between computed MemoryConfig(memory_layout=TensorMemoryLayout::BLOCK_SHARDED,buffer_type=BufferType::L1,shard_spec=ShardSpec(grid={[(x=0,y=0) - (x=7,y=3)]},shape={32, 160},orientation=ShardOrientation::ROW_MAJOR),nd_shard_spec=NdShardSpec(shard_shape=Shape([32, 160]),grid={[(x=0,y=0) - (x=7,y=3)]},orientation=ShardOrientation::ROW_MAJOR,shard_distribution_strategy=ShardDistributionStrategy::GRID_2D),created_with_nd_shard_spec=0) and provided MemoryConfig(memory_layout=TensorMemoryLayout::BLOCK_SHARDED,buffer_type=BufferType::L1,shard_spec=ShardSpec(grid={[(x=0,y=0) - (x=7,y=7)]},shape={32, 160},orientation=ShardOrientation::ROW_MAJOR),nd_shard_spec=std::nullopt,created_with_nd_shard_spec=0) mem config. Using computed config. (matmul_op.cpp:1674)
2026-05-29 08:16:24.758 | INFO     | models.demos.wormhole.stable_diffusion.tt.ttnn_functional_unet_2d_condition_model_new_conv:__call__:491 - Up block 0
2026-05-29 08:16:24.760 | INFO     | models.demos.wormhole.stable_diffusion.tt.ttnn_functional_unet_2d_condition_model_new_conv:__call__:491 - Up block 1
2026-05-29 08:16:24.764 | INFO     | models.demos.wormhole.stable_diffusion.tt.ttnn_functional_unet_2d_condition_model_new_conv:__call__:491 - Up block 2
2026-05-29 08:16:24.772 | INFO     | models.demos.wormhole.stable_diffusion.tt.ttnn_functional_unet_2d_condition_model_new_conv:__call__:491 - Up block 3
2026-05-29 08:16:24.794 | INFO     | models.demos.wormhole.stable_diffusion.tt.ttnn_functional_unet_2d_condition_model_new_conv:__call__:406 - Down block 0
2026-05-29 08:16:24.799 | info     |              Op | act_block_h_override 2 is not a valid override for padded_output_height_ntiles_per_core 7, instead 1 was selected as closest valid option! (conv2d_utils.cpp:401)
2026-05-29 08:16:24.799 | INFO     | models.demos.wormhole.stable_diffusion.tt.ttnn_functional_unet_2d_condition_model_new_conv:__call__:406 - Down block 1
2026-05-29 08:16:24.805 | INFO     | models.demos.wormhole.stable_diffusion.tt.ttnn_functional_unet_2d_condition_model_new_conv:__call__:406 - Down block 2
2026-05-29 08:16:24.808 | INFO     | models.demos.wormhole.stable_diffusion.tt.ttnn_functional_unet_2d_condition_model_new_conv:__call__:406 - Down block 3
2026-05-29 08:16:24.809 | INFO     | models.demos.wormhole.stable_diffusion.tt.ttnn_functional_unet_2d_condition_model_new_conv:__call__:460 - Mid block
2026-05-29 08:16:24.809 | warning  |              Op | Mismatch between computed MemoryConfig(memory_layout=TensorMemoryLayout::BLOCK_SHARDED,buffer_type=BufferType::L1,shard_spec=ShardSpec(grid={[(x=0,y=0) - (x=7,y=3)]},shape={32, 160},orientation=ShardOrientation::ROW_MAJOR),nd_shard_spec=NdShardSpec(shard_shape=Shape([32, 160]),grid={[(x=0,y=0) - (x=7,y=3)]},orientation=ShardOrientation::ROW_MAJOR,shard_distribution_strategy=ShardDistributionStrategy::GRID_2D),created_with_nd_shard_spec=0) and provided MemoryConfig(memory_layout=TensorMemoryLayout::BLOCK_SHARDED,buffer_type=BufferType::L1,shard_spec=ShardSpec(grid={[(x=0,y=0) - (x=7,y=7)]},shape={32, 160},orientation=ShardOrientation::ROW_MAJOR),nd_shard_spec=std::nullopt,created_with_nd_shard_spec=0) mem config. Using computed config. (matmul_op.cpp:1674)
2026-05-29 08:16:24.811 | INFO     | models.demos.wormhole.stable_diffusion.tt.ttnn_functional_unet_2d_condition_model_new_conv:__call__:491 - Up block 0
2026-05-29 08:16:24.812 | INFO     | models.demos.wormhole.stable_diffusion.tt.ttnn_functional_unet_2d_condition_model_new_conv:__call__:491 - Up block 1
2026-05-29 08:16:24.817 | INFO     | models.demos.wormhole.stable_diffusion.tt.ttnn_functional_unet_2d_condition_model_new_conv:__call__:491 - Up block 2
2026-05-29 08:16:24.825 | INFO     | models.demos.wormhole.stable_diffusion.tt.ttnn_functional_unet_2d_condition_model_new_conv:__call__:491 - Up block 3
2026-05-29 08:16:24.845 | INFO     | models.demos.wormhole.stable_diffusion.tt.ttnn_functional_unet_2d_condition_model_new_conv:__call__:406 - Down block 0
2026-05-29 08:16:24.852 | info     |              Op | act_block_h_override 2 is not a valid override for padded_output_height_ntiles_per_core 7, instead 1 was selected as closest valid option! (conv2d_utils.cpp:401)
2026-05-29 08:16:24.852 | INFO     | models.demos.wormhole.stable_diffusion.tt.ttnn_functional_unet_2d_condition_model_new_conv:__call__:406 - Down block 1
2026-05-29 08:16:24.857 | INFO     | models.demos.wormhole.stable_diffusion.tt.ttnn_functional_unet_2d_condition_model_new_conv:__call__:406 - Down block 2
2026-05-29 08:16:24.860 | INFO     | models.demos.wormhole.stable_diffusion.tt.ttnn_functional_unet_2d_condition_model_new_conv:__call__:406 - Down block 3
2026-05-29 08:16:24.861 | INFO     | models.demos.wormhole.stable_diffusion.tt.ttnn_functional_unet_2d_condition_model_new_conv:__call__:460 - Mid block
2026-05-29 08:16:24.861 | warning  |              Op | Mismatch between computed MemoryConfig(memory_layout=TensorMemoryLayout::BLOCK_SHARDED,buffer_type=BufferType::L1,shard_spec=ShardSpec(grid={[(x=0,y=0) - (x=7,y=3)]},shape={32, 160},orientation=ShardOrientation::ROW_MAJOR),nd_shard_spec=NdShardSpec(shard_shape=Shape([32, 160]),grid={[(x=0,y=0) - (x=7,y=3)]},orientation=ShardOrientation::ROW_MAJOR,shard_distribution_strategy=ShardDistributionStrategy::GRID_2D),created_with_nd_shard_spec=0) and provided MemoryConfig(memory_layout=TensorMemoryLayout::BLOCK_SHARDED,buffer_type=BufferType::L1,shard_spec=ShardSpec(grid={[(x=0,y=0) - (x=7,y=7)]},shape={32, 160},orientation=ShardOrientation::ROW_MAJOR),nd_shard_spec=std::nullopt,created_with_nd_shard_spec=0) mem config. Using computed config. (matmul_op.cpp:1674)
2026-05-29 08:16:24.863 | INFO     | models.demos.wormhole.stable_diffusion.tt.ttnn_functional_unet_2d_condition_model_new_conv:__call__:491 - Up block 0
2026-05-29 08:16:24.864 | INFO     | models.demos.wormhole.stable_diffusion.tt.ttnn_functional_unet_2d_condition_model_new_conv:__call__:491 - Up block 1
2026-05-29 08:16:24.869 | INFO     | models.demos.wormhole.stable_diffusion.tt.ttnn_functional_unet_2d_condition_model_new_conv:__call__:491 - Up block 2
2026-05-29 08:16:24.877 | INFO     | models.demos.wormhole.stable_diffusion.tt.ttnn_functional_unet_2d_condition_model_new_conv:__call__:491 - Up block 3
2026-05-29 08:16:24.897 | INFO     | models.demos.wormhole.stable_diffusion.tt.ttnn_functional_unet_2d_condition_model_new_conv:__call__:406 - Down block 0
2026-05-29 08:16:24.903 | info     |              Op | act_block_h_override 2 is not a valid override for padded_output_height_ntiles_per_core 7, instead 1 was selected as closest valid option! (conv2d_utils.cpp:401)
2026-05-29 08:16:24.903 | INFO     | models.demos.wormhole.stable_diffusion.tt.ttnn_functional_unet_2d_condition_model_new_conv:__call__:406 - Down block 1
2026-05-29 08:16:24.908 | INFO     | models.demos.wormhole.stable_diffusion.tt.ttnn_functional_unet_2d_condition_model_new_conv:__call__:406 - Down block 2
2026-05-29 08:16:24.912 | INFO     | models.demos.wormhole.stable_diffusion.tt.ttnn_functional_unet_2d_condition_model_new_conv:__call__:406 - Down block 3
2026-05-29 08:16:24.912 | INFO     | models.demos.wormhole.stable_diffusion.tt.ttnn_functional_unet_2d_condition_model_new_conv:__call__:460 - Mid block
2026-05-29 08:16:24.913 | warning  |              Op | Mismatch between computed MemoryConfig(memory_layout=TensorMemoryLayout::BLOCK_SHARDED,buffer_type=BufferType::L1,shard_spec=ShardSpec(grid={[(x=0,y=0) - (x=7,y=3)]},shape={32, 160},orientation=ShardOrientation::ROW_MAJOR),nd_shard_spec=NdShardSpec(shard_shape=Shape([32, 160]),grid={[(x=0,y=0) - (x=7,y=3)]},orientation=ShardOrientation::ROW_MAJOR,shard_distribution_strategy=ShardDistributionStrategy::GRID_2D),created_with_nd_shard_spec=0) and provided MemoryConfig(memory_layout=TensorMemoryLayout::BLOCK_SHARDED,buffer_type=BufferType::L1,shard_spec=ShardSpec(grid={[(x=0,y=0) - (x=7,y=7)]},shape={32, 160},orientation=ShardOrientation::ROW_MAJOR),nd_shard_spec=std::nullopt,created_with_nd_shard_spec=0) mem config. Using computed config. (matmul_op.cpp:1674)
2026-05-29 08:16:24.914 | INFO     | models.demos.wormhole.stable_diffusion.tt.ttnn_functional_unet_2d_condition_model_new_conv:__call__:491 - Up block 0
2026-05-29 08:16:24.915 | INFO     | models.demos.wormhole.stable_diffusion.tt.ttnn_functional_unet_2d_condition_model_new_conv:__call__:491 - Up block 1
2026-05-29 08:16:24.920 | INFO     | models.demos.wormhole.stable_diffusion.tt.ttnn_functional_unet_2d_condition_model_new_conv:__call__:491 - Up block 2
2026-05-29 08:16:24.928 | INFO     | models.demos.wormhole.stable_diffusion.tt.ttnn_functional_unet_2d_condition_model_new_conv:__call__:491 - Up block 3
  Step 29/41
2026-05-29 08:16:24.952 | INFO     | models.demos.wormhole.stable_diffusion.tt.ttnn_functional_unet_2d_condition_model_new_conv:__call__:406 - Down block 0
2026-05-29 08:16:24.957 | info     |              Op | act_block_h_override 2 is not a valid override for padded_output_height_ntiles_per_core 7, instead 1 was selected as closest valid option! (conv2d_utils.cpp:401)
2026-05-29 08:16:24.957 | INFO     | models.demos.wormhole.stable_diffusion.tt.ttnn_functional_unet_2d_condition_model_new_conv:__call__:406 - Down block 1
2026-05-29 08:16:24.963 | INFO     | models.demos.wormhole.stable_diffusion.tt.ttnn_functional_unet_2d_condition_model_new_conv:__call__:406 - Down block 2
2026-05-29 08:16:24.966 | INFO     | models.demos.wormhole.stable_diffusion.tt.ttnn_functional_unet_2d_condition_model_new_conv:__call__:406 - Down block 3
2026-05-29 08:16:24.967 | INFO     | models.demos.wormhole.stable_diffusion.tt.ttnn_functional_unet_2d_condition_model_new_conv:__call__:460 - Mid block
2026-05-29 08:16:24.968 | warning  |              Op | Mismatch between computed MemoryConfig(memory_layout=TensorMemoryLayout::BLOCK_SHARDED,buffer_type=BufferType::L1,shard_spec=ShardSpec(grid={[(x=0,y=0) - (x=7,y=3)]},shape={32, 160},orientation=ShardOrientation::ROW_MAJOR),nd_shard_spec=NdShardSpec(shard_shape=Shape([32, 160]),grid={[(x=0,y=0) - (x=7,y=3)]},orientation=ShardOrientation::ROW_MAJOR,shard_distribution_strategy=ShardDistributionStrategy::GRID_2D),created_with_nd_shard_spec=0) and provided MemoryConfig(memory_layout=TensorMemoryLayout::BLOCK_SHARDED,buffer_type=BufferType::L1,shard_spec=ShardSpec(grid={[(x=0,y=0) - (x=7,y=7)]},shape={32, 160},orientation=ShardOrientation::ROW_MAJOR),nd_shard_spec=std::nullopt,created_with_nd_shard_spec=0) mem config. Using computed config. (matmul_op.cpp:1674)
2026-05-29 08:16:24.969 | INFO     | models.demos.wormhole.stable_diffusion.tt.ttnn_functional_unet_2d_condition_model_new_conv:__call__:491 - Up block 0
2026-05-29 08:16:24.970 | INFO     | models.demos.wormhole.stable_diffusion.tt.ttnn_functional_unet_2d_condition_model_new_conv:__call__:491 - Up block 1
2026-05-29 08:16:24.975 | INFO     | models.demos.wormhole.stable_diffusion.tt.ttnn_functional_unet_2d_condition_model_new_conv:__call__:491 - Up block 2
2026-05-29 08:16:24.983 | INFO     | models.demos.wormhole.stable_diffusion.tt.ttnn_functional_unet_2d_condition_model_new_conv:__call__:491 - Up block 3
2026-05-29 08:16:25.003 | INFO     | models.demos.wormhole.stable_diffusion.tt.ttnn_functional_unet_2d_condition_model_new_conv:__call__:406 - Down block 0
2026-05-29 08:16:25.009 | info     |              Op | act_block_h_override 2 is not a valid override for padded_output_height_ntiles_per_core 7, instead 1 was selected as closest valid option! (conv2d_utils.cpp:401)
2026-05-29 08:16:25.009 | INFO     | models.demos.wormhole.stable_diffusion.tt.ttnn_functional_unet_2d_condition_model_new_conv:__call__:406 - Down block 1
2026-05-29 08:16:25.015 | INFO     | models.demos.wormhole.stable_diffusion.tt.ttnn_functional_unet_2d_condition_model_new_conv:__call__:406 - Down block 2
2026-05-29 08:16:25.018 | INFO     | models.demos.wormhole.stable_diffusion.tt.ttnn_functional_unet_2d_condition_model_new_conv:__call__:406 - Down block 3
2026-05-29 08:16:25.019 | INFO     | models.demos.wormhole.stable_diffusion.tt.ttnn_functional_unet_2d_condition_model_new_conv:__call__:460 - Mid block
2026-05-29 08:16:25.020 | warning  |              Op | Mismatch between computed MemoryConfig(memory_layout=TensorMemoryLayout::BLOCK_SHARDED,buffer_type=BufferType::L1,shard_spec=ShardSpec(grid={[(x=0,y=0) - (x=7,y=3)]},shape={32, 160},orientation=ShardOrientation::ROW_MAJOR),nd_shard_spec=NdShardSpec(shard_shape=Shape([32, 160]),grid={[(x=0,y=0) - (x=7,y=3)]},orientation=ShardOrientation::ROW_MAJOR,shard_distribution_strategy=ShardDistributionStrategy::GRID_2D),created_with_nd_shard_spec=0) and provided MemoryConfig(memory_layout=TensorMemoryLayout::BLOCK_SHARDED,buffer_type=BufferType::L1,shard_spec=ShardSpec(grid={[(x=0,y=0) - (x=7,y=7)]},shape={32, 160},orientation=ShardOrientation::ROW_MAJOR),nd_shard_spec=std::nullopt,created_with_nd_shard_spec=0) mem config. Using computed config. (matmul_op.cpp:1674)
2026-05-29 08:16:25.021 | INFO     | models.demos.wormhole.stable_diffusion.tt.ttnn_functional_unet_2d_condition_model_new_conv:__call__:491 - Up block 0
2026-05-29 08:16:25.022 | INFO     | models.demos.wormhole.stable_diffusion.tt.ttnn_functional_unet_2d_condition_model_new_conv:__call__:491 - Up block 1
2026-05-29 08:16:25.027 | INFO     | models.demos.wormhole.stable_diffusion.tt.ttnn_functional_unet_2d_condition_model_new_conv:__call__:491 - Up block 2
2026-05-29 08:16:25.036 | INFO     | models.demos.wormhole.stable_diffusion.tt.ttnn_functional_unet_2d_condition_model_new_conv:__call__:491 - Up block 3
2026-05-29 08:16:25.056 | INFO     | models.demos.wormhole.stable_diffusion.tt.ttnn_functional_unet_2d_condition_model_new_conv:__call__:406 - Down block 0
2026-05-29 08:16:25.061 | info     |              Op | act_block_h_override 2 is not a valid override for padded_output_height_ntiles_per_core 7, instead 1 was selected as closest valid option! (conv2d_utils.cpp:401)
2026-05-29 08:16:25.061 | INFO     | models.demos.wormhole.stable_diffusion.tt.ttnn_functional_unet_2d_condition_model_new_conv:__call__:406 - Down block 1
2026-05-29 08:16:25.067 | INFO     | models.demos.wormhole.stable_diffusion.tt.ttnn_functional_unet_2d_condition_model_new_conv:__call__:406 - Down block 2
2026-05-29 08:16:25.070 | INFO     | models.demos.wormhole.stable_diffusion.tt.ttnn_functional_unet_2d_condition_model_new_conv:__call__:406 - Down block 3
2026-05-29 08:16:25.071 | INFO     | models.demos.wormhole.stable_diffusion.tt.ttnn_functional_unet_2d_condition_model_new_conv:__call__:460 - Mid block
2026-05-29 08:16:25.072 | warning  |              Op | Mismatch between computed MemoryConfig(memory_layout=TensorMemoryLayout::BLOCK_SHARDED,buffer_type=BufferType::L1,shard_spec=ShardSpec(grid={[(x=0,y=0) - (x=7,y=3)]},shape={32, 160},orientation=ShardOrientation::ROW_MAJOR),nd_shard_spec=NdShardSpec(shard_shape=Shape([32, 160]),grid={[(x=0,y=0) - (x=7,y=3)]},orientation=ShardOrientation::ROW_MAJOR,shard_distribution_strategy=ShardDistributionStrategy::GRID_2D),created_with_nd_shard_spec=0) and provided MemoryConfig(memory_layout=TensorMemoryLayout::BLOCK_SHARDED,buffer_type=BufferType::L1,shard_spec=ShardSpec(grid={[(x=0,y=0) - (x=7,y=7)]},shape={32, 160},orientation=ShardOrientation::ROW_MAJOR),nd_shard_spec=std::nullopt,created_with_nd_shard_spec=0) mem config. Using computed config. (matmul_op.cpp:1674)
2026-05-29 08:16:25.073 | INFO     | models.demos.wormhole.stable_diffusion.tt.ttnn_functional_unet_2d_condition_model_new_conv:__call__:491 - Up block 0
2026-05-29 08:16:25.074 | INFO     | models.demos.wormhole.stable_diffusion.tt.ttnn_functional_unet_2d_condition_model_new_conv:__call__:491 - Up block 1
2026-05-29 08:16:25.079 | INFO     | models.demos.wormhole.stable_diffusion.tt.ttnn_functional_unet_2d_condition_model_new_conv:__call__:491 - Up block 2
2026-05-29 08:16:25.088 | INFO     | models.demos.wormhole.stable_diffusion.tt.ttnn_functional_unet_2d_condition_model_new_conv:__call__:491 - Up block 3
2026-05-29 08:16:25.108 | INFO     | models.demos.wormhole.stable_diffusion.tt.ttnn_functional_unet_2d_condition_model_new_conv:__call__:406 - Down block 0
2026-05-29 08:16:25.113 | info     |              Op | act_block_h_override 2 is not a valid override for padded_output_height_ntiles_per_core 7, instead 1 was selected as closest valid option! (conv2d_utils.cpp:401)
2026-05-29 08:16:25.113 | INFO     | models.demos.wormhole.stable_diffusion.tt.ttnn_functional_unet_2d_condition_model_new_conv:__call__:406 - Down block 1
2026-05-29 08:16:25.119 | INFO     | models.demos.wormhole.stable_diffusion.tt.ttnn_functional_unet_2d_condition_model_new_conv:__call__:406 - Down block 2
2026-05-29 08:16:25.122 | INFO     | models.demos.wormhole.stable_diffusion.tt.ttnn_functional_unet_2d_condition_model_new_conv:__call__:406 - Down block 3
2026-05-29 08:16:25.123 | INFO     | models.demos.wormhole.stable_diffusion.tt.ttnn_functional_unet_2d_condition_model_new_conv:__call__:460 - Mid block
2026-05-29 08:16:25.123 | warning  |              Op | Mismatch between computed MemoryConfig(memory_layout=TensorMemoryLayout::BLOCK_SHARDED,buffer_type=BufferType::L1,shard_spec=ShardSpec(grid={[(x=0,y=0) - (x=7,y=3)]},shape={32, 160},orientation=ShardOrientation::ROW_MAJOR),nd_shard_spec=NdShardSpec(shard_shape=Shape([32, 160]),grid={[(x=0,y=0) - (x=7,y=3)]},orientation=ShardOrientation::ROW_MAJOR,shard_distribution_strategy=ShardDistributionStrategy::GRID_2D),created_with_nd_shard_spec=0) and provided MemoryConfig(memory_layout=TensorMemoryLayout::BLOCK_SHARDED,buffer_type=BufferType::L1,shard_spec=ShardSpec(grid={[(x=0,y=0) - (x=7,y=7)]},shape={32, 160},orientation=ShardOrientation::ROW_MAJOR),nd_shard_spec=std::nullopt,created_with_nd_shard_spec=0) mem config. Using computed config. (matmul_op.cpp:1674)
2026-05-29 08:16:25.124 | INFO     | models.demos.wormhole.stable_diffusion.tt.ttnn_functional_unet_2d_condition_model_new_conv:__call__:491 - Up block 0
2026-05-29 08:16:25.126 | INFO     | models.demos.wormhole.stable_diffusion.tt.ttnn_functional_unet_2d_condition_model_new_conv:__call__:491 - Up block 1
2026-05-29 08:16:25.131 | INFO     | models.demos.wormhole.stable_diffusion.tt.ttnn_functional_unet_2d_condition_model_new_conv:__call__:491 - Up block 2
2026-05-29 08:16:25.138 | INFO     | models.demos.wormhole.stable_diffusion.tt.ttnn_functional_unet_2d_condition_model_new_conv:__call__:491 - Up block 3
2026-05-29 08:16:25.159 | INFO     | models.demos.wormhole.stable_diffusion.tt.ttnn_functional_unet_2d_condition_model_new_conv:__call__:406 - Down block 0
2026-05-29 08:16:25.165 | info     |              Op | act_block_h_override 2 is not a valid override for padded_output_height_ntiles_per_core 7, instead 1 was selected as closest valid option! (conv2d_utils.cpp:401)
2026-05-29 08:16:25.165 | INFO     | models.demos.wormhole.stable_diffusion.tt.ttnn_functional_unet_2d_condition_model_new_conv:__call__:406 - Down block 1
2026-05-29 08:16:25.171 | INFO     | models.demos.wormhole.stable_diffusion.tt.ttnn_functional_unet_2d_condition_model_new_conv:__call__:406 - Down block 2
2026-05-29 08:16:25.174 | INFO     | models.demos.wormhole.stable_diffusion.tt.ttnn_functional_unet_2d_condition_model_new_conv:__call__:406 - Down block 3
2026-05-29 08:16:25.175 | INFO     | models.demos.wormhole.stable_diffusion.tt.ttnn_functional_unet_2d_condition_model_new_conv:__call__:460 - Mid block
2026-05-29 08:16:25.175 | warning  |              Op | Mismatch between computed MemoryConfig(memory_layout=TensorMemoryLayout::BLOCK_SHARDED,buffer_type=BufferType::L1,shard_spec=ShardSpec(grid={[(x=0,y=0) - (x=7,y=3)]},shape={32, 160},orientation=ShardOrientation::ROW_MAJOR),nd_shard_spec=NdShardSpec(shard_shape=Shape([32, 160]),grid={[(x=0,y=0) - (x=7,y=3)]},orientation=ShardOrientation::ROW_MAJOR,shard_distribution_strategy=ShardDistributionStrategy::GRID_2D),created_with_nd_shard_spec=0) and provided MemoryConfig(memory_layout=TensorMemoryLayout::BLOCK_SHARDED,buffer_type=BufferType::L1,shard_spec=ShardSpec(grid={[(x=0,y=0) - (x=7,y=7)]},shape={32, 160},orientation=ShardOrientation::ROW_MAJOR),nd_shard_spec=std::nullopt,created_with_nd_shard_spec=0) mem config. Using computed config. (matmul_op.cpp:1674)
2026-05-29 08:16:25.176 | INFO     | models.demos.wormhole.stable_diffusion.tt.ttnn_functional_unet_2d_condition_model_new_conv:__call__:491 - Up block 0
2026-05-29 08:16:25.178 | INFO     | models.demos.wormhole.stable_diffusion.tt.ttnn_functional_unet_2d_condition_model_new_conv:__call__:491 - Up block 1
2026-05-29 08:16:25.183 | INFO     | models.demos.wormhole.stable_diffusion.tt.ttnn_functional_unet_2d_condition_model_new_conv:__call__:491 - Up block 2
2026-05-29 08:16:25.191 | INFO     | models.demos.wormhole.stable_diffusion.tt.ttnn_functional_unet_2d_condition_model_new_conv:__call__:491 - Up block 3
2026-05-29 08:16:25.211 | INFO     | models.demos.wormhole.stable_diffusion.tt.ttnn_functional_unet_2d_condition_model_new_conv:__call__:406 - Down block 0
2026-05-29 08:16:25.217 | info     |              Op | act_block_h_override 2 is not a valid override for padded_output_height_ntiles_per_core 7, instead 1 was selected as closest valid option! (conv2d_utils.cpp:401)
2026-05-29 08:16:25.217 | INFO     | models.demos.wormhole.stable_diffusion.tt.ttnn_functional_unet_2d_condition_model_new_conv:__call__:406 - Down block 1
2026-05-29 08:16:25.222 | INFO     | models.demos.wormhole.stable_diffusion.tt.ttnn_functional_unet_2d_condition_model_new_conv:__call__:406 - Down block 2
2026-05-29 08:16:25.226 | INFO     | models.demos.wormhole.stable_diffusion.tt.ttnn_functional_unet_2d_condition_model_new_conv:__call__:406 - Down block 3
2026-05-29 08:16:25.226 | INFO     | models.demos.wormhole.stable_diffusion.tt.ttnn_functional_unet_2d_condition_model_new_conv:__call__:460 - Mid block
2026-05-29 08:16:25.227 | warning  |              Op | Mismatch between computed MemoryConfig(memory_layout=TensorMemoryLayout::BLOCK_SHARDED,buffer_type=BufferType::L1,shard_spec=ShardSpec(grid={[(x=0,y=0) - (x=7,y=3)]},shape={32, 160},orientation=ShardOrientation::ROW_MAJOR),nd_shard_spec=NdShardSpec(shard_shape=Shape([32, 160]),grid={[(x=0,y=0) - (x=7,y=3)]},orientation=ShardOrientation::ROW_MAJOR,shard_distribution_strategy=ShardDistributionStrategy::GRID_2D),created_with_nd_shard_spec=0) and provided MemoryConfig(memory_layout=TensorMemoryLayout::BLOCK_SHARDED,buffer_type=BufferType::L1,shard_spec=ShardSpec(grid={[(x=0,y=0) - (x=7,y=7)]},shape={32, 160},orientation=ShardOrientation::ROW_MAJOR),nd_shard_spec=std::nullopt,created_with_nd_shard_spec=0) mem config. Using computed config. (matmul_op.cpp:1674)
2026-05-29 08:16:25.228 | INFO     | models.demos.wormhole.stable_diffusion.tt.ttnn_functional_unet_2d_condition_model_new_conv:__call__:491 - Up block 0
2026-05-29 08:16:25.229 | INFO     | models.demos.wormhole.stable_diffusion.tt.ttnn_functional_unet_2d_condition_model_new_conv:__call__:491 - Up block 1
2026-05-29 08:16:25.234 | INFO     | models.demos.wormhole.stable_diffusion.tt.ttnn_functional_unet_2d_condition_model_new_conv:__call__:491 - Up block 2
2026-05-29 08:16:25.242 | INFO     | models.demos.wormhole.stable_diffusion.tt.ttnn_functional_unet_2d_condition_model_new_conv:__call__:491 - Up block 3
2026-05-29 08:16:25.263 | INFO     | models.demos.wormhole.stable_diffusion.tt.ttnn_functional_unet_2d_condition_model_new_conv:__call__:406 - Down block 0
2026-05-29 08:16:25.269 | info     |              Op | act_block_h_override 2 is not a valid override for padded_output_height_ntiles_per_core 7, instead 1 was selected as closest valid option! (conv2d_utils.cpp:401)
2026-05-29 08:16:25.269 | INFO     | models.demos.wormhole.stable_diffusion.tt.ttnn_functional_unet_2d_condition_model_new_conv:__call__:406 - Down block 1
2026-05-29 08:16:25.274 | INFO     | models.demos.wormhole.stable_diffusion.tt.ttnn_functional_unet_2d_condition_model_new_conv:__call__:406 - Down block 2
2026-05-29 08:16:25.278 | INFO     | models.demos.wormhole.stable_diffusion.tt.ttnn_functional_unet_2d_condition_model_new_conv:__call__:406 - Down block 3
2026-05-29 08:16:25.278 | INFO     | models.demos.wormhole.stable_diffusion.tt.ttnn_functional_unet_2d_condition_model_new_conv:__call__:460 - Mid block
2026-05-29 08:16:25.279 | warning  |              Op | Mismatch between computed MemoryConfig(memory_layout=TensorMemoryLayout::BLOCK_SHARDED,buffer_type=BufferType::L1,shard_spec=ShardSpec(grid={[(x=0,y=0) - (x=7,y=3)]},shape={32, 160},orientation=ShardOrientation::ROW_MAJOR),nd_shard_spec=NdShardSpec(shard_shape=Shape([32, 160]),grid={[(x=0,y=0) - (x=7,y=3)]},orientation=ShardOrientation::ROW_MAJOR,shard_distribution_strategy=ShardDistributionStrategy::GRID_2D),created_with_nd_shard_spec=0) and provided MemoryConfig(memory_layout=TensorMemoryLayout::BLOCK_SHARDED,buffer_type=BufferType::L1,shard_spec=ShardSpec(grid={[(x=0,y=0) - (x=7,y=7)]},shape={32, 160},orientation=ShardOrientation::ROW_MAJOR),nd_shard_spec=std::nullopt,created_with_nd_shard_spec=0) mem config. Using computed config. (matmul_op.cpp:1674)
2026-05-29 08:16:25.280 | INFO     | models.demos.wormhole.stable_diffusion.tt.ttnn_functional_unet_2d_condition_model_new_conv:__call__:491 - Up block 0
2026-05-29 08:16:25.281 | INFO     | models.demos.wormhole.stable_diffusion.tt.ttnn_functional_unet_2d_condition_model_new_conv:__call__:491 - Up block 1
2026-05-29 08:16:25.286 | INFO     | models.demos.wormhole.stable_diffusion.tt.ttnn_functional_unet_2d_condition_model_new_conv:__call__:491 - Up block 2
2026-05-29 08:16:25.294 | INFO     | models.demos.wormhole.stable_diffusion.tt.ttnn_functional_unet_2d_condition_model_new_conv:__call__:491 - Up block 3
2026-05-29 08:16:25.315 | INFO     | models.demos.wormhole.stable_diffusion.tt.ttnn_functional_unet_2d_condition_model_new_conv:__call__:406 - Down block 0
2026-05-29 08:16:25.321 | info     |              Op | act_block_h_override 2 is not a valid override for padded_output_height_ntiles_per_core 7, instead 1 was selected as closest valid option! (conv2d_utils.cpp:401)
2026-05-29 08:16:25.321 | INFO     | models.demos.wormhole.stable_diffusion.tt.ttnn_functional_unet_2d_condition_model_new_conv:__call__:406 - Down block 1
2026-05-29 08:16:25.326 | INFO     | models.demos.wormhole.stable_diffusion.tt.ttnn_functional_unet_2d_condition_model_new_conv:__call__:406 - Down block 2
2026-05-29 08:16:25.329 | INFO     | models.demos.wormhole.stable_diffusion.tt.ttnn_functional_unet_2d_condition_model_new_conv:__call__:406 - Down block 3
2026-05-29 08:16:25.330 | INFO     | models.demos.wormhole.stable_diffusion.tt.ttnn_functional_unet_2d_condition_model_new_conv:__call__:460 - Mid block
2026-05-29 08:16:25.331 | warning  |              Op | Mismatch between computed MemoryConfig(memory_layout=TensorMemoryLayout::BLOCK_SHARDED,buffer_type=BufferType::L1,shard_spec=ShardSpec(grid={[(x=0,y=0) - (x=7,y=3)]},shape={32, 160},orientation=ShardOrientation::ROW_MAJOR),nd_shard_spec=NdShardSpec(shard_shape=Shape([32, 160]),grid={[(x=0,y=0) - (x=7,y=3)]},orientation=ShardOrientation::ROW_MAJOR,shard_distribution_strategy=ShardDistributionStrategy::GRID_2D),created_with_nd_shard_spec=0) and provided MemoryConfig(memory_layout=TensorMemoryLayout::BLOCK_SHARDED,buffer_type=BufferType::L1,shard_spec=ShardSpec(grid={[(x=0,y=0) - (x=7,y=7)]},shape={32, 160},orientation=ShardOrientation::ROW_MAJOR),nd_shard_spec=std::nullopt,created_with_nd_shard_spec=0) mem config. Using computed config. (matmul_op.cpp:1674)
2026-05-29 08:16:25.332 | INFO     | models.demos.wormhole.stable_diffusion.tt.ttnn_functional_unet_2d_condition_model_new_conv:__call__:491 - Up block 0
2026-05-29 08:16:25.333 | INFO     | models.demos.wormhole.stable_diffusion.tt.ttnn_functional_unet_2d_condition_model_new_conv:__call__:491 - Up block 1
2026-05-29 08:16:25.338 | INFO     | models.demos.wormhole.stable_diffusion.tt.ttnn_functional_unet_2d_condition_model_new_conv:__call__:491 - Up block 2
2026-05-29 08:16:25.346 | INFO     | models.demos.wormhole.stable_diffusion.tt.ttnn_functional_unet_2d_condition_model_new_conv:__call__:491 - Up block 3
  Step 30/41
2026-05-29 08:16:25.369 | INFO     | models.demos.wormhole.stable_diffusion.tt.ttnn_functional_unet_2d_condition_model_new_conv:__call__:406 - Down block 0
2026-05-29 08:16:25.375 | info     |              Op | act_block_h_override 2 is not a valid override for padded_output_height_ntiles_per_core 7, instead 1 was selected as closest valid option! (conv2d_utils.cpp:401)
2026-05-29 08:16:25.375 | INFO     | models.demos.wormhole.stable_diffusion.tt.ttnn_functional_unet_2d_condition_model_new_conv:__call__:406 - Down block 1
2026-05-29 08:16:25.381 | INFO     | models.demos.wormhole.stable_diffusion.tt.ttnn_functional_unet_2d_condition_model_new_conv:__call__:406 - Down block 2
2026-05-29 08:16:25.384 | INFO     | models.demos.wormhole.stable_diffusion.tt.ttnn_functional_unet_2d_condition_model_new_conv:__call__:406 - Down block 3
2026-05-29 08:16:25.385 | INFO     | models.demos.wormhole.stable_diffusion.tt.ttnn_functional_unet_2d_condition_model_new_conv:__call__:460 - Mid block
2026-05-29 08:16:25.385 | warning  |              Op | Mismatch between computed MemoryConfig(memory_layout=TensorMemoryLayout::BLOCK_SHARDED,buffer_type=BufferType::L1,shard_spec=ShardSpec(grid={[(x=0,y=0) - (x=7,y=3)]},shape={32, 160},orientation=ShardOrientation::ROW_MAJOR),nd_shard_spec=NdShardSpec(shard_shape=Shape([32, 160]),grid={[(x=0,y=0) - (x=7,y=3)]},orientation=ShardOrientation::ROW_MAJOR,shard_distribution_strategy=ShardDistributionStrategy::GRID_2D),created_with_nd_shard_spec=0) and provided MemoryConfig(memory_layout=TensorMemoryLayout::BLOCK_SHARDED,buffer_type=BufferType::L1,shard_spec=ShardSpec(grid={[(x=0,y=0) - (x=7,y=7)]},shape={32, 160},orientation=ShardOrientation::ROW_MAJOR),nd_shard_spec=std::nullopt,created_with_nd_shard_spec=0) mem config. Using computed config. (matmul_op.cpp:1674)
2026-05-29 08:16:25.387 | INFO     | models.demos.wormhole.stable_diffusion.tt.ttnn_functional_unet_2d_condition_model_new_conv:__call__:491 - Up block 0
2026-05-29 08:16:25.388 | INFO     | models.demos.wormhole.stable_diffusion.tt.ttnn_functional_unet_2d_condition_model_new_conv:__call__:491 - Up block 1
2026-05-29 08:16:25.393 | INFO     | models.demos.wormhole.stable_diffusion.tt.ttnn_functional_unet_2d_condition_model_new_conv:__call__:491 - Up block 2
2026-05-29 08:16:25.401 | INFO     | models.demos.wormhole.stable_diffusion.tt.ttnn_functional_unet_2d_condition_model_new_conv:__call__:491 - Up block 3
2026-05-29 08:16:25.421 | INFO     | models.demos.wormhole.stable_diffusion.tt.ttnn_functional_unet_2d_condition_model_new_conv:__call__:406 - Down block 0
2026-05-29 08:16:25.427 | info     |              Op | act_block_h_override 2 is not a valid override for padded_output_height_ntiles_per_core 7, instead 1 was selected as closest valid option! (conv2d_utils.cpp:401)
2026-05-29 08:16:25.427 | INFO     | models.demos.wormhole.stable_diffusion.tt.ttnn_functional_unet_2d_condition_model_new_conv:__call__:406 - Down block 1
2026-05-29 08:16:25.432 | INFO     | models.demos.wormhole.stable_diffusion.tt.ttnn_functional_unet_2d_condition_model_new_conv:__call__:406 - Down block 2
2026-05-29 08:16:25.436 | INFO     | models.demos.wormhole.stable_diffusion.tt.ttnn_functional_unet_2d_condition_model_new_conv:__call__:406 - Down block 3
2026-05-29 08:16:25.436 | INFO     | models.demos.wormhole.stable_diffusion.tt.ttnn_functional_unet_2d_condition_model_new_conv:__call__:460 - Mid block
2026-05-29 08:16:25.437 | warning  |              Op | Mismatch between computed MemoryConfig(memory_layout=TensorMemoryLayout::BLOCK_SHARDED,buffer_type=BufferType::L1,shard_spec=ShardSpec(grid={[(x=0,y=0) - (x=7,y=3)]},shape={32, 160},orientation=ShardOrientation::ROW_MAJOR),nd_shard_spec=NdShardSpec(shard_shape=Shape([32, 160]),grid={[(x=0,y=0) - (x=7,y=3)]},orientation=ShardOrientation::ROW_MAJOR,shard_distribution_strategy=ShardDistributionStrategy::GRID_2D),created_with_nd_shard_spec=0) and provided MemoryConfig(memory_layout=TensorMemoryLayout::BLOCK_SHARDED,buffer_type=BufferType::L1,shard_spec=ShardSpec(grid={[(x=0,y=0) - (x=7,y=7)]},shape={32, 160},orientation=ShardOrientation::ROW_MAJOR),nd_shard_spec=std::nullopt,created_with_nd_shard_spec=0) mem config. Using computed config. (matmul_op.cpp:1674)
2026-05-29 08:16:25.438 | INFO     | models.demos.wormhole.stable_diffusion.tt.ttnn_functional_unet_2d_condition_model_new_conv:__call__:491 - Up block 0
2026-05-29 08:16:25.439 | INFO     | models.demos.wormhole.stable_diffusion.tt.ttnn_functional_unet_2d_condition_model_new_conv:__call__:491 - Up block 1
2026-05-29 08:16:25.444 | INFO     | models.demos.wormhole.stable_diffusion.tt.ttnn_functional_unet_2d_condition_model_new_conv:__call__:491 - Up block 2
2026-05-29 08:16:25.452 | INFO     | models.demos.wormhole.stable_diffusion.tt.ttnn_functional_unet_2d_condition_model_new_conv:__call__:491 - Up block 3
2026-05-29 08:16:25.473 | INFO     | models.demos.wormhole.stable_diffusion.tt.ttnn_functional_unet_2d_condition_model_new_conv:__call__:406 - Down block 0
2026-05-29 08:16:25.479 | info     |              Op | act_block_h_override 2 is not a valid override for padded_output_height_ntiles_per_core 7, instead 1 was selected as closest valid option! (conv2d_utils.cpp:401)
2026-05-29 08:16:25.479 | INFO     | models.demos.wormhole.stable_diffusion.tt.ttnn_functional_unet_2d_condition_model_new_conv:__call__:406 - Down block 1
2026-05-29 08:16:25.484 | INFO     | models.demos.wormhole.stable_diffusion.tt.ttnn_functional_unet_2d_condition_model_new_conv:__call__:406 - Down block 2
2026-05-29 08:16:25.487 | INFO     | models.demos.wormhole.stable_diffusion.tt.ttnn_functional_unet_2d_condition_model_new_conv:__call__:406 - Down block 3
2026-05-29 08:16:25.488 | INFO     | models.demos.wormhole.stable_diffusion.tt.ttnn_functional_unet_2d_condition_model_new_conv:__call__:460 - Mid block
2026-05-29 08:16:25.488 | warning  |              Op | Mismatch between computed MemoryConfig(memory_layout=TensorMemoryLayout::BLOCK_SHARDED,buffer_type=BufferType::L1,shard_spec=ShardSpec(grid={[(x=0,y=0) - (x=7,y=3)]},shape={32, 160},orientation=ShardOrientation::ROW_MAJOR),nd_shard_spec=NdShardSpec(shard_shape=Shape([32, 160]),grid={[(x=0,y=0) - (x=7,y=3)]},orientation=ShardOrientation::ROW_MAJOR,shard_distribution_strategy=ShardDistributionStrategy::GRID_2D),created_with_nd_shard_spec=0) and provided MemoryConfig(memory_layout=TensorMemoryLayout::BLOCK_SHARDED,buffer_type=BufferType::L1,shard_spec=ShardSpec(grid={[(x=0,y=0) - (x=7,y=7)]},shape={32, 160},orientation=ShardOrientation::ROW_MAJOR),nd_shard_spec=std::nullopt,created_with_nd_shard_spec=0) mem config. Using computed config. (matmul_op.cpp:1674)
2026-05-29 08:16:25.490 | INFO     | models.demos.wormhole.stable_diffusion.tt.ttnn_functional_unet_2d_condition_model_new_conv:__call__:491 - Up block 0
2026-05-29 08:16:25.491 | INFO     | models.demos.wormhole.stable_diffusion.tt.ttnn_functional_unet_2d_condition_model_new_conv:__call__:491 - Up block 1
2026-05-29 08:16:25.496 | INFO     | models.demos.wormhole.stable_diffusion.tt.ttnn_functional_unet_2d_condition_model_new_conv:__call__:491 - Up block 2
2026-05-29 08:16:25.504 | INFO     | models.demos.wormhole.stable_diffusion.tt.ttnn_functional_unet_2d_condition_model_new_conv:__call__:491 - Up block 3
2026-05-29 08:16:25.525 | INFO     | models.demos.wormhole.stable_diffusion.tt.ttnn_functional_unet_2d_condition_model_new_conv:__call__:406 - Down block 0
2026-05-29 08:16:25.531 | info     |              Op | act_block_h_override 2 is not a valid override for padded_output_height_ntiles_per_core 7, instead 1 was selected as closest valid option! (conv2d_utils.cpp:401)
2026-05-29 08:16:25.531 | INFO     | models.demos.wormhole.stable_diffusion.tt.ttnn_functional_unet_2d_condition_model_new_conv:__call__:406 - Down block 1
2026-05-29 08:16:25.536 | INFO     | models.demos.wormhole.stable_diffusion.tt.ttnn_functional_unet_2d_condition_model_new_conv:__call__:406 - Down block 2
2026-05-29 08:16:25.539 | INFO     | models.demos.wormhole.stable_diffusion.tt.ttnn_functional_unet_2d_condition_model_new_conv:__call__:406 - Down block 3
2026-05-29 08:16:25.540 | INFO     | models.demos.wormhole.stable_diffusion.tt.ttnn_functional_unet_2d_condition_model_new_conv:__call__:460 - Mid block
2026-05-29 08:16:25.541 | warning  |              Op | Mismatch between computed MemoryConfig(memory_layout=TensorMemoryLayout::BLOCK_SHARDED,buffer_type=BufferType::L1,shard_spec=ShardSpec(grid={[(x=0,y=0) - (x=7,y=3)]},shape={32, 160},orientation=ShardOrientation::ROW_MAJOR),nd_shard_spec=NdShardSpec(shard_shape=Shape([32, 160]),grid={[(x=0,y=0) - (x=7,y=3)]},orientation=ShardOrientation::ROW_MAJOR,shard_distribution_strategy=ShardDistributionStrategy::GRID_2D),created_with_nd_shard_spec=0) and provided MemoryConfig(memory_layout=TensorMemoryLayout::BLOCK_SHARDED,buffer_type=BufferType::L1,shard_spec=ShardSpec(grid={[(x=0,y=0) - (x=7,y=7)]},shape={32, 160},orientation=ShardOrientation::ROW_MAJOR),nd_shard_spec=std::nullopt,created_with_nd_shard_spec=0) mem config. Using computed config. (matmul_op.cpp:1674)
2026-05-29 08:16:25.542 | INFO     | models.demos.wormhole.stable_diffusion.tt.ttnn_functional_unet_2d_condition_model_new_conv:__call__:491 - Up block 0
2026-05-29 08:16:25.543 | INFO     | models.demos.wormhole.stable_diffusion.tt.ttnn_functional_unet_2d_condition_model_new_conv:__call__:491 - Up block 1
2026-05-29 08:16:25.548 | INFO     | models.demos.wormhole.stable_diffusion.tt.ttnn_functional_unet_2d_condition_model_new_conv:__call__:491 - Up block 2
2026-05-29 08:16:25.556 | INFO     | models.demos.wormhole.stable_diffusion.tt.ttnn_functional_unet_2d_condition_model_new_conv:__call__:491 - Up block 3
2026-05-29 08:16:25.577 | INFO     | models.demos.wormhole.stable_diffusion.tt.ttnn_functional_unet_2d_condition_model_new_conv:__call__:406 - Down block 0
2026-05-29 08:16:25.582 | info     |              Op | act_block_h_override 2 is not a valid override for padded_output_height_ntiles_per_core 7, instead 1 was selected as closest valid option! (conv2d_utils.cpp:401)
2026-05-29 08:16:25.582 | INFO     | models.demos.wormhole.stable_diffusion.tt.ttnn_functional_unet_2d_condition_model_new_conv:__call__:406 - Down block 1
2026-05-29 08:16:25.588 | INFO     | models.demos.wormhole.stable_diffusion.tt.ttnn_functional_unet_2d_condition_model_new_conv:__call__:406 - Down block 2
2026-05-29 08:16:25.591 | INFO     | models.demos.wormhole.stable_diffusion.tt.ttnn_functional_unet_2d_condition_model_new_conv:__call__:406 - Down block 3
2026-05-29 08:16:25.591 | INFO     | models.demos.wormhole.stable_diffusion.tt.ttnn_functional_unet_2d_condition_model_new_conv:__call__:460 - Mid block
2026-05-29 08:16:25.592 | warning  |              Op | Mismatch between computed MemoryConfig(memory_layout=TensorMemoryLayout::BLOCK_SHARDED,buffer_type=BufferType::L1,shard_spec=ShardSpec(grid={[(x=0,y=0) - (x=7,y=3)]},shape={32, 160},orientation=ShardOrientation::ROW_MAJOR),nd_shard_spec=NdShardSpec(shard_shape=Shape([32, 160]),grid={[(x=0,y=0) - (x=7,y=3)]},orientation=ShardOrientation::ROW_MAJOR,shard_distribution_strategy=ShardDistributionStrategy::GRID_2D),created_with_nd_shard_spec=0) and provided MemoryConfig(memory_layout=TensorMemoryLayout::BLOCK_SHARDED,buffer_type=BufferType::L1,shard_spec=ShardSpec(grid={[(x=0,y=0) - (x=7,y=7)]},shape={32, 160},orientation=ShardOrientation::ROW_MAJOR),nd_shard_spec=std::nullopt,created_with_nd_shard_spec=0) mem config. Using computed config. (matmul_op.cpp:1674)
2026-05-29 08:16:25.593 | INFO     | models.demos.wormhole.stable_diffusion.tt.ttnn_functional_unet_2d_condition_model_new_conv:__call__:491 - Up block 0
2026-05-29 08:16:25.594 | INFO     | models.demos.wormhole.stable_diffusion.tt.ttnn_functional_unet_2d_condition_model_new_conv:__call__:491 - Up block 1
2026-05-29 08:16:25.599 | INFO     | models.demos.wormhole.stable_diffusion.tt.ttnn_functional_unet_2d_condition_model_new_conv:__call__:491 - Up block 2
2026-05-29 08:16:25.607 | INFO     | models.demos.wormhole.stable_diffusion.tt.ttnn_functional_unet_2d_condition_model_new_conv:__call__:491 - Up block 3
2026-05-29 08:16:25.629 | INFO     | models.demos.wormhole.stable_diffusion.tt.ttnn_functional_unet_2d_condition_model_new_conv:__call__:406 - Down block 0
2026-05-29 08:16:25.634 | info     |              Op | act_block_h_override 2 is not a valid override for padded_output_height_ntiles_per_core 7, instead 1 was selected as closest valid option! (conv2d_utils.cpp:401)
2026-05-29 08:16:25.634 | INFO     | models.demos.wormhole.stable_diffusion.tt.ttnn_functional_unet_2d_condition_model_new_conv:__call__:406 - Down block 1
2026-05-29 08:16:25.640 | INFO     | models.demos.wormhole.stable_diffusion.tt.ttnn_functional_unet_2d_condition_model_new_conv:__call__:406 - Down block 2
2026-05-29 08:16:25.643 | INFO     | models.demos.wormhole.stable_diffusion.tt.ttnn_functional_unet_2d_condition_model_new_conv:__call__:406 - Down block 3
2026-05-29 08:16:25.644 | INFO     | models.demos.wormhole.stable_diffusion.tt.ttnn_functional_unet_2d_condition_model_new_conv:__call__:460 - Mid block
2026-05-29 08:16:25.644 | warning  |              Op | Mismatch between computed MemoryConfig(memory_layout=TensorMemoryLayout::BLOCK_SHARDED,buffer_type=BufferType::L1,shard_spec=ShardSpec(grid={[(x=0,y=0) - (x=7,y=3)]},shape={32, 160},orientation=ShardOrientation::ROW_MAJOR),nd_shard_spec=NdShardSpec(shard_shape=Shape([32, 160]),grid={[(x=0,y=0) - (x=7,y=3)]},orientation=ShardOrientation::ROW_MAJOR,shard_distribution_strategy=ShardDistributionStrategy::GRID_2D),created_with_nd_shard_spec=0) and provided MemoryConfig(memory_layout=TensorMemoryLayout::BLOCK_SHARDED,buffer_type=BufferType::L1,shard_spec=ShardSpec(grid={[(x=0,y=0) - (x=7,y=7)]},shape={32, 160},orientation=ShardOrientation::ROW_MAJOR),nd_shard_spec=std::nullopt,created_with_nd_shard_spec=0) mem config. Using computed config. (matmul_op.cpp:1674)
2026-05-29 08:16:25.646 | INFO     | models.demos.wormhole.stable_diffusion.tt.ttnn_functional_unet_2d_condition_model_new_conv:__call__:491 - Up block 0
2026-05-29 08:16:25.647 | INFO     | models.demos.wormhole.stable_diffusion.tt.ttnn_functional_unet_2d_condition_model_new_conv:__call__:491 - Up block 1
2026-05-29 08:16:25.652 | INFO     | models.demos.wormhole.stable_diffusion.tt.ttnn_functional_unet_2d_condition_model_new_conv:__call__:491 - Up block 2
2026-05-29 08:16:25.660 | INFO     | models.demos.wormhole.stable_diffusion.tt.ttnn_functional_unet_2d_condition_model_new_conv:__call__:491 - Up block 3
2026-05-29 08:16:25.680 | INFO     | models.demos.wormhole.stable_diffusion.tt.ttnn_functional_unet_2d_condition_model_new_conv:__call__:406 - Down block 0
2026-05-29 08:16:25.686 | info     |              Op | act_block_h_override 2 is not a valid override for padded_output_height_ntiles_per_core 7, instead 1 was selected as closest valid option! (conv2d_utils.cpp:401)
2026-05-29 08:16:25.686 | INFO     | models.demos.wormhole.stable_diffusion.tt.ttnn_functional_unet_2d_condition_model_new_conv:__call__:406 - Down block 1
2026-05-29 08:16:25.691 | INFO     | models.demos.wormhole.stable_diffusion.tt.ttnn_functional_unet_2d_condition_model_new_conv:__call__:406 - Down block 2
2026-05-29 08:16:25.695 | INFO     | models.demos.wormhole.stable_diffusion.tt.ttnn_functional_unet_2d_condition_model_new_conv:__call__:406 - Down block 3
2026-05-29 08:16:25.695 | INFO     | models.demos.wormhole.stable_diffusion.tt.ttnn_functional_unet_2d_condition_model_new_conv:__call__:460 - Mid block
2026-05-29 08:16:25.696 | warning  |              Op | Mismatch between computed MemoryConfig(memory_layout=TensorMemoryLayout::BLOCK_SHARDED,buffer_type=BufferType::L1,shard_spec=ShardSpec(grid={[(x=0,y=0) - (x=7,y=3)]},shape={32, 160},orientation=ShardOrientation::ROW_MAJOR),nd_shard_spec=NdShardSpec(shard_shape=Shape([32, 160]),grid={[(x=0,y=0) - (x=7,y=3)]},orientation=ShardOrientation::ROW_MAJOR,shard_distribution_strategy=ShardDistributionStrategy::GRID_2D),created_with_nd_shard_spec=0) and provided MemoryConfig(memory_layout=TensorMemoryLayout::BLOCK_SHARDED,buffer_type=BufferType::L1,shard_spec=ShardSpec(grid={[(x=0,y=0) - (x=7,y=7)]},shape={32, 160},orientation=ShardOrientation::ROW_MAJOR),nd_shard_spec=std::nullopt,created_with_nd_shard_spec=0) mem config. Using computed config. (matmul_op.cpp:1674)
2026-05-29 08:16:25.697 | INFO     | models.demos.wormhole.stable_diffusion.tt.ttnn_functional_unet_2d_condition_model_new_conv:__call__:491 - Up block 0
2026-05-29 08:16:25.698 | INFO     | models.demos.wormhole.stable_diffusion.tt.ttnn_functional_unet_2d_condition_model_new_conv:__call__:491 - Up block 1
2026-05-29 08:16:25.703 | INFO     | models.demos.wormhole.stable_diffusion.tt.ttnn_functional_unet_2d_condition_model_new_conv:__call__:491 - Up block 2
2026-05-29 08:16:25.711 | INFO     | models.demos.wormhole.stable_diffusion.tt.ttnn_functional_unet_2d_condition_model_new_conv:__call__:491 - Up block 3
2026-05-29 08:16:25.732 | INFO     | models.demos.wormhole.stable_diffusion.tt.ttnn_functional_unet_2d_condition_model_new_conv:__call__:406 - Down block 0
2026-05-29 08:16:25.738 | info     |              Op | act_block_h_override 2 is not a valid override for padded_output_height_ntiles_per_core 7, instead 1 was selected as closest valid option! (conv2d_utils.cpp:401)
2026-05-29 08:16:25.738 | INFO     | models.demos.wormhole.stable_diffusion.tt.ttnn_functional_unet_2d_condition_model_new_conv:__call__:406 - Down block 1
2026-05-29 08:16:25.743 | INFO     | models.demos.wormhole.stable_diffusion.tt.ttnn_functional_unet_2d_condition_model_new_conv:__call__:406 - Down block 2
2026-05-29 08:16:25.747 | INFO     | models.demos.wormhole.stable_diffusion.tt.ttnn_functional_unet_2d_condition_model_new_conv:__call__:406 - Down block 3
2026-05-29 08:16:25.747 | INFO     | models.demos.wormhole.stable_diffusion.tt.ttnn_functional_unet_2d_condition_model_new_conv:__call__:460 - Mid block
2026-05-29 08:16:25.748 | warning  |              Op | Mismatch between computed MemoryConfig(memory_layout=TensorMemoryLayout::BLOCK_SHARDED,buffer_type=BufferType::L1,shard_spec=ShardSpec(grid={[(x=0,y=0) - (x=7,y=3)]},shape={32, 160},orientation=ShardOrientation::ROW_MAJOR),nd_shard_spec=NdShardSpec(shard_shape=Shape([32, 160]),grid={[(x=0,y=0) - (x=7,y=3)]},orientation=ShardOrientation::ROW_MAJOR,shard_distribution_strategy=ShardDistributionStrategy::GRID_2D),created_with_nd_shard_spec=0) and provided MemoryConfig(memory_layout=TensorMemoryLayout::BLOCK_SHARDED,buffer_type=BufferType::L1,shard_spec=ShardSpec(grid={[(x=0,y=0) - (x=7,y=7)]},shape={32, 160},orientation=ShardOrientation::ROW_MAJOR),nd_shard_spec=std::nullopt,created_with_nd_shard_spec=0) mem config. Using computed config. (matmul_op.cpp:1674)
2026-05-29 08:16:25.749 | INFO     | models.demos.wormhole.stable_diffusion.tt.ttnn_functional_unet_2d_condition_model_new_conv:__call__:491 - Up block 0
2026-05-29 08:16:25.750 | INFO     | models.demos.wormhole.stable_diffusion.tt.ttnn_functional_unet_2d_condition_model_new_conv:__call__:491 - Up block 1
2026-05-29 08:16:25.755 | INFO     | models.demos.wormhole.stable_diffusion.tt.ttnn_functional_unet_2d_condition_model_new_conv:__call__:491 - Up block 2
2026-05-29 08:16:25.764 | INFO     | models.demos.wormhole.stable_diffusion.tt.ttnn_functional_unet_2d_condition_model_new_conv:__call__:491 - Up block 3
  Step 31/41
2026-05-29 08:16:25.787 | INFO     | models.demos.wormhole.stable_diffusion.tt.ttnn_functional_unet_2d_condition_model_new_conv:__call__:406 - Down block 0
2026-05-29 08:16:25.793 | info     |              Op | act_block_h_override 2 is not a valid override for padded_output_height_ntiles_per_core 7, instead 1 was selected as closest valid option! (conv2d_utils.cpp:401)
2026-05-29 08:16:25.793 | INFO     | models.demos.wormhole.stable_diffusion.tt.ttnn_functional_unet_2d_condition_model_new_conv:__call__:406 - Down block 1
2026-05-29 08:16:25.798 | INFO     | models.demos.wormhole.stable_diffusion.tt.ttnn_functional_unet_2d_condition_model_new_conv:__call__:406 - Down block 2
2026-05-29 08:16:25.802 | INFO     | models.demos.wormhole.stable_diffusion.tt.ttnn_functional_unet_2d_condition_model_new_conv:__call__:406 - Down block 3
2026-05-29 08:16:25.802 | INFO     | models.demos.wormhole.stable_diffusion.tt.ttnn_functional_unet_2d_condition_model_new_conv:__call__:460 - Mid block
2026-05-29 08:16:25.803 | warning  |              Op | Mismatch between computed MemoryConfig(memory_layout=TensorMemoryLayout::BLOCK_SHARDED,buffer_type=BufferType::L1,shard_spec=ShardSpec(grid={[(x=0,y=0) - (x=7,y=3)]},shape={32, 160},orientation=ShardOrientation::ROW_MAJOR),nd_shard_spec=NdShardSpec(shard_shape=Shape([32, 160]),grid={[(x=0,y=0) - (x=7,y=3)]},orientation=ShardOrientation::ROW_MAJOR,shard_distribution_strategy=ShardDistributionStrategy::GRID_2D),created_with_nd_shard_spec=0) and provided MemoryConfig(memory_layout=TensorMemoryLayout::BLOCK_SHARDED,buffer_type=BufferType::L1,shard_spec=ShardSpec(grid={[(x=0,y=0) - (x=7,y=7)]},shape={32, 160},orientation=ShardOrientation::ROW_MAJOR),nd_shard_spec=std::nullopt,created_with_nd_shard_spec=0) mem config. Using computed config. (matmul_op.cpp:1674)
2026-05-29 08:16:25.804 | INFO     | models.demos.wormhole.stable_diffusion.tt.ttnn_functional_unet_2d_condition_model_new_conv:__call__:491 - Up block 0
2026-05-29 08:16:25.806 | INFO     | models.demos.wormhole.stable_diffusion.tt.ttnn_functional_unet_2d_condition_model_new_conv:__call__:491 - Up block 1
2026-05-29 08:16:25.810 | INFO     | models.demos.wormhole.stable_diffusion.tt.ttnn_functional_unet_2d_condition_model_new_conv:__call__:491 - Up block 2
2026-05-29 08:16:25.818 | INFO     | models.demos.wormhole.stable_diffusion.tt.ttnn_functional_unet_2d_condition_model_new_conv:__call__:491 - Up block 3
2026-05-29 08:16:25.839 | INFO     | models.demos.wormhole.stable_diffusion.tt.ttnn_functional_unet_2d_condition_model_new_conv:__call__:406 - Down block 0
2026-05-29 08:16:25.845 | info     |              Op | act_block_h_override 2 is not a valid override for padded_output_height_ntiles_per_core 7, instead 1 was selected as closest valid option! (conv2d_utils.cpp:401)
2026-05-29 08:16:25.845 | INFO     | models.demos.wormhole.stable_diffusion.tt.ttnn_functional_unet_2d_condition_model_new_conv:__call__:406 - Down block 1
2026-05-29 08:16:25.851 | INFO     | models.demos.wormhole.stable_diffusion.tt.ttnn_functional_unet_2d_condition_model_new_conv:__call__:406 - Down block 2
2026-05-29 08:16:25.854 | INFO     | models.demos.wormhole.stable_diffusion.tt.ttnn_functional_unet_2d_condition_model_new_conv:__call__:406 - Down block 3
2026-05-29 08:16:25.855 | INFO     | models.demos.wormhole.stable_diffusion.tt.ttnn_functional_unet_2d_condition_model_new_conv:__call__:460 - Mid block
2026-05-29 08:16:25.855 | warning  |              Op | Mismatch between computed MemoryConfig(memory_layout=TensorMemoryLayout::BLOCK_SHARDED,buffer_type=BufferType::L1,shard_spec=ShardSpec(grid={[(x=0,y=0) - (x=7,y=3)]},shape={32, 160},orientation=ShardOrientation::ROW_MAJOR),nd_shard_spec=NdShardSpec(shard_shape=Shape([32, 160]),grid={[(x=0,y=0) - (x=7,y=3)]},orientation=ShardOrientation::ROW_MAJOR,shard_distribution_strategy=ShardDistributionStrategy::GRID_2D),created_with_nd_shard_spec=0) and provided MemoryConfig(memory_layout=TensorMemoryLayout::BLOCK_SHARDED,buffer_type=BufferType::L1,shard_spec=ShardSpec(grid={[(x=0,y=0) - (x=7,y=7)]},shape={32, 160},orientation=ShardOrientation::ROW_MAJOR),nd_shard_spec=std::nullopt,created_with_nd_shard_spec=0) mem config. Using computed config. (matmul_op.cpp:1674)
2026-05-29 08:16:25.857 | INFO     | models.demos.wormhole.stable_diffusion.tt.ttnn_functional_unet_2d_condition_model_new_conv:__call__:491 - Up block 0
2026-05-29 08:16:25.858 | INFO     | models.demos.wormhole.stable_diffusion.tt.ttnn_functional_unet_2d_condition_model_new_conv:__call__:491 - Up block 1
2026-05-29 08:16:25.863 | INFO     | models.demos.wormhole.stable_diffusion.tt.ttnn_functional_unet_2d_condition_model_new_conv:__call__:491 - Up block 2
2026-05-29 08:16:25.871 | INFO     | models.demos.wormhole.stable_diffusion.tt.ttnn_functional_unet_2d_condition_model_new_conv:__call__:491 - Up block 3
2026-05-29 08:16:25.891 | INFO     | models.demos.wormhole.stable_diffusion.tt.ttnn_functional_unet_2d_condition_model_new_conv:__call__:406 - Down block 0
2026-05-29 08:16:25.896 | info     |              Op | act_block_h_override 2 is not a valid override for padded_output_height_ntiles_per_core 7, instead 1 was selected as closest valid option! (conv2d_utils.cpp:401)
2026-05-29 08:16:25.897 | INFO     | models.demos.wormhole.stable_diffusion.tt.ttnn_functional_unet_2d_condition_model_new_conv:__call__:406 - Down block 1
2026-05-29 08:16:25.902 | INFO     | models.demos.wormhole.stable_diffusion.tt.ttnn_functional_unet_2d_condition_model_new_conv:__call__:406 - Down block 2
2026-05-29 08:16:25.905 | INFO     | models.demos.wormhole.stable_diffusion.tt.ttnn_functional_unet_2d_condition_model_new_conv:__call__:406 - Down block 3
2026-05-29 08:16:25.906 | INFO     | models.demos.wormhole.stable_diffusion.tt.ttnn_functional_unet_2d_condition_model_new_conv:__call__:460 - Mid block
2026-05-29 08:16:25.906 | warning  |              Op | Mismatch between computed MemoryConfig(memory_layout=TensorMemoryLayout::BLOCK_SHARDED,buffer_type=BufferType::L1,shard_spec=ShardSpec(grid={[(x=0,y=0) - (x=7,y=3)]},shape={32, 160},orientation=ShardOrientation::ROW_MAJOR),nd_shard_spec=NdShardSpec(shard_shape=Shape([32, 160]),grid={[(x=0,y=0) - (x=7,y=3)]},orientation=ShardOrientation::ROW_MAJOR,shard_distribution_strategy=ShardDistributionStrategy::GRID_2D),created_with_nd_shard_spec=0) and provided MemoryConfig(memory_layout=TensorMemoryLayout::BLOCK_SHARDED,buffer_type=BufferType::L1,shard_spec=ShardSpec(grid={[(x=0,y=0) - (x=7,y=7)]},shape={32, 160},orientation=ShardOrientation::ROW_MAJOR),nd_shard_spec=std::nullopt,created_with_nd_shard_spec=0) mem config. Using computed config. (matmul_op.cpp:1674)
2026-05-29 08:16:25.908 | INFO     | models.demos.wormhole.stable_diffusion.tt.ttnn_functional_unet_2d_condition_model_new_conv:__call__:491 - Up block 0
2026-05-29 08:16:25.909 | INFO     | models.demos.wormhole.stable_diffusion.tt.ttnn_functional_unet_2d_condition_model_new_conv:__call__:491 - Up block 1
2026-05-29 08:16:25.914 | INFO     | models.demos.wormhole.stable_diffusion.tt.ttnn_functional_unet_2d_condition_model_new_conv:__call__:491 - Up block 2
2026-05-29 08:16:25.922 | INFO     | models.demos.wormhole.stable_diffusion.tt.ttnn_functional_unet_2d_condition_model_new_conv:__call__:491 - Up block 3
2026-05-29 08:16:25.943 | INFO     | models.demos.wormhole.stable_diffusion.tt.ttnn_functional_unet_2d_condition_model_new_conv:__call__:406 - Down block 0
2026-05-29 08:16:25.948 | info     |              Op | act_block_h_override 2 is not a valid override for padded_output_height_ntiles_per_core 7, instead 1 was selected as closest valid option! (conv2d_utils.cpp:401)
2026-05-29 08:16:25.948 | INFO     | models.demos.wormhole.stable_diffusion.tt.ttnn_functional_unet_2d_condition_model_new_conv:__call__:406 - Down block 1
2026-05-29 08:16:25.954 | INFO     | models.demos.wormhole.stable_diffusion.tt.ttnn_functional_unet_2d_condition_model_new_conv:__call__:406 - Down block 2
2026-05-29 08:16:25.957 | INFO     | models.demos.wormhole.stable_diffusion.tt.ttnn_functional_unet_2d_condition_model_new_conv:__call__:406 - Down block 3
2026-05-29 08:16:25.958 | INFO     | models.demos.wormhole.stable_diffusion.tt.ttnn_functional_unet_2d_condition_model_new_conv:__call__:460 - Mid block
2026-05-29 08:16:25.958 | warning  |              Op | Mismatch between computed MemoryConfig(memory_layout=TensorMemoryLayout::BLOCK_SHARDED,buffer_type=BufferType::L1,shard_spec=ShardSpec(grid={[(x=0,y=0) - (x=7,y=3)]},shape={32, 160},orientation=ShardOrientation::ROW_MAJOR),nd_shard_spec=NdShardSpec(shard_shape=Shape([32, 160]),grid={[(x=0,y=0) - (x=7,y=3)]},orientation=ShardOrientation::ROW_MAJOR,shard_distribution_strategy=ShardDistributionStrategy::GRID_2D),created_with_nd_shard_spec=0) and provided MemoryConfig(memory_layout=TensorMemoryLayout::BLOCK_SHARDED,buffer_type=BufferType::L1,shard_spec=ShardSpec(grid={[(x=0,y=0) - (x=7,y=7)]},shape={32, 160},orientation=ShardOrientation::ROW_MAJOR),nd_shard_spec=std::nullopt,created_with_nd_shard_spec=0) mem config. Using computed config. (matmul_op.cpp:1674)
2026-05-29 08:16:25.959 | INFO     | models.demos.wormhole.stable_diffusion.tt.ttnn_functional_unet_2d_condition_model_new_conv:__call__:491 - Up block 0
2026-05-29 08:16:25.961 | INFO     | models.demos.wormhole.stable_diffusion.tt.ttnn_functional_unet_2d_condition_model_new_conv:__call__:491 - Up block 1
2026-05-29 08:16:25.965 | INFO     | models.demos.wormhole.stable_diffusion.tt.ttnn_functional_unet_2d_condition_model_new_conv:__call__:491 - Up block 2
2026-05-29 08:16:25.973 | INFO     | models.demos.wormhole.stable_diffusion.tt.ttnn_functional_unet_2d_condition_model_new_conv:__call__:491 - Up block 3
2026-05-29 08:16:25.995 | INFO     | models.demos.wormhole.stable_diffusion.tt.ttnn_functional_unet_2d_condition_model_new_conv:__call__:406 - Down block 0
2026-05-29 08:16:26.001 | info     |              Op | act_block_h_override 2 is not a valid override for padded_output_height_ntiles_per_core 7, instead 1 was selected as closest valid option! (conv2d_utils.cpp:401)
2026-05-29 08:16:26.001 | INFO     | models.demos.wormhole.stable_diffusion.tt.ttnn_functional_unet_2d_condition_model_new_conv:__call__:406 - Down block 1
2026-05-29 08:16:26.007 | INFO     | models.demos.wormhole.stable_diffusion.tt.ttnn_functional_unet_2d_condition_model_new_conv:__call__:406 - Down block 2
2026-05-29 08:16:26.010 | INFO     | models.demos.wormhole.stable_diffusion.tt.ttnn_functional_unet_2d_condition_model_new_conv:__call__:406 - Down block 3
2026-05-29 08:16:26.011 | INFO     | models.demos.wormhole.stable_diffusion.tt.ttnn_functional_unet_2d_condition_model_new_conv:__call__:460 - Mid block
2026-05-29 08:16:26.012 | warning  |              Op | Mismatch between computed MemoryConfig(memory_layout=TensorMemoryLayout::BLOCK_SHARDED,buffer_type=BufferType::L1,shard_spec=ShardSpec(grid={[(x=0,y=0) - (x=7,y=3)]},shape={32, 160},orientation=ShardOrientation::ROW_MAJOR),nd_shard_spec=NdShardSpec(shard_shape=Shape([32, 160]),grid={[(x=0,y=0) - (x=7,y=3)]},orientation=ShardOrientation::ROW_MAJOR,shard_distribution_strategy=ShardDistributionStrategy::GRID_2D),created_with_nd_shard_spec=0) and provided MemoryConfig(memory_layout=TensorMemoryLayout::BLOCK_SHARDED,buffer_type=BufferType::L1,shard_spec=ShardSpec(grid={[(x=0,y=0) - (x=7,y=7)]},shape={32, 160},orientation=ShardOrientation::ROW_MAJOR),nd_shard_spec=std::nullopt,created_with_nd_shard_spec=0) mem config. Using computed config. (matmul_op.cpp:1674)
2026-05-29 08:16:26.013 | INFO     | models.demos.wormhole.stable_diffusion.tt.ttnn_functional_unet_2d_condition_model_new_conv:__call__:491 - Up block 0
2026-05-29 08:16:26.014 | INFO     | models.demos.wormhole.stable_diffusion.tt.ttnn_functional_unet_2d_condition_model_new_conv:__call__:491 - Up block 1
2026-05-29 08:16:26.019 | INFO     | models.demos.wormhole.stable_diffusion.tt.ttnn_functional_unet_2d_condition_model_new_conv:__call__:491 - Up block 2
2026-05-29 08:16:26.027 | INFO     | models.demos.wormhole.stable_diffusion.tt.ttnn_functional_unet_2d_condition_model_new_conv:__call__:491 - Up block 3
2026-05-29 08:16:26.047 | INFO     | models.demos.wormhole.stable_diffusion.tt.ttnn_functional_unet_2d_condition_model_new_conv:__call__:406 - Down block 0
2026-05-29 08:16:26.053 | info     |              Op | act_block_h_override 2 is not a valid override for padded_output_height_ntiles_per_core 7, instead 1 was selected as closest valid option! (conv2d_utils.cpp:401)
2026-05-29 08:16:26.053 | INFO     | models.demos.wormhole.stable_diffusion.tt.ttnn_functional_unet_2d_condition_model_new_conv:__call__:406 - Down block 1
2026-05-29 08:16:26.059 | INFO     | models.demos.wormhole.stable_diffusion.tt.ttnn_functional_unet_2d_condition_model_new_conv:__call__:406 - Down block 2
2026-05-29 08:16:26.062 | INFO     | models.demos.wormhole.stable_diffusion.tt.ttnn_functional_unet_2d_condition_model_new_conv:__call__:406 - Down block 3
2026-05-29 08:16:26.063 | INFO     | models.demos.wormhole.stable_diffusion.tt.ttnn_functional_unet_2d_condition_model_new_conv:__call__:460 - Mid block
2026-05-29 08:16:26.063 | warning  |              Op | Mismatch between computed MemoryConfig(memory_layout=TensorMemoryLayout::BLOCK_SHARDED,buffer_type=BufferType::L1,shard_spec=ShardSpec(grid={[(x=0,y=0) - (x=7,y=3)]},shape={32, 160},orientation=ShardOrientation::ROW_MAJOR),nd_shard_spec=NdShardSpec(shard_shape=Shape([32, 160]),grid={[(x=0,y=0) - (x=7,y=3)]},orientation=ShardOrientation::ROW_MAJOR,shard_distribution_strategy=ShardDistributionStrategy::GRID_2D),created_with_nd_shard_spec=0) and provided MemoryConfig(memory_layout=TensorMemoryLayout::BLOCK_SHARDED,buffer_type=BufferType::L1,shard_spec=ShardSpec(grid={[(x=0,y=0) - (x=7,y=7)]},shape={32, 160},orientation=ShardOrientation::ROW_MAJOR),nd_shard_spec=std::nullopt,created_with_nd_shard_spec=0) mem config. Using computed config. (matmul_op.cpp:1674)
2026-05-29 08:16:26.064 | INFO     | models.demos.wormhole.stable_diffusion.tt.ttnn_functional_unet_2d_condition_model_new_conv:__call__:491 - Up block 0
2026-05-29 08:16:26.066 | INFO     | models.demos.wormhole.stable_diffusion.tt.ttnn_functional_unet_2d_condition_model_new_conv:__call__:491 - Up block 1
2026-05-29 08:16:26.071 | INFO     | models.demos.wormhole.stable_diffusion.tt.ttnn_functional_unet_2d_condition_model_new_conv:__call__:491 - Up block 2
2026-05-29 08:16:26.078 | INFO     | models.demos.wormhole.stable_diffusion.tt.ttnn_functional_unet_2d_condition_model_new_conv:__call__:491 - Up block 3
2026-05-29 08:16:26.099 | INFO     | models.demos.wormhole.stable_diffusion.tt.ttnn_functional_unet_2d_condition_model_new_conv:__call__:406 - Down block 0
2026-05-29 08:16:26.105 | info     |              Op | act_block_h_override 2 is not a valid override for padded_output_height_ntiles_per_core 7, instead 1 was selected as closest valid option! (conv2d_utils.cpp:401)
2026-05-29 08:16:26.105 | INFO     | models.demos.wormhole.stable_diffusion.tt.ttnn_functional_unet_2d_condition_model_new_conv:__call__:406 - Down block 1
2026-05-29 08:16:26.110 | INFO     | models.demos.wormhole.stable_diffusion.tt.ttnn_functional_unet_2d_condition_model_new_conv:__call__:406 - Down block 2
2026-05-29 08:16:26.114 | INFO     | models.demos.wormhole.stable_diffusion.tt.ttnn_functional_unet_2d_condition_model_new_conv:__call__:406 - Down block 3
2026-05-29 08:16:26.114 | INFO     | models.demos.wormhole.stable_diffusion.tt.ttnn_functional_unet_2d_condition_model_new_conv:__call__:460 - Mid block
2026-05-29 08:16:26.115 | warning  |              Op | Mismatch between computed MemoryConfig(memory_layout=TensorMemoryLayout::BLOCK_SHARDED,buffer_type=BufferType::L1,shard_spec=ShardSpec(grid={[(x=0,y=0) - (x=7,y=3)]},shape={32, 160},orientation=ShardOrientation::ROW_MAJOR),nd_shard_spec=NdShardSpec(shard_shape=Shape([32, 160]),grid={[(x=0,y=0) - (x=7,y=3)]},orientation=ShardOrientation::ROW_MAJOR,shard_distribution_strategy=ShardDistributionStrategy::GRID_2D),created_with_nd_shard_spec=0) and provided MemoryConfig(memory_layout=TensorMemoryLayout::BLOCK_SHARDED,buffer_type=BufferType::L1,shard_spec=ShardSpec(grid={[(x=0,y=0) - (x=7,y=7)]},shape={32, 160},orientation=ShardOrientation::ROW_MAJOR),nd_shard_spec=std::nullopt,created_with_nd_shard_spec=0) mem config. Using computed config. (matmul_op.cpp:1674)
2026-05-29 08:16:26.116 | INFO     | models.demos.wormhole.stable_diffusion.tt.ttnn_functional_unet_2d_condition_model_new_conv:__call__:491 - Up block 0
2026-05-29 08:16:26.117 | INFO     | models.demos.wormhole.stable_diffusion.tt.ttnn_functional_unet_2d_condition_model_new_conv:__call__:491 - Up block 1
2026-05-29 08:16:26.122 | INFO     | models.demos.wormhole.stable_diffusion.tt.ttnn_functional_unet_2d_condition_model_new_conv:__call__:491 - Up block 2
2026-05-29 08:16:26.130 | INFO     | models.demos.wormhole.stable_diffusion.tt.ttnn_functional_unet_2d_condition_model_new_conv:__call__:491 - Up block 3
2026-05-29 08:16:26.151 | INFO     | models.demos.wormhole.stable_diffusion.tt.ttnn_functional_unet_2d_condition_model_new_conv:__call__:406 - Down block 0
2026-05-29 08:16:26.157 | info     |              Op | act_block_h_override 2 is not a valid override for padded_output_height_ntiles_per_core 7, instead 1 was selected as closest valid option! (conv2d_utils.cpp:401)
2026-05-29 08:16:26.157 | INFO     | models.demos.wormhole.stable_diffusion.tt.ttnn_functional_unet_2d_condition_model_new_conv:__call__:406 - Down block 1
2026-05-29 08:16:26.162 | INFO     | models.demos.wormhole.stable_diffusion.tt.ttnn_functional_unet_2d_condition_model_new_conv:__call__:406 - Down block 2
2026-05-29 08:16:26.165 | INFO     | models.demos.wormhole.stable_diffusion.tt.ttnn_functional_unet_2d_condition_model_new_conv:__call__:406 - Down block 3
2026-05-29 08:16:26.166 | INFO     | models.demos.wormhole.stable_diffusion.tt.ttnn_functional_unet_2d_condition_model_new_conv:__call__:460 - Mid block
2026-05-29 08:16:26.167 | warning  |              Op | Mismatch between computed MemoryConfig(memory_layout=TensorMemoryLayout::BLOCK_SHARDED,buffer_type=BufferType::L1,shard_spec=ShardSpec(grid={[(x=0,y=0) - (x=7,y=3)]},shape={32, 160},orientation=ShardOrientation::ROW_MAJOR),nd_shard_spec=NdShardSpec(shard_shape=Shape([32, 160]),grid={[(x=0,y=0) - (x=7,y=3)]},orientation=ShardOrientation::ROW_MAJOR,shard_distribution_strategy=ShardDistributionStrategy::GRID_2D),created_with_nd_shard_spec=0) and provided MemoryConfig(memory_layout=TensorMemoryLayout::BLOCK_SHARDED,buffer_type=BufferType::L1,shard_spec=ShardSpec(grid={[(x=0,y=0) - (x=7,y=7)]},shape={32, 160},orientation=ShardOrientation::ROW_MAJOR),nd_shard_spec=std::nullopt,created_with_nd_shard_spec=0) mem config. Using computed config. (matmul_op.cpp:1674)
2026-05-29 08:16:26.168 | INFO     | models.demos.wormhole.stable_diffusion.tt.ttnn_functional_unet_2d_condition_model_new_conv:__call__:491 - Up block 0
2026-05-29 08:16:26.169 | INFO     | models.demos.wormhole.stable_diffusion.tt.ttnn_functional_unet_2d_condition_model_new_conv:__call__:491 - Up block 1
2026-05-29 08:16:26.174 | INFO     | models.demos.wormhole.stable_diffusion.tt.ttnn_functional_unet_2d_condition_model_new_conv:__call__:491 - Up block 2
2026-05-29 08:16:26.182 | INFO     | models.demos.wormhole.stable_diffusion.tt.ttnn_functional_unet_2d_condition_model_new_conv:__call__:491 - Up block 3
  Step 32/41
2026-05-29 08:16:26.206 | INFO     | models.demos.wormhole.stable_diffusion.tt.ttnn_functional_unet_2d_condition_model_new_conv:__call__:406 - Down block 0
2026-05-29 08:16:26.211 | info     |              Op | act_block_h_override 2 is not a valid override for padded_output_height_ntiles_per_core 7, instead 1 was selected as closest valid option! (conv2d_utils.cpp:401)
2026-05-29 08:16:26.211 | INFO     | models.demos.wormhole.stable_diffusion.tt.ttnn_functional_unet_2d_condition_model_new_conv:__call__:406 - Down block 1
2026-05-29 08:16:26.217 | INFO     | models.demos.wormhole.stable_diffusion.tt.ttnn_functional_unet_2d_condition_model_new_conv:__call__:406 - Down block 2
2026-05-29 08:16:26.221 | INFO     | models.demos.wormhole.stable_diffusion.tt.ttnn_functional_unet_2d_condition_model_new_conv:__call__:406 - Down block 3
2026-05-29 08:16:26.221 | INFO     | models.demos.wormhole.stable_diffusion.tt.ttnn_functional_unet_2d_condition_model_new_conv:__call__:460 - Mid block
2026-05-29 08:16:26.222 | warning  |              Op | Mismatch between computed MemoryConfig(memory_layout=TensorMemoryLayout::BLOCK_SHARDED,buffer_type=BufferType::L1,shard_spec=ShardSpec(grid={[(x=0,y=0) - (x=7,y=3)]},shape={32, 160},orientation=ShardOrientation::ROW_MAJOR),nd_shard_spec=NdShardSpec(shard_shape=Shape([32, 160]),grid={[(x=0,y=0) - (x=7,y=3)]},orientation=ShardOrientation::ROW_MAJOR,shard_distribution_strategy=ShardDistributionStrategy::GRID_2D),created_with_nd_shard_spec=0) and provided MemoryConfig(memory_layout=TensorMemoryLayout::BLOCK_SHARDED,buffer_type=BufferType::L1,shard_spec=ShardSpec(grid={[(x=0,y=0) - (x=7,y=7)]},shape={32, 160},orientation=ShardOrientation::ROW_MAJOR),nd_shard_spec=std::nullopt,created_with_nd_shard_spec=0) mem config. Using computed config. (matmul_op.cpp:1674)
2026-05-29 08:16:26.223 | INFO     | models.demos.wormhole.stable_diffusion.tt.ttnn_functional_unet_2d_condition_model_new_conv:__call__:491 - Up block 0
2026-05-29 08:16:26.224 | INFO     | models.demos.wormhole.stable_diffusion.tt.ttnn_functional_unet_2d_condition_model_new_conv:__call__:491 - Up block 1
2026-05-29 08:16:26.229 | INFO     | models.demos.wormhole.stable_diffusion.tt.ttnn_functional_unet_2d_condition_model_new_conv:__call__:491 - Up block 2
2026-05-29 08:16:26.237 | INFO     | models.demos.wormhole.stable_diffusion.tt.ttnn_functional_unet_2d_condition_model_new_conv:__call__:491 - Up block 3
2026-05-29 08:16:26.257 | INFO     | models.demos.wormhole.stable_diffusion.tt.ttnn_functional_unet_2d_condition_model_new_conv:__call__:406 - Down block 0
2026-05-29 08:16:26.263 | info     |              Op | act_block_h_override 2 is not a valid override for padded_output_height_ntiles_per_core 7, instead 1 was selected as closest valid option! (conv2d_utils.cpp:401)
2026-05-29 08:16:26.263 | INFO     | models.demos.wormhole.stable_diffusion.tt.ttnn_functional_unet_2d_condition_model_new_conv:__call__:406 - Down block 1
2026-05-29 08:16:26.269 | INFO     | models.demos.wormhole.stable_diffusion.tt.ttnn_functional_unet_2d_condition_model_new_conv:__call__:406 - Down block 2
2026-05-29 08:16:26.272 | INFO     | models.demos.wormhole.stable_diffusion.tt.ttnn_functional_unet_2d_condition_model_new_conv:__call__:406 - Down block 3
2026-05-29 08:16:26.273 | INFO     | models.demos.wormhole.stable_diffusion.tt.ttnn_functional_unet_2d_condition_model_new_conv:__call__:460 - Mid block
2026-05-29 08:16:26.273 | warning  |              Op | Mismatch between computed MemoryConfig(memory_layout=TensorMemoryLayout::BLOCK_SHARDED,buffer_type=BufferType::L1,shard_spec=ShardSpec(grid={[(x=0,y=0) - (x=7,y=3)]},shape={32, 160},orientation=ShardOrientation::ROW_MAJOR),nd_shard_spec=NdShardSpec(shard_shape=Shape([32, 160]),grid={[(x=0,y=0) - (x=7,y=3)]},orientation=ShardOrientation::ROW_MAJOR,shard_distribution_strategy=ShardDistributionStrategy::GRID_2D),created_with_nd_shard_spec=0) and provided MemoryConfig(memory_layout=TensorMemoryLayout::BLOCK_SHARDED,buffer_type=BufferType::L1,shard_spec=ShardSpec(grid={[(x=0,y=0) - (x=7,y=7)]},shape={32, 160},orientation=ShardOrientation::ROW_MAJOR),nd_shard_spec=std::nullopt,created_with_nd_shard_spec=0) mem config. Using computed config. (matmul_op.cpp:1674)
2026-05-29 08:16:26.275 | INFO     | models.demos.wormhole.stable_diffusion.tt.ttnn_functional_unet_2d_condition_model_new_conv:__call__:491 - Up block 0
2026-05-29 08:16:26.276 | INFO     | models.demos.wormhole.stable_diffusion.tt.ttnn_functional_unet_2d_condition_model_new_conv:__call__:491 - Up block 1
2026-05-29 08:16:26.281 | INFO     | models.demos.wormhole.stable_diffusion.tt.ttnn_functional_unet_2d_condition_model_new_conv:__call__:491 - Up block 2
2026-05-29 08:16:26.289 | INFO     | models.demos.wormhole.stable_diffusion.tt.ttnn_functional_unet_2d_condition_model_new_conv:__call__:491 - Up block 3
2026-05-29 08:16:26.309 | INFO     | models.demos.wormhole.stable_diffusion.tt.ttnn_functional_unet_2d_condition_model_new_conv:__call__:406 - Down block 0
2026-05-29 08:16:26.315 | info     |              Op | act_block_h_override 2 is not a valid override for padded_output_height_ntiles_per_core 7, instead 1 was selected as closest valid option! (conv2d_utils.cpp:401)
2026-05-29 08:16:26.315 | INFO     | models.demos.wormhole.stable_diffusion.tt.ttnn_functional_unet_2d_condition_model_new_conv:__call__:406 - Down block 1
2026-05-29 08:16:26.320 | INFO     | models.demos.wormhole.stable_diffusion.tt.ttnn_functional_unet_2d_condition_model_new_conv:__call__:406 - Down block 2
2026-05-29 08:16:26.324 | INFO     | models.demos.wormhole.stable_diffusion.tt.ttnn_functional_unet_2d_condition_model_new_conv:__call__:406 - Down block 3
2026-05-29 08:16:26.324 | INFO     | models.demos.wormhole.stable_diffusion.tt.ttnn_functional_unet_2d_condition_model_new_conv:__call__:460 - Mid block
2026-05-29 08:16:26.325 | warning  |              Op | Mismatch between computed MemoryConfig(memory_layout=TensorMemoryLayout::BLOCK_SHARDED,buffer_type=BufferType::L1,shard_spec=ShardSpec(grid={[(x=0,y=0) - (x=7,y=3)]},shape={32, 160},orientation=ShardOrientation::ROW_MAJOR),nd_shard_spec=NdShardSpec(shard_shape=Shape([32, 160]),grid={[(x=0,y=0) - (x=7,y=3)]},orientation=ShardOrientation::ROW_MAJOR,shard_distribution_strategy=ShardDistributionStrategy::GRID_2D),created_with_nd_shard_spec=0) and provided MemoryConfig(memory_layout=TensorMemoryLayout::BLOCK_SHARDED,buffer_type=BufferType::L1,shard_spec=ShardSpec(grid={[(x=0,y=0) - (x=7,y=7)]},shape={32, 160},orientation=ShardOrientation::ROW_MAJOR),nd_shard_spec=std::nullopt,created_with_nd_shard_spec=0) mem config. Using computed config. (matmul_op.cpp:1674)
2026-05-29 08:16:26.326 | INFO     | models.demos.wormhole.stable_diffusion.tt.ttnn_functional_unet_2d_condition_model_new_conv:__call__:491 - Up block 0
2026-05-29 08:16:26.327 | INFO     | models.demos.wormhole.stable_diffusion.tt.ttnn_functional_unet_2d_condition_model_new_conv:__call__:491 - Up block 1
2026-05-29 08:16:26.332 | INFO     | models.demos.wormhole.stable_diffusion.tt.ttnn_functional_unet_2d_condition_model_new_conv:__call__:491 - Up block 2
2026-05-29 08:16:26.340 | INFO     | models.demos.wormhole.stable_diffusion.tt.ttnn_functional_unet_2d_condition_model_new_conv:__call__:491 - Up block 3
2026-05-29 08:16:26.361 | INFO     | models.demos.wormhole.stable_diffusion.tt.ttnn_functional_unet_2d_condition_model_new_conv:__call__:406 - Down block 0
2026-05-29 08:16:26.367 | info     |              Op | act_block_h_override 2 is not a valid override for padded_output_height_ntiles_per_core 7, instead 1 was selected as closest valid option! (conv2d_utils.cpp:401)
2026-05-29 08:16:26.367 | INFO     | models.demos.wormhole.stable_diffusion.tt.ttnn_functional_unet_2d_condition_model_new_conv:__call__:406 - Down block 1
2026-05-29 08:16:26.372 | INFO     | models.demos.wormhole.stable_diffusion.tt.ttnn_functional_unet_2d_condition_model_new_conv:__call__:406 - Down block 2
2026-05-29 08:16:26.376 | INFO     | models.demos.wormhole.stable_diffusion.tt.ttnn_functional_unet_2d_condition_model_new_conv:__call__:406 - Down block 3
2026-05-29 08:16:26.376 | INFO     | models.demos.wormhole.stable_diffusion.tt.ttnn_functional_unet_2d_condition_model_new_conv:__call__:460 - Mid block
2026-05-29 08:16:26.377 | warning  |              Op | Mismatch between computed MemoryConfig(memory_layout=TensorMemoryLayout::BLOCK_SHARDED,buffer_type=BufferType::L1,shard_spec=ShardSpec(grid={[(x=0,y=0) - (x=7,y=3)]},shape={32, 160},orientation=ShardOrientation::ROW_MAJOR),nd_shard_spec=NdShardSpec(shard_shape=Shape([32, 160]),grid={[(x=0,y=0) - (x=7,y=3)]},orientation=ShardOrientation::ROW_MAJOR,shard_distribution_strategy=ShardDistributionStrategy::GRID_2D),created_with_nd_shard_spec=0) and provided MemoryConfig(memory_layout=TensorMemoryLayout::BLOCK_SHARDED,buffer_type=BufferType::L1,shard_spec=ShardSpec(grid={[(x=0,y=0) - (x=7,y=7)]},shape={32, 160},orientation=ShardOrientation::ROW_MAJOR),nd_shard_spec=std::nullopt,created_with_nd_shard_spec=0) mem config. Using computed config. (matmul_op.cpp:1674)
2026-05-29 08:16:26.378 | INFO     | models.demos.wormhole.stable_diffusion.tt.ttnn_functional_unet_2d_condition_model_new_conv:__call__:491 - Up block 0
2026-05-29 08:16:26.379 | INFO     | models.demos.wormhole.stable_diffusion.tt.ttnn_functional_unet_2d_condition_model_new_conv:__call__:491 - Up block 1
2026-05-29 08:16:26.384 | INFO     | models.demos.wormhole.stable_diffusion.tt.ttnn_functional_unet_2d_condition_model_new_conv:__call__:491 - Up block 2
2026-05-29 08:16:26.392 | INFO     | models.demos.wormhole.stable_diffusion.tt.ttnn_functional_unet_2d_condition_model_new_conv:__call__:491 - Up block 3
2026-05-29 08:16:26.413 | INFO     | models.demos.wormhole.stable_diffusion.tt.ttnn_functional_unet_2d_condition_model_new_conv:__call__:406 - Down block 0
2026-05-29 08:16:26.418 | info     |              Op | act_block_h_override 2 is not a valid override for padded_output_height_ntiles_per_core 7, instead 1 was selected as closest valid option! (conv2d_utils.cpp:401)
2026-05-29 08:16:26.419 | INFO     | models.demos.wormhole.stable_diffusion.tt.ttnn_functional_unet_2d_condition_model_new_conv:__call__:406 - Down block 1
2026-05-29 08:16:26.424 | INFO     | models.demos.wormhole.stable_diffusion.tt.ttnn_functional_unet_2d_condition_model_new_conv:__call__:406 - Down block 2
2026-05-29 08:16:26.427 | INFO     | models.demos.wormhole.stable_diffusion.tt.ttnn_functional_unet_2d_condition_model_new_conv:__call__:406 - Down block 3
2026-05-29 08:16:26.428 | INFO     | models.demos.wormhole.stable_diffusion.tt.ttnn_functional_unet_2d_condition_model_new_conv:__call__:460 - Mid block
2026-05-29 08:16:26.428 | warning  |              Op | Mismatch between computed MemoryConfig(memory_layout=TensorMemoryLayout::BLOCK_SHARDED,buffer_type=BufferType::L1,shard_spec=ShardSpec(grid={[(x=0,y=0) - (x=7,y=3)]},shape={32, 160},orientation=ShardOrientation::ROW_MAJOR),nd_shard_spec=NdShardSpec(shard_shape=Shape([32, 160]),grid={[(x=0,y=0) - (x=7,y=3)]},orientation=ShardOrientation::ROW_MAJOR,shard_distribution_strategy=ShardDistributionStrategy::GRID_2D),created_with_nd_shard_spec=0) and provided MemoryConfig(memory_layout=TensorMemoryLayout::BLOCK_SHARDED,buffer_type=BufferType::L1,shard_spec=ShardSpec(grid={[(x=0,y=0) - (x=7,y=7)]},shape={32, 160},orientation=ShardOrientation::ROW_MAJOR),nd_shard_spec=std::nullopt,created_with_nd_shard_spec=0) mem config. Using computed config. (matmul_op.cpp:1674)
2026-05-29 08:16:26.430 | INFO     | models.demos.wormhole.stable_diffusion.tt.ttnn_functional_unet_2d_condition_model_new_conv:__call__:491 - Up block 0
2026-05-29 08:16:26.431 | INFO     | models.demos.wormhole.stable_diffusion.tt.ttnn_functional_unet_2d_condition_model_new_conv:__call__:491 - Up block 1
2026-05-29 08:16:26.435 | INFO     | models.demos.wormhole.stable_diffusion.tt.ttnn_functional_unet_2d_condition_model_new_conv:__call__:491 - Up block 2
2026-05-29 08:16:26.443 | INFO     | models.demos.wormhole.stable_diffusion.tt.ttnn_functional_unet_2d_condition_model_new_conv:__call__:491 - Up block 3
2026-05-29 08:16:26.465 | INFO     | models.demos.wormhole.stable_diffusion.tt.ttnn_functional_unet_2d_condition_model_new_conv:__call__:406 - Down block 0
2026-05-29 08:16:26.470 | info     |              Op | act_block_h_override 2 is not a valid override for padded_output_height_ntiles_per_core 7, instead 1 was selected as closest valid option! (conv2d_utils.cpp:401)
2026-05-29 08:16:26.470 | INFO     | models.demos.wormhole.stable_diffusion.tt.ttnn_functional_unet_2d_condition_model_new_conv:__call__:406 - Down block 1
2026-05-29 08:16:26.476 | INFO     | models.demos.wormhole.stable_diffusion.tt.ttnn_functional_unet_2d_condition_model_new_conv:__call__:406 - Down block 2
2026-05-29 08:16:26.479 | INFO     | models.demos.wormhole.stable_diffusion.tt.ttnn_functional_unet_2d_condition_model_new_conv:__call__:406 - Down block 3
2026-05-29 08:16:26.480 | INFO     | models.demos.wormhole.stable_diffusion.tt.ttnn_functional_unet_2d_condition_model_new_conv:__call__:460 - Mid block
2026-05-29 08:16:26.480 | warning  |              Op | Mismatch between computed MemoryConfig(memory_layout=TensorMemoryLayout::BLOCK_SHARDED,buffer_type=BufferType::L1,shard_spec=ShardSpec(grid={[(x=0,y=0) - (x=7,y=3)]},shape={32, 160},orientation=ShardOrientation::ROW_MAJOR),nd_shard_spec=NdShardSpec(shard_shape=Shape([32, 160]),grid={[(x=0,y=0) - (x=7,y=3)]},orientation=ShardOrientation::ROW_MAJOR,shard_distribution_strategy=ShardDistributionStrategy::GRID_2D),created_with_nd_shard_spec=0) and provided MemoryConfig(memory_layout=TensorMemoryLayout::BLOCK_SHARDED,buffer_type=BufferType::L1,shard_spec=ShardSpec(grid={[(x=0,y=0) - (x=7,y=7)]},shape={32, 160},orientation=ShardOrientation::ROW_MAJOR),nd_shard_spec=std::nullopt,created_with_nd_shard_spec=0) mem config. Using computed config. (matmul_op.cpp:1674)
2026-05-29 08:16:26.482 | INFO     | models.demos.wormhole.stable_diffusion.tt.ttnn_functional_unet_2d_condition_model_new_conv:__call__:491 - Up block 0
2026-05-29 08:16:26.483 | INFO     | models.demos.wormhole.stable_diffusion.tt.ttnn_functional_unet_2d_condition_model_new_conv:__call__:491 - Up block 1
2026-05-29 08:16:26.488 | INFO     | models.demos.wormhole.stable_diffusion.tt.ttnn_functional_unet_2d_condition_model_new_conv:__call__:491 - Up block 2
2026-05-29 08:16:26.496 | INFO     | models.demos.wormhole.stable_diffusion.tt.ttnn_functional_unet_2d_condition_model_new_conv:__call__:491 - Up block 3
2026-05-29 08:16:26.517 | INFO     | models.demos.wormhole.stable_diffusion.tt.ttnn_functional_unet_2d_condition_model_new_conv:__call__:406 - Down block 0
2026-05-29 08:16:26.522 | info     |              Op | act_block_h_override 2 is not a valid override for padded_output_height_ntiles_per_core 7, instead 1 was selected as closest valid option! (conv2d_utils.cpp:401)
2026-05-29 08:16:26.522 | INFO     | models.demos.wormhole.stable_diffusion.tt.ttnn_functional_unet_2d_condition_model_new_conv:__call__:406 - Down block 1
2026-05-29 08:16:26.528 | INFO     | models.demos.wormhole.stable_diffusion.tt.ttnn_functional_unet_2d_condition_model_new_conv:__call__:406 - Down block 2
2026-05-29 08:16:26.531 | INFO     | models.demos.wormhole.stable_diffusion.tt.ttnn_functional_unet_2d_condition_model_new_conv:__call__:406 - Down block 3
2026-05-29 08:16:26.532 | INFO     | models.demos.wormhole.stable_diffusion.tt.ttnn_functional_unet_2d_condition_model_new_conv:__call__:460 - Mid block
2026-05-29 08:16:26.532 | warning  |              Op | Mismatch between computed MemoryConfig(memory_layout=TensorMemoryLayout::BLOCK_SHARDED,buffer_type=BufferType::L1,shard_spec=ShardSpec(grid={[(x=0,y=0) - (x=7,y=3)]},shape={32, 160},orientation=ShardOrientation::ROW_MAJOR),nd_shard_spec=NdShardSpec(shard_shape=Shape([32, 160]),grid={[(x=0,y=0) - (x=7,y=3)]},orientation=ShardOrientation::ROW_MAJOR,shard_distribution_strategy=ShardDistributionStrategy::GRID_2D),created_with_nd_shard_spec=0) and provided MemoryConfig(memory_layout=TensorMemoryLayout::BLOCK_SHARDED,buffer_type=BufferType::L1,shard_spec=ShardSpec(grid={[(x=0,y=0) - (x=7,y=7)]},shape={32, 160},orientation=ShardOrientation::ROW_MAJOR),nd_shard_spec=std::nullopt,created_with_nd_shard_spec=0) mem config. Using computed config. (matmul_op.cpp:1674)
2026-05-29 08:16:26.534 | INFO     | models.demos.wormhole.stable_diffusion.tt.ttnn_functional_unet_2d_condition_model_new_conv:__call__:491 - Up block 0
2026-05-29 08:16:26.535 | INFO     | models.demos.wormhole.stable_diffusion.tt.ttnn_functional_unet_2d_condition_model_new_conv:__call__:491 - Up block 1
2026-05-29 08:16:26.540 | INFO     | models.demos.wormhole.stable_diffusion.tt.ttnn_functional_unet_2d_condition_model_new_conv:__call__:491 - Up block 2
2026-05-29 08:16:26.548 | INFO     | models.demos.wormhole.stable_diffusion.tt.ttnn_functional_unet_2d_condition_model_new_conv:__call__:491 - Up block 3
2026-05-29 08:16:26.568 | INFO     | models.demos.wormhole.stable_diffusion.tt.ttnn_functional_unet_2d_condition_model_new_conv:__call__:406 - Down block 0
2026-05-29 08:16:26.574 | info     |              Op | act_block_h_override 2 is not a valid override for padded_output_height_ntiles_per_core 7, instead 1 was selected as closest valid option! (conv2d_utils.cpp:401)
2026-05-29 08:16:26.574 | INFO     | models.demos.wormhole.stable_diffusion.tt.ttnn_functional_unet_2d_condition_model_new_conv:__call__:406 - Down block 1
2026-05-29 08:16:26.579 | INFO     | models.demos.wormhole.stable_diffusion.tt.ttnn_functional_unet_2d_condition_model_new_conv:__call__:406 - Down block 2
2026-05-29 08:16:26.583 | INFO     | models.demos.wormhole.stable_diffusion.tt.ttnn_functional_unet_2d_condition_model_new_conv:__call__:406 - Down block 3
2026-05-29 08:16:26.583 | INFO     | models.demos.wormhole.stable_diffusion.tt.ttnn_functional_unet_2d_condition_model_new_conv:__call__:460 - Mid block
2026-05-29 08:16:26.584 | warning  |              Op | Mismatch between computed MemoryConfig(memory_layout=TensorMemoryLayout::BLOCK_SHARDED,buffer_type=BufferType::L1,shard_spec=ShardSpec(grid={[(x=0,y=0) - (x=7,y=3)]},shape={32, 160},orientation=ShardOrientation::ROW_MAJOR),nd_shard_spec=NdShardSpec(shard_shape=Shape([32, 160]),grid={[(x=0,y=0) - (x=7,y=3)]},orientation=ShardOrientation::ROW_MAJOR,shard_distribution_strategy=ShardDistributionStrategy::GRID_2D),created_with_nd_shard_spec=0) and provided MemoryConfig(memory_layout=TensorMemoryLayout::BLOCK_SHARDED,buffer_type=BufferType::L1,shard_spec=ShardSpec(grid={[(x=0,y=0) - (x=7,y=7)]},shape={32, 160},orientation=ShardOrientation::ROW_MAJOR),nd_shard_spec=std::nullopt,created_with_nd_shard_spec=0) mem config. Using computed config. (matmul_op.cpp:1674)
2026-05-29 08:16:26.585 | INFO     | models.demos.wormhole.stable_diffusion.tt.ttnn_functional_unet_2d_condition_model_new_conv:__call__:491 - Up block 0
2026-05-29 08:16:26.586 | INFO     | models.demos.wormhole.stable_diffusion.tt.ttnn_functional_unet_2d_condition_model_new_conv:__call__:491 - Up block 1
2026-05-29 08:16:26.591 | INFO     | models.demos.wormhole.stable_diffusion.tt.ttnn_functional_unet_2d_condition_model_new_conv:__call__:491 - Up block 2
2026-05-29 08:16:26.599 | INFO     | models.demos.wormhole.stable_diffusion.tt.ttnn_functional_unet_2d_condition_model_new_conv:__call__:491 - Up block 3
  Step 33/41
2026-05-29 08:16:26.623 | INFO     | models.demos.wormhole.stable_diffusion.tt.ttnn_functional_unet_2d_condition_model_new_conv:__call__:406 - Down block 0
2026-05-29 08:16:26.628 | info     |              Op | act_block_h_override 2 is not a valid override for padded_output_height_ntiles_per_core 7, instead 1 was selected as closest valid option! (conv2d_utils.cpp:401)
2026-05-29 08:16:26.629 | INFO     | models.demos.wormhole.stable_diffusion.tt.ttnn_functional_unet_2d_condition_model_new_conv:__call__:406 - Down block 1
2026-05-29 08:16:26.634 | INFO     | models.demos.wormhole.stable_diffusion.tt.ttnn_functional_unet_2d_condition_model_new_conv:__call__:406 - Down block 2
2026-05-29 08:16:26.638 | INFO     | models.demos.wormhole.stable_diffusion.tt.ttnn_functional_unet_2d_condition_model_new_conv:__call__:406 - Down block 3
2026-05-29 08:16:26.638 | INFO     | models.demos.wormhole.stable_diffusion.tt.ttnn_functional_unet_2d_condition_model_new_conv:__call__:460 - Mid block
2026-05-29 08:16:26.639 | warning  |              Op | Mismatch between computed MemoryConfig(memory_layout=TensorMemoryLayout::BLOCK_SHARDED,buffer_type=BufferType::L1,shard_spec=ShardSpec(grid={[(x=0,y=0) - (x=7,y=3)]},shape={32, 160},orientation=ShardOrientation::ROW_MAJOR),nd_shard_spec=NdShardSpec(shard_shape=Shape([32, 160]),grid={[(x=0,y=0) - (x=7,y=3)]},orientation=ShardOrientation::ROW_MAJOR,shard_distribution_strategy=ShardDistributionStrategy::GRID_2D),created_with_nd_shard_spec=0) and provided MemoryConfig(memory_layout=TensorMemoryLayout::BLOCK_SHARDED,buffer_type=BufferType::L1,shard_spec=ShardSpec(grid={[(x=0,y=0) - (x=7,y=7)]},shape={32, 160},orientation=ShardOrientation::ROW_MAJOR),nd_shard_spec=std::nullopt,created_with_nd_shard_spec=0) mem config. Using computed config. (matmul_op.cpp:1674)
2026-05-29 08:16:26.640 | INFO     | models.demos.wormhole.stable_diffusion.tt.ttnn_functional_unet_2d_condition_model_new_conv:__call__:491 - Up block 0
2026-05-29 08:16:26.642 | INFO     | models.demos.wormhole.stable_diffusion.tt.ttnn_functional_unet_2d_condition_model_new_conv:__call__:491 - Up block 1
2026-05-29 08:16:26.646 | INFO     | models.demos.wormhole.stable_diffusion.tt.ttnn_functional_unet_2d_condition_model_new_conv:__call__:491 - Up block 2
2026-05-29 08:16:26.654 | INFO     | models.demos.wormhole.stable_diffusion.tt.ttnn_functional_unet_2d_condition_model_new_conv:__call__:491 - Up block 3
2026-05-29 08:16:26.675 | INFO     | models.demos.wormhole.stable_diffusion.tt.ttnn_functional_unet_2d_condition_model_new_conv:__call__:406 - Down block 0
2026-05-29 08:16:26.680 | info     |              Op | act_block_h_override 2 is not a valid override for padded_output_height_ntiles_per_core 7, instead 1 was selected as closest valid option! (conv2d_utils.cpp:401)
2026-05-29 08:16:26.680 | INFO     | models.demos.wormhole.stable_diffusion.tt.ttnn_functional_unet_2d_condition_model_new_conv:__call__:406 - Down block 1
2026-05-29 08:16:26.686 | INFO     | models.demos.wormhole.stable_diffusion.tt.ttnn_functional_unet_2d_condition_model_new_conv:__call__:406 - Down block 2
2026-05-29 08:16:26.689 | INFO     | models.demos.wormhole.stable_diffusion.tt.ttnn_functional_unet_2d_condition_model_new_conv:__call__:406 - Down block 3
2026-05-29 08:16:26.690 | INFO     | models.demos.wormhole.stable_diffusion.tt.ttnn_functional_unet_2d_condition_model_new_conv:__call__:460 - Mid block
2026-05-29 08:16:26.690 | warning  |              Op | Mismatch between computed MemoryConfig(memory_layout=TensorMemoryLayout::BLOCK_SHARDED,buffer_type=BufferType::L1,shard_spec=ShardSpec(grid={[(x=0,y=0) - (x=7,y=3)]},shape={32, 160},orientation=ShardOrientation::ROW_MAJOR),nd_shard_spec=NdShardSpec(shard_shape=Shape([32, 160]),grid={[(x=0,y=0) - (x=7,y=3)]},orientation=ShardOrientation::ROW_MAJOR,shard_distribution_strategy=ShardDistributionStrategy::GRID_2D),created_with_nd_shard_spec=0) and provided MemoryConfig(memory_layout=TensorMemoryLayout::BLOCK_SHARDED,buffer_type=BufferType::L1,shard_spec=ShardSpec(grid={[(x=0,y=0) - (x=7,y=7)]},shape={32, 160},orientation=ShardOrientation::ROW_MAJOR),nd_shard_spec=std::nullopt,created_with_nd_shard_spec=0) mem config. Using computed config. (matmul_op.cpp:1674)
2026-05-29 08:16:26.691 | INFO     | models.demos.wormhole.stable_diffusion.tt.ttnn_functional_unet_2d_condition_model_new_conv:__call__:491 - Up block 0
2026-05-29 08:16:26.693 | INFO     | models.demos.wormhole.stable_diffusion.tt.ttnn_functional_unet_2d_condition_model_new_conv:__call__:491 - Up block 1
2026-05-29 08:16:26.697 | INFO     | models.demos.wormhole.stable_diffusion.tt.ttnn_functional_unet_2d_condition_model_new_conv:__call__:491 - Up block 2
2026-05-29 08:16:26.705 | INFO     | models.demos.wormhole.stable_diffusion.tt.ttnn_functional_unet_2d_condition_model_new_conv:__call__:491 - Up block 3
2026-05-29 08:16:26.726 | INFO     | models.demos.wormhole.stable_diffusion.tt.ttnn_functional_unet_2d_condition_model_new_conv:__call__:406 - Down block 0
2026-05-29 08:16:26.732 | info     |              Op | act_block_h_override 2 is not a valid override for padded_output_height_ntiles_per_core 7, instead 1 was selected as closest valid option! (conv2d_utils.cpp:401)
2026-05-29 08:16:26.732 | INFO     | models.demos.wormhole.stable_diffusion.tt.ttnn_functional_unet_2d_condition_model_new_conv:__call__:406 - Down block 1
2026-05-29 08:16:26.738 | INFO     | models.demos.wormhole.stable_diffusion.tt.ttnn_functional_unet_2d_condition_model_new_conv:__call__:406 - Down block 2
2026-05-29 08:16:26.741 | INFO     | models.demos.wormhole.stable_diffusion.tt.ttnn_functional_unet_2d_condition_model_new_conv:__call__:406 - Down block 3
2026-05-29 08:16:26.742 | INFO     | models.demos.wormhole.stable_diffusion.tt.ttnn_functional_unet_2d_condition_model_new_conv:__call__:460 - Mid block
2026-05-29 08:16:26.742 | warning  |              Op | Mismatch between computed MemoryConfig(memory_layout=TensorMemoryLayout::BLOCK_SHARDED,buffer_type=BufferType::L1,shard_spec=ShardSpec(grid={[(x=0,y=0) - (x=7,y=3)]},shape={32, 160},orientation=ShardOrientation::ROW_MAJOR),nd_shard_spec=NdShardSpec(shard_shape=Shape([32, 160]),grid={[(x=0,y=0) - (x=7,y=3)]},orientation=ShardOrientation::ROW_MAJOR,shard_distribution_strategy=ShardDistributionStrategy::GRID_2D),created_with_nd_shard_spec=0) and provided MemoryConfig(memory_layout=TensorMemoryLayout::BLOCK_SHARDED,buffer_type=BufferType::L1,shard_spec=ShardSpec(grid={[(x=0,y=0) - (x=7,y=7)]},shape={32, 160},orientation=ShardOrientation::ROW_MAJOR),nd_shard_spec=std::nullopt,created_with_nd_shard_spec=0) mem config. Using computed config. (matmul_op.cpp:1674)
2026-05-29 08:16:26.743 | INFO     | models.demos.wormhole.stable_diffusion.tt.ttnn_functional_unet_2d_condition_model_new_conv:__call__:491 - Up block 0
2026-05-29 08:16:26.745 | INFO     | models.demos.wormhole.stable_diffusion.tt.ttnn_functional_unet_2d_condition_model_new_conv:__call__:491 - Up block 1
2026-05-29 08:16:26.750 | INFO     | models.demos.wormhole.stable_diffusion.tt.ttnn_functional_unet_2d_condition_model_new_conv:__call__:491 - Up block 2
2026-05-29 08:16:26.758 | INFO     | models.demos.wormhole.stable_diffusion.tt.ttnn_functional_unet_2d_condition_model_new_conv:__call__:491 - Up block 3
2026-05-29 08:16:26.778 | INFO     | models.demos.wormhole.stable_diffusion.tt.ttnn_functional_unet_2d_condition_model_new_conv:__call__:406 - Down block 0
2026-05-29 08:16:26.784 | info     |              Op | act_block_h_override 2 is not a valid override for padded_output_height_ntiles_per_core 7, instead 1 was selected as closest valid option! (conv2d_utils.cpp:401)
2026-05-29 08:16:26.784 | INFO     | models.demos.wormhole.stable_diffusion.tt.ttnn_functional_unet_2d_condition_model_new_conv:__call__:406 - Down block 1
2026-05-29 08:16:26.789 | INFO     | models.demos.wormhole.stable_diffusion.tt.ttnn_functional_unet_2d_condition_model_new_conv:__call__:406 - Down block 2
2026-05-29 08:16:26.793 | INFO     | models.demos.wormhole.stable_diffusion.tt.ttnn_functional_unet_2d_condition_model_new_conv:__call__:406 - Down block 3
2026-05-29 08:16:26.793 | INFO     | models.demos.wormhole.stable_diffusion.tt.ttnn_functional_unet_2d_condition_model_new_conv:__call__:460 - Mid block
2026-05-29 08:16:26.794 | warning  |              Op | Mismatch between computed MemoryConfig(memory_layout=TensorMemoryLayout::BLOCK_SHARDED,buffer_type=BufferType::L1,shard_spec=ShardSpec(grid={[(x=0,y=0) - (x=7,y=3)]},shape={32, 160},orientation=ShardOrientation::ROW_MAJOR),nd_shard_spec=NdShardSpec(shard_shape=Shape([32, 160]),grid={[(x=0,y=0) - (x=7,y=3)]},orientation=ShardOrientation::ROW_MAJOR,shard_distribution_strategy=ShardDistributionStrategy::GRID_2D),created_with_nd_shard_spec=0) and provided MemoryConfig(memory_layout=TensorMemoryLayout::BLOCK_SHARDED,buffer_type=BufferType::L1,shard_spec=ShardSpec(grid={[(x=0,y=0) - (x=7,y=7)]},shape={32, 160},orientation=ShardOrientation::ROW_MAJOR),nd_shard_spec=std::nullopt,created_with_nd_shard_spec=0) mem config. Using computed config. (matmul_op.cpp:1674)
2026-05-29 08:16:26.795 | INFO     | models.demos.wormhole.stable_diffusion.tt.ttnn_functional_unet_2d_condition_model_new_conv:__call__:491 - Up block 0
2026-05-29 08:16:26.796 | INFO     | models.demos.wormhole.stable_diffusion.tt.ttnn_functional_unet_2d_condition_model_new_conv:__call__:491 - Up block 1
2026-05-29 08:16:26.801 | INFO     | models.demos.wormhole.stable_diffusion.tt.ttnn_functional_unet_2d_condition_model_new_conv:__call__:491 - Up block 2
2026-05-29 08:16:26.809 | INFO     | models.demos.wormhole.stable_diffusion.tt.ttnn_functional_unet_2d_condition_model_new_conv:__call__:491 - Up block 3
2026-05-29 08:16:26.830 | INFO     | models.demos.wormhole.stable_diffusion.tt.ttnn_functional_unet_2d_condition_model_new_conv:__call__:406 - Down block 0
2026-05-29 08:16:26.836 | info     |              Op | act_block_h_override 2 is not a valid override for padded_output_height_ntiles_per_core 7, instead 1 was selected as closest valid option! (conv2d_utils.cpp:401)
2026-05-29 08:16:26.836 | INFO     | models.demos.wormhole.stable_diffusion.tt.ttnn_functional_unet_2d_condition_model_new_conv:__call__:406 - Down block 1
2026-05-29 08:16:26.841 | INFO     | models.demos.wormhole.stable_diffusion.tt.ttnn_functional_unet_2d_condition_model_new_conv:__call__:406 - Down block 2
2026-05-29 08:16:26.845 | INFO     | models.demos.wormhole.stable_diffusion.tt.ttnn_functional_unet_2d_condition_model_new_conv:__call__:406 - Down block 3
2026-05-29 08:16:26.846 | INFO     | models.demos.wormhole.stable_diffusion.tt.ttnn_functional_unet_2d_condition_model_new_conv:__call__:460 - Mid block
2026-05-29 08:16:26.846 | warning  |              Op | Mismatch between computed MemoryConfig(memory_layout=TensorMemoryLayout::BLOCK_SHARDED,buffer_type=BufferType::L1,shard_spec=ShardSpec(grid={[(x=0,y=0) - (x=7,y=3)]},shape={32, 160},orientation=ShardOrientation::ROW_MAJOR),nd_shard_spec=NdShardSpec(shard_shape=Shape([32, 160]),grid={[(x=0,y=0) - (x=7,y=3)]},orientation=ShardOrientation::ROW_MAJOR,shard_distribution_strategy=ShardDistributionStrategy::GRID_2D),created_with_nd_shard_spec=0) and provided MemoryConfig(memory_layout=TensorMemoryLayout::BLOCK_SHARDED,buffer_type=BufferType::L1,shard_spec=ShardSpec(grid={[(x=0,y=0) - (x=7,y=7)]},shape={32, 160},orientation=ShardOrientation::ROW_MAJOR),nd_shard_spec=std::nullopt,created_with_nd_shard_spec=0) mem config. Using computed config. (matmul_op.cpp:1674)
2026-05-29 08:16:26.848 | INFO     | models.demos.wormhole.stable_diffusion.tt.ttnn_functional_unet_2d_condition_model_new_conv:__call__:491 - Up block 0
2026-05-29 08:16:26.849 | INFO     | models.demos.wormhole.stable_diffusion.tt.ttnn_functional_unet_2d_condition_model_new_conv:__call__:491 - Up block 1
2026-05-29 08:16:26.854 | INFO     | models.demos.wormhole.stable_diffusion.tt.ttnn_functional_unet_2d_condition_model_new_conv:__call__:491 - Up block 2
2026-05-29 08:16:26.862 | INFO     | models.demos.wormhole.stable_diffusion.tt.ttnn_functional_unet_2d_condition_model_new_conv:__call__:491 - Up block 3
2026-05-29 08:16:26.882 | INFO     | models.demos.wormhole.stable_diffusion.tt.ttnn_functional_unet_2d_condition_model_new_conv:__call__:406 - Down block 0
2026-05-29 08:16:26.888 | info     |              Op | act_block_h_override 2 is not a valid override for padded_output_height_ntiles_per_core 7, instead 1 was selected as closest valid option! (conv2d_utils.cpp:401)
2026-05-29 08:16:26.888 | INFO     | models.demos.wormhole.stable_diffusion.tt.ttnn_functional_unet_2d_condition_model_new_conv:__call__:406 - Down block 1
2026-05-29 08:16:26.893 | INFO     | models.demos.wormhole.stable_diffusion.tt.ttnn_functional_unet_2d_condition_model_new_conv:__call__:406 - Down block 2
2026-05-29 08:16:26.896 | INFO     | models.demos.wormhole.stable_diffusion.tt.ttnn_functional_unet_2d_condition_model_new_conv:__call__:406 - Down block 3
2026-05-29 08:16:26.897 | INFO     | models.demos.wormhole.stable_diffusion.tt.ttnn_functional_unet_2d_condition_model_new_conv:__call__:460 - Mid block
2026-05-29 08:16:26.898 | warning  |              Op | Mismatch between computed MemoryConfig(memory_layout=TensorMemoryLayout::BLOCK_SHARDED,buffer_type=BufferType::L1,shard_spec=ShardSpec(grid={[(x=0,y=0) - (x=7,y=3)]},shape={32, 160},orientation=ShardOrientation::ROW_MAJOR),nd_shard_spec=NdShardSpec(shard_shape=Shape([32, 160]),grid={[(x=0,y=0) - (x=7,y=3)]},orientation=ShardOrientation::ROW_MAJOR,shard_distribution_strategy=ShardDistributionStrategy::GRID_2D),created_with_nd_shard_spec=0) and provided MemoryConfig(memory_layout=TensorMemoryLayout::BLOCK_SHARDED,buffer_type=BufferType::L1,shard_spec=ShardSpec(grid={[(x=0,y=0) - (x=7,y=7)]},shape={32, 160},orientation=ShardOrientation::ROW_MAJOR),nd_shard_spec=std::nullopt,created_with_nd_shard_spec=0) mem config. Using computed config. (matmul_op.cpp:1674)
2026-05-29 08:16:26.899 | INFO     | models.demos.wormhole.stable_diffusion.tt.ttnn_functional_unet_2d_condition_model_new_conv:__call__:491 - Up block 0
2026-05-29 08:16:26.900 | INFO     | models.demos.wormhole.stable_diffusion.tt.ttnn_functional_unet_2d_condition_model_new_conv:__call__:491 - Up block 1
2026-05-29 08:16:26.905 | INFO     | models.demos.wormhole.stable_diffusion.tt.ttnn_functional_unet_2d_condition_model_new_conv:__call__:491 - Up block 2
2026-05-29 08:16:26.913 | INFO     | models.demos.wormhole.stable_diffusion.tt.ttnn_functional_unet_2d_condition_model_new_conv:__call__:491 - Up block 3
2026-05-29 08:16:26.934 | INFO     | models.demos.wormhole.stable_diffusion.tt.ttnn_functional_unet_2d_condition_model_new_conv:__call__:406 - Down block 0
2026-05-29 08:16:26.940 | info     |              Op | act_block_h_override 2 is not a valid override for padded_output_height_ntiles_per_core 7, instead 1 was selected as closest valid option! (conv2d_utils.cpp:401)
2026-05-29 08:16:26.940 | INFO     | models.demos.wormhole.stable_diffusion.tt.ttnn_functional_unet_2d_condition_model_new_conv:__call__:406 - Down block 1
2026-05-29 08:16:26.945 | INFO     | models.demos.wormhole.stable_diffusion.tt.ttnn_functional_unet_2d_condition_model_new_conv:__call__:406 - Down block 2
2026-05-29 08:16:26.949 | INFO     | models.demos.wormhole.stable_diffusion.tt.ttnn_functional_unet_2d_condition_model_new_conv:__call__:406 - Down block 3
2026-05-29 08:16:26.949 | INFO     | models.demos.wormhole.stable_diffusion.tt.ttnn_functional_unet_2d_condition_model_new_conv:__call__:460 - Mid block
2026-05-29 08:16:26.950 | warning  |              Op | Mismatch between computed MemoryConfig(memory_layout=TensorMemoryLayout::BLOCK_SHARDED,buffer_type=BufferType::L1,shard_spec=ShardSpec(grid={[(x=0,y=0) - (x=7,y=3)]},shape={32, 160},orientation=ShardOrientation::ROW_MAJOR),nd_shard_spec=NdShardSpec(shard_shape=Shape([32, 160]),grid={[(x=0,y=0) - (x=7,y=3)]},orientation=ShardOrientation::ROW_MAJOR,shard_distribution_strategy=ShardDistributionStrategy::GRID_2D),created_with_nd_shard_spec=0) and provided MemoryConfig(memory_layout=TensorMemoryLayout::BLOCK_SHARDED,buffer_type=BufferType::L1,shard_spec=ShardSpec(grid={[(x=0,y=0) - (x=7,y=7)]},shape={32, 160},orientation=ShardOrientation::ROW_MAJOR),nd_shard_spec=std::nullopt,created_with_nd_shard_spec=0) mem config. Using computed config. (matmul_op.cpp:1674)
2026-05-29 08:16:26.951 | INFO     | models.demos.wormhole.stable_diffusion.tt.ttnn_functional_unet_2d_condition_model_new_conv:__call__:491 - Up block 0
2026-05-29 08:16:26.953 | INFO     | models.demos.wormhole.stable_diffusion.tt.ttnn_functional_unet_2d_condition_model_new_conv:__call__:491 - Up block 1
2026-05-29 08:16:26.958 | INFO     | models.demos.wormhole.stable_diffusion.tt.ttnn_functional_unet_2d_condition_model_new_conv:__call__:491 - Up block 2
2026-05-29 08:16:26.966 | INFO     | models.demos.wormhole.stable_diffusion.tt.ttnn_functional_unet_2d_condition_model_new_conv:__call__:491 - Up block 3
2026-05-29 08:16:26.986 | INFO     | models.demos.wormhole.stable_diffusion.tt.ttnn_functional_unet_2d_condition_model_new_conv:__call__:406 - Down block 0
2026-05-29 08:16:26.992 | info     |              Op | act_block_h_override 2 is not a valid override for padded_output_height_ntiles_per_core 7, instead 1 was selected as closest valid option! (conv2d_utils.cpp:401)
2026-05-29 08:16:26.992 | INFO     | models.demos.wormhole.stable_diffusion.tt.ttnn_functional_unet_2d_condition_model_new_conv:__call__:406 - Down block 1
2026-05-29 08:16:26.998 | INFO     | models.demos.wormhole.stable_diffusion.tt.ttnn_functional_unet_2d_condition_model_new_conv:__call__:406 - Down block 2
2026-05-29 08:16:27.001 | INFO     | models.demos.wormhole.stable_diffusion.tt.ttnn_functional_unet_2d_condition_model_new_conv:__call__:406 - Down block 3
2026-05-29 08:16:27.002 | INFO     | models.demos.wormhole.stable_diffusion.tt.ttnn_functional_unet_2d_condition_model_new_conv:__call__:460 - Mid block
2026-05-29 08:16:27.002 | warning  |              Op | Mismatch between computed MemoryConfig(memory_layout=TensorMemoryLayout::BLOCK_SHARDED,buffer_type=BufferType::L1,shard_spec=ShardSpec(grid={[(x=0,y=0) - (x=7,y=3)]},shape={32, 160},orientation=ShardOrientation::ROW_MAJOR),nd_shard_spec=NdShardSpec(shard_shape=Shape([32, 160]),grid={[(x=0,y=0) - (x=7,y=3)]},orientation=ShardOrientation::ROW_MAJOR,shard_distribution_strategy=ShardDistributionStrategy::GRID_2D),created_with_nd_shard_spec=0) and provided MemoryConfig(memory_layout=TensorMemoryLayout::BLOCK_SHARDED,buffer_type=BufferType::L1,shard_spec=ShardSpec(grid={[(x=0,y=0) - (x=7,y=7)]},shape={32, 160},orientation=ShardOrientation::ROW_MAJOR),nd_shard_spec=std::nullopt,created_with_nd_shard_spec=0) mem config. Using computed config. (matmul_op.cpp:1674)
2026-05-29 08:16:27.004 | INFO     | models.demos.wormhole.stable_diffusion.tt.ttnn_functional_unet_2d_condition_model_new_conv:__call__:491 - Up block 0
2026-05-29 08:16:27.005 | INFO     | models.demos.wormhole.stable_diffusion.tt.ttnn_functional_unet_2d_condition_model_new_conv:__call__:491 - Up block 1
2026-05-29 08:16:27.010 | INFO     | models.demos.wormhole.stable_diffusion.tt.ttnn_functional_unet_2d_condition_model_new_conv:__call__:491 - Up block 2
2026-05-29 08:16:27.018 | INFO     | models.demos.wormhole.stable_diffusion.tt.ttnn_functional_unet_2d_condition_model_new_conv:__call__:491 - Up block 3
  Step 34/41
2026-05-29 08:16:27.040 | INFO     | models.demos.wormhole.stable_diffusion.tt.ttnn_functional_unet_2d_condition_model_new_conv:__call__:406 - Down block 0
2026-05-29 08:16:27.046 | info     |              Op | act_block_h_override 2 is not a valid override for padded_output_height_ntiles_per_core 7, instead 1 was selected as closest valid option! (conv2d_utils.cpp:401)
2026-05-29 08:16:27.046 | INFO     | models.demos.wormhole.stable_diffusion.tt.ttnn_functional_unet_2d_condition_model_new_conv:__call__:406 - Down block 1
2026-05-29 08:16:27.052 | INFO     | models.demos.wormhole.stable_diffusion.tt.ttnn_functional_unet_2d_condition_model_new_conv:__call__:406 - Down block 2
2026-05-29 08:16:27.055 | INFO     | models.demos.wormhole.stable_diffusion.tt.ttnn_functional_unet_2d_condition_model_new_conv:__call__:406 - Down block 3
2026-05-29 08:16:27.056 | INFO     | models.demos.wormhole.stable_diffusion.tt.ttnn_functional_unet_2d_condition_model_new_conv:__call__:460 - Mid block
2026-05-29 08:16:27.057 | warning  |              Op | Mismatch between computed MemoryConfig(memory_layout=TensorMemoryLayout::BLOCK_SHARDED,buffer_type=BufferType::L1,shard_spec=ShardSpec(grid={[(x=0,y=0) - (x=7,y=3)]},shape={32, 160},orientation=ShardOrientation::ROW_MAJOR),nd_shard_spec=NdShardSpec(shard_shape=Shape([32, 160]),grid={[(x=0,y=0) - (x=7,y=3)]},orientation=ShardOrientation::ROW_MAJOR,shard_distribution_strategy=ShardDistributionStrategy::GRID_2D),created_with_nd_shard_spec=0) and provided MemoryConfig(memory_layout=TensorMemoryLayout::BLOCK_SHARDED,buffer_type=BufferType::L1,shard_spec=ShardSpec(grid={[(x=0,y=0) - (x=7,y=7)]},shape={32, 160},orientation=ShardOrientation::ROW_MAJOR),nd_shard_spec=std::nullopt,created_with_nd_shard_spec=0) mem config. Using computed config. (matmul_op.cpp:1674)
2026-05-29 08:16:27.058 | INFO     | models.demos.wormhole.stable_diffusion.tt.ttnn_functional_unet_2d_condition_model_new_conv:__call__:491 - Up block 0
2026-05-29 08:16:27.059 | INFO     | models.demos.wormhole.stable_diffusion.tt.ttnn_functional_unet_2d_condition_model_new_conv:__call__:491 - Up block 1
2026-05-29 08:16:27.064 | INFO     | models.demos.wormhole.stable_diffusion.tt.ttnn_functional_unet_2d_condition_model_new_conv:__call__:491 - Up block 2
2026-05-29 08:16:27.072 | INFO     | models.demos.wormhole.stable_diffusion.tt.ttnn_functional_unet_2d_condition_model_new_conv:__call__:491 - Up block 3
2026-05-29 08:16:27.092 | INFO     | models.demos.wormhole.stable_diffusion.tt.ttnn_functional_unet_2d_condition_model_new_conv:__call__:406 - Down block 0
2026-05-29 08:16:27.098 | info     |              Op | act_block_h_override 2 is not a valid override for padded_output_height_ntiles_per_core 7, instead 1 was selected as closest valid option! (conv2d_utils.cpp:401)
2026-05-29 08:16:27.098 | INFO     | models.demos.wormhole.stable_diffusion.tt.ttnn_functional_unet_2d_condition_model_new_conv:__call__:406 - Down block 1
2026-05-29 08:16:27.104 | INFO     | models.demos.wormhole.stable_diffusion.tt.ttnn_functional_unet_2d_condition_model_new_conv:__call__:406 - Down block 2
2026-05-29 08:16:27.107 | INFO     | models.demos.wormhole.stable_diffusion.tt.ttnn_functional_unet_2d_condition_model_new_conv:__call__:406 - Down block 3
2026-05-29 08:16:27.108 | INFO     | models.demos.wormhole.stable_diffusion.tt.ttnn_functional_unet_2d_condition_model_new_conv:__call__:460 - Mid block
2026-05-29 08:16:27.108 | warning  |              Op | Mismatch between computed MemoryConfig(memory_layout=TensorMemoryLayout::BLOCK_SHARDED,buffer_type=BufferType::L1,shard_spec=ShardSpec(grid={[(x=0,y=0) - (x=7,y=3)]},shape={32, 160},orientation=ShardOrientation::ROW_MAJOR),nd_shard_spec=NdShardSpec(shard_shape=Shape([32, 160]),grid={[(x=0,y=0) - (x=7,y=3)]},orientation=ShardOrientation::ROW_MAJOR,shard_distribution_strategy=ShardDistributionStrategy::GRID_2D),created_with_nd_shard_spec=0) and provided MemoryConfig(memory_layout=TensorMemoryLayout::BLOCK_SHARDED,buffer_type=BufferType::L1,shard_spec=ShardSpec(grid={[(x=0,y=0) - (x=7,y=7)]},shape={32, 160},orientation=ShardOrientation::ROW_MAJOR),nd_shard_spec=std::nullopt,created_with_nd_shard_spec=0) mem config. Using computed config. (matmul_op.cpp:1674)
2026-05-29 08:16:27.110 | INFO     | models.demos.wormhole.stable_diffusion.tt.ttnn_functional_unet_2d_condition_model_new_conv:__call__:491 - Up block 0
2026-05-29 08:16:27.111 | INFO     | models.demos.wormhole.stable_diffusion.tt.ttnn_functional_unet_2d_condition_model_new_conv:__call__:491 - Up block 1
2026-05-29 08:16:27.116 | INFO     | models.demos.wormhole.stable_diffusion.tt.ttnn_functional_unet_2d_condition_model_new_conv:__call__:491 - Up block 2
2026-05-29 08:16:27.124 | INFO     | models.demos.wormhole.stable_diffusion.tt.ttnn_functional_unet_2d_condition_model_new_conv:__call__:491 - Up block 3
2026-05-29 08:16:27.144 | INFO     | models.demos.wormhole.stable_diffusion.tt.ttnn_functional_unet_2d_condition_model_new_conv:__call__:406 - Down block 0
2026-05-29 08:16:27.150 | info     |              Op | act_block_h_override 2 is not a valid override for padded_output_height_ntiles_per_core 7, instead 1 was selected as closest valid option! (conv2d_utils.cpp:401)
2026-05-29 08:16:27.150 | INFO     | models.demos.wormhole.stable_diffusion.tt.ttnn_functional_unet_2d_condition_model_new_conv:__call__:406 - Down block 1
2026-05-29 08:16:27.155 | INFO     | models.demos.wormhole.stable_diffusion.tt.ttnn_functional_unet_2d_condition_model_new_conv:__call__:406 - Down block 2
2026-05-29 08:16:27.159 | INFO     | models.demos.wormhole.stable_diffusion.tt.ttnn_functional_unet_2d_condition_model_new_conv:__call__:406 - Down block 3
2026-05-29 08:16:27.159 | INFO     | models.demos.wormhole.stable_diffusion.tt.ttnn_functional_unet_2d_condition_model_new_conv:__call__:460 - Mid block
2026-05-29 08:16:27.160 | warning  |              Op | Mismatch between computed MemoryConfig(memory_layout=TensorMemoryLayout::BLOCK_SHARDED,buffer_type=BufferType::L1,shard_spec=ShardSpec(grid={[(x=0,y=0) - (x=7,y=3)]},shape={32, 160},orientation=ShardOrientation::ROW_MAJOR),nd_shard_spec=NdShardSpec(shard_shape=Shape([32, 160]),grid={[(x=0,y=0) - (x=7,y=3)]},orientation=ShardOrientation::ROW_MAJOR,shard_distribution_strategy=ShardDistributionStrategy::GRID_2D),created_with_nd_shard_spec=0) and provided MemoryConfig(memory_layout=TensorMemoryLayout::BLOCK_SHARDED,buffer_type=BufferType::L1,shard_spec=ShardSpec(grid={[(x=0,y=0) - (x=7,y=7)]},shape={32, 160},orientation=ShardOrientation::ROW_MAJOR),nd_shard_spec=std::nullopt,created_with_nd_shard_spec=0) mem config. Using computed config. (matmul_op.cpp:1674)
2026-05-29 08:16:27.161 | INFO     | models.demos.wormhole.stable_diffusion.tt.ttnn_functional_unet_2d_condition_model_new_conv:__call__:491 - Up block 0
2026-05-29 08:16:27.162 | INFO     | models.demos.wormhole.stable_diffusion.tt.ttnn_functional_unet_2d_condition_model_new_conv:__call__:491 - Up block 1
2026-05-29 08:16:27.167 | INFO     | models.demos.wormhole.stable_diffusion.tt.ttnn_functional_unet_2d_condition_model_new_conv:__call__:491 - Up block 2
2026-05-29 08:16:27.175 | INFO     | models.demos.wormhole.stable_diffusion.tt.ttnn_functional_unet_2d_condition_model_new_conv:__call__:491 - Up block 3
2026-05-29 08:16:27.196 | INFO     | models.demos.wormhole.stable_diffusion.tt.ttnn_functional_unet_2d_condition_model_new_conv:__call__:406 - Down block 0
2026-05-29 08:16:27.202 | info     |              Op | act_block_h_override 2 is not a valid override for padded_output_height_ntiles_per_core 7, instead 1 was selected as closest valid option! (conv2d_utils.cpp:401)
2026-05-29 08:16:27.202 | INFO     | models.demos.wormhole.stable_diffusion.tt.ttnn_functional_unet_2d_condition_model_new_conv:__call__:406 - Down block 1
2026-05-29 08:16:27.207 | INFO     | models.demos.wormhole.stable_diffusion.tt.ttnn_functional_unet_2d_condition_model_new_conv:__call__:406 - Down block 2
2026-05-29 08:16:27.211 | INFO     | models.demos.wormhole.stable_diffusion.tt.ttnn_functional_unet_2d_condition_model_new_conv:__call__:406 - Down block 3
2026-05-29 08:16:27.211 | INFO     | models.demos.wormhole.stable_diffusion.tt.ttnn_functional_unet_2d_condition_model_new_conv:__call__:460 - Mid block
2026-05-29 08:16:27.212 | warning  |              Op | Mismatch between computed MemoryConfig(memory_layout=TensorMemoryLayout::BLOCK_SHARDED,buffer_type=BufferType::L1,shard_spec=ShardSpec(grid={[(x=0,y=0) - (x=7,y=3)]},shape={32, 160},orientation=ShardOrientation::ROW_MAJOR),nd_shard_spec=NdShardSpec(shard_shape=Shape([32, 160]),grid={[(x=0,y=0) - (x=7,y=3)]},orientation=ShardOrientation::ROW_MAJOR,shard_distribution_strategy=ShardDistributionStrategy::GRID_2D),created_with_nd_shard_spec=0) and provided MemoryConfig(memory_layout=TensorMemoryLayout::BLOCK_SHARDED,buffer_type=BufferType::L1,shard_spec=ShardSpec(grid={[(x=0,y=0) - (x=7,y=7)]},shape={32, 160},orientation=ShardOrientation::ROW_MAJOR),nd_shard_spec=std::nullopt,created_with_nd_shard_spec=0) mem config. Using computed config. (matmul_op.cpp:1674)
2026-05-29 08:16:27.213 | INFO     | models.demos.wormhole.stable_diffusion.tt.ttnn_functional_unet_2d_condition_model_new_conv:__call__:491 - Up block 0
2026-05-29 08:16:27.214 | INFO     | models.demos.wormhole.stable_diffusion.tt.ttnn_functional_unet_2d_condition_model_new_conv:__call__:491 - Up block 1
2026-05-29 08:16:27.219 | INFO     | models.demos.wormhole.stable_diffusion.tt.ttnn_functional_unet_2d_condition_model_new_conv:__call__:491 - Up block 2
2026-05-29 08:16:27.227 | INFO     | models.demos.wormhole.stable_diffusion.tt.ttnn_functional_unet_2d_condition_model_new_conv:__call__:491 - Up block 3
2026-05-29 08:16:27.248 | INFO     | models.demos.wormhole.stable_diffusion.tt.ttnn_functional_unet_2d_condition_model_new_conv:__call__:406 - Down block 0
2026-05-29 08:16:27.254 | info     |              Op | act_block_h_override 2 is not a valid override for padded_output_height_ntiles_per_core 7, instead 1 was selected as closest valid option! (conv2d_utils.cpp:401)
2026-05-29 08:16:27.254 | INFO     | models.demos.wormhole.stable_diffusion.tt.ttnn_functional_unet_2d_condition_model_new_conv:__call__:406 - Down block 1
2026-05-29 08:16:27.259 | INFO     | models.demos.wormhole.stable_diffusion.tt.ttnn_functional_unet_2d_condition_model_new_conv:__call__:406 - Down block 2
2026-05-29 08:16:27.262 | INFO     | models.demos.wormhole.stable_diffusion.tt.ttnn_functional_unet_2d_condition_model_new_conv:__call__:406 - Down block 3
2026-05-29 08:16:27.263 | INFO     | models.demos.wormhole.stable_diffusion.tt.ttnn_functional_unet_2d_condition_model_new_conv:__call__:460 - Mid block
2026-05-29 08:16:27.263 | warning  |              Op | Mismatch between computed MemoryConfig(memory_layout=TensorMemoryLayout::BLOCK_SHARDED,buffer_type=BufferType::L1,shard_spec=ShardSpec(grid={[(x=0,y=0) - (x=7,y=3)]},shape={32, 160},orientation=ShardOrientation::ROW_MAJOR),nd_shard_spec=NdShardSpec(shard_shape=Shape([32, 160]),grid={[(x=0,y=0) - (x=7,y=3)]},orientation=ShardOrientation::ROW_MAJOR,shard_distribution_strategy=ShardDistributionStrategy::GRID_2D),created_with_nd_shard_spec=0) and provided MemoryConfig(memory_layout=TensorMemoryLayout::BLOCK_SHARDED,buffer_type=BufferType::L1,shard_spec=ShardSpec(grid={[(x=0,y=0) - (x=7,y=7)]},shape={32, 160},orientation=ShardOrientation::ROW_MAJOR),nd_shard_spec=std::nullopt,created_with_nd_shard_spec=0) mem config. Using computed config. (matmul_op.cpp:1674)
2026-05-29 08:16:27.265 | INFO     | models.demos.wormhole.stable_diffusion.tt.ttnn_functional_unet_2d_condition_model_new_conv:__call__:491 - Up block 0
2026-05-29 08:16:27.266 | INFO     | models.demos.wormhole.stable_diffusion.tt.ttnn_functional_unet_2d_condition_model_new_conv:__call__:491 - Up block 1
2026-05-29 08:16:27.271 | INFO     | models.demos.wormhole.stable_diffusion.tt.ttnn_functional_unet_2d_condition_model_new_conv:__call__:491 - Up block 2
2026-05-29 08:16:27.279 | INFO     | models.demos.wormhole.stable_diffusion.tt.ttnn_functional_unet_2d_condition_model_new_conv:__call__:491 - Up block 3
2026-05-29 08:16:27.300 | INFO     | models.demos.wormhole.stable_diffusion.tt.ttnn_functional_unet_2d_condition_model_new_conv:__call__:406 - Down block 0
2026-05-29 08:16:27.306 | info     |              Op | act_block_h_override 2 is not a valid override for padded_output_height_ntiles_per_core 7, instead 1 was selected as closest valid option! (conv2d_utils.cpp:401)
2026-05-29 08:16:27.306 | INFO     | models.demos.wormhole.stable_diffusion.tt.ttnn_functional_unet_2d_condition_model_new_conv:__call__:406 - Down block 1
2026-05-29 08:16:27.311 | INFO     | models.demos.wormhole.stable_diffusion.tt.ttnn_functional_unet_2d_condition_model_new_conv:__call__:406 - Down block 2
2026-05-29 08:16:27.314 | INFO     | models.demos.wormhole.stable_diffusion.tt.ttnn_functional_unet_2d_condition_model_new_conv:__call__:406 - Down block 3
2026-05-29 08:16:27.315 | INFO     | models.demos.wormhole.stable_diffusion.tt.ttnn_functional_unet_2d_condition_model_new_conv:__call__:460 - Mid block
2026-05-29 08:16:27.315 | warning  |              Op | Mismatch between computed MemoryConfig(memory_layout=TensorMemoryLayout::BLOCK_SHARDED,buffer_type=BufferType::L1,shard_spec=ShardSpec(grid={[(x=0,y=0) - (x=7,y=3)]},shape={32, 160},orientation=ShardOrientation::ROW_MAJOR),nd_shard_spec=NdShardSpec(shard_shape=Shape([32, 160]),grid={[(x=0,y=0) - (x=7,y=3)]},orientation=ShardOrientation::ROW_MAJOR,shard_distribution_strategy=ShardDistributionStrategy::GRID_2D),created_with_nd_shard_spec=0) and provided MemoryConfig(memory_layout=TensorMemoryLayout::BLOCK_SHARDED,buffer_type=BufferType::L1,shard_spec=ShardSpec(grid={[(x=0,y=0) - (x=7,y=7)]},shape={32, 160},orientation=ShardOrientation::ROW_MAJOR),nd_shard_spec=std::nullopt,created_with_nd_shard_spec=0) mem config. Using computed config. (matmul_op.cpp:1674)
2026-05-29 08:16:27.317 | INFO     | models.demos.wormhole.stable_diffusion.tt.ttnn_functional_unet_2d_condition_model_new_conv:__call__:491 - Up block 0
2026-05-29 08:16:27.318 | INFO     | models.demos.wormhole.stable_diffusion.tt.ttnn_functional_unet_2d_condition_model_new_conv:__call__:491 - Up block 1
2026-05-29 08:16:27.323 | INFO     | models.demos.wormhole.stable_diffusion.tt.ttnn_functional_unet_2d_condition_model_new_conv:__call__:491 - Up block 2
2026-05-29 08:16:27.331 | INFO     | models.demos.wormhole.stable_diffusion.tt.ttnn_functional_unet_2d_condition_model_new_conv:__call__:491 - Up block 3
2026-05-29 08:16:27.352 | INFO     | models.demos.wormhole.stable_diffusion.tt.ttnn_functional_unet_2d_condition_model_new_conv:__call__:406 - Down block 0
2026-05-29 08:16:27.357 | info     |              Op | act_block_h_override 2 is not a valid override for padded_output_height_ntiles_per_core 7, instead 1 was selected as closest valid option! (conv2d_utils.cpp:401)
2026-05-29 08:16:27.358 | INFO     | models.demos.wormhole.stable_diffusion.tt.ttnn_functional_unet_2d_condition_model_new_conv:__call__:406 - Down block 1
2026-05-29 08:16:27.363 | INFO     | models.demos.wormhole.stable_diffusion.tt.ttnn_functional_unet_2d_condition_model_new_conv:__call__:406 - Down block 2
2026-05-29 08:16:27.366 | INFO     | models.demos.wormhole.stable_diffusion.tt.ttnn_functional_unet_2d_condition_model_new_conv:__call__:406 - Down block 3
2026-05-29 08:16:27.367 | INFO     | models.demos.wormhole.stable_diffusion.tt.ttnn_functional_unet_2d_condition_model_new_conv:__call__:460 - Mid block
2026-05-29 08:16:27.367 | warning  |              Op | Mismatch between computed MemoryConfig(memory_layout=TensorMemoryLayout::BLOCK_SHARDED,buffer_type=BufferType::L1,shard_spec=ShardSpec(grid={[(x=0,y=0) - (x=7,y=3)]},shape={32, 160},orientation=ShardOrientation::ROW_MAJOR),nd_shard_spec=NdShardSpec(shard_shape=Shape([32, 160]),grid={[(x=0,y=0) - (x=7,y=3)]},orientation=ShardOrientation::ROW_MAJOR,shard_distribution_strategy=ShardDistributionStrategy::GRID_2D),created_with_nd_shard_spec=0) and provided MemoryConfig(memory_layout=TensorMemoryLayout::BLOCK_SHARDED,buffer_type=BufferType::L1,shard_spec=ShardSpec(grid={[(x=0,y=0) - (x=7,y=7)]},shape={32, 160},orientation=ShardOrientation::ROW_MAJOR),nd_shard_spec=std::nullopt,created_with_nd_shard_spec=0) mem config. Using computed config. (matmul_op.cpp:1674)
2026-05-29 08:16:27.369 | INFO     | models.demos.wormhole.stable_diffusion.tt.ttnn_functional_unet_2d_condition_model_new_conv:__call__:491 - Up block 0
2026-05-29 08:16:27.370 | INFO     | models.demos.wormhole.stable_diffusion.tt.ttnn_functional_unet_2d_condition_model_new_conv:__call__:491 - Up block 1
2026-05-29 08:16:27.375 | INFO     | models.demos.wormhole.stable_diffusion.tt.ttnn_functional_unet_2d_condition_model_new_conv:__call__:491 - Up block 2
2026-05-29 08:16:27.383 | INFO     | models.demos.wormhole.stable_diffusion.tt.ttnn_functional_unet_2d_condition_model_new_conv:__call__:491 - Up block 3
2026-05-29 08:16:27.403 | INFO     | models.demos.wormhole.stable_diffusion.tt.ttnn_functional_unet_2d_condition_model_new_conv:__call__:406 - Down block 0
2026-05-29 08:16:27.409 | info     |              Op | act_block_h_override 2 is not a valid override for padded_output_height_ntiles_per_core 7, instead 1 was selected as closest valid option! (conv2d_utils.cpp:401)
2026-05-29 08:16:27.409 | INFO     | models.demos.wormhole.stable_diffusion.tt.ttnn_functional_unet_2d_condition_model_new_conv:__call__:406 - Down block 1
2026-05-29 08:16:27.415 | INFO     | models.demos.wormhole.stable_diffusion.tt.ttnn_functional_unet_2d_condition_model_new_conv:__call__:406 - Down block 2
2026-05-29 08:16:27.418 | INFO     | models.demos.wormhole.stable_diffusion.tt.ttnn_functional_unet_2d_condition_model_new_conv:__call__:406 - Down block 3
2026-05-29 08:16:27.418 | INFO     | models.demos.wormhole.stable_diffusion.tt.ttnn_functional_unet_2d_condition_model_new_conv:__call__:460 - Mid block
2026-05-29 08:16:27.419 | warning  |              Op | Mismatch between computed MemoryConfig(memory_layout=TensorMemoryLayout::BLOCK_SHARDED,buffer_type=BufferType::L1,shard_spec=ShardSpec(grid={[(x=0,y=0) - (x=7,y=3)]},shape={32, 160},orientation=ShardOrientation::ROW_MAJOR),nd_shard_spec=NdShardSpec(shard_shape=Shape([32, 160]),grid={[(x=0,y=0) - (x=7,y=3)]},orientation=ShardOrientation::ROW_MAJOR,shard_distribution_strategy=ShardDistributionStrategy::GRID_2D),created_with_nd_shard_spec=0) and provided MemoryConfig(memory_layout=TensorMemoryLayout::BLOCK_SHARDED,buffer_type=BufferType::L1,shard_spec=ShardSpec(grid={[(x=0,y=0) - (x=7,y=7)]},shape={32, 160},orientation=ShardOrientation::ROW_MAJOR),nd_shard_spec=std::nullopt,created_with_nd_shard_spec=0) mem config. Using computed config. (matmul_op.cpp:1674)
2026-05-29 08:16:27.420 | INFO     | models.demos.wormhole.stable_diffusion.tt.ttnn_functional_unet_2d_condition_model_new_conv:__call__:491 - Up block 0
2026-05-29 08:16:27.422 | INFO     | models.demos.wormhole.stable_diffusion.tt.ttnn_functional_unet_2d_condition_model_new_conv:__call__:491 - Up block 1
2026-05-29 08:16:27.426 | INFO     | models.demos.wormhole.stable_diffusion.tt.ttnn_functional_unet_2d_condition_model_new_conv:__call__:491 - Up block 2
2026-05-29 08:16:27.434 | INFO     | models.demos.wormhole.stable_diffusion.tt.ttnn_functional_unet_2d_condition_model_new_conv:__call__:491 - Up block 3
  Step 35/41
2026-05-29 08:16:27.458 | INFO     | models.demos.wormhole.stable_diffusion.tt.ttnn_functional_unet_2d_condition_model_new_conv:__call__:406 - Down block 0
2026-05-29 08:16:27.463 | info     |              Op | act_block_h_override 2 is not a valid override for padded_output_height_ntiles_per_core 7, instead 1 was selected as closest valid option! (conv2d_utils.cpp:401)
2026-05-29 08:16:27.464 | INFO     | models.demos.wormhole.stable_diffusion.tt.ttnn_functional_unet_2d_condition_model_new_conv:__call__:406 - Down block 1
2026-05-29 08:16:27.469 | INFO     | models.demos.wormhole.stable_diffusion.tt.ttnn_functional_unet_2d_condition_model_new_conv:__call__:406 - Down block 2
2026-05-29 08:16:27.472 | INFO     | models.demos.wormhole.stable_diffusion.tt.ttnn_functional_unet_2d_condition_model_new_conv:__call__:406 - Down block 3
2026-05-29 08:16:27.473 | INFO     | models.demos.wormhole.stable_diffusion.tt.ttnn_functional_unet_2d_condition_model_new_conv:__call__:460 - Mid block
2026-05-29 08:16:27.474 | warning  |              Op | Mismatch between computed MemoryConfig(memory_layout=TensorMemoryLayout::BLOCK_SHARDED,buffer_type=BufferType::L1,shard_spec=ShardSpec(grid={[(x=0,y=0) - (x=7,y=3)]},shape={32, 160},orientation=ShardOrientation::ROW_MAJOR),nd_shard_spec=NdShardSpec(shard_shape=Shape([32, 160]),grid={[(x=0,y=0) - (x=7,y=3)]},orientation=ShardOrientation::ROW_MAJOR,shard_distribution_strategy=ShardDistributionStrategy::GRID_2D),created_with_nd_shard_spec=0) and provided MemoryConfig(memory_layout=TensorMemoryLayout::BLOCK_SHARDED,buffer_type=BufferType::L1,shard_spec=ShardSpec(grid={[(x=0,y=0) - (x=7,y=7)]},shape={32, 160},orientation=ShardOrientation::ROW_MAJOR),nd_shard_spec=std::nullopt,created_with_nd_shard_spec=0) mem config. Using computed config. (matmul_op.cpp:1674)
2026-05-29 08:16:27.475 | INFO     | models.demos.wormhole.stable_diffusion.tt.ttnn_functional_unet_2d_condition_model_new_conv:__call__:491 - Up block 0
2026-05-29 08:16:27.476 | INFO     | models.demos.wormhole.stable_diffusion.tt.ttnn_functional_unet_2d_condition_model_new_conv:__call__:491 - Up block 1
2026-05-29 08:16:27.481 | INFO     | models.demos.wormhole.stable_diffusion.tt.ttnn_functional_unet_2d_condition_model_new_conv:__call__:491 - Up block 2
2026-05-29 08:16:27.489 | INFO     | models.demos.wormhole.stable_diffusion.tt.ttnn_functional_unet_2d_condition_model_new_conv:__call__:491 - Up block 3
2026-05-29 08:16:27.509 | INFO     | models.demos.wormhole.stable_diffusion.tt.ttnn_functional_unet_2d_condition_model_new_conv:__call__:406 - Down block 0
2026-05-29 08:16:27.515 | info     |              Op | act_block_h_override 2 is not a valid override for padded_output_height_ntiles_per_core 7, instead 1 was selected as closest valid option! (conv2d_utils.cpp:401)
2026-05-29 08:16:27.515 | INFO     | models.demos.wormhole.stable_diffusion.tt.ttnn_functional_unet_2d_condition_model_new_conv:__call__:406 - Down block 1
2026-05-29 08:16:27.521 | INFO     | models.demos.wormhole.stable_diffusion.tt.ttnn_functional_unet_2d_condition_model_new_conv:__call__:406 - Down block 2
2026-05-29 08:16:27.524 | INFO     | models.demos.wormhole.stable_diffusion.tt.ttnn_functional_unet_2d_condition_model_new_conv:__call__:406 - Down block 3
2026-05-29 08:16:27.525 | INFO     | models.demos.wormhole.stable_diffusion.tt.ttnn_functional_unet_2d_condition_model_new_conv:__call__:460 - Mid block
2026-05-29 08:16:27.525 | warning  |              Op | Mismatch between computed MemoryConfig(memory_layout=TensorMemoryLayout::BLOCK_SHARDED,buffer_type=BufferType::L1,shard_spec=ShardSpec(grid={[(x=0,y=0) - (x=7,y=3)]},shape={32, 160},orientation=ShardOrientation::ROW_MAJOR),nd_shard_spec=NdShardSpec(shard_shape=Shape([32, 160]),grid={[(x=0,y=0) - (x=7,y=3)]},orientation=ShardOrientation::ROW_MAJOR,shard_distribution_strategy=ShardDistributionStrategy::GRID_2D),created_with_nd_shard_spec=0) and provided MemoryConfig(memory_layout=TensorMemoryLayout::BLOCK_SHARDED,buffer_type=BufferType::L1,shard_spec=ShardSpec(grid={[(x=0,y=0) - (x=7,y=7)]},shape={32, 160},orientation=ShardOrientation::ROW_MAJOR),nd_shard_spec=std::nullopt,created_with_nd_shard_spec=0) mem config. Using computed config. (matmul_op.cpp:1674)
2026-05-29 08:16:27.527 | INFO     | models.demos.wormhole.stable_diffusion.tt.ttnn_functional_unet_2d_condition_model_new_conv:__call__:491 - Up block 0
2026-05-29 08:16:27.528 | INFO     | models.demos.wormhole.stable_diffusion.tt.ttnn_functional_unet_2d_condition_model_new_conv:__call__:491 - Up block 1
2026-05-29 08:16:27.533 | INFO     | models.demos.wormhole.stable_diffusion.tt.ttnn_functional_unet_2d_condition_model_new_conv:__call__:491 - Up block 2
2026-05-29 08:16:27.541 | INFO     | models.demos.wormhole.stable_diffusion.tt.ttnn_functional_unet_2d_condition_model_new_conv:__call__:491 - Up block 3
2026-05-29 08:16:27.561 | INFO     | models.demos.wormhole.stable_diffusion.tt.ttnn_functional_unet_2d_condition_model_new_conv:__call__:406 - Down block 0
2026-05-29 08:16:27.567 | info     |              Op | act_block_h_override 2 is not a valid override for padded_output_height_ntiles_per_core 7, instead 1 was selected as closest valid option! (conv2d_utils.cpp:401)
2026-05-29 08:16:27.567 | INFO     | models.demos.wormhole.stable_diffusion.tt.ttnn_functional_unet_2d_condition_model_new_conv:__call__:406 - Down block 1
2026-05-29 08:16:27.572 | INFO     | models.demos.wormhole.stable_diffusion.tt.ttnn_functional_unet_2d_condition_model_new_conv:__call__:406 - Down block 2
2026-05-29 08:16:27.576 | INFO     | models.demos.wormhole.stable_diffusion.tt.ttnn_functional_unet_2d_condition_model_new_conv:__call__:406 - Down block 3
2026-05-29 08:16:27.576 | INFO     | models.demos.wormhole.stable_diffusion.tt.ttnn_functional_unet_2d_condition_model_new_conv:__call__:460 - Mid block
2026-05-29 08:16:27.577 | warning  |              Op | Mismatch between computed MemoryConfig(memory_layout=TensorMemoryLayout::BLOCK_SHARDED,buffer_type=BufferType::L1,shard_spec=ShardSpec(grid={[(x=0,y=0) - (x=7,y=3)]},shape={32, 160},orientation=ShardOrientation::ROW_MAJOR),nd_shard_spec=NdShardSpec(shard_shape=Shape([32, 160]),grid={[(x=0,y=0) - (x=7,y=3)]},orientation=ShardOrientation::ROW_MAJOR,shard_distribution_strategy=ShardDistributionStrategy::GRID_2D),created_with_nd_shard_spec=0) and provided MemoryConfig(memory_layout=TensorMemoryLayout::BLOCK_SHARDED,buffer_type=BufferType::L1,shard_spec=ShardSpec(grid={[(x=0,y=0) - (x=7,y=7)]},shape={32, 160},orientation=ShardOrientation::ROW_MAJOR),nd_shard_spec=std::nullopt,created_with_nd_shard_spec=0) mem config. Using computed config. (matmul_op.cpp:1674)
2026-05-29 08:16:27.578 | INFO     | models.demos.wormhole.stable_diffusion.tt.ttnn_functional_unet_2d_condition_model_new_conv:__call__:491 - Up block 0
2026-05-29 08:16:27.580 | INFO     | models.demos.wormhole.stable_diffusion.tt.ttnn_functional_unet_2d_condition_model_new_conv:__call__:491 - Up block 1
2026-05-29 08:16:27.584 | INFO     | models.demos.wormhole.stable_diffusion.tt.ttnn_functional_unet_2d_condition_model_new_conv:__call__:491 - Up block 2
2026-05-29 08:16:27.592 | INFO     | models.demos.wormhole.stable_diffusion.tt.ttnn_functional_unet_2d_condition_model_new_conv:__call__:491 - Up block 3
2026-05-29 08:16:27.613 | INFO     | models.demos.wormhole.stable_diffusion.tt.ttnn_functional_unet_2d_condition_model_new_conv:__call__:406 - Down block 0
2026-05-29 08:16:27.619 | info     |              Op | act_block_h_override 2 is not a valid override for padded_output_height_ntiles_per_core 7, instead 1 was selected as closest valid option! (conv2d_utils.cpp:401)
2026-05-29 08:16:27.619 | INFO     | models.demos.wormhole.stable_diffusion.tt.ttnn_functional_unet_2d_condition_model_new_conv:__call__:406 - Down block 1
2026-05-29 08:16:27.624 | INFO     | models.demos.wormhole.stable_diffusion.tt.ttnn_functional_unet_2d_condition_model_new_conv:__call__:406 - Down block 2
2026-05-29 08:16:27.627 | INFO     | models.demos.wormhole.stable_diffusion.tt.ttnn_functional_unet_2d_condition_model_new_conv:__call__:406 - Down block 3
2026-05-29 08:16:27.628 | INFO     | models.demos.wormhole.stable_diffusion.tt.ttnn_functional_unet_2d_condition_model_new_conv:__call__:460 - Mid block
2026-05-29 08:16:27.628 | warning  |              Op | Mismatch between computed MemoryConfig(memory_layout=TensorMemoryLayout::BLOCK_SHARDED,buffer_type=BufferType::L1,shard_spec=ShardSpec(grid={[(x=0,y=0) - (x=7,y=3)]},shape={32, 160},orientation=ShardOrientation::ROW_MAJOR),nd_shard_spec=NdShardSpec(shard_shape=Shape([32, 160]),grid={[(x=0,y=0) - (x=7,y=3)]},orientation=ShardOrientation::ROW_MAJOR,shard_distribution_strategy=ShardDistributionStrategy::GRID_2D),created_with_nd_shard_spec=0) and provided MemoryConfig(memory_layout=TensorMemoryLayout::BLOCK_SHARDED,buffer_type=BufferType::L1,shard_spec=ShardSpec(grid={[(x=0,y=0) - (x=7,y=7)]},shape={32, 160},orientation=ShardOrientation::ROW_MAJOR),nd_shard_spec=std::nullopt,created_with_nd_shard_spec=0) mem config. Using computed config. (matmul_op.cpp:1674)
2026-05-29 08:16:27.630 | INFO     | models.demos.wormhole.stable_diffusion.tt.ttnn_functional_unet_2d_condition_model_new_conv:__call__:491 - Up block 0
2026-05-29 08:16:27.631 | INFO     | models.demos.wormhole.stable_diffusion.tt.ttnn_functional_unet_2d_condition_model_new_conv:__call__:491 - Up block 1
2026-05-29 08:16:27.636 | INFO     | models.demos.wormhole.stable_diffusion.tt.ttnn_functional_unet_2d_condition_model_new_conv:__call__:491 - Up block 2
2026-05-29 08:16:27.644 | INFO     | models.demos.wormhole.stable_diffusion.tt.ttnn_functional_unet_2d_condition_model_new_conv:__call__:491 - Up block 3
2026-05-29 08:16:27.665 | INFO     | models.demos.wormhole.stable_diffusion.tt.ttnn_functional_unet_2d_condition_model_new_conv:__call__:406 - Down block 0
2026-05-29 08:16:27.670 | info     |              Op | act_block_h_override 2 is not a valid override for padded_output_height_ntiles_per_core 7, instead 1 was selected as closest valid option! (conv2d_utils.cpp:401)
2026-05-29 08:16:27.671 | INFO     | models.demos.wormhole.stable_diffusion.tt.ttnn_functional_unet_2d_condition_model_new_conv:__call__:406 - Down block 1
2026-05-29 08:16:27.676 | INFO     | models.demos.wormhole.stable_diffusion.tt.ttnn_functional_unet_2d_condition_model_new_conv:__call__:406 - Down block 2
2026-05-29 08:16:27.679 | INFO     | models.demos.wormhole.stable_diffusion.tt.ttnn_functional_unet_2d_condition_model_new_conv:__call__:406 - Down block 3
2026-05-29 08:16:27.680 | INFO     | models.demos.wormhole.stable_diffusion.tt.ttnn_functional_unet_2d_condition_model_new_conv:__call__:460 - Mid block
2026-05-29 08:16:27.680 | warning  |              Op | Mismatch between computed MemoryConfig(memory_layout=TensorMemoryLayout::BLOCK_SHARDED,buffer_type=BufferType::L1,shard_spec=ShardSpec(grid={[(x=0,y=0) - (x=7,y=3)]},shape={32, 160},orientation=ShardOrientation::ROW_MAJOR),nd_shard_spec=NdShardSpec(shard_shape=Shape([32, 160]),grid={[(x=0,y=0) - (x=7,y=3)]},orientation=ShardOrientation::ROW_MAJOR,shard_distribution_strategy=ShardDistributionStrategy::GRID_2D),created_with_nd_shard_spec=0) and provided MemoryConfig(memory_layout=TensorMemoryLayout::BLOCK_SHARDED,buffer_type=BufferType::L1,shard_spec=ShardSpec(grid={[(x=0,y=0) - (x=7,y=7)]},shape={32, 160},orientation=ShardOrientation::ROW_MAJOR),nd_shard_spec=std::nullopt,created_with_nd_shard_spec=0) mem config. Using computed config. (matmul_op.cpp:1674)
2026-05-29 08:16:27.682 | INFO     | models.demos.wormhole.stable_diffusion.tt.ttnn_functional_unet_2d_condition_model_new_conv:__call__:491 - Up block 0
2026-05-29 08:16:27.683 | INFO     | models.demos.wormhole.stable_diffusion.tt.ttnn_functional_unet_2d_condition_model_new_conv:__call__:491 - Up block 1
2026-05-29 08:16:27.688 | INFO     | models.demos.wormhole.stable_diffusion.tt.ttnn_functional_unet_2d_condition_model_new_conv:__call__:491 - Up block 2
2026-05-29 08:16:27.696 | INFO     | models.demos.wormhole.stable_diffusion.tt.ttnn_functional_unet_2d_condition_model_new_conv:__call__:491 - Up block 3
2026-05-29 08:16:27.717 | INFO     | models.demos.wormhole.stable_diffusion.tt.ttnn_functional_unet_2d_condition_model_new_conv:__call__:406 - Down block 0
2026-05-29 08:16:27.722 | info     |              Op | act_block_h_override 2 is not a valid override for padded_output_height_ntiles_per_core 7, instead 1 was selected as closest valid option! (conv2d_utils.cpp:401)
2026-05-29 08:16:27.722 | INFO     | models.demos.wormhole.stable_diffusion.tt.ttnn_functional_unet_2d_condition_model_new_conv:__call__:406 - Down block 1
2026-05-29 08:16:27.728 | INFO     | models.demos.wormhole.stable_diffusion.tt.ttnn_functional_unet_2d_condition_model_new_conv:__call__:406 - Down block 2
2026-05-29 08:16:27.731 | INFO     | models.demos.wormhole.stable_diffusion.tt.ttnn_functional_unet_2d_condition_model_new_conv:__call__:406 - Down block 3
2026-05-29 08:16:27.732 | INFO     | models.demos.wormhole.stable_diffusion.tt.ttnn_functional_unet_2d_condition_model_new_conv:__call__:460 - Mid block
2026-05-29 08:16:27.732 | warning  |              Op | Mismatch between computed MemoryConfig(memory_layout=TensorMemoryLayout::BLOCK_SHARDED,buffer_type=BufferType::L1,shard_spec=ShardSpec(grid={[(x=0,y=0) - (x=7,y=3)]},shape={32, 160},orientation=ShardOrientation::ROW_MAJOR),nd_shard_spec=NdShardSpec(shard_shape=Shape([32, 160]),grid={[(x=0,y=0) - (x=7,y=3)]},orientation=ShardOrientation::ROW_MAJOR,shard_distribution_strategy=ShardDistributionStrategy::GRID_2D),created_with_nd_shard_spec=0) and provided MemoryConfig(memory_layout=TensorMemoryLayout::BLOCK_SHARDED,buffer_type=BufferType::L1,shard_spec=ShardSpec(grid={[(x=0,y=0) - (x=7,y=7)]},shape={32, 160},orientation=ShardOrientation::ROW_MAJOR),nd_shard_spec=std::nullopt,created_with_nd_shard_spec=0) mem config. Using computed config. (matmul_op.cpp:1674)
2026-05-29 08:16:27.733 | INFO     | models.demos.wormhole.stable_diffusion.tt.ttnn_functional_unet_2d_condition_model_new_conv:__call__:491 - Up block 0
2026-05-29 08:16:27.735 | INFO     | models.demos.wormhole.stable_diffusion.tt.ttnn_functional_unet_2d_condition_model_new_conv:__call__:491 - Up block 1
2026-05-29 08:16:27.739 | INFO     | models.demos.wormhole.stable_diffusion.tt.ttnn_functional_unet_2d_condition_model_new_conv:__call__:491 - Up block 2
2026-05-29 08:16:27.747 | INFO     | models.demos.wormhole.stable_diffusion.tt.ttnn_functional_unet_2d_condition_model_new_conv:__call__:491 - Up block 3
2026-05-29 08:16:27.769 | INFO     | models.demos.wormhole.stable_diffusion.tt.ttnn_functional_unet_2d_condition_model_new_conv:__call__:406 - Down block 0
2026-05-29 08:16:27.774 | info     |              Op | act_block_h_override 2 is not a valid override for padded_output_height_ntiles_per_core 7, instead 1 was selected as closest valid option! (conv2d_utils.cpp:401)
2026-05-29 08:16:27.774 | INFO     | models.demos.wormhole.stable_diffusion.tt.ttnn_functional_unet_2d_condition_model_new_conv:__call__:406 - Down block 1
2026-05-29 08:16:27.780 | INFO     | models.demos.wormhole.stable_diffusion.tt.ttnn_functional_unet_2d_condition_model_new_conv:__call__:406 - Down block 2
2026-05-29 08:16:27.783 | INFO     | models.demos.wormhole.stable_diffusion.tt.ttnn_functional_unet_2d_condition_model_new_conv:__call__:406 - Down block 3
2026-05-29 08:16:27.784 | INFO     | models.demos.wormhole.stable_diffusion.tt.ttnn_functional_unet_2d_condition_model_new_conv:__call__:460 - Mid block
2026-05-29 08:16:27.784 | warning  |              Op | Mismatch between computed MemoryConfig(memory_layout=TensorMemoryLayout::BLOCK_SHARDED,buffer_type=BufferType::L1,shard_spec=ShardSpec(grid={[(x=0,y=0) - (x=7,y=3)]},shape={32, 160},orientation=ShardOrientation::ROW_MAJOR),nd_shard_spec=NdShardSpec(shard_shape=Shape([32, 160]),grid={[(x=0,y=0) - (x=7,y=3)]},orientation=ShardOrientation::ROW_MAJOR,shard_distribution_strategy=ShardDistributionStrategy::GRID_2D),created_with_nd_shard_spec=0) and provided MemoryConfig(memory_layout=TensorMemoryLayout::BLOCK_SHARDED,buffer_type=BufferType::L1,shard_spec=ShardSpec(grid={[(x=0,y=0) - (x=7,y=7)]},shape={32, 160},orientation=ShardOrientation::ROW_MAJOR),nd_shard_spec=std::nullopt,created_with_nd_shard_spec=0) mem config. Using computed config. (matmul_op.cpp:1674)
2026-05-29 08:16:27.786 | INFO     | models.demos.wormhole.stable_diffusion.tt.ttnn_functional_unet_2d_condition_model_new_conv:__call__:491 - Up block 0
2026-05-29 08:16:27.787 | INFO     | models.demos.wormhole.stable_diffusion.tt.ttnn_functional_unet_2d_condition_model_new_conv:__call__:491 - Up block 1
2026-05-29 08:16:27.792 | INFO     | models.demos.wormhole.stable_diffusion.tt.ttnn_functional_unet_2d_condition_model_new_conv:__call__:491 - Up block 2
2026-05-29 08:16:27.800 | INFO     | models.demos.wormhole.stable_diffusion.tt.ttnn_functional_unet_2d_condition_model_new_conv:__call__:491 - Up block 3
2026-05-29 08:16:27.820 | INFO     | models.demos.wormhole.stable_diffusion.tt.ttnn_functional_unet_2d_condition_model_new_conv:__call__:406 - Down block 0
2026-05-29 08:16:27.826 | info     |              Op | act_block_h_override 2 is not a valid override for padded_output_height_ntiles_per_core 7, instead 1 was selected as closest valid option! (conv2d_utils.cpp:401)
2026-05-29 08:16:27.826 | INFO     | models.demos.wormhole.stable_diffusion.tt.ttnn_functional_unet_2d_condition_model_new_conv:__call__:406 - Down block 1
2026-05-29 08:16:27.831 | INFO     | models.demos.wormhole.stable_diffusion.tt.ttnn_functional_unet_2d_condition_model_new_conv:__call__:406 - Down block 2
2026-05-29 08:16:27.835 | INFO     | models.demos.wormhole.stable_diffusion.tt.ttnn_functional_unet_2d_condition_model_new_conv:__call__:406 - Down block 3
2026-05-29 08:16:27.835 | INFO     | models.demos.wormhole.stable_diffusion.tt.ttnn_functional_unet_2d_condition_model_new_conv:__call__:460 - Mid block
2026-05-29 08:16:27.836 | warning  |              Op | Mismatch between computed MemoryConfig(memory_layout=TensorMemoryLayout::BLOCK_SHARDED,buffer_type=BufferType::L1,shard_spec=ShardSpec(grid={[(x=0,y=0) - (x=7,y=3)]},shape={32, 160},orientation=ShardOrientation::ROW_MAJOR),nd_shard_spec=NdShardSpec(shard_shape=Shape([32, 160]),grid={[(x=0,y=0) - (x=7,y=3)]},orientation=ShardOrientation::ROW_MAJOR,shard_distribution_strategy=ShardDistributionStrategy::GRID_2D),created_with_nd_shard_spec=0) and provided MemoryConfig(memory_layout=TensorMemoryLayout::BLOCK_SHARDED,buffer_type=BufferType::L1,shard_spec=ShardSpec(grid={[(x=0,y=0) - (x=7,y=7)]},shape={32, 160},orientation=ShardOrientation::ROW_MAJOR),nd_shard_spec=std::nullopt,created_with_nd_shard_spec=0) mem config. Using computed config. (matmul_op.cpp:1674)
2026-05-29 08:16:27.837 | INFO     | models.demos.wormhole.stable_diffusion.tt.ttnn_functional_unet_2d_condition_model_new_conv:__call__:491 - Up block 0
2026-05-29 08:16:27.838 | INFO     | models.demos.wormhole.stable_diffusion.tt.ttnn_functional_unet_2d_condition_model_new_conv:__call__:491 - Up block 1
2026-05-29 08:16:27.844 | INFO     | models.demos.wormhole.stable_diffusion.tt.ttnn_functional_unet_2d_condition_model_new_conv:__call__:491 - Up block 2
2026-05-29 08:16:27.852 | INFO     | models.demos.wormhole.stable_diffusion.tt.ttnn_functional_unet_2d_condition_model_new_conv:__call__:491 - Up block 3
  Step 36/41
2026-05-29 08:16:27.875 | INFO     | models.demos.wormhole.stable_diffusion.tt.ttnn_functional_unet_2d_condition_model_new_conv:__call__:406 - Down block 0
2026-05-29 08:16:27.881 | info     |              Op | act_block_h_override 2 is not a valid override for padded_output_height_ntiles_per_core 7, instead 1 was selected as closest valid option! (conv2d_utils.cpp:401)
2026-05-29 08:16:27.881 | INFO     | models.demos.wormhole.stable_diffusion.tt.ttnn_functional_unet_2d_condition_model_new_conv:__call__:406 - Down block 1
2026-05-29 08:16:27.887 | INFO     | models.demos.wormhole.stable_diffusion.tt.ttnn_functional_unet_2d_condition_model_new_conv:__call__:406 - Down block 2
2026-05-29 08:16:27.890 | INFO     | models.demos.wormhole.stable_diffusion.tt.ttnn_functional_unet_2d_condition_model_new_conv:__call__:406 - Down block 3
2026-05-29 08:16:27.891 | INFO     | models.demos.wormhole.stable_diffusion.tt.ttnn_functional_unet_2d_condition_model_new_conv:__call__:460 - Mid block
2026-05-29 08:16:27.891 | warning  |              Op | Mismatch between computed MemoryConfig(memory_layout=TensorMemoryLayout::BLOCK_SHARDED,buffer_type=BufferType::L1,shard_spec=ShardSpec(grid={[(x=0,y=0) - (x=7,y=3)]},shape={32, 160},orientation=ShardOrientation::ROW_MAJOR),nd_shard_spec=NdShardSpec(shard_shape=Shape([32, 160]),grid={[(x=0,y=0) - (x=7,y=3)]},orientation=ShardOrientation::ROW_MAJOR,shard_distribution_strategy=ShardDistributionStrategy::GRID_2D),created_with_nd_shard_spec=0) and provided MemoryConfig(memory_layout=TensorMemoryLayout::BLOCK_SHARDED,buffer_type=BufferType::L1,shard_spec=ShardSpec(grid={[(x=0,y=0) - (x=7,y=7)]},shape={32, 160},orientation=ShardOrientation::ROW_MAJOR),nd_shard_spec=std::nullopt,created_with_nd_shard_spec=0) mem config. Using computed config. (matmul_op.cpp:1674)
2026-05-29 08:16:27.893 | INFO     | models.demos.wormhole.stable_diffusion.tt.ttnn_functional_unet_2d_condition_model_new_conv:__call__:491 - Up block 0
2026-05-29 08:16:27.894 | INFO     | models.demos.wormhole.stable_diffusion.tt.ttnn_functional_unet_2d_condition_model_new_conv:__call__:491 - Up block 1
2026-05-29 08:16:27.899 | INFO     | models.demos.wormhole.stable_diffusion.tt.ttnn_functional_unet_2d_condition_model_new_conv:__call__:491 - Up block 2
2026-05-29 08:16:27.908 | INFO     | models.demos.wormhole.stable_diffusion.tt.ttnn_functional_unet_2d_condition_model_new_conv:__call__:491 - Up block 3
2026-05-29 08:16:27.928 | INFO     | models.demos.wormhole.stable_diffusion.tt.ttnn_functional_unet_2d_condition_model_new_conv:__call__:406 - Down block 0
2026-05-29 08:16:27.933 | info     |              Op | act_block_h_override 2 is not a valid override for padded_output_height_ntiles_per_core 7, instead 1 was selected as closest valid option! (conv2d_utils.cpp:401)
2026-05-29 08:16:27.933 | INFO     | models.demos.wormhole.stable_diffusion.tt.ttnn_functional_unet_2d_condition_model_new_conv:__call__:406 - Down block 1
2026-05-29 08:16:27.939 | INFO     | models.demos.wormhole.stable_diffusion.tt.ttnn_functional_unet_2d_condition_model_new_conv:__call__:406 - Down block 2
2026-05-29 08:16:27.943 | INFO     | models.demos.wormhole.stable_diffusion.tt.ttnn_functional_unet_2d_condition_model_new_conv:__call__:406 - Down block 3
2026-05-29 08:16:27.943 | INFO     | models.demos.wormhole.stable_diffusion.tt.ttnn_functional_unet_2d_condition_model_new_conv:__call__:460 - Mid block
2026-05-29 08:16:27.944 | warning  |              Op | Mismatch between computed MemoryConfig(memory_layout=TensorMemoryLayout::BLOCK_SHARDED,buffer_type=BufferType::L1,shard_spec=ShardSpec(grid={[(x=0,y=0) - (x=7,y=3)]},shape={32, 160},orientation=ShardOrientation::ROW_MAJOR),nd_shard_spec=NdShardSpec(shard_shape=Shape([32, 160]),grid={[(x=0,y=0) - (x=7,y=3)]},orientation=ShardOrientation::ROW_MAJOR,shard_distribution_strategy=ShardDistributionStrategy::GRID_2D),created_with_nd_shard_spec=0) and provided MemoryConfig(memory_layout=TensorMemoryLayout::BLOCK_SHARDED,buffer_type=BufferType::L1,shard_spec=ShardSpec(grid={[(x=0,y=0) - (x=7,y=7)]},shape={32, 160},orientation=ShardOrientation::ROW_MAJOR),nd_shard_spec=std::nullopt,created_with_nd_shard_spec=0) mem config. Using computed config. (matmul_op.cpp:1674)
2026-05-29 08:16:27.945 | INFO     | models.demos.wormhole.stable_diffusion.tt.ttnn_functional_unet_2d_condition_model_new_conv:__call__:491 - Up block 0
2026-05-29 08:16:27.946 | INFO     | models.demos.wormhole.stable_diffusion.tt.ttnn_functional_unet_2d_condition_model_new_conv:__call__:491 - Up block 1
2026-05-29 08:16:27.951 | INFO     | models.demos.wormhole.stable_diffusion.tt.ttnn_functional_unet_2d_condition_model_new_conv:__call__:491 - Up block 2
2026-05-29 08:16:27.960 | INFO     | models.demos.wormhole.stable_diffusion.tt.ttnn_functional_unet_2d_condition_model_new_conv:__call__:491 - Up block 3
2026-05-29 08:16:27.980 | INFO     | models.demos.wormhole.stable_diffusion.tt.ttnn_functional_unet_2d_condition_model_new_conv:__call__:406 - Down block 0
2026-05-29 08:16:27.985 | info     |              Op | act_block_h_override 2 is not a valid override for padded_output_height_ntiles_per_core 7, instead 1 was selected as closest valid option! (conv2d_utils.cpp:401)
2026-05-29 08:16:27.985 | INFO     | models.demos.wormhole.stable_diffusion.tt.ttnn_functional_unet_2d_condition_model_new_conv:__call__:406 - Down block 1
2026-05-29 08:16:27.991 | INFO     | models.demos.wormhole.stable_diffusion.tt.ttnn_functional_unet_2d_condition_model_new_conv:__call__:406 - Down block 2
2026-05-29 08:16:27.994 | INFO     | models.demos.wormhole.stable_diffusion.tt.ttnn_functional_unet_2d_condition_model_new_conv:__call__:406 - Down block 3
2026-05-29 08:16:27.995 | INFO     | models.demos.wormhole.stable_diffusion.tt.ttnn_functional_unet_2d_condition_model_new_conv:__call__:460 - Mid block
2026-05-29 08:16:27.995 | warning  |              Op | Mismatch between computed MemoryConfig(memory_layout=TensorMemoryLayout::BLOCK_SHARDED,buffer_type=BufferType::L1,shard_spec=ShardSpec(grid={[(x=0,y=0) - (x=7,y=3)]},shape={32, 160},orientation=ShardOrientation::ROW_MAJOR),nd_shard_spec=NdShardSpec(shard_shape=Shape([32, 160]),grid={[(x=0,y=0) - (x=7,y=3)]},orientation=ShardOrientation::ROW_MAJOR,shard_distribution_strategy=ShardDistributionStrategy::GRID_2D),created_with_nd_shard_spec=0) and provided MemoryConfig(memory_layout=TensorMemoryLayout::BLOCK_SHARDED,buffer_type=BufferType::L1,shard_spec=ShardSpec(grid={[(x=0,y=0) - (x=7,y=7)]},shape={32, 160},orientation=ShardOrientation::ROW_MAJOR),nd_shard_spec=std::nullopt,created_with_nd_shard_spec=0) mem config. Using computed config. (matmul_op.cpp:1674)
2026-05-29 08:16:27.997 | INFO     | models.demos.wormhole.stable_diffusion.tt.ttnn_functional_unet_2d_condition_model_new_conv:__call__:491 - Up block 0
2026-05-29 08:16:27.998 | INFO     | models.demos.wormhole.stable_diffusion.tt.ttnn_functional_unet_2d_condition_model_new_conv:__call__:491 - Up block 1
2026-05-29 08:16:28.003 | INFO     | models.demos.wormhole.stable_diffusion.tt.ttnn_functional_unet_2d_condition_model_new_conv:__call__:491 - Up block 2
2026-05-29 08:16:28.011 | INFO     | models.demos.wormhole.stable_diffusion.tt.ttnn_functional_unet_2d_condition_model_new_conv:__call__:491 - Up block 3
2026-05-29 08:16:28.031 | INFO     | models.demos.wormhole.stable_diffusion.tt.ttnn_functional_unet_2d_condition_model_new_conv:__call__:406 - Down block 0
2026-05-29 08:16:28.037 | info     |              Op | act_block_h_override 2 is not a valid override for padded_output_height_ntiles_per_core 7, instead 1 was selected as closest valid option! (conv2d_utils.cpp:401)
2026-05-29 08:16:28.037 | INFO     | models.demos.wormhole.stable_diffusion.tt.ttnn_functional_unet_2d_condition_model_new_conv:__call__:406 - Down block 1
2026-05-29 08:16:28.043 | INFO     | models.demos.wormhole.stable_diffusion.tt.ttnn_functional_unet_2d_condition_model_new_conv:__call__:406 - Down block 2
2026-05-29 08:16:28.046 | INFO     | models.demos.wormhole.stable_diffusion.tt.ttnn_functional_unet_2d_condition_model_new_conv:__call__:406 - Down block 3
2026-05-29 08:16:28.047 | INFO     | models.demos.wormhole.stable_diffusion.tt.ttnn_functional_unet_2d_condition_model_new_conv:__call__:460 - Mid block
2026-05-29 08:16:28.047 | warning  |              Op | Mismatch between computed MemoryConfig(memory_layout=TensorMemoryLayout::BLOCK_SHARDED,buffer_type=BufferType::L1,shard_spec=ShardSpec(grid={[(x=0,y=0) - (x=7,y=3)]},shape={32, 160},orientation=ShardOrientation::ROW_MAJOR),nd_shard_spec=NdShardSpec(shard_shape=Shape([32, 160]),grid={[(x=0,y=0) - (x=7,y=3)]},orientation=ShardOrientation::ROW_MAJOR,shard_distribution_strategy=ShardDistributionStrategy::GRID_2D),created_with_nd_shard_spec=0) and provided MemoryConfig(memory_layout=TensorMemoryLayout::BLOCK_SHARDED,buffer_type=BufferType::L1,shard_spec=ShardSpec(grid={[(x=0,y=0) - (x=7,y=7)]},shape={32, 160},orientation=ShardOrientation::ROW_MAJOR),nd_shard_spec=std::nullopt,created_with_nd_shard_spec=0) mem config. Using computed config. (matmul_op.cpp:1674)
2026-05-29 08:16:28.048 | INFO     | models.demos.wormhole.stable_diffusion.tt.ttnn_functional_unet_2d_condition_model_new_conv:__call__:491 - Up block 0
2026-05-29 08:16:28.050 | INFO     | models.demos.wormhole.stable_diffusion.tt.ttnn_functional_unet_2d_condition_model_new_conv:__call__:491 - Up block 1
2026-05-29 08:16:28.055 | INFO     | models.demos.wormhole.stable_diffusion.tt.ttnn_functional_unet_2d_condition_model_new_conv:__call__:491 - Up block 2
2026-05-29 08:16:28.062 | INFO     | models.demos.wormhole.stable_diffusion.tt.ttnn_functional_unet_2d_condition_model_new_conv:__call__:491 - Up block 3
2026-05-29 08:16:28.083 | INFO     | models.demos.wormhole.stable_diffusion.tt.ttnn_functional_unet_2d_condition_model_new_conv:__call__:406 - Down block 0
2026-05-29 08:16:28.089 | info     |              Op | act_block_h_override 2 is not a valid override for padded_output_height_ntiles_per_core 7, instead 1 was selected as closest valid option! (conv2d_utils.cpp:401)
2026-05-29 08:16:28.089 | INFO     | models.demos.wormhole.stable_diffusion.tt.ttnn_functional_unet_2d_condition_model_new_conv:__call__:406 - Down block 1
2026-05-29 08:16:28.094 | INFO     | models.demos.wormhole.stable_diffusion.tt.ttnn_functional_unet_2d_condition_model_new_conv:__call__:406 - Down block 2
2026-05-29 08:16:28.098 | INFO     | models.demos.wormhole.stable_diffusion.tt.ttnn_functional_unet_2d_condition_model_new_conv:__call__:406 - Down block 3
2026-05-29 08:16:28.098 | INFO     | models.demos.wormhole.stable_diffusion.tt.ttnn_functional_unet_2d_condition_model_new_conv:__call__:460 - Mid block
2026-05-29 08:16:28.099 | warning  |              Op | Mismatch between computed MemoryConfig(memory_layout=TensorMemoryLayout::BLOCK_SHARDED,buffer_type=BufferType::L1,shard_spec=ShardSpec(grid={[(x=0,y=0) - (x=7,y=3)]},shape={32, 160},orientation=ShardOrientation::ROW_MAJOR),nd_shard_spec=NdShardSpec(shard_shape=Shape([32, 160]),grid={[(x=0,y=0) - (x=7,y=3)]},orientation=ShardOrientation::ROW_MAJOR,shard_distribution_strategy=ShardDistributionStrategy::GRID_2D),created_with_nd_shard_spec=0) and provided MemoryConfig(memory_layout=TensorMemoryLayout::BLOCK_SHARDED,buffer_type=BufferType::L1,shard_spec=ShardSpec(grid={[(x=0,y=0) - (x=7,y=7)]},shape={32, 160},orientation=ShardOrientation::ROW_MAJOR),nd_shard_spec=std::nullopt,created_with_nd_shard_spec=0) mem config. Using computed config. (matmul_op.cpp:1674)
2026-05-29 08:16:28.100 | INFO     | models.demos.wormhole.stable_diffusion.tt.ttnn_functional_unet_2d_condition_model_new_conv:__call__:491 - Up block 0
2026-05-29 08:16:28.101 | INFO     | models.demos.wormhole.stable_diffusion.tt.ttnn_functional_unet_2d_condition_model_new_conv:__call__:491 - Up block 1
2026-05-29 08:16:28.106 | INFO     | models.demos.wormhole.stable_diffusion.tt.ttnn_functional_unet_2d_condition_model_new_conv:__call__:491 - Up block 2
2026-05-29 08:16:28.114 | INFO     | models.demos.wormhole.stable_diffusion.tt.ttnn_functional_unet_2d_condition_model_new_conv:__call__:491 - Up block 3
2026-05-29 08:16:28.135 | INFO     | models.demos.wormhole.stable_diffusion.tt.ttnn_functional_unet_2d_condition_model_new_conv:__call__:406 - Down block 0
2026-05-29 08:16:28.141 | info     |              Op | act_block_h_override 2 is not a valid override for padded_output_height_ntiles_per_core 7, instead 1 was selected as closest valid option! (conv2d_utils.cpp:401)
2026-05-29 08:16:28.141 | INFO     | models.demos.wormhole.stable_diffusion.tt.ttnn_functional_unet_2d_condition_model_new_conv:__call__:406 - Down block 1
2026-05-29 08:16:28.146 | INFO     | models.demos.wormhole.stable_diffusion.tt.ttnn_functional_unet_2d_condition_model_new_conv:__call__:406 - Down block 2
2026-05-29 08:16:28.149 | INFO     | models.demos.wormhole.stable_diffusion.tt.ttnn_functional_unet_2d_condition_model_new_conv:__call__:406 - Down block 3
2026-05-29 08:16:28.150 | INFO     | models.demos.wormhole.stable_diffusion.tt.ttnn_functional_unet_2d_condition_model_new_conv:__call__:460 - Mid block
2026-05-29 08:16:28.151 | warning  |              Op | Mismatch between computed MemoryConfig(memory_layout=TensorMemoryLayout::BLOCK_SHARDED,buffer_type=BufferType::L1,shard_spec=ShardSpec(grid={[(x=0,y=0) - (x=7,y=3)]},shape={32, 160},orientation=ShardOrientation::ROW_MAJOR),nd_shard_spec=NdShardSpec(shard_shape=Shape([32, 160]),grid={[(x=0,y=0) - (x=7,y=3)]},orientation=ShardOrientation::ROW_MAJOR,shard_distribution_strategy=ShardDistributionStrategy::GRID_2D),created_with_nd_shard_spec=0) and provided MemoryConfig(memory_layout=TensorMemoryLayout::BLOCK_SHARDED,buffer_type=BufferType::L1,shard_spec=ShardSpec(grid={[(x=0,y=0) - (x=7,y=7)]},shape={32, 160},orientation=ShardOrientation::ROW_MAJOR),nd_shard_spec=std::nullopt,created_with_nd_shard_spec=0) mem config. Using computed config. (matmul_op.cpp:1674)
2026-05-29 08:16:28.152 | INFO     | models.demos.wormhole.stable_diffusion.tt.ttnn_functional_unet_2d_condition_model_new_conv:__call__:491 - Up block 0
2026-05-29 08:16:28.153 | INFO     | models.demos.wormhole.stable_diffusion.tt.ttnn_functional_unet_2d_condition_model_new_conv:__call__:491 - Up block 1
2026-05-29 08:16:28.158 | INFO     | models.demos.wormhole.stable_diffusion.tt.ttnn_functional_unet_2d_condition_model_new_conv:__call__:491 - Up block 2
2026-05-29 08:16:28.166 | INFO     | models.demos.wormhole.stable_diffusion.tt.ttnn_functional_unet_2d_condition_model_new_conv:__call__:491 - Up block 3
2026-05-29 08:16:28.187 | INFO     | models.demos.wormhole.stable_diffusion.tt.ttnn_functional_unet_2d_condition_model_new_conv:__call__:406 - Down block 0
2026-05-29 08:16:28.193 | info     |              Op | act_block_h_override 2 is not a valid override for padded_output_height_ntiles_per_core 7, instead 1 was selected as closest valid option! (conv2d_utils.cpp:401)
2026-05-29 08:16:28.193 | INFO     | models.demos.wormhole.stable_diffusion.tt.ttnn_functional_unet_2d_condition_model_new_conv:__call__:406 - Down block 1
2026-05-29 08:16:28.198 | INFO     | models.demos.wormhole.stable_diffusion.tt.ttnn_functional_unet_2d_condition_model_new_conv:__call__:406 - Down block 2
2026-05-29 08:16:28.201 | INFO     | models.demos.wormhole.stable_diffusion.tt.ttnn_functional_unet_2d_condition_model_new_conv:__call__:406 - Down block 3
2026-05-29 08:16:28.202 | INFO     | models.demos.wormhole.stable_diffusion.tt.ttnn_functional_unet_2d_condition_model_new_conv:__call__:460 - Mid block
2026-05-29 08:16:28.203 | warning  |              Op | Mismatch between computed MemoryConfig(memory_layout=TensorMemoryLayout::BLOCK_SHARDED,buffer_type=BufferType::L1,shard_spec=ShardSpec(grid={[(x=0,y=0) - (x=7,y=3)]},shape={32, 160},orientation=ShardOrientation::ROW_MAJOR),nd_shard_spec=NdShardSpec(shard_shape=Shape([32, 160]),grid={[(x=0,y=0) - (x=7,y=3)]},orientation=ShardOrientation::ROW_MAJOR,shard_distribution_strategy=ShardDistributionStrategy::GRID_2D),created_with_nd_shard_spec=0) and provided MemoryConfig(memory_layout=TensorMemoryLayout::BLOCK_SHARDED,buffer_type=BufferType::L1,shard_spec=ShardSpec(grid={[(x=0,y=0) - (x=7,y=7)]},shape={32, 160},orientation=ShardOrientation::ROW_MAJOR),nd_shard_spec=std::nullopt,created_with_nd_shard_spec=0) mem config. Using computed config. (matmul_op.cpp:1674)
2026-05-29 08:16:28.204 | INFO     | models.demos.wormhole.stable_diffusion.tt.ttnn_functional_unet_2d_condition_model_new_conv:__call__:491 - Up block 0
2026-05-29 08:16:28.205 | INFO     | models.demos.wormhole.stable_diffusion.tt.ttnn_functional_unet_2d_condition_model_new_conv:__call__:491 - Up block 1
2026-05-29 08:16:28.210 | INFO     | models.demos.wormhole.stable_diffusion.tt.ttnn_functional_unet_2d_condition_model_new_conv:__call__:491 - Up block 2
2026-05-29 08:16:28.218 | INFO     | models.demos.wormhole.stable_diffusion.tt.ttnn_functional_unet_2d_condition_model_new_conv:__call__:491 - Up block 3
2026-05-29 08:16:28.239 | INFO     | models.demos.wormhole.stable_diffusion.tt.ttnn_functional_unet_2d_condition_model_new_conv:__call__:406 - Down block 0
2026-05-29 08:16:28.244 | info     |              Op | act_block_h_override 2 is not a valid override for padded_output_height_ntiles_per_core 7, instead 1 was selected as closest valid option! (conv2d_utils.cpp:401)
2026-05-29 08:16:28.245 | INFO     | models.demos.wormhole.stable_diffusion.tt.ttnn_functional_unet_2d_condition_model_new_conv:__call__:406 - Down block 1
2026-05-29 08:16:28.250 | INFO     | models.demos.wormhole.stable_diffusion.tt.ttnn_functional_unet_2d_condition_model_new_conv:__call__:406 - Down block 2
2026-05-29 08:16:28.253 | INFO     | models.demos.wormhole.stable_diffusion.tt.ttnn_functional_unet_2d_condition_model_new_conv:__call__:406 - Down block 3
2026-05-29 08:16:28.254 | INFO     | models.demos.wormhole.stable_diffusion.tt.ttnn_functional_unet_2d_condition_model_new_conv:__call__:460 - Mid block
2026-05-29 08:16:28.254 | warning  |              Op | Mismatch between computed MemoryConfig(memory_layout=TensorMemoryLayout::BLOCK_SHARDED,buffer_type=BufferType::L1,shard_spec=ShardSpec(grid={[(x=0,y=0) - (x=7,y=3)]},shape={32, 160},orientation=ShardOrientation::ROW_MAJOR),nd_shard_spec=NdShardSpec(shard_shape=Shape([32, 160]),grid={[(x=0,y=0) - (x=7,y=3)]},orientation=ShardOrientation::ROW_MAJOR,shard_distribution_strategy=ShardDistributionStrategy::GRID_2D),created_with_nd_shard_spec=0) and provided MemoryConfig(memory_layout=TensorMemoryLayout::BLOCK_SHARDED,buffer_type=BufferType::L1,shard_spec=ShardSpec(grid={[(x=0,y=0) - (x=7,y=7)]},shape={32, 160},orientation=ShardOrientation::ROW_MAJOR),nd_shard_spec=std::nullopt,created_with_nd_shard_spec=0) mem config. Using computed config. (matmul_op.cpp:1674)
2026-05-29 08:16:28.255 | INFO     | models.demos.wormhole.stable_diffusion.tt.ttnn_functional_unet_2d_condition_model_new_conv:__call__:491 - Up block 0
2026-05-29 08:16:28.257 | INFO     | models.demos.wormhole.stable_diffusion.tt.ttnn_functional_unet_2d_condition_model_new_conv:__call__:491 - Up block 1
2026-05-29 08:16:28.261 | INFO     | models.demos.wormhole.stable_diffusion.tt.ttnn_functional_unet_2d_condition_model_new_conv:__call__:491 - Up block 2
2026-05-29 08:16:28.269 | INFO     | models.demos.wormhole.stable_diffusion.tt.ttnn_functional_unet_2d_condition_model_new_conv:__call__:491 - Up block 3
  Step 37/41
2026-05-29 08:16:28.293 | INFO     | models.demos.wormhole.stable_diffusion.tt.ttnn_functional_unet_2d_condition_model_new_conv:__call__:406 - Down block 0
2026-05-29 08:16:28.299 | info     |              Op | act_block_h_override 2 is not a valid override for padded_output_height_ntiles_per_core 7, instead 1 was selected as closest valid option! (conv2d_utils.cpp:401)
2026-05-29 08:16:28.299 | INFO     | models.demos.wormhole.stable_diffusion.tt.ttnn_functional_unet_2d_condition_model_new_conv:__call__:406 - Down block 1
2026-05-29 08:16:28.305 | INFO     | models.demos.wormhole.stable_diffusion.tt.ttnn_functional_unet_2d_condition_model_new_conv:__call__:406 - Down block 2
2026-05-29 08:16:28.308 | INFO     | models.demos.wormhole.stable_diffusion.tt.ttnn_functional_unet_2d_condition_model_new_conv:__call__:406 - Down block 3
2026-05-29 08:16:28.309 | INFO     | models.demos.wormhole.stable_diffusion.tt.ttnn_functional_unet_2d_condition_model_new_conv:__call__:460 - Mid block
2026-05-29 08:16:28.309 | warning  |              Op | Mismatch between computed MemoryConfig(memory_layout=TensorMemoryLayout::BLOCK_SHARDED,buffer_type=BufferType::L1,shard_spec=ShardSpec(grid={[(x=0,y=0) - (x=7,y=3)]},shape={32, 160},orientation=ShardOrientation::ROW_MAJOR),nd_shard_spec=NdShardSpec(shard_shape=Shape([32, 160]),grid={[(x=0,y=0) - (x=7,y=3)]},orientation=ShardOrientation::ROW_MAJOR,shard_distribution_strategy=ShardDistributionStrategy::GRID_2D),created_with_nd_shard_spec=0) and provided MemoryConfig(memory_layout=TensorMemoryLayout::BLOCK_SHARDED,buffer_type=BufferType::L1,shard_spec=ShardSpec(grid={[(x=0,y=0) - (x=7,y=7)]},shape={32, 160},orientation=ShardOrientation::ROW_MAJOR),nd_shard_spec=std::nullopt,created_with_nd_shard_spec=0) mem config. Using computed config. (matmul_op.cpp:1674)
2026-05-29 08:16:28.311 | INFO     | models.demos.wormhole.stable_diffusion.tt.ttnn_functional_unet_2d_condition_model_new_conv:__call__:491 - Up block 0
2026-05-29 08:16:28.312 | INFO     | models.demos.wormhole.stable_diffusion.tt.ttnn_functional_unet_2d_condition_model_new_conv:__call__:491 - Up block 1
2026-05-29 08:16:28.317 | INFO     | models.demos.wormhole.stable_diffusion.tt.ttnn_functional_unet_2d_condition_model_new_conv:__call__:491 - Up block 2
2026-05-29 08:16:28.325 | INFO     | models.demos.wormhole.stable_diffusion.tt.ttnn_functional_unet_2d_condition_model_new_conv:__call__:491 - Up block 3
2026-05-29 08:16:28.345 | INFO     | models.demos.wormhole.stable_diffusion.tt.ttnn_functional_unet_2d_condition_model_new_conv:__call__:406 - Down block 0
2026-05-29 08:16:28.351 | info     |              Op | act_block_h_override 2 is not a valid override for padded_output_height_ntiles_per_core 7, instead 1 was selected as closest valid option! (conv2d_utils.cpp:401)
2026-05-29 08:16:28.351 | INFO     | models.demos.wormhole.stable_diffusion.tt.ttnn_functional_unet_2d_condition_model_new_conv:__call__:406 - Down block 1
2026-05-29 08:16:28.356 | INFO     | models.demos.wormhole.stable_diffusion.tt.ttnn_functional_unet_2d_condition_model_new_conv:__call__:406 - Down block 2
2026-05-29 08:16:28.360 | INFO     | models.demos.wormhole.stable_diffusion.tt.ttnn_functional_unet_2d_condition_model_new_conv:__call__:406 - Down block 3
2026-05-29 08:16:28.360 | INFO     | models.demos.wormhole.stable_diffusion.tt.ttnn_functional_unet_2d_condition_model_new_conv:__call__:460 - Mid block
2026-05-29 08:16:28.361 | warning  |              Op | Mismatch between computed MemoryConfig(memory_layout=TensorMemoryLayout::BLOCK_SHARDED,buffer_type=BufferType::L1,shard_spec=ShardSpec(grid={[(x=0,y=0) - (x=7,y=3)]},shape={32, 160},orientation=ShardOrientation::ROW_MAJOR),nd_shard_spec=NdShardSpec(shard_shape=Shape([32, 160]),grid={[(x=0,y=0) - (x=7,y=3)]},orientation=ShardOrientation::ROW_MAJOR,shard_distribution_strategy=ShardDistributionStrategy::GRID_2D),created_with_nd_shard_spec=0) and provided MemoryConfig(memory_layout=TensorMemoryLayout::BLOCK_SHARDED,buffer_type=BufferType::L1,shard_spec=ShardSpec(grid={[(x=0,y=0) - (x=7,y=7)]},shape={32, 160},orientation=ShardOrientation::ROW_MAJOR),nd_shard_spec=std::nullopt,created_with_nd_shard_spec=0) mem config. Using computed config. (matmul_op.cpp:1674)
2026-05-29 08:16:28.362 | INFO     | models.demos.wormhole.stable_diffusion.tt.ttnn_functional_unet_2d_condition_model_new_conv:__call__:491 - Up block 0
2026-05-29 08:16:28.363 | INFO     | models.demos.wormhole.stable_diffusion.tt.ttnn_functional_unet_2d_condition_model_new_conv:__call__:491 - Up block 1
2026-05-29 08:16:28.368 | INFO     | models.demos.wormhole.stable_diffusion.tt.ttnn_functional_unet_2d_condition_model_new_conv:__call__:491 - Up block 2
2026-05-29 08:16:28.376 | INFO     | models.demos.wormhole.stable_diffusion.tt.ttnn_functional_unet_2d_condition_model_new_conv:__call__:491 - Up block 3
2026-05-29 08:16:28.397 | INFO     | models.demos.wormhole.stable_diffusion.tt.ttnn_functional_unet_2d_condition_model_new_conv:__call__:406 - Down block 0
2026-05-29 08:16:28.403 | info     |              Op | act_block_h_override 2 is not a valid override for padded_output_height_ntiles_per_core 7, instead 1 was selected as closest valid option! (conv2d_utils.cpp:401)
2026-05-29 08:16:28.403 | INFO     | models.demos.wormhole.stable_diffusion.tt.ttnn_functional_unet_2d_condition_model_new_conv:__call__:406 - Down block 1
2026-05-29 08:16:28.408 | INFO     | models.demos.wormhole.stable_diffusion.tt.ttnn_functional_unet_2d_condition_model_new_conv:__call__:406 - Down block 2
2026-05-29 08:16:28.412 | INFO     | models.demos.wormhole.stable_diffusion.tt.ttnn_functional_unet_2d_condition_model_new_conv:__call__:406 - Down block 3
2026-05-29 08:16:28.412 | INFO     | models.demos.wormhole.stable_diffusion.tt.ttnn_functional_unet_2d_condition_model_new_conv:__call__:460 - Mid block
2026-05-29 08:16:28.413 | warning  |              Op | Mismatch between computed MemoryConfig(memory_layout=TensorMemoryLayout::BLOCK_SHARDED,buffer_type=BufferType::L1,shard_spec=ShardSpec(grid={[(x=0,y=0) - (x=7,y=3)]},shape={32, 160},orientation=ShardOrientation::ROW_MAJOR),nd_shard_spec=NdShardSpec(shard_shape=Shape([32, 160]),grid={[(x=0,y=0) - (x=7,y=3)]},orientation=ShardOrientation::ROW_MAJOR,shard_distribution_strategy=ShardDistributionStrategy::GRID_2D),created_with_nd_shard_spec=0) and provided MemoryConfig(memory_layout=TensorMemoryLayout::BLOCK_SHARDED,buffer_type=BufferType::L1,shard_spec=ShardSpec(grid={[(x=0,y=0) - (x=7,y=7)]},shape={32, 160},orientation=ShardOrientation::ROW_MAJOR),nd_shard_spec=std::nullopt,created_with_nd_shard_spec=0) mem config. Using computed config. (matmul_op.cpp:1674)
2026-05-29 08:16:28.414 | INFO     | models.demos.wormhole.stable_diffusion.tt.ttnn_functional_unet_2d_condition_model_new_conv:__call__:491 - Up block 0
2026-05-29 08:16:28.415 | INFO     | models.demos.wormhole.stable_diffusion.tt.ttnn_functional_unet_2d_condition_model_new_conv:__call__:491 - Up block 1
2026-05-29 08:16:28.420 | INFO     | models.demos.wormhole.stable_diffusion.tt.ttnn_functional_unet_2d_condition_model_new_conv:__call__:491 - Up block 2
2026-05-29 08:16:28.428 | INFO     | models.demos.wormhole.stable_diffusion.tt.ttnn_functional_unet_2d_condition_model_new_conv:__call__:491 - Up block 3
2026-05-29 08:16:28.449 | INFO     | models.demos.wormhole.stable_diffusion.tt.ttnn_functional_unet_2d_condition_model_new_conv:__call__:406 - Down block 0
2026-05-29 08:16:28.455 | info     |              Op | act_block_h_override 2 is not a valid override for padded_output_height_ntiles_per_core 7, instead 1 was selected as closest valid option! (conv2d_utils.cpp:401)
2026-05-29 08:16:28.455 | INFO     | models.demos.wormhole.stable_diffusion.tt.ttnn_functional_unet_2d_condition_model_new_conv:__call__:406 - Down block 1
2026-05-29 08:16:28.460 | INFO     | models.demos.wormhole.stable_diffusion.tt.ttnn_functional_unet_2d_condition_model_new_conv:__call__:406 - Down block 2
2026-05-29 08:16:28.463 | INFO     | models.demos.wormhole.stable_diffusion.tt.ttnn_functional_unet_2d_condition_model_new_conv:__call__:406 - Down block 3
2026-05-29 08:16:28.464 | INFO     | models.demos.wormhole.stable_diffusion.tt.ttnn_functional_unet_2d_condition_model_new_conv:__call__:460 - Mid block
2026-05-29 08:16:28.464 | warning  |              Op | Mismatch between computed MemoryConfig(memory_layout=TensorMemoryLayout::BLOCK_SHARDED,buffer_type=BufferType::L1,shard_spec=ShardSpec(grid={[(x=0,y=0) - (x=7,y=3)]},shape={32, 160},orientation=ShardOrientation::ROW_MAJOR),nd_shard_spec=NdShardSpec(shard_shape=Shape([32, 160]),grid={[(x=0,y=0) - (x=7,y=3)]},orientation=ShardOrientation::ROW_MAJOR,shard_distribution_strategy=ShardDistributionStrategy::GRID_2D),created_with_nd_shard_spec=0) and provided MemoryConfig(memory_layout=TensorMemoryLayout::BLOCK_SHARDED,buffer_type=BufferType::L1,shard_spec=ShardSpec(grid={[(x=0,y=0) - (x=7,y=7)]},shape={32, 160},orientation=ShardOrientation::ROW_MAJOR),nd_shard_spec=std::nullopt,created_with_nd_shard_spec=0) mem config. Using computed config. (matmul_op.cpp:1674)
2026-05-29 08:16:28.466 | INFO     | models.demos.wormhole.stable_diffusion.tt.ttnn_functional_unet_2d_condition_model_new_conv:__call__:491 - Up block 0
2026-05-29 08:16:28.467 | INFO     | models.demos.wormhole.stable_diffusion.tt.ttnn_functional_unet_2d_condition_model_new_conv:__call__:491 - Up block 1
2026-05-29 08:16:28.472 | INFO     | models.demos.wormhole.stable_diffusion.tt.ttnn_functional_unet_2d_condition_model_new_conv:__call__:491 - Up block 2
2026-05-29 08:16:28.480 | INFO     | models.demos.wormhole.stable_diffusion.tt.ttnn_functional_unet_2d_condition_model_new_conv:__call__:491 - Up block 3
2026-05-29 08:16:28.501 | INFO     | models.demos.wormhole.stable_diffusion.tt.ttnn_functional_unet_2d_condition_model_new_conv:__call__:406 - Down block 0
2026-05-29 08:16:28.507 | info     |              Op | act_block_h_override 2 is not a valid override for padded_output_height_ntiles_per_core 7, instead 1 was selected as closest valid option! (conv2d_utils.cpp:401)
2026-05-29 08:16:28.507 | INFO     | models.demos.wormhole.stable_diffusion.tt.ttnn_functional_unet_2d_condition_model_new_conv:__call__:406 - Down block 1
2026-05-29 08:16:28.513 | INFO     | models.demos.wormhole.stable_diffusion.tt.ttnn_functional_unet_2d_condition_model_new_conv:__call__:406 - Down block 2
2026-05-29 08:16:28.516 | INFO     | models.demos.wormhole.stable_diffusion.tt.ttnn_functional_unet_2d_condition_model_new_conv:__call__:406 - Down block 3
2026-05-29 08:16:28.517 | INFO     | models.demos.wormhole.stable_diffusion.tt.ttnn_functional_unet_2d_condition_model_new_conv:__call__:460 - Mid block
2026-05-29 08:16:28.517 | warning  |              Op | Mismatch between computed MemoryConfig(memory_layout=TensorMemoryLayout::BLOCK_SHARDED,buffer_type=BufferType::L1,shard_spec=ShardSpec(grid={[(x=0,y=0) - (x=7,y=3)]},shape={32, 160},orientation=ShardOrientation::ROW_MAJOR),nd_shard_spec=NdShardSpec(shard_shape=Shape([32, 160]),grid={[(x=0,y=0) - (x=7,y=3)]},orientation=ShardOrientation::ROW_MAJOR,shard_distribution_strategy=ShardDistributionStrategy::GRID_2D),created_with_nd_shard_spec=0) and provided MemoryConfig(memory_layout=TensorMemoryLayout::BLOCK_SHARDED,buffer_type=BufferType::L1,shard_spec=ShardSpec(grid={[(x=0,y=0) - (x=7,y=7)]},shape={32, 160},orientation=ShardOrientation::ROW_MAJOR),nd_shard_spec=std::nullopt,created_with_nd_shard_spec=0) mem config. Using computed config. (matmul_op.cpp:1674)
2026-05-29 08:16:28.519 | INFO     | models.demos.wormhole.stable_diffusion.tt.ttnn_functional_unet_2d_condition_model_new_conv:__call__:491 - Up block 0
2026-05-29 08:16:28.520 | INFO     | models.demos.wormhole.stable_diffusion.tt.ttnn_functional_unet_2d_condition_model_new_conv:__call__:491 - Up block 1
2026-05-29 08:16:28.525 | INFO     | models.demos.wormhole.stable_diffusion.tt.ttnn_functional_unet_2d_condition_model_new_conv:__call__:491 - Up block 2
2026-05-29 08:16:28.533 | INFO     | models.demos.wormhole.stable_diffusion.tt.ttnn_functional_unet_2d_condition_model_new_conv:__call__:491 - Up block 3
2026-05-29 08:16:28.553 | INFO     | models.demos.wormhole.stable_diffusion.tt.ttnn_functional_unet_2d_condition_model_new_conv:__call__:406 - Down block 0
2026-05-29 08:16:28.559 | info     |              Op | act_block_h_override 2 is not a valid override for padded_output_height_ntiles_per_core 7, instead 1 was selected as closest valid option! (conv2d_utils.cpp:401)
2026-05-29 08:16:28.559 | INFO     | models.demos.wormhole.stable_diffusion.tt.ttnn_functional_unet_2d_condition_model_new_conv:__call__:406 - Down block 1
2026-05-29 08:16:28.564 | INFO     | models.demos.wormhole.stable_diffusion.tt.ttnn_functional_unet_2d_condition_model_new_conv:__call__:406 - Down block 2
2026-05-29 08:16:28.568 | INFO     | models.demos.wormhole.stable_diffusion.tt.ttnn_functional_unet_2d_condition_model_new_conv:__call__:406 - Down block 3
2026-05-29 08:16:28.568 | INFO     | models.demos.wormhole.stable_diffusion.tt.ttnn_functional_unet_2d_condition_model_new_conv:__call__:460 - Mid block
2026-05-29 08:16:28.569 | warning  |              Op | Mismatch between computed MemoryConfig(memory_layout=TensorMemoryLayout::BLOCK_SHARDED,buffer_type=BufferType::L1,shard_spec=ShardSpec(grid={[(x=0,y=0) - (x=7,y=3)]},shape={32, 160},orientation=ShardOrientation::ROW_MAJOR),nd_shard_spec=NdShardSpec(shard_shape=Shape([32, 160]),grid={[(x=0,y=0) - (x=7,y=3)]},orientation=ShardOrientation::ROW_MAJOR,shard_distribution_strategy=ShardDistributionStrategy::GRID_2D),created_with_nd_shard_spec=0) and provided MemoryConfig(memory_layout=TensorMemoryLayout::BLOCK_SHARDED,buffer_type=BufferType::L1,shard_spec=ShardSpec(grid={[(x=0,y=0) - (x=7,y=7)]},shape={32, 160},orientation=ShardOrientation::ROW_MAJOR),nd_shard_spec=std::nullopt,created_with_nd_shard_spec=0) mem config. Using computed config. (matmul_op.cpp:1674)
2026-05-29 08:16:28.570 | INFO     | models.demos.wormhole.stable_diffusion.tt.ttnn_functional_unet_2d_condition_model_new_conv:__call__:491 - Up block 0
2026-05-29 08:16:28.571 | INFO     | models.demos.wormhole.stable_diffusion.tt.ttnn_functional_unet_2d_condition_model_new_conv:__call__:491 - Up block 1
2026-05-29 08:16:28.576 | INFO     | models.demos.wormhole.stable_diffusion.tt.ttnn_functional_unet_2d_condition_model_new_conv:__call__:491 - Up block 2
2026-05-29 08:16:28.584 | INFO     | models.demos.wormhole.stable_diffusion.tt.ttnn_functional_unet_2d_condition_model_new_conv:__call__:491 - Up block 3
2026-05-29 08:16:28.605 | INFO     | models.demos.wormhole.stable_diffusion.tt.ttnn_functional_unet_2d_condition_model_new_conv:__call__:406 - Down block 0
2026-05-29 08:16:28.611 | info     |              Op | act_block_h_override 2 is not a valid override for padded_output_height_ntiles_per_core 7, instead 1 was selected as closest valid option! (conv2d_utils.cpp:401)
2026-05-29 08:16:28.611 | INFO     | models.demos.wormhole.stable_diffusion.tt.ttnn_functional_unet_2d_condition_model_new_conv:__call__:406 - Down block 1
2026-05-29 08:16:28.616 | INFO     | models.demos.wormhole.stable_diffusion.tt.ttnn_functional_unet_2d_condition_model_new_conv:__call__:406 - Down block 2
2026-05-29 08:16:28.619 | INFO     | models.demos.wormhole.stable_diffusion.tt.ttnn_functional_unet_2d_condition_model_new_conv:__call__:406 - Down block 3
2026-05-29 08:16:28.620 | INFO     | models.demos.wormhole.stable_diffusion.tt.ttnn_functional_unet_2d_condition_model_new_conv:__call__:460 - Mid block
2026-05-29 08:16:28.621 | warning  |              Op | Mismatch between computed MemoryConfig(memory_layout=TensorMemoryLayout::BLOCK_SHARDED,buffer_type=BufferType::L1,shard_spec=ShardSpec(grid={[(x=0,y=0) - (x=7,y=3)]},shape={32, 160},orientation=ShardOrientation::ROW_MAJOR),nd_shard_spec=NdShardSpec(shard_shape=Shape([32, 160]),grid={[(x=0,y=0) - (x=7,y=3)]},orientation=ShardOrientation::ROW_MAJOR,shard_distribution_strategy=ShardDistributionStrategy::GRID_2D),created_with_nd_shard_spec=0) and provided MemoryConfig(memory_layout=TensorMemoryLayout::BLOCK_SHARDED,buffer_type=BufferType::L1,shard_spec=ShardSpec(grid={[(x=0,y=0) - (x=7,y=7)]},shape={32, 160},orientation=ShardOrientation::ROW_MAJOR),nd_shard_spec=std::nullopt,created_with_nd_shard_spec=0) mem config. Using computed config. (matmul_op.cpp:1674)
2026-05-29 08:16:28.622 | INFO     | models.demos.wormhole.stable_diffusion.tt.ttnn_functional_unet_2d_condition_model_new_conv:__call__:491 - Up block 0
2026-05-29 08:16:28.623 | INFO     | models.demos.wormhole.stable_diffusion.tt.ttnn_functional_unet_2d_condition_model_new_conv:__call__:491 - Up block 1
2026-05-29 08:16:28.628 | INFO     | models.demos.wormhole.stable_diffusion.tt.ttnn_functional_unet_2d_condition_model_new_conv:__call__:491 - Up block 2
2026-05-29 08:16:28.636 | INFO     | models.demos.wormhole.stable_diffusion.tt.ttnn_functional_unet_2d_condition_model_new_conv:__call__:491 - Up block 3
2026-05-29 08:16:28.657 | INFO     | models.demos.wormhole.stable_diffusion.tt.ttnn_functional_unet_2d_condition_model_new_conv:__call__:406 - Down block 0
2026-05-29 08:16:28.663 | info     |              Op | act_block_h_override 2 is not a valid override for padded_output_height_ntiles_per_core 7, instead 1 was selected as closest valid option! (conv2d_utils.cpp:401)
2026-05-29 08:16:28.663 | INFO     | models.demos.wormhole.stable_diffusion.tt.ttnn_functional_unet_2d_condition_model_new_conv:__call__:406 - Down block 1
2026-05-29 08:16:28.668 | INFO     | models.demos.wormhole.stable_diffusion.tt.ttnn_functional_unet_2d_condition_model_new_conv:__call__:406 - Down block 2
2026-05-29 08:16:28.671 | INFO     | models.demos.wormhole.stable_diffusion.tt.ttnn_functional_unet_2d_condition_model_new_conv:__call__:406 - Down block 3
2026-05-29 08:16:28.672 | INFO     | models.demos.wormhole.stable_diffusion.tt.ttnn_functional_unet_2d_condition_model_new_conv:__call__:460 - Mid block
2026-05-29 08:16:28.673 | warning  |              Op | Mismatch between computed MemoryConfig(memory_layout=TensorMemoryLayout::BLOCK_SHARDED,buffer_type=BufferType::L1,shard_spec=ShardSpec(grid={[(x=0,y=0) - (x=7,y=3)]},shape={32, 160},orientation=ShardOrientation::ROW_MAJOR),nd_shard_spec=NdShardSpec(shard_shape=Shape([32, 160]),grid={[(x=0,y=0) - (x=7,y=3)]},orientation=ShardOrientation::ROW_MAJOR,shard_distribution_strategy=ShardDistributionStrategy::GRID_2D),created_with_nd_shard_spec=0) and provided MemoryConfig(memory_layout=TensorMemoryLayout::BLOCK_SHARDED,buffer_type=BufferType::L1,shard_spec=ShardSpec(grid={[(x=0,y=0) - (x=7,y=7)]},shape={32, 160},orientation=ShardOrientation::ROW_MAJOR),nd_shard_spec=std::nullopt,created_with_nd_shard_spec=0) mem config. Using computed config. (matmul_op.cpp:1674)
2026-05-29 08:16:28.674 | INFO     | models.demos.wormhole.stable_diffusion.tt.ttnn_functional_unet_2d_condition_model_new_conv:__call__:491 - Up block 0
2026-05-29 08:16:28.675 | INFO     | models.demos.wormhole.stable_diffusion.tt.ttnn_functional_unet_2d_condition_model_new_conv:__call__:491 - Up block 1
2026-05-29 08:16:28.680 | INFO     | models.demos.wormhole.stable_diffusion.tt.ttnn_functional_unet_2d_condition_model_new_conv:__call__:491 - Up block 2
2026-05-29 08:16:28.688 | INFO     | models.demos.wormhole.stable_diffusion.tt.ttnn_functional_unet_2d_condition_model_new_conv:__call__:491 - Up block 3
  Step 38/41
2026-05-29 08:16:28.711 | INFO     | models.demos.wormhole.stable_diffusion.tt.ttnn_functional_unet_2d_condition_model_new_conv:__call__:406 - Down block 0
2026-05-29 08:16:28.717 | info     |              Op | act_block_h_override 2 is not a valid override for padded_output_height_ntiles_per_core 7, instead 1 was selected as closest valid option! (conv2d_utils.cpp:401)
2026-05-29 08:16:28.717 | INFO     | models.demos.wormhole.stable_diffusion.tt.ttnn_functional_unet_2d_condition_model_new_conv:__call__:406 - Down block 1
2026-05-29 08:16:28.723 | INFO     | models.demos.wormhole.stable_diffusion.tt.ttnn_functional_unet_2d_condition_model_new_conv:__call__:406 - Down block 2
2026-05-29 08:16:28.726 | INFO     | models.demos.wormhole.stable_diffusion.tt.ttnn_functional_unet_2d_condition_model_new_conv:__call__:406 - Down block 3
2026-05-29 08:16:28.727 | INFO     | models.demos.wormhole.stable_diffusion.tt.ttnn_functional_unet_2d_condition_model_new_conv:__call__:460 - Mid block
2026-05-29 08:16:28.727 | warning  |              Op | Mismatch between computed MemoryConfig(memory_layout=TensorMemoryLayout::BLOCK_SHARDED,buffer_type=BufferType::L1,shard_spec=ShardSpec(grid={[(x=0,y=0) - (x=7,y=3)]},shape={32, 160},orientation=ShardOrientation::ROW_MAJOR),nd_shard_spec=NdShardSpec(shard_shape=Shape([32, 160]),grid={[(x=0,y=0) - (x=7,y=3)]},orientation=ShardOrientation::ROW_MAJOR,shard_distribution_strategy=ShardDistributionStrategy::GRID_2D),created_with_nd_shard_spec=0) and provided MemoryConfig(memory_layout=TensorMemoryLayout::BLOCK_SHARDED,buffer_type=BufferType::L1,shard_spec=ShardSpec(grid={[(x=0,y=0) - (x=7,y=7)]},shape={32, 160},orientation=ShardOrientation::ROW_MAJOR),nd_shard_spec=std::nullopt,created_with_nd_shard_spec=0) mem config. Using computed config. (matmul_op.cpp:1674)
2026-05-29 08:16:28.729 | INFO     | models.demos.wormhole.stable_diffusion.tt.ttnn_functional_unet_2d_condition_model_new_conv:__call__:491 - Up block 0
2026-05-29 08:16:28.730 | INFO     | models.demos.wormhole.stable_diffusion.tt.ttnn_functional_unet_2d_condition_model_new_conv:__call__:491 - Up block 1
2026-05-29 08:16:28.735 | INFO     | models.demos.wormhole.stable_diffusion.tt.ttnn_functional_unet_2d_condition_model_new_conv:__call__:491 - Up block 2
2026-05-29 08:16:28.743 | INFO     | models.demos.wormhole.stable_diffusion.tt.ttnn_functional_unet_2d_condition_model_new_conv:__call__:491 - Up block 3
2026-05-29 08:16:28.764 | INFO     | models.demos.wormhole.stable_diffusion.tt.ttnn_functional_unet_2d_condition_model_new_conv:__call__:406 - Down block 0
2026-05-29 08:16:28.770 | info     |              Op | act_block_h_override 2 is not a valid override for padded_output_height_ntiles_per_core 7, instead 1 was selected as closest valid option! (conv2d_utils.cpp:401)
2026-05-29 08:16:28.770 | INFO     | models.demos.wormhole.stable_diffusion.tt.ttnn_functional_unet_2d_condition_model_new_conv:__call__:406 - Down block 1
2026-05-29 08:16:28.775 | INFO     | models.demos.wormhole.stable_diffusion.tt.ttnn_functional_unet_2d_condition_model_new_conv:__call__:406 - Down block 2
2026-05-29 08:16:28.779 | INFO     | models.demos.wormhole.stable_diffusion.tt.ttnn_functional_unet_2d_condition_model_new_conv:__call__:406 - Down block 3
2026-05-29 08:16:28.780 | INFO     | models.demos.wormhole.stable_diffusion.tt.ttnn_functional_unet_2d_condition_model_new_conv:__call__:460 - Mid block
2026-05-29 08:16:28.780 | warning  |              Op | Mismatch between computed MemoryConfig(memory_layout=TensorMemoryLayout::BLOCK_SHARDED,buffer_type=BufferType::L1,shard_spec=ShardSpec(grid={[(x=0,y=0) - (x=7,y=3)]},shape={32, 160},orientation=ShardOrientation::ROW_MAJOR),nd_shard_spec=NdShardSpec(shard_shape=Shape([32, 160]),grid={[(x=0,y=0) - (x=7,y=3)]},orientation=ShardOrientation::ROW_MAJOR,shard_distribution_strategy=ShardDistributionStrategy::GRID_2D),created_with_nd_shard_spec=0) and provided MemoryConfig(memory_layout=TensorMemoryLayout::BLOCK_SHARDED,buffer_type=BufferType::L1,shard_spec=ShardSpec(grid={[(x=0,y=0) - (x=7,y=7)]},shape={32, 160},orientation=ShardOrientation::ROW_MAJOR),nd_shard_spec=std::nullopt,created_with_nd_shard_spec=0) mem config. Using computed config. (matmul_op.cpp:1674)
2026-05-29 08:16:28.782 | INFO     | models.demos.wormhole.stable_diffusion.tt.ttnn_functional_unet_2d_condition_model_new_conv:__call__:491 - Up block 0
2026-05-29 08:16:28.783 | INFO     | models.demos.wormhole.stable_diffusion.tt.ttnn_functional_unet_2d_condition_model_new_conv:__call__:491 - Up block 1
2026-05-29 08:16:28.788 | INFO     | models.demos.wormhole.stable_diffusion.tt.ttnn_functional_unet_2d_condition_model_new_conv:__call__:491 - Up block 2
2026-05-29 08:16:28.796 | INFO     | models.demos.wormhole.stable_diffusion.tt.ttnn_functional_unet_2d_condition_model_new_conv:__call__:491 - Up block 3
2026-05-29 08:16:28.816 | INFO     | models.demos.wormhole.stable_diffusion.tt.ttnn_functional_unet_2d_condition_model_new_conv:__call__:406 - Down block 0
2026-05-29 08:16:28.822 | info     |              Op | act_block_h_override 2 is not a valid override for padded_output_height_ntiles_per_core 7, instead 1 was selected as closest valid option! (conv2d_utils.cpp:401)
2026-05-29 08:16:28.822 | INFO     | models.demos.wormhole.stable_diffusion.tt.ttnn_functional_unet_2d_condition_model_new_conv:__call__:406 - Down block 1
2026-05-29 08:16:28.827 | INFO     | models.demos.wormhole.stable_diffusion.tt.ttnn_functional_unet_2d_condition_model_new_conv:__call__:406 - Down block 2
2026-05-29 08:16:28.830 | INFO     | models.demos.wormhole.stable_diffusion.tt.ttnn_functional_unet_2d_condition_model_new_conv:__call__:406 - Down block 3
2026-05-29 08:16:28.831 | INFO     | models.demos.wormhole.stable_diffusion.tt.ttnn_functional_unet_2d_condition_model_new_conv:__call__:460 - Mid block
2026-05-29 08:16:28.832 | warning  |              Op | Mismatch between computed MemoryConfig(memory_layout=TensorMemoryLayout::BLOCK_SHARDED,buffer_type=BufferType::L1,shard_spec=ShardSpec(grid={[(x=0,y=0) - (x=7,y=3)]},shape={32, 160},orientation=ShardOrientation::ROW_MAJOR),nd_shard_spec=NdShardSpec(shard_shape=Shape([32, 160]),grid={[(x=0,y=0) - (x=7,y=3)]},orientation=ShardOrientation::ROW_MAJOR,shard_distribution_strategy=ShardDistributionStrategy::GRID_2D),created_with_nd_shard_spec=0) and provided MemoryConfig(memory_layout=TensorMemoryLayout::BLOCK_SHARDED,buffer_type=BufferType::L1,shard_spec=ShardSpec(grid={[(x=0,y=0) - (x=7,y=7)]},shape={32, 160},orientation=ShardOrientation::ROW_MAJOR),nd_shard_spec=std::nullopt,created_with_nd_shard_spec=0) mem config. Using computed config. (matmul_op.cpp:1674)
2026-05-29 08:16:28.833 | INFO     | models.demos.wormhole.stable_diffusion.tt.ttnn_functional_unet_2d_condition_model_new_conv:__call__:491 - Up block 0
2026-05-29 08:16:28.834 | INFO     | models.demos.wormhole.stable_diffusion.tt.ttnn_functional_unet_2d_condition_model_new_conv:__call__:491 - Up block 1
2026-05-29 08:16:28.839 | INFO     | models.demos.wormhole.stable_diffusion.tt.ttnn_functional_unet_2d_condition_model_new_conv:__call__:491 - Up block 2
2026-05-29 08:16:28.847 | INFO     | models.demos.wormhole.stable_diffusion.tt.ttnn_functional_unet_2d_condition_model_new_conv:__call__:491 - Up block 3
2026-05-29 08:16:28.868 | INFO     | models.demos.wormhole.stable_diffusion.tt.ttnn_functional_unet_2d_condition_model_new_conv:__call__:406 - Down block 0
2026-05-29 08:16:28.874 | info     |              Op | act_block_h_override 2 is not a valid override for padded_output_height_ntiles_per_core 7, instead 1 was selected as closest valid option! (conv2d_utils.cpp:401)
2026-05-29 08:16:28.874 | INFO     | models.demos.wormhole.stable_diffusion.tt.ttnn_functional_unet_2d_condition_model_new_conv:__call__:406 - Down block 1
2026-05-29 08:16:28.880 | INFO     | models.demos.wormhole.stable_diffusion.tt.ttnn_functional_unet_2d_condition_model_new_conv:__call__:406 - Down block 2
2026-05-29 08:16:28.883 | INFO     | models.demos.wormhole.stable_diffusion.tt.ttnn_functional_unet_2d_condition_model_new_conv:__call__:406 - Down block 3
2026-05-29 08:16:28.884 | INFO     | models.demos.wormhole.stable_diffusion.tt.ttnn_functional_unet_2d_condition_model_new_conv:__call__:460 - Mid block
2026-05-29 08:16:28.884 | warning  |              Op | Mismatch between computed MemoryConfig(memory_layout=TensorMemoryLayout::BLOCK_SHARDED,buffer_type=BufferType::L1,shard_spec=ShardSpec(grid={[(x=0,y=0) - (x=7,y=3)]},shape={32, 160},orientation=ShardOrientation::ROW_MAJOR),nd_shard_spec=NdShardSpec(shard_shape=Shape([32, 160]),grid={[(x=0,y=0) - (x=7,y=3)]},orientation=ShardOrientation::ROW_MAJOR,shard_distribution_strategy=ShardDistributionStrategy::GRID_2D),created_with_nd_shard_spec=0) and provided MemoryConfig(memory_layout=TensorMemoryLayout::BLOCK_SHARDED,buffer_type=BufferType::L1,shard_spec=ShardSpec(grid={[(x=0,y=0) - (x=7,y=7)]},shape={32, 160},orientation=ShardOrientation::ROW_MAJOR),nd_shard_spec=std::nullopt,created_with_nd_shard_spec=0) mem config. Using computed config. (matmul_op.cpp:1674)
2026-05-29 08:16:28.886 | INFO     | models.demos.wormhole.stable_diffusion.tt.ttnn_functional_unet_2d_condition_model_new_conv:__call__:491 - Up block 0
2026-05-29 08:16:28.887 | INFO     | models.demos.wormhole.stable_diffusion.tt.ttnn_functional_unet_2d_condition_model_new_conv:__call__:491 - Up block 1
2026-05-29 08:16:28.892 | INFO     | models.demos.wormhole.stable_diffusion.tt.ttnn_functional_unet_2d_condition_model_new_conv:__call__:491 - Up block 2
2026-05-29 08:16:28.900 | INFO     | models.demos.wormhole.stable_diffusion.tt.ttnn_functional_unet_2d_condition_model_new_conv:__call__:491 - Up block 3
2026-05-29 08:16:28.920 | INFO     | models.demos.wormhole.stable_diffusion.tt.ttnn_functional_unet_2d_condition_model_new_conv:__call__:406 - Down block 0
2026-05-29 08:16:28.926 | info     |              Op | act_block_h_override 2 is not a valid override for padded_output_height_ntiles_per_core 7, instead 1 was selected as closest valid option! (conv2d_utils.cpp:401)
2026-05-29 08:16:28.926 | INFO     | models.demos.wormhole.stable_diffusion.tt.ttnn_functional_unet_2d_condition_model_new_conv:__call__:406 - Down block 1
2026-05-29 08:16:28.931 | INFO     | models.demos.wormhole.stable_diffusion.tt.ttnn_functional_unet_2d_condition_model_new_conv:__call__:406 - Down block 2
2026-05-29 08:16:28.935 | INFO     | models.demos.wormhole.stable_diffusion.tt.ttnn_functional_unet_2d_condition_model_new_conv:__call__:406 - Down block 3
2026-05-29 08:16:28.936 | INFO     | models.demos.wormhole.stable_diffusion.tt.ttnn_functional_unet_2d_condition_model_new_conv:__call__:460 - Mid block
2026-05-29 08:16:28.936 | warning  |              Op | Mismatch between computed MemoryConfig(memory_layout=TensorMemoryLayout::BLOCK_SHARDED,buffer_type=BufferType::L1,shard_spec=ShardSpec(grid={[(x=0,y=0) - (x=7,y=3)]},shape={32, 160},orientation=ShardOrientation::ROW_MAJOR),nd_shard_spec=NdShardSpec(shard_shape=Shape([32, 160]),grid={[(x=0,y=0) - (x=7,y=3)]},orientation=ShardOrientation::ROW_MAJOR,shard_distribution_strategy=ShardDistributionStrategy::GRID_2D),created_with_nd_shard_spec=0) and provided MemoryConfig(memory_layout=TensorMemoryLayout::BLOCK_SHARDED,buffer_type=BufferType::L1,shard_spec=ShardSpec(grid={[(x=0,y=0) - (x=7,y=7)]},shape={32, 160},orientation=ShardOrientation::ROW_MAJOR),nd_shard_spec=std::nullopt,created_with_nd_shard_spec=0) mem config. Using computed config. (matmul_op.cpp:1674)
2026-05-29 08:16:28.937 | INFO     | models.demos.wormhole.stable_diffusion.tt.ttnn_functional_unet_2d_condition_model_new_conv:__call__:491 - Up block 0
2026-05-29 08:16:28.939 | INFO     | models.demos.wormhole.stable_diffusion.tt.ttnn_functional_unet_2d_condition_model_new_conv:__call__:491 - Up block 1
2026-05-29 08:16:28.944 | INFO     | models.demos.wormhole.stable_diffusion.tt.ttnn_functional_unet_2d_condition_model_new_conv:__call__:491 - Up block 2
2026-05-29 08:16:28.952 | INFO     | models.demos.wormhole.stable_diffusion.tt.ttnn_functional_unet_2d_condition_model_new_conv:__call__:491 - Up block 3
2026-05-29 08:16:28.972 | INFO     | models.demos.wormhole.stable_diffusion.tt.ttnn_functional_unet_2d_condition_model_new_conv:__call__:406 - Down block 0
2026-05-29 08:16:28.978 | info     |              Op | act_block_h_override 2 is not a valid override for padded_output_height_ntiles_per_core 7, instead 1 was selected as closest valid option! (conv2d_utils.cpp:401)
2026-05-29 08:16:28.978 | INFO     | models.demos.wormhole.stable_diffusion.tt.ttnn_functional_unet_2d_condition_model_new_conv:__call__:406 - Down block 1
2026-05-29 08:16:28.983 | INFO     | models.demos.wormhole.stable_diffusion.tt.ttnn_functional_unet_2d_condition_model_new_conv:__call__:406 - Down block 2
2026-05-29 08:16:28.987 | INFO     | models.demos.wormhole.stable_diffusion.tt.ttnn_functional_unet_2d_condition_model_new_conv:__call__:406 - Down block 3
2026-05-29 08:16:28.987 | INFO     | models.demos.wormhole.stable_diffusion.tt.ttnn_functional_unet_2d_condition_model_new_conv:__call__:460 - Mid block
2026-05-29 08:16:28.988 | warning  |              Op | Mismatch between computed MemoryConfig(memory_layout=TensorMemoryLayout::BLOCK_SHARDED,buffer_type=BufferType::L1,shard_spec=ShardSpec(grid={[(x=0,y=0) - (x=7,y=3)]},shape={32, 160},orientation=ShardOrientation::ROW_MAJOR),nd_shard_spec=NdShardSpec(shard_shape=Shape([32, 160]),grid={[(x=0,y=0) - (x=7,y=3)]},orientation=ShardOrientation::ROW_MAJOR,shard_distribution_strategy=ShardDistributionStrategy::GRID_2D),created_with_nd_shard_spec=0) and provided MemoryConfig(memory_layout=TensorMemoryLayout::BLOCK_SHARDED,buffer_type=BufferType::L1,shard_spec=ShardSpec(grid={[(x=0,y=0) - (x=7,y=7)]},shape={32, 160},orientation=ShardOrientation::ROW_MAJOR),nd_shard_spec=std::nullopt,created_with_nd_shard_spec=0) mem config. Using computed config. (matmul_op.cpp:1674)
2026-05-29 08:16:28.989 | INFO     | models.demos.wormhole.stable_diffusion.tt.ttnn_functional_unet_2d_condition_model_new_conv:__call__:491 - Up block 0
2026-05-29 08:16:28.990 | INFO     | models.demos.wormhole.stable_diffusion.tt.ttnn_functional_unet_2d_condition_model_new_conv:__call__:491 - Up block 1
2026-05-29 08:16:28.995 | INFO     | models.demos.wormhole.stable_diffusion.tt.ttnn_functional_unet_2d_condition_model_new_conv:__call__:491 - Up block 2
2026-05-29 08:16:29.004 | INFO     | models.demos.wormhole.stable_diffusion.tt.ttnn_functional_unet_2d_condition_model_new_conv:__call__:491 - Up block 3
2026-05-29 08:16:29.024 | INFO     | models.demos.wormhole.stable_diffusion.tt.ttnn_functional_unet_2d_condition_model_new_conv:__call__:406 - Down block 0
2026-05-29 08:16:29.030 | info     |              Op | act_block_h_override 2 is not a valid override for padded_output_height_ntiles_per_core 7, instead 1 was selected as closest valid option! (conv2d_utils.cpp:401)
2026-05-29 08:16:29.030 | INFO     | models.demos.wormhole.stable_diffusion.tt.ttnn_functional_unet_2d_condition_model_new_conv:__call__:406 - Down block 1
2026-05-29 08:16:29.035 | INFO     | models.demos.wormhole.stable_diffusion.tt.ttnn_functional_unet_2d_condition_model_new_conv:__call__:406 - Down block 2
2026-05-29 08:16:29.038 | INFO     | models.demos.wormhole.stable_diffusion.tt.ttnn_functional_unet_2d_condition_model_new_conv:__call__:406 - Down block 3
2026-05-29 08:16:29.039 | INFO     | models.demos.wormhole.stable_diffusion.tt.ttnn_functional_unet_2d_condition_model_new_conv:__call__:460 - Mid block
2026-05-29 08:16:29.040 | warning  |              Op | Mismatch between computed MemoryConfig(memory_layout=TensorMemoryLayout::BLOCK_SHARDED,buffer_type=BufferType::L1,shard_spec=ShardSpec(grid={[(x=0,y=0) - (x=7,y=3)]},shape={32, 160},orientation=ShardOrientation::ROW_MAJOR),nd_shard_spec=NdShardSpec(shard_shape=Shape([32, 160]),grid={[(x=0,y=0) - (x=7,y=3)]},orientation=ShardOrientation::ROW_MAJOR,shard_distribution_strategy=ShardDistributionStrategy::GRID_2D),created_with_nd_shard_spec=0) and provided MemoryConfig(memory_layout=TensorMemoryLayout::BLOCK_SHARDED,buffer_type=BufferType::L1,shard_spec=ShardSpec(grid={[(x=0,y=0) - (x=7,y=7)]},shape={32, 160},orientation=ShardOrientation::ROW_MAJOR),nd_shard_spec=std::nullopt,created_with_nd_shard_spec=0) mem config. Using computed config. (matmul_op.cpp:1674)
2026-05-29 08:16:29.041 | INFO     | models.demos.wormhole.stable_diffusion.tt.ttnn_functional_unet_2d_condition_model_new_conv:__call__:491 - Up block 0
2026-05-29 08:16:29.042 | INFO     | models.demos.wormhole.stable_diffusion.tt.ttnn_functional_unet_2d_condition_model_new_conv:__call__:491 - Up block 1
2026-05-29 08:16:29.047 | INFO     | models.demos.wormhole.stable_diffusion.tt.ttnn_functional_unet_2d_condition_model_new_conv:__call__:491 - Up block 2
2026-05-29 08:16:29.055 | INFO     | models.demos.wormhole.stable_diffusion.tt.ttnn_functional_unet_2d_condition_model_new_conv:__call__:491 - Up block 3
2026-05-29 08:16:29.076 | INFO     | models.demos.wormhole.stable_diffusion.tt.ttnn_functional_unet_2d_condition_model_new_conv:__call__:406 - Down block 0
2026-05-29 08:16:29.082 | info     |              Op | act_block_h_override 2 is not a valid override for padded_output_height_ntiles_per_core 7, instead 1 was selected as closest valid option! (conv2d_utils.cpp:401)
2026-05-29 08:16:29.082 | INFO     | models.demos.wormhole.stable_diffusion.tt.ttnn_functional_unet_2d_condition_model_new_conv:__call__:406 - Down block 1
2026-05-29 08:16:29.087 | INFO     | models.demos.wormhole.stable_diffusion.tt.ttnn_functional_unet_2d_condition_model_new_conv:__call__:406 - Down block 2
2026-05-29 08:16:29.090 | INFO     | models.demos.wormhole.stable_diffusion.tt.ttnn_functional_unet_2d_condition_model_new_conv:__call__:406 - Down block 3
2026-05-29 08:16:29.091 | INFO     | models.demos.wormhole.stable_diffusion.tt.ttnn_functional_unet_2d_condition_model_new_conv:__call__:460 - Mid block
2026-05-29 08:16:29.091 | warning  |              Op | Mismatch between computed MemoryConfig(memory_layout=TensorMemoryLayout::BLOCK_SHARDED,buffer_type=BufferType::L1,shard_spec=ShardSpec(grid={[(x=0,y=0) - (x=7,y=3)]},shape={32, 160},orientation=ShardOrientation::ROW_MAJOR),nd_shard_spec=NdShardSpec(shard_shape=Shape([32, 160]),grid={[(x=0,y=0) - (x=7,y=3)]},orientation=ShardOrientation::ROW_MAJOR,shard_distribution_strategy=ShardDistributionStrategy::GRID_2D),created_with_nd_shard_spec=0) and provided MemoryConfig(memory_layout=TensorMemoryLayout::BLOCK_SHARDED,buffer_type=BufferType::L1,shard_spec=ShardSpec(grid={[(x=0,y=0) - (x=7,y=7)]},shape={32, 160},orientation=ShardOrientation::ROW_MAJOR),nd_shard_spec=std::nullopt,created_with_nd_shard_spec=0) mem config. Using computed config. (matmul_op.cpp:1674)
2026-05-29 08:16:29.093 | INFO     | models.demos.wormhole.stable_diffusion.tt.ttnn_functional_unet_2d_condition_model_new_conv:__call__:491 - Up block 0
2026-05-29 08:16:29.094 | INFO     | models.demos.wormhole.stable_diffusion.tt.ttnn_functional_unet_2d_condition_model_new_conv:__call__:491 - Up block 1
2026-05-29 08:16:29.099 | INFO     | models.demos.wormhole.stable_diffusion.tt.ttnn_functional_unet_2d_condition_model_new_conv:__call__:491 - Up block 2
2026-05-29 08:16:29.107 | INFO     | models.demos.wormhole.stable_diffusion.tt.ttnn_functional_unet_2d_condition_model_new_conv:__call__:491 - Up block 3
  Step 39/41
2026-05-29 08:16:29.130 | INFO     | models.demos.wormhole.stable_diffusion.tt.ttnn_functional_unet_2d_condition_model_new_conv:__call__:406 - Down block 0
2026-05-29 08:16:29.136 | info     |              Op | act_block_h_override 2 is not a valid override for padded_output_height_ntiles_per_core 7, instead 1 was selected as closest valid option! (conv2d_utils.cpp:401)
2026-05-29 08:16:29.136 | INFO     | models.demos.wormhole.stable_diffusion.tt.ttnn_functional_unet_2d_condition_model_new_conv:__call__:406 - Down block 1
2026-05-29 08:16:29.141 | INFO     | models.demos.wormhole.stable_diffusion.tt.ttnn_functional_unet_2d_condition_model_new_conv:__call__:406 - Down block 2
2026-05-29 08:16:29.145 | INFO     | models.demos.wormhole.stable_diffusion.tt.ttnn_functional_unet_2d_condition_model_new_conv:__call__:406 - Down block 3
2026-05-29 08:16:29.145 | INFO     | models.demos.wormhole.stable_diffusion.tt.ttnn_functional_unet_2d_condition_model_new_conv:__call__:460 - Mid block
2026-05-29 08:16:29.146 | warning  |              Op | Mismatch between computed MemoryConfig(memory_layout=TensorMemoryLayout::BLOCK_SHARDED,buffer_type=BufferType::L1,shard_spec=ShardSpec(grid={[(x=0,y=0) - (x=7,y=3)]},shape={32, 160},orientation=ShardOrientation::ROW_MAJOR),nd_shard_spec=NdShardSpec(shard_shape=Shape([32, 160]),grid={[(x=0,y=0) - (x=7,y=3)]},orientation=ShardOrientation::ROW_MAJOR,shard_distribution_strategy=ShardDistributionStrategy::GRID_2D),created_with_nd_shard_spec=0) and provided MemoryConfig(memory_layout=TensorMemoryLayout::BLOCK_SHARDED,buffer_type=BufferType::L1,shard_spec=ShardSpec(grid={[(x=0,y=0) - (x=7,y=7)]},shape={32, 160},orientation=ShardOrientation::ROW_MAJOR),nd_shard_spec=std::nullopt,created_with_nd_shard_spec=0) mem config. Using computed config. (matmul_op.cpp:1674)
2026-05-29 08:16:29.147 | INFO     | models.demos.wormhole.stable_diffusion.tt.ttnn_functional_unet_2d_condition_model_new_conv:__call__:491 - Up block 0
2026-05-29 08:16:29.149 | INFO     | models.demos.wormhole.stable_diffusion.tt.ttnn_functional_unet_2d_condition_model_new_conv:__call__:491 - Up block 1
2026-05-29 08:16:29.154 | INFO     | models.demos.wormhole.stable_diffusion.tt.ttnn_functional_unet_2d_condition_model_new_conv:__call__:491 - Up block 2
2026-05-29 08:16:29.162 | INFO     | models.demos.wormhole.stable_diffusion.tt.ttnn_functional_unet_2d_condition_model_new_conv:__call__:491 - Up block 3
2026-05-29 08:16:29.182 | INFO     | models.demos.wormhole.stable_diffusion.tt.ttnn_functional_unet_2d_condition_model_new_conv:__call__:406 - Down block 0
2026-05-29 08:16:29.187 | info     |              Op | act_block_h_override 2 is not a valid override for padded_output_height_ntiles_per_core 7, instead 1 was selected as closest valid option! (conv2d_utils.cpp:401)
2026-05-29 08:16:29.187 | INFO     | models.demos.wormhole.stable_diffusion.tt.ttnn_functional_unet_2d_condition_model_new_conv:__call__:406 - Down block 1
2026-05-29 08:16:29.193 | INFO     | models.demos.wormhole.stable_diffusion.tt.ttnn_functional_unet_2d_condition_model_new_conv:__call__:406 - Down block 2
2026-05-29 08:16:29.196 | INFO     | models.demos.wormhole.stable_diffusion.tt.ttnn_functional_unet_2d_condition_model_new_conv:__call__:406 - Down block 3
2026-05-29 08:16:29.196 | INFO     | models.demos.wormhole.stable_diffusion.tt.ttnn_functional_unet_2d_condition_model_new_conv:__call__:460 - Mid block
2026-05-29 08:16:29.197 | warning  |              Op | Mismatch between computed MemoryConfig(memory_layout=TensorMemoryLayout::BLOCK_SHARDED,buffer_type=BufferType::L1,shard_spec=ShardSpec(grid={[(x=0,y=0) - (x=7,y=3)]},shape={32, 160},orientation=ShardOrientation::ROW_MAJOR),nd_shard_spec=NdShardSpec(shard_shape=Shape([32, 160]),grid={[(x=0,y=0) - (x=7,y=3)]},orientation=ShardOrientation::ROW_MAJOR,shard_distribution_strategy=ShardDistributionStrategy::GRID_2D),created_with_nd_shard_spec=0) and provided MemoryConfig(memory_layout=TensorMemoryLayout::BLOCK_SHARDED,buffer_type=BufferType::L1,shard_spec=ShardSpec(grid={[(x=0,y=0) - (x=7,y=7)]},shape={32, 160},orientation=ShardOrientation::ROW_MAJOR),nd_shard_spec=std::nullopt,created_with_nd_shard_spec=0) mem config. Using computed config. (matmul_op.cpp:1674)
2026-05-29 08:16:29.198 | INFO     | models.demos.wormhole.stable_diffusion.tt.ttnn_functional_unet_2d_condition_model_new_conv:__call__:491 - Up block 0
2026-05-29 08:16:29.200 | INFO     | models.demos.wormhole.stable_diffusion.tt.ttnn_functional_unet_2d_condition_model_new_conv:__call__:491 - Up block 1
2026-05-29 08:16:29.204 | INFO     | models.demos.wormhole.stable_diffusion.tt.ttnn_functional_unet_2d_condition_model_new_conv:__call__:491 - Up block 2
2026-05-29 08:16:29.212 | INFO     | models.demos.wormhole.stable_diffusion.tt.ttnn_functional_unet_2d_condition_model_new_conv:__call__:491 - Up block 3
2026-05-29 08:16:29.234 | INFO     | models.demos.wormhole.stable_diffusion.tt.ttnn_functional_unet_2d_condition_model_new_conv:__call__:406 - Down block 0
2026-05-29 08:16:29.239 | info     |              Op | act_block_h_override 2 is not a valid override for padded_output_height_ntiles_per_core 7, instead 1 was selected as closest valid option! (conv2d_utils.cpp:401)
2026-05-29 08:16:29.239 | INFO     | models.demos.wormhole.stable_diffusion.tt.ttnn_functional_unet_2d_condition_model_new_conv:__call__:406 - Down block 1
2026-05-29 08:16:29.245 | INFO     | models.demos.wormhole.stable_diffusion.tt.ttnn_functional_unet_2d_condition_model_new_conv:__call__:406 - Down block 2
2026-05-29 08:16:29.248 | INFO     | models.demos.wormhole.stable_diffusion.tt.ttnn_functional_unet_2d_condition_model_new_conv:__call__:406 - Down block 3
2026-05-29 08:16:29.249 | INFO     | models.demos.wormhole.stable_diffusion.tt.ttnn_functional_unet_2d_condition_model_new_conv:__call__:460 - Mid block
2026-05-29 08:16:29.249 | warning  |              Op | Mismatch between computed MemoryConfig(memory_layout=TensorMemoryLayout::BLOCK_SHARDED,buffer_type=BufferType::L1,shard_spec=ShardSpec(grid={[(x=0,y=0) - (x=7,y=3)]},shape={32, 160},orientation=ShardOrientation::ROW_MAJOR),nd_shard_spec=NdShardSpec(shard_shape=Shape([32, 160]),grid={[(x=0,y=0) - (x=7,y=3)]},orientation=ShardOrientation::ROW_MAJOR,shard_distribution_strategy=ShardDistributionStrategy::GRID_2D),created_with_nd_shard_spec=0) and provided MemoryConfig(memory_layout=TensorMemoryLayout::BLOCK_SHARDED,buffer_type=BufferType::L1,shard_spec=ShardSpec(grid={[(x=0,y=0) - (x=7,y=7)]},shape={32, 160},orientation=ShardOrientation::ROW_MAJOR),nd_shard_spec=std::nullopt,created_with_nd_shard_spec=0) mem config. Using computed config. (matmul_op.cpp:1674)
2026-05-29 08:16:29.251 | INFO     | models.demos.wormhole.stable_diffusion.tt.ttnn_functional_unet_2d_condition_model_new_conv:__call__:491 - Up block 0
2026-05-29 08:16:29.252 | INFO     | models.demos.wormhole.stable_diffusion.tt.ttnn_functional_unet_2d_condition_model_new_conv:__call__:491 - Up block 1
2026-05-29 08:16:29.257 | INFO     | models.demos.wormhole.stable_diffusion.tt.ttnn_functional_unet_2d_condition_model_new_conv:__call__:491 - Up block 2
2026-05-29 08:16:29.265 | INFO     | models.demos.wormhole.stable_diffusion.tt.ttnn_functional_unet_2d_condition_model_new_conv:__call__:491 - Up block 3
2026-05-29 08:16:29.285 | INFO     | models.demos.wormhole.stable_diffusion.tt.ttnn_functional_unet_2d_condition_model_new_conv:__call__:406 - Down block 0
2026-05-29 08:16:29.291 | info     |              Op | act_block_h_override 2 is not a valid override for padded_output_height_ntiles_per_core 7, instead 1 was selected as closest valid option! (conv2d_utils.cpp:401)
2026-05-29 08:16:29.291 | INFO     | models.demos.wormhole.stable_diffusion.tt.ttnn_functional_unet_2d_condition_model_new_conv:__call__:406 - Down block 1
2026-05-29 08:16:29.296 | INFO     | models.demos.wormhole.stable_diffusion.tt.ttnn_functional_unet_2d_condition_model_new_conv:__call__:406 - Down block 2
2026-05-29 08:16:29.300 | INFO     | models.demos.wormhole.stable_diffusion.tt.ttnn_functional_unet_2d_condition_model_new_conv:__call__:406 - Down block 3
2026-05-29 08:16:29.300 | INFO     | models.demos.wormhole.stable_diffusion.tt.ttnn_functional_unet_2d_condition_model_new_conv:__call__:460 - Mid block
2026-05-29 08:16:29.301 | warning  |              Op | Mismatch between computed MemoryConfig(memory_layout=TensorMemoryLayout::BLOCK_SHARDED,buffer_type=BufferType::L1,shard_spec=ShardSpec(grid={[(x=0,y=0) - (x=7,y=3)]},shape={32, 160},orientation=ShardOrientation::ROW_MAJOR),nd_shard_spec=NdShardSpec(shard_shape=Shape([32, 160]),grid={[(x=0,y=0) - (x=7,y=3)]},orientation=ShardOrientation::ROW_MAJOR,shard_distribution_strategy=ShardDistributionStrategy::GRID_2D),created_with_nd_shard_spec=0) and provided MemoryConfig(memory_layout=TensorMemoryLayout::BLOCK_SHARDED,buffer_type=BufferType::L1,shard_spec=ShardSpec(grid={[(x=0,y=0) - (x=7,y=7)]},shape={32, 160},orientation=ShardOrientation::ROW_MAJOR),nd_shard_spec=std::nullopt,created_with_nd_shard_spec=0) mem config. Using computed config. (matmul_op.cpp:1674)
2026-05-29 08:16:29.302 | INFO     | models.demos.wormhole.stable_diffusion.tt.ttnn_functional_unet_2d_condition_model_new_conv:__call__:491 - Up block 0
2026-05-29 08:16:29.303 | INFO     | models.demos.wormhole.stable_diffusion.tt.ttnn_functional_unet_2d_condition_model_new_conv:__call__:491 - Up block 1
2026-05-29 08:16:29.308 | INFO     | models.demos.wormhole.stable_diffusion.tt.ttnn_functional_unet_2d_condition_model_new_conv:__call__:491 - Up block 2
2026-05-29 08:16:29.316 | INFO     | models.demos.wormhole.stable_diffusion.tt.ttnn_functional_unet_2d_condition_model_new_conv:__call__:491 - Up block 3
2026-05-29 08:16:29.337 | INFO     | models.demos.wormhole.stable_diffusion.tt.ttnn_functional_unet_2d_condition_model_new_conv:__call__:406 - Down block 0
2026-05-29 08:16:29.343 | info     |              Op | act_block_h_override 2 is not a valid override for padded_output_height_ntiles_per_core 7, instead 1 was selected as closest valid option! (conv2d_utils.cpp:401)
2026-05-29 08:16:29.343 | INFO     | models.demos.wormhole.stable_diffusion.tt.ttnn_functional_unet_2d_condition_model_new_conv:__call__:406 - Down block 1
2026-05-29 08:16:29.348 | INFO     | models.demos.wormhole.stable_diffusion.tt.ttnn_functional_unet_2d_condition_model_new_conv:__call__:406 - Down block 2
2026-05-29 08:16:29.352 | INFO     | models.demos.wormhole.stable_diffusion.tt.ttnn_functional_unet_2d_condition_model_new_conv:__call__:406 - Down block 3
2026-05-29 08:16:29.352 | INFO     | models.demos.wormhole.stable_diffusion.tt.ttnn_functional_unet_2d_condition_model_new_conv:__call__:460 - Mid block
2026-05-29 08:16:29.353 | warning  |              Op | Mismatch between computed MemoryConfig(memory_layout=TensorMemoryLayout::BLOCK_SHARDED,buffer_type=BufferType::L1,shard_spec=ShardSpec(grid={[(x=0,y=0) - (x=7,y=3)]},shape={32, 160},orientation=ShardOrientation::ROW_MAJOR),nd_shard_spec=NdShardSpec(shard_shape=Shape([32, 160]),grid={[(x=0,y=0) - (x=7,y=3)]},orientation=ShardOrientation::ROW_MAJOR,shard_distribution_strategy=ShardDistributionStrategy::GRID_2D),created_with_nd_shard_spec=0) and provided MemoryConfig(memory_layout=TensorMemoryLayout::BLOCK_SHARDED,buffer_type=BufferType::L1,shard_spec=ShardSpec(grid={[(x=0,y=0) - (x=7,y=7)]},shape={32, 160},orientation=ShardOrientation::ROW_MAJOR),nd_shard_spec=std::nullopt,created_with_nd_shard_spec=0) mem config. Using computed config. (matmul_op.cpp:1674)
2026-05-29 08:16:29.354 | INFO     | models.demos.wormhole.stable_diffusion.tt.ttnn_functional_unet_2d_condition_model_new_conv:__call__:491 - Up block 0
2026-05-29 08:16:29.355 | INFO     | models.demos.wormhole.stable_diffusion.tt.ttnn_functional_unet_2d_condition_model_new_conv:__call__:491 - Up block 1
2026-05-29 08:16:29.360 | INFO     | models.demos.wormhole.stable_diffusion.tt.ttnn_functional_unet_2d_condition_model_new_conv:__call__:491 - Up block 2
2026-05-29 08:16:29.368 | INFO     | models.demos.wormhole.stable_diffusion.tt.ttnn_functional_unet_2d_condition_model_new_conv:__call__:491 - Up block 3
2026-05-29 08:16:29.389 | INFO     | models.demos.wormhole.stable_diffusion.tt.ttnn_functional_unet_2d_condition_model_new_conv:__call__:406 - Down block 0
2026-05-29 08:16:29.395 | info     |              Op | act_block_h_override 2 is not a valid override for padded_output_height_ntiles_per_core 7, instead 1 was selected as closest valid option! (conv2d_utils.cpp:401)
2026-05-29 08:16:29.395 | INFO     | models.demos.wormhole.stable_diffusion.tt.ttnn_functional_unet_2d_condition_model_new_conv:__call__:406 - Down block 1
2026-05-29 08:16:29.400 | INFO     | models.demos.wormhole.stable_diffusion.tt.ttnn_functional_unet_2d_condition_model_new_conv:__call__:406 - Down block 2
2026-05-29 08:16:29.403 | INFO     | models.demos.wormhole.stable_diffusion.tt.ttnn_functional_unet_2d_condition_model_new_conv:__call__:406 - Down block 3
2026-05-29 08:16:29.404 | INFO     | models.demos.wormhole.stable_diffusion.tt.ttnn_functional_unet_2d_condition_model_new_conv:__call__:460 - Mid block
2026-05-29 08:16:29.405 | warning  |              Op | Mismatch between computed MemoryConfig(memory_layout=TensorMemoryLayout::BLOCK_SHARDED,buffer_type=BufferType::L1,shard_spec=ShardSpec(grid={[(x=0,y=0) - (x=7,y=3)]},shape={32, 160},orientation=ShardOrientation::ROW_MAJOR),nd_shard_spec=NdShardSpec(shard_shape=Shape([32, 160]),grid={[(x=0,y=0) - (x=7,y=3)]},orientation=ShardOrientation::ROW_MAJOR,shard_distribution_strategy=ShardDistributionStrategy::GRID_2D),created_with_nd_shard_spec=0) and provided MemoryConfig(memory_layout=TensorMemoryLayout::BLOCK_SHARDED,buffer_type=BufferType::L1,shard_spec=ShardSpec(grid={[(x=0,y=0) - (x=7,y=7)]},shape={32, 160},orientation=ShardOrientation::ROW_MAJOR),nd_shard_spec=std::nullopt,created_with_nd_shard_spec=0) mem config. Using computed config. (matmul_op.cpp:1674)
2026-05-29 08:16:29.406 | INFO     | models.demos.wormhole.stable_diffusion.tt.ttnn_functional_unet_2d_condition_model_new_conv:__call__:491 - Up block 0
2026-05-29 08:16:29.407 | INFO     | models.demos.wormhole.stable_diffusion.tt.ttnn_functional_unet_2d_condition_model_new_conv:__call__:491 - Up block 1
2026-05-29 08:16:29.412 | INFO     | models.demos.wormhole.stable_diffusion.tt.ttnn_functional_unet_2d_condition_model_new_conv:__call__:491 - Up block 2
2026-05-29 08:16:29.420 | INFO     | models.demos.wormhole.stable_diffusion.tt.ttnn_functional_unet_2d_condition_model_new_conv:__call__:491 - Up block 3
2026-05-29 08:16:29.441 | INFO     | models.demos.wormhole.stable_diffusion.tt.ttnn_functional_unet_2d_condition_model_new_conv:__call__:406 - Down block 0
2026-05-29 08:16:29.446 | info     |              Op | act_block_h_override 2 is not a valid override for padded_output_height_ntiles_per_core 7, instead 1 was selected as closest valid option! (conv2d_utils.cpp:401)
2026-05-29 08:16:29.446 | INFO     | models.demos.wormhole.stable_diffusion.tt.ttnn_functional_unet_2d_condition_model_new_conv:__call__:406 - Down block 1
2026-05-29 08:16:29.452 | INFO     | models.demos.wormhole.stable_diffusion.tt.ttnn_functional_unet_2d_condition_model_new_conv:__call__:406 - Down block 2
2026-05-29 08:16:29.455 | INFO     | models.demos.wormhole.stable_diffusion.tt.ttnn_functional_unet_2d_condition_model_new_conv:__call__:406 - Down block 3
2026-05-29 08:16:29.456 | INFO     | models.demos.wormhole.stable_diffusion.tt.ttnn_functional_unet_2d_condition_model_new_conv:__call__:460 - Mid block
2026-05-29 08:16:29.456 | warning  |              Op | Mismatch between computed MemoryConfig(memory_layout=TensorMemoryLayout::BLOCK_SHARDED,buffer_type=BufferType::L1,shard_spec=ShardSpec(grid={[(x=0,y=0) - (x=7,y=3)]},shape={32, 160},orientation=ShardOrientation::ROW_MAJOR),nd_shard_spec=NdShardSpec(shard_shape=Shape([32, 160]),grid={[(x=0,y=0) - (x=7,y=3)]},orientation=ShardOrientation::ROW_MAJOR,shard_distribution_strategy=ShardDistributionStrategy::GRID_2D),created_with_nd_shard_spec=0) and provided MemoryConfig(memory_layout=TensorMemoryLayout::BLOCK_SHARDED,buffer_type=BufferType::L1,shard_spec=ShardSpec(grid={[(x=0,y=0) - (x=7,y=7)]},shape={32, 160},orientation=ShardOrientation::ROW_MAJOR),nd_shard_spec=std::nullopt,created_with_nd_shard_spec=0) mem config. Using computed config. (matmul_op.cpp:1674)
2026-05-29 08:16:29.458 | INFO     | models.demos.wormhole.stable_diffusion.tt.ttnn_functional_unet_2d_condition_model_new_conv:__call__:491 - Up block 0
2026-05-29 08:16:29.459 | INFO     | models.demos.wormhole.stable_diffusion.tt.ttnn_functional_unet_2d_condition_model_new_conv:__call__:491 - Up block 1
2026-05-29 08:16:29.464 | INFO     | models.demos.wormhole.stable_diffusion.tt.ttnn_functional_unet_2d_condition_model_new_conv:__call__:491 - Up block 2
2026-05-29 08:16:29.472 | INFO     | models.demos.wormhole.stable_diffusion.tt.ttnn_functional_unet_2d_condition_model_new_conv:__call__:491 - Up block 3
2026-05-29 08:16:29.493 | INFO     | models.demos.wormhole.stable_diffusion.tt.ttnn_functional_unet_2d_condition_model_new_conv:__call__:406 - Down block 0
2026-05-29 08:16:29.498 | info     |              Op | act_block_h_override 2 is not a valid override for padded_output_height_ntiles_per_core 7, instead 1 was selected as closest valid option! (conv2d_utils.cpp:401)
2026-05-29 08:16:29.499 | INFO     | models.demos.wormhole.stable_diffusion.tt.ttnn_functional_unet_2d_condition_model_new_conv:__call__:406 - Down block 1
2026-05-29 08:16:29.504 | INFO     | models.demos.wormhole.stable_diffusion.tt.ttnn_functional_unet_2d_condition_model_new_conv:__call__:406 - Down block 2
2026-05-29 08:16:29.508 | INFO     | models.demos.wormhole.stable_diffusion.tt.ttnn_functional_unet_2d_condition_model_new_conv:__call__:406 - Down block 3
2026-05-29 08:16:29.508 | INFO     | models.demos.wormhole.stable_diffusion.tt.ttnn_functional_unet_2d_condition_model_new_conv:__call__:460 - Mid block
2026-05-29 08:16:29.509 | warning  |              Op | Mismatch between computed MemoryConfig(memory_layout=TensorMemoryLayout::BLOCK_SHARDED,buffer_type=BufferType::L1,shard_spec=ShardSpec(grid={[(x=0,y=0) - (x=7,y=3)]},shape={32, 160},orientation=ShardOrientation::ROW_MAJOR),nd_shard_spec=NdShardSpec(shard_shape=Shape([32, 160]),grid={[(x=0,y=0) - (x=7,y=3)]},orientation=ShardOrientation::ROW_MAJOR,shard_distribution_strategy=ShardDistributionStrategy::GRID_2D),created_with_nd_shard_spec=0) and provided MemoryConfig(memory_layout=TensorMemoryLayout::BLOCK_SHARDED,buffer_type=BufferType::L1,shard_spec=ShardSpec(grid={[(x=0,y=0) - (x=7,y=7)]},shape={32, 160},orientation=ShardOrientation::ROW_MAJOR),nd_shard_spec=std::nullopt,created_with_nd_shard_spec=0) mem config. Using computed config. (matmul_op.cpp:1674)
2026-05-29 08:16:29.510 | INFO     | models.demos.wormhole.stable_diffusion.tt.ttnn_functional_unet_2d_condition_model_new_conv:__call__:491 - Up block 0
2026-05-29 08:16:29.512 | INFO     | models.demos.wormhole.stable_diffusion.tt.ttnn_functional_unet_2d_condition_model_new_conv:__call__:491 - Up block 1
2026-05-29 08:16:29.517 | INFO     | models.demos.wormhole.stable_diffusion.tt.ttnn_functional_unet_2d_condition_model_new_conv:__call__:491 - Up block 2
2026-05-29 08:16:29.526 | INFO     | models.demos.wormhole.stable_diffusion.tt.ttnn_functional_unet_2d_condition_model_new_conv:__call__:491 - Up block 3
  Step 40/41
2026-05-29 08:16:29.548 | INFO     | models.demos.wormhole.stable_diffusion.tt.ttnn_functional_unet_2d_condition_model_new_conv:__call__:406 - Down block 0
2026-05-29 08:16:29.554 | info     |              Op | act_block_h_override 2 is not a valid override for padded_output_height_ntiles_per_core 7, instead 1 was selected as closest valid option! (conv2d_utils.cpp:401)
2026-05-29 08:16:29.554 | INFO     | models.demos.wormhole.stable_diffusion.tt.ttnn_functional_unet_2d_condition_model_new_conv:__call__:406 - Down block 1
2026-05-29 08:16:29.559 | INFO     | models.demos.wormhole.stable_diffusion.tt.ttnn_functional_unet_2d_condition_model_new_conv:__call__:406 - Down block 2
2026-05-29 08:16:29.563 | INFO     | models.demos.wormhole.stable_diffusion.tt.ttnn_functional_unet_2d_condition_model_new_conv:__call__:406 - Down block 3
2026-05-29 08:16:29.564 | INFO     | models.demos.wormhole.stable_diffusion.tt.ttnn_functional_unet_2d_condition_model_new_conv:__call__:460 - Mid block
2026-05-29 08:16:29.564 | warning  |              Op | Mismatch between computed MemoryConfig(memory_layout=TensorMemoryLayout::BLOCK_SHARDED,buffer_type=BufferType::L1,shard_spec=ShardSpec(grid={[(x=0,y=0) - (x=7,y=3)]},shape={32, 160},orientation=ShardOrientation::ROW_MAJOR),nd_shard_spec=NdShardSpec(shard_shape=Shape([32, 160]),grid={[(x=0,y=0) - (x=7,y=3)]},orientation=ShardOrientation::ROW_MAJOR,shard_distribution_strategy=ShardDistributionStrategy::GRID_2D),created_with_nd_shard_spec=0) and provided MemoryConfig(memory_layout=TensorMemoryLayout::BLOCK_SHARDED,buffer_type=BufferType::L1,shard_spec=ShardSpec(grid={[(x=0,y=0) - (x=7,y=7)]},shape={32, 160},orientation=ShardOrientation::ROW_MAJOR),nd_shard_spec=std::nullopt,created_with_nd_shard_spec=0) mem config. Using computed config. (matmul_op.cpp:1674)
2026-05-29 08:16:29.566 | INFO     | models.demos.wormhole.stable_diffusion.tt.ttnn_functional_unet_2d_condition_model_new_conv:__call__:491 - Up block 0
2026-05-29 08:16:29.567 | INFO     | models.demos.wormhole.stable_diffusion.tt.ttnn_functional_unet_2d_condition_model_new_conv:__call__:491 - Up block 1
2026-05-29 08:16:29.572 | INFO     | models.demos.wormhole.stable_diffusion.tt.ttnn_functional_unet_2d_condition_model_new_conv:__call__:491 - Up block 2
2026-05-29 08:16:29.580 | INFO     | models.demos.wormhole.stable_diffusion.tt.ttnn_functional_unet_2d_condition_model_new_conv:__call__:491 - Up block 3
2026-05-29 08:16:29.600 | INFO     | models.demos.wormhole.stable_diffusion.tt.ttnn_functional_unet_2d_condition_model_new_conv:__call__:406 - Down block 0
2026-05-29 08:16:29.606 | info     |              Op | act_block_h_override 2 is not a valid override for padded_output_height_ntiles_per_core 7, instead 1 was selected as closest valid option! (conv2d_utils.cpp:401)
2026-05-29 08:16:29.606 | INFO     | models.demos.wormhole.stable_diffusion.tt.ttnn_functional_unet_2d_condition_model_new_conv:__call__:406 - Down block 1
2026-05-29 08:16:29.611 | INFO     | models.demos.wormhole.stable_diffusion.tt.ttnn_functional_unet_2d_condition_model_new_conv:__call__:406 - Down block 2
2026-05-29 08:16:29.615 | INFO     | models.demos.wormhole.stable_diffusion.tt.ttnn_functional_unet_2d_condition_model_new_conv:__call__:406 - Down block 3
2026-05-29 08:16:29.615 | INFO     | models.demos.wormhole.stable_diffusion.tt.ttnn_functional_unet_2d_condition_model_new_conv:__call__:460 - Mid block
2026-05-29 08:16:29.616 | warning  |              Op | Mismatch between computed MemoryConfig(memory_layout=TensorMemoryLayout::BLOCK_SHARDED,buffer_type=BufferType::L1,shard_spec=ShardSpec(grid={[(x=0,y=0) - (x=7,y=3)]},shape={32, 160},orientation=ShardOrientation::ROW_MAJOR),nd_shard_spec=NdShardSpec(shard_shape=Shape([32, 160]),grid={[(x=0,y=0) - (x=7,y=3)]},orientation=ShardOrientation::ROW_MAJOR,shard_distribution_strategy=ShardDistributionStrategy::GRID_2D),created_with_nd_shard_spec=0) and provided MemoryConfig(memory_layout=TensorMemoryLayout::BLOCK_SHARDED,buffer_type=BufferType::L1,shard_spec=ShardSpec(grid={[(x=0,y=0) - (x=7,y=7)]},shape={32, 160},orientation=ShardOrientation::ROW_MAJOR),nd_shard_spec=std::nullopt,created_with_nd_shard_spec=0) mem config. Using computed config. (matmul_op.cpp:1674)
2026-05-29 08:16:29.617 | INFO     | models.demos.wormhole.stable_diffusion.tt.ttnn_functional_unet_2d_condition_model_new_conv:__call__:491 - Up block 0
2026-05-29 08:16:29.618 | INFO     | models.demos.wormhole.stable_diffusion.tt.ttnn_functional_unet_2d_condition_model_new_conv:__call__:491 - Up block 1
2026-05-29 08:16:29.623 | INFO     | models.demos.wormhole.stable_diffusion.tt.ttnn_functional_unet_2d_condition_model_new_conv:__call__:491 - Up block 2
2026-05-29 08:16:29.632 | INFO     | models.demos.wormhole.stable_diffusion.tt.ttnn_functional_unet_2d_condition_model_new_conv:__call__:491 - Up block 3
2026-05-29 08:16:29.652 | INFO     | models.demos.wormhole.stable_diffusion.tt.ttnn_functional_unet_2d_condition_model_new_conv:__call__:406 - Down block 0
2026-05-29 08:16:29.658 | info     |              Op | act_block_h_override 2 is not a valid override for padded_output_height_ntiles_per_core 7, instead 1 was selected as closest valid option! (conv2d_utils.cpp:401)
2026-05-29 08:16:29.658 | INFO     | models.demos.wormhole.stable_diffusion.tt.ttnn_functional_unet_2d_condition_model_new_conv:__call__:406 - Down block 1
2026-05-29 08:16:29.663 | INFO     | models.demos.wormhole.stable_diffusion.tt.ttnn_functional_unet_2d_condition_model_new_conv:__call__:406 - Down block 2
2026-05-29 08:16:29.666 | INFO     | models.demos.wormhole.stable_diffusion.tt.ttnn_functional_unet_2d_condition_model_new_conv:__call__:406 - Down block 3
2026-05-29 08:16:29.667 | INFO     | models.demos.wormhole.stable_diffusion.tt.ttnn_functional_unet_2d_condition_model_new_conv:__call__:460 - Mid block
2026-05-29 08:16:29.667 | warning  |              Op | Mismatch between computed MemoryConfig(memory_layout=TensorMemoryLayout::BLOCK_SHARDED,buffer_type=BufferType::L1,shard_spec=ShardSpec(grid={[(x=0,y=0) - (x=7,y=3)]},shape={32, 160},orientation=ShardOrientation::ROW_MAJOR),nd_shard_spec=NdShardSpec(shard_shape=Shape([32, 160]),grid={[(x=0,y=0) - (x=7,y=3)]},orientation=ShardOrientation::ROW_MAJOR,shard_distribution_strategy=ShardDistributionStrategy::GRID_2D),created_with_nd_shard_spec=0) and provided MemoryConfig(memory_layout=TensorMemoryLayout::BLOCK_SHARDED,buffer_type=BufferType::L1,shard_spec=ShardSpec(grid={[(x=0,y=0) - (x=7,y=7)]},shape={32, 160},orientation=ShardOrientation::ROW_MAJOR),nd_shard_spec=std::nullopt,created_with_nd_shard_spec=0) mem config. Using computed config. (matmul_op.cpp:1674)
2026-05-29 08:16:29.669 | INFO     | models.demos.wormhole.stable_diffusion.tt.ttnn_functional_unet_2d_condition_model_new_conv:__call__:491 - Up block 0
2026-05-29 08:16:29.670 | INFO     | models.demos.wormhole.stable_diffusion.tt.ttnn_functional_unet_2d_condition_model_new_conv:__call__:491 - Up block 1
2026-05-29 08:16:29.675 | INFO     | models.demos.wormhole.stable_diffusion.tt.ttnn_functional_unet_2d_condition_model_new_conv:__call__:491 - Up block 2
2026-05-29 08:16:29.683 | INFO     | models.demos.wormhole.stable_diffusion.tt.ttnn_functional_unet_2d_condition_model_new_conv:__call__:491 - Up block 3
2026-05-29 08:16:29.704 | INFO     | models.demos.wormhole.stable_diffusion.tt.ttnn_functional_unet_2d_condition_model_new_conv:__call__:406 - Down block 0
2026-05-29 08:16:29.709 | info     |              Op | act_block_h_override 2 is not a valid override for padded_output_height_ntiles_per_core 7, instead 1 was selected as closest valid option! (conv2d_utils.cpp:401)
2026-05-29 08:16:29.709 | INFO     | models.demos.wormhole.stable_diffusion.tt.ttnn_functional_unet_2d_condition_model_new_conv:__call__:406 - Down block 1
2026-05-29 08:16:29.715 | INFO     | models.demos.wormhole.stable_diffusion.tt.ttnn_functional_unet_2d_condition_model_new_conv:__call__:406 - Down block 2
2026-05-29 08:16:29.718 | INFO     | models.demos.wormhole.stable_diffusion.tt.ttnn_functional_unet_2d_condition_model_new_conv:__call__:406 - Down block 3
2026-05-29 08:16:29.719 | INFO     | models.demos.wormhole.stable_diffusion.tt.ttnn_functional_unet_2d_condition_model_new_conv:__call__:460 - Mid block
2026-05-29 08:16:29.719 | warning  |              Op | Mismatch between computed MemoryConfig(memory_layout=TensorMemoryLayout::BLOCK_SHARDED,buffer_type=BufferType::L1,shard_spec=ShardSpec(grid={[(x=0,y=0) - (x=7,y=3)]},shape={32, 160},orientation=ShardOrientation::ROW_MAJOR),nd_shard_spec=NdShardSpec(shard_shape=Shape([32, 160]),grid={[(x=0,y=0) - (x=7,y=3)]},orientation=ShardOrientation::ROW_MAJOR,shard_distribution_strategy=ShardDistributionStrategy::GRID_2D),created_with_nd_shard_spec=0) and provided MemoryConfig(memory_layout=TensorMemoryLayout::BLOCK_SHARDED,buffer_type=BufferType::L1,shard_spec=ShardSpec(grid={[(x=0,y=0) - (x=7,y=7)]},shape={32, 160},orientation=ShardOrientation::ROW_MAJOR),nd_shard_spec=std::nullopt,created_with_nd_shard_spec=0) mem config. Using computed config. (matmul_op.cpp:1674)
2026-05-29 08:16:29.721 | INFO     | models.demos.wormhole.stable_diffusion.tt.ttnn_functional_unet_2d_condition_model_new_conv:__call__:491 - Up block 0
2026-05-29 08:16:29.722 | INFO     | models.demos.wormhole.stable_diffusion.tt.ttnn_functional_unet_2d_condition_model_new_conv:__call__:491 - Up block 1
2026-05-29 08:16:29.727 | INFO     | models.demos.wormhole.stable_diffusion.tt.ttnn_functional_unet_2d_condition_model_new_conv:__call__:491 - Up block 2
2026-05-29 08:16:29.735 | INFO     | models.demos.wormhole.stable_diffusion.tt.ttnn_functional_unet_2d_condition_model_new_conv:__call__:491 - Up block 3
2026-05-29 08:16:29.756 | INFO     | models.demos.wormhole.stable_diffusion.tt.ttnn_functional_unet_2d_condition_model_new_conv:__call__:406 - Down block 0
2026-05-29 08:16:29.761 | info     |              Op | act_block_h_override 2 is not a valid override for padded_output_height_ntiles_per_core 7, instead 1 was selected as closest valid option! (conv2d_utils.cpp:401)
2026-05-29 08:16:29.761 | INFO     | models.demos.wormhole.stable_diffusion.tt.ttnn_functional_unet_2d_condition_model_new_conv:__call__:406 - Down block 1
2026-05-29 08:16:29.767 | INFO     | models.demos.wormhole.stable_diffusion.tt.ttnn_functional_unet_2d_condition_model_new_conv:__call__:406 - Down block 2
2026-05-29 08:16:29.770 | INFO     | models.demos.wormhole.stable_diffusion.tt.ttnn_functional_unet_2d_condition_model_new_conv:__call__:406 - Down block 3
2026-05-29 08:16:29.771 | INFO     | models.demos.wormhole.stable_diffusion.tt.ttnn_functional_unet_2d_condition_model_new_conv:__call__:460 - Mid block
2026-05-29 08:16:29.771 | warning  |              Op | Mismatch between computed MemoryConfig(memory_layout=TensorMemoryLayout::BLOCK_SHARDED,buffer_type=BufferType::L1,shard_spec=ShardSpec(grid={[(x=0,y=0) - (x=7,y=3)]},shape={32, 160},orientation=ShardOrientation::ROW_MAJOR),nd_shard_spec=NdShardSpec(shard_shape=Shape([32, 160]),grid={[(x=0,y=0) - (x=7,y=3)]},orientation=ShardOrientation::ROW_MAJOR,shard_distribution_strategy=ShardDistributionStrategy::GRID_2D),created_with_nd_shard_spec=0) and provided MemoryConfig(memory_layout=TensorMemoryLayout::BLOCK_SHARDED,buffer_type=BufferType::L1,shard_spec=ShardSpec(grid={[(x=0,y=0) - (x=7,y=7)]},shape={32, 160},orientation=ShardOrientation::ROW_MAJOR),nd_shard_spec=std::nullopt,created_with_nd_shard_spec=0) mem config. Using computed config. (matmul_op.cpp:1674)
2026-05-29 08:16:29.772 | INFO     | models.demos.wormhole.stable_diffusion.tt.ttnn_functional_unet_2d_condition_model_new_conv:__call__:491 - Up block 0
2026-05-29 08:16:29.774 | INFO     | models.demos.wormhole.stable_diffusion.tt.ttnn_functional_unet_2d_condition_model_new_conv:__call__:491 - Up block 1
2026-05-29 08:16:29.779 | INFO     | models.demos.wormhole.stable_diffusion.tt.ttnn_functional_unet_2d_condition_model_new_conv:__call__:491 - Up block 2
2026-05-29 08:16:29.787 | INFO     | models.demos.wormhole.stable_diffusion.tt.ttnn_functional_unet_2d_condition_model_new_conv:__call__:491 - Up block 3
2026-05-29 08:16:29.807 | INFO     | models.demos.wormhole.stable_diffusion.tt.ttnn_functional_unet_2d_condition_model_new_conv:__call__:406 - Down block 0
2026-05-29 08:16:29.813 | info     |              Op | act_block_h_override 2 is not a valid override for padded_output_height_ntiles_per_core 7, instead 1 was selected as closest valid option! (conv2d_utils.cpp:401)
2026-05-29 08:16:29.813 | INFO     | models.demos.wormhole.stable_diffusion.tt.ttnn_functional_unet_2d_condition_model_new_conv:__call__:406 - Down block 1
2026-05-29 08:16:29.818 | INFO     | models.demos.wormhole.stable_diffusion.tt.ttnn_functional_unet_2d_condition_model_new_conv:__call__:406 - Down block 2
2026-05-29 08:16:29.822 | INFO     | models.demos.wormhole.stable_diffusion.tt.ttnn_functional_unet_2d_condition_model_new_conv:__call__:406 - Down block 3
2026-05-29 08:16:29.823 | INFO     | models.demos.wormhole.stable_diffusion.tt.ttnn_functional_unet_2d_condition_model_new_conv:__call__:460 - Mid block
2026-05-29 08:16:29.823 | warning  |              Op | Mismatch between computed MemoryConfig(memory_layout=TensorMemoryLayout::BLOCK_SHARDED,buffer_type=BufferType::L1,shard_spec=ShardSpec(grid={[(x=0,y=0) - (x=7,y=3)]},shape={32, 160},orientation=ShardOrientation::ROW_MAJOR),nd_shard_spec=NdShardSpec(shard_shape=Shape([32, 160]),grid={[(x=0,y=0) - (x=7,y=3)]},orientation=ShardOrientation::ROW_MAJOR,shard_distribution_strategy=ShardDistributionStrategy::GRID_2D),created_with_nd_shard_spec=0) and provided MemoryConfig(memory_layout=TensorMemoryLayout::BLOCK_SHARDED,buffer_type=BufferType::L1,shard_spec=ShardSpec(grid={[(x=0,y=0) - (x=7,y=7)]},shape={32, 160},orientation=ShardOrientation::ROW_MAJOR),nd_shard_spec=std::nullopt,created_with_nd_shard_spec=0) mem config. Using computed config. (matmul_op.cpp:1674)
2026-05-29 08:16:29.824 | INFO     | models.demos.wormhole.stable_diffusion.tt.ttnn_functional_unet_2d_condition_model_new_conv:__call__:491 - Up block 0
2026-05-29 08:16:29.826 | INFO     | models.demos.wormhole.stable_diffusion.tt.ttnn_functional_unet_2d_condition_model_new_conv:__call__:491 - Up block 1
2026-05-29 08:16:29.831 | INFO     | models.demos.wormhole.stable_diffusion.tt.ttnn_functional_unet_2d_condition_model_new_conv:__call__:491 - Up block 2
2026-05-29 08:16:29.839 | INFO     | models.demos.wormhole.stable_diffusion.tt.ttnn_functional_unet_2d_condition_model_new_conv:__call__:491 - Up block 3
2026-05-29 08:16:29.859 | INFO     | models.demos.wormhole.stable_diffusion.tt.ttnn_functional_unet_2d_condition_model_new_conv:__call__:406 - Down block 0
2026-05-29 08:16:29.865 | info     |              Op | act_block_h_override 2 is not a valid override for padded_output_height_ntiles_per_core 7, instead 1 was selected as closest valid option! (conv2d_utils.cpp:401)
2026-05-29 08:16:29.865 | INFO     | models.demos.wormhole.stable_diffusion.tt.ttnn_functional_unet_2d_condition_model_new_conv:__call__:406 - Down block 1
2026-05-29 08:16:29.871 | INFO     | models.demos.wormhole.stable_diffusion.tt.ttnn_functional_unet_2d_condition_model_new_conv:__call__:406 - Down block 2
2026-05-29 08:16:29.874 | INFO     | models.demos.wormhole.stable_diffusion.tt.ttnn_functional_unet_2d_condition_model_new_conv:__call__:406 - Down block 3
2026-05-29 08:16:29.875 | INFO     | models.demos.wormhole.stable_diffusion.tt.ttnn_functional_unet_2d_condition_model_new_conv:__call__:460 - Mid block
2026-05-29 08:16:29.876 | warning  |              Op | Mismatch between computed MemoryConfig(memory_layout=TensorMemoryLayout::BLOCK_SHARDED,buffer_type=BufferType::L1,shard_spec=ShardSpec(grid={[(x=0,y=0) - (x=7,y=3)]},shape={32, 160},orientation=ShardOrientation::ROW_MAJOR),nd_shard_spec=NdShardSpec(shard_shape=Shape([32, 160]),grid={[(x=0,y=0) - (x=7,y=3)]},orientation=ShardOrientation::ROW_MAJOR,shard_distribution_strategy=ShardDistributionStrategy::GRID_2D),created_with_nd_shard_spec=0) and provided MemoryConfig(memory_layout=TensorMemoryLayout::BLOCK_SHARDED,buffer_type=BufferType::L1,shard_spec=ShardSpec(grid={[(x=0,y=0) - (x=7,y=7)]},shape={32, 160},orientation=ShardOrientation::ROW_MAJOR),nd_shard_spec=std::nullopt,created_with_nd_shard_spec=0) mem config. Using computed config. (matmul_op.cpp:1674)
2026-05-29 08:16:29.877 | INFO     | models.demos.wormhole.stable_diffusion.tt.ttnn_functional_unet_2d_condition_model_new_conv:__call__:491 - Up block 0
2026-05-29 08:16:29.878 | INFO     | models.demos.wormhole.stable_diffusion.tt.ttnn_functional_unet_2d_condition_model_new_conv:__call__:491 - Up block 1
2026-05-29 08:16:29.883 | INFO     | models.demos.wormhole.stable_diffusion.tt.ttnn_functional_unet_2d_condition_model_new_conv:__call__:491 - Up block 2
2026-05-29 08:16:29.891 | INFO     | models.demos.wormhole.stable_diffusion.tt.ttnn_functional_unet_2d_condition_model_new_conv:__call__:491 - Up block 3
2026-05-29 08:16:29.911 | INFO     | models.demos.wormhole.stable_diffusion.tt.ttnn_functional_unet_2d_condition_model_new_conv:__call__:406 - Down block 0
2026-05-29 08:16:29.917 | info     |              Op | act_block_h_override 2 is not a valid override for padded_output_height_ntiles_per_core 7, instead 1 was selected as closest valid option! (conv2d_utils.cpp:401)
2026-05-29 08:16:29.917 | INFO     | models.demos.wormhole.stable_diffusion.tt.ttnn_functional_unet_2d_condition_model_new_conv:__call__:406 - Down block 1
2026-05-29 08:16:29.923 | INFO     | models.demos.wormhole.stable_diffusion.tt.ttnn_functional_unet_2d_condition_model_new_conv:__call__:406 - Down block 2
2026-05-29 08:16:29.926 | INFO     | models.demos.wormhole.stable_diffusion.tt.ttnn_functional_unet_2d_condition_model_new_conv:__call__:406 - Down block 3
2026-05-29 08:16:29.927 | INFO     | models.demos.wormhole.stable_diffusion.tt.ttnn_functional_unet_2d_condition_model_new_conv:__call__:460 - Mid block
2026-05-29 08:16:29.927 | warning  |              Op | Mismatch between computed MemoryConfig(memory_layout=TensorMemoryLayout::BLOCK_SHARDED,buffer_type=BufferType::L1,shard_spec=ShardSpec(grid={[(x=0,y=0) - (x=7,y=3)]},shape={32, 160},orientation=ShardOrientation::ROW_MAJOR),nd_shard_spec=NdShardSpec(shard_shape=Shape([32, 160]),grid={[(x=0,y=0) - (x=7,y=3)]},orientation=ShardOrientation::ROW_MAJOR,shard_distribution_strategy=ShardDistributionStrategy::GRID_2D),created_with_nd_shard_spec=0) and provided MemoryConfig(memory_layout=TensorMemoryLayout::BLOCK_SHARDED,buffer_type=BufferType::L1,shard_spec=ShardSpec(grid={[(x=0,y=0) - (x=7,y=7)]},shape={32, 160},orientation=ShardOrientation::ROW_MAJOR),nd_shard_spec=std::nullopt,created_with_nd_shard_spec=0) mem config. Using computed config. (matmul_op.cpp:1674)
2026-05-29 08:16:29.928 | INFO     | models.demos.wormhole.stable_diffusion.tt.ttnn_functional_unet_2d_condition_model_new_conv:__call__:491 - Up block 0
2026-05-29 08:16:29.930 | INFO     | models.demos.wormhole.stable_diffusion.tt.ttnn_functional_unet_2d_condition_model_new_conv:__call__:491 - Up block 1
2026-05-29 08:16:29.935 | INFO     | models.demos.wormhole.stable_diffusion.tt.ttnn_functional_unet_2d_condition_model_new_conv:__call__:491 - Up block 2
2026-05-29 08:16:29.943 | INFO     | models.demos.wormhole.stable_diffusion.tt.ttnn_functional_unet_2d_condition_model_new_conv:__call__:491 - Up block 3
  Step 41/41
  Frame 1/8 decoded
  Frame 2/8 decoded
  Frame 3/8 decoded
  Frame 4/8 decoded
  Frame 5/8 decoded
  Frame 6/8 decoded
  Frame 7/8 decoded
  Frame 8/8 decoded
  Generated in 130.0s (16.3s/frame)

Device closed.

Saved 8 frames → /home/ttuser/.local/share/tt-video-gen/videos/20260529_151421_d33c7e75.gif

TTNN UNet spatial denoising: Blackhole hardware
Cross-frame temporal attention (alpha=0.35): CPU at each step
VAE decode: CPU (TTNN VAE conv_out OOMs on Blackhole)
2026-05-29 08:16:54.124 | info     |          Device | Closing user mode device drivers (tt_cluster.cpp:431)
2026-05-29 08:16:54.199 | info     |             UMD | Unpinning pages for DMA: virtual address 0x741cc4a00000 and size 0x100000000 (pci_device.cpp:704)
2026-05-29 08:16:54.383 | info     |             UMD | Unpinning pages for DMA: virtual address 0x7425e4c00000 and size 0x100000000 (pci_device.cpp:704)
2026-05-29 08:16:54.576 | info     |             UMD | Unpinning pages for DMA: virtual address 0x742f04c00000 and size 0x100000000 (pci_device.cpp:704)
2026-05-29 08:16:54.787 | info     |             UMD | Unpinning pages for DMA: virtual address 0x743824e00000 and size 0x100000000 (pci_device.cpp:704)
