# animatediff run 20260529_105144
# cmd: /home/ttuser/tt-metal/python_env/bin/python /home/ttuser/code/tt-local-generator/app/animatediff/examples/generate_blackhole_v2.py --prompt ink cascading between fire, water, wind, breath, and fabric, in a rhythmic motion, --negative-prompt blurry, low quality --frames 8 --steps 40 --seed 42 --temporal-alpha 0.35 --output /home/ttuser/.local/share/tt-video-gen/videos/20260529_175144_975d1c31.gif

AnimateDiff Phase 2.5 — Blackhole TTNN UNet + cross-frame temporal attention
  Prompt         : ink cascading between fire, water, wind, breath, and fabric, in a rhythmic motion,
  Frames         : 8  Steps: 40  Seed: 42
  Temporal alpha : 0.35

Opening Blackhole device...
2026-05-29 10:51:46.650 | DEBUG    | ttnn:<module>:77 - Initial ttnn.CONFIG:
Config{cache_path=/home/ttuser/.cache/ttnn,model_cache_path=/home/ttuser/.cache/ttnn/models,tmp_dir=/tmp/ttnn,enable_model_cache=false,enable_fast_runtime_mode=true,throw_exception_on_fallback=false,enable_logging=false,enable_graph_report=false,enable_detailed_buffer_report=false,enable_detailed_tensor_report=false,enable_comparison_mode=false,comparison_mode_should_raise_exception=false,comparison_mode_pcc=0.9999,root_report_path=generated/ttnn/reports,report_name=std::nullopt,std::nullopt}
2026-05-29 10:51:46.729 | warning  |             UMD | File size 56 is not as expected 48 for mutex ARC_MSG_0_PCIe. This could be due to new pthread library version, or some other external factor. (robust_mutex.cpp:185)
2026-05-29 10:51:46.729 | warning  |             UMD | The file was resized, but the initialized flag is correct. This is an unexpected case, the mutex might fail. Mutex name: ARC_MSG_0_PCIe (robust_mutex.cpp:139)
2026-05-29 10:51:46.729 | warning  |             UMD | File size 56 is not as expected 48 for mutex REMOTE_ARC_MSG_0_PCIe. This could be due to new pthread library version, or some other external factor. (robust_mutex.cpp:185)
2026-05-29 10:51:46.729 | warning  |             UMD | The file was resized, but the initialized flag is correct. This is an unexpected case, the mutex might fail. Mutex name: REMOTE_ARC_MSG_0_PCIe (robust_mutex.cpp:139)
2026-05-29 10:51:46.729 | warning  |             UMD | File size 56 is not as expected 48 for mutex ARC_MSG. This could be due to new pthread library version, or some other external factor. (robust_mutex.cpp:185)
2026-05-29 10:51:46.729 | warning  |             UMD | The file was resized, but the initialized flag is correct. This is an unexpected case, the mutex might fail. Mutex name: ARC_MSG (robust_mutex.cpp:139)
2026-05-29 10:51:47.247 | warning  |             UMD | File size 56 is not as expected 48 for mutex ARC_MSG_1_PCIe. This could be due to new pthread library version, or some other external factor. (robust_mutex.cpp:185)
2026-05-29 10:51:47.247 | warning  |             UMD | The file was resized, but the initialized flag is correct. This is an unexpected case, the mutex might fail. Mutex name: ARC_MSG_1_PCIe (robust_mutex.cpp:139)
2026-05-29 10:51:47.247 | warning  |             UMD | File size 56 is not as expected 48 for mutex REMOTE_ARC_MSG_1_PCIe. This could be due to new pthread library version, or some other external factor. (robust_mutex.cpp:185)
2026-05-29 10:51:47.247 | warning  |             UMD | The file was resized, but the initialized flag is correct. This is an unexpected case, the mutex might fail. Mutex name: REMOTE_ARC_MSG_1_PCIe (robust_mutex.cpp:139)
2026-05-29 10:51:47.671 | warning  |             UMD | File size 56 is not as expected 48 for mutex ARC_MSG_2_PCIe. This could be due to new pthread library version, or some other external factor. (robust_mutex.cpp:185)
2026-05-29 10:51:47.671 | warning  |             UMD | The file was resized, but the initialized flag is correct. This is an unexpected case, the mutex might fail. Mutex name: ARC_MSG_2_PCIe (robust_mutex.cpp:139)
2026-05-29 10:51:47.671 | warning  |             UMD | File size 56 is not as expected 48 for mutex REMOTE_ARC_MSG_2_PCIe. This could be due to new pthread library version, or some other external factor. (robust_mutex.cpp:185)
2026-05-29 10:51:47.671 | warning  |             UMD | The file was resized, but the initialized flag is correct. This is an unexpected case, the mutex might fail. Mutex name: REMOTE_ARC_MSG_2_PCIe (robust_mutex.cpp:139)
2026-05-29 10:51:48.095 | warning  |             UMD | File size 56 is not as expected 48 for mutex ARC_MSG_3_PCIe. This could be due to new pthread library version, or some other external factor. (robust_mutex.cpp:185)
2026-05-29 10:51:48.095 | warning  |             UMD | The file was resized, but the initialized flag is correct. This is an unexpected case, the mutex might fail. Mutex name: ARC_MSG_3_PCIe (robust_mutex.cpp:139)
2026-05-29 10:51:48.095 | warning  |             UMD | File size 56 is not as expected 48 for mutex REMOTE_ARC_MSG_3_PCIe. This could be due to new pthread library version, or some other external factor. (robust_mutex.cpp:185)
2026-05-29 10:51:48.095 | warning  |             UMD | The file was resized, but the initialized flag is correct. This is an unexpected case, the mutex might fail. Mutex name: REMOTE_ARC_MSG_3_PCIe (robust_mutex.cpp:139)
2026-05-29 10:51:48.780 | info     |          Device | Opening user mode device driver (tt_cluster.cpp:213)
2026-05-29 10:51:52.972 | info     |             UMD | Harvesting mask for chip 3 is 0x1100 (NOC0: 0x1100, simulated harvesting mask: 0x0). (cluster.cpp:399)
2026-05-29 10:51:53.002 | warning  |             UMD | File size 56 is not as expected 48 for mutex ARC_MSG_0_PCIe. This could be due to new pthread library version, or some other external factor. (robust_mutex.cpp:185)
2026-05-29 10:51:53.002 | warning  |             UMD | The file was resized, but the initialized flag is correct. This is an unexpected case, the mutex might fail. Mutex name: ARC_MSG_0_PCIe (robust_mutex.cpp:139)
2026-05-29 10:51:53.002 | warning  |             UMD | File size 56 is not as expected 48 for mutex REMOTE_ARC_MSG_0_PCIe. This could be due to new pthread library version, or some other external factor. (robust_mutex.cpp:185)
2026-05-29 10:51:53.002 | warning  |             UMD | The file was resized, but the initialized flag is correct. This is an unexpected case, the mutex might fail. Mutex name: REMOTE_ARC_MSG_0_PCIe (robust_mutex.cpp:139)
2026-05-29 10:51:53.002 | warning  |             UMD | File size 56 is not as expected 48 for mutex ARC_MSG. This could be due to new pthread library version, or some other external factor. (robust_mutex.cpp:185)
2026-05-29 10:51:53.002 | warning  |             UMD | The file was resized, but the initialized flag is correct. This is an unexpected case, the mutex might fail. Mutex name: ARC_MSG (robust_mutex.cpp:139)
2026-05-29 10:51:53.002 | info     |             UMD | Initializing iommu for sysmem (size: 0x100000000). (sysmem_manager.cpp:300)
2026-05-29 10:51:53.002 | info     |             UMD | Allocating sysmem without hugepages (size: 0x100000000). (sysmem_manager.cpp:306)
2026-05-29 10:51:53.480 | info     |             UMD | Harvesting mask for chip 2 is 0x101 (NOC0: 0x101, simulated harvesting mask: 0x0). (cluster.cpp:399)
2026-05-29 10:51:53.509 | warning  |             UMD | File size 56 is not as expected 48 for mutex ARC_MSG_1_PCIe. This could be due to new pthread library version, or some other external factor. (robust_mutex.cpp:185)
2026-05-29 10:51:53.509 | warning  |             UMD | The file was resized, but the initialized flag is correct. This is an unexpected case, the mutex might fail. Mutex name: ARC_MSG_1_PCIe (robust_mutex.cpp:139)
2026-05-29 10:51:53.509 | warning  |             UMD | File size 56 is not as expected 48 for mutex REMOTE_ARC_MSG_1_PCIe. This could be due to new pthread library version, or some other external factor. (robust_mutex.cpp:185)
2026-05-29 10:51:53.509 | warning  |             UMD | The file was resized, but the initialized flag is correct. This is an unexpected case, the mutex might fail. Mutex name: REMOTE_ARC_MSG_1_PCIe (robust_mutex.cpp:139)
2026-05-29 10:51:53.509 | info     |             UMD | Initializing iommu for sysmem (size: 0x100000000). (sysmem_manager.cpp:300)
2026-05-29 10:51:53.509 | info     |             UMD | Allocating sysmem without hugepages (size: 0x100000000). (sysmem_manager.cpp:306)
2026-05-29 10:51:53.942 | info     |             UMD | Harvesting mask for chip 1 is 0x810 (NOC0: 0x810, simulated harvesting mask: 0x0). (cluster.cpp:399)
2026-05-29 10:51:53.971 | warning  |             UMD | File size 56 is not as expected 48 for mutex ARC_MSG_2_PCIe. This could be due to new pthread library version, or some other external factor. (robust_mutex.cpp:185)
2026-05-29 10:51:53.971 | warning  |             UMD | The file was resized, but the initialized flag is correct. This is an unexpected case, the mutex might fail. Mutex name: ARC_MSG_2_PCIe (robust_mutex.cpp:139)
2026-05-29 10:51:53.971 | warning  |             UMD | File size 56 is not as expected 48 for mutex REMOTE_ARC_MSG_2_PCIe. This could be due to new pthread library version, or some other external factor. (robust_mutex.cpp:185)
2026-05-29 10:51:53.971 | warning  |             UMD | The file was resized, but the initialized flag is correct. This is an unexpected case, the mutex might fail. Mutex name: REMOTE_ARC_MSG_2_PCIe (robust_mutex.cpp:139)
2026-05-29 10:51:53.971 | info     |             UMD | Initializing iommu for sysmem (size: 0x100000000). (sysmem_manager.cpp:300)
2026-05-29 10:51:53.971 | info     |             UMD | Allocating sysmem without hugepages (size: 0x100000000). (sysmem_manager.cpp:306)
2026-05-29 10:51:54.382 | info     |             UMD | Harvesting mask for chip 0 is 0x2800 (NOC0: 0x2800, simulated harvesting mask: 0x0). (cluster.cpp:399)
2026-05-29 10:51:54.410 | warning  |             UMD | File size 56 is not as expected 48 for mutex ARC_MSG_3_PCIe. This could be due to new pthread library version, or some other external factor. (robust_mutex.cpp:185)
2026-05-29 10:51:54.410 | warning  |             UMD | The file was resized, but the initialized flag is correct. This is an unexpected case, the mutex might fail. Mutex name: ARC_MSG_3_PCIe (robust_mutex.cpp:139)
2026-05-29 10:51:54.410 | warning  |             UMD | File size 56 is not as expected 48 for mutex REMOTE_ARC_MSG_3_PCIe. This could be due to new pthread library version, or some other external factor. (robust_mutex.cpp:185)
2026-05-29 10:51:54.410 | warning  |             UMD | The file was resized, but the initialized flag is correct. This is an unexpected case, the mutex might fail. Mutex name: REMOTE_ARC_MSG_3_PCIe (robust_mutex.cpp:139)
2026-05-29 10:51:54.410 | info     |             UMD | Initializing iommu for sysmem (size: 0x100000000). (sysmem_manager.cpp:300)
2026-05-29 10:51:54.410 | info     |             UMD | Allocating sysmem without hugepages (size: 0x100000000). (sysmem_manager.cpp:306)
2026-05-29 10:51:54.812 | info     |             UMD | Opening local chip ids/PCIe ids: {0, 1, 2, 3}/[3, 2, 1, 0] and remote chip ids {} (cluster.cpp:251)
2026-05-29 10:51:54.813 | warning  |             UMD | Firmware version 19.8.0 on the system is newer than the maximum supported version 18.10.0 for blackhole architecture. New features may not be supported. (cluster.cpp:211)
2026-05-29 10:51:54.813 | info     |             UMD | All devices in cluster running firmware version: 19.8.0 (cluster.cpp:231)
2026-05-29 10:51:54.813 | info     |             UMD | IOMMU: enabled (cluster.cpp:173)
2026-05-29 10:51:54.813 | info     |             UMD | KMD version: 2.8.0 (cluster.cpp:176)
2026-05-29 10:51:54.847 | info     |             UMD | Pinning pages for DMA: virtual address 0x7de77a000000 and size 0x100000000 pinned to physical address 0xfffffffe00000000 without mapping to noc (pci_device.cpp:678)
2026-05-29 10:51:54.847 | info     |             UMD | Mapped sysmem without hugepages to IOVA 0xfffffffe00000000; NOC address 0xe7a3aa8 (sysmem_manager.cpp:354)
2026-05-29 10:51:54.847 | info     |             UMD | Device: 3 Mapped iATU region 0 from 0x0 to 0x3fffffff to 0xfffffffe00000000 (blackhole_tt_device.cpp:92)
2026-05-29 10:51:54.847 | info     |             UMD | Device: 3 Mapped iATU region 1 from 0x40000000 to 0x7fffffff to 0xfffffffe40000000 (blackhole_tt_device.cpp:92)
2026-05-29 10:51:54.847 | info     |             UMD | Device: 3 Mapped iATU region 2 from 0x80000000 to 0xbfffffff to 0xfffffffe80000000 (blackhole_tt_device.cpp:92)
2026-05-29 10:51:54.847 | info     |             UMD | Device: 3 Mapped iATU region 3 from 0xc0000000 to 0xffffffff to 0xfffffffec0000000 (blackhole_tt_device.cpp:92)
2026-05-29 10:51:54.885 | info     |             UMD | Pinning pages for DMA: virtual address 0x7df09a200000 and size 0x100000000 pinned to physical address 0xfffffffe00000000 without mapping to noc (pci_device.cpp:678)
2026-05-29 10:51:54.885 | info     |             UMD | Mapped sysmem without hugepages to IOVA 0xfffffffe00000000; NOC address 0xe7a3c78 (sysmem_manager.cpp:354)
2026-05-29 10:51:54.885 | info     |             UMD | Device: 2 Mapped iATU region 0 from 0x0 to 0x3fffffff to 0xfffffffe00000000 (blackhole_tt_device.cpp:92)
2026-05-29 10:51:54.885 | info     |             UMD | Device: 2 Mapped iATU region 1 from 0x40000000 to 0x7fffffff to 0xfffffffe40000000 (blackhole_tt_device.cpp:92)
2026-05-29 10:51:54.885 | info     |             UMD | Device: 2 Mapped iATU region 2 from 0x80000000 to 0xbfffffff to 0xfffffffe80000000 (blackhole_tt_device.cpp:92)
2026-05-29 10:51:54.885 | info     |             UMD | Device: 2 Mapped iATU region 3 from 0xc0000000 to 0xffffffff to 0xfffffffec0000000 (blackhole_tt_device.cpp:92)
2026-05-29 10:51:54.939 | info     |             UMD | Pinning pages for DMA: virtual address 0x7df9ba200000 and size 0x100000000 pinned to physical address 0xfffffffe00000000 without mapping to noc (pci_device.cpp:678)
2026-05-29 10:51:54.939 | info     |             UMD | Mapped sysmem without hugepages to IOVA 0xfffffffe00000000; NOC address 0xe701cf8 (sysmem_manager.cpp:354)
2026-05-29 10:51:54.939 | info     |             UMD | Device: 1 Mapped iATU region 0 from 0x0 to 0x3fffffff to 0xfffffffe00000000 (blackhole_tt_device.cpp:92)
2026-05-29 10:51:54.939 | info     |             UMD | Device: 1 Mapped iATU region 1 from 0x40000000 to 0x7fffffff to 0xfffffffe40000000 (blackhole_tt_device.cpp:92)
2026-05-29 10:51:54.939 | info     |             UMD | Device: 1 Mapped iATU region 2 from 0x80000000 to 0xbfffffff to 0xfffffffe80000000 (blackhole_tt_device.cpp:92)
2026-05-29 10:51:54.939 | info     |             UMD | Device: 1 Mapped iATU region 3 from 0xc0000000 to 0xffffffff to 0xfffffffec0000000 (blackhole_tt_device.cpp:92)
2026-05-29 10:51:55.020 | info     |             UMD | Pinning pages for DMA: virtual address 0x7e02da400000 and size 0x100000000 pinned to physical address 0xfffffffe00000000 without mapping to noc (pci_device.cpp:678)
2026-05-29 10:51:55.020 | info     |             UMD | Mapped sysmem without hugepages to IOVA 0xfffffffe00000000; NOC address 0x0 (sysmem_manager.cpp:354)
2026-05-29 10:51:55.020 | info     |             UMD | Device: 0 Mapped iATU region 0 from 0x0 to 0x3fffffff to 0xfffffffe00000000 (blackhole_tt_device.cpp:92)
2026-05-29 10:51:55.020 | info     |             UMD | Device: 0 Mapped iATU region 1 from 0x40000000 to 0x7fffffff to 0xfffffffe40000000 (blackhole_tt_device.cpp:92)
2026-05-29 10:51:55.020 | info     |             UMD | Device: 0 Mapped iATU region 2 from 0x80000000 to 0xbfffffff to 0xfffffffe80000000 (blackhole_tt_device.cpp:92)
2026-05-29 10:51:55.020 | info     |             UMD | Device: 0 Mapped iATU region 3 from 0xc0000000 to 0xffffffff to 0xfffffffec0000000 (blackhole_tt_device.cpp:92)
2026-05-29 10:51:55.246 | DEBUG    | ttnn.device:__init__:150 - Using default dispatch core type for this system: DispatchCoreType.WORKER
2026-05-29 10:51:55.246 | DEBUG    | ttnn.device:__init__:152 - Using default dispatch core axis for this system: DispatchCoreAxis.COL
2026-05-29 10:51:55.246 | warning  |          Fabric | Ethernet between chip 0 and chip 1 have 4 expected ethernet ports, but only 2 present (control_plane.cpp:115)
2026-05-29 10:51:55.246 | warning  |          Fabric | Ethernet between chip 0 and chip 3 have 4 expected ethernet ports, but only 2 present (control_plane.cpp:115)
2026-05-29 10:51:55.246 | warning  |          Fabric | Ethernet between chip 1 and chip 0 have 4 expected ethernet ports, but only 2 present (control_plane.cpp:115)
2026-05-29 10:51:55.246 | warning  |          Fabric | Ethernet between chip 1 and chip 2 have 4 expected ethernet ports, but only 2 present (control_plane.cpp:115)
2026-05-29 10:51:55.246 | warning  |          Fabric | Ethernet between chip 3 and chip 0 have 4 expected ethernet ports, but only 2 present (control_plane.cpp:115)
2026-05-29 10:51:55.246 | warning  |          Fabric | Ethernet between chip 3 and chip 2 have 4 expected ethernet ports, but only 2 present (control_plane.cpp:115)
2026-05-29 10:51:55.246 | warning  |          Fabric | Ethernet between chip 2 and chip 1 have 4 expected ethernet ports, but only 2 present (control_plane.cpp:115)
2026-05-29 10:51:55.246 | warning  |          Fabric | Ethernet between chip 2 and chip 3 have 4 expected ethernet ports, but only 2 present (control_plane.cpp:115)
2026-05-29 10:51:55.727 | warning  |           Metal | Opening subset of mmio devices slows down UMD read/write to remote chips. If opening more devices, consider using CreateDevices API. (device_pool.cpp:303)

Loading SD 1.4 models onto Blackhole...
  Loading PyTorch VAE (CPU decode)...
  Loading PyTorch UNet (for config and time_proj)...
  Building TTNN UNet on Blackhole (~2-3 min first run, cached after)...
2026-05-29 10:51:57.477 | DEBUG    | ttnn:manage_config:85 - Set ttnn.CONFIG.enable_logging to False
2026-05-29 10:51:57.477 | DEBUG    | ttnn:manage_config:85 - Set ttnn.CONFIG.enable_comparison_mode to False
2026-05-29 10:51:57.477 | WARNING  | ttnn.model_preprocessing:from_torch:533 - ttnn: model cache can be enabled by passing model_name argument to preprocess_model[_parameters] and setting env variable TTNN_CONFIG_OVERRIDES='{"enable_model_cache": true}'
/home/ttuser/tt-metal/models/demos/wormhole/stable_diffusion/custom_preprocessing.py:33: UserWarning: The use of `x.T` on tensors of dimension other than 2 to reverse their shape is deprecated and it will throw an error in a future release. Consider `x.mT` to transpose batches of matrices or `x.permute(*torch.arange(x.ndim - 1, -1, -1))` to reverse the dimensions of a tensor. (Triggered internally at /pytorch/aten/src/ATen/native/TensorShape.cpp:4413.)
  weight = model.weight.T.contiguous()
2026-05-29 10:51:58.931 | DEBUG    | ttnn.model_preprocessing:from_torch:612 - Moving model weights to device
2026-05-29 10:51:59.076 | DEBUG    | ttnn.model_preprocessing:from_torch:614 - Moved model weights to device
2026-05-29 10:51:59.077 | DEBUG    | ttnn:manage_config:88 - Restored ttnn.CONFIG.enable_comparison_mode to False
2026-05-29 10:51:59.077 | DEBUG    | ttnn:manage_config:88 - Restored ttnn.CONFIG.enable_logging to False
2026-05-29 10:51:59.098 | INFO     | models.demos.wormhole.stable_diffusion.tt.ttnn_functional_unet_2d_condition_model_new_conv:__init__:99 - CIN: height: 64, width: 64, dim: 8192
2026-05-29 10:51:59.098 | INFO     | models.demos.wormhole.stable_diffusion.tt.ttnn_functional_unet_2d_condition_model_new_conv:__init__:105 - D-1: height: 64, width: 64, dim: 8192
2026-05-29 10:52:00.392 | INFO     | models.demos.wormhole.stable_diffusion.tt.ttnn_functional_cross_attention_down_block_2d_new_conv:__init__:36 - Cross Attention Down Block Input = 64x64 Output = 32x32
2026-05-29 10:52:00.392 | INFO     | models.demos.wormhole.stable_diffusion.tt.ttnn_functional_unet_2d_condition_model_new_conv:__init__:132 - D0:  height: 32, width: 32, dim: 2048
2026-05-29 10:52:01.175 | INFO     | models.demos.wormhole.stable_diffusion.tt.ttnn_functional_cross_attention_down_block_2d_new_conv:__init__:36 - Cross Attention Down Block Input = 32x32 Output = 16x16
2026-05-29 10:52:01.176 | INFO     | models.demos.wormhole.stable_diffusion.tt.ttnn_functional_unet_2d_condition_model_new_conv:__init__:132 - D1:  height: 16, width: 16, dim: 512
2026-05-29 10:52:01.869 | INFO     | models.demos.wormhole.stable_diffusion.tt.ttnn_functional_cross_attention_down_block_2d_new_conv:__init__:36 - Cross Attention Down Block Input = 16x16 Output = 8x8
2026-05-29 10:52:01.869 | INFO     | models.demos.wormhole.stable_diffusion.tt.ttnn_functional_unet_2d_condition_model_new_conv:__init__:132 - D2:  height: 8, width: 8, dim: 128
2026-05-29 10:52:01.950 | INFO     | models.demos.wormhole.stable_diffusion.tt.ttnn_functional_unet_2d_condition_model_new_conv:__init__:132 - D3:  height: 8, width: 8, dim: 128
2026-05-29 10:52:02.208 | INFO     | models.demos.wormhole.stable_diffusion.tt.ttnn_functional_unet_2d_condition_model_new_conv:__init__:145 - MID: height: 8, width: 8, dim: 128
2026-05-29 10:52:02.442 | INFO     | models.demos.wormhole.stable_diffusion.tt.ttnn_functional_upsample_2d_new_conv:__init__:68 - Upsample Output = 16x16
2026-05-29 10:52:02.442 | INFO     | models.demos.wormhole.stable_diffusion.tt.ttnn_functional_upblock_2d_new_conv:__init__:31 - Upblock Input = 8x8 Output = 16x16
2026-05-29 10:52:02.442 | INFO     | models.demos.wormhole.stable_diffusion.tt.ttnn_functional_unet_2d_condition_model_new_conv:__init__:174 - UP0: height: 16, width: 16, dim: 512
2026-05-29 10:52:03.226 | INFO     | models.demos.wormhole.stable_diffusion.tt.ttnn_functional_upsample_2d_new_conv:__init__:68 - Upsample Output = 32x32
2026-05-29 10:52:03.226 | INFO     | models.demos.wormhole.stable_diffusion.tt.ttnn_functional_cross_attn_upblock_new_conv:__init__:42 - Cross Attention UpBlock Input = 16x16 Output = 32x32
2026-05-29 10:52:03.226 | INFO     | models.demos.wormhole.stable_diffusion.tt.ttnn_functional_unet_2d_condition_model_new_conv:__init__:174 - UP1: height: 32, width: 32, dim: 2048
2026-05-29 10:52:03.591 | INFO     | models.demos.wormhole.stable_diffusion.tt.ttnn_functional_upsample_2d_new_conv:__init__:68 - Upsample Output = 64x64
2026-05-29 10:52:03.591 | INFO     | models.demos.wormhole.stable_diffusion.tt.ttnn_functional_cross_attn_upblock_new_conv:__init__:42 - Cross Attention UpBlock Input = 32x32 Output = 64x64
2026-05-29 10:52:03.591 | INFO     | models.demos.wormhole.stable_diffusion.tt.ttnn_functional_unet_2d_condition_model_new_conv:__init__:174 - UP2: height: 64, width: 64, dim: 8192
2026-05-29 10:52:04.357 | INFO     | models.demos.wormhole.stable_diffusion.tt.ttnn_functional_cross_attn_upblock_new_conv:__init__:42 - Cross Attention UpBlock Input = 64x64 Output = 64x64
2026-05-29 10:52:04.357 | INFO     | models.demos.wormhole.stable_diffusion.tt.ttnn_functional_unet_2d_condition_model_new_conv:__init__:174 - UP3: height: 64, width: 64, dim: 8192
2026-05-29 10:52:04.357 | INFO     | models.demos.wormhole.stable_diffusion.tt.ttnn_functional_unet_2d_condition_model_new_conv:__init__:190 - COU: height: 64, width: 64, dim: 8192
  Models loaded in 7.5s

Encoding prompts with CLIP...
  Embeddings shape: torch.Size([2, 96, 768])

Generating 8 frames with temporal attention on Blackhole...
2026-05-29 10:52:08.402 | INFO     | models.demos.wormhole.stable_diffusion.tt.ttnn_functional_unet_2d_condition_model_new_conv:__call__:406 - Down block 0
2026-05-29 10:52:22.308 | info     |              Op | act_block_h_override 2 is not a valid override for padded_output_height_ntiles_per_core 7, instead 1 was selected as closest valid option! (conv2d_utils.cpp:401)
2026-05-29 10:52:22.954 | INFO     | models.demos.wormhole.stable_diffusion.tt.ttnn_functional_unet_2d_condition_model_new_conv:__call__:406 - Down block 1
2026-05-29 10:52:37.058 | INFO     | models.demos.wormhole.stable_diffusion.tt.ttnn_functional_unet_2d_condition_model_new_conv:__call__:406 - Down block 2
2026-05-29 10:52:51.422 | INFO     | models.demos.wormhole.stable_diffusion.tt.ttnn_functional_unet_2d_condition_model_new_conv:__call__:406 - Down block 3
2026-05-29 10:52:54.045 | INFO     | models.demos.wormhole.stable_diffusion.tt.ttnn_functional_unet_2d_condition_model_new_conv:__call__:460 - Mid block
2026-05-29 10:52:54.894 | warning  |              Op | Mismatch between computed MemoryConfig(memory_layout=TensorMemoryLayout::BLOCK_SHARDED,buffer_type=BufferType::L1,shard_spec=ShardSpec(grid={[(x=0,y=0) - (x=7,y=3)]},shape={32, 160},orientation=ShardOrientation::ROW_MAJOR),nd_shard_spec=NdShardSpec(shard_shape=Shape([32, 160]),grid={[(x=0,y=0) - (x=7,y=3)]},orientation=ShardOrientation::ROW_MAJOR,shard_distribution_strategy=ShardDistributionStrategy::GRID_2D),created_with_nd_shard_spec=0) and provided MemoryConfig(memory_layout=TensorMemoryLayout::BLOCK_SHARDED,buffer_type=BufferType::L1,shard_spec=ShardSpec(grid={[(x=0,y=0) - (x=7,y=7)]},shape={32, 160},orientation=ShardOrientation::ROW_MAJOR),nd_shard_spec=std::nullopt,created_with_nd_shard_spec=0) mem config. Using computed config. (matmul_op.cpp:1674)
2026-05-29 10:53:02.511 | INFO     | models.demos.wormhole.stable_diffusion.tt.ttnn_functional_unet_2d_condition_model_new_conv:__call__:491 - Up block 0
2026-05-29 10:53:07.767 | INFO     | models.demos.wormhole.stable_diffusion.tt.ttnn_functional_unet_2d_condition_model_new_conv:__call__:491 - Up block 1
2026-05-29 10:53:15.407 | INFO     | models.demos.wormhole.stable_diffusion.tt.ttnn_functional_unet_2d_condition_model_new_conv:__call__:491 - Up block 2
2026-05-29 10:53:23.951 | INFO     | models.demos.wormhole.stable_diffusion.tt.ttnn_functional_unet_2d_condition_model_new_conv:__call__:491 - Up block 3
2026-05-29 10:53:34.594 | INFO     | models.demos.wormhole.stable_diffusion.tt.ttnn_functional_unet_2d_condition_model_new_conv:__call__:406 - Down block 0
2026-05-29 10:53:34.602 | info     |              Op | act_block_h_override 2 is not a valid override for padded_output_height_ntiles_per_core 7, instead 1 was selected as closest valid option! (conv2d_utils.cpp:401)
2026-05-29 10:53:34.602 | INFO     | models.demos.wormhole.stable_diffusion.tt.ttnn_functional_unet_2d_condition_model_new_conv:__call__:406 - Down block 1
2026-05-29 10:53:34.608 | INFO     | models.demos.wormhole.stable_diffusion.tt.ttnn_functional_unet_2d_condition_model_new_conv:__call__:406 - Down block 2
2026-05-29 10:53:34.612 | INFO     | models.demos.wormhole.stable_diffusion.tt.ttnn_functional_unet_2d_condition_model_new_conv:__call__:406 - Down block 3
2026-05-29 10:53:34.613 | INFO     | models.demos.wormhole.stable_diffusion.tt.ttnn_functional_unet_2d_condition_model_new_conv:__call__:460 - Mid block
2026-05-29 10:53:34.613 | warning  |              Op | Mismatch between computed MemoryConfig(memory_layout=TensorMemoryLayout::BLOCK_SHARDED,buffer_type=BufferType::L1,shard_spec=ShardSpec(grid={[(x=0,y=0) - (x=7,y=3)]},shape={32, 160},orientation=ShardOrientation::ROW_MAJOR),nd_shard_spec=NdShardSpec(shard_shape=Shape([32, 160]),grid={[(x=0,y=0) - (x=7,y=3)]},orientation=ShardOrientation::ROW_MAJOR,shard_distribution_strategy=ShardDistributionStrategy::GRID_2D),created_with_nd_shard_spec=0) and provided MemoryConfig(memory_layout=TensorMemoryLayout::BLOCK_SHARDED,buffer_type=BufferType::L1,shard_spec=ShardSpec(grid={[(x=0,y=0) - (x=7,y=7)]},shape={32, 160},orientation=ShardOrientation::ROW_MAJOR),nd_shard_spec=std::nullopt,created_with_nd_shard_spec=0) mem config. Using computed config. (matmul_op.cpp:1674)
2026-05-29 10:53:34.615 | INFO     | models.demos.wormhole.stable_diffusion.tt.ttnn_functional_unet_2d_condition_model_new_conv:__call__:491 - Up block 0
2026-05-29 10:53:34.616 | INFO     | models.demos.wormhole.stable_diffusion.tt.ttnn_functional_unet_2d_condition_model_new_conv:__call__:491 - Up block 1
2026-05-29 10:53:34.621 | INFO     | models.demos.wormhole.stable_diffusion.tt.ttnn_functional_unet_2d_condition_model_new_conv:__call__:491 - Up block 2
2026-05-29 10:53:34.629 | INFO     | models.demos.wormhole.stable_diffusion.tt.ttnn_functional_unet_2d_condition_model_new_conv:__call__:491 - Up block 3
2026-05-29 10:53:34.650 | INFO     | models.demos.wormhole.stable_diffusion.tt.ttnn_functional_unet_2d_condition_model_new_conv:__call__:406 - Down block 0
2026-05-29 10:53:34.656 | info     |              Op | act_block_h_override 2 is not a valid override for padded_output_height_ntiles_per_core 7, instead 1 was selected as closest valid option! (conv2d_utils.cpp:401)
2026-05-29 10:53:34.656 | INFO     | models.demos.wormhole.stable_diffusion.tt.ttnn_functional_unet_2d_condition_model_new_conv:__call__:406 - Down block 1
2026-05-29 10:53:34.661 | INFO     | models.demos.wormhole.stable_diffusion.tt.ttnn_functional_unet_2d_condition_model_new_conv:__call__:406 - Down block 2
2026-05-29 10:53:34.665 | INFO     | models.demos.wormhole.stable_diffusion.tt.ttnn_functional_unet_2d_condition_model_new_conv:__call__:406 - Down block 3
2026-05-29 10:53:34.665 | INFO     | models.demos.wormhole.stable_diffusion.tt.ttnn_functional_unet_2d_condition_model_new_conv:__call__:460 - Mid block
2026-05-29 10:53:34.666 | warning  |              Op | Mismatch between computed MemoryConfig(memory_layout=TensorMemoryLayout::BLOCK_SHARDED,buffer_type=BufferType::L1,shard_spec=ShardSpec(grid={[(x=0,y=0) - (x=7,y=3)]},shape={32, 160},orientation=ShardOrientation::ROW_MAJOR),nd_shard_spec=NdShardSpec(shard_shape=Shape([32, 160]),grid={[(x=0,y=0) - (x=7,y=3)]},orientation=ShardOrientation::ROW_MAJOR,shard_distribution_strategy=ShardDistributionStrategy::GRID_2D),created_with_nd_shard_spec=0) and provided MemoryConfig(memory_layout=TensorMemoryLayout::BLOCK_SHARDED,buffer_type=BufferType::L1,shard_spec=ShardSpec(grid={[(x=0,y=0) - (x=7,y=7)]},shape={32, 160},orientation=ShardOrientation::ROW_MAJOR),nd_shard_spec=std::nullopt,created_with_nd_shard_spec=0) mem config. Using computed config. (matmul_op.cpp:1674)
2026-05-29 10:53:34.667 | INFO     | models.demos.wormhole.stable_diffusion.tt.ttnn_functional_unet_2d_condition_model_new_conv:__call__:491 - Up block 0
2026-05-29 10:53:34.668 | INFO     | models.demos.wormhole.stable_diffusion.tt.ttnn_functional_unet_2d_condition_model_new_conv:__call__:491 - Up block 1
2026-05-29 10:53:34.673 | INFO     | models.demos.wormhole.stable_diffusion.tt.ttnn_functional_unet_2d_condition_model_new_conv:__call__:491 - Up block 2
2026-05-29 10:53:34.682 | INFO     | models.demos.wormhole.stable_diffusion.tt.ttnn_functional_unet_2d_condition_model_new_conv:__call__:491 - Up block 3
2026-05-29 10:53:34.702 | INFO     | models.demos.wormhole.stable_diffusion.tt.ttnn_functional_unet_2d_condition_model_new_conv:__call__:406 - Down block 0
2026-05-29 10:53:34.708 | info     |              Op | act_block_h_override 2 is not a valid override for padded_output_height_ntiles_per_core 7, instead 1 was selected as closest valid option! (conv2d_utils.cpp:401)
2026-05-29 10:53:34.708 | INFO     | models.demos.wormhole.stable_diffusion.tt.ttnn_functional_unet_2d_condition_model_new_conv:__call__:406 - Down block 1
2026-05-29 10:53:34.714 | INFO     | models.demos.wormhole.stable_diffusion.tt.ttnn_functional_unet_2d_condition_model_new_conv:__call__:406 - Down block 2
2026-05-29 10:53:34.717 | INFO     | models.demos.wormhole.stable_diffusion.tt.ttnn_functional_unet_2d_condition_model_new_conv:__call__:406 - Down block 3
2026-05-29 10:53:34.718 | INFO     | models.demos.wormhole.stable_diffusion.tt.ttnn_functional_unet_2d_condition_model_new_conv:__call__:460 - Mid block
2026-05-29 10:53:34.718 | warning  |              Op | Mismatch between computed MemoryConfig(memory_layout=TensorMemoryLayout::BLOCK_SHARDED,buffer_type=BufferType::L1,shard_spec=ShardSpec(grid={[(x=0,y=0) - (x=7,y=3)]},shape={32, 160},orientation=ShardOrientation::ROW_MAJOR),nd_shard_spec=NdShardSpec(shard_shape=Shape([32, 160]),grid={[(x=0,y=0) - (x=7,y=3)]},orientation=ShardOrientation::ROW_MAJOR,shard_distribution_strategy=ShardDistributionStrategy::GRID_2D),created_with_nd_shard_spec=0) and provided MemoryConfig(memory_layout=TensorMemoryLayout::BLOCK_SHARDED,buffer_type=BufferType::L1,shard_spec=ShardSpec(grid={[(x=0,y=0) - (x=7,y=7)]},shape={32, 160},orientation=ShardOrientation::ROW_MAJOR),nd_shard_spec=std::nullopt,created_with_nd_shard_spec=0) mem config. Using computed config. (matmul_op.cpp:1674)
2026-05-29 10:53:34.720 | INFO     | models.demos.wormhole.stable_diffusion.tt.ttnn_functional_unet_2d_condition_model_new_conv:__call__:491 - Up block 0
2026-05-29 10:53:34.721 | INFO     | models.demos.wormhole.stable_diffusion.tt.ttnn_functional_unet_2d_condition_model_new_conv:__call__:491 - Up block 1
2026-05-29 10:53:34.726 | INFO     | models.demos.wormhole.stable_diffusion.tt.ttnn_functional_unet_2d_condition_model_new_conv:__call__:491 - Up block 2
2026-05-29 10:53:34.734 | INFO     | models.demos.wormhole.stable_diffusion.tt.ttnn_functional_unet_2d_condition_model_new_conv:__call__:491 - Up block 3
2026-05-29 10:53:34.754 | INFO     | models.demos.wormhole.stable_diffusion.tt.ttnn_functional_unet_2d_condition_model_new_conv:__call__:406 - Down block 0
2026-05-29 10:53:34.760 | info     |              Op | act_block_h_override 2 is not a valid override for padded_output_height_ntiles_per_core 7, instead 1 was selected as closest valid option! (conv2d_utils.cpp:401)
2026-05-29 10:53:34.760 | INFO     | models.demos.wormhole.stable_diffusion.tt.ttnn_functional_unet_2d_condition_model_new_conv:__call__:406 - Down block 1
2026-05-29 10:53:34.766 | INFO     | models.demos.wormhole.stable_diffusion.tt.ttnn_functional_unet_2d_condition_model_new_conv:__call__:406 - Down block 2
2026-05-29 10:53:34.769 | INFO     | models.demos.wormhole.stable_diffusion.tt.ttnn_functional_unet_2d_condition_model_new_conv:__call__:406 - Down block 3
2026-05-29 10:53:34.769 | INFO     | models.demos.wormhole.stable_diffusion.tt.ttnn_functional_unet_2d_condition_model_new_conv:__call__:460 - Mid block
2026-05-29 10:53:34.770 | warning  |              Op | Mismatch between computed MemoryConfig(memory_layout=TensorMemoryLayout::BLOCK_SHARDED,buffer_type=BufferType::L1,shard_spec=ShardSpec(grid={[(x=0,y=0) - (x=7,y=3)]},shape={32, 160},orientation=ShardOrientation::ROW_MAJOR),nd_shard_spec=NdShardSpec(shard_shape=Shape([32, 160]),grid={[(x=0,y=0) - (x=7,y=3)]},orientation=ShardOrientation::ROW_MAJOR,shard_distribution_strategy=ShardDistributionStrategy::GRID_2D),created_with_nd_shard_spec=0) and provided MemoryConfig(memory_layout=TensorMemoryLayout::BLOCK_SHARDED,buffer_type=BufferType::L1,shard_spec=ShardSpec(grid={[(x=0,y=0) - (x=7,y=7)]},shape={32, 160},orientation=ShardOrientation::ROW_MAJOR),nd_shard_spec=std::nullopt,created_with_nd_shard_spec=0) mem config. Using computed config. (matmul_op.cpp:1674)
2026-05-29 10:53:34.771 | INFO     | models.demos.wormhole.stable_diffusion.tt.ttnn_functional_unet_2d_condition_model_new_conv:__call__:491 - Up block 0
2026-05-29 10:53:34.773 | INFO     | models.demos.wormhole.stable_diffusion.tt.ttnn_functional_unet_2d_condition_model_new_conv:__call__:491 - Up block 1
2026-05-29 10:53:34.777 | INFO     | models.demos.wormhole.stable_diffusion.tt.ttnn_functional_unet_2d_condition_model_new_conv:__call__:491 - Up block 2
2026-05-29 10:53:34.785 | INFO     | models.demos.wormhole.stable_diffusion.tt.ttnn_functional_unet_2d_condition_model_new_conv:__call__:491 - Up block 3
2026-05-29 10:53:34.806 | INFO     | models.demos.wormhole.stable_diffusion.tt.ttnn_functional_unet_2d_condition_model_new_conv:__call__:406 - Down block 0
2026-05-29 10:53:34.812 | info     |              Op | act_block_h_override 2 is not a valid override for padded_output_height_ntiles_per_core 7, instead 1 was selected as closest valid option! (conv2d_utils.cpp:401)
2026-05-29 10:53:34.812 | INFO     | models.demos.wormhole.stable_diffusion.tt.ttnn_functional_unet_2d_condition_model_new_conv:__call__:406 - Down block 1
2026-05-29 10:53:34.818 | INFO     | models.demos.wormhole.stable_diffusion.tt.ttnn_functional_unet_2d_condition_model_new_conv:__call__:406 - Down block 2
2026-05-29 10:53:34.821 | INFO     | models.demos.wormhole.stable_diffusion.tt.ttnn_functional_unet_2d_condition_model_new_conv:__call__:406 - Down block 3
2026-05-29 10:53:34.822 | INFO     | models.demos.wormhole.stable_diffusion.tt.ttnn_functional_unet_2d_condition_model_new_conv:__call__:460 - Mid block
2026-05-29 10:53:34.823 | warning  |              Op | Mismatch between computed MemoryConfig(memory_layout=TensorMemoryLayout::BLOCK_SHARDED,buffer_type=BufferType::L1,shard_spec=ShardSpec(grid={[(x=0,y=0) - (x=7,y=3)]},shape={32, 160},orientation=ShardOrientation::ROW_MAJOR),nd_shard_spec=NdShardSpec(shard_shape=Shape([32, 160]),grid={[(x=0,y=0) - (x=7,y=3)]},orientation=ShardOrientation::ROW_MAJOR,shard_distribution_strategy=ShardDistributionStrategy::GRID_2D),created_with_nd_shard_spec=0) and provided MemoryConfig(memory_layout=TensorMemoryLayout::BLOCK_SHARDED,buffer_type=BufferType::L1,shard_spec=ShardSpec(grid={[(x=0,y=0) - (x=7,y=7)]},shape={32, 160},orientation=ShardOrientation::ROW_MAJOR),nd_shard_spec=std::nullopt,created_with_nd_shard_spec=0) mem config. Using computed config. (matmul_op.cpp:1674)
2026-05-29 10:53:34.824 | INFO     | models.demos.wormhole.stable_diffusion.tt.ttnn_functional_unet_2d_condition_model_new_conv:__call__:491 - Up block 0
2026-05-29 10:53:34.825 | INFO     | models.demos.wormhole.stable_diffusion.tt.ttnn_functional_unet_2d_condition_model_new_conv:__call__:491 - Up block 1
2026-05-29 10:53:34.830 | INFO     | models.demos.wormhole.stable_diffusion.tt.ttnn_functional_unet_2d_condition_model_new_conv:__call__:491 - Up block 2
2026-05-29 10:53:34.838 | INFO     | models.demos.wormhole.stable_diffusion.tt.ttnn_functional_unet_2d_condition_model_new_conv:__call__:491 - Up block 3
2026-05-29 10:53:34.859 | INFO     | models.demos.wormhole.stable_diffusion.tt.ttnn_functional_unet_2d_condition_model_new_conv:__call__:406 - Down block 0
2026-05-29 10:53:34.864 | info     |              Op | act_block_h_override 2 is not a valid override for padded_output_height_ntiles_per_core 7, instead 1 was selected as closest valid option! (conv2d_utils.cpp:401)
2026-05-29 10:53:34.864 | INFO     | models.demos.wormhole.stable_diffusion.tt.ttnn_functional_unet_2d_condition_model_new_conv:__call__:406 - Down block 1
2026-05-29 10:53:34.870 | INFO     | models.demos.wormhole.stable_diffusion.tt.ttnn_functional_unet_2d_condition_model_new_conv:__call__:406 - Down block 2
2026-05-29 10:53:34.873 | INFO     | models.demos.wormhole.stable_diffusion.tt.ttnn_functional_unet_2d_condition_model_new_conv:__call__:406 - Down block 3
2026-05-29 10:53:34.874 | INFO     | models.demos.wormhole.stable_diffusion.tt.ttnn_functional_unet_2d_condition_model_new_conv:__call__:460 - Mid block
2026-05-29 10:53:34.874 | warning  |              Op | Mismatch between computed MemoryConfig(memory_layout=TensorMemoryLayout::BLOCK_SHARDED,buffer_type=BufferType::L1,shard_spec=ShardSpec(grid={[(x=0,y=0) - (x=7,y=3)]},shape={32, 160},orientation=ShardOrientation::ROW_MAJOR),nd_shard_spec=NdShardSpec(shard_shape=Shape([32, 160]),grid={[(x=0,y=0) - (x=7,y=3)]},orientation=ShardOrientation::ROW_MAJOR,shard_distribution_strategy=ShardDistributionStrategy::GRID_2D),created_with_nd_shard_spec=0) and provided MemoryConfig(memory_layout=TensorMemoryLayout::BLOCK_SHARDED,buffer_type=BufferType::L1,shard_spec=ShardSpec(grid={[(x=0,y=0) - (x=7,y=7)]},shape={32, 160},orientation=ShardOrientation::ROW_MAJOR),nd_shard_spec=std::nullopt,created_with_nd_shard_spec=0) mem config. Using computed config. (matmul_op.cpp:1674)
2026-05-29 10:53:34.876 | INFO     | models.demos.wormhole.stable_diffusion.tt.ttnn_functional_unet_2d_condition_model_new_conv:__call__:491 - Up block 0
2026-05-29 10:53:34.877 | INFO     | models.demos.wormhole.stable_diffusion.tt.ttnn_functional_unet_2d_condition_model_new_conv:__call__:491 - Up block 1
2026-05-29 10:53:34.882 | INFO     | models.demos.wormhole.stable_diffusion.tt.ttnn_functional_unet_2d_condition_model_new_conv:__call__:491 - Up block 2
2026-05-29 10:53:34.890 | INFO     | models.demos.wormhole.stable_diffusion.tt.ttnn_functional_unet_2d_condition_model_new_conv:__call__:491 - Up block 3
2026-05-29 10:53:34.911 | INFO     | models.demos.wormhole.stable_diffusion.tt.ttnn_functional_unet_2d_condition_model_new_conv:__call__:406 - Down block 0
2026-05-29 10:53:34.916 | info     |              Op | act_block_h_override 2 is not a valid override for padded_output_height_ntiles_per_core 7, instead 1 was selected as closest valid option! (conv2d_utils.cpp:401)
2026-05-29 10:53:34.917 | INFO     | models.demos.wormhole.stable_diffusion.tt.ttnn_functional_unet_2d_condition_model_new_conv:__call__:406 - Down block 1
2026-05-29 10:53:34.922 | INFO     | models.demos.wormhole.stable_diffusion.tt.ttnn_functional_unet_2d_condition_model_new_conv:__call__:406 - Down block 2
2026-05-29 10:53:34.925 | INFO     | models.demos.wormhole.stable_diffusion.tt.ttnn_functional_unet_2d_condition_model_new_conv:__call__:406 - Down block 3
2026-05-29 10:53:34.926 | INFO     | models.demos.wormhole.stable_diffusion.tt.ttnn_functional_unet_2d_condition_model_new_conv:__call__:460 - Mid block
2026-05-29 10:53:34.927 | warning  |              Op | Mismatch between computed MemoryConfig(memory_layout=TensorMemoryLayout::BLOCK_SHARDED,buffer_type=BufferType::L1,shard_spec=ShardSpec(grid={[(x=0,y=0) - (x=7,y=3)]},shape={32, 160},orientation=ShardOrientation::ROW_MAJOR),nd_shard_spec=NdShardSpec(shard_shape=Shape([32, 160]),grid={[(x=0,y=0) - (x=7,y=3)]},orientation=ShardOrientation::ROW_MAJOR,shard_distribution_strategy=ShardDistributionStrategy::GRID_2D),created_with_nd_shard_spec=0) and provided MemoryConfig(memory_layout=TensorMemoryLayout::BLOCK_SHARDED,buffer_type=BufferType::L1,shard_spec=ShardSpec(grid={[(x=0,y=0) - (x=7,y=7)]},shape={32, 160},orientation=ShardOrientation::ROW_MAJOR),nd_shard_spec=std::nullopt,created_with_nd_shard_spec=0) mem config. Using computed config. (matmul_op.cpp:1674)
2026-05-29 10:53:34.928 | INFO     | models.demos.wormhole.stable_diffusion.tt.ttnn_functional_unet_2d_condition_model_new_conv:__call__:491 - Up block 0
2026-05-29 10:53:34.929 | INFO     | models.demos.wormhole.stable_diffusion.tt.ttnn_functional_unet_2d_condition_model_new_conv:__call__:491 - Up block 1
2026-05-29 10:53:34.934 | INFO     | models.demos.wormhole.stable_diffusion.tt.ttnn_functional_unet_2d_condition_model_new_conv:__call__:491 - Up block 2
2026-05-29 10:53:34.942 | INFO     | models.demos.wormhole.stable_diffusion.tt.ttnn_functional_unet_2d_condition_model_new_conv:__call__:491 - Up block 3
  Step 1/41
2026-05-29 10:53:34.965 | INFO     | models.demos.wormhole.stable_diffusion.tt.ttnn_functional_unet_2d_condition_model_new_conv:__call__:406 - Down block 0
2026-05-29 10:53:34.971 | info     |              Op | act_block_h_override 2 is not a valid override for padded_output_height_ntiles_per_core 7, instead 1 was selected as closest valid option! (conv2d_utils.cpp:401)
2026-05-29 10:53:34.971 | INFO     | models.demos.wormhole.stable_diffusion.tt.ttnn_functional_unet_2d_condition_model_new_conv:__call__:406 - Down block 1
2026-05-29 10:53:34.976 | INFO     | models.demos.wormhole.stable_diffusion.tt.ttnn_functional_unet_2d_condition_model_new_conv:__call__:406 - Down block 2
2026-05-29 10:53:34.980 | INFO     | models.demos.wormhole.stable_diffusion.tt.ttnn_functional_unet_2d_condition_model_new_conv:__call__:406 - Down block 3
2026-05-29 10:53:34.981 | INFO     | models.demos.wormhole.stable_diffusion.tt.ttnn_functional_unet_2d_condition_model_new_conv:__call__:460 - Mid block
2026-05-29 10:53:34.981 | warning  |              Op | Mismatch between computed MemoryConfig(memory_layout=TensorMemoryLayout::BLOCK_SHARDED,buffer_type=BufferType::L1,shard_spec=ShardSpec(grid={[(x=0,y=0) - (x=7,y=3)]},shape={32, 160},orientation=ShardOrientation::ROW_MAJOR),nd_shard_spec=NdShardSpec(shard_shape=Shape([32, 160]),grid={[(x=0,y=0) - (x=7,y=3)]},orientation=ShardOrientation::ROW_MAJOR,shard_distribution_strategy=ShardDistributionStrategy::GRID_2D),created_with_nd_shard_spec=0) and provided MemoryConfig(memory_layout=TensorMemoryLayout::BLOCK_SHARDED,buffer_type=BufferType::L1,shard_spec=ShardSpec(grid={[(x=0,y=0) - (x=7,y=7)]},shape={32, 160},orientation=ShardOrientation::ROW_MAJOR),nd_shard_spec=std::nullopt,created_with_nd_shard_spec=0) mem config. Using computed config. (matmul_op.cpp:1674)
2026-05-29 10:53:34.983 | INFO     | models.demos.wormhole.stable_diffusion.tt.ttnn_functional_unet_2d_condition_model_new_conv:__call__:491 - Up block 0
2026-05-29 10:53:34.984 | INFO     | models.demos.wormhole.stable_diffusion.tt.ttnn_functional_unet_2d_condition_model_new_conv:__call__:491 - Up block 1
2026-05-29 10:53:34.989 | INFO     | models.demos.wormhole.stable_diffusion.tt.ttnn_functional_unet_2d_condition_model_new_conv:__call__:491 - Up block 2
2026-05-29 10:53:34.997 | INFO     | models.demos.wormhole.stable_diffusion.tt.ttnn_functional_unet_2d_condition_model_new_conv:__call__:491 - Up block 3
2026-05-29 10:53:35.018 | INFO     | models.demos.wormhole.stable_diffusion.tt.ttnn_functional_unet_2d_condition_model_new_conv:__call__:406 - Down block 0
2026-05-29 10:53:35.023 | info     |              Op | act_block_h_override 2 is not a valid override for padded_output_height_ntiles_per_core 7, instead 1 was selected as closest valid option! (conv2d_utils.cpp:401)
2026-05-29 10:53:35.023 | INFO     | models.demos.wormhole.stable_diffusion.tt.ttnn_functional_unet_2d_condition_model_new_conv:__call__:406 - Down block 1
2026-05-29 10:53:35.029 | INFO     | models.demos.wormhole.stable_diffusion.tt.ttnn_functional_unet_2d_condition_model_new_conv:__call__:406 - Down block 2
2026-05-29 10:53:35.032 | INFO     | models.demos.wormhole.stable_diffusion.tt.ttnn_functional_unet_2d_condition_model_new_conv:__call__:406 - Down block 3
2026-05-29 10:53:35.033 | INFO     | models.demos.wormhole.stable_diffusion.tt.ttnn_functional_unet_2d_condition_model_new_conv:__call__:460 - Mid block
2026-05-29 10:53:35.033 | warning  |              Op | Mismatch between computed MemoryConfig(memory_layout=TensorMemoryLayout::BLOCK_SHARDED,buffer_type=BufferType::L1,shard_spec=ShardSpec(grid={[(x=0,y=0) - (x=7,y=3)]},shape={32, 160},orientation=ShardOrientation::ROW_MAJOR),nd_shard_spec=NdShardSpec(shard_shape=Shape([32, 160]),grid={[(x=0,y=0) - (x=7,y=3)]},orientation=ShardOrientation::ROW_MAJOR,shard_distribution_strategy=ShardDistributionStrategy::GRID_2D),created_with_nd_shard_spec=0) and provided MemoryConfig(memory_layout=TensorMemoryLayout::BLOCK_SHARDED,buffer_type=BufferType::L1,shard_spec=ShardSpec(grid={[(x=0,y=0) - (x=7,y=7)]},shape={32, 160},orientation=ShardOrientation::ROW_MAJOR),nd_shard_spec=std::nullopt,created_with_nd_shard_spec=0) mem config. Using computed config. (matmul_op.cpp:1674)
2026-05-29 10:53:35.035 | INFO     | models.demos.wormhole.stable_diffusion.tt.ttnn_functional_unet_2d_condition_model_new_conv:__call__:491 - Up block 0
2026-05-29 10:53:35.036 | INFO     | models.demos.wormhole.stable_diffusion.tt.ttnn_functional_unet_2d_condition_model_new_conv:__call__:491 - Up block 1
2026-05-29 10:53:35.041 | INFO     | models.demos.wormhole.stable_diffusion.tt.ttnn_functional_unet_2d_condition_model_new_conv:__call__:491 - Up block 2
2026-05-29 10:53:35.049 | INFO     | models.demos.wormhole.stable_diffusion.tt.ttnn_functional_unet_2d_condition_model_new_conv:__call__:491 - Up block 3
2026-05-29 10:53:35.070 | INFO     | models.demos.wormhole.stable_diffusion.tt.ttnn_functional_unet_2d_condition_model_new_conv:__call__:406 - Down block 0
2026-05-29 10:53:35.076 | info     |              Op | act_block_h_override 2 is not a valid override for padded_output_height_ntiles_per_core 7, instead 1 was selected as closest valid option! (conv2d_utils.cpp:401)
2026-05-29 10:53:35.076 | INFO     | models.demos.wormhole.stable_diffusion.tt.ttnn_functional_unet_2d_condition_model_new_conv:__call__:406 - Down block 1
2026-05-29 10:53:35.081 | INFO     | models.demos.wormhole.stable_diffusion.tt.ttnn_functional_unet_2d_condition_model_new_conv:__call__:406 - Down block 2
2026-05-29 10:53:35.085 | INFO     | models.demos.wormhole.stable_diffusion.tt.ttnn_functional_unet_2d_condition_model_new_conv:__call__:406 - Down block 3
2026-05-29 10:53:35.086 | INFO     | models.demos.wormhole.stable_diffusion.tt.ttnn_functional_unet_2d_condition_model_new_conv:__call__:460 - Mid block
2026-05-29 10:53:35.086 | warning  |              Op | Mismatch between computed MemoryConfig(memory_layout=TensorMemoryLayout::BLOCK_SHARDED,buffer_type=BufferType::L1,shard_spec=ShardSpec(grid={[(x=0,y=0) - (x=7,y=3)]},shape={32, 160},orientation=ShardOrientation::ROW_MAJOR),nd_shard_spec=NdShardSpec(shard_shape=Shape([32, 160]),grid={[(x=0,y=0) - (x=7,y=3)]},orientation=ShardOrientation::ROW_MAJOR,shard_distribution_strategy=ShardDistributionStrategy::GRID_2D),created_with_nd_shard_spec=0) and provided MemoryConfig(memory_layout=TensorMemoryLayout::BLOCK_SHARDED,buffer_type=BufferType::L1,shard_spec=ShardSpec(grid={[(x=0,y=0) - (x=7,y=7)]},shape={32, 160},orientation=ShardOrientation::ROW_MAJOR),nd_shard_spec=std::nullopt,created_with_nd_shard_spec=0) mem config. Using computed config. (matmul_op.cpp:1674)
2026-05-29 10:53:35.088 | INFO     | models.demos.wormhole.stable_diffusion.tt.ttnn_functional_unet_2d_condition_model_new_conv:__call__:491 - Up block 0
2026-05-29 10:53:35.089 | INFO     | models.demos.wormhole.stable_diffusion.tt.ttnn_functional_unet_2d_condition_model_new_conv:__call__:491 - Up block 1
2026-05-29 10:53:35.094 | INFO     | models.demos.wormhole.stable_diffusion.tt.ttnn_functional_unet_2d_condition_model_new_conv:__call__:491 - Up block 2
2026-05-29 10:53:35.103 | INFO     | models.demos.wormhole.stable_diffusion.tt.ttnn_functional_unet_2d_condition_model_new_conv:__call__:491 - Up block 3
2026-05-29 10:53:35.123 | INFO     | models.demos.wormhole.stable_diffusion.tt.ttnn_functional_unet_2d_condition_model_new_conv:__call__:406 - Down block 0
2026-05-29 10:53:35.129 | info     |              Op | act_block_h_override 2 is not a valid override for padded_output_height_ntiles_per_core 7, instead 1 was selected as closest valid option! (conv2d_utils.cpp:401)
2026-05-29 10:53:35.129 | INFO     | models.demos.wormhole.stable_diffusion.tt.ttnn_functional_unet_2d_condition_model_new_conv:__call__:406 - Down block 1
2026-05-29 10:53:35.135 | INFO     | models.demos.wormhole.stable_diffusion.tt.ttnn_functional_unet_2d_condition_model_new_conv:__call__:406 - Down block 2
2026-05-29 10:53:35.138 | INFO     | models.demos.wormhole.stable_diffusion.tt.ttnn_functional_unet_2d_condition_model_new_conv:__call__:406 - Down block 3
2026-05-29 10:53:35.139 | INFO     | models.demos.wormhole.stable_diffusion.tt.ttnn_functional_unet_2d_condition_model_new_conv:__call__:460 - Mid block
2026-05-29 10:53:35.140 | warning  |              Op | Mismatch between computed MemoryConfig(memory_layout=TensorMemoryLayout::BLOCK_SHARDED,buffer_type=BufferType::L1,shard_spec=ShardSpec(grid={[(x=0,y=0) - (x=7,y=3)]},shape={32, 160},orientation=ShardOrientation::ROW_MAJOR),nd_shard_spec=NdShardSpec(shard_shape=Shape([32, 160]),grid={[(x=0,y=0) - (x=7,y=3)]},orientation=ShardOrientation::ROW_MAJOR,shard_distribution_strategy=ShardDistributionStrategy::GRID_2D),created_with_nd_shard_spec=0) and provided MemoryConfig(memory_layout=TensorMemoryLayout::BLOCK_SHARDED,buffer_type=BufferType::L1,shard_spec=ShardSpec(grid={[(x=0,y=0) - (x=7,y=7)]},shape={32, 160},orientation=ShardOrientation::ROW_MAJOR),nd_shard_spec=std::nullopt,created_with_nd_shard_spec=0) mem config. Using computed config. (matmul_op.cpp:1674)
2026-05-29 10:53:35.141 | INFO     | models.demos.wormhole.stable_diffusion.tt.ttnn_functional_unet_2d_condition_model_new_conv:__call__:491 - Up block 0
2026-05-29 10:53:35.143 | INFO     | models.demos.wormhole.stable_diffusion.tt.ttnn_functional_unet_2d_condition_model_new_conv:__call__:491 - Up block 1
2026-05-29 10:53:35.148 | INFO     | models.demos.wormhole.stable_diffusion.tt.ttnn_functional_unet_2d_condition_model_new_conv:__call__:491 - Up block 2
2026-05-29 10:53:35.156 | INFO     | models.demos.wormhole.stable_diffusion.tt.ttnn_functional_unet_2d_condition_model_new_conv:__call__:491 - Up block 3
2026-05-29 10:53:35.176 | INFO     | models.demos.wormhole.stable_diffusion.tt.ttnn_functional_unet_2d_condition_model_new_conv:__call__:406 - Down block 0
2026-05-29 10:53:35.185 | info     |              Op | act_block_h_override 2 is not a valid override for padded_output_height_ntiles_per_core 7, instead 1 was selected as closest valid option! (conv2d_utils.cpp:401)
2026-05-29 10:53:35.185 | INFO     | models.demos.wormhole.stable_diffusion.tt.ttnn_functional_unet_2d_condition_model_new_conv:__call__:406 - Down block 1
2026-05-29 10:53:35.192 | INFO     | models.demos.wormhole.stable_diffusion.tt.ttnn_functional_unet_2d_condition_model_new_conv:__call__:406 - Down block 2
2026-05-29 10:53:35.195 | INFO     | models.demos.wormhole.stable_diffusion.tt.ttnn_functional_unet_2d_condition_model_new_conv:__call__:406 - Down block 3
2026-05-29 10:53:35.196 | INFO     | models.demos.wormhole.stable_diffusion.tt.ttnn_functional_unet_2d_condition_model_new_conv:__call__:460 - Mid block
2026-05-29 10:53:35.197 | warning  |              Op | Mismatch between computed MemoryConfig(memory_layout=TensorMemoryLayout::BLOCK_SHARDED,buffer_type=BufferType::L1,shard_spec=ShardSpec(grid={[(x=0,y=0) - (x=7,y=3)]},shape={32, 160},orientation=ShardOrientation::ROW_MAJOR),nd_shard_spec=NdShardSpec(shard_shape=Shape([32, 160]),grid={[(x=0,y=0) - (x=7,y=3)]},orientation=ShardOrientation::ROW_MAJOR,shard_distribution_strategy=ShardDistributionStrategy::GRID_2D),created_with_nd_shard_spec=0) and provided MemoryConfig(memory_layout=TensorMemoryLayout::BLOCK_SHARDED,buffer_type=BufferType::L1,shard_spec=ShardSpec(grid={[(x=0,y=0) - (x=7,y=7)]},shape={32, 160},orientation=ShardOrientation::ROW_MAJOR),nd_shard_spec=std::nullopt,created_with_nd_shard_spec=0) mem config. Using computed config. (matmul_op.cpp:1674)
2026-05-29 10:53:35.198 | INFO     | models.demos.wormhole.stable_diffusion.tt.ttnn_functional_unet_2d_condition_model_new_conv:__call__:491 - Up block 0
2026-05-29 10:53:35.199 | INFO     | models.demos.wormhole.stable_diffusion.tt.ttnn_functional_unet_2d_condition_model_new_conv:__call__:491 - Up block 1
2026-05-29 10:53:35.205 | INFO     | models.demos.wormhole.stable_diffusion.tt.ttnn_functional_unet_2d_condition_model_new_conv:__call__:491 - Up block 2
2026-05-29 10:53:35.213 | INFO     | models.demos.wormhole.stable_diffusion.tt.ttnn_functional_unet_2d_condition_model_new_conv:__call__:491 - Up block 3
2026-05-29 10:53:35.233 | INFO     | models.demos.wormhole.stable_diffusion.tt.ttnn_functional_unet_2d_condition_model_new_conv:__call__:406 - Down block 0
2026-05-29 10:53:35.239 | info     |              Op | act_block_h_override 2 is not a valid override for padded_output_height_ntiles_per_core 7, instead 1 was selected as closest valid option! (conv2d_utils.cpp:401)
2026-05-29 10:53:35.240 | INFO     | models.demos.wormhole.stable_diffusion.tt.ttnn_functional_unet_2d_condition_model_new_conv:__call__:406 - Down block 1
2026-05-29 10:53:35.246 | INFO     | models.demos.wormhole.stable_diffusion.tt.ttnn_functional_unet_2d_condition_model_new_conv:__call__:406 - Down block 2
2026-05-29 10:53:35.249 | INFO     | models.demos.wormhole.stable_diffusion.tt.ttnn_functional_unet_2d_condition_model_new_conv:__call__:406 - Down block 3
2026-05-29 10:53:35.250 | INFO     | models.demos.wormhole.stable_diffusion.tt.ttnn_functional_unet_2d_condition_model_new_conv:__call__:460 - Mid block
2026-05-29 10:53:35.251 | warning  |              Op | Mismatch between computed MemoryConfig(memory_layout=TensorMemoryLayout::BLOCK_SHARDED,buffer_type=BufferType::L1,shard_spec=ShardSpec(grid={[(x=0,y=0) - (x=7,y=3)]},shape={32, 160},orientation=ShardOrientation::ROW_MAJOR),nd_shard_spec=NdShardSpec(shard_shape=Shape([32, 160]),grid={[(x=0,y=0) - (x=7,y=3)]},orientation=ShardOrientation::ROW_MAJOR,shard_distribution_strategy=ShardDistributionStrategy::GRID_2D),created_with_nd_shard_spec=0) and provided MemoryConfig(memory_layout=TensorMemoryLayout::BLOCK_SHARDED,buffer_type=BufferType::L1,shard_spec=ShardSpec(grid={[(x=0,y=0) - (x=7,y=7)]},shape={32, 160},orientation=ShardOrientation::ROW_MAJOR),nd_shard_spec=std::nullopt,created_with_nd_shard_spec=0) mem config. Using computed config. (matmul_op.cpp:1674)
2026-05-29 10:53:35.252 | INFO     | models.demos.wormhole.stable_diffusion.tt.ttnn_functional_unet_2d_condition_model_new_conv:__call__:491 - Up block 0
2026-05-29 10:53:35.253 | INFO     | models.demos.wormhole.stable_diffusion.tt.ttnn_functional_unet_2d_condition_model_new_conv:__call__:491 - Up block 1
2026-05-29 10:53:35.258 | INFO     | models.demos.wormhole.stable_diffusion.tt.ttnn_functional_unet_2d_condition_model_new_conv:__call__:491 - Up block 2
2026-05-29 10:53:35.267 | INFO     | models.demos.wormhole.stable_diffusion.tt.ttnn_functional_unet_2d_condition_model_new_conv:__call__:491 - Up block 3
2026-05-29 10:53:35.287 | INFO     | models.demos.wormhole.stable_diffusion.tt.ttnn_functional_unet_2d_condition_model_new_conv:__call__:406 - Down block 0
2026-05-29 10:53:35.294 | info     |              Op | act_block_h_override 2 is not a valid override for padded_output_height_ntiles_per_core 7, instead 1 was selected as closest valid option! (conv2d_utils.cpp:401)
2026-05-29 10:53:35.294 | INFO     | models.demos.wormhole.stable_diffusion.tt.ttnn_functional_unet_2d_condition_model_new_conv:__call__:406 - Down block 1
2026-05-29 10:53:35.301 | INFO     | models.demos.wormhole.stable_diffusion.tt.ttnn_functional_unet_2d_condition_model_new_conv:__call__:406 - Down block 2
2026-05-29 10:53:35.305 | INFO     | models.demos.wormhole.stable_diffusion.tt.ttnn_functional_unet_2d_condition_model_new_conv:__call__:406 - Down block 3
2026-05-29 10:53:35.305 | INFO     | models.demos.wormhole.stable_diffusion.tt.ttnn_functional_unet_2d_condition_model_new_conv:__call__:460 - Mid block
2026-05-29 10:53:35.306 | warning  |              Op | Mismatch between computed MemoryConfig(memory_layout=TensorMemoryLayout::BLOCK_SHARDED,buffer_type=BufferType::L1,shard_spec=ShardSpec(grid={[(x=0,y=0) - (x=7,y=3)]},shape={32, 160},orientation=ShardOrientation::ROW_MAJOR),nd_shard_spec=NdShardSpec(shard_shape=Shape([32, 160]),grid={[(x=0,y=0) - (x=7,y=3)]},orientation=ShardOrientation::ROW_MAJOR,shard_distribution_strategy=ShardDistributionStrategy::GRID_2D),created_with_nd_shard_spec=0) and provided MemoryConfig(memory_layout=TensorMemoryLayout::BLOCK_SHARDED,buffer_type=BufferType::L1,shard_spec=ShardSpec(grid={[(x=0,y=0) - (x=7,y=7)]},shape={32, 160},orientation=ShardOrientation::ROW_MAJOR),nd_shard_spec=std::nullopt,created_with_nd_shard_spec=0) mem config. Using computed config. (matmul_op.cpp:1674)
2026-05-29 10:53:35.307 | INFO     | models.demos.wormhole.stable_diffusion.tt.ttnn_functional_unet_2d_condition_model_new_conv:__call__:491 - Up block 0
2026-05-29 10:53:35.309 | INFO     | models.demos.wormhole.stable_diffusion.tt.ttnn_functional_unet_2d_condition_model_new_conv:__call__:491 - Up block 1
2026-05-29 10:53:35.314 | INFO     | models.demos.wormhole.stable_diffusion.tt.ttnn_functional_unet_2d_condition_model_new_conv:__call__:491 - Up block 2
2026-05-29 10:53:35.322 | INFO     | models.demos.wormhole.stable_diffusion.tt.ttnn_functional_unet_2d_condition_model_new_conv:__call__:491 - Up block 3
2026-05-29 10:53:35.342 | INFO     | models.demos.wormhole.stable_diffusion.tt.ttnn_functional_unet_2d_condition_model_new_conv:__call__:406 - Down block 0
2026-05-29 10:53:35.348 | info     |              Op | act_block_h_override 2 is not a valid override for padded_output_height_ntiles_per_core 7, instead 1 was selected as closest valid option! (conv2d_utils.cpp:401)
2026-05-29 10:53:35.348 | INFO     | models.demos.wormhole.stable_diffusion.tt.ttnn_functional_unet_2d_condition_model_new_conv:__call__:406 - Down block 1
2026-05-29 10:53:35.354 | INFO     | models.demos.wormhole.stable_diffusion.tt.ttnn_functional_unet_2d_condition_model_new_conv:__call__:406 - Down block 2
2026-05-29 10:53:35.357 | INFO     | models.demos.wormhole.stable_diffusion.tt.ttnn_functional_unet_2d_condition_model_new_conv:__call__:406 - Down block 3
2026-05-29 10:53:35.358 | INFO     | models.demos.wormhole.stable_diffusion.tt.ttnn_functional_unet_2d_condition_model_new_conv:__call__:460 - Mid block
2026-05-29 10:53:35.358 | warning  |              Op | Mismatch between computed MemoryConfig(memory_layout=TensorMemoryLayout::BLOCK_SHARDED,buffer_type=BufferType::L1,shard_spec=ShardSpec(grid={[(x=0,y=0) - (x=7,y=3)]},shape={32, 160},orientation=ShardOrientation::ROW_MAJOR),nd_shard_spec=NdShardSpec(shard_shape=Shape([32, 160]),grid={[(x=0,y=0) - (x=7,y=3)]},orientation=ShardOrientation::ROW_MAJOR,shard_distribution_strategy=ShardDistributionStrategy::GRID_2D),created_with_nd_shard_spec=0) and provided MemoryConfig(memory_layout=TensorMemoryLayout::BLOCK_SHARDED,buffer_type=BufferType::L1,shard_spec=ShardSpec(grid={[(x=0,y=0) - (x=7,y=7)]},shape={32, 160},orientation=ShardOrientation::ROW_MAJOR),nd_shard_spec=std::nullopt,created_with_nd_shard_spec=0) mem config. Using computed config. (matmul_op.cpp:1674)
2026-05-29 10:53:35.360 | INFO     | models.demos.wormhole.stable_diffusion.tt.ttnn_functional_unet_2d_condition_model_new_conv:__call__:491 - Up block 0
2026-05-29 10:53:35.361 | INFO     | models.demos.wormhole.stable_diffusion.tt.ttnn_functional_unet_2d_condition_model_new_conv:__call__:491 - Up block 1
2026-05-29 10:53:35.366 | INFO     | models.demos.wormhole.stable_diffusion.tt.ttnn_functional_unet_2d_condition_model_new_conv:__call__:491 - Up block 2
2026-05-29 10:53:35.374 | INFO     | models.demos.wormhole.stable_diffusion.tt.ttnn_functional_unet_2d_condition_model_new_conv:__call__:491 - Up block 3
  Step 2/41
2026-05-29 10:53:35.396 | INFO     | models.demos.wormhole.stable_diffusion.tt.ttnn_functional_unet_2d_condition_model_new_conv:__call__:406 - Down block 0
2026-05-29 10:53:35.403 | info     |              Op | act_block_h_override 2 is not a valid override for padded_output_height_ntiles_per_core 7, instead 1 was selected as closest valid option! (conv2d_utils.cpp:401)
2026-05-29 10:53:35.403 | INFO     | models.demos.wormhole.stable_diffusion.tt.ttnn_functional_unet_2d_condition_model_new_conv:__call__:406 - Down block 1
2026-05-29 10:53:35.408 | INFO     | models.demos.wormhole.stable_diffusion.tt.ttnn_functional_unet_2d_condition_model_new_conv:__call__:406 - Down block 2
2026-05-29 10:53:35.412 | INFO     | models.demos.wormhole.stable_diffusion.tt.ttnn_functional_unet_2d_condition_model_new_conv:__call__:406 - Down block 3
2026-05-29 10:53:35.413 | INFO     | models.demos.wormhole.stable_diffusion.tt.ttnn_functional_unet_2d_condition_model_new_conv:__call__:460 - Mid block
2026-05-29 10:53:35.413 | warning  |              Op | Mismatch between computed MemoryConfig(memory_layout=TensorMemoryLayout::BLOCK_SHARDED,buffer_type=BufferType::L1,shard_spec=ShardSpec(grid={[(x=0,y=0) - (x=7,y=3)]},shape={32, 160},orientation=ShardOrientation::ROW_MAJOR),nd_shard_spec=NdShardSpec(shard_shape=Shape([32, 160]),grid={[(x=0,y=0) - (x=7,y=3)]},orientation=ShardOrientation::ROW_MAJOR,shard_distribution_strategy=ShardDistributionStrategy::GRID_2D),created_with_nd_shard_spec=0) and provided MemoryConfig(memory_layout=TensorMemoryLayout::BLOCK_SHARDED,buffer_type=BufferType::L1,shard_spec=ShardSpec(grid={[(x=0,y=0) - (x=7,y=7)]},shape={32, 160},orientation=ShardOrientation::ROW_MAJOR),nd_shard_spec=std::nullopt,created_with_nd_shard_spec=0) mem config. Using computed config. (matmul_op.cpp:1674)
2026-05-29 10:53:35.415 | INFO     | models.demos.wormhole.stable_diffusion.tt.ttnn_functional_unet_2d_condition_model_new_conv:__call__:491 - Up block 0
2026-05-29 10:53:35.416 | INFO     | models.demos.wormhole.stable_diffusion.tt.ttnn_functional_unet_2d_condition_model_new_conv:__call__:491 - Up block 1
2026-05-29 10:53:35.421 | INFO     | models.demos.wormhole.stable_diffusion.tt.ttnn_functional_unet_2d_condition_model_new_conv:__call__:491 - Up block 2
2026-05-29 10:53:35.429 | INFO     | models.demos.wormhole.stable_diffusion.tt.ttnn_functional_unet_2d_condition_model_new_conv:__call__:491 - Up block 3
2026-05-29 10:53:35.449 | INFO     | models.demos.wormhole.stable_diffusion.tt.ttnn_functional_unet_2d_condition_model_new_conv:__call__:406 - Down block 0
2026-05-29 10:53:35.455 | info     |              Op | act_block_h_override 2 is not a valid override for padded_output_height_ntiles_per_core 7, instead 1 was selected as closest valid option! (conv2d_utils.cpp:401)
2026-05-29 10:53:35.455 | INFO     | models.demos.wormhole.stable_diffusion.tt.ttnn_functional_unet_2d_condition_model_new_conv:__call__:406 - Down block 1
2026-05-29 10:53:35.461 | INFO     | models.demos.wormhole.stable_diffusion.tt.ttnn_functional_unet_2d_condition_model_new_conv:__call__:406 - Down block 2
2026-05-29 10:53:35.464 | INFO     | models.demos.wormhole.stable_diffusion.tt.ttnn_functional_unet_2d_condition_model_new_conv:__call__:406 - Down block 3
2026-05-29 10:53:35.465 | INFO     | models.demos.wormhole.stable_diffusion.tt.ttnn_functional_unet_2d_condition_model_new_conv:__call__:460 - Mid block
2026-05-29 10:53:35.465 | warning  |              Op | Mismatch between computed MemoryConfig(memory_layout=TensorMemoryLayout::BLOCK_SHARDED,buffer_type=BufferType::L1,shard_spec=ShardSpec(grid={[(x=0,y=0) - (x=7,y=3)]},shape={32, 160},orientation=ShardOrientation::ROW_MAJOR),nd_shard_spec=NdShardSpec(shard_shape=Shape([32, 160]),grid={[(x=0,y=0) - (x=7,y=3)]},orientation=ShardOrientation::ROW_MAJOR,shard_distribution_strategy=ShardDistributionStrategy::GRID_2D),created_with_nd_shard_spec=0) and provided MemoryConfig(memory_layout=TensorMemoryLayout::BLOCK_SHARDED,buffer_type=BufferType::L1,shard_spec=ShardSpec(grid={[(x=0,y=0) - (x=7,y=7)]},shape={32, 160},orientation=ShardOrientation::ROW_MAJOR),nd_shard_spec=std::nullopt,created_with_nd_shard_spec=0) mem config. Using computed config. (matmul_op.cpp:1674)
2026-05-29 10:53:35.467 | INFO     | models.demos.wormhole.stable_diffusion.tt.ttnn_functional_unet_2d_condition_model_new_conv:__call__:491 - Up block 0
2026-05-29 10:53:35.468 | INFO     | models.demos.wormhole.stable_diffusion.tt.ttnn_functional_unet_2d_condition_model_new_conv:__call__:491 - Up block 1
2026-05-29 10:53:35.473 | INFO     | models.demos.wormhole.stable_diffusion.tt.ttnn_functional_unet_2d_condition_model_new_conv:__call__:491 - Up block 2
2026-05-29 10:53:35.481 | INFO     | models.demos.wormhole.stable_diffusion.tt.ttnn_functional_unet_2d_condition_model_new_conv:__call__:491 - Up block 3
2026-05-29 10:53:35.501 | INFO     | models.demos.wormhole.stable_diffusion.tt.ttnn_functional_unet_2d_condition_model_new_conv:__call__:406 - Down block 0
2026-05-29 10:53:35.507 | info     |              Op | act_block_h_override 2 is not a valid override for padded_output_height_ntiles_per_core 7, instead 1 was selected as closest valid option! (conv2d_utils.cpp:401)
2026-05-29 10:53:35.507 | INFO     | models.demos.wormhole.stable_diffusion.tt.ttnn_functional_unet_2d_condition_model_new_conv:__call__:406 - Down block 1
2026-05-29 10:53:35.513 | INFO     | models.demos.wormhole.stable_diffusion.tt.ttnn_functional_unet_2d_condition_model_new_conv:__call__:406 - Down block 2
2026-05-29 10:53:35.516 | INFO     | models.demos.wormhole.stable_diffusion.tt.ttnn_functional_unet_2d_condition_model_new_conv:__call__:406 - Down block 3
2026-05-29 10:53:35.517 | INFO     | models.demos.wormhole.stable_diffusion.tt.ttnn_functional_unet_2d_condition_model_new_conv:__call__:460 - Mid block
2026-05-29 10:53:35.517 | warning  |              Op | Mismatch between computed MemoryConfig(memory_layout=TensorMemoryLayout::BLOCK_SHARDED,buffer_type=BufferType::L1,shard_spec=ShardSpec(grid={[(x=0,y=0) - (x=7,y=3)]},shape={32, 160},orientation=ShardOrientation::ROW_MAJOR),nd_shard_spec=NdShardSpec(shard_shape=Shape([32, 160]),grid={[(x=0,y=0) - (x=7,y=3)]},orientation=ShardOrientation::ROW_MAJOR,shard_distribution_strategy=ShardDistributionStrategy::GRID_2D),created_with_nd_shard_spec=0) and provided MemoryConfig(memory_layout=TensorMemoryLayout::BLOCK_SHARDED,buffer_type=BufferType::L1,shard_spec=ShardSpec(grid={[(x=0,y=0) - (x=7,y=7)]},shape={32, 160},orientation=ShardOrientation::ROW_MAJOR),nd_shard_spec=std::nullopt,created_with_nd_shard_spec=0) mem config. Using computed config. (matmul_op.cpp:1674)
2026-05-29 10:53:35.519 | INFO     | models.demos.wormhole.stable_diffusion.tt.ttnn_functional_unet_2d_condition_model_new_conv:__call__:491 - Up block 0
2026-05-29 10:53:35.520 | INFO     | models.demos.wormhole.stable_diffusion.tt.ttnn_functional_unet_2d_condition_model_new_conv:__call__:491 - Up block 1
2026-05-29 10:53:35.525 | INFO     | models.demos.wormhole.stable_diffusion.tt.ttnn_functional_unet_2d_condition_model_new_conv:__call__:491 - Up block 2
2026-05-29 10:53:35.533 | INFO     | models.demos.wormhole.stable_diffusion.tt.ttnn_functional_unet_2d_condition_model_new_conv:__call__:491 - Up block 3
2026-05-29 10:53:35.554 | INFO     | models.demos.wormhole.stable_diffusion.tt.ttnn_functional_unet_2d_condition_model_new_conv:__call__:406 - Down block 0
2026-05-29 10:53:35.559 | info     |              Op | act_block_h_override 2 is not a valid override for padded_output_height_ntiles_per_core 7, instead 1 was selected as closest valid option! (conv2d_utils.cpp:401)
2026-05-29 10:53:35.560 | INFO     | models.demos.wormhole.stable_diffusion.tt.ttnn_functional_unet_2d_condition_model_new_conv:__call__:406 - Down block 1
2026-05-29 10:53:35.565 | INFO     | models.demos.wormhole.stable_diffusion.tt.ttnn_functional_unet_2d_condition_model_new_conv:__call__:406 - Down block 2
2026-05-29 10:53:35.569 | INFO     | models.demos.wormhole.stable_diffusion.tt.ttnn_functional_unet_2d_condition_model_new_conv:__call__:406 - Down block 3
2026-05-29 10:53:35.569 | INFO     | models.demos.wormhole.stable_diffusion.tt.ttnn_functional_unet_2d_condition_model_new_conv:__call__:460 - Mid block
2026-05-29 10:53:35.570 | warning  |              Op | Mismatch between computed MemoryConfig(memory_layout=TensorMemoryLayout::BLOCK_SHARDED,buffer_type=BufferType::L1,shard_spec=ShardSpec(grid={[(x=0,y=0) - (x=7,y=3)]},shape={32, 160},orientation=ShardOrientation::ROW_MAJOR),nd_shard_spec=NdShardSpec(shard_shape=Shape([32, 160]),grid={[(x=0,y=0) - (x=7,y=3)]},orientation=ShardOrientation::ROW_MAJOR,shard_distribution_strategy=ShardDistributionStrategy::GRID_2D),created_with_nd_shard_spec=0) and provided MemoryConfig(memory_layout=TensorMemoryLayout::BLOCK_SHARDED,buffer_type=BufferType::L1,shard_spec=ShardSpec(grid={[(x=0,y=0) - (x=7,y=7)]},shape={32, 160},orientation=ShardOrientation::ROW_MAJOR),nd_shard_spec=std::nullopt,created_with_nd_shard_spec=0) mem config. Using computed config. (matmul_op.cpp:1674)
2026-05-29 10:53:35.571 | INFO     | models.demos.wormhole.stable_diffusion.tt.ttnn_functional_unet_2d_condition_model_new_conv:__call__:491 - Up block 0
2026-05-29 10:53:35.572 | INFO     | models.demos.wormhole.stable_diffusion.tt.ttnn_functional_unet_2d_condition_model_new_conv:__call__:491 - Up block 1
2026-05-29 10:53:35.577 | INFO     | models.demos.wormhole.stable_diffusion.tt.ttnn_functional_unet_2d_condition_model_new_conv:__call__:491 - Up block 2
2026-05-29 10:53:35.586 | INFO     | models.demos.wormhole.stable_diffusion.tt.ttnn_functional_unet_2d_condition_model_new_conv:__call__:491 - Up block 3
2026-05-29 10:53:35.606 | INFO     | models.demos.wormhole.stable_diffusion.tt.ttnn_functional_unet_2d_condition_model_new_conv:__call__:406 - Down block 0
2026-05-29 10:53:35.612 | info     |              Op | act_block_h_override 2 is not a valid override for padded_output_height_ntiles_per_core 7, instead 1 was selected as closest valid option! (conv2d_utils.cpp:401)
2026-05-29 10:53:35.612 | INFO     | models.demos.wormhole.stable_diffusion.tt.ttnn_functional_unet_2d_condition_model_new_conv:__call__:406 - Down block 1
2026-05-29 10:53:35.617 | INFO     | models.demos.wormhole.stable_diffusion.tt.ttnn_functional_unet_2d_condition_model_new_conv:__call__:406 - Down block 2
2026-05-29 10:53:35.620 | INFO     | models.demos.wormhole.stable_diffusion.tt.ttnn_functional_unet_2d_condition_model_new_conv:__call__:406 - Down block 3
2026-05-29 10:53:35.621 | INFO     | models.demos.wormhole.stable_diffusion.tt.ttnn_functional_unet_2d_condition_model_new_conv:__call__:460 - Mid block
2026-05-29 10:53:35.621 | warning  |              Op | Mismatch between computed MemoryConfig(memory_layout=TensorMemoryLayout::BLOCK_SHARDED,buffer_type=BufferType::L1,shard_spec=ShardSpec(grid={[(x=0,y=0) - (x=7,y=3)]},shape={32, 160},orientation=ShardOrientation::ROW_MAJOR),nd_shard_spec=NdShardSpec(shard_shape=Shape([32, 160]),grid={[(x=0,y=0) - (x=7,y=3)]},orientation=ShardOrientation::ROW_MAJOR,shard_distribution_strategy=ShardDistributionStrategy::GRID_2D),created_with_nd_shard_spec=0) and provided MemoryConfig(memory_layout=TensorMemoryLayout::BLOCK_SHARDED,buffer_type=BufferType::L1,shard_spec=ShardSpec(grid={[(x=0,y=0) - (x=7,y=7)]},shape={32, 160},orientation=ShardOrientation::ROW_MAJOR),nd_shard_spec=std::nullopt,created_with_nd_shard_spec=0) mem config. Using computed config. (matmul_op.cpp:1674)
2026-05-29 10:53:35.623 | INFO     | models.demos.wormhole.stable_diffusion.tt.ttnn_functional_unet_2d_condition_model_new_conv:__call__:491 - Up block 0
2026-05-29 10:53:35.624 | INFO     | models.demos.wormhole.stable_diffusion.tt.ttnn_functional_unet_2d_condition_model_new_conv:__call__:491 - Up block 1
2026-05-29 10:53:35.629 | INFO     | models.demos.wormhole.stable_diffusion.tt.ttnn_functional_unet_2d_condition_model_new_conv:__call__:491 - Up block 2
2026-05-29 10:53:35.637 | INFO     | models.demos.wormhole.stable_diffusion.tt.ttnn_functional_unet_2d_condition_model_new_conv:__call__:491 - Up block 3
2026-05-29 10:53:35.658 | INFO     | models.demos.wormhole.stable_diffusion.tt.ttnn_functional_unet_2d_condition_model_new_conv:__call__:406 - Down block 0
2026-05-29 10:53:35.663 | info     |              Op | act_block_h_override 2 is not a valid override for padded_output_height_ntiles_per_core 7, instead 1 was selected as closest valid option! (conv2d_utils.cpp:401)
2026-05-29 10:53:35.664 | INFO     | models.demos.wormhole.stable_diffusion.tt.ttnn_functional_unet_2d_condition_model_new_conv:__call__:406 - Down block 1
2026-05-29 10:53:35.669 | INFO     | models.demos.wormhole.stable_diffusion.tt.ttnn_functional_unet_2d_condition_model_new_conv:__call__:406 - Down block 2
2026-05-29 10:53:35.673 | INFO     | models.demos.wormhole.stable_diffusion.tt.ttnn_functional_unet_2d_condition_model_new_conv:__call__:406 - Down block 3
2026-05-29 10:53:35.673 | INFO     | models.demos.wormhole.stable_diffusion.tt.ttnn_functional_unet_2d_condition_model_new_conv:__call__:460 - Mid block
2026-05-29 10:53:35.674 | warning  |              Op | Mismatch between computed MemoryConfig(memory_layout=TensorMemoryLayout::BLOCK_SHARDED,buffer_type=BufferType::L1,shard_spec=ShardSpec(grid={[(x=0,y=0) - (x=7,y=3)]},shape={32, 160},orientation=ShardOrientation::ROW_MAJOR),nd_shard_spec=NdShardSpec(shard_shape=Shape([32, 160]),grid={[(x=0,y=0) - (x=7,y=3)]},orientation=ShardOrientation::ROW_MAJOR,shard_distribution_strategy=ShardDistributionStrategy::GRID_2D),created_with_nd_shard_spec=0) and provided MemoryConfig(memory_layout=TensorMemoryLayout::BLOCK_SHARDED,buffer_type=BufferType::L1,shard_spec=ShardSpec(grid={[(x=0,y=0) - (x=7,y=7)]},shape={32, 160},orientation=ShardOrientation::ROW_MAJOR),nd_shard_spec=std::nullopt,created_with_nd_shard_spec=0) mem config. Using computed config. (matmul_op.cpp:1674)
2026-05-29 10:53:35.675 | INFO     | models.demos.wormhole.stable_diffusion.tt.ttnn_functional_unet_2d_condition_model_new_conv:__call__:491 - Up block 0
2026-05-29 10:53:35.677 | INFO     | models.demos.wormhole.stable_diffusion.tt.ttnn_functional_unet_2d_condition_model_new_conv:__call__:491 - Up block 1
2026-05-29 10:53:35.682 | INFO     | models.demos.wormhole.stable_diffusion.tt.ttnn_functional_unet_2d_condition_model_new_conv:__call__:491 - Up block 2
2026-05-29 10:53:35.690 | INFO     | models.demos.wormhole.stable_diffusion.tt.ttnn_functional_unet_2d_condition_model_new_conv:__call__:491 - Up block 3
2026-05-29 10:53:35.710 | INFO     | models.demos.wormhole.stable_diffusion.tt.ttnn_functional_unet_2d_condition_model_new_conv:__call__:406 - Down block 0
2026-05-29 10:53:35.715 | info     |              Op | act_block_h_override 2 is not a valid override for padded_output_height_ntiles_per_core 7, instead 1 was selected as closest valid option! (conv2d_utils.cpp:401)
2026-05-29 10:53:35.716 | INFO     | models.demos.wormhole.stable_diffusion.tt.ttnn_functional_unet_2d_condition_model_new_conv:__call__:406 - Down block 1
2026-05-29 10:53:35.721 | INFO     | models.demos.wormhole.stable_diffusion.tt.ttnn_functional_unet_2d_condition_model_new_conv:__call__:406 - Down block 2
2026-05-29 10:53:35.724 | INFO     | models.demos.wormhole.stable_diffusion.tt.ttnn_functional_unet_2d_condition_model_new_conv:__call__:406 - Down block 3
2026-05-29 10:53:35.725 | INFO     | models.demos.wormhole.stable_diffusion.tt.ttnn_functional_unet_2d_condition_model_new_conv:__call__:460 - Mid block
2026-05-29 10:53:35.725 | warning  |              Op | Mismatch between computed MemoryConfig(memory_layout=TensorMemoryLayout::BLOCK_SHARDED,buffer_type=BufferType::L1,shard_spec=ShardSpec(grid={[(x=0,y=0) - (x=7,y=3)]},shape={32, 160},orientation=ShardOrientation::ROW_MAJOR),nd_shard_spec=NdShardSpec(shard_shape=Shape([32, 160]),grid={[(x=0,y=0) - (x=7,y=3)]},orientation=ShardOrientation::ROW_MAJOR,shard_distribution_strategy=ShardDistributionStrategy::GRID_2D),created_with_nd_shard_spec=0) and provided MemoryConfig(memory_layout=TensorMemoryLayout::BLOCK_SHARDED,buffer_type=BufferType::L1,shard_spec=ShardSpec(grid={[(x=0,y=0) - (x=7,y=7)]},shape={32, 160},orientation=ShardOrientation::ROW_MAJOR),nd_shard_spec=std::nullopt,created_with_nd_shard_spec=0) mem config. Using computed config. (matmul_op.cpp:1674)
2026-05-29 10:53:35.727 | INFO     | models.demos.wormhole.stable_diffusion.tt.ttnn_functional_unet_2d_condition_model_new_conv:__call__:491 - Up block 0
2026-05-29 10:53:35.728 | INFO     | models.demos.wormhole.stable_diffusion.tt.ttnn_functional_unet_2d_condition_model_new_conv:__call__:491 - Up block 1
2026-05-29 10:53:35.733 | INFO     | models.demos.wormhole.stable_diffusion.tt.ttnn_functional_unet_2d_condition_model_new_conv:__call__:491 - Up block 2
2026-05-29 10:53:35.741 | INFO     | models.demos.wormhole.stable_diffusion.tt.ttnn_functional_unet_2d_condition_model_new_conv:__call__:491 - Up block 3
2026-05-29 10:53:35.761 | INFO     | models.demos.wormhole.stable_diffusion.tt.ttnn_functional_unet_2d_condition_model_new_conv:__call__:406 - Down block 0
2026-05-29 10:53:35.767 | info     |              Op | act_block_h_override 2 is not a valid override for padded_output_height_ntiles_per_core 7, instead 1 was selected as closest valid option! (conv2d_utils.cpp:401)
2026-05-29 10:53:35.767 | INFO     | models.demos.wormhole.stable_diffusion.tt.ttnn_functional_unet_2d_condition_model_new_conv:__call__:406 - Down block 1
2026-05-29 10:53:35.773 | INFO     | models.demos.wormhole.stable_diffusion.tt.ttnn_functional_unet_2d_condition_model_new_conv:__call__:406 - Down block 2
2026-05-29 10:53:35.776 | INFO     | models.demos.wormhole.stable_diffusion.tt.ttnn_functional_unet_2d_condition_model_new_conv:__call__:406 - Down block 3
2026-05-29 10:53:35.777 | INFO     | models.demos.wormhole.stable_diffusion.tt.ttnn_functional_unet_2d_condition_model_new_conv:__call__:460 - Mid block
2026-05-29 10:53:35.777 | warning  |              Op | Mismatch between computed MemoryConfig(memory_layout=TensorMemoryLayout::BLOCK_SHARDED,buffer_type=BufferType::L1,shard_spec=ShardSpec(grid={[(x=0,y=0) - (x=7,y=3)]},shape={32, 160},orientation=ShardOrientation::ROW_MAJOR),nd_shard_spec=NdShardSpec(shard_shape=Shape([32, 160]),grid={[(x=0,y=0) - (x=7,y=3)]},orientation=ShardOrientation::ROW_MAJOR,shard_distribution_strategy=ShardDistributionStrategy::GRID_2D),created_with_nd_shard_spec=0) and provided MemoryConfig(memory_layout=TensorMemoryLayout::BLOCK_SHARDED,buffer_type=BufferType::L1,shard_spec=ShardSpec(grid={[(x=0,y=0) - (x=7,y=7)]},shape={32, 160},orientation=ShardOrientation::ROW_MAJOR),nd_shard_spec=std::nullopt,created_with_nd_shard_spec=0) mem config. Using computed config. (matmul_op.cpp:1674)
2026-05-29 10:53:35.779 | INFO     | models.demos.wormhole.stable_diffusion.tt.ttnn_functional_unet_2d_condition_model_new_conv:__call__:491 - Up block 0
2026-05-29 10:53:35.780 | INFO     | models.demos.wormhole.stable_diffusion.tt.ttnn_functional_unet_2d_condition_model_new_conv:__call__:491 - Up block 1
2026-05-29 10:53:35.785 | INFO     | models.demos.wormhole.stable_diffusion.tt.ttnn_functional_unet_2d_condition_model_new_conv:__call__:491 - Up block 2
2026-05-29 10:53:35.793 | INFO     | models.demos.wormhole.stable_diffusion.tt.ttnn_functional_unet_2d_condition_model_new_conv:__call__:491 - Up block 3
  Step 3/41
2026-05-29 10:53:35.816 | INFO     | models.demos.wormhole.stable_diffusion.tt.ttnn_functional_unet_2d_condition_model_new_conv:__call__:406 - Down block 0
2026-05-29 10:53:35.822 | info     |              Op | act_block_h_override 2 is not a valid override for padded_output_height_ntiles_per_core 7, instead 1 was selected as closest valid option! (conv2d_utils.cpp:401)
2026-05-29 10:53:35.822 | INFO     | models.demos.wormhole.stable_diffusion.tt.ttnn_functional_unet_2d_condition_model_new_conv:__call__:406 - Down block 1
2026-05-29 10:53:35.828 | INFO     | models.demos.wormhole.stable_diffusion.tt.ttnn_functional_unet_2d_condition_model_new_conv:__call__:406 - Down block 2
2026-05-29 10:53:35.831 | INFO     | models.demos.wormhole.stable_diffusion.tt.ttnn_functional_unet_2d_condition_model_new_conv:__call__:406 - Down block 3
2026-05-29 10:53:35.832 | INFO     | models.demos.wormhole.stable_diffusion.tt.ttnn_functional_unet_2d_condition_model_new_conv:__call__:460 - Mid block
2026-05-29 10:53:35.832 | warning  |              Op | Mismatch between computed MemoryConfig(memory_layout=TensorMemoryLayout::BLOCK_SHARDED,buffer_type=BufferType::L1,shard_spec=ShardSpec(grid={[(x=0,y=0) - (x=7,y=3)]},shape={32, 160},orientation=ShardOrientation::ROW_MAJOR),nd_shard_spec=NdShardSpec(shard_shape=Shape([32, 160]),grid={[(x=0,y=0) - (x=7,y=3)]},orientation=ShardOrientation::ROW_MAJOR,shard_distribution_strategy=ShardDistributionStrategy::GRID_2D),created_with_nd_shard_spec=0) and provided MemoryConfig(memory_layout=TensorMemoryLayout::BLOCK_SHARDED,buffer_type=BufferType::L1,shard_spec=ShardSpec(grid={[(x=0,y=0) - (x=7,y=7)]},shape={32, 160},orientation=ShardOrientation::ROW_MAJOR),nd_shard_spec=std::nullopt,created_with_nd_shard_spec=0) mem config. Using computed config. (matmul_op.cpp:1674)
2026-05-29 10:53:35.834 | INFO     | models.demos.wormhole.stable_diffusion.tt.ttnn_functional_unet_2d_condition_model_new_conv:__call__:491 - Up block 0
2026-05-29 10:53:35.835 | INFO     | models.demos.wormhole.stable_diffusion.tt.ttnn_functional_unet_2d_condition_model_new_conv:__call__:491 - Up block 1
2026-05-29 10:53:35.840 | INFO     | models.demos.wormhole.stable_diffusion.tt.ttnn_functional_unet_2d_condition_model_new_conv:__call__:491 - Up block 2
2026-05-29 10:53:35.848 | INFO     | models.demos.wormhole.stable_diffusion.tt.ttnn_functional_unet_2d_condition_model_new_conv:__call__:491 - Up block 3
2026-05-29 10:53:35.868 | INFO     | models.demos.wormhole.stable_diffusion.tt.ttnn_functional_unet_2d_condition_model_new_conv:__call__:406 - Down block 0
2026-05-29 10:53:35.874 | info     |              Op | act_block_h_override 2 is not a valid override for padded_output_height_ntiles_per_core 7, instead 1 was selected as closest valid option! (conv2d_utils.cpp:401)
2026-05-29 10:53:35.874 | INFO     | models.demos.wormhole.stable_diffusion.tt.ttnn_functional_unet_2d_condition_model_new_conv:__call__:406 - Down block 1
2026-05-29 10:53:35.879 | INFO     | models.demos.wormhole.stable_diffusion.tt.ttnn_functional_unet_2d_condition_model_new_conv:__call__:406 - Down block 2
2026-05-29 10:53:35.882 | INFO     | models.demos.wormhole.stable_diffusion.tt.ttnn_functional_unet_2d_condition_model_new_conv:__call__:406 - Down block 3
2026-05-29 10:53:35.883 | INFO     | models.demos.wormhole.stable_diffusion.tt.ttnn_functional_unet_2d_condition_model_new_conv:__call__:460 - Mid block
2026-05-29 10:53:35.884 | warning  |              Op | Mismatch between computed MemoryConfig(memory_layout=TensorMemoryLayout::BLOCK_SHARDED,buffer_type=BufferType::L1,shard_spec=ShardSpec(grid={[(x=0,y=0) - (x=7,y=3)]},shape={32, 160},orientation=ShardOrientation::ROW_MAJOR),nd_shard_spec=NdShardSpec(shard_shape=Shape([32, 160]),grid={[(x=0,y=0) - (x=7,y=3)]},orientation=ShardOrientation::ROW_MAJOR,shard_distribution_strategy=ShardDistributionStrategy::GRID_2D),created_with_nd_shard_spec=0) and provided MemoryConfig(memory_layout=TensorMemoryLayout::BLOCK_SHARDED,buffer_type=BufferType::L1,shard_spec=ShardSpec(grid={[(x=0,y=0) - (x=7,y=7)]},shape={32, 160},orientation=ShardOrientation::ROW_MAJOR),nd_shard_spec=std::nullopt,created_with_nd_shard_spec=0) mem config. Using computed config. (matmul_op.cpp:1674)
2026-05-29 10:53:35.885 | INFO     | models.demos.wormhole.stable_diffusion.tt.ttnn_functional_unet_2d_condition_model_new_conv:__call__:491 - Up block 0
2026-05-29 10:53:35.886 | INFO     | models.demos.wormhole.stable_diffusion.tt.ttnn_functional_unet_2d_condition_model_new_conv:__call__:491 - Up block 1
2026-05-29 10:53:35.891 | INFO     | models.demos.wormhole.stable_diffusion.tt.ttnn_functional_unet_2d_condition_model_new_conv:__call__:491 - Up block 2
2026-05-29 10:53:35.899 | INFO     | models.demos.wormhole.stable_diffusion.tt.ttnn_functional_unet_2d_condition_model_new_conv:__call__:491 - Up block 3
2026-05-29 10:53:35.920 | INFO     | models.demos.wormhole.stable_diffusion.tt.ttnn_functional_unet_2d_condition_model_new_conv:__call__:406 - Down block 0
2026-05-29 10:53:35.926 | info     |              Op | act_block_h_override 2 is not a valid override for padded_output_height_ntiles_per_core 7, instead 1 was selected as closest valid option! (conv2d_utils.cpp:401)
2026-05-29 10:53:35.926 | INFO     | models.demos.wormhole.stable_diffusion.tt.ttnn_functional_unet_2d_condition_model_new_conv:__call__:406 - Down block 1
2026-05-29 10:53:35.931 | INFO     | models.demos.wormhole.stable_diffusion.tt.ttnn_functional_unet_2d_condition_model_new_conv:__call__:406 - Down block 2
2026-05-29 10:53:35.934 | INFO     | models.demos.wormhole.stable_diffusion.tt.ttnn_functional_unet_2d_condition_model_new_conv:__call__:406 - Down block 3
2026-05-29 10:53:35.935 | INFO     | models.demos.wormhole.stable_diffusion.tt.ttnn_functional_unet_2d_condition_model_new_conv:__call__:460 - Mid block
2026-05-29 10:53:35.936 | warning  |              Op | Mismatch between computed MemoryConfig(memory_layout=TensorMemoryLayout::BLOCK_SHARDED,buffer_type=BufferType::L1,shard_spec=ShardSpec(grid={[(x=0,y=0) - (x=7,y=3)]},shape={32, 160},orientation=ShardOrientation::ROW_MAJOR),nd_shard_spec=NdShardSpec(shard_shape=Shape([32, 160]),grid={[(x=0,y=0) - (x=7,y=3)]},orientation=ShardOrientation::ROW_MAJOR,shard_distribution_strategy=ShardDistributionStrategy::GRID_2D),created_with_nd_shard_spec=0) and provided MemoryConfig(memory_layout=TensorMemoryLayout::BLOCK_SHARDED,buffer_type=BufferType::L1,shard_spec=ShardSpec(grid={[(x=0,y=0) - (x=7,y=7)]},shape={32, 160},orientation=ShardOrientation::ROW_MAJOR),nd_shard_spec=std::nullopt,created_with_nd_shard_spec=0) mem config. Using computed config. (matmul_op.cpp:1674)
2026-05-29 10:53:35.937 | INFO     | models.demos.wormhole.stable_diffusion.tt.ttnn_functional_unet_2d_condition_model_new_conv:__call__:491 - Up block 0
2026-05-29 10:53:35.938 | INFO     | models.demos.wormhole.stable_diffusion.tt.ttnn_functional_unet_2d_condition_model_new_conv:__call__:491 - Up block 1
2026-05-29 10:53:35.943 | INFO     | models.demos.wormhole.stable_diffusion.tt.ttnn_functional_unet_2d_condition_model_new_conv:__call__:491 - Up block 2
2026-05-29 10:53:35.951 | INFO     | models.demos.wormhole.stable_diffusion.tt.ttnn_functional_unet_2d_condition_model_new_conv:__call__:491 - Up block 3
2026-05-29 10:53:35.972 | INFO     | models.demos.wormhole.stable_diffusion.tt.ttnn_functional_unet_2d_condition_model_new_conv:__call__:406 - Down block 0
2026-05-29 10:53:35.977 | info     |              Op | act_block_h_override 2 is not a valid override for padded_output_height_ntiles_per_core 7, instead 1 was selected as closest valid option! (conv2d_utils.cpp:401)
2026-05-29 10:53:35.977 | INFO     | models.demos.wormhole.stable_diffusion.tt.ttnn_functional_unet_2d_condition_model_new_conv:__call__:406 - Down block 1
2026-05-29 10:53:35.983 | INFO     | models.demos.wormhole.stable_diffusion.tt.ttnn_functional_unet_2d_condition_model_new_conv:__call__:406 - Down block 2
2026-05-29 10:53:35.986 | INFO     | models.demos.wormhole.stable_diffusion.tt.ttnn_functional_unet_2d_condition_model_new_conv:__call__:406 - Down block 3
2026-05-29 10:53:35.987 | INFO     | models.demos.wormhole.stable_diffusion.tt.ttnn_functional_unet_2d_condition_model_new_conv:__call__:460 - Mid block
2026-05-29 10:53:35.987 | warning  |              Op | Mismatch between computed MemoryConfig(memory_layout=TensorMemoryLayout::BLOCK_SHARDED,buffer_type=BufferType::L1,shard_spec=ShardSpec(grid={[(x=0,y=0) - (x=7,y=3)]},shape={32, 160},orientation=ShardOrientation::ROW_MAJOR),nd_shard_spec=NdShardSpec(shard_shape=Shape([32, 160]),grid={[(x=0,y=0) - (x=7,y=3)]},orientation=ShardOrientation::ROW_MAJOR,shard_distribution_strategy=ShardDistributionStrategy::GRID_2D),created_with_nd_shard_spec=0) and provided MemoryConfig(memory_layout=TensorMemoryLayout::BLOCK_SHARDED,buffer_type=BufferType::L1,shard_spec=ShardSpec(grid={[(x=0,y=0) - (x=7,y=7)]},shape={32, 160},orientation=ShardOrientation::ROW_MAJOR),nd_shard_spec=std::nullopt,created_with_nd_shard_spec=0) mem config. Using computed config. (matmul_op.cpp:1674)
2026-05-29 10:53:35.988 | INFO     | models.demos.wormhole.stable_diffusion.tt.ttnn_functional_unet_2d_condition_model_new_conv:__call__:491 - Up block 0
2026-05-29 10:53:35.990 | INFO     | models.demos.wormhole.stable_diffusion.tt.ttnn_functional_unet_2d_condition_model_new_conv:__call__:491 - Up block 1
2026-05-29 10:53:35.994 | INFO     | models.demos.wormhole.stable_diffusion.tt.ttnn_functional_unet_2d_condition_model_new_conv:__call__:491 - Up block 2
2026-05-29 10:53:36.002 | INFO     | models.demos.wormhole.stable_diffusion.tt.ttnn_functional_unet_2d_condition_model_new_conv:__call__:491 - Up block 3
2026-05-29 10:53:36.023 | INFO     | models.demos.wormhole.stable_diffusion.tt.ttnn_functional_unet_2d_condition_model_new_conv:__call__:406 - Down block 0
2026-05-29 10:53:36.029 | info     |              Op | act_block_h_override 2 is not a valid override for padded_output_height_ntiles_per_core 7, instead 1 was selected as closest valid option! (conv2d_utils.cpp:401)
2026-05-29 10:53:36.029 | INFO     | models.demos.wormhole.stable_diffusion.tt.ttnn_functional_unet_2d_condition_model_new_conv:__call__:406 - Down block 1
2026-05-29 10:53:36.035 | INFO     | models.demos.wormhole.stable_diffusion.tt.ttnn_functional_unet_2d_condition_model_new_conv:__call__:406 - Down block 2
2026-05-29 10:53:36.038 | INFO     | models.demos.wormhole.stable_diffusion.tt.ttnn_functional_unet_2d_condition_model_new_conv:__call__:406 - Down block 3
2026-05-29 10:53:36.039 | INFO     | models.demos.wormhole.stable_diffusion.tt.ttnn_functional_unet_2d_condition_model_new_conv:__call__:460 - Mid block
2026-05-29 10:53:36.039 | warning  |              Op | Mismatch between computed MemoryConfig(memory_layout=TensorMemoryLayout::BLOCK_SHARDED,buffer_type=BufferType::L1,shard_spec=ShardSpec(grid={[(x=0,y=0) - (x=7,y=3)]},shape={32, 160},orientation=ShardOrientation::ROW_MAJOR),nd_shard_spec=NdShardSpec(shard_shape=Shape([32, 160]),grid={[(x=0,y=0) - (x=7,y=3)]},orientation=ShardOrientation::ROW_MAJOR,shard_distribution_strategy=ShardDistributionStrategy::GRID_2D),created_with_nd_shard_spec=0) and provided MemoryConfig(memory_layout=TensorMemoryLayout::BLOCK_SHARDED,buffer_type=BufferType::L1,shard_spec=ShardSpec(grid={[(x=0,y=0) - (x=7,y=7)]},shape={32, 160},orientation=ShardOrientation::ROW_MAJOR),nd_shard_spec=std::nullopt,created_with_nd_shard_spec=0) mem config. Using computed config. (matmul_op.cpp:1674)
2026-05-29 10:53:36.041 | INFO     | models.demos.wormhole.stable_diffusion.tt.ttnn_functional_unet_2d_condition_model_new_conv:__call__:491 - Up block 0
2026-05-29 10:53:36.042 | INFO     | models.demos.wormhole.stable_diffusion.tt.ttnn_functional_unet_2d_condition_model_new_conv:__call__:491 - Up block 1
2026-05-29 10:53:36.047 | INFO     | models.demos.wormhole.stable_diffusion.tt.ttnn_functional_unet_2d_condition_model_new_conv:__call__:491 - Up block 2
2026-05-29 10:53:36.055 | INFO     | models.demos.wormhole.stable_diffusion.tt.ttnn_functional_unet_2d_condition_model_new_conv:__call__:491 - Up block 3
2026-05-29 10:53:36.075 | INFO     | models.demos.wormhole.stable_diffusion.tt.ttnn_functional_unet_2d_condition_model_new_conv:__call__:406 - Down block 0
2026-05-29 10:53:36.081 | info     |              Op | act_block_h_override 2 is not a valid override for padded_output_height_ntiles_per_core 7, instead 1 was selected as closest valid option! (conv2d_utils.cpp:401)
2026-05-29 10:53:36.081 | INFO     | models.demos.wormhole.stable_diffusion.tt.ttnn_functional_unet_2d_condition_model_new_conv:__call__:406 - Down block 1
2026-05-29 10:53:36.086 | INFO     | models.demos.wormhole.stable_diffusion.tt.ttnn_functional_unet_2d_condition_model_new_conv:__call__:406 - Down block 2
2026-05-29 10:53:36.090 | INFO     | models.demos.wormhole.stable_diffusion.tt.ttnn_functional_unet_2d_condition_model_new_conv:__call__:406 - Down block 3
2026-05-29 10:53:36.090 | INFO     | models.demos.wormhole.stable_diffusion.tt.ttnn_functional_unet_2d_condition_model_new_conv:__call__:460 - Mid block
2026-05-29 10:53:36.091 | warning  |              Op | Mismatch between computed MemoryConfig(memory_layout=TensorMemoryLayout::BLOCK_SHARDED,buffer_type=BufferType::L1,shard_spec=ShardSpec(grid={[(x=0,y=0) - (x=7,y=3)]},shape={32, 160},orientation=ShardOrientation::ROW_MAJOR),nd_shard_spec=NdShardSpec(shard_shape=Shape([32, 160]),grid={[(x=0,y=0) - (x=7,y=3)]},orientation=ShardOrientation::ROW_MAJOR,shard_distribution_strategy=ShardDistributionStrategy::GRID_2D),created_with_nd_shard_spec=0) and provided MemoryConfig(memory_layout=TensorMemoryLayout::BLOCK_SHARDED,buffer_type=BufferType::L1,shard_spec=ShardSpec(grid={[(x=0,y=0) - (x=7,y=7)]},shape={32, 160},orientation=ShardOrientation::ROW_MAJOR),nd_shard_spec=std::nullopt,created_with_nd_shard_spec=0) mem config. Using computed config. (matmul_op.cpp:1674)
2026-05-29 10:53:36.092 | INFO     | models.demos.wormhole.stable_diffusion.tt.ttnn_functional_unet_2d_condition_model_new_conv:__call__:491 - Up block 0
2026-05-29 10:53:36.093 | INFO     | models.demos.wormhole.stable_diffusion.tt.ttnn_functional_unet_2d_condition_model_new_conv:__call__:491 - Up block 1
2026-05-29 10:53:36.098 | INFO     | models.demos.wormhole.stable_diffusion.tt.ttnn_functional_unet_2d_condition_model_new_conv:__call__:491 - Up block 2
2026-05-29 10:53:36.106 | INFO     | models.demos.wormhole.stable_diffusion.tt.ttnn_functional_unet_2d_condition_model_new_conv:__call__:491 - Up block 3
2026-05-29 10:53:36.127 | INFO     | models.demos.wormhole.stable_diffusion.tt.ttnn_functional_unet_2d_condition_model_new_conv:__call__:406 - Down block 0
2026-05-29 10:53:36.133 | info     |              Op | act_block_h_override 2 is not a valid override for padded_output_height_ntiles_per_core 7, instead 1 was selected as closest valid option! (conv2d_utils.cpp:401)
2026-05-29 10:53:36.133 | INFO     | models.demos.wormhole.stable_diffusion.tt.ttnn_functional_unet_2d_condition_model_new_conv:__call__:406 - Down block 1
2026-05-29 10:53:36.139 | INFO     | models.demos.wormhole.stable_diffusion.tt.ttnn_functional_unet_2d_condition_model_new_conv:__call__:406 - Down block 2
2026-05-29 10:53:36.142 | INFO     | models.demos.wormhole.stable_diffusion.tt.ttnn_functional_unet_2d_condition_model_new_conv:__call__:406 - Down block 3
2026-05-29 10:53:36.143 | INFO     | models.demos.wormhole.stable_diffusion.tt.ttnn_functional_unet_2d_condition_model_new_conv:__call__:460 - Mid block
2026-05-29 10:53:36.144 | warning  |              Op | Mismatch between computed MemoryConfig(memory_layout=TensorMemoryLayout::BLOCK_SHARDED,buffer_type=BufferType::L1,shard_spec=ShardSpec(grid={[(x=0,y=0) - (x=7,y=3)]},shape={32, 160},orientation=ShardOrientation::ROW_MAJOR),nd_shard_spec=NdShardSpec(shard_shape=Shape([32, 160]),grid={[(x=0,y=0) - (x=7,y=3)]},orientation=ShardOrientation::ROW_MAJOR,shard_distribution_strategy=ShardDistributionStrategy::GRID_2D),created_with_nd_shard_spec=0) and provided MemoryConfig(memory_layout=TensorMemoryLayout::BLOCK_SHARDED,buffer_type=BufferType::L1,shard_spec=ShardSpec(grid={[(x=0,y=0) - (x=7,y=7)]},shape={32, 160},orientation=ShardOrientation::ROW_MAJOR),nd_shard_spec=std::nullopt,created_with_nd_shard_spec=0) mem config. Using computed config. (matmul_op.cpp:1674)
2026-05-29 10:53:36.145 | INFO     | models.demos.wormhole.stable_diffusion.tt.ttnn_functional_unet_2d_condition_model_new_conv:__call__:491 - Up block 0
2026-05-29 10:53:36.146 | INFO     | models.demos.wormhole.stable_diffusion.tt.ttnn_functional_unet_2d_condition_model_new_conv:__call__:491 - Up block 1
2026-05-29 10:53:36.151 | INFO     | models.demos.wormhole.stable_diffusion.tt.ttnn_functional_unet_2d_condition_model_new_conv:__call__:491 - Up block 2
2026-05-29 10:53:36.159 | INFO     | models.demos.wormhole.stable_diffusion.tt.ttnn_functional_unet_2d_condition_model_new_conv:__call__:491 - Up block 3
2026-05-29 10:53:36.179 | INFO     | models.demos.wormhole.stable_diffusion.tt.ttnn_functional_unet_2d_condition_model_new_conv:__call__:406 - Down block 0
2026-05-29 10:53:36.185 | info     |              Op | act_block_h_override 2 is not a valid override for padded_output_height_ntiles_per_core 7, instead 1 was selected as closest valid option! (conv2d_utils.cpp:401)
2026-05-29 10:53:36.185 | INFO     | models.demos.wormhole.stable_diffusion.tt.ttnn_functional_unet_2d_condition_model_new_conv:__call__:406 - Down block 1
2026-05-29 10:53:36.191 | INFO     | models.demos.wormhole.stable_diffusion.tt.ttnn_functional_unet_2d_condition_model_new_conv:__call__:406 - Down block 2
2026-05-29 10:53:36.194 | INFO     | models.demos.wormhole.stable_diffusion.tt.ttnn_functional_unet_2d_condition_model_new_conv:__call__:406 - Down block 3
2026-05-29 10:53:36.195 | INFO     | models.demos.wormhole.stable_diffusion.tt.ttnn_functional_unet_2d_condition_model_new_conv:__call__:460 - Mid block
2026-05-29 10:53:36.196 | warning  |              Op | Mismatch between computed MemoryConfig(memory_layout=TensorMemoryLayout::BLOCK_SHARDED,buffer_type=BufferType::L1,shard_spec=ShardSpec(grid={[(x=0,y=0) - (x=7,y=3)]},shape={32, 160},orientation=ShardOrientation::ROW_MAJOR),nd_shard_spec=NdShardSpec(shard_shape=Shape([32, 160]),grid={[(x=0,y=0) - (x=7,y=3)]},orientation=ShardOrientation::ROW_MAJOR,shard_distribution_strategy=ShardDistributionStrategy::GRID_2D),created_with_nd_shard_spec=0) and provided MemoryConfig(memory_layout=TensorMemoryLayout::BLOCK_SHARDED,buffer_type=BufferType::L1,shard_spec=ShardSpec(grid={[(x=0,y=0) - (x=7,y=7)]},shape={32, 160},orientation=ShardOrientation::ROW_MAJOR),nd_shard_spec=std::nullopt,created_with_nd_shard_spec=0) mem config. Using computed config. (matmul_op.cpp:1674)
2026-05-29 10:53:36.197 | INFO     | models.demos.wormhole.stable_diffusion.tt.ttnn_functional_unet_2d_condition_model_new_conv:__call__:491 - Up block 0
2026-05-29 10:53:36.198 | INFO     | models.demos.wormhole.stable_diffusion.tt.ttnn_functional_unet_2d_condition_model_new_conv:__call__:491 - Up block 1
2026-05-29 10:53:36.203 | INFO     | models.demos.wormhole.stable_diffusion.tt.ttnn_functional_unet_2d_condition_model_new_conv:__call__:491 - Up block 2
2026-05-29 10:53:36.211 | INFO     | models.demos.wormhole.stable_diffusion.tt.ttnn_functional_unet_2d_condition_model_new_conv:__call__:491 - Up block 3
  Step 4/41
2026-05-29 10:53:36.234 | INFO     | models.demos.wormhole.stable_diffusion.tt.ttnn_functional_unet_2d_condition_model_new_conv:__call__:406 - Down block 0
2026-05-29 10:53:36.240 | info     |              Op | act_block_h_override 2 is not a valid override for padded_output_height_ntiles_per_core 7, instead 1 was selected as closest valid option! (conv2d_utils.cpp:401)
2026-05-29 10:53:36.240 | INFO     | models.demos.wormhole.stable_diffusion.tt.ttnn_functional_unet_2d_condition_model_new_conv:__call__:406 - Down block 1
2026-05-29 10:53:36.246 | INFO     | models.demos.wormhole.stable_diffusion.tt.ttnn_functional_unet_2d_condition_model_new_conv:__call__:406 - Down block 2
2026-05-29 10:53:36.249 | INFO     | models.demos.wormhole.stable_diffusion.tt.ttnn_functional_unet_2d_condition_model_new_conv:__call__:406 - Down block 3
2026-05-29 10:53:36.250 | INFO     | models.demos.wormhole.stable_diffusion.tt.ttnn_functional_unet_2d_condition_model_new_conv:__call__:460 - Mid block
2026-05-29 10:53:36.250 | warning  |              Op | Mismatch between computed MemoryConfig(memory_layout=TensorMemoryLayout::BLOCK_SHARDED,buffer_type=BufferType::L1,shard_spec=ShardSpec(grid={[(x=0,y=0) - (x=7,y=3)]},shape={32, 160},orientation=ShardOrientation::ROW_MAJOR),nd_shard_spec=NdShardSpec(shard_shape=Shape([32, 160]),grid={[(x=0,y=0) - (x=7,y=3)]},orientation=ShardOrientation::ROW_MAJOR,shard_distribution_strategy=ShardDistributionStrategy::GRID_2D),created_with_nd_shard_spec=0) and provided MemoryConfig(memory_layout=TensorMemoryLayout::BLOCK_SHARDED,buffer_type=BufferType::L1,shard_spec=ShardSpec(grid={[(x=0,y=0) - (x=7,y=7)]},shape={32, 160},orientation=ShardOrientation::ROW_MAJOR),nd_shard_spec=std::nullopt,created_with_nd_shard_spec=0) mem config. Using computed config. (matmul_op.cpp:1674)
2026-05-29 10:53:36.252 | INFO     | models.demos.wormhole.stable_diffusion.tt.ttnn_functional_unet_2d_condition_model_new_conv:__call__:491 - Up block 0
2026-05-29 10:53:36.253 | INFO     | models.demos.wormhole.stable_diffusion.tt.ttnn_functional_unet_2d_condition_model_new_conv:__call__:491 - Up block 1
2026-05-29 10:53:36.258 | INFO     | models.demos.wormhole.stable_diffusion.tt.ttnn_functional_unet_2d_condition_model_new_conv:__call__:491 - Up block 2
2026-05-29 10:53:36.266 | INFO     | models.demos.wormhole.stable_diffusion.tt.ttnn_functional_unet_2d_condition_model_new_conv:__call__:491 - Up block 3
2026-05-29 10:53:36.286 | INFO     | models.demos.wormhole.stable_diffusion.tt.ttnn_functional_unet_2d_condition_model_new_conv:__call__:406 - Down block 0
2026-05-29 10:53:36.292 | info     |              Op | act_block_h_override 2 is not a valid override for padded_output_height_ntiles_per_core 7, instead 1 was selected as closest valid option! (conv2d_utils.cpp:401)
2026-05-29 10:53:36.293 | INFO     | models.demos.wormhole.stable_diffusion.tt.ttnn_functional_unet_2d_condition_model_new_conv:__call__:406 - Down block 1
2026-05-29 10:53:36.298 | INFO     | models.demos.wormhole.stable_diffusion.tt.ttnn_functional_unet_2d_condition_model_new_conv:__call__:406 - Down block 2
2026-05-29 10:53:36.302 | INFO     | models.demos.wormhole.stable_diffusion.tt.ttnn_functional_unet_2d_condition_model_new_conv:__call__:406 - Down block 3
2026-05-29 10:53:36.303 | INFO     | models.demos.wormhole.stable_diffusion.tt.ttnn_functional_unet_2d_condition_model_new_conv:__call__:460 - Mid block
2026-05-29 10:53:36.303 | warning  |              Op | Mismatch between computed MemoryConfig(memory_layout=TensorMemoryLayout::BLOCK_SHARDED,buffer_type=BufferType::L1,shard_spec=ShardSpec(grid={[(x=0,y=0) - (x=7,y=3)]},shape={32, 160},orientation=ShardOrientation::ROW_MAJOR),nd_shard_spec=NdShardSpec(shard_shape=Shape([32, 160]),grid={[(x=0,y=0) - (x=7,y=3)]},orientation=ShardOrientation::ROW_MAJOR,shard_distribution_strategy=ShardDistributionStrategy::GRID_2D),created_with_nd_shard_spec=0) and provided MemoryConfig(memory_layout=TensorMemoryLayout::BLOCK_SHARDED,buffer_type=BufferType::L1,shard_spec=ShardSpec(grid={[(x=0,y=0) - (x=7,y=7)]},shape={32, 160},orientation=ShardOrientation::ROW_MAJOR),nd_shard_spec=std::nullopt,created_with_nd_shard_spec=0) mem config. Using computed config. (matmul_op.cpp:1674)
2026-05-29 10:53:36.305 | INFO     | models.demos.wormhole.stable_diffusion.tt.ttnn_functional_unet_2d_condition_model_new_conv:__call__:491 - Up block 0
2026-05-29 10:53:36.306 | INFO     | models.demos.wormhole.stable_diffusion.tt.ttnn_functional_unet_2d_condition_model_new_conv:__call__:491 - Up block 1
2026-05-29 10:53:36.311 | INFO     | models.demos.wormhole.stable_diffusion.tt.ttnn_functional_unet_2d_condition_model_new_conv:__call__:491 - Up block 2
2026-05-29 10:53:36.319 | INFO     | models.demos.wormhole.stable_diffusion.tt.ttnn_functional_unet_2d_condition_model_new_conv:__call__:491 - Up block 3
2026-05-29 10:53:36.339 | INFO     | models.demos.wormhole.stable_diffusion.tt.ttnn_functional_unet_2d_condition_model_new_conv:__call__:406 - Down block 0
2026-05-29 10:53:36.345 | info     |              Op | act_block_h_override 2 is not a valid override for padded_output_height_ntiles_per_core 7, instead 1 was selected as closest valid option! (conv2d_utils.cpp:401)
2026-05-29 10:53:36.345 | INFO     | models.demos.wormhole.stable_diffusion.tt.ttnn_functional_unet_2d_condition_model_new_conv:__call__:406 - Down block 1
2026-05-29 10:53:36.350 | INFO     | models.demos.wormhole.stable_diffusion.tt.ttnn_functional_unet_2d_condition_model_new_conv:__call__:406 - Down block 2
2026-05-29 10:53:36.353 | INFO     | models.demos.wormhole.stable_diffusion.tt.ttnn_functional_unet_2d_condition_model_new_conv:__call__:406 - Down block 3
2026-05-29 10:53:36.354 | INFO     | models.demos.wormhole.stable_diffusion.tt.ttnn_functional_unet_2d_condition_model_new_conv:__call__:460 - Mid block
2026-05-29 10:53:36.354 | warning  |              Op | Mismatch between computed MemoryConfig(memory_layout=TensorMemoryLayout::BLOCK_SHARDED,buffer_type=BufferType::L1,shard_spec=ShardSpec(grid={[(x=0,y=0) - (x=7,y=3)]},shape={32, 160},orientation=ShardOrientation::ROW_MAJOR),nd_shard_spec=NdShardSpec(shard_shape=Shape([32, 160]),grid={[(x=0,y=0) - (x=7,y=3)]},orientation=ShardOrientation::ROW_MAJOR,shard_distribution_strategy=ShardDistributionStrategy::GRID_2D),created_with_nd_shard_spec=0) and provided MemoryConfig(memory_layout=TensorMemoryLayout::BLOCK_SHARDED,buffer_type=BufferType::L1,shard_spec=ShardSpec(grid={[(x=0,y=0) - (x=7,y=7)]},shape={32, 160},orientation=ShardOrientation::ROW_MAJOR),nd_shard_spec=std::nullopt,created_with_nd_shard_spec=0) mem config. Using computed config. (matmul_op.cpp:1674)
2026-05-29 10:53:36.356 | INFO     | models.demos.wormhole.stable_diffusion.tt.ttnn_functional_unet_2d_condition_model_new_conv:__call__:491 - Up block 0
2026-05-29 10:53:36.357 | INFO     | models.demos.wormhole.stable_diffusion.tt.ttnn_functional_unet_2d_condition_model_new_conv:__call__:491 - Up block 1
2026-05-29 10:53:36.362 | INFO     | models.demos.wormhole.stable_diffusion.tt.ttnn_functional_unet_2d_condition_model_new_conv:__call__:491 - Up block 2
2026-05-29 10:53:36.370 | INFO     | models.demos.wormhole.stable_diffusion.tt.ttnn_functional_unet_2d_condition_model_new_conv:__call__:491 - Up block 3
2026-05-29 10:53:36.391 | INFO     | models.demos.wormhole.stable_diffusion.tt.ttnn_functional_unet_2d_condition_model_new_conv:__call__:406 - Down block 0
2026-05-29 10:53:36.396 | info     |              Op | act_block_h_override 2 is not a valid override for padded_output_height_ntiles_per_core 7, instead 1 was selected as closest valid option! (conv2d_utils.cpp:401)
2026-05-29 10:53:36.396 | INFO     | models.demos.wormhole.stable_diffusion.tt.ttnn_functional_unet_2d_condition_model_new_conv:__call__:406 - Down block 1
2026-05-29 10:53:36.402 | INFO     | models.demos.wormhole.stable_diffusion.tt.ttnn_functional_unet_2d_condition_model_new_conv:__call__:406 - Down block 2
2026-05-29 10:53:36.405 | INFO     | models.demos.wormhole.stable_diffusion.tt.ttnn_functional_unet_2d_condition_model_new_conv:__call__:406 - Down block 3
2026-05-29 10:53:36.406 | INFO     | models.demos.wormhole.stable_diffusion.tt.ttnn_functional_unet_2d_condition_model_new_conv:__call__:460 - Mid block
2026-05-29 10:53:36.407 | warning  |              Op | Mismatch between computed MemoryConfig(memory_layout=TensorMemoryLayout::BLOCK_SHARDED,buffer_type=BufferType::L1,shard_spec=ShardSpec(grid={[(x=0,y=0) - (x=7,y=3)]},shape={32, 160},orientation=ShardOrientation::ROW_MAJOR),nd_shard_spec=NdShardSpec(shard_shape=Shape([32, 160]),grid={[(x=0,y=0) - (x=7,y=3)]},orientation=ShardOrientation::ROW_MAJOR,shard_distribution_strategy=ShardDistributionStrategy::GRID_2D),created_with_nd_shard_spec=0) and provided MemoryConfig(memory_layout=TensorMemoryLayout::BLOCK_SHARDED,buffer_type=BufferType::L1,shard_spec=ShardSpec(grid={[(x=0,y=0) - (x=7,y=7)]},shape={32, 160},orientation=ShardOrientation::ROW_MAJOR),nd_shard_spec=std::nullopt,created_with_nd_shard_spec=0) mem config. Using computed config. (matmul_op.cpp:1674)
2026-05-29 10:53:36.408 | INFO     | models.demos.wormhole.stable_diffusion.tt.ttnn_functional_unet_2d_condition_model_new_conv:__call__:491 - Up block 0
2026-05-29 10:53:36.409 | INFO     | models.demos.wormhole.stable_diffusion.tt.ttnn_functional_unet_2d_condition_model_new_conv:__call__:491 - Up block 1
2026-05-29 10:53:36.414 | INFO     | models.demos.wormhole.stable_diffusion.tt.ttnn_functional_unet_2d_condition_model_new_conv:__call__:491 - Up block 2
2026-05-29 10:53:36.422 | INFO     | models.demos.wormhole.stable_diffusion.tt.ttnn_functional_unet_2d_condition_model_new_conv:__call__:491 - Up block 3
2026-05-29 10:53:36.442 | INFO     | models.demos.wormhole.stable_diffusion.tt.ttnn_functional_unet_2d_condition_model_new_conv:__call__:406 - Down block 0
2026-05-29 10:53:36.448 | info     |              Op | act_block_h_override 2 is not a valid override for padded_output_height_ntiles_per_core 7, instead 1 was selected as closest valid option! (conv2d_utils.cpp:401)
2026-05-29 10:53:36.448 | INFO     | models.demos.wormhole.stable_diffusion.tt.ttnn_functional_unet_2d_condition_model_new_conv:__call__:406 - Down block 1
2026-05-29 10:53:36.453 | INFO     | models.demos.wormhole.stable_diffusion.tt.ttnn_functional_unet_2d_condition_model_new_conv:__call__:406 - Down block 2
2026-05-29 10:53:36.457 | INFO     | models.demos.wormhole.stable_diffusion.tt.ttnn_functional_unet_2d_condition_model_new_conv:__call__:406 - Down block 3
2026-05-29 10:53:36.457 | INFO     | models.demos.wormhole.stable_diffusion.tt.ttnn_functional_unet_2d_condition_model_new_conv:__call__:460 - Mid block
2026-05-29 10:53:36.458 | warning  |              Op | Mismatch between computed MemoryConfig(memory_layout=TensorMemoryLayout::BLOCK_SHARDED,buffer_type=BufferType::L1,shard_spec=ShardSpec(grid={[(x=0,y=0) - (x=7,y=3)]},shape={32, 160},orientation=ShardOrientation::ROW_MAJOR),nd_shard_spec=NdShardSpec(shard_shape=Shape([32, 160]),grid={[(x=0,y=0) - (x=7,y=3)]},orientation=ShardOrientation::ROW_MAJOR,shard_distribution_strategy=ShardDistributionStrategy::GRID_2D),created_with_nd_shard_spec=0) and provided MemoryConfig(memory_layout=TensorMemoryLayout::BLOCK_SHARDED,buffer_type=BufferType::L1,shard_spec=ShardSpec(grid={[(x=0,y=0) - (x=7,y=7)]},shape={32, 160},orientation=ShardOrientation::ROW_MAJOR),nd_shard_spec=std::nullopt,created_with_nd_shard_spec=0) mem config. Using computed config. (matmul_op.cpp:1674)
2026-05-29 10:53:36.459 | INFO     | models.demos.wormhole.stable_diffusion.tt.ttnn_functional_unet_2d_condition_model_new_conv:__call__:491 - Up block 0
2026-05-29 10:53:36.460 | INFO     | models.demos.wormhole.stable_diffusion.tt.ttnn_functional_unet_2d_condition_model_new_conv:__call__:491 - Up block 1
2026-05-29 10:53:36.465 | INFO     | models.demos.wormhole.stable_diffusion.tt.ttnn_functional_unet_2d_condition_model_new_conv:__call__:491 - Up block 2
2026-05-29 10:53:36.473 | INFO     | models.demos.wormhole.stable_diffusion.tt.ttnn_functional_unet_2d_condition_model_new_conv:__call__:491 - Up block 3
2026-05-29 10:53:36.494 | INFO     | models.demos.wormhole.stable_diffusion.tt.ttnn_functional_unet_2d_condition_model_new_conv:__call__:406 - Down block 0
2026-05-29 10:53:36.500 | info     |              Op | act_block_h_override 2 is not a valid override for padded_output_height_ntiles_per_core 7, instead 1 was selected as closest valid option! (conv2d_utils.cpp:401)
2026-05-29 10:53:36.500 | INFO     | models.demos.wormhole.stable_diffusion.tt.ttnn_functional_unet_2d_condition_model_new_conv:__call__:406 - Down block 1
2026-05-29 10:53:36.506 | INFO     | models.demos.wormhole.stable_diffusion.tt.ttnn_functional_unet_2d_condition_model_new_conv:__call__:406 - Down block 2
2026-05-29 10:53:36.509 | INFO     | models.demos.wormhole.stable_diffusion.tt.ttnn_functional_unet_2d_condition_model_new_conv:__call__:406 - Down block 3
2026-05-29 10:53:36.510 | INFO     | models.demos.wormhole.stable_diffusion.tt.ttnn_functional_unet_2d_condition_model_new_conv:__call__:460 - Mid block
2026-05-29 10:53:36.510 | warning  |              Op | Mismatch between computed MemoryConfig(memory_layout=TensorMemoryLayout::BLOCK_SHARDED,buffer_type=BufferType::L1,shard_spec=ShardSpec(grid={[(x=0,y=0) - (x=7,y=3)]},shape={32, 160},orientation=ShardOrientation::ROW_MAJOR),nd_shard_spec=NdShardSpec(shard_shape=Shape([32, 160]),grid={[(x=0,y=0) - (x=7,y=3)]},orientation=ShardOrientation::ROW_MAJOR,shard_distribution_strategy=ShardDistributionStrategy::GRID_2D),created_with_nd_shard_spec=0) and provided MemoryConfig(memory_layout=TensorMemoryLayout::BLOCK_SHARDED,buffer_type=BufferType::L1,shard_spec=ShardSpec(grid={[(x=0,y=0) - (x=7,y=7)]},shape={32, 160},orientation=ShardOrientation::ROW_MAJOR),nd_shard_spec=std::nullopt,created_with_nd_shard_spec=0) mem config. Using computed config. (matmul_op.cpp:1674)
2026-05-29 10:53:36.512 | INFO     | models.demos.wormhole.stable_diffusion.tt.ttnn_functional_unet_2d_condition_model_new_conv:__call__:491 - Up block 0
2026-05-29 10:53:36.513 | INFO     | models.demos.wormhole.stable_diffusion.tt.ttnn_functional_unet_2d_condition_model_new_conv:__call__:491 - Up block 1
2026-05-29 10:53:36.518 | INFO     | models.demos.wormhole.stable_diffusion.tt.ttnn_functional_unet_2d_condition_model_new_conv:__call__:491 - Up block 2
2026-05-29 10:53:36.526 | INFO     | models.demos.wormhole.stable_diffusion.tt.ttnn_functional_unet_2d_condition_model_new_conv:__call__:491 - Up block 3
2026-05-29 10:53:36.546 | INFO     | models.demos.wormhole.stable_diffusion.tt.ttnn_functional_unet_2d_condition_model_new_conv:__call__:406 - Down block 0
2026-05-29 10:53:36.552 | info     |              Op | act_block_h_override 2 is not a valid override for padded_output_height_ntiles_per_core 7, instead 1 was selected as closest valid option! (conv2d_utils.cpp:401)
2026-05-29 10:53:36.552 | INFO     | models.demos.wormhole.stable_diffusion.tt.ttnn_functional_unet_2d_condition_model_new_conv:__call__:406 - Down block 1
2026-05-29 10:53:36.557 | INFO     | models.demos.wormhole.stable_diffusion.tt.ttnn_functional_unet_2d_condition_model_new_conv:__call__:406 - Down block 2
2026-05-29 10:53:36.561 | INFO     | models.demos.wormhole.stable_diffusion.tt.ttnn_functional_unet_2d_condition_model_new_conv:__call__:406 - Down block 3
2026-05-29 10:53:36.561 | INFO     | models.demos.wormhole.stable_diffusion.tt.ttnn_functional_unet_2d_condition_model_new_conv:__call__:460 - Mid block
2026-05-29 10:53:36.562 | warning  |              Op | Mismatch between computed MemoryConfig(memory_layout=TensorMemoryLayout::BLOCK_SHARDED,buffer_type=BufferType::L1,shard_spec=ShardSpec(grid={[(x=0,y=0) - (x=7,y=3)]},shape={32, 160},orientation=ShardOrientation::ROW_MAJOR),nd_shard_spec=NdShardSpec(shard_shape=Shape([32, 160]),grid={[(x=0,y=0) - (x=7,y=3)]},orientation=ShardOrientation::ROW_MAJOR,shard_distribution_strategy=ShardDistributionStrategy::GRID_2D),created_with_nd_shard_spec=0) and provided MemoryConfig(memory_layout=TensorMemoryLayout::BLOCK_SHARDED,buffer_type=BufferType::L1,shard_spec=ShardSpec(grid={[(x=0,y=0) - (x=7,y=7)]},shape={32, 160},orientation=ShardOrientation::ROW_MAJOR),nd_shard_spec=std::nullopt,created_with_nd_shard_spec=0) mem config. Using computed config. (matmul_op.cpp:1674)
2026-05-29 10:53:36.563 | INFO     | models.demos.wormhole.stable_diffusion.tt.ttnn_functional_unet_2d_condition_model_new_conv:__call__:491 - Up block 0
2026-05-29 10:53:36.564 | INFO     | models.demos.wormhole.stable_diffusion.tt.ttnn_functional_unet_2d_condition_model_new_conv:__call__:491 - Up block 1
2026-05-29 10:53:36.569 | INFO     | models.demos.wormhole.stable_diffusion.tt.ttnn_functional_unet_2d_condition_model_new_conv:__call__:491 - Up block 2
2026-05-29 10:53:36.577 | INFO     | models.demos.wormhole.stable_diffusion.tt.ttnn_functional_unet_2d_condition_model_new_conv:__call__:491 - Up block 3
2026-05-29 10:53:36.598 | INFO     | models.demos.wormhole.stable_diffusion.tt.ttnn_functional_unet_2d_condition_model_new_conv:__call__:406 - Down block 0
2026-05-29 10:53:36.604 | info     |              Op | act_block_h_override 2 is not a valid override for padded_output_height_ntiles_per_core 7, instead 1 was selected as closest valid option! (conv2d_utils.cpp:401)
2026-05-29 10:53:36.604 | INFO     | models.demos.wormhole.stable_diffusion.tt.ttnn_functional_unet_2d_condition_model_new_conv:__call__:406 - Down block 1
2026-05-29 10:53:36.609 | INFO     | models.demos.wormhole.stable_diffusion.tt.ttnn_functional_unet_2d_condition_model_new_conv:__call__:406 - Down block 2
2026-05-29 10:53:36.613 | INFO     | models.demos.wormhole.stable_diffusion.tt.ttnn_functional_unet_2d_condition_model_new_conv:__call__:406 - Down block 3
2026-05-29 10:53:36.613 | INFO     | models.demos.wormhole.stable_diffusion.tt.ttnn_functional_unet_2d_condition_model_new_conv:__call__:460 - Mid block
2026-05-29 10:53:36.614 | warning  |              Op | Mismatch between computed MemoryConfig(memory_layout=TensorMemoryLayout::BLOCK_SHARDED,buffer_type=BufferType::L1,shard_spec=ShardSpec(grid={[(x=0,y=0) - (x=7,y=3)]},shape={32, 160},orientation=ShardOrientation::ROW_MAJOR),nd_shard_spec=NdShardSpec(shard_shape=Shape([32, 160]),grid={[(x=0,y=0) - (x=7,y=3)]},orientation=ShardOrientation::ROW_MAJOR,shard_distribution_strategy=ShardDistributionStrategy::GRID_2D),created_with_nd_shard_spec=0) and provided MemoryConfig(memory_layout=TensorMemoryLayout::BLOCK_SHARDED,buffer_type=BufferType::L1,shard_spec=ShardSpec(grid={[(x=0,y=0) - (x=7,y=7)]},shape={32, 160},orientation=ShardOrientation::ROW_MAJOR),nd_shard_spec=std::nullopt,created_with_nd_shard_spec=0) mem config. Using computed config. (matmul_op.cpp:1674)
2026-05-29 10:53:36.615 | INFO     | models.demos.wormhole.stable_diffusion.tt.ttnn_functional_unet_2d_condition_model_new_conv:__call__:491 - Up block 0
2026-05-29 10:53:36.616 | INFO     | models.demos.wormhole.stable_diffusion.tt.ttnn_functional_unet_2d_condition_model_new_conv:__call__:491 - Up block 1
2026-05-29 10:53:36.621 | INFO     | models.demos.wormhole.stable_diffusion.tt.ttnn_functional_unet_2d_condition_model_new_conv:__call__:491 - Up block 2
2026-05-29 10:53:36.629 | INFO     | models.demos.wormhole.stable_diffusion.tt.ttnn_functional_unet_2d_condition_model_new_conv:__call__:491 - Up block 3
  Step 5/41
2026-05-29 10:53:36.652 | INFO     | models.demos.wormhole.stable_diffusion.tt.ttnn_functional_unet_2d_condition_model_new_conv:__call__:406 - Down block 0
2026-05-29 10:53:36.657 | info     |              Op | act_block_h_override 2 is not a valid override for padded_output_height_ntiles_per_core 7, instead 1 was selected as closest valid option! (conv2d_utils.cpp:401)
2026-05-29 10:53:36.658 | INFO     | models.demos.wormhole.stable_diffusion.tt.ttnn_functional_unet_2d_condition_model_new_conv:__call__:406 - Down block 1
2026-05-29 10:53:36.663 | INFO     | models.demos.wormhole.stable_diffusion.tt.ttnn_functional_unet_2d_condition_model_new_conv:__call__:406 - Down block 2
2026-05-29 10:53:36.667 | INFO     | models.demos.wormhole.stable_diffusion.tt.ttnn_functional_unet_2d_condition_model_new_conv:__call__:406 - Down block 3
2026-05-29 10:53:36.667 | INFO     | models.demos.wormhole.stable_diffusion.tt.ttnn_functional_unet_2d_condition_model_new_conv:__call__:460 - Mid block
2026-05-29 10:53:36.668 | warning  |              Op | Mismatch between computed MemoryConfig(memory_layout=TensorMemoryLayout::BLOCK_SHARDED,buffer_type=BufferType::L1,shard_spec=ShardSpec(grid={[(x=0,y=0) - (x=7,y=3)]},shape={32, 160},orientation=ShardOrientation::ROW_MAJOR),nd_shard_spec=NdShardSpec(shard_shape=Shape([32, 160]),grid={[(x=0,y=0) - (x=7,y=3)]},orientation=ShardOrientation::ROW_MAJOR,shard_distribution_strategy=ShardDistributionStrategy::GRID_2D),created_with_nd_shard_spec=0) and provided MemoryConfig(memory_layout=TensorMemoryLayout::BLOCK_SHARDED,buffer_type=BufferType::L1,shard_spec=ShardSpec(grid={[(x=0,y=0) - (x=7,y=7)]},shape={32, 160},orientation=ShardOrientation::ROW_MAJOR),nd_shard_spec=std::nullopt,created_with_nd_shard_spec=0) mem config. Using computed config. (matmul_op.cpp:1674)
2026-05-29 10:53:36.669 | INFO     | models.demos.wormhole.stable_diffusion.tt.ttnn_functional_unet_2d_condition_model_new_conv:__call__:491 - Up block 0
2026-05-29 10:53:36.670 | INFO     | models.demos.wormhole.stable_diffusion.tt.ttnn_functional_unet_2d_condition_model_new_conv:__call__:491 - Up block 1
2026-05-29 10:53:36.675 | INFO     | models.demos.wormhole.stable_diffusion.tt.ttnn_functional_unet_2d_condition_model_new_conv:__call__:491 - Up block 2
2026-05-29 10:53:36.683 | INFO     | models.demos.wormhole.stable_diffusion.tt.ttnn_functional_unet_2d_condition_model_new_conv:__call__:491 - Up block 3
2026-05-29 10:53:36.703 | INFO     | models.demos.wormhole.stable_diffusion.tt.ttnn_functional_unet_2d_condition_model_new_conv:__call__:406 - Down block 0
2026-05-29 10:53:36.709 | info     |              Op | act_block_h_override 2 is not a valid override for padded_output_height_ntiles_per_core 7, instead 1 was selected as closest valid option! (conv2d_utils.cpp:401)
2026-05-29 10:53:36.709 | INFO     | models.demos.wormhole.stable_diffusion.tt.ttnn_functional_unet_2d_condition_model_new_conv:__call__:406 - Down block 1
2026-05-29 10:53:36.715 | INFO     | models.demos.wormhole.stable_diffusion.tt.ttnn_functional_unet_2d_condition_model_new_conv:__call__:406 - Down block 2
2026-05-29 10:53:36.718 | INFO     | models.demos.wormhole.stable_diffusion.tt.ttnn_functional_unet_2d_condition_model_new_conv:__call__:406 - Down block 3
2026-05-29 10:53:36.718 | INFO     | models.demos.wormhole.stable_diffusion.tt.ttnn_functional_unet_2d_condition_model_new_conv:__call__:460 - Mid block
2026-05-29 10:53:36.719 | warning  |              Op | Mismatch between computed MemoryConfig(memory_layout=TensorMemoryLayout::BLOCK_SHARDED,buffer_type=BufferType::L1,shard_spec=ShardSpec(grid={[(x=0,y=0) - (x=7,y=3)]},shape={32, 160},orientation=ShardOrientation::ROW_MAJOR),nd_shard_spec=NdShardSpec(shard_shape=Shape([32, 160]),grid={[(x=0,y=0) - (x=7,y=3)]},orientation=ShardOrientation::ROW_MAJOR,shard_distribution_strategy=ShardDistributionStrategy::GRID_2D),created_with_nd_shard_spec=0) and provided MemoryConfig(memory_layout=TensorMemoryLayout::BLOCK_SHARDED,buffer_type=BufferType::L1,shard_spec=ShardSpec(grid={[(x=0,y=0) - (x=7,y=7)]},shape={32, 160},orientation=ShardOrientation::ROW_MAJOR),nd_shard_spec=std::nullopt,created_with_nd_shard_spec=0) mem config. Using computed config. (matmul_op.cpp:1674)
2026-05-29 10:53:36.720 | INFO     | models.demos.wormhole.stable_diffusion.tt.ttnn_functional_unet_2d_condition_model_new_conv:__call__:491 - Up block 0
2026-05-29 10:53:36.722 | INFO     | models.demos.wormhole.stable_diffusion.tt.ttnn_functional_unet_2d_condition_model_new_conv:__call__:491 - Up block 1
2026-05-29 10:53:36.726 | INFO     | models.demos.wormhole.stable_diffusion.tt.ttnn_functional_unet_2d_condition_model_new_conv:__call__:491 - Up block 2
2026-05-29 10:53:36.734 | INFO     | models.demos.wormhole.stable_diffusion.tt.ttnn_functional_unet_2d_condition_model_new_conv:__call__:491 - Up block 3
2026-05-29 10:53:36.755 | INFO     | models.demos.wormhole.stable_diffusion.tt.ttnn_functional_unet_2d_condition_model_new_conv:__call__:406 - Down block 0
2026-05-29 10:53:36.761 | info     |              Op | act_block_h_override 2 is not a valid override for padded_output_height_ntiles_per_core 7, instead 1 was selected as closest valid option! (conv2d_utils.cpp:401)
2026-05-29 10:53:36.761 | INFO     | models.demos.wormhole.stable_diffusion.tt.ttnn_functional_unet_2d_condition_model_new_conv:__call__:406 - Down block 1
2026-05-29 10:53:36.767 | INFO     | models.demos.wormhole.stable_diffusion.tt.ttnn_functional_unet_2d_condition_model_new_conv:__call__:406 - Down block 2
2026-05-29 10:53:36.770 | INFO     | models.demos.wormhole.stable_diffusion.tt.ttnn_functional_unet_2d_condition_model_new_conv:__call__:406 - Down block 3
2026-05-29 10:53:36.771 | INFO     | models.demos.wormhole.stable_diffusion.tt.ttnn_functional_unet_2d_condition_model_new_conv:__call__:460 - Mid block
2026-05-29 10:53:36.771 | warning  |              Op | Mismatch between computed MemoryConfig(memory_layout=TensorMemoryLayout::BLOCK_SHARDED,buffer_type=BufferType::L1,shard_spec=ShardSpec(grid={[(x=0,y=0) - (x=7,y=3)]},shape={32, 160},orientation=ShardOrientation::ROW_MAJOR),nd_shard_spec=NdShardSpec(shard_shape=Shape([32, 160]),grid={[(x=0,y=0) - (x=7,y=3)]},orientation=ShardOrientation::ROW_MAJOR,shard_distribution_strategy=ShardDistributionStrategy::GRID_2D),created_with_nd_shard_spec=0) and provided MemoryConfig(memory_layout=TensorMemoryLayout::BLOCK_SHARDED,buffer_type=BufferType::L1,shard_spec=ShardSpec(grid={[(x=0,y=0) - (x=7,y=7)]},shape={32, 160},orientation=ShardOrientation::ROW_MAJOR),nd_shard_spec=std::nullopt,created_with_nd_shard_spec=0) mem config. Using computed config. (matmul_op.cpp:1674)
2026-05-29 10:53:36.773 | INFO     | models.demos.wormhole.stable_diffusion.tt.ttnn_functional_unet_2d_condition_model_new_conv:__call__:491 - Up block 0
2026-05-29 10:53:36.774 | INFO     | models.demos.wormhole.stable_diffusion.tt.ttnn_functional_unet_2d_condition_model_new_conv:__call__:491 - Up block 1
2026-05-29 10:53:36.779 | INFO     | models.demos.wormhole.stable_diffusion.tt.ttnn_functional_unet_2d_condition_model_new_conv:__call__:491 - Up block 2
2026-05-29 10:53:36.787 | INFO     | models.demos.wormhole.stable_diffusion.tt.ttnn_functional_unet_2d_condition_model_new_conv:__call__:491 - Up block 3
2026-05-29 10:53:36.807 | INFO     | models.demos.wormhole.stable_diffusion.tt.ttnn_functional_unet_2d_condition_model_new_conv:__call__:406 - Down block 0
2026-05-29 10:53:36.813 | info     |              Op | act_block_h_override 2 is not a valid override for padded_output_height_ntiles_per_core 7, instead 1 was selected as closest valid option! (conv2d_utils.cpp:401)
2026-05-29 10:53:36.813 | INFO     | models.demos.wormhole.stable_diffusion.tt.ttnn_functional_unet_2d_condition_model_new_conv:__call__:406 - Down block 1
2026-05-29 10:53:36.818 | INFO     | models.demos.wormhole.stable_diffusion.tt.ttnn_functional_unet_2d_condition_model_new_conv:__call__:406 - Down block 2
2026-05-29 10:53:36.821 | INFO     | models.demos.wormhole.stable_diffusion.tt.ttnn_functional_unet_2d_condition_model_new_conv:__call__:406 - Down block 3
2026-05-29 10:53:36.822 | INFO     | models.demos.wormhole.stable_diffusion.tt.ttnn_functional_unet_2d_condition_model_new_conv:__call__:460 - Mid block
2026-05-29 10:53:36.822 | warning  |              Op | Mismatch between computed MemoryConfig(memory_layout=TensorMemoryLayout::BLOCK_SHARDED,buffer_type=BufferType::L1,shard_spec=ShardSpec(grid={[(x=0,y=0) - (x=7,y=3)]},shape={32, 160},orientation=ShardOrientation::ROW_MAJOR),nd_shard_spec=NdShardSpec(shard_shape=Shape([32, 160]),grid={[(x=0,y=0) - (x=7,y=3)]},orientation=ShardOrientation::ROW_MAJOR,shard_distribution_strategy=ShardDistributionStrategy::GRID_2D),created_with_nd_shard_spec=0) and provided MemoryConfig(memory_layout=TensorMemoryLayout::BLOCK_SHARDED,buffer_type=BufferType::L1,shard_spec=ShardSpec(grid={[(x=0,y=0) - (x=7,y=7)]},shape={32, 160},orientation=ShardOrientation::ROW_MAJOR),nd_shard_spec=std::nullopt,created_with_nd_shard_spec=0) mem config. Using computed config. (matmul_op.cpp:1674)
2026-05-29 10:53:36.824 | INFO     | models.demos.wormhole.stable_diffusion.tt.ttnn_functional_unet_2d_condition_model_new_conv:__call__:491 - Up block 0
2026-05-29 10:53:36.825 | INFO     | models.demos.wormhole.stable_diffusion.tt.ttnn_functional_unet_2d_condition_model_new_conv:__call__:491 - Up block 1
2026-05-29 10:53:36.830 | INFO     | models.demos.wormhole.stable_diffusion.tt.ttnn_functional_unet_2d_condition_model_new_conv:__call__:491 - Up block 2
2026-05-29 10:53:36.838 | INFO     | models.demos.wormhole.stable_diffusion.tt.ttnn_functional_unet_2d_condition_model_new_conv:__call__:491 - Up block 3
2026-05-29 10:53:36.859 | INFO     | models.demos.wormhole.stable_diffusion.tt.ttnn_functional_unet_2d_condition_model_new_conv:__call__:406 - Down block 0
2026-05-29 10:53:36.865 | info     |              Op | act_block_h_override 2 is not a valid override for padded_output_height_ntiles_per_core 7, instead 1 was selected as closest valid option! (conv2d_utils.cpp:401)
2026-05-29 10:53:36.865 | INFO     | models.demos.wormhole.stable_diffusion.tt.ttnn_functional_unet_2d_condition_model_new_conv:__call__:406 - Down block 1
2026-05-29 10:53:36.870 | INFO     | models.demos.wormhole.stable_diffusion.tt.ttnn_functional_unet_2d_condition_model_new_conv:__call__:406 - Down block 2
2026-05-29 10:53:36.874 | INFO     | models.demos.wormhole.stable_diffusion.tt.ttnn_functional_unet_2d_condition_model_new_conv:__call__:406 - Down block 3
2026-05-29 10:53:36.874 | INFO     | models.demos.wormhole.stable_diffusion.tt.ttnn_functional_unet_2d_condition_model_new_conv:__call__:460 - Mid block
2026-05-29 10:53:36.875 | warning  |              Op | Mismatch between computed MemoryConfig(memory_layout=TensorMemoryLayout::BLOCK_SHARDED,buffer_type=BufferType::L1,shard_spec=ShardSpec(grid={[(x=0,y=0) - (x=7,y=3)]},shape={32, 160},orientation=ShardOrientation::ROW_MAJOR),nd_shard_spec=NdShardSpec(shard_shape=Shape([32, 160]),grid={[(x=0,y=0) - (x=7,y=3)]},orientation=ShardOrientation::ROW_MAJOR,shard_distribution_strategy=ShardDistributionStrategy::GRID_2D),created_with_nd_shard_spec=0) and provided MemoryConfig(memory_layout=TensorMemoryLayout::BLOCK_SHARDED,buffer_type=BufferType::L1,shard_spec=ShardSpec(grid={[(x=0,y=0) - (x=7,y=7)]},shape={32, 160},orientation=ShardOrientation::ROW_MAJOR),nd_shard_spec=std::nullopt,created_with_nd_shard_spec=0) mem config. Using computed config. (matmul_op.cpp:1674)
2026-05-29 10:53:36.876 | INFO     | models.demos.wormhole.stable_diffusion.tt.ttnn_functional_unet_2d_condition_model_new_conv:__call__:491 - Up block 0
2026-05-29 10:53:36.878 | INFO     | models.demos.wormhole.stable_diffusion.tt.ttnn_functional_unet_2d_condition_model_new_conv:__call__:491 - Up block 1
2026-05-29 10:53:36.882 | INFO     | models.demos.wormhole.stable_diffusion.tt.ttnn_functional_unet_2d_condition_model_new_conv:__call__:491 - Up block 2
2026-05-29 10:53:36.891 | INFO     | models.demos.wormhole.stable_diffusion.tt.ttnn_functional_unet_2d_condition_model_new_conv:__call__:491 - Up block 3
2026-05-29 10:53:36.911 | INFO     | models.demos.wormhole.stable_diffusion.tt.ttnn_functional_unet_2d_condition_model_new_conv:__call__:406 - Down block 0
2026-05-29 10:53:36.916 | info     |              Op | act_block_h_override 2 is not a valid override for padded_output_height_ntiles_per_core 7, instead 1 was selected as closest valid option! (conv2d_utils.cpp:401)
2026-05-29 10:53:36.916 | INFO     | models.demos.wormhole.stable_diffusion.tt.ttnn_functional_unet_2d_condition_model_new_conv:__call__:406 - Down block 1
2026-05-29 10:53:36.922 | INFO     | models.demos.wormhole.stable_diffusion.tt.ttnn_functional_unet_2d_condition_model_new_conv:__call__:406 - Down block 2
2026-05-29 10:53:36.925 | INFO     | models.demos.wormhole.stable_diffusion.tt.ttnn_functional_unet_2d_condition_model_new_conv:__call__:406 - Down block 3
2026-05-29 10:53:36.926 | INFO     | models.demos.wormhole.stable_diffusion.tt.ttnn_functional_unet_2d_condition_model_new_conv:__call__:460 - Mid block
2026-05-29 10:53:36.926 | warning  |              Op | Mismatch between computed MemoryConfig(memory_layout=TensorMemoryLayout::BLOCK_SHARDED,buffer_type=BufferType::L1,shard_spec=ShardSpec(grid={[(x=0,y=0) - (x=7,y=3)]},shape={32, 160},orientation=ShardOrientation::ROW_MAJOR),nd_shard_spec=NdShardSpec(shard_shape=Shape([32, 160]),grid={[(x=0,y=0) - (x=7,y=3)]},orientation=ShardOrientation::ROW_MAJOR,shard_distribution_strategy=ShardDistributionStrategy::GRID_2D),created_with_nd_shard_spec=0) and provided MemoryConfig(memory_layout=TensorMemoryLayout::BLOCK_SHARDED,buffer_type=BufferType::L1,shard_spec=ShardSpec(grid={[(x=0,y=0) - (x=7,y=7)]},shape={32, 160},orientation=ShardOrientation::ROW_MAJOR),nd_shard_spec=std::nullopt,created_with_nd_shard_spec=0) mem config. Using computed config. (matmul_op.cpp:1674)
2026-05-29 10:53:36.928 | INFO     | models.demos.wormhole.stable_diffusion.tt.ttnn_functional_unet_2d_condition_model_new_conv:__call__:491 - Up block 0
2026-05-29 10:53:36.929 | INFO     | models.demos.wormhole.stable_diffusion.tt.ttnn_functional_unet_2d_condition_model_new_conv:__call__:491 - Up block 1
2026-05-29 10:53:36.934 | INFO     | models.demos.wormhole.stable_diffusion.tt.ttnn_functional_unet_2d_condition_model_new_conv:__call__:491 - Up block 2
2026-05-29 10:53:36.941 | INFO     | models.demos.wormhole.stable_diffusion.tt.ttnn_functional_unet_2d_condition_model_new_conv:__call__:491 - Up block 3
2026-05-29 10:53:36.962 | INFO     | models.demos.wormhole.stable_diffusion.tt.ttnn_functional_unet_2d_condition_model_new_conv:__call__:406 - Down block 0
2026-05-29 10:53:36.968 | info     |              Op | act_block_h_override 2 is not a valid override for padded_output_height_ntiles_per_core 7, instead 1 was selected as closest valid option! (conv2d_utils.cpp:401)
2026-05-29 10:53:36.968 | INFO     | models.demos.wormhole.stable_diffusion.tt.ttnn_functional_unet_2d_condition_model_new_conv:__call__:406 - Down block 1
2026-05-29 10:53:36.974 | INFO     | models.demos.wormhole.stable_diffusion.tt.ttnn_functional_unet_2d_condition_model_new_conv:__call__:406 - Down block 2
2026-05-29 10:53:36.977 | INFO     | models.demos.wormhole.stable_diffusion.tt.ttnn_functional_unet_2d_condition_model_new_conv:__call__:406 - Down block 3
2026-05-29 10:53:36.978 | INFO     | models.demos.wormhole.stable_diffusion.tt.ttnn_functional_unet_2d_condition_model_new_conv:__call__:460 - Mid block
2026-05-29 10:53:36.978 | warning  |              Op | Mismatch between computed MemoryConfig(memory_layout=TensorMemoryLayout::BLOCK_SHARDED,buffer_type=BufferType::L1,shard_spec=ShardSpec(grid={[(x=0,y=0) - (x=7,y=3)]},shape={32, 160},orientation=ShardOrientation::ROW_MAJOR),nd_shard_spec=NdShardSpec(shard_shape=Shape([32, 160]),grid={[(x=0,y=0) - (x=7,y=3)]},orientation=ShardOrientation::ROW_MAJOR,shard_distribution_strategy=ShardDistributionStrategy::GRID_2D),created_with_nd_shard_spec=0) and provided MemoryConfig(memory_layout=TensorMemoryLayout::BLOCK_SHARDED,buffer_type=BufferType::L1,shard_spec=ShardSpec(grid={[(x=0,y=0) - (x=7,y=7)]},shape={32, 160},orientation=ShardOrientation::ROW_MAJOR),nd_shard_spec=std::nullopt,created_with_nd_shard_spec=0) mem config. Using computed config. (matmul_op.cpp:1674)
2026-05-29 10:53:36.980 | INFO     | models.demos.wormhole.stable_diffusion.tt.ttnn_functional_unet_2d_condition_model_new_conv:__call__:491 - Up block 0
2026-05-29 10:53:36.981 | INFO     | models.demos.wormhole.stable_diffusion.tt.ttnn_functional_unet_2d_condition_model_new_conv:__call__:491 - Up block 1
2026-05-29 10:53:36.986 | INFO     | models.demos.wormhole.stable_diffusion.tt.ttnn_functional_unet_2d_condition_model_new_conv:__call__:491 - Up block 2
2026-05-29 10:53:36.994 | INFO     | models.demos.wormhole.stable_diffusion.tt.ttnn_functional_unet_2d_condition_model_new_conv:__call__:491 - Up block 3
2026-05-29 10:53:37.014 | INFO     | models.demos.wormhole.stable_diffusion.tt.ttnn_functional_unet_2d_condition_model_new_conv:__call__:406 - Down block 0
2026-05-29 10:53:37.020 | info     |              Op | act_block_h_override 2 is not a valid override for padded_output_height_ntiles_per_core 7, instead 1 was selected as closest valid option! (conv2d_utils.cpp:401)
2026-05-29 10:53:37.020 | INFO     | models.demos.wormhole.stable_diffusion.tt.ttnn_functional_unet_2d_condition_model_new_conv:__call__:406 - Down block 1
2026-05-29 10:53:37.026 | INFO     | models.demos.wormhole.stable_diffusion.tt.ttnn_functional_unet_2d_condition_model_new_conv:__call__:406 - Down block 2
2026-05-29 10:53:37.029 | INFO     | models.demos.wormhole.stable_diffusion.tt.ttnn_functional_unet_2d_condition_model_new_conv:__call__:406 - Down block 3
2026-05-29 10:53:37.030 | INFO     | models.demos.wormhole.stable_diffusion.tt.ttnn_functional_unet_2d_condition_model_new_conv:__call__:460 - Mid block
2026-05-29 10:53:37.030 | warning  |              Op | Mismatch between computed MemoryConfig(memory_layout=TensorMemoryLayout::BLOCK_SHARDED,buffer_type=BufferType::L1,shard_spec=ShardSpec(grid={[(x=0,y=0) - (x=7,y=3)]},shape={32, 160},orientation=ShardOrientation::ROW_MAJOR),nd_shard_spec=NdShardSpec(shard_shape=Shape([32, 160]),grid={[(x=0,y=0) - (x=7,y=3)]},orientation=ShardOrientation::ROW_MAJOR,shard_distribution_strategy=ShardDistributionStrategy::GRID_2D),created_with_nd_shard_spec=0) and provided MemoryConfig(memory_layout=TensorMemoryLayout::BLOCK_SHARDED,buffer_type=BufferType::L1,shard_spec=ShardSpec(grid={[(x=0,y=0) - (x=7,y=7)]},shape={32, 160},orientation=ShardOrientation::ROW_MAJOR),nd_shard_spec=std::nullopt,created_with_nd_shard_spec=0) mem config. Using computed config. (matmul_op.cpp:1674)
2026-05-29 10:53:37.031 | INFO     | models.demos.wormhole.stable_diffusion.tt.ttnn_functional_unet_2d_condition_model_new_conv:__call__:491 - Up block 0
2026-05-29 10:53:37.033 | INFO     | models.demos.wormhole.stable_diffusion.tt.ttnn_functional_unet_2d_condition_model_new_conv:__call__:491 - Up block 1
2026-05-29 10:53:37.038 | INFO     | models.demos.wormhole.stable_diffusion.tt.ttnn_functional_unet_2d_condition_model_new_conv:__call__:491 - Up block 2
2026-05-29 10:53:37.046 | INFO     | models.demos.wormhole.stable_diffusion.tt.ttnn_functional_unet_2d_condition_model_new_conv:__call__:491 - Up block 3
  Step 6/41
2026-05-29 10:53:37.068 | INFO     | models.demos.wormhole.stable_diffusion.tt.ttnn_functional_unet_2d_condition_model_new_conv:__call__:406 - Down block 0
2026-05-29 10:53:37.074 | info     |              Op | act_block_h_override 2 is not a valid override for padded_output_height_ntiles_per_core 7, instead 1 was selected as closest valid option! (conv2d_utils.cpp:401)
2026-05-29 10:53:37.074 | INFO     | models.demos.wormhole.stable_diffusion.tt.ttnn_functional_unet_2d_condition_model_new_conv:__call__:406 - Down block 1
2026-05-29 10:53:37.080 | INFO     | models.demos.wormhole.stable_diffusion.tt.ttnn_functional_unet_2d_condition_model_new_conv:__call__:406 - Down block 2
2026-05-29 10:53:37.083 | INFO     | models.demos.wormhole.stable_diffusion.tt.ttnn_functional_unet_2d_condition_model_new_conv:__call__:406 - Down block 3
2026-05-29 10:53:37.084 | INFO     | models.demos.wormhole.stable_diffusion.tt.ttnn_functional_unet_2d_condition_model_new_conv:__call__:460 - Mid block
2026-05-29 10:53:37.085 | warning  |              Op | Mismatch between computed MemoryConfig(memory_layout=TensorMemoryLayout::BLOCK_SHARDED,buffer_type=BufferType::L1,shard_spec=ShardSpec(grid={[(x=0,y=0) - (x=7,y=3)]},shape={32, 160},orientation=ShardOrientation::ROW_MAJOR),nd_shard_spec=NdShardSpec(shard_shape=Shape([32, 160]),grid={[(x=0,y=0) - (x=7,y=3)]},orientation=ShardOrientation::ROW_MAJOR,shard_distribution_strategy=ShardDistributionStrategy::GRID_2D),created_with_nd_shard_spec=0) and provided MemoryConfig(memory_layout=TensorMemoryLayout::BLOCK_SHARDED,buffer_type=BufferType::L1,shard_spec=ShardSpec(grid={[(x=0,y=0) - (x=7,y=7)]},shape={32, 160},orientation=ShardOrientation::ROW_MAJOR),nd_shard_spec=std::nullopt,created_with_nd_shard_spec=0) mem config. Using computed config. (matmul_op.cpp:1674)
2026-05-29 10:53:37.086 | INFO     | models.demos.wormhole.stable_diffusion.tt.ttnn_functional_unet_2d_condition_model_new_conv:__call__:491 - Up block 0
2026-05-29 10:53:37.087 | INFO     | models.demos.wormhole.stable_diffusion.tt.ttnn_functional_unet_2d_condition_model_new_conv:__call__:491 - Up block 1
2026-05-29 10:53:37.092 | INFO     | models.demos.wormhole.stable_diffusion.tt.ttnn_functional_unet_2d_condition_model_new_conv:__call__:491 - Up block 2
2026-05-29 10:53:37.101 | INFO     | models.demos.wormhole.stable_diffusion.tt.ttnn_functional_unet_2d_condition_model_new_conv:__call__:491 - Up block 3
2026-05-29 10:53:37.121 | INFO     | models.demos.wormhole.stable_diffusion.tt.ttnn_functional_unet_2d_condition_model_new_conv:__call__:406 - Down block 0
2026-05-29 10:53:37.126 | info     |              Op | act_block_h_override 2 is not a valid override for padded_output_height_ntiles_per_core 7, instead 1 was selected as closest valid option! (conv2d_utils.cpp:401)
2026-05-29 10:53:37.127 | INFO     | models.demos.wormhole.stable_diffusion.tt.ttnn_functional_unet_2d_condition_model_new_conv:__call__:406 - Down block 1
2026-05-29 10:53:37.132 | INFO     | models.demos.wormhole.stable_diffusion.tt.ttnn_functional_unet_2d_condition_model_new_conv:__call__:406 - Down block 2
2026-05-29 10:53:37.136 | INFO     | models.demos.wormhole.stable_diffusion.tt.ttnn_functional_unet_2d_condition_model_new_conv:__call__:406 - Down block 3
2026-05-29 10:53:37.136 | INFO     | models.demos.wormhole.stable_diffusion.tt.ttnn_functional_unet_2d_condition_model_new_conv:__call__:460 - Mid block
2026-05-29 10:53:37.137 | warning  |              Op | Mismatch between computed MemoryConfig(memory_layout=TensorMemoryLayout::BLOCK_SHARDED,buffer_type=BufferType::L1,shard_spec=ShardSpec(grid={[(x=0,y=0) - (x=7,y=3)]},shape={32, 160},orientation=ShardOrientation::ROW_MAJOR),nd_shard_spec=NdShardSpec(shard_shape=Shape([32, 160]),grid={[(x=0,y=0) - (x=7,y=3)]},orientation=ShardOrientation::ROW_MAJOR,shard_distribution_strategy=ShardDistributionStrategy::GRID_2D),created_with_nd_shard_spec=0) and provided MemoryConfig(memory_layout=TensorMemoryLayout::BLOCK_SHARDED,buffer_type=BufferType::L1,shard_spec=ShardSpec(grid={[(x=0,y=0) - (x=7,y=7)]},shape={32, 160},orientation=ShardOrientation::ROW_MAJOR),nd_shard_spec=std::nullopt,created_with_nd_shard_spec=0) mem config. Using computed config. (matmul_op.cpp:1674)
2026-05-29 10:53:37.138 | INFO     | models.demos.wormhole.stable_diffusion.tt.ttnn_functional_unet_2d_condition_model_new_conv:__call__:491 - Up block 0
2026-05-29 10:53:37.140 | INFO     | models.demos.wormhole.stable_diffusion.tt.ttnn_functional_unet_2d_condition_model_new_conv:__call__:491 - Up block 1
2026-05-29 10:53:37.145 | INFO     | models.demos.wormhole.stable_diffusion.tt.ttnn_functional_unet_2d_condition_model_new_conv:__call__:491 - Up block 2
2026-05-29 10:53:37.153 | INFO     | models.demos.wormhole.stable_diffusion.tt.ttnn_functional_unet_2d_condition_model_new_conv:__call__:491 - Up block 3
2026-05-29 10:53:37.173 | INFO     | models.demos.wormhole.stable_diffusion.tt.ttnn_functional_unet_2d_condition_model_new_conv:__call__:406 - Down block 0
2026-05-29 10:53:37.179 | info     |              Op | act_block_h_override 2 is not a valid override for padded_output_height_ntiles_per_core 7, instead 1 was selected as closest valid option! (conv2d_utils.cpp:401)
2026-05-29 10:53:37.179 | INFO     | models.demos.wormhole.stable_diffusion.tt.ttnn_functional_unet_2d_condition_model_new_conv:__call__:406 - Down block 1
2026-05-29 10:53:37.184 | INFO     | models.demos.wormhole.stable_diffusion.tt.ttnn_functional_unet_2d_condition_model_new_conv:__call__:406 - Down block 2
2026-05-29 10:53:37.187 | INFO     | models.demos.wormhole.stable_diffusion.tt.ttnn_functional_unet_2d_condition_model_new_conv:__call__:406 - Down block 3
2026-05-29 10:53:37.188 | INFO     | models.demos.wormhole.stable_diffusion.tt.ttnn_functional_unet_2d_condition_model_new_conv:__call__:460 - Mid block
2026-05-29 10:53:37.188 | warning  |              Op | Mismatch between computed MemoryConfig(memory_layout=TensorMemoryLayout::BLOCK_SHARDED,buffer_type=BufferType::L1,shard_spec=ShardSpec(grid={[(x=0,y=0) - (x=7,y=3)]},shape={32, 160},orientation=ShardOrientation::ROW_MAJOR),nd_shard_spec=NdShardSpec(shard_shape=Shape([32, 160]),grid={[(x=0,y=0) - (x=7,y=3)]},orientation=ShardOrientation::ROW_MAJOR,shard_distribution_strategy=ShardDistributionStrategy::GRID_2D),created_with_nd_shard_spec=0) and provided MemoryConfig(memory_layout=TensorMemoryLayout::BLOCK_SHARDED,buffer_type=BufferType::L1,shard_spec=ShardSpec(grid={[(x=0,y=0) - (x=7,y=7)]},shape={32, 160},orientation=ShardOrientation::ROW_MAJOR),nd_shard_spec=std::nullopt,created_with_nd_shard_spec=0) mem config. Using computed config. (matmul_op.cpp:1674)
2026-05-29 10:53:37.190 | INFO     | models.demos.wormhole.stable_diffusion.tt.ttnn_functional_unet_2d_condition_model_new_conv:__call__:491 - Up block 0
2026-05-29 10:53:37.191 | INFO     | models.demos.wormhole.stable_diffusion.tt.ttnn_functional_unet_2d_condition_model_new_conv:__call__:491 - Up block 1
2026-05-29 10:53:37.196 | INFO     | models.demos.wormhole.stable_diffusion.tt.ttnn_functional_unet_2d_condition_model_new_conv:__call__:491 - Up block 2
2026-05-29 10:53:37.204 | INFO     | models.demos.wormhole.stable_diffusion.tt.ttnn_functional_unet_2d_condition_model_new_conv:__call__:491 - Up block 3
2026-05-29 10:53:37.225 | INFO     | models.demos.wormhole.stable_diffusion.tt.ttnn_functional_unet_2d_condition_model_new_conv:__call__:406 - Down block 0
2026-05-29 10:53:37.230 | info     |              Op | act_block_h_override 2 is not a valid override for padded_output_height_ntiles_per_core 7, instead 1 was selected as closest valid option! (conv2d_utils.cpp:401)
2026-05-29 10:53:37.231 | INFO     | models.demos.wormhole.stable_diffusion.tt.ttnn_functional_unet_2d_condition_model_new_conv:__call__:406 - Down block 1
2026-05-29 10:53:37.236 | INFO     | models.demos.wormhole.stable_diffusion.tt.ttnn_functional_unet_2d_condition_model_new_conv:__call__:406 - Down block 2
2026-05-29 10:53:37.239 | INFO     | models.demos.wormhole.stable_diffusion.tt.ttnn_functional_unet_2d_condition_model_new_conv:__call__:406 - Down block 3
2026-05-29 10:53:37.240 | INFO     | models.demos.wormhole.stable_diffusion.tt.ttnn_functional_unet_2d_condition_model_new_conv:__call__:460 - Mid block
2026-05-29 10:53:37.241 | warning  |              Op | Mismatch between computed MemoryConfig(memory_layout=TensorMemoryLayout::BLOCK_SHARDED,buffer_type=BufferType::L1,shard_spec=ShardSpec(grid={[(x=0,y=0) - (x=7,y=3)]},shape={32, 160},orientation=ShardOrientation::ROW_MAJOR),nd_shard_spec=NdShardSpec(shard_shape=Shape([32, 160]),grid={[(x=0,y=0) - (x=7,y=3)]},orientation=ShardOrientation::ROW_MAJOR,shard_distribution_strategy=ShardDistributionStrategy::GRID_2D),created_with_nd_shard_spec=0) and provided MemoryConfig(memory_layout=TensorMemoryLayout::BLOCK_SHARDED,buffer_type=BufferType::L1,shard_spec=ShardSpec(grid={[(x=0,y=0) - (x=7,y=7)]},shape={32, 160},orientation=ShardOrientation::ROW_MAJOR),nd_shard_spec=std::nullopt,created_with_nd_shard_spec=0) mem config. Using computed config. (matmul_op.cpp:1674)
2026-05-29 10:53:37.242 | INFO     | models.demos.wormhole.stable_diffusion.tt.ttnn_functional_unet_2d_condition_model_new_conv:__call__:491 - Up block 0
2026-05-29 10:53:37.243 | INFO     | models.demos.wormhole.stable_diffusion.tt.ttnn_functional_unet_2d_condition_model_new_conv:__call__:491 - Up block 1
2026-05-29 10:53:37.248 | INFO     | models.demos.wormhole.stable_diffusion.tt.ttnn_functional_unet_2d_condition_model_new_conv:__call__:491 - Up block 2
2026-05-29 10:53:37.256 | INFO     | models.demos.wormhole.stable_diffusion.tt.ttnn_functional_unet_2d_condition_model_new_conv:__call__:491 - Up block 3
2026-05-29 10:53:37.276 | INFO     | models.demos.wormhole.stable_diffusion.tt.ttnn_functional_unet_2d_condition_model_new_conv:__call__:406 - Down block 0
2026-05-29 10:53:37.282 | info     |              Op | act_block_h_override 2 is not a valid override for padded_output_height_ntiles_per_core 7, instead 1 was selected as closest valid option! (conv2d_utils.cpp:401)
2026-05-29 10:53:37.282 | INFO     | models.demos.wormhole.stable_diffusion.tt.ttnn_functional_unet_2d_condition_model_new_conv:__call__:406 - Down block 1
2026-05-29 10:53:37.288 | INFO     | models.demos.wormhole.stable_diffusion.tt.ttnn_functional_unet_2d_condition_model_new_conv:__call__:406 - Down block 2
2026-05-29 10:53:37.291 | INFO     | models.demos.wormhole.stable_diffusion.tt.ttnn_functional_unet_2d_condition_model_new_conv:__call__:406 - Down block 3
2026-05-29 10:53:37.292 | INFO     | models.demos.wormhole.stable_diffusion.tt.ttnn_functional_unet_2d_condition_model_new_conv:__call__:460 - Mid block
2026-05-29 10:53:37.292 | warning  |              Op | Mismatch between computed MemoryConfig(memory_layout=TensorMemoryLayout::BLOCK_SHARDED,buffer_type=BufferType::L1,shard_spec=ShardSpec(grid={[(x=0,y=0) - (x=7,y=3)]},shape={32, 160},orientation=ShardOrientation::ROW_MAJOR),nd_shard_spec=NdShardSpec(shard_shape=Shape([32, 160]),grid={[(x=0,y=0) - (x=7,y=3)]},orientation=ShardOrientation::ROW_MAJOR,shard_distribution_strategy=ShardDistributionStrategy::GRID_2D),created_with_nd_shard_spec=0) and provided MemoryConfig(memory_layout=TensorMemoryLayout::BLOCK_SHARDED,buffer_type=BufferType::L1,shard_spec=ShardSpec(grid={[(x=0,y=0) - (x=7,y=7)]},shape={32, 160},orientation=ShardOrientation::ROW_MAJOR),nd_shard_spec=std::nullopt,created_with_nd_shard_spec=0) mem config. Using computed config. (matmul_op.cpp:1674)
2026-05-29 10:53:37.293 | INFO     | models.demos.wormhole.stable_diffusion.tt.ttnn_functional_unet_2d_condition_model_new_conv:__call__:491 - Up block 0
2026-05-29 10:53:37.295 | INFO     | models.demos.wormhole.stable_diffusion.tt.ttnn_functional_unet_2d_condition_model_new_conv:__call__:491 - Up block 1
2026-05-29 10:53:37.299 | INFO     | models.demos.wormhole.stable_diffusion.tt.ttnn_functional_unet_2d_condition_model_new_conv:__call__:491 - Up block 2
2026-05-29 10:53:37.307 | INFO     | models.demos.wormhole.stable_diffusion.tt.ttnn_functional_unet_2d_condition_model_new_conv:__call__:491 - Up block 3
2026-05-29 10:53:37.328 | INFO     | models.demos.wormhole.stable_diffusion.tt.ttnn_functional_unet_2d_condition_model_new_conv:__call__:406 - Down block 0
2026-05-29 10:53:37.334 | info     |              Op | act_block_h_override 2 is not a valid override for padded_output_height_ntiles_per_core 7, instead 1 was selected as closest valid option! (conv2d_utils.cpp:401)
2026-05-29 10:53:37.334 | INFO     | models.demos.wormhole.stable_diffusion.tt.ttnn_functional_unet_2d_condition_model_new_conv:__call__:406 - Down block 1
2026-05-29 10:53:37.340 | INFO     | models.demos.wormhole.stable_diffusion.tt.ttnn_functional_unet_2d_condition_model_new_conv:__call__:406 - Down block 2
2026-05-29 10:53:37.343 | INFO     | models.demos.wormhole.stable_diffusion.tt.ttnn_functional_unet_2d_condition_model_new_conv:__call__:406 - Down block 3
2026-05-29 10:53:37.344 | INFO     | models.demos.wormhole.stable_diffusion.tt.ttnn_functional_unet_2d_condition_model_new_conv:__call__:460 - Mid block
2026-05-29 10:53:37.344 | warning  |              Op | Mismatch between computed MemoryConfig(memory_layout=TensorMemoryLayout::BLOCK_SHARDED,buffer_type=BufferType::L1,shard_spec=ShardSpec(grid={[(x=0,y=0) - (x=7,y=3)]},shape={32, 160},orientation=ShardOrientation::ROW_MAJOR),nd_shard_spec=NdShardSpec(shard_shape=Shape([32, 160]),grid={[(x=0,y=0) - (x=7,y=3)]},orientation=ShardOrientation::ROW_MAJOR,shard_distribution_strategy=ShardDistributionStrategy::GRID_2D),created_with_nd_shard_spec=0) and provided MemoryConfig(memory_layout=TensorMemoryLayout::BLOCK_SHARDED,buffer_type=BufferType::L1,shard_spec=ShardSpec(grid={[(x=0,y=0) - (x=7,y=7)]},shape={32, 160},orientation=ShardOrientation::ROW_MAJOR),nd_shard_spec=std::nullopt,created_with_nd_shard_spec=0) mem config. Using computed config. (matmul_op.cpp:1674)
2026-05-29 10:53:37.346 | INFO     | models.demos.wormhole.stable_diffusion.tt.ttnn_functional_unet_2d_condition_model_new_conv:__call__:491 - Up block 0
2026-05-29 10:53:37.347 | INFO     | models.demos.wormhole.stable_diffusion.tt.ttnn_functional_unet_2d_condition_model_new_conv:__call__:491 - Up block 1
2026-05-29 10:53:37.352 | INFO     | models.demos.wormhole.stable_diffusion.tt.ttnn_functional_unet_2d_condition_model_new_conv:__call__:491 - Up block 2
2026-05-29 10:53:37.360 | INFO     | models.demos.wormhole.stable_diffusion.tt.ttnn_functional_unet_2d_condition_model_new_conv:__call__:491 - Up block 3
2026-05-29 10:53:37.380 | INFO     | models.demos.wormhole.stable_diffusion.tt.ttnn_functional_unet_2d_condition_model_new_conv:__call__:406 - Down block 0
2026-05-29 10:53:37.386 | info     |              Op | act_block_h_override 2 is not a valid override for padded_output_height_ntiles_per_core 7, instead 1 was selected as closest valid option! (conv2d_utils.cpp:401)
2026-05-29 10:53:37.386 | INFO     | models.demos.wormhole.stable_diffusion.tt.ttnn_functional_unet_2d_condition_model_new_conv:__call__:406 - Down block 1
2026-05-29 10:53:37.391 | INFO     | models.demos.wormhole.stable_diffusion.tt.ttnn_functional_unet_2d_condition_model_new_conv:__call__:406 - Down block 2
2026-05-29 10:53:37.395 | INFO     | models.demos.wormhole.stable_diffusion.tt.ttnn_functional_unet_2d_condition_model_new_conv:__call__:406 - Down block 3
2026-05-29 10:53:37.395 | INFO     | models.demos.wormhole.stable_diffusion.tt.ttnn_functional_unet_2d_condition_model_new_conv:__call__:460 - Mid block
2026-05-29 10:53:37.396 | warning  |              Op | Mismatch between computed MemoryConfig(memory_layout=TensorMemoryLayout::BLOCK_SHARDED,buffer_type=BufferType::L1,shard_spec=ShardSpec(grid={[(x=0,y=0) - (x=7,y=3)]},shape={32, 160},orientation=ShardOrientation::ROW_MAJOR),nd_shard_spec=NdShardSpec(shard_shape=Shape([32, 160]),grid={[(x=0,y=0) - (x=7,y=3)]},orientation=ShardOrientation::ROW_MAJOR,shard_distribution_strategy=ShardDistributionStrategy::GRID_2D),created_with_nd_shard_spec=0) and provided MemoryConfig(memory_layout=TensorMemoryLayout::BLOCK_SHARDED,buffer_type=BufferType::L1,shard_spec=ShardSpec(grid={[(x=0,y=0) - (x=7,y=7)]},shape={32, 160},orientation=ShardOrientation::ROW_MAJOR),nd_shard_spec=std::nullopt,created_with_nd_shard_spec=0) mem config. Using computed config. (matmul_op.cpp:1674)
2026-05-29 10:53:37.397 | INFO     | models.demos.wormhole.stable_diffusion.tt.ttnn_functional_unet_2d_condition_model_new_conv:__call__:491 - Up block 0
2026-05-29 10:53:37.398 | INFO     | models.demos.wormhole.stable_diffusion.tt.ttnn_functional_unet_2d_condition_model_new_conv:__call__:491 - Up block 1
2026-05-29 10:53:37.403 | INFO     | models.demos.wormhole.stable_diffusion.tt.ttnn_functional_unet_2d_condition_model_new_conv:__call__:491 - Up block 2
2026-05-29 10:53:37.411 | INFO     | models.demos.wormhole.stable_diffusion.tt.ttnn_functional_unet_2d_condition_model_new_conv:__call__:491 - Up block 3
2026-05-29 10:53:37.432 | INFO     | models.demos.wormhole.stable_diffusion.tt.ttnn_functional_unet_2d_condition_model_new_conv:__call__:406 - Down block 0
2026-05-29 10:53:37.437 | info     |              Op | act_block_h_override 2 is not a valid override for padded_output_height_ntiles_per_core 7, instead 1 was selected as closest valid option! (conv2d_utils.cpp:401)
2026-05-29 10:53:37.438 | INFO     | models.demos.wormhole.stable_diffusion.tt.ttnn_functional_unet_2d_condition_model_new_conv:__call__:406 - Down block 1
2026-05-29 10:53:37.443 | INFO     | models.demos.wormhole.stable_diffusion.tt.ttnn_functional_unet_2d_condition_model_new_conv:__call__:406 - Down block 2
2026-05-29 10:53:37.446 | INFO     | models.demos.wormhole.stable_diffusion.tt.ttnn_functional_unet_2d_condition_model_new_conv:__call__:406 - Down block 3
2026-05-29 10:53:37.447 | INFO     | models.demos.wormhole.stable_diffusion.tt.ttnn_functional_unet_2d_condition_model_new_conv:__call__:460 - Mid block
2026-05-29 10:53:37.447 | warning  |              Op | Mismatch between computed MemoryConfig(memory_layout=TensorMemoryLayout::BLOCK_SHARDED,buffer_type=BufferType::L1,shard_spec=ShardSpec(grid={[(x=0,y=0) - (x=7,y=3)]},shape={32, 160},orientation=ShardOrientation::ROW_MAJOR),nd_shard_spec=NdShardSpec(shard_shape=Shape([32, 160]),grid={[(x=0,y=0) - (x=7,y=3)]},orientation=ShardOrientation::ROW_MAJOR,shard_distribution_strategy=ShardDistributionStrategy::GRID_2D),created_with_nd_shard_spec=0) and provided MemoryConfig(memory_layout=TensorMemoryLayout::BLOCK_SHARDED,buffer_type=BufferType::L1,shard_spec=ShardSpec(grid={[(x=0,y=0) - (x=7,y=7)]},shape={32, 160},orientation=ShardOrientation::ROW_MAJOR),nd_shard_spec=std::nullopt,created_with_nd_shard_spec=0) mem config. Using computed config. (matmul_op.cpp:1674)
2026-05-29 10:53:37.449 | INFO     | models.demos.wormhole.stable_diffusion.tt.ttnn_functional_unet_2d_condition_model_new_conv:__call__:491 - Up block 0
2026-05-29 10:53:37.450 | INFO     | models.demos.wormhole.stable_diffusion.tt.ttnn_functional_unet_2d_condition_model_new_conv:__call__:491 - Up block 1
2026-05-29 10:53:37.455 | INFO     | models.demos.wormhole.stable_diffusion.tt.ttnn_functional_unet_2d_condition_model_new_conv:__call__:491 - Up block 2
2026-05-29 10:53:37.463 | INFO     | models.demos.wormhole.stable_diffusion.tt.ttnn_functional_unet_2d_condition_model_new_conv:__call__:491 - Up block 3
  Step 7/41
2026-05-29 10:53:37.486 | INFO     | models.demos.wormhole.stable_diffusion.tt.ttnn_functional_unet_2d_condition_model_new_conv:__call__:406 - Down block 0
2026-05-29 10:53:37.492 | info     |              Op | act_block_h_override 2 is not a valid override for padded_output_height_ntiles_per_core 7, instead 1 was selected as closest valid option! (conv2d_utils.cpp:401)
2026-05-29 10:53:37.492 | INFO     | models.demos.wormhole.stable_diffusion.tt.ttnn_functional_unet_2d_condition_model_new_conv:__call__:406 - Down block 1
2026-05-29 10:53:37.497 | INFO     | models.demos.wormhole.stable_diffusion.tt.ttnn_functional_unet_2d_condition_model_new_conv:__call__:406 - Down block 2
2026-05-29 10:53:37.501 | INFO     | models.demos.wormhole.stable_diffusion.tt.ttnn_functional_unet_2d_condition_model_new_conv:__call__:406 - Down block 3
2026-05-29 10:53:37.502 | INFO     | models.demos.wormhole.stable_diffusion.tt.ttnn_functional_unet_2d_condition_model_new_conv:__call__:460 - Mid block
2026-05-29 10:53:37.502 | warning  |              Op | Mismatch between computed MemoryConfig(memory_layout=TensorMemoryLayout::BLOCK_SHARDED,buffer_type=BufferType::L1,shard_spec=ShardSpec(grid={[(x=0,y=0) - (x=7,y=3)]},shape={32, 160},orientation=ShardOrientation::ROW_MAJOR),nd_shard_spec=NdShardSpec(shard_shape=Shape([32, 160]),grid={[(x=0,y=0) - (x=7,y=3)]},orientation=ShardOrientation::ROW_MAJOR,shard_distribution_strategy=ShardDistributionStrategy::GRID_2D),created_with_nd_shard_spec=0) and provided MemoryConfig(memory_layout=TensorMemoryLayout::BLOCK_SHARDED,buffer_type=BufferType::L1,shard_spec=ShardSpec(grid={[(x=0,y=0) - (x=7,y=7)]},shape={32, 160},orientation=ShardOrientation::ROW_MAJOR),nd_shard_spec=std::nullopt,created_with_nd_shard_spec=0) mem config. Using computed config. (matmul_op.cpp:1674)
2026-05-29 10:53:37.504 | INFO     | models.demos.wormhole.stable_diffusion.tt.ttnn_functional_unet_2d_condition_model_new_conv:__call__:491 - Up block 0
2026-05-29 10:53:37.505 | INFO     | models.demos.wormhole.stable_diffusion.tt.ttnn_functional_unet_2d_condition_model_new_conv:__call__:491 - Up block 1
2026-05-29 10:53:37.510 | INFO     | models.demos.wormhole.stable_diffusion.tt.ttnn_functional_unet_2d_condition_model_new_conv:__call__:491 - Up block 2
2026-05-29 10:53:37.518 | INFO     | models.demos.wormhole.stable_diffusion.tt.ttnn_functional_unet_2d_condition_model_new_conv:__call__:491 - Up block 3
2026-05-29 10:53:37.538 | INFO     | models.demos.wormhole.stable_diffusion.tt.ttnn_functional_unet_2d_condition_model_new_conv:__call__:406 - Down block 0
2026-05-29 10:53:37.544 | info     |              Op | act_block_h_override 2 is not a valid override for padded_output_height_ntiles_per_core 7, instead 1 was selected as closest valid option! (conv2d_utils.cpp:401)
2026-05-29 10:53:37.544 | INFO     | models.demos.wormhole.stable_diffusion.tt.ttnn_functional_unet_2d_condition_model_new_conv:__call__:406 - Down block 1
2026-05-29 10:53:37.549 | INFO     | models.demos.wormhole.stable_diffusion.tt.ttnn_functional_unet_2d_condition_model_new_conv:__call__:406 - Down block 2
2026-05-29 10:53:37.552 | INFO     | models.demos.wormhole.stable_diffusion.tt.ttnn_functional_unet_2d_condition_model_new_conv:__call__:406 - Down block 3
2026-05-29 10:53:37.553 | INFO     | models.demos.wormhole.stable_diffusion.tt.ttnn_functional_unet_2d_condition_model_new_conv:__call__:460 - Mid block
2026-05-29 10:53:37.553 | warning  |              Op | Mismatch between computed MemoryConfig(memory_layout=TensorMemoryLayout::BLOCK_SHARDED,buffer_type=BufferType::L1,shard_spec=ShardSpec(grid={[(x=0,y=0) - (x=7,y=3)]},shape={32, 160},orientation=ShardOrientation::ROW_MAJOR),nd_shard_spec=NdShardSpec(shard_shape=Shape([32, 160]),grid={[(x=0,y=0) - (x=7,y=3)]},orientation=ShardOrientation::ROW_MAJOR,shard_distribution_strategy=ShardDistributionStrategy::GRID_2D),created_with_nd_shard_spec=0) and provided MemoryConfig(memory_layout=TensorMemoryLayout::BLOCK_SHARDED,buffer_type=BufferType::L1,shard_spec=ShardSpec(grid={[(x=0,y=0) - (x=7,y=7)]},shape={32, 160},orientation=ShardOrientation::ROW_MAJOR),nd_shard_spec=std::nullopt,created_with_nd_shard_spec=0) mem config. Using computed config. (matmul_op.cpp:1674)
2026-05-29 10:53:37.555 | INFO     | models.demos.wormhole.stable_diffusion.tt.ttnn_functional_unet_2d_condition_model_new_conv:__call__:491 - Up block 0
2026-05-29 10:53:37.556 | INFO     | models.demos.wormhole.stable_diffusion.tt.ttnn_functional_unet_2d_condition_model_new_conv:__call__:491 - Up block 1
2026-05-29 10:53:37.561 | INFO     | models.demos.wormhole.stable_diffusion.tt.ttnn_functional_unet_2d_condition_model_new_conv:__call__:491 - Up block 2
2026-05-29 10:53:37.569 | INFO     | models.demos.wormhole.stable_diffusion.tt.ttnn_functional_unet_2d_condition_model_new_conv:__call__:491 - Up block 3
2026-05-29 10:53:37.590 | INFO     | models.demos.wormhole.stable_diffusion.tt.ttnn_functional_unet_2d_condition_model_new_conv:__call__:406 - Down block 0
2026-05-29 10:53:37.595 | info     |              Op | act_block_h_override 2 is not a valid override for padded_output_height_ntiles_per_core 7, instead 1 was selected as closest valid option! (conv2d_utils.cpp:401)
2026-05-29 10:53:37.596 | INFO     | models.demos.wormhole.stable_diffusion.tt.ttnn_functional_unet_2d_condition_model_new_conv:__call__:406 - Down block 1
2026-05-29 10:53:37.601 | INFO     | models.demos.wormhole.stable_diffusion.tt.ttnn_functional_unet_2d_condition_model_new_conv:__call__:406 - Down block 2
2026-05-29 10:53:37.604 | INFO     | models.demos.wormhole.stable_diffusion.tt.ttnn_functional_unet_2d_condition_model_new_conv:__call__:406 - Down block 3
2026-05-29 10:53:37.605 | INFO     | models.demos.wormhole.stable_diffusion.tt.ttnn_functional_unet_2d_condition_model_new_conv:__call__:460 - Mid block
2026-05-29 10:53:37.606 | warning  |              Op | Mismatch between computed MemoryConfig(memory_layout=TensorMemoryLayout::BLOCK_SHARDED,buffer_type=BufferType::L1,shard_spec=ShardSpec(grid={[(x=0,y=0) - (x=7,y=3)]},shape={32, 160},orientation=ShardOrientation::ROW_MAJOR),nd_shard_spec=NdShardSpec(shard_shape=Shape([32, 160]),grid={[(x=0,y=0) - (x=7,y=3)]},orientation=ShardOrientation::ROW_MAJOR,shard_distribution_strategy=ShardDistributionStrategy::GRID_2D),created_with_nd_shard_spec=0) and provided MemoryConfig(memory_layout=TensorMemoryLayout::BLOCK_SHARDED,buffer_type=BufferType::L1,shard_spec=ShardSpec(grid={[(x=0,y=0) - (x=7,y=7)]},shape={32, 160},orientation=ShardOrientation::ROW_MAJOR),nd_shard_spec=std::nullopt,created_with_nd_shard_spec=0) mem config. Using computed config. (matmul_op.cpp:1674)
2026-05-29 10:53:37.607 | INFO     | models.demos.wormhole.stable_diffusion.tt.ttnn_functional_unet_2d_condition_model_new_conv:__call__:491 - Up block 0
2026-05-29 10:53:37.608 | INFO     | models.demos.wormhole.stable_diffusion.tt.ttnn_functional_unet_2d_condition_model_new_conv:__call__:491 - Up block 1
2026-05-29 10:53:37.613 | INFO     | models.demos.wormhole.stable_diffusion.tt.ttnn_functional_unet_2d_condition_model_new_conv:__call__:491 - Up block 2
2026-05-29 10:53:37.621 | INFO     | models.demos.wormhole.stable_diffusion.tt.ttnn_functional_unet_2d_condition_model_new_conv:__call__:491 - Up block 3
2026-05-29 10:53:37.642 | INFO     | models.demos.wormhole.stable_diffusion.tt.ttnn_functional_unet_2d_condition_model_new_conv:__call__:406 - Down block 0
2026-05-29 10:53:37.647 | info     |              Op | act_block_h_override 2 is not a valid override for padded_output_height_ntiles_per_core 7, instead 1 was selected as closest valid option! (conv2d_utils.cpp:401)
2026-05-29 10:53:37.647 | INFO     | models.demos.wormhole.stable_diffusion.tt.ttnn_functional_unet_2d_condition_model_new_conv:__call__:406 - Down block 1
2026-05-29 10:53:37.653 | INFO     | models.demos.wormhole.stable_diffusion.tt.ttnn_functional_unet_2d_condition_model_new_conv:__call__:406 - Down block 2
2026-05-29 10:53:37.656 | INFO     | models.demos.wormhole.stable_diffusion.tt.ttnn_functional_unet_2d_condition_model_new_conv:__call__:406 - Down block 3
2026-05-29 10:53:37.657 | INFO     | models.demos.wormhole.stable_diffusion.tt.ttnn_functional_unet_2d_condition_model_new_conv:__call__:460 - Mid block
2026-05-29 10:53:37.657 | warning  |              Op | Mismatch between computed MemoryConfig(memory_layout=TensorMemoryLayout::BLOCK_SHARDED,buffer_type=BufferType::L1,shard_spec=ShardSpec(grid={[(x=0,y=0) - (x=7,y=3)]},shape={32, 160},orientation=ShardOrientation::ROW_MAJOR),nd_shard_spec=NdShardSpec(shard_shape=Shape([32, 160]),grid={[(x=0,y=0) - (x=7,y=3)]},orientation=ShardOrientation::ROW_MAJOR,shard_distribution_strategy=ShardDistributionStrategy::GRID_2D),created_with_nd_shard_spec=0) and provided MemoryConfig(memory_layout=TensorMemoryLayout::BLOCK_SHARDED,buffer_type=BufferType::L1,shard_spec=ShardSpec(grid={[(x=0,y=0) - (x=7,y=7)]},shape={32, 160},orientation=ShardOrientation::ROW_MAJOR),nd_shard_spec=std::nullopt,created_with_nd_shard_spec=0) mem config. Using computed config. (matmul_op.cpp:1674)
2026-05-29 10:53:37.658 | INFO     | models.demos.wormhole.stable_diffusion.tt.ttnn_functional_unet_2d_condition_model_new_conv:__call__:491 - Up block 0
2026-05-29 10:53:37.660 | INFO     | models.demos.wormhole.stable_diffusion.tt.ttnn_functional_unet_2d_condition_model_new_conv:__call__:491 - Up block 1
2026-05-29 10:53:37.664 | INFO     | models.demos.wormhole.stable_diffusion.tt.ttnn_functional_unet_2d_condition_model_new_conv:__call__:491 - Up block 2
2026-05-29 10:53:37.672 | INFO     | models.demos.wormhole.stable_diffusion.tt.ttnn_functional_unet_2d_condition_model_new_conv:__call__:491 - Up block 3
2026-05-29 10:53:37.693 | INFO     | models.demos.wormhole.stable_diffusion.tt.ttnn_functional_unet_2d_condition_model_new_conv:__call__:406 - Down block 0
2026-05-29 10:53:37.699 | info     |              Op | act_block_h_override 2 is not a valid override for padded_output_height_ntiles_per_core 7, instead 1 was selected as closest valid option! (conv2d_utils.cpp:401)
2026-05-29 10:53:37.700 | INFO     | models.demos.wormhole.stable_diffusion.tt.ttnn_functional_unet_2d_condition_model_new_conv:__call__:406 - Down block 1
2026-05-29 10:53:37.705 | INFO     | models.demos.wormhole.stable_diffusion.tt.ttnn_functional_unet_2d_condition_model_new_conv:__call__:406 - Down block 2
2026-05-29 10:53:37.709 | INFO     | models.demos.wormhole.stable_diffusion.tt.ttnn_functional_unet_2d_condition_model_new_conv:__call__:406 - Down block 3
2026-05-29 10:53:37.709 | INFO     | models.demos.wormhole.stable_diffusion.tt.ttnn_functional_unet_2d_condition_model_new_conv:__call__:460 - Mid block
2026-05-29 10:53:37.710 | warning  |              Op | Mismatch between computed MemoryConfig(memory_layout=TensorMemoryLayout::BLOCK_SHARDED,buffer_type=BufferType::L1,shard_spec=ShardSpec(grid={[(x=0,y=0) - (x=7,y=3)]},shape={32, 160},orientation=ShardOrientation::ROW_MAJOR),nd_shard_spec=NdShardSpec(shard_shape=Shape([32, 160]),grid={[(x=0,y=0) - (x=7,y=3)]},orientation=ShardOrientation::ROW_MAJOR,shard_distribution_strategy=ShardDistributionStrategy::GRID_2D),created_with_nd_shard_spec=0) and provided MemoryConfig(memory_layout=TensorMemoryLayout::BLOCK_SHARDED,buffer_type=BufferType::L1,shard_spec=ShardSpec(grid={[(x=0,y=0) - (x=7,y=7)]},shape={32, 160},orientation=ShardOrientation::ROW_MAJOR),nd_shard_spec=std::nullopt,created_with_nd_shard_spec=0) mem config. Using computed config. (matmul_op.cpp:1674)
2026-05-29 10:53:37.711 | INFO     | models.demos.wormhole.stable_diffusion.tt.ttnn_functional_unet_2d_condition_model_new_conv:__call__:491 - Up block 0
2026-05-29 10:53:37.712 | INFO     | models.demos.wormhole.stable_diffusion.tt.ttnn_functional_unet_2d_condition_model_new_conv:__call__:491 - Up block 1
2026-05-29 10:53:37.717 | INFO     | models.demos.wormhole.stable_diffusion.tt.ttnn_functional_unet_2d_condition_model_new_conv:__call__:491 - Up block 2
2026-05-29 10:53:37.725 | INFO     | models.demos.wormhole.stable_diffusion.tt.ttnn_functional_unet_2d_condition_model_new_conv:__call__:491 - Up block 3
2026-05-29 10:53:37.745 | INFO     | models.demos.wormhole.stable_diffusion.tt.ttnn_functional_unet_2d_condition_model_new_conv:__call__:406 - Down block 0
2026-05-29 10:53:37.751 | info     |              Op | act_block_h_override 2 is not a valid override for padded_output_height_ntiles_per_core 7, instead 1 was selected as closest valid option! (conv2d_utils.cpp:401)
2026-05-29 10:53:37.751 | INFO     | models.demos.wormhole.stable_diffusion.tt.ttnn_functional_unet_2d_condition_model_new_conv:__call__:406 - Down block 1
2026-05-29 10:53:37.757 | INFO     | models.demos.wormhole.stable_diffusion.tt.ttnn_functional_unet_2d_condition_model_new_conv:__call__:406 - Down block 2
2026-05-29 10:53:37.760 | INFO     | models.demos.wormhole.stable_diffusion.tt.ttnn_functional_unet_2d_condition_model_new_conv:__call__:406 - Down block 3
2026-05-29 10:53:37.761 | INFO     | models.demos.wormhole.stable_diffusion.tt.ttnn_functional_unet_2d_condition_model_new_conv:__call__:460 - Mid block
2026-05-29 10:53:37.761 | warning  |              Op | Mismatch between computed MemoryConfig(memory_layout=TensorMemoryLayout::BLOCK_SHARDED,buffer_type=BufferType::L1,shard_spec=ShardSpec(grid={[(x=0,y=0) - (x=7,y=3)]},shape={32, 160},orientation=ShardOrientation::ROW_MAJOR),nd_shard_spec=NdShardSpec(shard_shape=Shape([32, 160]),grid={[(x=0,y=0) - (x=7,y=3)]},orientation=ShardOrientation::ROW_MAJOR,shard_distribution_strategy=ShardDistributionStrategy::GRID_2D),created_with_nd_shard_spec=0) and provided MemoryConfig(memory_layout=TensorMemoryLayout::BLOCK_SHARDED,buffer_type=BufferType::L1,shard_spec=ShardSpec(grid={[(x=0,y=0) - (x=7,y=7)]},shape={32, 160},orientation=ShardOrientation::ROW_MAJOR),nd_shard_spec=std::nullopt,created_with_nd_shard_spec=0) mem config. Using computed config. (matmul_op.cpp:1674)
2026-05-29 10:53:37.762 | INFO     | models.demos.wormhole.stable_diffusion.tt.ttnn_functional_unet_2d_condition_model_new_conv:__call__:491 - Up block 0
2026-05-29 10:53:37.764 | INFO     | models.demos.wormhole.stable_diffusion.tt.ttnn_functional_unet_2d_condition_model_new_conv:__call__:491 - Up block 1
2026-05-29 10:53:37.768 | INFO     | models.demos.wormhole.stable_diffusion.tt.ttnn_functional_unet_2d_condition_model_new_conv:__call__:491 - Up block 2
2026-05-29 10:53:37.776 | INFO     | models.demos.wormhole.stable_diffusion.tt.ttnn_functional_unet_2d_condition_model_new_conv:__call__:491 - Up block 3
2026-05-29 10:53:37.797 | INFO     | models.demos.wormhole.stable_diffusion.tt.ttnn_functional_unet_2d_condition_model_new_conv:__call__:406 - Down block 0
2026-05-29 10:53:37.803 | info     |              Op | act_block_h_override 2 is not a valid override for padded_output_height_ntiles_per_core 7, instead 1 was selected as closest valid option! (conv2d_utils.cpp:401)
2026-05-29 10:53:37.803 | INFO     | models.demos.wormhole.stable_diffusion.tt.ttnn_functional_unet_2d_condition_model_new_conv:__call__:406 - Down block 1
2026-05-29 10:53:37.809 | INFO     | models.demos.wormhole.stable_diffusion.tt.ttnn_functional_unet_2d_condition_model_new_conv:__call__:406 - Down block 2
2026-05-29 10:53:37.812 | INFO     | models.demos.wormhole.stable_diffusion.tt.ttnn_functional_unet_2d_condition_model_new_conv:__call__:406 - Down block 3
2026-05-29 10:53:37.813 | INFO     | models.demos.wormhole.stable_diffusion.tt.ttnn_functional_unet_2d_condition_model_new_conv:__call__:460 - Mid block
2026-05-29 10:53:37.813 | warning  |              Op | Mismatch between computed MemoryConfig(memory_layout=TensorMemoryLayout::BLOCK_SHARDED,buffer_type=BufferType::L1,shard_spec=ShardSpec(grid={[(x=0,y=0) - (x=7,y=3)]},shape={32, 160},orientation=ShardOrientation::ROW_MAJOR),nd_shard_spec=NdShardSpec(shard_shape=Shape([32, 160]),grid={[(x=0,y=0) - (x=7,y=3)]},orientation=ShardOrientation::ROW_MAJOR,shard_distribution_strategy=ShardDistributionStrategy::GRID_2D),created_with_nd_shard_spec=0) and provided MemoryConfig(memory_layout=TensorMemoryLayout::BLOCK_SHARDED,buffer_type=BufferType::L1,shard_spec=ShardSpec(grid={[(x=0,y=0) - (x=7,y=7)]},shape={32, 160},orientation=ShardOrientation::ROW_MAJOR),nd_shard_spec=std::nullopt,created_with_nd_shard_spec=0) mem config. Using computed config. (matmul_op.cpp:1674)
2026-05-29 10:53:37.814 | INFO     | models.demos.wormhole.stable_diffusion.tt.ttnn_functional_unet_2d_condition_model_new_conv:__call__:491 - Up block 0
2026-05-29 10:53:37.816 | INFO     | models.demos.wormhole.stable_diffusion.tt.ttnn_functional_unet_2d_condition_model_new_conv:__call__:491 - Up block 1
2026-05-29 10:53:37.821 | INFO     | models.demos.wormhole.stable_diffusion.tt.ttnn_functional_unet_2d_condition_model_new_conv:__call__:491 - Up block 2
2026-05-29 10:53:37.829 | INFO     | models.demos.wormhole.stable_diffusion.tt.ttnn_functional_unet_2d_condition_model_new_conv:__call__:491 - Up block 3
2026-05-29 10:53:37.849 | INFO     | models.demos.wormhole.stable_diffusion.tt.ttnn_functional_unet_2d_condition_model_new_conv:__call__:406 - Down block 0
2026-05-29 10:53:37.855 | info     |              Op | act_block_h_override 2 is not a valid override for padded_output_height_ntiles_per_core 7, instead 1 was selected as closest valid option! (conv2d_utils.cpp:401)
2026-05-29 10:53:37.855 | INFO     | models.demos.wormhole.stable_diffusion.tt.ttnn_functional_unet_2d_condition_model_new_conv:__call__:406 - Down block 1
2026-05-29 10:53:37.860 | INFO     | models.demos.wormhole.stable_diffusion.tt.ttnn_functional_unet_2d_condition_model_new_conv:__call__:406 - Down block 2
2026-05-29 10:53:37.864 | INFO     | models.demos.wormhole.stable_diffusion.tt.ttnn_functional_unet_2d_condition_model_new_conv:__call__:406 - Down block 3
2026-05-29 10:53:37.864 | INFO     | models.demos.wormhole.stable_diffusion.tt.ttnn_functional_unet_2d_condition_model_new_conv:__call__:460 - Mid block
2026-05-29 10:53:37.865 | warning  |              Op | Mismatch between computed MemoryConfig(memory_layout=TensorMemoryLayout::BLOCK_SHARDED,buffer_type=BufferType::L1,shard_spec=ShardSpec(grid={[(x=0,y=0) - (x=7,y=3)]},shape={32, 160},orientation=ShardOrientation::ROW_MAJOR),nd_shard_spec=NdShardSpec(shard_shape=Shape([32, 160]),grid={[(x=0,y=0) - (x=7,y=3)]},orientation=ShardOrientation::ROW_MAJOR,shard_distribution_strategy=ShardDistributionStrategy::GRID_2D),created_with_nd_shard_spec=0) and provided MemoryConfig(memory_layout=TensorMemoryLayout::BLOCK_SHARDED,buffer_type=BufferType::L1,shard_spec=ShardSpec(grid={[(x=0,y=0) - (x=7,y=7)]},shape={32, 160},orientation=ShardOrientation::ROW_MAJOR),nd_shard_spec=std::nullopt,created_with_nd_shard_spec=0) mem config. Using computed config. (matmul_op.cpp:1674)
2026-05-29 10:53:37.866 | INFO     | models.demos.wormhole.stable_diffusion.tt.ttnn_functional_unet_2d_condition_model_new_conv:__call__:491 - Up block 0
2026-05-29 10:53:37.867 | INFO     | models.demos.wormhole.stable_diffusion.tt.ttnn_functional_unet_2d_condition_model_new_conv:__call__:491 - Up block 1
2026-05-29 10:53:37.872 | INFO     | models.demos.wormhole.stable_diffusion.tt.ttnn_functional_unet_2d_condition_model_new_conv:__call__:491 - Up block 2
2026-05-29 10:53:37.880 | INFO     | models.demos.wormhole.stable_diffusion.tt.ttnn_functional_unet_2d_condition_model_new_conv:__call__:491 - Up block 3
  Step 8/41
2026-05-29 10:53:37.903 | INFO     | models.demos.wormhole.stable_diffusion.tt.ttnn_functional_unet_2d_condition_model_new_conv:__call__:406 - Down block 0
2026-05-29 10:53:37.908 | info     |              Op | act_block_h_override 2 is not a valid override for padded_output_height_ntiles_per_core 7, instead 1 was selected as closest valid option! (conv2d_utils.cpp:401)
2026-05-29 10:53:37.909 | INFO     | models.demos.wormhole.stable_diffusion.tt.ttnn_functional_unet_2d_condition_model_new_conv:__call__:406 - Down block 1
2026-05-29 10:53:37.914 | INFO     | models.demos.wormhole.stable_diffusion.tt.ttnn_functional_unet_2d_condition_model_new_conv:__call__:406 - Down block 2
2026-05-29 10:53:37.917 | INFO     | models.demos.wormhole.stable_diffusion.tt.ttnn_functional_unet_2d_condition_model_new_conv:__call__:406 - Down block 3
2026-05-29 10:53:37.918 | INFO     | models.demos.wormhole.stable_diffusion.tt.ttnn_functional_unet_2d_condition_model_new_conv:__call__:460 - Mid block
2026-05-29 10:53:37.919 | warning  |              Op | Mismatch between computed MemoryConfig(memory_layout=TensorMemoryLayout::BLOCK_SHARDED,buffer_type=BufferType::L1,shard_spec=ShardSpec(grid={[(x=0,y=0) - (x=7,y=3)]},shape={32, 160},orientation=ShardOrientation::ROW_MAJOR),nd_shard_spec=NdShardSpec(shard_shape=Shape([32, 160]),grid={[(x=0,y=0) - (x=7,y=3)]},orientation=ShardOrientation::ROW_MAJOR,shard_distribution_strategy=ShardDistributionStrategy::GRID_2D),created_with_nd_shard_spec=0) and provided MemoryConfig(memory_layout=TensorMemoryLayout::BLOCK_SHARDED,buffer_type=BufferType::L1,shard_spec=ShardSpec(grid={[(x=0,y=0) - (x=7,y=7)]},shape={32, 160},orientation=ShardOrientation::ROW_MAJOR),nd_shard_spec=std::nullopt,created_with_nd_shard_spec=0) mem config. Using computed config. (matmul_op.cpp:1674)
2026-05-29 10:53:37.920 | INFO     | models.demos.wormhole.stable_diffusion.tt.ttnn_functional_unet_2d_condition_model_new_conv:__call__:491 - Up block 0
2026-05-29 10:53:37.921 | INFO     | models.demos.wormhole.stable_diffusion.tt.ttnn_functional_unet_2d_condition_model_new_conv:__call__:491 - Up block 1
2026-05-29 10:53:37.926 | INFO     | models.demos.wormhole.stable_diffusion.tt.ttnn_functional_unet_2d_condition_model_new_conv:__call__:491 - Up block 2
2026-05-29 10:53:37.934 | INFO     | models.demos.wormhole.stable_diffusion.tt.ttnn_functional_unet_2d_condition_model_new_conv:__call__:491 - Up block 3
2026-05-29 10:53:37.955 | INFO     | models.demos.wormhole.stable_diffusion.tt.ttnn_functional_unet_2d_condition_model_new_conv:__call__:406 - Down block 0
2026-05-29 10:53:37.960 | info     |              Op | act_block_h_override 2 is not a valid override for padded_output_height_ntiles_per_core 7, instead 1 was selected as closest valid option! (conv2d_utils.cpp:401)
2026-05-29 10:53:37.960 | INFO     | models.demos.wormhole.stable_diffusion.tt.ttnn_functional_unet_2d_condition_model_new_conv:__call__:406 - Down block 1
2026-05-29 10:53:37.966 | INFO     | models.demos.wormhole.stable_diffusion.tt.ttnn_functional_unet_2d_condition_model_new_conv:__call__:406 - Down block 2
2026-05-29 10:53:37.969 | INFO     | models.demos.wormhole.stable_diffusion.tt.ttnn_functional_unet_2d_condition_model_new_conv:__call__:406 - Down block 3
2026-05-29 10:53:37.970 | INFO     | models.demos.wormhole.stable_diffusion.tt.ttnn_functional_unet_2d_condition_model_new_conv:__call__:460 - Mid block
2026-05-29 10:53:37.970 | warning  |              Op | Mismatch between computed MemoryConfig(memory_layout=TensorMemoryLayout::BLOCK_SHARDED,buffer_type=BufferType::L1,shard_spec=ShardSpec(grid={[(x=0,y=0) - (x=7,y=3)]},shape={32, 160},orientation=ShardOrientation::ROW_MAJOR),nd_shard_spec=NdShardSpec(shard_shape=Shape([32, 160]),grid={[(x=0,y=0) - (x=7,y=3)]},orientation=ShardOrientation::ROW_MAJOR,shard_distribution_strategy=ShardDistributionStrategy::GRID_2D),created_with_nd_shard_spec=0) and provided MemoryConfig(memory_layout=TensorMemoryLayout::BLOCK_SHARDED,buffer_type=BufferType::L1,shard_spec=ShardSpec(grid={[(x=0,y=0) - (x=7,y=7)]},shape={32, 160},orientation=ShardOrientation::ROW_MAJOR),nd_shard_spec=std::nullopt,created_with_nd_shard_spec=0) mem config. Using computed config. (matmul_op.cpp:1674)
2026-05-29 10:53:37.972 | INFO     | models.demos.wormhole.stable_diffusion.tt.ttnn_functional_unet_2d_condition_model_new_conv:__call__:491 - Up block 0
2026-05-29 10:53:37.973 | INFO     | models.demos.wormhole.stable_diffusion.tt.ttnn_functional_unet_2d_condition_model_new_conv:__call__:491 - Up block 1
2026-05-29 10:53:37.978 | INFO     | models.demos.wormhole.stable_diffusion.tt.ttnn_functional_unet_2d_condition_model_new_conv:__call__:491 - Up block 2
2026-05-29 10:53:37.986 | INFO     | models.demos.wormhole.stable_diffusion.tt.ttnn_functional_unet_2d_condition_model_new_conv:__call__:491 - Up block 3
2026-05-29 10:53:38.007 | INFO     | models.demos.wormhole.stable_diffusion.tt.ttnn_functional_unet_2d_condition_model_new_conv:__call__:406 - Down block 0
2026-05-29 10:53:38.012 | info     |              Op | act_block_h_override 2 is not a valid override for padded_output_height_ntiles_per_core 7, instead 1 was selected as closest valid option! (conv2d_utils.cpp:401)
2026-05-29 10:53:38.012 | INFO     | models.demos.wormhole.stable_diffusion.tt.ttnn_functional_unet_2d_condition_model_new_conv:__call__:406 - Down block 1
2026-05-29 10:53:38.018 | INFO     | models.demos.wormhole.stable_diffusion.tt.ttnn_functional_unet_2d_condition_model_new_conv:__call__:406 - Down block 2
2026-05-29 10:53:38.021 | INFO     | models.demos.wormhole.stable_diffusion.tt.ttnn_functional_unet_2d_condition_model_new_conv:__call__:406 - Down block 3
2026-05-29 10:53:38.021 | INFO     | models.demos.wormhole.stable_diffusion.tt.ttnn_functional_unet_2d_condition_model_new_conv:__call__:460 - Mid block
2026-05-29 10:53:38.022 | warning  |              Op | Mismatch between computed MemoryConfig(memory_layout=TensorMemoryLayout::BLOCK_SHARDED,buffer_type=BufferType::L1,shard_spec=ShardSpec(grid={[(x=0,y=0) - (x=7,y=3)]},shape={32, 160},orientation=ShardOrientation::ROW_MAJOR),nd_shard_spec=NdShardSpec(shard_shape=Shape([32, 160]),grid={[(x=0,y=0) - (x=7,y=3)]},orientation=ShardOrientation::ROW_MAJOR,shard_distribution_strategy=ShardDistributionStrategy::GRID_2D),created_with_nd_shard_spec=0) and provided MemoryConfig(memory_layout=TensorMemoryLayout::BLOCK_SHARDED,buffer_type=BufferType::L1,shard_spec=ShardSpec(grid={[(x=0,y=0) - (x=7,y=7)]},shape={32, 160},orientation=ShardOrientation::ROW_MAJOR),nd_shard_spec=std::nullopt,created_with_nd_shard_spec=0) mem config. Using computed config. (matmul_op.cpp:1674)
2026-05-29 10:53:38.023 | INFO     | models.demos.wormhole.stable_diffusion.tt.ttnn_functional_unet_2d_condition_model_new_conv:__call__:491 - Up block 0
2026-05-29 10:53:38.024 | INFO     | models.demos.wormhole.stable_diffusion.tt.ttnn_functional_unet_2d_condition_model_new_conv:__call__:491 - Up block 1
2026-05-29 10:53:38.029 | INFO     | models.demos.wormhole.stable_diffusion.tt.ttnn_functional_unet_2d_condition_model_new_conv:__call__:491 - Up block 2
2026-05-29 10:53:38.037 | INFO     | models.demos.wormhole.stable_diffusion.tt.ttnn_functional_unet_2d_condition_model_new_conv:__call__:491 - Up block 3
2026-05-29 10:53:38.058 | INFO     | models.demos.wormhole.stable_diffusion.tt.ttnn_functional_unet_2d_condition_model_new_conv:__call__:406 - Down block 0
2026-05-29 10:53:38.064 | info     |              Op | act_block_h_override 2 is not a valid override for padded_output_height_ntiles_per_core 7, instead 1 was selected as closest valid option! (conv2d_utils.cpp:401)
2026-05-29 10:53:38.064 | INFO     | models.demos.wormhole.stable_diffusion.tt.ttnn_functional_unet_2d_condition_model_new_conv:__call__:406 - Down block 1
2026-05-29 10:53:38.070 | INFO     | models.demos.wormhole.stable_diffusion.tt.ttnn_functional_unet_2d_condition_model_new_conv:__call__:406 - Down block 2
2026-05-29 10:53:38.074 | INFO     | models.demos.wormhole.stable_diffusion.tt.ttnn_functional_unet_2d_condition_model_new_conv:__call__:406 - Down block 3
2026-05-29 10:53:38.074 | INFO     | models.demos.wormhole.stable_diffusion.tt.ttnn_functional_unet_2d_condition_model_new_conv:__call__:460 - Mid block
2026-05-29 10:53:38.075 | warning  |              Op | Mismatch between computed MemoryConfig(memory_layout=TensorMemoryLayout::BLOCK_SHARDED,buffer_type=BufferType::L1,shard_spec=ShardSpec(grid={[(x=0,y=0) - (x=7,y=3)]},shape={32, 160},orientation=ShardOrientation::ROW_MAJOR),nd_shard_spec=NdShardSpec(shard_shape=Shape([32, 160]),grid={[(x=0,y=0) - (x=7,y=3)]},orientation=ShardOrientation::ROW_MAJOR,shard_distribution_strategy=ShardDistributionStrategy::GRID_2D),created_with_nd_shard_spec=0) and provided MemoryConfig(memory_layout=TensorMemoryLayout::BLOCK_SHARDED,buffer_type=BufferType::L1,shard_spec=ShardSpec(grid={[(x=0,y=0) - (x=7,y=7)]},shape={32, 160},orientation=ShardOrientation::ROW_MAJOR),nd_shard_spec=std::nullopt,created_with_nd_shard_spec=0) mem config. Using computed config. (matmul_op.cpp:1674)
2026-05-29 10:53:38.076 | INFO     | models.demos.wormhole.stable_diffusion.tt.ttnn_functional_unet_2d_condition_model_new_conv:__call__:491 - Up block 0
2026-05-29 10:53:38.078 | INFO     | models.demos.wormhole.stable_diffusion.tt.ttnn_functional_unet_2d_condition_model_new_conv:__call__:491 - Up block 1
2026-05-29 10:53:38.083 | INFO     | models.demos.wormhole.stable_diffusion.tt.ttnn_functional_unet_2d_condition_model_new_conv:__call__:491 - Up block 2
2026-05-29 10:53:38.091 | INFO     | models.demos.wormhole.stable_diffusion.tt.ttnn_functional_unet_2d_condition_model_new_conv:__call__:491 - Up block 3
2026-05-29 10:53:38.111 | INFO     | models.demos.wormhole.stable_diffusion.tt.ttnn_functional_unet_2d_condition_model_new_conv:__call__:406 - Down block 0
2026-05-29 10:53:38.116 | info     |              Op | act_block_h_override 2 is not a valid override for padded_output_height_ntiles_per_core 7, instead 1 was selected as closest valid option! (conv2d_utils.cpp:401)
2026-05-29 10:53:38.117 | INFO     | models.demos.wormhole.stable_diffusion.tt.ttnn_functional_unet_2d_condition_model_new_conv:__call__:406 - Down block 1
2026-05-29 10:53:38.122 | INFO     | models.demos.wormhole.stable_diffusion.tt.ttnn_functional_unet_2d_condition_model_new_conv:__call__:406 - Down block 2
2026-05-29 10:53:38.125 | INFO     | models.demos.wormhole.stable_diffusion.tt.ttnn_functional_unet_2d_condition_model_new_conv:__call__:406 - Down block 3
2026-05-29 10:53:38.126 | INFO     | models.demos.wormhole.stable_diffusion.tt.ttnn_functional_unet_2d_condition_model_new_conv:__call__:460 - Mid block
2026-05-29 10:53:38.127 | warning  |              Op | Mismatch between computed MemoryConfig(memory_layout=TensorMemoryLayout::BLOCK_SHARDED,buffer_type=BufferType::L1,shard_spec=ShardSpec(grid={[(x=0,y=0) - (x=7,y=3)]},shape={32, 160},orientation=ShardOrientation::ROW_MAJOR),nd_shard_spec=NdShardSpec(shard_shape=Shape([32, 160]),grid={[(x=0,y=0) - (x=7,y=3)]},orientation=ShardOrientation::ROW_MAJOR,shard_distribution_strategy=ShardDistributionStrategy::GRID_2D),created_with_nd_shard_spec=0) and provided MemoryConfig(memory_layout=TensorMemoryLayout::BLOCK_SHARDED,buffer_type=BufferType::L1,shard_spec=ShardSpec(grid={[(x=0,y=0) - (x=7,y=7)]},shape={32, 160},orientation=ShardOrientation::ROW_MAJOR),nd_shard_spec=std::nullopt,created_with_nd_shard_spec=0) mem config. Using computed config. (matmul_op.cpp:1674)
2026-05-29 10:53:38.128 | INFO     | models.demos.wormhole.stable_diffusion.tt.ttnn_functional_unet_2d_condition_model_new_conv:__call__:491 - Up block 0
2026-05-29 10:53:38.129 | INFO     | models.demos.wormhole.stable_diffusion.tt.ttnn_functional_unet_2d_condition_model_new_conv:__call__:491 - Up block 1
2026-05-29 10:53:38.134 | INFO     | models.demos.wormhole.stable_diffusion.tt.ttnn_functional_unet_2d_condition_model_new_conv:__call__:491 - Up block 2
2026-05-29 10:53:38.142 | INFO     | models.demos.wormhole.stable_diffusion.tt.ttnn_functional_unet_2d_condition_model_new_conv:__call__:491 - Up block 3
2026-05-29 10:53:38.163 | INFO     | models.demos.wormhole.stable_diffusion.tt.ttnn_functional_unet_2d_condition_model_new_conv:__call__:406 - Down block 0
2026-05-29 10:53:38.168 | info     |              Op | act_block_h_override 2 is not a valid override for padded_output_height_ntiles_per_core 7, instead 1 was selected as closest valid option! (conv2d_utils.cpp:401)
2026-05-29 10:53:38.168 | INFO     | models.demos.wormhole.stable_diffusion.tt.ttnn_functional_unet_2d_condition_model_new_conv:__call__:406 - Down block 1
2026-05-29 10:53:38.174 | INFO     | models.demos.wormhole.stable_diffusion.tt.ttnn_functional_unet_2d_condition_model_new_conv:__call__:406 - Down block 2
2026-05-29 10:53:38.177 | INFO     | models.demos.wormhole.stable_diffusion.tt.ttnn_functional_unet_2d_condition_model_new_conv:__call__:406 - Down block 3
2026-05-29 10:53:38.178 | INFO     | models.demos.wormhole.stable_diffusion.tt.ttnn_functional_unet_2d_condition_model_new_conv:__call__:460 - Mid block
2026-05-29 10:53:38.178 | warning  |              Op | Mismatch between computed MemoryConfig(memory_layout=TensorMemoryLayout::BLOCK_SHARDED,buffer_type=BufferType::L1,shard_spec=ShardSpec(grid={[(x=0,y=0) - (x=7,y=3)]},shape={32, 160},orientation=ShardOrientation::ROW_MAJOR),nd_shard_spec=NdShardSpec(shard_shape=Shape([32, 160]),grid={[(x=0,y=0) - (x=7,y=3)]},orientation=ShardOrientation::ROW_MAJOR,shard_distribution_strategy=ShardDistributionStrategy::GRID_2D),created_with_nd_shard_spec=0) and provided MemoryConfig(memory_layout=TensorMemoryLayout::BLOCK_SHARDED,buffer_type=BufferType::L1,shard_spec=ShardSpec(grid={[(x=0,y=0) - (x=7,y=7)]},shape={32, 160},orientation=ShardOrientation::ROW_MAJOR),nd_shard_spec=std::nullopt,created_with_nd_shard_spec=0) mem config. Using computed config. (matmul_op.cpp:1674)
2026-05-29 10:53:38.180 | INFO     | models.demos.wormhole.stable_diffusion.tt.ttnn_functional_unet_2d_condition_model_new_conv:__call__:491 - Up block 0
2026-05-29 10:53:38.181 | INFO     | models.demos.wormhole.stable_diffusion.tt.ttnn_functional_unet_2d_condition_model_new_conv:__call__:491 - Up block 1
2026-05-29 10:53:38.186 | INFO     | models.demos.wormhole.stable_diffusion.tt.ttnn_functional_unet_2d_condition_model_new_conv:__call__:491 - Up block 2
2026-05-29 10:53:38.194 | INFO     | models.demos.wormhole.stable_diffusion.tt.ttnn_functional_unet_2d_condition_model_new_conv:__call__:491 - Up block 3
2026-05-29 10:53:38.214 | INFO     | models.demos.wormhole.stable_diffusion.tt.ttnn_functional_unet_2d_condition_model_new_conv:__call__:406 - Down block 0
2026-05-29 10:53:38.220 | info     |              Op | act_block_h_override 2 is not a valid override for padded_output_height_ntiles_per_core 7, instead 1 was selected as closest valid option! (conv2d_utils.cpp:401)
2026-05-29 10:53:38.220 | INFO     | models.demos.wormhole.stable_diffusion.tt.ttnn_functional_unet_2d_condition_model_new_conv:__call__:406 - Down block 1
2026-05-29 10:53:38.226 | INFO     | models.demos.wormhole.stable_diffusion.tt.ttnn_functional_unet_2d_condition_model_new_conv:__call__:406 - Down block 2
2026-05-29 10:53:38.229 | INFO     | models.demos.wormhole.stable_diffusion.tt.ttnn_functional_unet_2d_condition_model_new_conv:__call__:406 - Down block 3
2026-05-29 10:53:38.230 | INFO     | models.demos.wormhole.stable_diffusion.tt.ttnn_functional_unet_2d_condition_model_new_conv:__call__:460 - Mid block
2026-05-29 10:53:38.230 | warning  |              Op | Mismatch between computed MemoryConfig(memory_layout=TensorMemoryLayout::BLOCK_SHARDED,buffer_type=BufferType::L1,shard_spec=ShardSpec(grid={[(x=0,y=0) - (x=7,y=3)]},shape={32, 160},orientation=ShardOrientation::ROW_MAJOR),nd_shard_spec=NdShardSpec(shard_shape=Shape([32, 160]),grid={[(x=0,y=0) - (x=7,y=3)]},orientation=ShardOrientation::ROW_MAJOR,shard_distribution_strategy=ShardDistributionStrategy::GRID_2D),created_with_nd_shard_spec=0) and provided MemoryConfig(memory_layout=TensorMemoryLayout::BLOCK_SHARDED,buffer_type=BufferType::L1,shard_spec=ShardSpec(grid={[(x=0,y=0) - (x=7,y=7)]},shape={32, 160},orientation=ShardOrientation::ROW_MAJOR),nd_shard_spec=std::nullopt,created_with_nd_shard_spec=0) mem config. Using computed config. (matmul_op.cpp:1674)
2026-05-29 10:53:38.232 | INFO     | models.demos.wormhole.stable_diffusion.tt.ttnn_functional_unet_2d_condition_model_new_conv:__call__:491 - Up block 0
2026-05-29 10:53:38.233 | INFO     | models.demos.wormhole.stable_diffusion.tt.ttnn_functional_unet_2d_condition_model_new_conv:__call__:491 - Up block 1
2026-05-29 10:53:38.238 | INFO     | models.demos.wormhole.stable_diffusion.tt.ttnn_functional_unet_2d_condition_model_new_conv:__call__:491 - Up block 2
2026-05-29 10:53:38.246 | INFO     | models.demos.wormhole.stable_diffusion.tt.ttnn_functional_unet_2d_condition_model_new_conv:__call__:491 - Up block 3
2026-05-29 10:53:38.266 | INFO     | models.demos.wormhole.stable_diffusion.tt.ttnn_functional_unet_2d_condition_model_new_conv:__call__:406 - Down block 0
2026-05-29 10:53:38.272 | info     |              Op | act_block_h_override 2 is not a valid override for padded_output_height_ntiles_per_core 7, instead 1 was selected as closest valid option! (conv2d_utils.cpp:401)
2026-05-29 10:53:38.272 | INFO     | models.demos.wormhole.stable_diffusion.tt.ttnn_functional_unet_2d_condition_model_new_conv:__call__:406 - Down block 1
2026-05-29 10:53:38.277 | INFO     | models.demos.wormhole.stable_diffusion.tt.ttnn_functional_unet_2d_condition_model_new_conv:__call__:406 - Down block 2
2026-05-29 10:53:38.280 | INFO     | models.demos.wormhole.stable_diffusion.tt.ttnn_functional_unet_2d_condition_model_new_conv:__call__:406 - Down block 3
2026-05-29 10:53:38.281 | INFO     | models.demos.wormhole.stable_diffusion.tt.ttnn_functional_unet_2d_condition_model_new_conv:__call__:460 - Mid block
2026-05-29 10:53:38.282 | warning  |              Op | Mismatch between computed MemoryConfig(memory_layout=TensorMemoryLayout::BLOCK_SHARDED,buffer_type=BufferType::L1,shard_spec=ShardSpec(grid={[(x=0,y=0) - (x=7,y=3)]},shape={32, 160},orientation=ShardOrientation::ROW_MAJOR),nd_shard_spec=NdShardSpec(shard_shape=Shape([32, 160]),grid={[(x=0,y=0) - (x=7,y=3)]},orientation=ShardOrientation::ROW_MAJOR,shard_distribution_strategy=ShardDistributionStrategy::GRID_2D),created_with_nd_shard_spec=0) and provided MemoryConfig(memory_layout=TensorMemoryLayout::BLOCK_SHARDED,buffer_type=BufferType::L1,shard_spec=ShardSpec(grid={[(x=0,y=0) - (x=7,y=7)]},shape={32, 160},orientation=ShardOrientation::ROW_MAJOR),nd_shard_spec=std::nullopt,created_with_nd_shard_spec=0) mem config. Using computed config. (matmul_op.cpp:1674)
2026-05-29 10:53:38.283 | INFO     | models.demos.wormhole.stable_diffusion.tt.ttnn_functional_unet_2d_condition_model_new_conv:__call__:491 - Up block 0
2026-05-29 10:53:38.284 | INFO     | models.demos.wormhole.stable_diffusion.tt.ttnn_functional_unet_2d_condition_model_new_conv:__call__:491 - Up block 1
2026-05-29 10:53:38.289 | INFO     | models.demos.wormhole.stable_diffusion.tt.ttnn_functional_unet_2d_condition_model_new_conv:__call__:491 - Up block 2
2026-05-29 10:53:38.297 | INFO     | models.demos.wormhole.stable_diffusion.tt.ttnn_functional_unet_2d_condition_model_new_conv:__call__:491 - Up block 3
  Step 9/41
2026-05-29 10:53:38.320 | INFO     | models.demos.wormhole.stable_diffusion.tt.ttnn_functional_unet_2d_condition_model_new_conv:__call__:406 - Down block 0
2026-05-29 10:53:38.326 | info     |              Op | act_block_h_override 2 is not a valid override for padded_output_height_ntiles_per_core 7, instead 1 was selected as closest valid option! (conv2d_utils.cpp:401)
2026-05-29 10:53:38.326 | INFO     | models.demos.wormhole.stable_diffusion.tt.ttnn_functional_unet_2d_condition_model_new_conv:__call__:406 - Down block 1
2026-05-29 10:53:38.332 | INFO     | models.demos.wormhole.stable_diffusion.tt.ttnn_functional_unet_2d_condition_model_new_conv:__call__:406 - Down block 2
2026-05-29 10:53:38.336 | INFO     | models.demos.wormhole.stable_diffusion.tt.ttnn_functional_unet_2d_condition_model_new_conv:__call__:406 - Down block 3
2026-05-29 10:53:38.336 | INFO     | models.demos.wormhole.stable_diffusion.tt.ttnn_functional_unet_2d_condition_model_new_conv:__call__:460 - Mid block
2026-05-29 10:53:38.337 | warning  |              Op | Mismatch between computed MemoryConfig(memory_layout=TensorMemoryLayout::BLOCK_SHARDED,buffer_type=BufferType::L1,shard_spec=ShardSpec(grid={[(x=0,y=0) - (x=7,y=3)]},shape={32, 160},orientation=ShardOrientation::ROW_MAJOR),nd_shard_spec=NdShardSpec(shard_shape=Shape([32, 160]),grid={[(x=0,y=0) - (x=7,y=3)]},orientation=ShardOrientation::ROW_MAJOR,shard_distribution_strategy=ShardDistributionStrategy::GRID_2D),created_with_nd_shard_spec=0) and provided MemoryConfig(memory_layout=TensorMemoryLayout::BLOCK_SHARDED,buffer_type=BufferType::L1,shard_spec=ShardSpec(grid={[(x=0,y=0) - (x=7,y=7)]},shape={32, 160},orientation=ShardOrientation::ROW_MAJOR),nd_shard_spec=std::nullopt,created_with_nd_shard_spec=0) mem config. Using computed config. (matmul_op.cpp:1674)
2026-05-29 10:53:38.338 | INFO     | models.demos.wormhole.stable_diffusion.tt.ttnn_functional_unet_2d_condition_model_new_conv:__call__:491 - Up block 0
2026-05-29 10:53:38.340 | INFO     | models.demos.wormhole.stable_diffusion.tt.ttnn_functional_unet_2d_condition_model_new_conv:__call__:491 - Up block 1
2026-05-29 10:53:38.345 | INFO     | models.demos.wormhole.stable_diffusion.tt.ttnn_functional_unet_2d_condition_model_new_conv:__call__:491 - Up block 2
2026-05-29 10:53:38.353 | INFO     | models.demos.wormhole.stable_diffusion.tt.ttnn_functional_unet_2d_condition_model_new_conv:__call__:491 - Up block 3
2026-05-29 10:53:38.373 | INFO     | models.demos.wormhole.stable_diffusion.tt.ttnn_functional_unet_2d_condition_model_new_conv:__call__:406 - Down block 0
2026-05-29 10:53:38.378 | info     |              Op | act_block_h_override 2 is not a valid override for padded_output_height_ntiles_per_core 7, instead 1 was selected as closest valid option! (conv2d_utils.cpp:401)
2026-05-29 10:53:38.378 | INFO     | models.demos.wormhole.stable_diffusion.tt.ttnn_functional_unet_2d_condition_model_new_conv:__call__:406 - Down block 1
2026-05-29 10:53:38.384 | INFO     | models.demos.wormhole.stable_diffusion.tt.ttnn_functional_unet_2d_condition_model_new_conv:__call__:406 - Down block 2
2026-05-29 10:53:38.387 | INFO     | models.demos.wormhole.stable_diffusion.tt.ttnn_functional_unet_2d_condition_model_new_conv:__call__:406 - Down block 3
2026-05-29 10:53:38.388 | INFO     | models.demos.wormhole.stable_diffusion.tt.ttnn_functional_unet_2d_condition_model_new_conv:__call__:460 - Mid block
2026-05-29 10:53:38.388 | warning  |              Op | Mismatch between computed MemoryConfig(memory_layout=TensorMemoryLayout::BLOCK_SHARDED,buffer_type=BufferType::L1,shard_spec=ShardSpec(grid={[(x=0,y=0) - (x=7,y=3)]},shape={32, 160},orientation=ShardOrientation::ROW_MAJOR),nd_shard_spec=NdShardSpec(shard_shape=Shape([32, 160]),grid={[(x=0,y=0) - (x=7,y=3)]},orientation=ShardOrientation::ROW_MAJOR,shard_distribution_strategy=ShardDistributionStrategy::GRID_2D),created_with_nd_shard_spec=0) and provided MemoryConfig(memory_layout=TensorMemoryLayout::BLOCK_SHARDED,buffer_type=BufferType::L1,shard_spec=ShardSpec(grid={[(x=0,y=0) - (x=7,y=7)]},shape={32, 160},orientation=ShardOrientation::ROW_MAJOR),nd_shard_spec=std::nullopt,created_with_nd_shard_spec=0) mem config. Using computed config. (matmul_op.cpp:1674)
2026-05-29 10:53:38.390 | INFO     | models.demos.wormhole.stable_diffusion.tt.ttnn_functional_unet_2d_condition_model_new_conv:__call__:491 - Up block 0
2026-05-29 10:53:38.391 | INFO     | models.demos.wormhole.stable_diffusion.tt.ttnn_functional_unet_2d_condition_model_new_conv:__call__:491 - Up block 1
2026-05-29 10:53:38.396 | INFO     | models.demos.wormhole.stable_diffusion.tt.ttnn_functional_unet_2d_condition_model_new_conv:__call__:491 - Up block 2
2026-05-29 10:53:38.404 | INFO     | models.demos.wormhole.stable_diffusion.tt.ttnn_functional_unet_2d_condition_model_new_conv:__call__:491 - Up block 3
2026-05-29 10:53:38.424 | INFO     | models.demos.wormhole.stable_diffusion.tt.ttnn_functional_unet_2d_condition_model_new_conv:__call__:406 - Down block 0
2026-05-29 10:53:38.430 | info     |              Op | act_block_h_override 2 is not a valid override for padded_output_height_ntiles_per_core 7, instead 1 was selected as closest valid option! (conv2d_utils.cpp:401)
2026-05-29 10:53:38.430 | INFO     | models.demos.wormhole.stable_diffusion.tt.ttnn_functional_unet_2d_condition_model_new_conv:__call__:406 - Down block 1
2026-05-29 10:53:38.436 | INFO     | models.demos.wormhole.stable_diffusion.tt.ttnn_functional_unet_2d_condition_model_new_conv:__call__:406 - Down block 2
2026-05-29 10:53:38.439 | INFO     | models.demos.wormhole.stable_diffusion.tt.ttnn_functional_unet_2d_condition_model_new_conv:__call__:406 - Down block 3
2026-05-29 10:53:38.440 | INFO     | models.demos.wormhole.stable_diffusion.tt.ttnn_functional_unet_2d_condition_model_new_conv:__call__:460 - Mid block
2026-05-29 10:53:38.440 | warning  |              Op | Mismatch between computed MemoryConfig(memory_layout=TensorMemoryLayout::BLOCK_SHARDED,buffer_type=BufferType::L1,shard_spec=ShardSpec(grid={[(x=0,y=0) - (x=7,y=3)]},shape={32, 160},orientation=ShardOrientation::ROW_MAJOR),nd_shard_spec=NdShardSpec(shard_shape=Shape([32, 160]),grid={[(x=0,y=0) - (x=7,y=3)]},orientation=ShardOrientation::ROW_MAJOR,shard_distribution_strategy=ShardDistributionStrategy::GRID_2D),created_with_nd_shard_spec=0) and provided MemoryConfig(memory_layout=TensorMemoryLayout::BLOCK_SHARDED,buffer_type=BufferType::L1,shard_spec=ShardSpec(grid={[(x=0,y=0) - (x=7,y=7)]},shape={32, 160},orientation=ShardOrientation::ROW_MAJOR),nd_shard_spec=std::nullopt,created_with_nd_shard_spec=0) mem config. Using computed config. (matmul_op.cpp:1674)
2026-05-29 10:53:38.442 | INFO     | models.demos.wormhole.stable_diffusion.tt.ttnn_functional_unet_2d_condition_model_new_conv:__call__:491 - Up block 0
2026-05-29 10:53:38.443 | INFO     | models.demos.wormhole.stable_diffusion.tt.ttnn_functional_unet_2d_condition_model_new_conv:__call__:491 - Up block 1
2026-05-29 10:53:38.448 | INFO     | models.demos.wormhole.stable_diffusion.tt.ttnn_functional_unet_2d_condition_model_new_conv:__call__:491 - Up block 2
2026-05-29 10:53:38.456 | INFO     | models.demos.wormhole.stable_diffusion.tt.ttnn_functional_unet_2d_condition_model_new_conv:__call__:491 - Up block 3
2026-05-29 10:53:38.476 | INFO     | models.demos.wormhole.stable_diffusion.tt.ttnn_functional_unet_2d_condition_model_new_conv:__call__:406 - Down block 0
2026-05-29 10:53:38.482 | info     |              Op | act_block_h_override 2 is not a valid override for padded_output_height_ntiles_per_core 7, instead 1 was selected as closest valid option! (conv2d_utils.cpp:401)
2026-05-29 10:53:38.482 | INFO     | models.demos.wormhole.stable_diffusion.tt.ttnn_functional_unet_2d_condition_model_new_conv:__call__:406 - Down block 1
2026-05-29 10:53:38.487 | INFO     | models.demos.wormhole.stable_diffusion.tt.ttnn_functional_unet_2d_condition_model_new_conv:__call__:406 - Down block 2
2026-05-29 10:53:38.491 | INFO     | models.demos.wormhole.stable_diffusion.tt.ttnn_functional_unet_2d_condition_model_new_conv:__call__:406 - Down block 3
2026-05-29 10:53:38.491 | INFO     | models.demos.wormhole.stable_diffusion.tt.ttnn_functional_unet_2d_condition_model_new_conv:__call__:460 - Mid block
2026-05-29 10:53:38.492 | warning  |              Op | Mismatch between computed MemoryConfig(memory_layout=TensorMemoryLayout::BLOCK_SHARDED,buffer_type=BufferType::L1,shard_spec=ShardSpec(grid={[(x=0,y=0) - (x=7,y=3)]},shape={32, 160},orientation=ShardOrientation::ROW_MAJOR),nd_shard_spec=NdShardSpec(shard_shape=Shape([32, 160]),grid={[(x=0,y=0) - (x=7,y=3)]},orientation=ShardOrientation::ROW_MAJOR,shard_distribution_strategy=ShardDistributionStrategy::GRID_2D),created_with_nd_shard_spec=0) and provided MemoryConfig(memory_layout=TensorMemoryLayout::BLOCK_SHARDED,buffer_type=BufferType::L1,shard_spec=ShardSpec(grid={[(x=0,y=0) - (x=7,y=7)]},shape={32, 160},orientation=ShardOrientation::ROW_MAJOR),nd_shard_spec=std::nullopt,created_with_nd_shard_spec=0) mem config. Using computed config. (matmul_op.cpp:1674)
2026-05-29 10:53:38.493 | INFO     | models.demos.wormhole.stable_diffusion.tt.ttnn_functional_unet_2d_condition_model_new_conv:__call__:491 - Up block 0
2026-05-29 10:53:38.494 | INFO     | models.demos.wormhole.stable_diffusion.tt.ttnn_functional_unet_2d_condition_model_new_conv:__call__:491 - Up block 1
2026-05-29 10:53:38.499 | INFO     | models.demos.wormhole.stable_diffusion.tt.ttnn_functional_unet_2d_condition_model_new_conv:__call__:491 - Up block 2
2026-05-29 10:53:38.507 | INFO     | models.demos.wormhole.stable_diffusion.tt.ttnn_functional_unet_2d_condition_model_new_conv:__call__:491 - Up block 3
2026-05-29 10:53:38.528 | INFO     | models.demos.wormhole.stable_diffusion.tt.ttnn_functional_unet_2d_condition_model_new_conv:__call__:406 - Down block 0
2026-05-29 10:53:38.534 | info     |              Op | act_block_h_override 2 is not a valid override for padded_output_height_ntiles_per_core 7, instead 1 was selected as closest valid option! (conv2d_utils.cpp:401)
2026-05-29 10:53:38.534 | INFO     | models.demos.wormhole.stable_diffusion.tt.ttnn_functional_unet_2d_condition_model_new_conv:__call__:406 - Down block 1
2026-05-29 10:53:38.539 | INFO     | models.demos.wormhole.stable_diffusion.tt.ttnn_functional_unet_2d_condition_model_new_conv:__call__:406 - Down block 2
2026-05-29 10:53:38.543 | INFO     | models.demos.wormhole.stable_diffusion.tt.ttnn_functional_unet_2d_condition_model_new_conv:__call__:406 - Down block 3
2026-05-29 10:53:38.544 | INFO     | models.demos.wormhole.stable_diffusion.tt.ttnn_functional_unet_2d_condition_model_new_conv:__call__:460 - Mid block
2026-05-29 10:53:38.544 | warning  |              Op | Mismatch between computed MemoryConfig(memory_layout=TensorMemoryLayout::BLOCK_SHARDED,buffer_type=BufferType::L1,shard_spec=ShardSpec(grid={[(x=0,y=0) - (x=7,y=3)]},shape={32, 160},orientation=ShardOrientation::ROW_MAJOR),nd_shard_spec=NdShardSpec(shard_shape=Shape([32, 160]),grid={[(x=0,y=0) - (x=7,y=3)]},orientation=ShardOrientation::ROW_MAJOR,shard_distribution_strategy=ShardDistributionStrategy::GRID_2D),created_with_nd_shard_spec=0) and provided MemoryConfig(memory_layout=TensorMemoryLayout::BLOCK_SHARDED,buffer_type=BufferType::L1,shard_spec=ShardSpec(grid={[(x=0,y=0) - (x=7,y=7)]},shape={32, 160},orientation=ShardOrientation::ROW_MAJOR),nd_shard_spec=std::nullopt,created_with_nd_shard_spec=0) mem config. Using computed config. (matmul_op.cpp:1674)
2026-05-29 10:53:38.545 | INFO     | models.demos.wormhole.stable_diffusion.tt.ttnn_functional_unet_2d_condition_model_new_conv:__call__:491 - Up block 0
2026-05-29 10:53:38.547 | INFO     | models.demos.wormhole.stable_diffusion.tt.ttnn_functional_unet_2d_condition_model_new_conv:__call__:491 - Up block 1
2026-05-29 10:53:38.552 | INFO     | models.demos.wormhole.stable_diffusion.tt.ttnn_functional_unet_2d_condition_model_new_conv:__call__:491 - Up block 2
2026-05-29 10:53:38.560 | INFO     | models.demos.wormhole.stable_diffusion.tt.ttnn_functional_unet_2d_condition_model_new_conv:__call__:491 - Up block 3
2026-05-29 10:53:38.580 | INFO     | models.demos.wormhole.stable_diffusion.tt.ttnn_functional_unet_2d_condition_model_new_conv:__call__:406 - Down block 0
2026-05-29 10:53:38.586 | info     |              Op | act_block_h_override 2 is not a valid override for padded_output_height_ntiles_per_core 7, instead 1 was selected as closest valid option! (conv2d_utils.cpp:401)
2026-05-29 10:53:38.586 | INFO     | models.demos.wormhole.stable_diffusion.tt.ttnn_functional_unet_2d_condition_model_new_conv:__call__:406 - Down block 1
2026-05-29 10:53:38.591 | INFO     | models.demos.wormhole.stable_diffusion.tt.ttnn_functional_unet_2d_condition_model_new_conv:__call__:406 - Down block 2
2026-05-29 10:53:38.594 | INFO     | models.demos.wormhole.stable_diffusion.tt.ttnn_functional_unet_2d_condition_model_new_conv:__call__:406 - Down block 3
2026-05-29 10:53:38.595 | INFO     | models.demos.wormhole.stable_diffusion.tt.ttnn_functional_unet_2d_condition_model_new_conv:__call__:460 - Mid block
2026-05-29 10:53:38.596 | warning  |              Op | Mismatch between computed MemoryConfig(memory_layout=TensorMemoryLayout::BLOCK_SHARDED,buffer_type=BufferType::L1,shard_spec=ShardSpec(grid={[(x=0,y=0) - (x=7,y=3)]},shape={32, 160},orientation=ShardOrientation::ROW_MAJOR),nd_shard_spec=NdShardSpec(shard_shape=Shape([32, 160]),grid={[(x=0,y=0) - (x=7,y=3)]},orientation=ShardOrientation::ROW_MAJOR,shard_distribution_strategy=ShardDistributionStrategy::GRID_2D),created_with_nd_shard_spec=0) and provided MemoryConfig(memory_layout=TensorMemoryLayout::BLOCK_SHARDED,buffer_type=BufferType::L1,shard_spec=ShardSpec(grid={[(x=0,y=0) - (x=7,y=7)]},shape={32, 160},orientation=ShardOrientation::ROW_MAJOR),nd_shard_spec=std::nullopt,created_with_nd_shard_spec=0) mem config. Using computed config. (matmul_op.cpp:1674)
2026-05-29 10:53:38.597 | INFO     | models.demos.wormhole.stable_diffusion.tt.ttnn_functional_unet_2d_condition_model_new_conv:__call__:491 - Up block 0
2026-05-29 10:53:38.598 | INFO     | models.demos.wormhole.stable_diffusion.tt.ttnn_functional_unet_2d_condition_model_new_conv:__call__:491 - Up block 1
2026-05-29 10:53:38.603 | INFO     | models.demos.wormhole.stable_diffusion.tt.ttnn_functional_unet_2d_condition_model_new_conv:__call__:491 - Up block 2
2026-05-29 10:53:38.611 | INFO     | models.demos.wormhole.stable_diffusion.tt.ttnn_functional_unet_2d_condition_model_new_conv:__call__:491 - Up block 3
2026-05-29 10:53:38.632 | INFO     | models.demos.wormhole.stable_diffusion.tt.ttnn_functional_unet_2d_condition_model_new_conv:__call__:406 - Down block 0
2026-05-29 10:53:38.637 | info     |              Op | act_block_h_override 2 is not a valid override for padded_output_height_ntiles_per_core 7, instead 1 was selected as closest valid option! (conv2d_utils.cpp:401)
2026-05-29 10:53:38.637 | INFO     | models.demos.wormhole.stable_diffusion.tt.ttnn_functional_unet_2d_condition_model_new_conv:__call__:406 - Down block 1
2026-05-29 10:53:38.643 | INFO     | models.demos.wormhole.stable_diffusion.tt.ttnn_functional_unet_2d_condition_model_new_conv:__call__:406 - Down block 2
2026-05-29 10:53:38.646 | INFO     | models.demos.wormhole.stable_diffusion.tt.ttnn_functional_unet_2d_condition_model_new_conv:__call__:406 - Down block 3
2026-05-29 10:53:38.647 | INFO     | models.demos.wormhole.stable_diffusion.tt.ttnn_functional_unet_2d_condition_model_new_conv:__call__:460 - Mid block
2026-05-29 10:53:38.647 | warning  |              Op | Mismatch between computed MemoryConfig(memory_layout=TensorMemoryLayout::BLOCK_SHARDED,buffer_type=BufferType::L1,shard_spec=ShardSpec(grid={[(x=0,y=0) - (x=7,y=3)]},shape={32, 160},orientation=ShardOrientation::ROW_MAJOR),nd_shard_spec=NdShardSpec(shard_shape=Shape([32, 160]),grid={[(x=0,y=0) - (x=7,y=3)]},orientation=ShardOrientation::ROW_MAJOR,shard_distribution_strategy=ShardDistributionStrategy::GRID_2D),created_with_nd_shard_spec=0) and provided MemoryConfig(memory_layout=TensorMemoryLayout::BLOCK_SHARDED,buffer_type=BufferType::L1,shard_spec=ShardSpec(grid={[(x=0,y=0) - (x=7,y=7)]},shape={32, 160},orientation=ShardOrientation::ROW_MAJOR),nd_shard_spec=std::nullopt,created_with_nd_shard_spec=0) mem config. Using computed config. (matmul_op.cpp:1674)
2026-05-29 10:53:38.649 | INFO     | models.demos.wormhole.stable_diffusion.tt.ttnn_functional_unet_2d_condition_model_new_conv:__call__:491 - Up block 0
2026-05-29 10:53:38.650 | INFO     | models.demos.wormhole.stable_diffusion.tt.ttnn_functional_unet_2d_condition_model_new_conv:__call__:491 - Up block 1
2026-05-29 10:53:38.655 | INFO     | models.demos.wormhole.stable_diffusion.tt.ttnn_functional_unet_2d_condition_model_new_conv:__call__:491 - Up block 2
2026-05-29 10:53:38.663 | INFO     | models.demos.wormhole.stable_diffusion.tt.ttnn_functional_unet_2d_condition_model_new_conv:__call__:491 - Up block 3
2026-05-29 10:53:38.683 | INFO     | models.demos.wormhole.stable_diffusion.tt.ttnn_functional_unet_2d_condition_model_new_conv:__call__:406 - Down block 0
2026-05-29 10:53:38.689 | info     |              Op | act_block_h_override 2 is not a valid override for padded_output_height_ntiles_per_core 7, instead 1 was selected as closest valid option! (conv2d_utils.cpp:401)
2026-05-29 10:53:38.689 | INFO     | models.demos.wormhole.stable_diffusion.tt.ttnn_functional_unet_2d_condition_model_new_conv:__call__:406 - Down block 1
2026-05-29 10:53:38.695 | INFO     | models.demos.wormhole.stable_diffusion.tt.ttnn_functional_unet_2d_condition_model_new_conv:__call__:406 - Down block 2
2026-05-29 10:53:38.698 | INFO     | models.demos.wormhole.stable_diffusion.tt.ttnn_functional_unet_2d_condition_model_new_conv:__call__:406 - Down block 3
2026-05-29 10:53:38.699 | INFO     | models.demos.wormhole.stable_diffusion.tt.ttnn_functional_unet_2d_condition_model_new_conv:__call__:460 - Mid block
2026-05-29 10:53:38.699 | warning  |              Op | Mismatch between computed MemoryConfig(memory_layout=TensorMemoryLayout::BLOCK_SHARDED,buffer_type=BufferType::L1,shard_spec=ShardSpec(grid={[(x=0,y=0) - (x=7,y=3)]},shape={32, 160},orientation=ShardOrientation::ROW_MAJOR),nd_shard_spec=NdShardSpec(shard_shape=Shape([32, 160]),grid={[(x=0,y=0) - (x=7,y=3)]},orientation=ShardOrientation::ROW_MAJOR,shard_distribution_strategy=ShardDistributionStrategy::GRID_2D),created_with_nd_shard_spec=0) and provided MemoryConfig(memory_layout=TensorMemoryLayout::BLOCK_SHARDED,buffer_type=BufferType::L1,shard_spec=ShardSpec(grid={[(x=0,y=0) - (x=7,y=7)]},shape={32, 160},orientation=ShardOrientation::ROW_MAJOR),nd_shard_spec=std::nullopt,created_with_nd_shard_spec=0) mem config. Using computed config. (matmul_op.cpp:1674)
2026-05-29 10:53:38.701 | INFO     | models.demos.wormhole.stable_diffusion.tt.ttnn_functional_unet_2d_condition_model_new_conv:__call__:491 - Up block 0
2026-05-29 10:53:38.702 | INFO     | models.demos.wormhole.stable_diffusion.tt.ttnn_functional_unet_2d_condition_model_new_conv:__call__:491 - Up block 1
2026-05-29 10:53:38.707 | INFO     | models.demos.wormhole.stable_diffusion.tt.ttnn_functional_unet_2d_condition_model_new_conv:__call__:491 - Up block 2
2026-05-29 10:53:38.715 | INFO     | models.demos.wormhole.stable_diffusion.tt.ttnn_functional_unet_2d_condition_model_new_conv:__call__:491 - Up block 3
  Step 10/41
2026-05-29 10:53:38.738 | INFO     | models.demos.wormhole.stable_diffusion.tt.ttnn_functional_unet_2d_condition_model_new_conv:__call__:406 - Down block 0
2026-05-29 10:53:38.744 | info     |              Op | act_block_h_override 2 is not a valid override for padded_output_height_ntiles_per_core 7, instead 1 was selected as closest valid option! (conv2d_utils.cpp:401)
2026-05-29 10:53:38.744 | INFO     | models.demos.wormhole.stable_diffusion.tt.ttnn_functional_unet_2d_condition_model_new_conv:__call__:406 - Down block 1
2026-05-29 10:53:38.750 | INFO     | models.demos.wormhole.stable_diffusion.tt.ttnn_functional_unet_2d_condition_model_new_conv:__call__:406 - Down block 2
2026-05-29 10:53:38.753 | INFO     | models.demos.wormhole.stable_diffusion.tt.ttnn_functional_unet_2d_condition_model_new_conv:__call__:406 - Down block 3
2026-05-29 10:53:38.754 | INFO     | models.demos.wormhole.stable_diffusion.tt.ttnn_functional_unet_2d_condition_model_new_conv:__call__:460 - Mid block
2026-05-29 10:53:38.754 | warning  |              Op | Mismatch between computed MemoryConfig(memory_layout=TensorMemoryLayout::BLOCK_SHARDED,buffer_type=BufferType::L1,shard_spec=ShardSpec(grid={[(x=0,y=0) - (x=7,y=3)]},shape={32, 160},orientation=ShardOrientation::ROW_MAJOR),nd_shard_spec=NdShardSpec(shard_shape=Shape([32, 160]),grid={[(x=0,y=0) - (x=7,y=3)]},orientation=ShardOrientation::ROW_MAJOR,shard_distribution_strategy=ShardDistributionStrategy::GRID_2D),created_with_nd_shard_spec=0) and provided MemoryConfig(memory_layout=TensorMemoryLayout::BLOCK_SHARDED,buffer_type=BufferType::L1,shard_spec=ShardSpec(grid={[(x=0,y=0) - (x=7,y=7)]},shape={32, 160},orientation=ShardOrientation::ROW_MAJOR),nd_shard_spec=std::nullopt,created_with_nd_shard_spec=0) mem config. Using computed config. (matmul_op.cpp:1674)
2026-05-29 10:53:38.756 | INFO     | models.demos.wormhole.stable_diffusion.tt.ttnn_functional_unet_2d_condition_model_new_conv:__call__:491 - Up block 0
2026-05-29 10:53:38.757 | INFO     | models.demos.wormhole.stable_diffusion.tt.ttnn_functional_unet_2d_condition_model_new_conv:__call__:491 - Up block 1
2026-05-29 10:53:38.762 | INFO     | models.demos.wormhole.stable_diffusion.tt.ttnn_functional_unet_2d_condition_model_new_conv:__call__:491 - Up block 2
2026-05-29 10:53:38.770 | INFO     | models.demos.wormhole.stable_diffusion.tt.ttnn_functional_unet_2d_condition_model_new_conv:__call__:491 - Up block 3
2026-05-29 10:53:38.790 | INFO     | models.demos.wormhole.stable_diffusion.tt.ttnn_functional_unet_2d_condition_model_new_conv:__call__:406 - Down block 0
2026-05-29 10:53:38.796 | info     |              Op | act_block_h_override 2 is not a valid override for padded_output_height_ntiles_per_core 7, instead 1 was selected as closest valid option! (conv2d_utils.cpp:401)
2026-05-29 10:53:38.796 | INFO     | models.demos.wormhole.stable_diffusion.tt.ttnn_functional_unet_2d_condition_model_new_conv:__call__:406 - Down block 1
2026-05-29 10:53:38.801 | INFO     | models.demos.wormhole.stable_diffusion.tt.ttnn_functional_unet_2d_condition_model_new_conv:__call__:406 - Down block 2
2026-05-29 10:53:38.805 | INFO     | models.demos.wormhole.stable_diffusion.tt.ttnn_functional_unet_2d_condition_model_new_conv:__call__:406 - Down block 3
2026-05-29 10:53:38.806 | INFO     | models.demos.wormhole.stable_diffusion.tt.ttnn_functional_unet_2d_condition_model_new_conv:__call__:460 - Mid block
2026-05-29 10:53:38.806 | warning  |              Op | Mismatch between computed MemoryConfig(memory_layout=TensorMemoryLayout::BLOCK_SHARDED,buffer_type=BufferType::L1,shard_spec=ShardSpec(grid={[(x=0,y=0) - (x=7,y=3)]},shape={32, 160},orientation=ShardOrientation::ROW_MAJOR),nd_shard_spec=NdShardSpec(shard_shape=Shape([32, 160]),grid={[(x=0,y=0) - (x=7,y=3)]},orientation=ShardOrientation::ROW_MAJOR,shard_distribution_strategy=ShardDistributionStrategy::GRID_2D),created_with_nd_shard_spec=0) and provided MemoryConfig(memory_layout=TensorMemoryLayout::BLOCK_SHARDED,buffer_type=BufferType::L1,shard_spec=ShardSpec(grid={[(x=0,y=0) - (x=7,y=7)]},shape={32, 160},orientation=ShardOrientation::ROW_MAJOR),nd_shard_spec=std::nullopt,created_with_nd_shard_spec=0) mem config. Using computed config. (matmul_op.cpp:1674)
2026-05-29 10:53:38.807 | INFO     | models.demos.wormhole.stable_diffusion.tt.ttnn_functional_unet_2d_condition_model_new_conv:__call__:491 - Up block 0
2026-05-29 10:53:38.809 | INFO     | models.demos.wormhole.stable_diffusion.tt.ttnn_functional_unet_2d_condition_model_new_conv:__call__:491 - Up block 1
2026-05-29 10:53:38.814 | INFO     | models.demos.wormhole.stable_diffusion.tt.ttnn_functional_unet_2d_condition_model_new_conv:__call__:491 - Up block 2
2026-05-29 10:53:38.822 | INFO     | models.demos.wormhole.stable_diffusion.tt.ttnn_functional_unet_2d_condition_model_new_conv:__call__:491 - Up block 3
2026-05-29 10:53:38.842 | INFO     | models.demos.wormhole.stable_diffusion.tt.ttnn_functional_unet_2d_condition_model_new_conv:__call__:406 - Down block 0
2026-05-29 10:53:38.848 | info     |              Op | act_block_h_override 2 is not a valid override for padded_output_height_ntiles_per_core 7, instead 1 was selected as closest valid option! (conv2d_utils.cpp:401)
2026-05-29 10:53:38.848 | INFO     | models.demos.wormhole.stable_diffusion.tt.ttnn_functional_unet_2d_condition_model_new_conv:__call__:406 - Down block 1
2026-05-29 10:53:38.853 | INFO     | models.demos.wormhole.stable_diffusion.tt.ttnn_functional_unet_2d_condition_model_new_conv:__call__:406 - Down block 2
2026-05-29 10:53:38.857 | INFO     | models.demos.wormhole.stable_diffusion.tt.ttnn_functional_unet_2d_condition_model_new_conv:__call__:406 - Down block 3
2026-05-29 10:53:38.857 | INFO     | models.demos.wormhole.stable_diffusion.tt.ttnn_functional_unet_2d_condition_model_new_conv:__call__:460 - Mid block
2026-05-29 10:53:38.858 | warning  |              Op | Mismatch between computed MemoryConfig(memory_layout=TensorMemoryLayout::BLOCK_SHARDED,buffer_type=BufferType::L1,shard_spec=ShardSpec(grid={[(x=0,y=0) - (x=7,y=3)]},shape={32, 160},orientation=ShardOrientation::ROW_MAJOR),nd_shard_spec=NdShardSpec(shard_shape=Shape([32, 160]),grid={[(x=0,y=0) - (x=7,y=3)]},orientation=ShardOrientation::ROW_MAJOR,shard_distribution_strategy=ShardDistributionStrategy::GRID_2D),created_with_nd_shard_spec=0) and provided MemoryConfig(memory_layout=TensorMemoryLayout::BLOCK_SHARDED,buffer_type=BufferType::L1,shard_spec=ShardSpec(grid={[(x=0,y=0) - (x=7,y=7)]},shape={32, 160},orientation=ShardOrientation::ROW_MAJOR),nd_shard_spec=std::nullopt,created_with_nd_shard_spec=0) mem config. Using computed config. (matmul_op.cpp:1674)
2026-05-29 10:53:38.859 | INFO     | models.demos.wormhole.stable_diffusion.tt.ttnn_functional_unet_2d_condition_model_new_conv:__call__:491 - Up block 0
2026-05-29 10:53:38.860 | INFO     | models.demos.wormhole.stable_diffusion.tt.ttnn_functional_unet_2d_condition_model_new_conv:__call__:491 - Up block 1
2026-05-29 10:53:38.865 | INFO     | models.demos.wormhole.stable_diffusion.tt.ttnn_functional_unet_2d_condition_model_new_conv:__call__:491 - Up block 2
2026-05-29 10:53:38.873 | INFO     | models.demos.wormhole.stable_diffusion.tt.ttnn_functional_unet_2d_condition_model_new_conv:__call__:491 - Up block 3
2026-05-29 10:53:38.894 | INFO     | models.demos.wormhole.stable_diffusion.tt.ttnn_functional_unet_2d_condition_model_new_conv:__call__:406 - Down block 0
2026-05-29 10:53:38.900 | info     |              Op | act_block_h_override 2 is not a valid override for padded_output_height_ntiles_per_core 7, instead 1 was selected as closest valid option! (conv2d_utils.cpp:401)
2026-05-29 10:53:38.900 | INFO     | models.demos.wormhole.stable_diffusion.tt.ttnn_functional_unet_2d_condition_model_new_conv:__call__:406 - Down block 1
2026-05-29 10:53:38.905 | INFO     | models.demos.wormhole.stable_diffusion.tt.ttnn_functional_unet_2d_condition_model_new_conv:__call__:406 - Down block 2
2026-05-29 10:53:38.909 | INFO     | models.demos.wormhole.stable_diffusion.tt.ttnn_functional_unet_2d_condition_model_new_conv:__call__:406 - Down block 3
2026-05-29 10:53:38.909 | INFO     | models.demos.wormhole.stable_diffusion.tt.ttnn_functional_unet_2d_condition_model_new_conv:__call__:460 - Mid block
2026-05-29 10:53:38.910 | warning  |              Op | Mismatch between computed MemoryConfig(memory_layout=TensorMemoryLayout::BLOCK_SHARDED,buffer_type=BufferType::L1,shard_spec=ShardSpec(grid={[(x=0,y=0) - (x=7,y=3)]},shape={32, 160},orientation=ShardOrientation::ROW_MAJOR),nd_shard_spec=NdShardSpec(shard_shape=Shape([32, 160]),grid={[(x=0,y=0) - (x=7,y=3)]},orientation=ShardOrientation::ROW_MAJOR,shard_distribution_strategy=ShardDistributionStrategy::GRID_2D),created_with_nd_shard_spec=0) and provided MemoryConfig(memory_layout=TensorMemoryLayout::BLOCK_SHARDED,buffer_type=BufferType::L1,shard_spec=ShardSpec(grid={[(x=0,y=0) - (x=7,y=7)]},shape={32, 160},orientation=ShardOrientation::ROW_MAJOR),nd_shard_spec=std::nullopt,created_with_nd_shard_spec=0) mem config. Using computed config. (matmul_op.cpp:1674)
2026-05-29 10:53:38.911 | INFO     | models.demos.wormhole.stable_diffusion.tt.ttnn_functional_unet_2d_condition_model_new_conv:__call__:491 - Up block 0
2026-05-29 10:53:38.913 | INFO     | models.demos.wormhole.stable_diffusion.tt.ttnn_functional_unet_2d_condition_model_new_conv:__call__:491 - Up block 1
2026-05-29 10:53:38.918 | INFO     | models.demos.wormhole.stable_diffusion.tt.ttnn_functional_unet_2d_condition_model_new_conv:__call__:491 - Up block 2
2026-05-29 10:53:38.926 | INFO     | models.demos.wormhole.stable_diffusion.tt.ttnn_functional_unet_2d_condition_model_new_conv:__call__:491 - Up block 3
2026-05-29 10:53:38.946 | INFO     | models.demos.wormhole.stable_diffusion.tt.ttnn_functional_unet_2d_condition_model_new_conv:__call__:406 - Down block 0
2026-05-29 10:53:38.952 | info     |              Op | act_block_h_override 2 is not a valid override for padded_output_height_ntiles_per_core 7, instead 1 was selected as closest valid option! (conv2d_utils.cpp:401)
2026-05-29 10:53:38.952 | INFO     | models.demos.wormhole.stable_diffusion.tt.ttnn_functional_unet_2d_condition_model_new_conv:__call__:406 - Down block 1
2026-05-29 10:53:38.957 | INFO     | models.demos.wormhole.stable_diffusion.tt.ttnn_functional_unet_2d_condition_model_new_conv:__call__:406 - Down block 2
2026-05-29 10:53:38.960 | INFO     | models.demos.wormhole.stable_diffusion.tt.ttnn_functional_unet_2d_condition_model_new_conv:__call__:406 - Down block 3
2026-05-29 10:53:38.961 | INFO     | models.demos.wormhole.stable_diffusion.tt.ttnn_functional_unet_2d_condition_model_new_conv:__call__:460 - Mid block
2026-05-29 10:53:38.961 | warning  |              Op | Mismatch between computed MemoryConfig(memory_layout=TensorMemoryLayout::BLOCK_SHARDED,buffer_type=BufferType::L1,shard_spec=ShardSpec(grid={[(x=0,y=0) - (x=7,y=3)]},shape={32, 160},orientation=ShardOrientation::ROW_MAJOR),nd_shard_spec=NdShardSpec(shard_shape=Shape([32, 160]),grid={[(x=0,y=0) - (x=7,y=3)]},orientation=ShardOrientation::ROW_MAJOR,shard_distribution_strategy=ShardDistributionStrategy::GRID_2D),created_with_nd_shard_spec=0) and provided MemoryConfig(memory_layout=TensorMemoryLayout::BLOCK_SHARDED,buffer_type=BufferType::L1,shard_spec=ShardSpec(grid={[(x=0,y=0) - (x=7,y=7)]},shape={32, 160},orientation=ShardOrientation::ROW_MAJOR),nd_shard_spec=std::nullopt,created_with_nd_shard_spec=0) mem config. Using computed config. (matmul_op.cpp:1674)
2026-05-29 10:53:38.963 | INFO     | models.demos.wormhole.stable_diffusion.tt.ttnn_functional_unet_2d_condition_model_new_conv:__call__:491 - Up block 0
2026-05-29 10:53:38.964 | INFO     | models.demos.wormhole.stable_diffusion.tt.ttnn_functional_unet_2d_condition_model_new_conv:__call__:491 - Up block 1
2026-05-29 10:53:38.969 | INFO     | models.demos.wormhole.stable_diffusion.tt.ttnn_functional_unet_2d_condition_model_new_conv:__call__:491 - Up block 2
2026-05-29 10:53:38.977 | INFO     | models.demos.wormhole.stable_diffusion.tt.ttnn_functional_unet_2d_condition_model_new_conv:__call__:491 - Up block 3
2026-05-29 10:53:38.998 | INFO     | models.demos.wormhole.stable_diffusion.tt.ttnn_functional_unet_2d_condition_model_new_conv:__call__:406 - Down block 0
2026-05-29 10:53:39.004 | info     |              Op | act_block_h_override 2 is not a valid override for padded_output_height_ntiles_per_core 7, instead 1 was selected as closest valid option! (conv2d_utils.cpp:401)
2026-05-29 10:53:39.004 | INFO     | models.demos.wormhole.stable_diffusion.tt.ttnn_functional_unet_2d_condition_model_new_conv:__call__:406 - Down block 1
2026-05-29 10:53:39.009 | INFO     | models.demos.wormhole.stable_diffusion.tt.ttnn_functional_unet_2d_condition_model_new_conv:__call__:406 - Down block 2
2026-05-29 10:53:39.013 | INFO     | models.demos.wormhole.stable_diffusion.tt.ttnn_functional_unet_2d_condition_model_new_conv:__call__:406 - Down block 3
2026-05-29 10:53:39.014 | INFO     | models.demos.wormhole.stable_diffusion.tt.ttnn_functional_unet_2d_condition_model_new_conv:__call__:460 - Mid block
2026-05-29 10:53:39.014 | warning  |              Op | Mismatch between computed MemoryConfig(memory_layout=TensorMemoryLayout::BLOCK_SHARDED,buffer_type=BufferType::L1,shard_spec=ShardSpec(grid={[(x=0,y=0) - (x=7,y=3)]},shape={32, 160},orientation=ShardOrientation::ROW_MAJOR),nd_shard_spec=NdShardSpec(shard_shape=Shape([32, 160]),grid={[(x=0,y=0) - (x=7,y=3)]},orientation=ShardOrientation::ROW_MAJOR,shard_distribution_strategy=ShardDistributionStrategy::GRID_2D),created_with_nd_shard_spec=0) and provided MemoryConfig(memory_layout=TensorMemoryLayout::BLOCK_SHARDED,buffer_type=BufferType::L1,shard_spec=ShardSpec(grid={[(x=0,y=0) - (x=7,y=7)]},shape={32, 160},orientation=ShardOrientation::ROW_MAJOR),nd_shard_spec=std::nullopt,created_with_nd_shard_spec=0) mem config. Using computed config. (matmul_op.cpp:1674)
2026-05-29 10:53:39.015 | INFO     | models.demos.wormhole.stable_diffusion.tt.ttnn_functional_unet_2d_condition_model_new_conv:__call__:491 - Up block 0
2026-05-29 10:53:39.017 | INFO     | models.demos.wormhole.stable_diffusion.tt.ttnn_functional_unet_2d_condition_model_new_conv:__call__:491 - Up block 1
2026-05-29 10:53:39.022 | INFO     | models.demos.wormhole.stable_diffusion.tt.ttnn_functional_unet_2d_condition_model_new_conv:__call__:491 - Up block 2
2026-05-29 10:53:39.030 | INFO     | models.demos.wormhole.stable_diffusion.tt.ttnn_functional_unet_2d_condition_model_new_conv:__call__:491 - Up block 3
2026-05-29 10:53:39.050 | INFO     | models.demos.wormhole.stable_diffusion.tt.ttnn_functional_unet_2d_condition_model_new_conv:__call__:406 - Down block 0
2026-05-29 10:53:39.056 | info     |              Op | act_block_h_override 2 is not a valid override for padded_output_height_ntiles_per_core 7, instead 1 was selected as closest valid option! (conv2d_utils.cpp:401)
2026-05-29 10:53:39.056 | INFO     | models.demos.wormhole.stable_diffusion.tt.ttnn_functional_unet_2d_condition_model_new_conv:__call__:406 - Down block 1
2026-05-29 10:53:39.061 | INFO     | models.demos.wormhole.stable_diffusion.tt.ttnn_functional_unet_2d_condition_model_new_conv:__call__:406 - Down block 2
2026-05-29 10:53:39.065 | INFO     | models.demos.wormhole.stable_diffusion.tt.ttnn_functional_unet_2d_condition_model_new_conv:__call__:406 - Down block 3
2026-05-29 10:53:39.066 | INFO     | models.demos.wormhole.stable_diffusion.tt.ttnn_functional_unet_2d_condition_model_new_conv:__call__:460 - Mid block
2026-05-29 10:53:39.066 | warning  |              Op | Mismatch between computed MemoryConfig(memory_layout=TensorMemoryLayout::BLOCK_SHARDED,buffer_type=BufferType::L1,shard_spec=ShardSpec(grid={[(x=0,y=0) - (x=7,y=3)]},shape={32, 160},orientation=ShardOrientation::ROW_MAJOR),nd_shard_spec=NdShardSpec(shard_shape=Shape([32, 160]),grid={[(x=0,y=0) - (x=7,y=3)]},orientation=ShardOrientation::ROW_MAJOR,shard_distribution_strategy=ShardDistributionStrategy::GRID_2D),created_with_nd_shard_spec=0) and provided MemoryConfig(memory_layout=TensorMemoryLayout::BLOCK_SHARDED,buffer_type=BufferType::L1,shard_spec=ShardSpec(grid={[(x=0,y=0) - (x=7,y=7)]},shape={32, 160},orientation=ShardOrientation::ROW_MAJOR),nd_shard_spec=std::nullopt,created_with_nd_shard_spec=0) mem config. Using computed config. (matmul_op.cpp:1674)
2026-05-29 10:53:39.068 | INFO     | models.demos.wormhole.stable_diffusion.tt.ttnn_functional_unet_2d_condition_model_new_conv:__call__:491 - Up block 0
2026-05-29 10:53:39.069 | INFO     | models.demos.wormhole.stable_diffusion.tt.ttnn_functional_unet_2d_condition_model_new_conv:__call__:491 - Up block 1
2026-05-29 10:53:39.074 | INFO     | models.demos.wormhole.stable_diffusion.tt.ttnn_functional_unet_2d_condition_model_new_conv:__call__:491 - Up block 2
2026-05-29 10:53:39.082 | INFO     | models.demos.wormhole.stable_diffusion.tt.ttnn_functional_unet_2d_condition_model_new_conv:__call__:491 - Up block 3
2026-05-29 10:53:39.102 | INFO     | models.demos.wormhole.stable_diffusion.tt.ttnn_functional_unet_2d_condition_model_new_conv:__call__:406 - Down block 0
2026-05-29 10:53:39.108 | info     |              Op | act_block_h_override 2 is not a valid override for padded_output_height_ntiles_per_core 7, instead 1 was selected as closest valid option! (conv2d_utils.cpp:401)
2026-05-29 10:53:39.108 | INFO     | models.demos.wormhole.stable_diffusion.tt.ttnn_functional_unet_2d_condition_model_new_conv:__call__:406 - Down block 1
2026-05-29 10:53:39.113 | INFO     | models.demos.wormhole.stable_diffusion.tt.ttnn_functional_unet_2d_condition_model_new_conv:__call__:406 - Down block 2
2026-05-29 10:53:39.117 | INFO     | models.demos.wormhole.stable_diffusion.tt.ttnn_functional_unet_2d_condition_model_new_conv:__call__:406 - Down block 3
2026-05-29 10:53:39.117 | INFO     | models.demos.wormhole.stable_diffusion.tt.ttnn_functional_unet_2d_condition_model_new_conv:__call__:460 - Mid block
2026-05-29 10:53:39.118 | warning  |              Op | Mismatch between computed MemoryConfig(memory_layout=TensorMemoryLayout::BLOCK_SHARDED,buffer_type=BufferType::L1,shard_spec=ShardSpec(grid={[(x=0,y=0) - (x=7,y=3)]},shape={32, 160},orientation=ShardOrientation::ROW_MAJOR),nd_shard_spec=NdShardSpec(shard_shape=Shape([32, 160]),grid={[(x=0,y=0) - (x=7,y=3)]},orientation=ShardOrientation::ROW_MAJOR,shard_distribution_strategy=ShardDistributionStrategy::GRID_2D),created_with_nd_shard_spec=0) and provided MemoryConfig(memory_layout=TensorMemoryLayout::BLOCK_SHARDED,buffer_type=BufferType::L1,shard_spec=ShardSpec(grid={[(x=0,y=0) - (x=7,y=7)]},shape={32, 160},orientation=ShardOrientation::ROW_MAJOR),nd_shard_spec=std::nullopt,created_with_nd_shard_spec=0) mem config. Using computed config. (matmul_op.cpp:1674)
2026-05-29 10:53:39.119 | INFO     | models.demos.wormhole.stable_diffusion.tt.ttnn_functional_unet_2d_condition_model_new_conv:__call__:491 - Up block 0
2026-05-29 10:53:39.120 | INFO     | models.demos.wormhole.stable_diffusion.tt.ttnn_functional_unet_2d_condition_model_new_conv:__call__:491 - Up block 1
2026-05-29 10:53:39.125 | INFO     | models.demos.wormhole.stable_diffusion.tt.ttnn_functional_unet_2d_condition_model_new_conv:__call__:491 - Up block 2
2026-05-29 10:53:39.133 | INFO     | models.demos.wormhole.stable_diffusion.tt.ttnn_functional_unet_2d_condition_model_new_conv:__call__:491 - Up block 3
  Step 11/41
2026-05-29 10:53:39.156 | INFO     | models.demos.wormhole.stable_diffusion.tt.ttnn_functional_unet_2d_condition_model_new_conv:__call__:406 - Down block 0
2026-05-29 10:53:39.163 | info     |              Op | act_block_h_override 2 is not a valid override for padded_output_height_ntiles_per_core 7, instead 1 was selected as closest valid option! (conv2d_utils.cpp:401)
2026-05-29 10:53:39.163 | INFO     | models.demos.wormhole.stable_diffusion.tt.ttnn_functional_unet_2d_condition_model_new_conv:__call__:406 - Down block 1
2026-05-29 10:53:39.169 | INFO     | models.demos.wormhole.stable_diffusion.tt.ttnn_functional_unet_2d_condition_model_new_conv:__call__:406 - Down block 2
2026-05-29 10:53:39.172 | INFO     | models.demos.wormhole.stable_diffusion.tt.ttnn_functional_unet_2d_condition_model_new_conv:__call__:406 - Down block 3
2026-05-29 10:53:39.173 | INFO     | models.demos.wormhole.stable_diffusion.tt.ttnn_functional_unet_2d_condition_model_new_conv:__call__:460 - Mid block
2026-05-29 10:53:39.173 | warning  |              Op | Mismatch between computed MemoryConfig(memory_layout=TensorMemoryLayout::BLOCK_SHARDED,buffer_type=BufferType::L1,shard_spec=ShardSpec(grid={[(x=0,y=0) - (x=7,y=3)]},shape={32, 160},orientation=ShardOrientation::ROW_MAJOR),nd_shard_spec=NdShardSpec(shard_shape=Shape([32, 160]),grid={[(x=0,y=0) - (x=7,y=3)]},orientation=ShardOrientation::ROW_MAJOR,shard_distribution_strategy=ShardDistributionStrategy::GRID_2D),created_with_nd_shard_spec=0) and provided MemoryConfig(memory_layout=TensorMemoryLayout::BLOCK_SHARDED,buffer_type=BufferType::L1,shard_spec=ShardSpec(grid={[(x=0,y=0) - (x=7,y=7)]},shape={32, 160},orientation=ShardOrientation::ROW_MAJOR),nd_shard_spec=std::nullopt,created_with_nd_shard_spec=0) mem config. Using computed config. (matmul_op.cpp:1674)
2026-05-29 10:53:39.175 | INFO     | models.demos.wormhole.stable_diffusion.tt.ttnn_functional_unet_2d_condition_model_new_conv:__call__:491 - Up block 0
2026-05-29 10:53:39.176 | INFO     | models.demos.wormhole.stable_diffusion.tt.ttnn_functional_unet_2d_condition_model_new_conv:__call__:491 - Up block 1
2026-05-29 10:53:39.181 | INFO     | models.demos.wormhole.stable_diffusion.tt.ttnn_functional_unet_2d_condition_model_new_conv:__call__:491 - Up block 2
2026-05-29 10:53:39.189 | INFO     | models.demos.wormhole.stable_diffusion.tt.ttnn_functional_unet_2d_condition_model_new_conv:__call__:491 - Up block 3
2026-05-29 10:53:39.209 | INFO     | models.demos.wormhole.stable_diffusion.tt.ttnn_functional_unet_2d_condition_model_new_conv:__call__:406 - Down block 0
2026-05-29 10:53:39.215 | info     |              Op | act_block_h_override 2 is not a valid override for padded_output_height_ntiles_per_core 7, instead 1 was selected as closest valid option! (conv2d_utils.cpp:401)
2026-05-29 10:53:39.215 | INFO     | models.demos.wormhole.stable_diffusion.tt.ttnn_functional_unet_2d_condition_model_new_conv:__call__:406 - Down block 1
2026-05-29 10:53:39.220 | INFO     | models.demos.wormhole.stable_diffusion.tt.ttnn_functional_unet_2d_condition_model_new_conv:__call__:406 - Down block 2
2026-05-29 10:53:39.224 | INFO     | models.demos.wormhole.stable_diffusion.tt.ttnn_functional_unet_2d_condition_model_new_conv:__call__:406 - Down block 3
2026-05-29 10:53:39.224 | INFO     | models.demos.wormhole.stable_diffusion.tt.ttnn_functional_unet_2d_condition_model_new_conv:__call__:460 - Mid block
2026-05-29 10:53:39.225 | warning  |              Op | Mismatch between computed MemoryConfig(memory_layout=TensorMemoryLayout::BLOCK_SHARDED,buffer_type=BufferType::L1,shard_spec=ShardSpec(grid={[(x=0,y=0) - (x=7,y=3)]},shape={32, 160},orientation=ShardOrientation::ROW_MAJOR),nd_shard_spec=NdShardSpec(shard_shape=Shape([32, 160]),grid={[(x=0,y=0) - (x=7,y=3)]},orientation=ShardOrientation::ROW_MAJOR,shard_distribution_strategy=ShardDistributionStrategy::GRID_2D),created_with_nd_shard_spec=0) and provided MemoryConfig(memory_layout=TensorMemoryLayout::BLOCK_SHARDED,buffer_type=BufferType::L1,shard_spec=ShardSpec(grid={[(x=0,y=0) - (x=7,y=7)]},shape={32, 160},orientation=ShardOrientation::ROW_MAJOR),nd_shard_spec=std::nullopt,created_with_nd_shard_spec=0) mem config. Using computed config. (matmul_op.cpp:1674)
2026-05-29 10:53:39.226 | INFO     | models.demos.wormhole.stable_diffusion.tt.ttnn_functional_unet_2d_condition_model_new_conv:__call__:491 - Up block 0
2026-05-29 10:53:39.228 | INFO     | models.demos.wormhole.stable_diffusion.tt.ttnn_functional_unet_2d_condition_model_new_conv:__call__:491 - Up block 1
2026-05-29 10:53:39.233 | INFO     | models.demos.wormhole.stable_diffusion.tt.ttnn_functional_unet_2d_condition_model_new_conv:__call__:491 - Up block 2
2026-05-29 10:53:39.241 | INFO     | models.demos.wormhole.stable_diffusion.tt.ttnn_functional_unet_2d_condition_model_new_conv:__call__:491 - Up block 3
2026-05-29 10:53:39.261 | INFO     | models.demos.wormhole.stable_diffusion.tt.ttnn_functional_unet_2d_condition_model_new_conv:__call__:406 - Down block 0
2026-05-29 10:53:39.267 | info     |              Op | act_block_h_override 2 is not a valid override for padded_output_height_ntiles_per_core 7, instead 1 was selected as closest valid option! (conv2d_utils.cpp:401)
2026-05-29 10:53:39.267 | INFO     | models.demos.wormhole.stable_diffusion.tt.ttnn_functional_unet_2d_condition_model_new_conv:__call__:406 - Down block 1
2026-05-29 10:53:39.272 | INFO     | models.demos.wormhole.stable_diffusion.tt.ttnn_functional_unet_2d_condition_model_new_conv:__call__:406 - Down block 2
2026-05-29 10:53:39.276 | INFO     | models.demos.wormhole.stable_diffusion.tt.ttnn_functional_unet_2d_condition_model_new_conv:__call__:406 - Down block 3
2026-05-29 10:53:39.277 | INFO     | models.demos.wormhole.stable_diffusion.tt.ttnn_functional_unet_2d_condition_model_new_conv:__call__:460 - Mid block
2026-05-29 10:53:39.277 | warning  |              Op | Mismatch between computed MemoryConfig(memory_layout=TensorMemoryLayout::BLOCK_SHARDED,buffer_type=BufferType::L1,shard_spec=ShardSpec(grid={[(x=0,y=0) - (x=7,y=3)]},shape={32, 160},orientation=ShardOrientation::ROW_MAJOR),nd_shard_spec=NdShardSpec(shard_shape=Shape([32, 160]),grid={[(x=0,y=0) - (x=7,y=3)]},orientation=ShardOrientation::ROW_MAJOR,shard_distribution_strategy=ShardDistributionStrategy::GRID_2D),created_with_nd_shard_spec=0) and provided MemoryConfig(memory_layout=TensorMemoryLayout::BLOCK_SHARDED,buffer_type=BufferType::L1,shard_spec=ShardSpec(grid={[(x=0,y=0) - (x=7,y=7)]},shape={32, 160},orientation=ShardOrientation::ROW_MAJOR),nd_shard_spec=std::nullopt,created_with_nd_shard_spec=0) mem config. Using computed config. (matmul_op.cpp:1674)
2026-05-29 10:53:39.279 | INFO     | models.demos.wormhole.stable_diffusion.tt.ttnn_functional_unet_2d_condition_model_new_conv:__call__:491 - Up block 0
2026-05-29 10:53:39.280 | INFO     | models.demos.wormhole.stable_diffusion.tt.ttnn_functional_unet_2d_condition_model_new_conv:__call__:491 - Up block 1
2026-05-29 10:53:39.285 | INFO     | models.demos.wormhole.stable_diffusion.tt.ttnn_functional_unet_2d_condition_model_new_conv:__call__:491 - Up block 2
2026-05-29 10:53:39.293 | INFO     | models.demos.wormhole.stable_diffusion.tt.ttnn_functional_unet_2d_condition_model_new_conv:__call__:491 - Up block 3
2026-05-29 10:53:39.313 | INFO     | models.demos.wormhole.stable_diffusion.tt.ttnn_functional_unet_2d_condition_model_new_conv:__call__:406 - Down block 0
2026-05-29 10:53:39.319 | info     |              Op | act_block_h_override 2 is not a valid override for padded_output_height_ntiles_per_core 7, instead 1 was selected as closest valid option! (conv2d_utils.cpp:401)
2026-05-29 10:53:39.319 | INFO     | models.demos.wormhole.stable_diffusion.tt.ttnn_functional_unet_2d_condition_model_new_conv:__call__:406 - Down block 1
2026-05-29 10:53:39.324 | INFO     | models.demos.wormhole.stable_diffusion.tt.ttnn_functional_unet_2d_condition_model_new_conv:__call__:406 - Down block 2
2026-05-29 10:53:39.327 | INFO     | models.demos.wormhole.stable_diffusion.tt.ttnn_functional_unet_2d_condition_model_new_conv:__call__:406 - Down block 3
2026-05-29 10:53:39.328 | INFO     | models.demos.wormhole.stable_diffusion.tt.ttnn_functional_unet_2d_condition_model_new_conv:__call__:460 - Mid block
2026-05-29 10:53:39.329 | warning  |              Op | Mismatch between computed MemoryConfig(memory_layout=TensorMemoryLayout::BLOCK_SHARDED,buffer_type=BufferType::L1,shard_spec=ShardSpec(grid={[(x=0,y=0) - (x=7,y=3)]},shape={32, 160},orientation=ShardOrientation::ROW_MAJOR),nd_shard_spec=NdShardSpec(shard_shape=Shape([32, 160]),grid={[(x=0,y=0) - (x=7,y=3)]},orientation=ShardOrientation::ROW_MAJOR,shard_distribution_strategy=ShardDistributionStrategy::GRID_2D),created_with_nd_shard_spec=0) and provided MemoryConfig(memory_layout=TensorMemoryLayout::BLOCK_SHARDED,buffer_type=BufferType::L1,shard_spec=ShardSpec(grid={[(x=0,y=0) - (x=7,y=7)]},shape={32, 160},orientation=ShardOrientation::ROW_MAJOR),nd_shard_spec=std::nullopt,created_with_nd_shard_spec=0) mem config. Using computed config. (matmul_op.cpp:1674)
2026-05-29 10:53:39.330 | INFO     | models.demos.wormhole.stable_diffusion.tt.ttnn_functional_unet_2d_condition_model_new_conv:__call__:491 - Up block 0
2026-05-29 10:53:39.331 | INFO     | models.demos.wormhole.stable_diffusion.tt.ttnn_functional_unet_2d_condition_model_new_conv:__call__:491 - Up block 1
2026-05-29 10:53:39.336 | INFO     | models.demos.wormhole.stable_diffusion.tt.ttnn_functional_unet_2d_condition_model_new_conv:__call__:491 - Up block 2
2026-05-29 10:53:39.344 | INFO     | models.demos.wormhole.stable_diffusion.tt.ttnn_functional_unet_2d_condition_model_new_conv:__call__:491 - Up block 3
2026-05-29 10:53:39.365 | INFO     | models.demos.wormhole.stable_diffusion.tt.ttnn_functional_unet_2d_condition_model_new_conv:__call__:406 - Down block 0
2026-05-29 10:53:39.371 | info     |              Op | act_block_h_override 2 is not a valid override for padded_output_height_ntiles_per_core 7, instead 1 was selected as closest valid option! (conv2d_utils.cpp:401)
2026-05-29 10:53:39.371 | INFO     | models.demos.wormhole.stable_diffusion.tt.ttnn_functional_unet_2d_condition_model_new_conv:__call__:406 - Down block 1
2026-05-29 10:53:39.376 | INFO     | models.demos.wormhole.stable_diffusion.tt.ttnn_functional_unet_2d_condition_model_new_conv:__call__:406 - Down block 2
2026-05-29 10:53:39.379 | INFO     | models.demos.wormhole.stable_diffusion.tt.ttnn_functional_unet_2d_condition_model_new_conv:__call__:406 - Down block 3
2026-05-29 10:53:39.380 | INFO     | models.demos.wormhole.stable_diffusion.tt.ttnn_functional_unet_2d_condition_model_new_conv:__call__:460 - Mid block
2026-05-29 10:53:39.381 | warning  |              Op | Mismatch between computed MemoryConfig(memory_layout=TensorMemoryLayout::BLOCK_SHARDED,buffer_type=BufferType::L1,shard_spec=ShardSpec(grid={[(x=0,y=0) - (x=7,y=3)]},shape={32, 160},orientation=ShardOrientation::ROW_MAJOR),nd_shard_spec=NdShardSpec(shard_shape=Shape([32, 160]),grid={[(x=0,y=0) - (x=7,y=3)]},orientation=ShardOrientation::ROW_MAJOR,shard_distribution_strategy=ShardDistributionStrategy::GRID_2D),created_with_nd_shard_spec=0) and provided MemoryConfig(memory_layout=TensorMemoryLayout::BLOCK_SHARDED,buffer_type=BufferType::L1,shard_spec=ShardSpec(grid={[(x=0,y=0) - (x=7,y=7)]},shape={32, 160},orientation=ShardOrientation::ROW_MAJOR),nd_shard_spec=std::nullopt,created_with_nd_shard_spec=0) mem config. Using computed config. (matmul_op.cpp:1674)
2026-05-29 10:53:39.382 | INFO     | models.demos.wormhole.stable_diffusion.tt.ttnn_functional_unet_2d_condition_model_new_conv:__call__:491 - Up block 0
2026-05-29 10:53:39.383 | INFO     | models.demos.wormhole.stable_diffusion.tt.ttnn_functional_unet_2d_condition_model_new_conv:__call__:491 - Up block 1
2026-05-29 10:53:39.388 | INFO     | models.demos.wormhole.stable_diffusion.tt.ttnn_functional_unet_2d_condition_model_new_conv:__call__:491 - Up block 2
2026-05-29 10:53:39.396 | INFO     | models.demos.wormhole.stable_diffusion.tt.ttnn_functional_unet_2d_condition_model_new_conv:__call__:491 - Up block 3
2026-05-29 10:53:39.417 | INFO     | models.demos.wormhole.stable_diffusion.tt.ttnn_functional_unet_2d_condition_model_new_conv:__call__:406 - Down block 0
2026-05-29 10:53:39.422 | info     |              Op | act_block_h_override 2 is not a valid override for padded_output_height_ntiles_per_core 7, instead 1 was selected as closest valid option! (conv2d_utils.cpp:401)
2026-05-29 10:53:39.423 | INFO     | models.demos.wormhole.stable_diffusion.tt.ttnn_functional_unet_2d_condition_model_new_conv:__call__:406 - Down block 1
2026-05-29 10:53:39.428 | INFO     | models.demos.wormhole.stable_diffusion.tt.ttnn_functional_unet_2d_condition_model_new_conv:__call__:406 - Down block 2
2026-05-29 10:53:39.431 | INFO     | models.demos.wormhole.stable_diffusion.tt.ttnn_functional_unet_2d_condition_model_new_conv:__call__:406 - Down block 3
2026-05-29 10:53:39.432 | INFO     | models.demos.wormhole.stable_diffusion.tt.ttnn_functional_unet_2d_condition_model_new_conv:__call__:460 - Mid block
2026-05-29 10:53:39.432 | warning  |              Op | Mismatch between computed MemoryConfig(memory_layout=TensorMemoryLayout::BLOCK_SHARDED,buffer_type=BufferType::L1,shard_spec=ShardSpec(grid={[(x=0,y=0) - (x=7,y=3)]},shape={32, 160},orientation=ShardOrientation::ROW_MAJOR),nd_shard_spec=NdShardSpec(shard_shape=Shape([32, 160]),grid={[(x=0,y=0) - (x=7,y=3)]},orientation=ShardOrientation::ROW_MAJOR,shard_distribution_strategy=ShardDistributionStrategy::GRID_2D),created_with_nd_shard_spec=0) and provided MemoryConfig(memory_layout=TensorMemoryLayout::BLOCK_SHARDED,buffer_type=BufferType::L1,shard_spec=ShardSpec(grid={[(x=0,y=0) - (x=7,y=7)]},shape={32, 160},orientation=ShardOrientation::ROW_MAJOR),nd_shard_spec=std::nullopt,created_with_nd_shard_spec=0) mem config. Using computed config. (matmul_op.cpp:1674)
2026-05-29 10:53:39.434 | INFO     | models.demos.wormhole.stable_diffusion.tt.ttnn_functional_unet_2d_condition_model_new_conv:__call__:491 - Up block 0
2026-05-29 10:53:39.435 | INFO     | models.demos.wormhole.stable_diffusion.tt.ttnn_functional_unet_2d_condition_model_new_conv:__call__:491 - Up block 1
2026-05-29 10:53:39.440 | INFO     | models.demos.wormhole.stable_diffusion.tt.ttnn_functional_unet_2d_condition_model_new_conv:__call__:491 - Up block 2
2026-05-29 10:53:39.448 | INFO     | models.demos.wormhole.stable_diffusion.tt.ttnn_functional_unet_2d_condition_model_new_conv:__call__:491 - Up block 3
2026-05-29 10:53:39.468 | INFO     | models.demos.wormhole.stable_diffusion.tt.ttnn_functional_unet_2d_condition_model_new_conv:__call__:406 - Down block 0
2026-05-29 10:53:39.474 | info     |              Op | act_block_h_override 2 is not a valid override for padded_output_height_ntiles_per_core 7, instead 1 was selected as closest valid option! (conv2d_utils.cpp:401)
2026-05-29 10:53:39.474 | INFO     | models.demos.wormhole.stable_diffusion.tt.ttnn_functional_unet_2d_condition_model_new_conv:__call__:406 - Down block 1
2026-05-29 10:53:39.480 | INFO     | models.demos.wormhole.stable_diffusion.tt.ttnn_functional_unet_2d_condition_model_new_conv:__call__:406 - Down block 2
2026-05-29 10:53:39.483 | INFO     | models.demos.wormhole.stable_diffusion.tt.ttnn_functional_unet_2d_condition_model_new_conv:__call__:406 - Down block 3
2026-05-29 10:53:39.484 | INFO     | models.demos.wormhole.stable_diffusion.tt.ttnn_functional_unet_2d_condition_model_new_conv:__call__:460 - Mid block
2026-05-29 10:53:39.484 | warning  |              Op | Mismatch between computed MemoryConfig(memory_layout=TensorMemoryLayout::BLOCK_SHARDED,buffer_type=BufferType::L1,shard_spec=ShardSpec(grid={[(x=0,y=0) - (x=7,y=3)]},shape={32, 160},orientation=ShardOrientation::ROW_MAJOR),nd_shard_spec=NdShardSpec(shard_shape=Shape([32, 160]),grid={[(x=0,y=0) - (x=7,y=3)]},orientation=ShardOrientation::ROW_MAJOR,shard_distribution_strategy=ShardDistributionStrategy::GRID_2D),created_with_nd_shard_spec=0) and provided MemoryConfig(memory_layout=TensorMemoryLayout::BLOCK_SHARDED,buffer_type=BufferType::L1,shard_spec=ShardSpec(grid={[(x=0,y=0) - (x=7,y=7)]},shape={32, 160},orientation=ShardOrientation::ROW_MAJOR),nd_shard_spec=std::nullopt,created_with_nd_shard_spec=0) mem config. Using computed config. (matmul_op.cpp:1674)
2026-05-29 10:53:39.486 | INFO     | models.demos.wormhole.stable_diffusion.tt.ttnn_functional_unet_2d_condition_model_new_conv:__call__:491 - Up block 0
2026-05-29 10:53:39.487 | INFO     | models.demos.wormhole.stable_diffusion.tt.ttnn_functional_unet_2d_condition_model_new_conv:__call__:491 - Up block 1
2026-05-29 10:53:39.492 | INFO     | models.demos.wormhole.stable_diffusion.tt.ttnn_functional_unet_2d_condition_model_new_conv:__call__:491 - Up block 2
2026-05-29 10:53:39.500 | INFO     | models.demos.wormhole.stable_diffusion.tt.ttnn_functional_unet_2d_condition_model_new_conv:__call__:491 - Up block 3
2026-05-29 10:53:39.520 | INFO     | models.demos.wormhole.stable_diffusion.tt.ttnn_functional_unet_2d_condition_model_new_conv:__call__:406 - Down block 0
2026-05-29 10:53:39.526 | info     |              Op | act_block_h_override 2 is not a valid override for padded_output_height_ntiles_per_core 7, instead 1 was selected as closest valid option! (conv2d_utils.cpp:401)
2026-05-29 10:53:39.526 | INFO     | models.demos.wormhole.stable_diffusion.tt.ttnn_functional_unet_2d_condition_model_new_conv:__call__:406 - Down block 1
2026-05-29 10:53:39.532 | INFO     | models.demos.wormhole.stable_diffusion.tt.ttnn_functional_unet_2d_condition_model_new_conv:__call__:406 - Down block 2
2026-05-29 10:53:39.535 | INFO     | models.demos.wormhole.stable_diffusion.tt.ttnn_functional_unet_2d_condition_model_new_conv:__call__:406 - Down block 3
2026-05-29 10:53:39.536 | INFO     | models.demos.wormhole.stable_diffusion.tt.ttnn_functional_unet_2d_condition_model_new_conv:__call__:460 - Mid block
2026-05-29 10:53:39.536 | warning  |              Op | Mismatch between computed MemoryConfig(memory_layout=TensorMemoryLayout::BLOCK_SHARDED,buffer_type=BufferType::L1,shard_spec=ShardSpec(grid={[(x=0,y=0) - (x=7,y=3)]},shape={32, 160},orientation=ShardOrientation::ROW_MAJOR),nd_shard_spec=NdShardSpec(shard_shape=Shape([32, 160]),grid={[(x=0,y=0) - (x=7,y=3)]},orientation=ShardOrientation::ROW_MAJOR,shard_distribution_strategy=ShardDistributionStrategy::GRID_2D),created_with_nd_shard_spec=0) and provided MemoryConfig(memory_layout=TensorMemoryLayout::BLOCK_SHARDED,buffer_type=BufferType::L1,shard_spec=ShardSpec(grid={[(x=0,y=0) - (x=7,y=7)]},shape={32, 160},orientation=ShardOrientation::ROW_MAJOR),nd_shard_spec=std::nullopt,created_with_nd_shard_spec=0) mem config. Using computed config. (matmul_op.cpp:1674)
2026-05-29 10:53:39.538 | INFO     | models.demos.wormhole.stable_diffusion.tt.ttnn_functional_unet_2d_condition_model_new_conv:__call__:491 - Up block 0
2026-05-29 10:53:39.539 | INFO     | models.demos.wormhole.stable_diffusion.tt.ttnn_functional_unet_2d_condition_model_new_conv:__call__:491 - Up block 1
2026-05-29 10:53:39.544 | INFO     | models.demos.wormhole.stable_diffusion.tt.ttnn_functional_unet_2d_condition_model_new_conv:__call__:491 - Up block 2
2026-05-29 10:53:39.552 | INFO     | models.demos.wormhole.stable_diffusion.tt.ttnn_functional_unet_2d_condition_model_new_conv:__call__:491 - Up block 3
  Step 12/41
2026-05-29 10:53:39.574 | INFO     | models.demos.wormhole.stable_diffusion.tt.ttnn_functional_unet_2d_condition_model_new_conv:__call__:406 - Down block 0
2026-05-29 10:53:39.580 | info     |              Op | act_block_h_override 2 is not a valid override for padded_output_height_ntiles_per_core 7, instead 1 was selected as closest valid option! (conv2d_utils.cpp:401)
2026-05-29 10:53:39.580 | INFO     | models.demos.wormhole.stable_diffusion.tt.ttnn_functional_unet_2d_condition_model_new_conv:__call__:406 - Down block 1
2026-05-29 10:53:39.585 | INFO     | models.demos.wormhole.stable_diffusion.tt.ttnn_functional_unet_2d_condition_model_new_conv:__call__:406 - Down block 2
2026-05-29 10:53:39.589 | INFO     | models.demos.wormhole.stable_diffusion.tt.ttnn_functional_unet_2d_condition_model_new_conv:__call__:406 - Down block 3
2026-05-29 10:53:39.589 | INFO     | models.demos.wormhole.stable_diffusion.tt.ttnn_functional_unet_2d_condition_model_new_conv:__call__:460 - Mid block
2026-05-29 10:53:39.590 | warning  |              Op | Mismatch between computed MemoryConfig(memory_layout=TensorMemoryLayout::BLOCK_SHARDED,buffer_type=BufferType::L1,shard_spec=ShardSpec(grid={[(x=0,y=0) - (x=7,y=3)]},shape={32, 160},orientation=ShardOrientation::ROW_MAJOR),nd_shard_spec=NdShardSpec(shard_shape=Shape([32, 160]),grid={[(x=0,y=0) - (x=7,y=3)]},orientation=ShardOrientation::ROW_MAJOR,shard_distribution_strategy=ShardDistributionStrategy::GRID_2D),created_with_nd_shard_spec=0) and provided MemoryConfig(memory_layout=TensorMemoryLayout::BLOCK_SHARDED,buffer_type=BufferType::L1,shard_spec=ShardSpec(grid={[(x=0,y=0) - (x=7,y=7)]},shape={32, 160},orientation=ShardOrientation::ROW_MAJOR),nd_shard_spec=std::nullopt,created_with_nd_shard_spec=0) mem config. Using computed config. (matmul_op.cpp:1674)
2026-05-29 10:53:39.591 | INFO     | models.demos.wormhole.stable_diffusion.tt.ttnn_functional_unet_2d_condition_model_new_conv:__call__:491 - Up block 0
2026-05-29 10:53:39.592 | INFO     | models.demos.wormhole.stable_diffusion.tt.ttnn_functional_unet_2d_condition_model_new_conv:__call__:491 - Up block 1
2026-05-29 10:53:39.597 | INFO     | models.demos.wormhole.stable_diffusion.tt.ttnn_functional_unet_2d_condition_model_new_conv:__call__:491 - Up block 2
2026-05-29 10:53:39.605 | INFO     | models.demos.wormhole.stable_diffusion.tt.ttnn_functional_unet_2d_condition_model_new_conv:__call__:491 - Up block 3
2026-05-29 10:53:39.626 | INFO     | models.demos.wormhole.stable_diffusion.tt.ttnn_functional_unet_2d_condition_model_new_conv:__call__:406 - Down block 0
2026-05-29 10:53:39.632 | info     |              Op | act_block_h_override 2 is not a valid override for padded_output_height_ntiles_per_core 7, instead 1 was selected as closest valid option! (conv2d_utils.cpp:401)
2026-05-29 10:53:39.632 | INFO     | models.demos.wormhole.stable_diffusion.tt.ttnn_functional_unet_2d_condition_model_new_conv:__call__:406 - Down block 1
2026-05-29 10:53:39.637 | INFO     | models.demos.wormhole.stable_diffusion.tt.ttnn_functional_unet_2d_condition_model_new_conv:__call__:406 - Down block 2
2026-05-29 10:53:39.641 | INFO     | models.demos.wormhole.stable_diffusion.tt.ttnn_functional_unet_2d_condition_model_new_conv:__call__:406 - Down block 3
2026-05-29 10:53:39.641 | INFO     | models.demos.wormhole.stable_diffusion.tt.ttnn_functional_unet_2d_condition_model_new_conv:__call__:460 - Mid block
2026-05-29 10:53:39.642 | warning  |              Op | Mismatch between computed MemoryConfig(memory_layout=TensorMemoryLayout::BLOCK_SHARDED,buffer_type=BufferType::L1,shard_spec=ShardSpec(grid={[(x=0,y=0) - (x=7,y=3)]},shape={32, 160},orientation=ShardOrientation::ROW_MAJOR),nd_shard_spec=NdShardSpec(shard_shape=Shape([32, 160]),grid={[(x=0,y=0) - (x=7,y=3)]},orientation=ShardOrientation::ROW_MAJOR,shard_distribution_strategy=ShardDistributionStrategy::GRID_2D),created_with_nd_shard_spec=0) and provided MemoryConfig(memory_layout=TensorMemoryLayout::BLOCK_SHARDED,buffer_type=BufferType::L1,shard_spec=ShardSpec(grid={[(x=0,y=0) - (x=7,y=7)]},shape={32, 160},orientation=ShardOrientation::ROW_MAJOR),nd_shard_spec=std::nullopt,created_with_nd_shard_spec=0) mem config. Using computed config. (matmul_op.cpp:1674)
2026-05-29 10:53:39.643 | INFO     | models.demos.wormhole.stable_diffusion.tt.ttnn_functional_unet_2d_condition_model_new_conv:__call__:491 - Up block 0
2026-05-29 10:53:39.645 | INFO     | models.demos.wormhole.stable_diffusion.tt.ttnn_functional_unet_2d_condition_model_new_conv:__call__:491 - Up block 1
2026-05-29 10:53:39.649 | INFO     | models.demos.wormhole.stable_diffusion.tt.ttnn_functional_unet_2d_condition_model_new_conv:__call__:491 - Up block 2
2026-05-29 10:53:39.658 | INFO     | models.demos.wormhole.stable_diffusion.tt.ttnn_functional_unet_2d_condition_model_new_conv:__call__:491 - Up block 3
2026-05-29 10:53:39.678 | INFO     | models.demos.wormhole.stable_diffusion.tt.ttnn_functional_unet_2d_condition_model_new_conv:__call__:406 - Down block 0
2026-05-29 10:53:39.683 | info     |              Op | act_block_h_override 2 is not a valid override for padded_output_height_ntiles_per_core 7, instead 1 was selected as closest valid option! (conv2d_utils.cpp:401)
2026-05-29 10:53:39.684 | INFO     | models.demos.wormhole.stable_diffusion.tt.ttnn_functional_unet_2d_condition_model_new_conv:__call__:406 - Down block 1
2026-05-29 10:53:39.689 | INFO     | models.demos.wormhole.stable_diffusion.tt.ttnn_functional_unet_2d_condition_model_new_conv:__call__:406 - Down block 2
2026-05-29 10:53:39.692 | INFO     | models.demos.wormhole.stable_diffusion.tt.ttnn_functional_unet_2d_condition_model_new_conv:__call__:406 - Down block 3
2026-05-29 10:53:39.693 | INFO     | models.demos.wormhole.stable_diffusion.tt.ttnn_functional_unet_2d_condition_model_new_conv:__call__:460 - Mid block
2026-05-29 10:53:39.693 | warning  |              Op | Mismatch between computed MemoryConfig(memory_layout=TensorMemoryLayout::BLOCK_SHARDED,buffer_type=BufferType::L1,shard_spec=ShardSpec(grid={[(x=0,y=0) - (x=7,y=3)]},shape={32, 160},orientation=ShardOrientation::ROW_MAJOR),nd_shard_spec=NdShardSpec(shard_shape=Shape([32, 160]),grid={[(x=0,y=0) - (x=7,y=3)]},orientation=ShardOrientation::ROW_MAJOR,shard_distribution_strategy=ShardDistributionStrategy::GRID_2D),created_with_nd_shard_spec=0) and provided MemoryConfig(memory_layout=TensorMemoryLayout::BLOCK_SHARDED,buffer_type=BufferType::L1,shard_spec=ShardSpec(grid={[(x=0,y=0) - (x=7,y=7)]},shape={32, 160},orientation=ShardOrientation::ROW_MAJOR),nd_shard_spec=std::nullopt,created_with_nd_shard_spec=0) mem config. Using computed config. (matmul_op.cpp:1674)
2026-05-29 10:53:39.695 | INFO     | models.demos.wormhole.stable_diffusion.tt.ttnn_functional_unet_2d_condition_model_new_conv:__call__:491 - Up block 0
2026-05-29 10:53:39.696 | INFO     | models.demos.wormhole.stable_diffusion.tt.ttnn_functional_unet_2d_condition_model_new_conv:__call__:491 - Up block 1
2026-05-29 10:53:39.701 | INFO     | models.demos.wormhole.stable_diffusion.tt.ttnn_functional_unet_2d_condition_model_new_conv:__call__:491 - Up block 2
2026-05-29 10:53:39.709 | INFO     | models.demos.wormhole.stable_diffusion.tt.ttnn_functional_unet_2d_condition_model_new_conv:__call__:491 - Up block 3
2026-05-29 10:53:39.729 | INFO     | models.demos.wormhole.stable_diffusion.tt.ttnn_functional_unet_2d_condition_model_new_conv:__call__:406 - Down block 0
2026-05-29 10:53:39.735 | info     |              Op | act_block_h_override 2 is not a valid override for padded_output_height_ntiles_per_core 7, instead 1 was selected as closest valid option! (conv2d_utils.cpp:401)
2026-05-29 10:53:39.735 | INFO     | models.demos.wormhole.stable_diffusion.tt.ttnn_functional_unet_2d_condition_model_new_conv:__call__:406 - Down block 1
2026-05-29 10:53:39.741 | INFO     | models.demos.wormhole.stable_diffusion.tt.ttnn_functional_unet_2d_condition_model_new_conv:__call__:406 - Down block 2
2026-05-29 10:53:39.744 | INFO     | models.demos.wormhole.stable_diffusion.tt.ttnn_functional_unet_2d_condition_model_new_conv:__call__:406 - Down block 3
2026-05-29 10:53:39.745 | INFO     | models.demos.wormhole.stable_diffusion.tt.ttnn_functional_unet_2d_condition_model_new_conv:__call__:460 - Mid block
2026-05-29 10:53:39.745 | warning  |              Op | Mismatch between computed MemoryConfig(memory_layout=TensorMemoryLayout::BLOCK_SHARDED,buffer_type=BufferType::L1,shard_spec=ShardSpec(grid={[(x=0,y=0) - (x=7,y=3)]},shape={32, 160},orientation=ShardOrientation::ROW_MAJOR),nd_shard_spec=NdShardSpec(shard_shape=Shape([32, 160]),grid={[(x=0,y=0) - (x=7,y=3)]},orientation=ShardOrientation::ROW_MAJOR,shard_distribution_strategy=ShardDistributionStrategy::GRID_2D),created_with_nd_shard_spec=0) and provided MemoryConfig(memory_layout=TensorMemoryLayout::BLOCK_SHARDED,buffer_type=BufferType::L1,shard_spec=ShardSpec(grid={[(x=0,y=0) - (x=7,y=7)]},shape={32, 160},orientation=ShardOrientation::ROW_MAJOR),nd_shard_spec=std::nullopt,created_with_nd_shard_spec=0) mem config. Using computed config. (matmul_op.cpp:1674)
2026-05-29 10:53:39.747 | INFO     | models.demos.wormhole.stable_diffusion.tt.ttnn_functional_unet_2d_condition_model_new_conv:__call__:491 - Up block 0
2026-05-29 10:53:39.748 | INFO     | models.demos.wormhole.stable_diffusion.tt.ttnn_functional_unet_2d_condition_model_new_conv:__call__:491 - Up block 1
2026-05-29 10:53:39.753 | INFO     | models.demos.wormhole.stable_diffusion.tt.ttnn_functional_unet_2d_condition_model_new_conv:__call__:491 - Up block 2
2026-05-29 10:53:39.761 | INFO     | models.demos.wormhole.stable_diffusion.tt.ttnn_functional_unet_2d_condition_model_new_conv:__call__:491 - Up block 3
2026-05-29 10:53:39.781 | INFO     | models.demos.wormhole.stable_diffusion.tt.ttnn_functional_unet_2d_condition_model_new_conv:__call__:406 - Down block 0
2026-05-29 10:53:39.787 | info     |              Op | act_block_h_override 2 is not a valid override for padded_output_height_ntiles_per_core 7, instead 1 was selected as closest valid option! (conv2d_utils.cpp:401)
2026-05-29 10:53:39.787 | INFO     | models.demos.wormhole.stable_diffusion.tt.ttnn_functional_unet_2d_condition_model_new_conv:__call__:406 - Down block 1
2026-05-29 10:53:39.793 | INFO     | models.demos.wormhole.stable_diffusion.tt.ttnn_functional_unet_2d_condition_model_new_conv:__call__:406 - Down block 2
2026-05-29 10:53:39.796 | INFO     | models.demos.wormhole.stable_diffusion.tt.ttnn_functional_unet_2d_condition_model_new_conv:__call__:406 - Down block 3
2026-05-29 10:53:39.797 | INFO     | models.demos.wormhole.stable_diffusion.tt.ttnn_functional_unet_2d_condition_model_new_conv:__call__:460 - Mid block
2026-05-29 10:53:39.797 | warning  |              Op | Mismatch between computed MemoryConfig(memory_layout=TensorMemoryLayout::BLOCK_SHARDED,buffer_type=BufferType::L1,shard_spec=ShardSpec(grid={[(x=0,y=0) - (x=7,y=3)]},shape={32, 160},orientation=ShardOrientation::ROW_MAJOR),nd_shard_spec=NdShardSpec(shard_shape=Shape([32, 160]),grid={[(x=0,y=0) - (x=7,y=3)]},orientation=ShardOrientation::ROW_MAJOR,shard_distribution_strategy=ShardDistributionStrategy::GRID_2D),created_with_nd_shard_spec=0) and provided MemoryConfig(memory_layout=TensorMemoryLayout::BLOCK_SHARDED,buffer_type=BufferType::L1,shard_spec=ShardSpec(grid={[(x=0,y=0) - (x=7,y=7)]},shape={32, 160},orientation=ShardOrientation::ROW_MAJOR),nd_shard_spec=std::nullopt,created_with_nd_shard_spec=0) mem config. Using computed config. (matmul_op.cpp:1674)
2026-05-29 10:53:39.798 | INFO     | models.demos.wormhole.stable_diffusion.tt.ttnn_functional_unet_2d_condition_model_new_conv:__call__:491 - Up block 0
2026-05-29 10:53:39.800 | INFO     | models.demos.wormhole.stable_diffusion.tt.ttnn_functional_unet_2d_condition_model_new_conv:__call__:491 - Up block 1
2026-05-29 10:53:39.805 | INFO     | models.demos.wormhole.stable_diffusion.tt.ttnn_functional_unet_2d_condition_model_new_conv:__call__:491 - Up block 2
2026-05-29 10:53:39.813 | INFO     | models.demos.wormhole.stable_diffusion.tt.ttnn_functional_unet_2d_condition_model_new_conv:__call__:491 - Up block 3
2026-05-29 10:53:39.833 | INFO     | models.demos.wormhole.stable_diffusion.tt.ttnn_functional_unet_2d_condition_model_new_conv:__call__:406 - Down block 0
2026-05-29 10:53:39.839 | info     |              Op | act_block_h_override 2 is not a valid override for padded_output_height_ntiles_per_core 7, instead 1 was selected as closest valid option! (conv2d_utils.cpp:401)
2026-05-29 10:53:39.839 | INFO     | models.demos.wormhole.stable_diffusion.tt.ttnn_functional_unet_2d_condition_model_new_conv:__call__:406 - Down block 1
2026-05-29 10:53:39.845 | INFO     | models.demos.wormhole.stable_diffusion.tt.ttnn_functional_unet_2d_condition_model_new_conv:__call__:406 - Down block 2
2026-05-29 10:53:39.848 | INFO     | models.demos.wormhole.stable_diffusion.tt.ttnn_functional_unet_2d_condition_model_new_conv:__call__:406 - Down block 3
2026-05-29 10:53:39.849 | INFO     | models.demos.wormhole.stable_diffusion.tt.ttnn_functional_unet_2d_condition_model_new_conv:__call__:460 - Mid block
2026-05-29 10:53:39.849 | warning  |              Op | Mismatch between computed MemoryConfig(memory_layout=TensorMemoryLayout::BLOCK_SHARDED,buffer_type=BufferType::L1,shard_spec=ShardSpec(grid={[(x=0,y=0) - (x=7,y=3)]},shape={32, 160},orientation=ShardOrientation::ROW_MAJOR),nd_shard_spec=NdShardSpec(shard_shape=Shape([32, 160]),grid={[(x=0,y=0) - (x=7,y=3)]},orientation=ShardOrientation::ROW_MAJOR,shard_distribution_strategy=ShardDistributionStrategy::GRID_2D),created_with_nd_shard_spec=0) and provided MemoryConfig(memory_layout=TensorMemoryLayout::BLOCK_SHARDED,buffer_type=BufferType::L1,shard_spec=ShardSpec(grid={[(x=0,y=0) - (x=7,y=7)]},shape={32, 160},orientation=ShardOrientation::ROW_MAJOR),nd_shard_spec=std::nullopt,created_with_nd_shard_spec=0) mem config. Using computed config. (matmul_op.cpp:1674)
2026-05-29 10:53:39.851 | INFO     | models.demos.wormhole.stable_diffusion.tt.ttnn_functional_unet_2d_condition_model_new_conv:__call__:491 - Up block 0
2026-05-29 10:53:39.852 | INFO     | models.demos.wormhole.stable_diffusion.tt.ttnn_functional_unet_2d_condition_model_new_conv:__call__:491 - Up block 1
2026-05-29 10:53:39.857 | INFO     | models.demos.wormhole.stable_diffusion.tt.ttnn_functional_unet_2d_condition_model_new_conv:__call__:491 - Up block 2
2026-05-29 10:53:39.865 | INFO     | models.demos.wormhole.stable_diffusion.tt.ttnn_functional_unet_2d_condition_model_new_conv:__call__:491 - Up block 3
2026-05-29 10:53:39.885 | INFO     | models.demos.wormhole.stable_diffusion.tt.ttnn_functional_unet_2d_condition_model_new_conv:__call__:406 - Down block 0
2026-05-29 10:53:39.891 | info     |              Op | act_block_h_override 2 is not a valid override for padded_output_height_ntiles_per_core 7, instead 1 was selected as closest valid option! (conv2d_utils.cpp:401)
2026-05-29 10:53:39.891 | INFO     | models.demos.wormhole.stable_diffusion.tt.ttnn_functional_unet_2d_condition_model_new_conv:__call__:406 - Down block 1
2026-05-29 10:53:39.897 | INFO     | models.demos.wormhole.stable_diffusion.tt.ttnn_functional_unet_2d_condition_model_new_conv:__call__:406 - Down block 2
2026-05-29 10:53:39.900 | INFO     | models.demos.wormhole.stable_diffusion.tt.ttnn_functional_unet_2d_condition_model_new_conv:__call__:406 - Down block 3
2026-05-29 10:53:39.901 | INFO     | models.demos.wormhole.stable_diffusion.tt.ttnn_functional_unet_2d_condition_model_new_conv:__call__:460 - Mid block
2026-05-29 10:53:39.901 | warning  |              Op | Mismatch between computed MemoryConfig(memory_layout=TensorMemoryLayout::BLOCK_SHARDED,buffer_type=BufferType::L1,shard_spec=ShardSpec(grid={[(x=0,y=0) - (x=7,y=3)]},shape={32, 160},orientation=ShardOrientation::ROW_MAJOR),nd_shard_spec=NdShardSpec(shard_shape=Shape([32, 160]),grid={[(x=0,y=0) - (x=7,y=3)]},orientation=ShardOrientation::ROW_MAJOR,shard_distribution_strategy=ShardDistributionStrategy::GRID_2D),created_with_nd_shard_spec=0) and provided MemoryConfig(memory_layout=TensorMemoryLayout::BLOCK_SHARDED,buffer_type=BufferType::L1,shard_spec=ShardSpec(grid={[(x=0,y=0) - (x=7,y=7)]},shape={32, 160},orientation=ShardOrientation::ROW_MAJOR),nd_shard_spec=std::nullopt,created_with_nd_shard_spec=0) mem config. Using computed config. (matmul_op.cpp:1674)
2026-05-29 10:53:39.903 | INFO     | models.demos.wormhole.stable_diffusion.tt.ttnn_functional_unet_2d_condition_model_new_conv:__call__:491 - Up block 0
2026-05-29 10:53:39.904 | INFO     | models.demos.wormhole.stable_diffusion.tt.ttnn_functional_unet_2d_condition_model_new_conv:__call__:491 - Up block 1
2026-05-29 10:53:39.909 | INFO     | models.demos.wormhole.stable_diffusion.tt.ttnn_functional_unet_2d_condition_model_new_conv:__call__:491 - Up block 2
2026-05-29 10:53:39.917 | INFO     | models.demos.wormhole.stable_diffusion.tt.ttnn_functional_unet_2d_condition_model_new_conv:__call__:491 - Up block 3
2026-05-29 10:53:39.937 | INFO     | models.demos.wormhole.stable_diffusion.tt.ttnn_functional_unet_2d_condition_model_new_conv:__call__:406 - Down block 0
2026-05-29 10:53:39.943 | info     |              Op | act_block_h_override 2 is not a valid override for padded_output_height_ntiles_per_core 7, instead 1 was selected as closest valid option! (conv2d_utils.cpp:401)
2026-05-29 10:53:39.943 | INFO     | models.demos.wormhole.stable_diffusion.tt.ttnn_functional_unet_2d_condition_model_new_conv:__call__:406 - Down block 1
2026-05-29 10:53:39.948 | INFO     | models.demos.wormhole.stable_diffusion.tt.ttnn_functional_unet_2d_condition_model_new_conv:__call__:406 - Down block 2
2026-05-29 10:53:39.952 | INFO     | models.demos.wormhole.stable_diffusion.tt.ttnn_functional_unet_2d_condition_model_new_conv:__call__:406 - Down block 3
2026-05-29 10:53:39.952 | INFO     | models.demos.wormhole.stable_diffusion.tt.ttnn_functional_unet_2d_condition_model_new_conv:__call__:460 - Mid block
2026-05-29 10:53:39.953 | warning  |              Op | Mismatch between computed MemoryConfig(memory_layout=TensorMemoryLayout::BLOCK_SHARDED,buffer_type=BufferType::L1,shard_spec=ShardSpec(grid={[(x=0,y=0) - (x=7,y=3)]},shape={32, 160},orientation=ShardOrientation::ROW_MAJOR),nd_shard_spec=NdShardSpec(shard_shape=Shape([32, 160]),grid={[(x=0,y=0) - (x=7,y=3)]},orientation=ShardOrientation::ROW_MAJOR,shard_distribution_strategy=ShardDistributionStrategy::GRID_2D),created_with_nd_shard_spec=0) and provided MemoryConfig(memory_layout=TensorMemoryLayout::BLOCK_SHARDED,buffer_type=BufferType::L1,shard_spec=ShardSpec(grid={[(x=0,y=0) - (x=7,y=7)]},shape={32, 160},orientation=ShardOrientation::ROW_MAJOR),nd_shard_spec=std::nullopt,created_with_nd_shard_spec=0) mem config. Using computed config. (matmul_op.cpp:1674)
2026-05-29 10:53:39.954 | INFO     | models.demos.wormhole.stable_diffusion.tt.ttnn_functional_unet_2d_condition_model_new_conv:__call__:491 - Up block 0
2026-05-29 10:53:39.955 | INFO     | models.demos.wormhole.stable_diffusion.tt.ttnn_functional_unet_2d_condition_model_new_conv:__call__:491 - Up block 1
2026-05-29 10:53:39.960 | INFO     | models.demos.wormhole.stable_diffusion.tt.ttnn_functional_unet_2d_condition_model_new_conv:__call__:491 - Up block 2
2026-05-29 10:53:39.969 | INFO     | models.demos.wormhole.stable_diffusion.tt.ttnn_functional_unet_2d_condition_model_new_conv:__call__:491 - Up block 3
  Step 13/41
2026-05-29 10:53:39.991 | INFO     | models.demos.wormhole.stable_diffusion.tt.ttnn_functional_unet_2d_condition_model_new_conv:__call__:406 - Down block 0
2026-05-29 10:53:39.997 | info     |              Op | act_block_h_override 2 is not a valid override for padded_output_height_ntiles_per_core 7, instead 1 was selected as closest valid option! (conv2d_utils.cpp:401)
2026-05-29 10:53:39.997 | INFO     | models.demos.wormhole.stable_diffusion.tt.ttnn_functional_unet_2d_condition_model_new_conv:__call__:406 - Down block 1
2026-05-29 10:53:40.003 | INFO     | models.demos.wormhole.stable_diffusion.tt.ttnn_functional_unet_2d_condition_model_new_conv:__call__:406 - Down block 2
2026-05-29 10:53:40.007 | INFO     | models.demos.wormhole.stable_diffusion.tt.ttnn_functional_unet_2d_condition_model_new_conv:__call__:406 - Down block 3
2026-05-29 10:53:40.008 | INFO     | models.demos.wormhole.stable_diffusion.tt.ttnn_functional_unet_2d_condition_model_new_conv:__call__:460 - Mid block
2026-05-29 10:53:40.008 | warning  |              Op | Mismatch between computed MemoryConfig(memory_layout=TensorMemoryLayout::BLOCK_SHARDED,buffer_type=BufferType::L1,shard_spec=ShardSpec(grid={[(x=0,y=0) - (x=7,y=3)]},shape={32, 160},orientation=ShardOrientation::ROW_MAJOR),nd_shard_spec=NdShardSpec(shard_shape=Shape([32, 160]),grid={[(x=0,y=0) - (x=7,y=3)]},orientation=ShardOrientation::ROW_MAJOR,shard_distribution_strategy=ShardDistributionStrategy::GRID_2D),created_with_nd_shard_spec=0) and provided MemoryConfig(memory_layout=TensorMemoryLayout::BLOCK_SHARDED,buffer_type=BufferType::L1,shard_spec=ShardSpec(grid={[(x=0,y=0) - (x=7,y=7)]},shape={32, 160},orientation=ShardOrientation::ROW_MAJOR),nd_shard_spec=std::nullopt,created_with_nd_shard_spec=0) mem config. Using computed config. (matmul_op.cpp:1674)
2026-05-29 10:53:40.010 | INFO     | models.demos.wormhole.stable_diffusion.tt.ttnn_functional_unet_2d_condition_model_new_conv:__call__:491 - Up block 0
2026-05-29 10:53:40.011 | INFO     | models.demos.wormhole.stable_diffusion.tt.ttnn_functional_unet_2d_condition_model_new_conv:__call__:491 - Up block 1
2026-05-29 10:53:40.016 | INFO     | models.demos.wormhole.stable_diffusion.tt.ttnn_functional_unet_2d_condition_model_new_conv:__call__:491 - Up block 2
2026-05-29 10:53:40.025 | INFO     | models.demos.wormhole.stable_diffusion.tt.ttnn_functional_unet_2d_condition_model_new_conv:__call__:491 - Up block 3
2026-05-29 10:53:40.045 | INFO     | models.demos.wormhole.stable_diffusion.tt.ttnn_functional_unet_2d_condition_model_new_conv:__call__:406 - Down block 0
2026-05-29 10:53:40.050 | info     |              Op | act_block_h_override 2 is not a valid override for padded_output_height_ntiles_per_core 7, instead 1 was selected as closest valid option! (conv2d_utils.cpp:401)
2026-05-29 10:53:40.050 | INFO     | models.demos.wormhole.stable_diffusion.tt.ttnn_functional_unet_2d_condition_model_new_conv:__call__:406 - Down block 1
2026-05-29 10:53:40.056 | INFO     | models.demos.wormhole.stable_diffusion.tt.ttnn_functional_unet_2d_condition_model_new_conv:__call__:406 - Down block 2
2026-05-29 10:53:40.059 | INFO     | models.demos.wormhole.stable_diffusion.tt.ttnn_functional_unet_2d_condition_model_new_conv:__call__:406 - Down block 3
2026-05-29 10:53:40.060 | INFO     | models.demos.wormhole.stable_diffusion.tt.ttnn_functional_unet_2d_condition_model_new_conv:__call__:460 - Mid block
2026-05-29 10:53:40.060 | warning  |              Op | Mismatch between computed MemoryConfig(memory_layout=TensorMemoryLayout::BLOCK_SHARDED,buffer_type=BufferType::L1,shard_spec=ShardSpec(grid={[(x=0,y=0) - (x=7,y=3)]},shape={32, 160},orientation=ShardOrientation::ROW_MAJOR),nd_shard_spec=NdShardSpec(shard_shape=Shape([32, 160]),grid={[(x=0,y=0) - (x=7,y=3)]},orientation=ShardOrientation::ROW_MAJOR,shard_distribution_strategy=ShardDistributionStrategy::GRID_2D),created_with_nd_shard_spec=0) and provided MemoryConfig(memory_layout=TensorMemoryLayout::BLOCK_SHARDED,buffer_type=BufferType::L1,shard_spec=ShardSpec(grid={[(x=0,y=0) - (x=7,y=7)]},shape={32, 160},orientation=ShardOrientation::ROW_MAJOR),nd_shard_spec=std::nullopt,created_with_nd_shard_spec=0) mem config. Using computed config. (matmul_op.cpp:1674)
2026-05-29 10:53:40.062 | INFO     | models.demos.wormhole.stable_diffusion.tt.ttnn_functional_unet_2d_condition_model_new_conv:__call__:491 - Up block 0
2026-05-29 10:53:40.063 | INFO     | models.demos.wormhole.stable_diffusion.tt.ttnn_functional_unet_2d_condition_model_new_conv:__call__:491 - Up block 1
2026-05-29 10:53:40.068 | INFO     | models.demos.wormhole.stable_diffusion.tt.ttnn_functional_unet_2d_condition_model_new_conv:__call__:491 - Up block 2
2026-05-29 10:53:40.076 | INFO     | models.demos.wormhole.stable_diffusion.tt.ttnn_functional_unet_2d_condition_model_new_conv:__call__:491 - Up block 3
2026-05-29 10:53:40.096 | INFO     | models.demos.wormhole.stable_diffusion.tt.ttnn_functional_unet_2d_condition_model_new_conv:__call__:406 - Down block 0
2026-05-29 10:53:40.102 | info     |              Op | act_block_h_override 2 is not a valid override for padded_output_height_ntiles_per_core 7, instead 1 was selected as closest valid option! (conv2d_utils.cpp:401)
2026-05-29 10:53:40.102 | INFO     | models.demos.wormhole.stable_diffusion.tt.ttnn_functional_unet_2d_condition_model_new_conv:__call__:406 - Down block 1
2026-05-29 10:53:40.108 | INFO     | models.demos.wormhole.stable_diffusion.tt.ttnn_functional_unet_2d_condition_model_new_conv:__call__:406 - Down block 2
2026-05-29 10:53:40.111 | INFO     | models.demos.wormhole.stable_diffusion.tt.ttnn_functional_unet_2d_condition_model_new_conv:__call__:406 - Down block 3
2026-05-29 10:53:40.112 | INFO     | models.demos.wormhole.stable_diffusion.tt.ttnn_functional_unet_2d_condition_model_new_conv:__call__:460 - Mid block
2026-05-29 10:53:40.113 | warning  |              Op | Mismatch between computed MemoryConfig(memory_layout=TensorMemoryLayout::BLOCK_SHARDED,buffer_type=BufferType::L1,shard_spec=ShardSpec(grid={[(x=0,y=0) - (x=7,y=3)]},shape={32, 160},orientation=ShardOrientation::ROW_MAJOR),nd_shard_spec=NdShardSpec(shard_shape=Shape([32, 160]),grid={[(x=0,y=0) - (x=7,y=3)]},orientation=ShardOrientation::ROW_MAJOR,shard_distribution_strategy=ShardDistributionStrategy::GRID_2D),created_with_nd_shard_spec=0) and provided MemoryConfig(memory_layout=TensorMemoryLayout::BLOCK_SHARDED,buffer_type=BufferType::L1,shard_spec=ShardSpec(grid={[(x=0,y=0) - (x=7,y=7)]},shape={32, 160},orientation=ShardOrientation::ROW_MAJOR),nd_shard_spec=std::nullopt,created_with_nd_shard_spec=0) mem config. Using computed config. (matmul_op.cpp:1674)
2026-05-29 10:53:40.114 | INFO     | models.demos.wormhole.stable_diffusion.tt.ttnn_functional_unet_2d_condition_model_new_conv:__call__:491 - Up block 0
2026-05-29 10:53:40.115 | INFO     | models.demos.wormhole.stable_diffusion.tt.ttnn_functional_unet_2d_condition_model_new_conv:__call__:491 - Up block 1
2026-05-29 10:53:40.120 | INFO     | models.demos.wormhole.stable_diffusion.tt.ttnn_functional_unet_2d_condition_model_new_conv:__call__:491 - Up block 2
2026-05-29 10:53:40.150 | INFO     | models.demos.wormhole.stable_diffusion.tt.ttnn_functional_unet_2d_condition_model_new_conv:__call__:491 - Up block 3
2026-05-29 10:53:40.170 | INFO     | models.demos.wormhole.stable_diffusion.tt.ttnn_functional_unet_2d_condition_model_new_conv:__call__:406 - Down block 0
2026-05-29 10:53:40.176 | info     |              Op | act_block_h_override 2 is not a valid override for padded_output_height_ntiles_per_core 7, instead 1 was selected as closest valid option! (conv2d_utils.cpp:401)
2026-05-29 10:53:40.176 | INFO     | models.demos.wormhole.stable_diffusion.tt.ttnn_functional_unet_2d_condition_model_new_conv:__call__:406 - Down block 1
2026-05-29 10:53:40.182 | INFO     | models.demos.wormhole.stable_diffusion.tt.ttnn_functional_unet_2d_condition_model_new_conv:__call__:406 - Down block 2
2026-05-29 10:53:40.185 | INFO     | models.demos.wormhole.stable_diffusion.tt.ttnn_functional_unet_2d_condition_model_new_conv:__call__:406 - Down block 3
2026-05-29 10:53:40.186 | INFO     | models.demos.wormhole.stable_diffusion.tt.ttnn_functional_unet_2d_condition_model_new_conv:__call__:460 - Mid block
2026-05-29 10:53:40.186 | warning  |              Op | Mismatch between computed MemoryConfig(memory_layout=TensorMemoryLayout::BLOCK_SHARDED,buffer_type=BufferType::L1,shard_spec=ShardSpec(grid={[(x=0,y=0) - (x=7,y=3)]},shape={32, 160},orientation=ShardOrientation::ROW_MAJOR),nd_shard_spec=NdShardSpec(shard_shape=Shape([32, 160]),grid={[(x=0,y=0) - (x=7,y=3)]},orientation=ShardOrientation::ROW_MAJOR,shard_distribution_strategy=ShardDistributionStrategy::GRID_2D),created_with_nd_shard_spec=0) and provided MemoryConfig(memory_layout=TensorMemoryLayout::BLOCK_SHARDED,buffer_type=BufferType::L1,shard_spec=ShardSpec(grid={[(x=0,y=0) - (x=7,y=7)]},shape={32, 160},orientation=ShardOrientation::ROW_MAJOR),nd_shard_spec=std::nullopt,created_with_nd_shard_spec=0) mem config. Using computed config. (matmul_op.cpp:1674)
2026-05-29 10:53:40.187 | INFO     | models.demos.wormhole.stable_diffusion.tt.ttnn_functional_unet_2d_condition_model_new_conv:__call__:491 - Up block 0
2026-05-29 10:53:40.189 | INFO     | models.demos.wormhole.stable_diffusion.tt.ttnn_functional_unet_2d_condition_model_new_conv:__call__:491 - Up block 1
2026-05-29 10:53:40.194 | INFO     | models.demos.wormhole.stable_diffusion.tt.ttnn_functional_unet_2d_condition_model_new_conv:__call__:491 - Up block 2
2026-05-29 10:53:40.202 | INFO     | models.demos.wormhole.stable_diffusion.tt.ttnn_functional_unet_2d_condition_model_new_conv:__call__:491 - Up block 3
2026-05-29 10:53:40.222 | INFO     | models.demos.wormhole.stable_diffusion.tt.ttnn_functional_unet_2d_condition_model_new_conv:__call__:406 - Down block 0
2026-05-29 10:53:40.228 | info     |              Op | act_block_h_override 2 is not a valid override for padded_output_height_ntiles_per_core 7, instead 1 was selected as closest valid option! (conv2d_utils.cpp:401)
2026-05-29 10:53:40.228 | INFO     | models.demos.wormhole.stable_diffusion.tt.ttnn_functional_unet_2d_condition_model_new_conv:__call__:406 - Down block 1
2026-05-29 10:53:40.233 | INFO     | models.demos.wormhole.stable_diffusion.tt.ttnn_functional_unet_2d_condition_model_new_conv:__call__:406 - Down block 2
2026-05-29 10:53:40.237 | INFO     | models.demos.wormhole.stable_diffusion.tt.ttnn_functional_unet_2d_condition_model_new_conv:__call__:406 - Down block 3
2026-05-29 10:53:40.238 | INFO     | models.demos.wormhole.stable_diffusion.tt.ttnn_functional_unet_2d_condition_model_new_conv:__call__:460 - Mid block
2026-05-29 10:53:40.238 | warning  |              Op | Mismatch between computed MemoryConfig(memory_layout=TensorMemoryLayout::BLOCK_SHARDED,buffer_type=BufferType::L1,shard_spec=ShardSpec(grid={[(x=0,y=0) - (x=7,y=3)]},shape={32, 160},orientation=ShardOrientation::ROW_MAJOR),nd_shard_spec=NdShardSpec(shard_shape=Shape([32, 160]),grid={[(x=0,y=0) - (x=7,y=3)]},orientation=ShardOrientation::ROW_MAJOR,shard_distribution_strategy=ShardDistributionStrategy::GRID_2D),created_with_nd_shard_spec=0) and provided MemoryConfig(memory_layout=TensorMemoryLayout::BLOCK_SHARDED,buffer_type=BufferType::L1,shard_spec=ShardSpec(grid={[(x=0,y=0) - (x=7,y=7)]},shape={32, 160},orientation=ShardOrientation::ROW_MAJOR),nd_shard_spec=std::nullopt,created_with_nd_shard_spec=0) mem config. Using computed config. (matmul_op.cpp:1674)
2026-05-29 10:53:40.240 | INFO     | models.demos.wormhole.stable_diffusion.tt.ttnn_functional_unet_2d_condition_model_new_conv:__call__:491 - Up block 0
2026-05-29 10:53:40.241 | INFO     | models.demos.wormhole.stable_diffusion.tt.ttnn_functional_unet_2d_condition_model_new_conv:__call__:491 - Up block 1
2026-05-29 10:53:40.246 | INFO     | models.demos.wormhole.stable_diffusion.tt.ttnn_functional_unet_2d_condition_model_new_conv:__call__:491 - Up block 2
2026-05-29 10:53:40.254 | INFO     | models.demos.wormhole.stable_diffusion.tt.ttnn_functional_unet_2d_condition_model_new_conv:__call__:491 - Up block 3
2026-05-29 10:53:40.274 | INFO     | models.demos.wormhole.stable_diffusion.tt.ttnn_functional_unet_2d_condition_model_new_conv:__call__:406 - Down block 0
2026-05-29 10:53:40.280 | info     |              Op | act_block_h_override 2 is not a valid override for padded_output_height_ntiles_per_core 7, instead 1 was selected as closest valid option! (conv2d_utils.cpp:401)
2026-05-29 10:53:40.280 | INFO     | models.demos.wormhole.stable_diffusion.tt.ttnn_functional_unet_2d_condition_model_new_conv:__call__:406 - Down block 1
2026-05-29 10:53:40.285 | INFO     | models.demos.wormhole.stable_diffusion.tt.ttnn_functional_unet_2d_condition_model_new_conv:__call__:406 - Down block 2
2026-05-29 10:53:40.288 | INFO     | models.demos.wormhole.stable_diffusion.tt.ttnn_functional_unet_2d_condition_model_new_conv:__call__:406 - Down block 3
2026-05-29 10:53:40.289 | INFO     | models.demos.wormhole.stable_diffusion.tt.ttnn_functional_unet_2d_condition_model_new_conv:__call__:460 - Mid block
2026-05-29 10:53:40.289 | warning  |              Op | Mismatch between computed MemoryConfig(memory_layout=TensorMemoryLayout::BLOCK_SHARDED,buffer_type=BufferType::L1,shard_spec=ShardSpec(grid={[(x=0,y=0) - (x=7,y=3)]},shape={32, 160},orientation=ShardOrientation::ROW_MAJOR),nd_shard_spec=NdShardSpec(shard_shape=Shape([32, 160]),grid={[(x=0,y=0) - (x=7,y=3)]},orientation=ShardOrientation::ROW_MAJOR,shard_distribution_strategy=ShardDistributionStrategy::GRID_2D),created_with_nd_shard_spec=0) and provided MemoryConfig(memory_layout=TensorMemoryLayout::BLOCK_SHARDED,buffer_type=BufferType::L1,shard_spec=ShardSpec(grid={[(x=0,y=0) - (x=7,y=7)]},shape={32, 160},orientation=ShardOrientation::ROW_MAJOR),nd_shard_spec=std::nullopt,created_with_nd_shard_spec=0) mem config. Using computed config. (matmul_op.cpp:1674)
2026-05-29 10:53:40.291 | INFO     | models.demos.wormhole.stable_diffusion.tt.ttnn_functional_unet_2d_condition_model_new_conv:__call__:491 - Up block 0
2026-05-29 10:53:40.292 | INFO     | models.demos.wormhole.stable_diffusion.tt.ttnn_functional_unet_2d_condition_model_new_conv:__call__:491 - Up block 1
2026-05-29 10:53:40.297 | INFO     | models.demos.wormhole.stable_diffusion.tt.ttnn_functional_unet_2d_condition_model_new_conv:__call__:491 - Up block 2
2026-05-29 10:53:40.305 | INFO     | models.demos.wormhole.stable_diffusion.tt.ttnn_functional_unet_2d_condition_model_new_conv:__call__:491 - Up block 3
2026-05-29 10:53:40.326 | INFO     | models.demos.wormhole.stable_diffusion.tt.ttnn_functional_unet_2d_condition_model_new_conv:__call__:406 - Down block 0
2026-05-29 10:53:40.331 | info     |              Op | act_block_h_override 2 is not a valid override for padded_output_height_ntiles_per_core 7, instead 1 was selected as closest valid option! (conv2d_utils.cpp:401)
2026-05-29 10:53:40.332 | INFO     | models.demos.wormhole.stable_diffusion.tt.ttnn_functional_unet_2d_condition_model_new_conv:__call__:406 - Down block 1
2026-05-29 10:53:40.337 | INFO     | models.demos.wormhole.stable_diffusion.tt.ttnn_functional_unet_2d_condition_model_new_conv:__call__:406 - Down block 2
2026-05-29 10:53:40.340 | INFO     | models.demos.wormhole.stable_diffusion.tt.ttnn_functional_unet_2d_condition_model_new_conv:__call__:406 - Down block 3
2026-05-29 10:53:40.341 | INFO     | models.demos.wormhole.stable_diffusion.tt.ttnn_functional_unet_2d_condition_model_new_conv:__call__:460 - Mid block
2026-05-29 10:53:40.342 | warning  |              Op | Mismatch between computed MemoryConfig(memory_layout=TensorMemoryLayout::BLOCK_SHARDED,buffer_type=BufferType::L1,shard_spec=ShardSpec(grid={[(x=0,y=0) - (x=7,y=3)]},shape={32, 160},orientation=ShardOrientation::ROW_MAJOR),nd_shard_spec=NdShardSpec(shard_shape=Shape([32, 160]),grid={[(x=0,y=0) - (x=7,y=3)]},orientation=ShardOrientation::ROW_MAJOR,shard_distribution_strategy=ShardDistributionStrategy::GRID_2D),created_with_nd_shard_spec=0) and provided MemoryConfig(memory_layout=TensorMemoryLayout::BLOCK_SHARDED,buffer_type=BufferType::L1,shard_spec=ShardSpec(grid={[(x=0,y=0) - (x=7,y=7)]},shape={32, 160},orientation=ShardOrientation::ROW_MAJOR),nd_shard_spec=std::nullopt,created_with_nd_shard_spec=0) mem config. Using computed config. (matmul_op.cpp:1674)
2026-05-29 10:53:40.343 | INFO     | models.demos.wormhole.stable_diffusion.tt.ttnn_functional_unet_2d_condition_model_new_conv:__call__:491 - Up block 0
2026-05-29 10:53:40.344 | INFO     | models.demos.wormhole.stable_diffusion.tt.ttnn_functional_unet_2d_condition_model_new_conv:__call__:491 - Up block 1
2026-05-29 10:53:40.349 | INFO     | models.demos.wormhole.stable_diffusion.tt.ttnn_functional_unet_2d_condition_model_new_conv:__call__:491 - Up block 2
2026-05-29 10:53:40.357 | INFO     | models.demos.wormhole.stable_diffusion.tt.ttnn_functional_unet_2d_condition_model_new_conv:__call__:491 - Up block 3
2026-05-29 10:53:40.377 | INFO     | models.demos.wormhole.stable_diffusion.tt.ttnn_functional_unet_2d_condition_model_new_conv:__call__:406 - Down block 0
2026-05-29 10:53:40.383 | info     |              Op | act_block_h_override 2 is not a valid override for padded_output_height_ntiles_per_core 7, instead 1 was selected as closest valid option! (conv2d_utils.cpp:401)
2026-05-29 10:53:40.383 | INFO     | models.demos.wormhole.stable_diffusion.tt.ttnn_functional_unet_2d_condition_model_new_conv:__call__:406 - Down block 1
2026-05-29 10:53:40.389 | INFO     | models.demos.wormhole.stable_diffusion.tt.ttnn_functional_unet_2d_condition_model_new_conv:__call__:406 - Down block 2
2026-05-29 10:53:40.392 | INFO     | models.demos.wormhole.stable_diffusion.tt.ttnn_functional_unet_2d_condition_model_new_conv:__call__:406 - Down block 3
2026-05-29 10:53:40.393 | INFO     | models.demos.wormhole.stable_diffusion.tt.ttnn_functional_unet_2d_condition_model_new_conv:__call__:460 - Mid block
2026-05-29 10:53:40.393 | warning  |              Op | Mismatch between computed MemoryConfig(memory_layout=TensorMemoryLayout::BLOCK_SHARDED,buffer_type=BufferType::L1,shard_spec=ShardSpec(grid={[(x=0,y=0) - (x=7,y=3)]},shape={32, 160},orientation=ShardOrientation::ROW_MAJOR),nd_shard_spec=NdShardSpec(shard_shape=Shape([32, 160]),grid={[(x=0,y=0) - (x=7,y=3)]},orientation=ShardOrientation::ROW_MAJOR,shard_distribution_strategy=ShardDistributionStrategy::GRID_2D),created_with_nd_shard_spec=0) and provided MemoryConfig(memory_layout=TensorMemoryLayout::BLOCK_SHARDED,buffer_type=BufferType::L1,shard_spec=ShardSpec(grid={[(x=0,y=0) - (x=7,y=7)]},shape={32, 160},orientation=ShardOrientation::ROW_MAJOR),nd_shard_spec=std::nullopt,created_with_nd_shard_spec=0) mem config. Using computed config. (matmul_op.cpp:1674)
2026-05-29 10:53:40.395 | INFO     | models.demos.wormhole.stable_diffusion.tt.ttnn_functional_unet_2d_condition_model_new_conv:__call__:491 - Up block 0
2026-05-29 10:53:40.396 | INFO     | models.demos.wormhole.stable_diffusion.tt.ttnn_functional_unet_2d_condition_model_new_conv:__call__:491 - Up block 1
2026-05-29 10:53:40.401 | INFO     | models.demos.wormhole.stable_diffusion.tt.ttnn_functional_unet_2d_condition_model_new_conv:__call__:491 - Up block 2
2026-05-29 10:53:40.409 | INFO     | models.demos.wormhole.stable_diffusion.tt.ttnn_functional_unet_2d_condition_model_new_conv:__call__:491 - Up block 3
  Step 14/41
2026-05-29 10:53:40.432 | INFO     | models.demos.wormhole.stable_diffusion.tt.ttnn_functional_unet_2d_condition_model_new_conv:__call__:406 - Down block 0
2026-05-29 10:53:40.438 | info     |              Op | act_block_h_override 2 is not a valid override for padded_output_height_ntiles_per_core 7, instead 1 was selected as closest valid option! (conv2d_utils.cpp:401)
2026-05-29 10:53:40.438 | INFO     | models.demos.wormhole.stable_diffusion.tt.ttnn_functional_unet_2d_condition_model_new_conv:__call__:406 - Down block 1
2026-05-29 10:53:40.443 | INFO     | models.demos.wormhole.stable_diffusion.tt.ttnn_functional_unet_2d_condition_model_new_conv:__call__:406 - Down block 2
2026-05-29 10:53:40.447 | INFO     | models.demos.wormhole.stable_diffusion.tt.ttnn_functional_unet_2d_condition_model_new_conv:__call__:406 - Down block 3
2026-05-29 10:53:40.448 | INFO     | models.demos.wormhole.stable_diffusion.tt.ttnn_functional_unet_2d_condition_model_new_conv:__call__:460 - Mid block
2026-05-29 10:53:40.448 | warning  |              Op | Mismatch between computed MemoryConfig(memory_layout=TensorMemoryLayout::BLOCK_SHARDED,buffer_type=BufferType::L1,shard_spec=ShardSpec(grid={[(x=0,y=0) - (x=7,y=3)]},shape={32, 160},orientation=ShardOrientation::ROW_MAJOR),nd_shard_spec=NdShardSpec(shard_shape=Shape([32, 160]),grid={[(x=0,y=0) - (x=7,y=3)]},orientation=ShardOrientation::ROW_MAJOR,shard_distribution_strategy=ShardDistributionStrategy::GRID_2D),created_with_nd_shard_spec=0) and provided MemoryConfig(memory_layout=TensorMemoryLayout::BLOCK_SHARDED,buffer_type=BufferType::L1,shard_spec=ShardSpec(grid={[(x=0,y=0) - (x=7,y=7)]},shape={32, 160},orientation=ShardOrientation::ROW_MAJOR),nd_shard_spec=std::nullopt,created_with_nd_shard_spec=0) mem config. Using computed config. (matmul_op.cpp:1674)
2026-05-29 10:53:40.450 | INFO     | models.demos.wormhole.stable_diffusion.tt.ttnn_functional_unet_2d_condition_model_new_conv:__call__:491 - Up block 0
2026-05-29 10:53:40.451 | INFO     | models.demos.wormhole.stable_diffusion.tt.ttnn_functional_unet_2d_condition_model_new_conv:__call__:491 - Up block 1
2026-05-29 10:53:40.456 | INFO     | models.demos.wormhole.stable_diffusion.tt.ttnn_functional_unet_2d_condition_model_new_conv:__call__:491 - Up block 2
2026-05-29 10:53:40.464 | INFO     | models.demos.wormhole.stable_diffusion.tt.ttnn_functional_unet_2d_condition_model_new_conv:__call__:491 - Up block 3
2026-05-29 10:53:40.484 | INFO     | models.demos.wormhole.stable_diffusion.tt.ttnn_functional_unet_2d_condition_model_new_conv:__call__:406 - Down block 0
2026-05-29 10:53:40.490 | info     |              Op | act_block_h_override 2 is not a valid override for padded_output_height_ntiles_per_core 7, instead 1 was selected as closest valid option! (conv2d_utils.cpp:401)
2026-05-29 10:53:40.490 | INFO     | models.demos.wormhole.stable_diffusion.tt.ttnn_functional_unet_2d_condition_model_new_conv:__call__:406 - Down block 1
2026-05-29 10:53:40.496 | INFO     | models.demos.wormhole.stable_diffusion.tt.ttnn_functional_unet_2d_condition_model_new_conv:__call__:406 - Down block 2
2026-05-29 10:53:40.499 | INFO     | models.demos.wormhole.stable_diffusion.tt.ttnn_functional_unet_2d_condition_model_new_conv:__call__:406 - Down block 3
2026-05-29 10:53:40.500 | INFO     | models.demos.wormhole.stable_diffusion.tt.ttnn_functional_unet_2d_condition_model_new_conv:__call__:460 - Mid block
2026-05-29 10:53:40.500 | warning  |              Op | Mismatch between computed MemoryConfig(memory_layout=TensorMemoryLayout::BLOCK_SHARDED,buffer_type=BufferType::L1,shard_spec=ShardSpec(grid={[(x=0,y=0) - (x=7,y=3)]},shape={32, 160},orientation=ShardOrientation::ROW_MAJOR),nd_shard_spec=NdShardSpec(shard_shape=Shape([32, 160]),grid={[(x=0,y=0) - (x=7,y=3)]},orientation=ShardOrientation::ROW_MAJOR,shard_distribution_strategy=ShardDistributionStrategy::GRID_2D),created_with_nd_shard_spec=0) and provided MemoryConfig(memory_layout=TensorMemoryLayout::BLOCK_SHARDED,buffer_type=BufferType::L1,shard_spec=ShardSpec(grid={[(x=0,y=0) - (x=7,y=7)]},shape={32, 160},orientation=ShardOrientation::ROW_MAJOR),nd_shard_spec=std::nullopt,created_with_nd_shard_spec=0) mem config. Using computed config. (matmul_op.cpp:1674)
2026-05-29 10:53:40.502 | INFO     | models.demos.wormhole.stable_diffusion.tt.ttnn_functional_unet_2d_condition_model_new_conv:__call__:491 - Up block 0
2026-05-29 10:53:40.503 | INFO     | models.demos.wormhole.stable_diffusion.tt.ttnn_functional_unet_2d_condition_model_new_conv:__call__:491 - Up block 1
2026-05-29 10:53:40.508 | INFO     | models.demos.wormhole.stable_diffusion.tt.ttnn_functional_unet_2d_condition_model_new_conv:__call__:491 - Up block 2
2026-05-29 10:53:40.516 | INFO     | models.demos.wormhole.stable_diffusion.tt.ttnn_functional_unet_2d_condition_model_new_conv:__call__:491 - Up block 3
2026-05-29 10:53:40.536 | INFO     | models.demos.wormhole.stable_diffusion.tt.ttnn_functional_unet_2d_condition_model_new_conv:__call__:406 - Down block 0
2026-05-29 10:53:40.542 | info     |              Op | act_block_h_override 2 is not a valid override for padded_output_height_ntiles_per_core 7, instead 1 was selected as closest valid option! (conv2d_utils.cpp:401)
2026-05-29 10:53:40.542 | INFO     | models.demos.wormhole.stable_diffusion.tt.ttnn_functional_unet_2d_condition_model_new_conv:__call__:406 - Down block 1
2026-05-29 10:53:40.547 | INFO     | models.demos.wormhole.stable_diffusion.tt.ttnn_functional_unet_2d_condition_model_new_conv:__call__:406 - Down block 2
2026-05-29 10:53:40.550 | INFO     | models.demos.wormhole.stable_diffusion.tt.ttnn_functional_unet_2d_condition_model_new_conv:__call__:406 - Down block 3
2026-05-29 10:53:40.551 | INFO     | models.demos.wormhole.stable_diffusion.tt.ttnn_functional_unet_2d_condition_model_new_conv:__call__:460 - Mid block
2026-05-29 10:53:40.552 | warning  |              Op | Mismatch between computed MemoryConfig(memory_layout=TensorMemoryLayout::BLOCK_SHARDED,buffer_type=BufferType::L1,shard_spec=ShardSpec(grid={[(x=0,y=0) - (x=7,y=3)]},shape={32, 160},orientation=ShardOrientation::ROW_MAJOR),nd_shard_spec=NdShardSpec(shard_shape=Shape([32, 160]),grid={[(x=0,y=0) - (x=7,y=3)]},orientation=ShardOrientation::ROW_MAJOR,shard_distribution_strategy=ShardDistributionStrategy::GRID_2D),created_with_nd_shard_spec=0) and provided MemoryConfig(memory_layout=TensorMemoryLayout::BLOCK_SHARDED,buffer_type=BufferType::L1,shard_spec=ShardSpec(grid={[(x=0,y=0) - (x=7,y=7)]},shape={32, 160},orientation=ShardOrientation::ROW_MAJOR),nd_shard_spec=std::nullopt,created_with_nd_shard_spec=0) mem config. Using computed config. (matmul_op.cpp:1674)
2026-05-29 10:53:40.553 | INFO     | models.demos.wormhole.stable_diffusion.tt.ttnn_functional_unet_2d_condition_model_new_conv:__call__:491 - Up block 0
2026-05-29 10:53:40.554 | INFO     | models.demos.wormhole.stable_diffusion.tt.ttnn_functional_unet_2d_condition_model_new_conv:__call__:491 - Up block 1
2026-05-29 10:53:40.559 | INFO     | models.demos.wormhole.stable_diffusion.tt.ttnn_functional_unet_2d_condition_model_new_conv:__call__:491 - Up block 2
2026-05-29 10:53:40.567 | INFO     | models.demos.wormhole.stable_diffusion.tt.ttnn_functional_unet_2d_condition_model_new_conv:__call__:491 - Up block 3
2026-05-29 10:53:40.588 | INFO     | models.demos.wormhole.stable_diffusion.tt.ttnn_functional_unet_2d_condition_model_new_conv:__call__:406 - Down block 0
2026-05-29 10:53:40.593 | info     |              Op | act_block_h_override 2 is not a valid override for padded_output_height_ntiles_per_core 7, instead 1 was selected as closest valid option! (conv2d_utils.cpp:401)
2026-05-29 10:53:40.594 | INFO     | models.demos.wormhole.stable_diffusion.tt.ttnn_functional_unet_2d_condition_model_new_conv:__call__:406 - Down block 1
2026-05-29 10:53:40.599 | INFO     | models.demos.wormhole.stable_diffusion.tt.ttnn_functional_unet_2d_condition_model_new_conv:__call__:406 - Down block 2
2026-05-29 10:53:40.603 | INFO     | models.demos.wormhole.stable_diffusion.tt.ttnn_functional_unet_2d_condition_model_new_conv:__call__:406 - Down block 3
2026-05-29 10:53:40.603 | INFO     | models.demos.wormhole.stable_diffusion.tt.ttnn_functional_unet_2d_condition_model_new_conv:__call__:460 - Mid block
2026-05-29 10:53:40.604 | warning  |              Op | Mismatch between computed MemoryConfig(memory_layout=TensorMemoryLayout::BLOCK_SHARDED,buffer_type=BufferType::L1,shard_spec=ShardSpec(grid={[(x=0,y=0) - (x=7,y=3)]},shape={32, 160},orientation=ShardOrientation::ROW_MAJOR),nd_shard_spec=NdShardSpec(shard_shape=Shape([32, 160]),grid={[(x=0,y=0) - (x=7,y=3)]},orientation=ShardOrientation::ROW_MAJOR,shard_distribution_strategy=ShardDistributionStrategy::GRID_2D),created_with_nd_shard_spec=0) and provided MemoryConfig(memory_layout=TensorMemoryLayout::BLOCK_SHARDED,buffer_type=BufferType::L1,shard_spec=ShardSpec(grid={[(x=0,y=0) - (x=7,y=7)]},shape={32, 160},orientation=ShardOrientation::ROW_MAJOR),nd_shard_spec=std::nullopt,created_with_nd_shard_spec=0) mem config. Using computed config. (matmul_op.cpp:1674)
2026-05-29 10:53:40.605 | INFO     | models.demos.wormhole.stable_diffusion.tt.ttnn_functional_unet_2d_condition_model_new_conv:__call__:491 - Up block 0
2026-05-29 10:53:40.606 | INFO     | models.demos.wormhole.stable_diffusion.tt.ttnn_functional_unet_2d_condition_model_new_conv:__call__:491 - Up block 1
2026-05-29 10:53:40.611 | INFO     | models.demos.wormhole.stable_diffusion.tt.ttnn_functional_unet_2d_condition_model_new_conv:__call__:491 - Up block 2
2026-05-29 10:53:40.620 | INFO     | models.demos.wormhole.stable_diffusion.tt.ttnn_functional_unet_2d_condition_model_new_conv:__call__:491 - Up block 3
2026-05-29 10:53:40.640 | INFO     | models.demos.wormhole.stable_diffusion.tt.ttnn_functional_unet_2d_condition_model_new_conv:__call__:406 - Down block 0
2026-05-29 10:53:40.645 | info     |              Op | act_block_h_override 2 is not a valid override for padded_output_height_ntiles_per_core 7, instead 1 was selected as closest valid option! (conv2d_utils.cpp:401)
2026-05-29 10:53:40.645 | INFO     | models.demos.wormhole.stable_diffusion.tt.ttnn_functional_unet_2d_condition_model_new_conv:__call__:406 - Down block 1
2026-05-29 10:53:40.651 | INFO     | models.demos.wormhole.stable_diffusion.tt.ttnn_functional_unet_2d_condition_model_new_conv:__call__:406 - Down block 2
2026-05-29 10:53:40.654 | INFO     | models.demos.wormhole.stable_diffusion.tt.ttnn_functional_unet_2d_condition_model_new_conv:__call__:406 - Down block 3
2026-05-29 10:53:40.655 | INFO     | models.demos.wormhole.stable_diffusion.tt.ttnn_functional_unet_2d_condition_model_new_conv:__call__:460 - Mid block
2026-05-29 10:53:40.655 | warning  |              Op | Mismatch between computed MemoryConfig(memory_layout=TensorMemoryLayout::BLOCK_SHARDED,buffer_type=BufferType::L1,shard_spec=ShardSpec(grid={[(x=0,y=0) - (x=7,y=3)]},shape={32, 160},orientation=ShardOrientation::ROW_MAJOR),nd_shard_spec=NdShardSpec(shard_shape=Shape([32, 160]),grid={[(x=0,y=0) - (x=7,y=3)]},orientation=ShardOrientation::ROW_MAJOR,shard_distribution_strategy=ShardDistributionStrategy::GRID_2D),created_with_nd_shard_spec=0) and provided MemoryConfig(memory_layout=TensorMemoryLayout::BLOCK_SHARDED,buffer_type=BufferType::L1,shard_spec=ShardSpec(grid={[(x=0,y=0) - (x=7,y=7)]},shape={32, 160},orientation=ShardOrientation::ROW_MAJOR),nd_shard_spec=std::nullopt,created_with_nd_shard_spec=0) mem config. Using computed config. (matmul_op.cpp:1674)
2026-05-29 10:53:40.656 | INFO     | models.demos.wormhole.stable_diffusion.tt.ttnn_functional_unet_2d_condition_model_new_conv:__call__:491 - Up block 0
2026-05-29 10:53:40.658 | INFO     | models.demos.wormhole.stable_diffusion.tt.ttnn_functional_unet_2d_condition_model_new_conv:__call__:491 - Up block 1
2026-05-29 10:53:40.662 | INFO     | models.demos.wormhole.stable_diffusion.tt.ttnn_functional_unet_2d_condition_model_new_conv:__call__:491 - Up block 2
2026-05-29 10:53:40.670 | INFO     | models.demos.wormhole.stable_diffusion.tt.ttnn_functional_unet_2d_condition_model_new_conv:__call__:491 - Up block 3
2026-05-29 10:53:40.691 | INFO     | models.demos.wormhole.stable_diffusion.tt.ttnn_functional_unet_2d_condition_model_new_conv:__call__:406 - Down block 0
2026-05-29 10:53:40.697 | info     |              Op | act_block_h_override 2 is not a valid override for padded_output_height_ntiles_per_core 7, instead 1 was selected as closest valid option! (conv2d_utils.cpp:401)
2026-05-29 10:53:40.697 | INFO     | models.demos.wormhole.stable_diffusion.tt.ttnn_functional_unet_2d_condition_model_new_conv:__call__:406 - Down block 1
2026-05-29 10:53:40.703 | INFO     | models.demos.wormhole.stable_diffusion.tt.ttnn_functional_unet_2d_condition_model_new_conv:__call__:406 - Down block 2
2026-05-29 10:53:40.706 | INFO     | models.demos.wormhole.stable_diffusion.tt.ttnn_functional_unet_2d_condition_model_new_conv:__call__:406 - Down block 3
2026-05-29 10:53:40.707 | INFO     | models.demos.wormhole.stable_diffusion.tt.ttnn_functional_unet_2d_condition_model_new_conv:__call__:460 - Mid block
2026-05-29 10:53:40.707 | warning  |              Op | Mismatch between computed MemoryConfig(memory_layout=TensorMemoryLayout::BLOCK_SHARDED,buffer_type=BufferType::L1,shard_spec=ShardSpec(grid={[(x=0,y=0) - (x=7,y=3)]},shape={32, 160},orientation=ShardOrientation::ROW_MAJOR),nd_shard_spec=NdShardSpec(shard_shape=Shape([32, 160]),grid={[(x=0,y=0) - (x=7,y=3)]},orientation=ShardOrientation::ROW_MAJOR,shard_distribution_strategy=ShardDistributionStrategy::GRID_2D),created_with_nd_shard_spec=0) and provided MemoryConfig(memory_layout=TensorMemoryLayout::BLOCK_SHARDED,buffer_type=BufferType::L1,shard_spec=ShardSpec(grid={[(x=0,y=0) - (x=7,y=7)]},shape={32, 160},orientation=ShardOrientation::ROW_MAJOR),nd_shard_spec=std::nullopt,created_with_nd_shard_spec=0) mem config. Using computed config. (matmul_op.cpp:1674)
2026-05-29 10:53:40.709 | INFO     | models.demos.wormhole.stable_diffusion.tt.ttnn_functional_unet_2d_condition_model_new_conv:__call__:491 - Up block 0
2026-05-29 10:53:40.710 | INFO     | models.demos.wormhole.stable_diffusion.tt.ttnn_functional_unet_2d_condition_model_new_conv:__call__:491 - Up block 1
2026-05-29 10:53:40.715 | INFO     | models.demos.wormhole.stable_diffusion.tt.ttnn_functional_unet_2d_condition_model_new_conv:__call__:491 - Up block 2
2026-05-29 10:53:40.723 | INFO     | models.demos.wormhole.stable_diffusion.tt.ttnn_functional_unet_2d_condition_model_new_conv:__call__:491 - Up block 3
2026-05-29 10:53:40.743 | INFO     | models.demos.wormhole.stable_diffusion.tt.ttnn_functional_unet_2d_condition_model_new_conv:__call__:406 - Down block 0
2026-05-29 10:53:40.749 | info     |              Op | act_block_h_override 2 is not a valid override for padded_output_height_ntiles_per_core 7, instead 1 was selected as closest valid option! (conv2d_utils.cpp:401)
2026-05-29 10:53:40.749 | INFO     | models.demos.wormhole.stable_diffusion.tt.ttnn_functional_unet_2d_condition_model_new_conv:__call__:406 - Down block 1
2026-05-29 10:53:40.754 | INFO     | models.demos.wormhole.stable_diffusion.tt.ttnn_functional_unet_2d_condition_model_new_conv:__call__:406 - Down block 2
2026-05-29 10:53:40.758 | INFO     | models.demos.wormhole.stable_diffusion.tt.ttnn_functional_unet_2d_condition_model_new_conv:__call__:406 - Down block 3
2026-05-29 10:53:40.758 | INFO     | models.demos.wormhole.stable_diffusion.tt.ttnn_functional_unet_2d_condition_model_new_conv:__call__:460 - Mid block
2026-05-29 10:53:40.759 | warning  |              Op | Mismatch between computed MemoryConfig(memory_layout=TensorMemoryLayout::BLOCK_SHARDED,buffer_type=BufferType::L1,shard_spec=ShardSpec(grid={[(x=0,y=0) - (x=7,y=3)]},shape={32, 160},orientation=ShardOrientation::ROW_MAJOR),nd_shard_spec=NdShardSpec(shard_shape=Shape([32, 160]),grid={[(x=0,y=0) - (x=7,y=3)]},orientation=ShardOrientation::ROW_MAJOR,shard_distribution_strategy=ShardDistributionStrategy::GRID_2D),created_with_nd_shard_spec=0) and provided MemoryConfig(memory_layout=TensorMemoryLayout::BLOCK_SHARDED,buffer_type=BufferType::L1,shard_spec=ShardSpec(grid={[(x=0,y=0) - (x=7,y=7)]},shape={32, 160},orientation=ShardOrientation::ROW_MAJOR),nd_shard_spec=std::nullopt,created_with_nd_shard_spec=0) mem config. Using computed config. (matmul_op.cpp:1674)
2026-05-29 10:53:40.760 | INFO     | models.demos.wormhole.stable_diffusion.tt.ttnn_functional_unet_2d_condition_model_new_conv:__call__:491 - Up block 0
2026-05-29 10:53:40.761 | INFO     | models.demos.wormhole.stable_diffusion.tt.ttnn_functional_unet_2d_condition_model_new_conv:__call__:491 - Up block 1
2026-05-29 10:53:40.766 | INFO     | models.demos.wormhole.stable_diffusion.tt.ttnn_functional_unet_2d_condition_model_new_conv:__call__:491 - Up block 2
2026-05-29 10:53:40.774 | INFO     | models.demos.wormhole.stable_diffusion.tt.ttnn_functional_unet_2d_condition_model_new_conv:__call__:491 - Up block 3
2026-05-29 10:53:40.795 | INFO     | models.demos.wormhole.stable_diffusion.tt.ttnn_functional_unet_2d_condition_model_new_conv:__call__:406 - Down block 0
2026-05-29 10:53:40.801 | info     |              Op | act_block_h_override 2 is not a valid override for padded_output_height_ntiles_per_core 7, instead 1 was selected as closest valid option! (conv2d_utils.cpp:401)
2026-05-29 10:53:40.801 | INFO     | models.demos.wormhole.stable_diffusion.tt.ttnn_functional_unet_2d_condition_model_new_conv:__call__:406 - Down block 1
2026-05-29 10:53:40.806 | INFO     | models.demos.wormhole.stable_diffusion.tt.ttnn_functional_unet_2d_condition_model_new_conv:__call__:406 - Down block 2
2026-05-29 10:53:40.810 | INFO     | models.demos.wormhole.stable_diffusion.tt.ttnn_functional_unet_2d_condition_model_new_conv:__call__:406 - Down block 3
2026-05-29 10:53:40.810 | INFO     | models.demos.wormhole.stable_diffusion.tt.ttnn_functional_unet_2d_condition_model_new_conv:__call__:460 - Mid block
2026-05-29 10:53:40.811 | warning  |              Op | Mismatch between computed MemoryConfig(memory_layout=TensorMemoryLayout::BLOCK_SHARDED,buffer_type=BufferType::L1,shard_spec=ShardSpec(grid={[(x=0,y=0) - (x=7,y=3)]},shape={32, 160},orientation=ShardOrientation::ROW_MAJOR),nd_shard_spec=NdShardSpec(shard_shape=Shape([32, 160]),grid={[(x=0,y=0) - (x=7,y=3)]},orientation=ShardOrientation::ROW_MAJOR,shard_distribution_strategy=ShardDistributionStrategy::GRID_2D),created_with_nd_shard_spec=0) and provided MemoryConfig(memory_layout=TensorMemoryLayout::BLOCK_SHARDED,buffer_type=BufferType::L1,shard_spec=ShardSpec(grid={[(x=0,y=0) - (x=7,y=7)]},shape={32, 160},orientation=ShardOrientation::ROW_MAJOR),nd_shard_spec=std::nullopt,created_with_nd_shard_spec=0) mem config. Using computed config. (matmul_op.cpp:1674)
2026-05-29 10:53:40.812 | INFO     | models.demos.wormhole.stable_diffusion.tt.ttnn_functional_unet_2d_condition_model_new_conv:__call__:491 - Up block 0
2026-05-29 10:53:40.813 | INFO     | models.demos.wormhole.stable_diffusion.tt.ttnn_functional_unet_2d_condition_model_new_conv:__call__:491 - Up block 1
2026-05-29 10:53:40.818 | INFO     | models.demos.wormhole.stable_diffusion.tt.ttnn_functional_unet_2d_condition_model_new_conv:__call__:491 - Up block 2
2026-05-29 10:53:40.826 | INFO     | models.demos.wormhole.stable_diffusion.tt.ttnn_functional_unet_2d_condition_model_new_conv:__call__:491 - Up block 3
  Step 15/41
2026-05-29 10:53:40.849 | INFO     | models.demos.wormhole.stable_diffusion.tt.ttnn_functional_unet_2d_condition_model_new_conv:__call__:406 - Down block 0
2026-05-29 10:53:40.855 | info     |              Op | act_block_h_override 2 is not a valid override for padded_output_height_ntiles_per_core 7, instead 1 was selected as closest valid option! (conv2d_utils.cpp:401)
2026-05-29 10:53:40.855 | INFO     | models.demos.wormhole.stable_diffusion.tt.ttnn_functional_unet_2d_condition_model_new_conv:__call__:406 - Down block 1
2026-05-29 10:53:40.861 | INFO     | models.demos.wormhole.stable_diffusion.tt.ttnn_functional_unet_2d_condition_model_new_conv:__call__:406 - Down block 2
2026-05-29 10:53:40.865 | INFO     | models.demos.wormhole.stable_diffusion.tt.ttnn_functional_unet_2d_condition_model_new_conv:__call__:406 - Down block 3
2026-05-29 10:53:40.865 | INFO     | models.demos.wormhole.stable_diffusion.tt.ttnn_functional_unet_2d_condition_model_new_conv:__call__:460 - Mid block
2026-05-29 10:53:40.866 | warning  |              Op | Mismatch between computed MemoryConfig(memory_layout=TensorMemoryLayout::BLOCK_SHARDED,buffer_type=BufferType::L1,shard_spec=ShardSpec(grid={[(x=0,y=0) - (x=7,y=3)]},shape={32, 160},orientation=ShardOrientation::ROW_MAJOR),nd_shard_spec=NdShardSpec(shard_shape=Shape([32, 160]),grid={[(x=0,y=0) - (x=7,y=3)]},orientation=ShardOrientation::ROW_MAJOR,shard_distribution_strategy=ShardDistributionStrategy::GRID_2D),created_with_nd_shard_spec=0) and provided MemoryConfig(memory_layout=TensorMemoryLayout::BLOCK_SHARDED,buffer_type=BufferType::L1,shard_spec=ShardSpec(grid={[(x=0,y=0) - (x=7,y=7)]},shape={32, 160},orientation=ShardOrientation::ROW_MAJOR),nd_shard_spec=std::nullopt,created_with_nd_shard_spec=0) mem config. Using computed config. (matmul_op.cpp:1674)
2026-05-29 10:53:40.867 | INFO     | models.demos.wormhole.stable_diffusion.tt.ttnn_functional_unet_2d_condition_model_new_conv:__call__:491 - Up block 0
2026-05-29 10:53:40.869 | INFO     | models.demos.wormhole.stable_diffusion.tt.ttnn_functional_unet_2d_condition_model_new_conv:__call__:491 - Up block 1
2026-05-29 10:53:40.874 | INFO     | models.demos.wormhole.stable_diffusion.tt.ttnn_functional_unet_2d_condition_model_new_conv:__call__:491 - Up block 2
2026-05-29 10:53:40.882 | INFO     | models.demos.wormhole.stable_diffusion.tt.ttnn_functional_unet_2d_condition_model_new_conv:__call__:491 - Up block 3
2026-05-29 10:53:40.902 | INFO     | models.demos.wormhole.stable_diffusion.tt.ttnn_functional_unet_2d_condition_model_new_conv:__call__:406 - Down block 0
2026-05-29 10:53:40.907 | info     |              Op | act_block_h_override 2 is not a valid override for padded_output_height_ntiles_per_core 7, instead 1 was selected as closest valid option! (conv2d_utils.cpp:401)
2026-05-29 10:53:40.908 | INFO     | models.demos.wormhole.stable_diffusion.tt.ttnn_functional_unet_2d_condition_model_new_conv:__call__:406 - Down block 1
2026-05-29 10:53:40.913 | INFO     | models.demos.wormhole.stable_diffusion.tt.ttnn_functional_unet_2d_condition_model_new_conv:__call__:406 - Down block 2
2026-05-29 10:53:40.916 | INFO     | models.demos.wormhole.stable_diffusion.tt.ttnn_functional_unet_2d_condition_model_new_conv:__call__:406 - Down block 3
2026-05-29 10:53:40.917 | INFO     | models.demos.wormhole.stable_diffusion.tt.ttnn_functional_unet_2d_condition_model_new_conv:__call__:460 - Mid block
2026-05-29 10:53:40.917 | warning  |              Op | Mismatch between computed MemoryConfig(memory_layout=TensorMemoryLayout::BLOCK_SHARDED,buffer_type=BufferType::L1,shard_spec=ShardSpec(grid={[(x=0,y=0) - (x=7,y=3)]},shape={32, 160},orientation=ShardOrientation::ROW_MAJOR),nd_shard_spec=NdShardSpec(shard_shape=Shape([32, 160]),grid={[(x=0,y=0) - (x=7,y=3)]},orientation=ShardOrientation::ROW_MAJOR,shard_distribution_strategy=ShardDistributionStrategy::GRID_2D),created_with_nd_shard_spec=0) and provided MemoryConfig(memory_layout=TensorMemoryLayout::BLOCK_SHARDED,buffer_type=BufferType::L1,shard_spec=ShardSpec(grid={[(x=0,y=0) - (x=7,y=7)]},shape={32, 160},orientation=ShardOrientation::ROW_MAJOR),nd_shard_spec=std::nullopt,created_with_nd_shard_spec=0) mem config. Using computed config. (matmul_op.cpp:1674)
2026-05-29 10:53:40.919 | INFO     | models.demos.wormhole.stable_diffusion.tt.ttnn_functional_unet_2d_condition_model_new_conv:__call__:491 - Up block 0
2026-05-29 10:53:40.920 | INFO     | models.demos.wormhole.stable_diffusion.tt.ttnn_functional_unet_2d_condition_model_new_conv:__call__:491 - Up block 1
2026-05-29 10:53:40.925 | INFO     | models.demos.wormhole.stable_diffusion.tt.ttnn_functional_unet_2d_condition_model_new_conv:__call__:491 - Up block 2
2026-05-29 10:53:40.933 | INFO     | models.demos.wormhole.stable_diffusion.tt.ttnn_functional_unet_2d_condition_model_new_conv:__call__:491 - Up block 3
2026-05-29 10:53:40.954 | INFO     | models.demos.wormhole.stable_diffusion.tt.ttnn_functional_unet_2d_condition_model_new_conv:__call__:406 - Down block 0
2026-05-29 10:53:40.959 | info     |              Op | act_block_h_override 2 is not a valid override for padded_output_height_ntiles_per_core 7, instead 1 was selected as closest valid option! (conv2d_utils.cpp:401)
2026-05-29 10:53:40.959 | INFO     | models.demos.wormhole.stable_diffusion.tt.ttnn_functional_unet_2d_condition_model_new_conv:__call__:406 - Down block 1
2026-05-29 10:53:40.965 | INFO     | models.demos.wormhole.stable_diffusion.tt.ttnn_functional_unet_2d_condition_model_new_conv:__call__:406 - Down block 2
2026-05-29 10:53:40.969 | INFO     | models.demos.wormhole.stable_diffusion.tt.ttnn_functional_unet_2d_condition_model_new_conv:__call__:406 - Down block 3
2026-05-29 10:53:40.969 | INFO     | models.demos.wormhole.stable_diffusion.tt.ttnn_functional_unet_2d_condition_model_new_conv:__call__:460 - Mid block
2026-05-29 10:53:40.970 | warning  |              Op | Mismatch between computed MemoryConfig(memory_layout=TensorMemoryLayout::BLOCK_SHARDED,buffer_type=BufferType::L1,shard_spec=ShardSpec(grid={[(x=0,y=0) - (x=7,y=3)]},shape={32, 160},orientation=ShardOrientation::ROW_MAJOR),nd_shard_spec=NdShardSpec(shard_shape=Shape([32, 160]),grid={[(x=0,y=0) - (x=7,y=3)]},orientation=ShardOrientation::ROW_MAJOR,shard_distribution_strategy=ShardDistributionStrategy::GRID_2D),created_with_nd_shard_spec=0) and provided MemoryConfig(memory_layout=TensorMemoryLayout::BLOCK_SHARDED,buffer_type=BufferType::L1,shard_spec=ShardSpec(grid={[(x=0,y=0) - (x=7,y=7)]},shape={32, 160},orientation=ShardOrientation::ROW_MAJOR),nd_shard_spec=std::nullopt,created_with_nd_shard_spec=0) mem config. Using computed config. (matmul_op.cpp:1674)
2026-05-29 10:53:40.971 | INFO     | models.demos.wormhole.stable_diffusion.tt.ttnn_functional_unet_2d_condition_model_new_conv:__call__:491 - Up block 0
2026-05-29 10:53:40.973 | INFO     | models.demos.wormhole.stable_diffusion.tt.ttnn_functional_unet_2d_condition_model_new_conv:__call__:491 - Up block 1
2026-05-29 10:53:40.978 | INFO     | models.demos.wormhole.stable_diffusion.tt.ttnn_functional_unet_2d_condition_model_new_conv:__call__:491 - Up block 2
2026-05-29 10:53:40.986 | INFO     | models.demos.wormhole.stable_diffusion.tt.ttnn_functional_unet_2d_condition_model_new_conv:__call__:491 - Up block 3
2026-05-29 10:53:41.006 | INFO     | models.demos.wormhole.stable_diffusion.tt.ttnn_functional_unet_2d_condition_model_new_conv:__call__:406 - Down block 0
2026-05-29 10:53:41.012 | info     |              Op | act_block_h_override 2 is not a valid override for padded_output_height_ntiles_per_core 7, instead 1 was selected as closest valid option! (conv2d_utils.cpp:401)
2026-05-29 10:53:41.012 | INFO     | models.demos.wormhole.stable_diffusion.tt.ttnn_functional_unet_2d_condition_model_new_conv:__call__:406 - Down block 1
2026-05-29 10:53:41.017 | INFO     | models.demos.wormhole.stable_diffusion.tt.ttnn_functional_unet_2d_condition_model_new_conv:__call__:406 - Down block 2
2026-05-29 10:53:41.021 | INFO     | models.demos.wormhole.stable_diffusion.tt.ttnn_functional_unet_2d_condition_model_new_conv:__call__:406 - Down block 3
2026-05-29 10:53:41.021 | INFO     | models.demos.wormhole.stable_diffusion.tt.ttnn_functional_unet_2d_condition_model_new_conv:__call__:460 - Mid block
2026-05-29 10:53:41.022 | warning  |              Op | Mismatch between computed MemoryConfig(memory_layout=TensorMemoryLayout::BLOCK_SHARDED,buffer_type=BufferType::L1,shard_spec=ShardSpec(grid={[(x=0,y=0) - (x=7,y=3)]},shape={32, 160},orientation=ShardOrientation::ROW_MAJOR),nd_shard_spec=NdShardSpec(shard_shape=Shape([32, 160]),grid={[(x=0,y=0) - (x=7,y=3)]},orientation=ShardOrientation::ROW_MAJOR,shard_distribution_strategy=ShardDistributionStrategy::GRID_2D),created_with_nd_shard_spec=0) and provided MemoryConfig(memory_layout=TensorMemoryLayout::BLOCK_SHARDED,buffer_type=BufferType::L1,shard_spec=ShardSpec(grid={[(x=0,y=0) - (x=7,y=7)]},shape={32, 160},orientation=ShardOrientation::ROW_MAJOR),nd_shard_spec=std::nullopt,created_with_nd_shard_spec=0) mem config. Using computed config. (matmul_op.cpp:1674)
2026-05-29 10:53:41.023 | INFO     | models.demos.wormhole.stable_diffusion.tt.ttnn_functional_unet_2d_condition_model_new_conv:__call__:491 - Up block 0
2026-05-29 10:53:41.024 | INFO     | models.demos.wormhole.stable_diffusion.tt.ttnn_functional_unet_2d_condition_model_new_conv:__call__:491 - Up block 1
2026-05-29 10:53:41.029 | INFO     | models.demos.wormhole.stable_diffusion.tt.ttnn_functional_unet_2d_condition_model_new_conv:__call__:491 - Up block 2
2026-05-29 10:53:41.037 | INFO     | models.demos.wormhole.stable_diffusion.tt.ttnn_functional_unet_2d_condition_model_new_conv:__call__:491 - Up block 3
2026-05-29 10:53:41.058 | INFO     | models.demos.wormhole.stable_diffusion.tt.ttnn_functional_unet_2d_condition_model_new_conv:__call__:406 - Down block 0
2026-05-29 10:53:41.064 | info     |              Op | act_block_h_override 2 is not a valid override for padded_output_height_ntiles_per_core 7, instead 1 was selected as closest valid option! (conv2d_utils.cpp:401)
2026-05-29 10:53:41.064 | INFO     | models.demos.wormhole.stable_diffusion.tt.ttnn_functional_unet_2d_condition_model_new_conv:__call__:406 - Down block 1
2026-05-29 10:53:41.069 | INFO     | models.demos.wormhole.stable_diffusion.tt.ttnn_functional_unet_2d_condition_model_new_conv:__call__:406 - Down block 2
2026-05-29 10:53:41.073 | INFO     | models.demos.wormhole.stable_diffusion.tt.ttnn_functional_unet_2d_condition_model_new_conv:__call__:406 - Down block 3
2026-05-29 10:53:41.073 | INFO     | models.demos.wormhole.stable_diffusion.tt.ttnn_functional_unet_2d_condition_model_new_conv:__call__:460 - Mid block
2026-05-29 10:53:41.074 | warning  |              Op | Mismatch between computed MemoryConfig(memory_layout=TensorMemoryLayout::BLOCK_SHARDED,buffer_type=BufferType::L1,shard_spec=ShardSpec(grid={[(x=0,y=0) - (x=7,y=3)]},shape={32, 160},orientation=ShardOrientation::ROW_MAJOR),nd_shard_spec=NdShardSpec(shard_shape=Shape([32, 160]),grid={[(x=0,y=0) - (x=7,y=3)]},orientation=ShardOrientation::ROW_MAJOR,shard_distribution_strategy=ShardDistributionStrategy::GRID_2D),created_with_nd_shard_spec=0) and provided MemoryConfig(memory_layout=TensorMemoryLayout::BLOCK_SHARDED,buffer_type=BufferType::L1,shard_spec=ShardSpec(grid={[(x=0,y=0) - (x=7,y=7)]},shape={32, 160},orientation=ShardOrientation::ROW_MAJOR),nd_shard_spec=std::nullopt,created_with_nd_shard_spec=0) mem config. Using computed config. (matmul_op.cpp:1674)
2026-05-29 10:53:41.075 | INFO     | models.demos.wormhole.stable_diffusion.tt.ttnn_functional_unet_2d_condition_model_new_conv:__call__:491 - Up block 0
2026-05-29 10:53:41.077 | INFO     | models.demos.wormhole.stable_diffusion.tt.ttnn_functional_unet_2d_condition_model_new_conv:__call__:491 - Up block 1
2026-05-29 10:53:41.082 | INFO     | models.demos.wormhole.stable_diffusion.tt.ttnn_functional_unet_2d_condition_model_new_conv:__call__:491 - Up block 2
2026-05-29 10:53:41.090 | INFO     | models.demos.wormhole.stable_diffusion.tt.ttnn_functional_unet_2d_condition_model_new_conv:__call__:491 - Up block 3
2026-05-29 10:53:41.110 | INFO     | models.demos.wormhole.stable_diffusion.tt.ttnn_functional_unet_2d_condition_model_new_conv:__call__:406 - Down block 0
2026-05-29 10:53:41.115 | info     |              Op | act_block_h_override 2 is not a valid override for padded_output_height_ntiles_per_core 7, instead 1 was selected as closest valid option! (conv2d_utils.cpp:401)
2026-05-29 10:53:41.116 | INFO     | models.demos.wormhole.stable_diffusion.tt.ttnn_functional_unet_2d_condition_model_new_conv:__call__:406 - Down block 1
2026-05-29 10:53:41.121 | INFO     | models.demos.wormhole.stable_diffusion.tt.ttnn_functional_unet_2d_condition_model_new_conv:__call__:406 - Down block 2
2026-05-29 10:53:41.124 | INFO     | models.demos.wormhole.stable_diffusion.tt.ttnn_functional_unet_2d_condition_model_new_conv:__call__:406 - Down block 3
2026-05-29 10:53:41.125 | INFO     | models.demos.wormhole.stable_diffusion.tt.ttnn_functional_unet_2d_condition_model_new_conv:__call__:460 - Mid block
2026-05-29 10:53:41.125 | warning  |              Op | Mismatch between computed MemoryConfig(memory_layout=TensorMemoryLayout::BLOCK_SHARDED,buffer_type=BufferType::L1,shard_spec=ShardSpec(grid={[(x=0,y=0) - (x=7,y=3)]},shape={32, 160},orientation=ShardOrientation::ROW_MAJOR),nd_shard_spec=NdShardSpec(shard_shape=Shape([32, 160]),grid={[(x=0,y=0) - (x=7,y=3)]},orientation=ShardOrientation::ROW_MAJOR,shard_distribution_strategy=ShardDistributionStrategy::GRID_2D),created_with_nd_shard_spec=0) and provided MemoryConfig(memory_layout=TensorMemoryLayout::BLOCK_SHARDED,buffer_type=BufferType::L1,shard_spec=ShardSpec(grid={[(x=0,y=0) - (x=7,y=7)]},shape={32, 160},orientation=ShardOrientation::ROW_MAJOR),nd_shard_spec=std::nullopt,created_with_nd_shard_spec=0) mem config. Using computed config. (matmul_op.cpp:1674)
2026-05-29 10:53:41.127 | INFO     | models.demos.wormhole.stable_diffusion.tt.ttnn_functional_unet_2d_condition_model_new_conv:__call__:491 - Up block 0
2026-05-29 10:53:41.128 | INFO     | models.demos.wormhole.stable_diffusion.tt.ttnn_functional_unet_2d_condition_model_new_conv:__call__:491 - Up block 1
2026-05-29 10:53:41.133 | INFO     | models.demos.wormhole.stable_diffusion.tt.ttnn_functional_unet_2d_condition_model_new_conv:__call__:491 - Up block 2
2026-05-29 10:53:41.141 | INFO     | models.demos.wormhole.stable_diffusion.tt.ttnn_functional_unet_2d_condition_model_new_conv:__call__:491 - Up block 3
2026-05-29 10:53:41.161 | INFO     | models.demos.wormhole.stable_diffusion.tt.ttnn_functional_unet_2d_condition_model_new_conv:__call__:406 - Down block 0
2026-05-29 10:53:41.167 | info     |              Op | act_block_h_override 2 is not a valid override for padded_output_height_ntiles_per_core 7, instead 1 was selected as closest valid option! (conv2d_utils.cpp:401)
2026-05-29 10:53:41.167 | INFO     | models.demos.wormhole.stable_diffusion.tt.ttnn_functional_unet_2d_condition_model_new_conv:__call__:406 - Down block 1
2026-05-29 10:53:41.173 | INFO     | models.demos.wormhole.stable_diffusion.tt.ttnn_functional_unet_2d_condition_model_new_conv:__call__:406 - Down block 2
2026-05-29 10:53:41.176 | INFO     | models.demos.wormhole.stable_diffusion.tt.ttnn_functional_unet_2d_condition_model_new_conv:__call__:406 - Down block 3
2026-05-29 10:53:41.177 | INFO     | models.demos.wormhole.stable_diffusion.tt.ttnn_functional_unet_2d_condition_model_new_conv:__call__:460 - Mid block
2026-05-29 10:53:41.178 | warning  |              Op | Mismatch between computed MemoryConfig(memory_layout=TensorMemoryLayout::BLOCK_SHARDED,buffer_type=BufferType::L1,shard_spec=ShardSpec(grid={[(x=0,y=0) - (x=7,y=3)]},shape={32, 160},orientation=ShardOrientation::ROW_MAJOR),nd_shard_spec=NdShardSpec(shard_shape=Shape([32, 160]),grid={[(x=0,y=0) - (x=7,y=3)]},orientation=ShardOrientation::ROW_MAJOR,shard_distribution_strategy=ShardDistributionStrategy::GRID_2D),created_with_nd_shard_spec=0) and provided MemoryConfig(memory_layout=TensorMemoryLayout::BLOCK_SHARDED,buffer_type=BufferType::L1,shard_spec=ShardSpec(grid={[(x=0,y=0) - (x=7,y=7)]},shape={32, 160},orientation=ShardOrientation::ROW_MAJOR),nd_shard_spec=std::nullopt,created_with_nd_shard_spec=0) mem config. Using computed config. (matmul_op.cpp:1674)
2026-05-29 10:53:41.179 | INFO     | models.demos.wormhole.stable_diffusion.tt.ttnn_functional_unet_2d_condition_model_new_conv:__call__:491 - Up block 0
2026-05-29 10:53:41.180 | INFO     | models.demos.wormhole.stable_diffusion.tt.ttnn_functional_unet_2d_condition_model_new_conv:__call__:491 - Up block 1
2026-05-29 10:53:41.185 | INFO     | models.demos.wormhole.stable_diffusion.tt.ttnn_functional_unet_2d_condition_model_new_conv:__call__:491 - Up block 2
2026-05-29 10:53:41.193 | INFO     | models.demos.wormhole.stable_diffusion.tt.ttnn_functional_unet_2d_condition_model_new_conv:__call__:491 - Up block 3
2026-05-29 10:53:41.213 | INFO     | models.demos.wormhole.stable_diffusion.tt.ttnn_functional_unet_2d_condition_model_new_conv:__call__:406 - Down block 0
2026-05-29 10:53:41.219 | info     |              Op | act_block_h_override 2 is not a valid override for padded_output_height_ntiles_per_core 7, instead 1 was selected as closest valid option! (conv2d_utils.cpp:401)
2026-05-29 10:53:41.219 | INFO     | models.demos.wormhole.stable_diffusion.tt.ttnn_functional_unet_2d_condition_model_new_conv:__call__:406 - Down block 1
2026-05-29 10:53:41.225 | INFO     | models.demos.wormhole.stable_diffusion.tt.ttnn_functional_unet_2d_condition_model_new_conv:__call__:406 - Down block 2
2026-05-29 10:53:41.228 | INFO     | models.demos.wormhole.stable_diffusion.tt.ttnn_functional_unet_2d_condition_model_new_conv:__call__:406 - Down block 3
2026-05-29 10:53:41.229 | INFO     | models.demos.wormhole.stable_diffusion.tt.ttnn_functional_unet_2d_condition_model_new_conv:__call__:460 - Mid block
2026-05-29 10:53:41.229 | warning  |              Op | Mismatch between computed MemoryConfig(memory_layout=TensorMemoryLayout::BLOCK_SHARDED,buffer_type=BufferType::L1,shard_spec=ShardSpec(grid={[(x=0,y=0) - (x=7,y=3)]},shape={32, 160},orientation=ShardOrientation::ROW_MAJOR),nd_shard_spec=NdShardSpec(shard_shape=Shape([32, 160]),grid={[(x=0,y=0) - (x=7,y=3)]},orientation=ShardOrientation::ROW_MAJOR,shard_distribution_strategy=ShardDistributionStrategy::GRID_2D),created_with_nd_shard_spec=0) and provided MemoryConfig(memory_layout=TensorMemoryLayout::BLOCK_SHARDED,buffer_type=BufferType::L1,shard_spec=ShardSpec(grid={[(x=0,y=0) - (x=7,y=7)]},shape={32, 160},orientation=ShardOrientation::ROW_MAJOR),nd_shard_spec=std::nullopt,created_with_nd_shard_spec=0) mem config. Using computed config. (matmul_op.cpp:1674)
2026-05-29 10:53:41.231 | INFO     | models.demos.wormhole.stable_diffusion.tt.ttnn_functional_unet_2d_condition_model_new_conv:__call__:491 - Up block 0
2026-05-29 10:53:41.232 | INFO     | models.demos.wormhole.stable_diffusion.tt.ttnn_functional_unet_2d_condition_model_new_conv:__call__:491 - Up block 1
2026-05-29 10:53:41.237 | INFO     | models.demos.wormhole.stable_diffusion.tt.ttnn_functional_unet_2d_condition_model_new_conv:__call__:491 - Up block 2
2026-05-29 10:53:41.245 | INFO     | models.demos.wormhole.stable_diffusion.tt.ttnn_functional_unet_2d_condition_model_new_conv:__call__:491 - Up block 3
  Step 16/41
2026-05-29 10:53:41.268 | INFO     | models.demos.wormhole.stable_diffusion.tt.ttnn_functional_unet_2d_condition_model_new_conv:__call__:406 - Down block 0
2026-05-29 10:53:41.274 | info     |              Op | act_block_h_override 2 is not a valid override for padded_output_height_ntiles_per_core 7, instead 1 was selected as closest valid option! (conv2d_utils.cpp:401)
2026-05-29 10:53:41.274 | INFO     | models.demos.wormhole.stable_diffusion.tt.ttnn_functional_unet_2d_condition_model_new_conv:__call__:406 - Down block 1
2026-05-29 10:53:41.279 | INFO     | models.demos.wormhole.stable_diffusion.tt.ttnn_functional_unet_2d_condition_model_new_conv:__call__:406 - Down block 2
2026-05-29 10:53:41.283 | INFO     | models.demos.wormhole.stable_diffusion.tt.ttnn_functional_unet_2d_condition_model_new_conv:__call__:406 - Down block 3
2026-05-29 10:53:41.284 | INFO     | models.demos.wormhole.stable_diffusion.tt.ttnn_functional_unet_2d_condition_model_new_conv:__call__:460 - Mid block
2026-05-29 10:53:41.284 | warning  |              Op | Mismatch between computed MemoryConfig(memory_layout=TensorMemoryLayout::BLOCK_SHARDED,buffer_type=BufferType::L1,shard_spec=ShardSpec(grid={[(x=0,y=0) - (x=7,y=3)]},shape={32, 160},orientation=ShardOrientation::ROW_MAJOR),nd_shard_spec=NdShardSpec(shard_shape=Shape([32, 160]),grid={[(x=0,y=0) - (x=7,y=3)]},orientation=ShardOrientation::ROW_MAJOR,shard_distribution_strategy=ShardDistributionStrategy::GRID_2D),created_with_nd_shard_spec=0) and provided MemoryConfig(memory_layout=TensorMemoryLayout::BLOCK_SHARDED,buffer_type=BufferType::L1,shard_spec=ShardSpec(grid={[(x=0,y=0) - (x=7,y=7)]},shape={32, 160},orientation=ShardOrientation::ROW_MAJOR),nd_shard_spec=std::nullopt,created_with_nd_shard_spec=0) mem config. Using computed config. (matmul_op.cpp:1674)
2026-05-29 10:53:41.286 | INFO     | models.demos.wormhole.stable_diffusion.tt.ttnn_functional_unet_2d_condition_model_new_conv:__call__:491 - Up block 0
2026-05-29 10:53:41.287 | INFO     | models.demos.wormhole.stable_diffusion.tt.ttnn_functional_unet_2d_condition_model_new_conv:__call__:491 - Up block 1
2026-05-29 10:53:41.292 | INFO     | models.demos.wormhole.stable_diffusion.tt.ttnn_functional_unet_2d_condition_model_new_conv:__call__:491 - Up block 2
2026-05-29 10:53:41.300 | INFO     | models.demos.wormhole.stable_diffusion.tt.ttnn_functional_unet_2d_condition_model_new_conv:__call__:491 - Up block 3
2026-05-29 10:53:41.320 | INFO     | models.demos.wormhole.stable_diffusion.tt.ttnn_functional_unet_2d_condition_model_new_conv:__call__:406 - Down block 0
2026-05-29 10:53:41.326 | info     |              Op | act_block_h_override 2 is not a valid override for padded_output_height_ntiles_per_core 7, instead 1 was selected as closest valid option! (conv2d_utils.cpp:401)
2026-05-29 10:53:41.326 | INFO     | models.demos.wormhole.stable_diffusion.tt.ttnn_functional_unet_2d_condition_model_new_conv:__call__:406 - Down block 1
2026-05-29 10:53:41.332 | INFO     | models.demos.wormhole.stable_diffusion.tt.ttnn_functional_unet_2d_condition_model_new_conv:__call__:406 - Down block 2
2026-05-29 10:53:41.335 | INFO     | models.demos.wormhole.stable_diffusion.tt.ttnn_functional_unet_2d_condition_model_new_conv:__call__:406 - Down block 3
2026-05-29 10:53:41.336 | INFO     | models.demos.wormhole.stable_diffusion.tt.ttnn_functional_unet_2d_condition_model_new_conv:__call__:460 - Mid block
2026-05-29 10:53:41.336 | warning  |              Op | Mismatch between computed MemoryConfig(memory_layout=TensorMemoryLayout::BLOCK_SHARDED,buffer_type=BufferType::L1,shard_spec=ShardSpec(grid={[(x=0,y=0) - (x=7,y=3)]},shape={32, 160},orientation=ShardOrientation::ROW_MAJOR),nd_shard_spec=NdShardSpec(shard_shape=Shape([32, 160]),grid={[(x=0,y=0) - (x=7,y=3)]},orientation=ShardOrientation::ROW_MAJOR,shard_distribution_strategy=ShardDistributionStrategy::GRID_2D),created_with_nd_shard_spec=0) and provided MemoryConfig(memory_layout=TensorMemoryLayout::BLOCK_SHARDED,buffer_type=BufferType::L1,shard_spec=ShardSpec(grid={[(x=0,y=0) - (x=7,y=7)]},shape={32, 160},orientation=ShardOrientation::ROW_MAJOR),nd_shard_spec=std::nullopt,created_with_nd_shard_spec=0) mem config. Using computed config. (matmul_op.cpp:1674)
2026-05-29 10:53:41.338 | INFO     | models.demos.wormhole.stable_diffusion.tt.ttnn_functional_unet_2d_condition_model_new_conv:__call__:491 - Up block 0
2026-05-29 10:53:41.339 | INFO     | models.demos.wormhole.stable_diffusion.tt.ttnn_functional_unet_2d_condition_model_new_conv:__call__:491 - Up block 1
2026-05-29 10:53:41.344 | INFO     | models.demos.wormhole.stable_diffusion.tt.ttnn_functional_unet_2d_condition_model_new_conv:__call__:491 - Up block 2
2026-05-29 10:53:41.352 | INFO     | models.demos.wormhole.stable_diffusion.tt.ttnn_functional_unet_2d_condition_model_new_conv:__call__:491 - Up block 3
2026-05-29 10:53:41.372 | INFO     | models.demos.wormhole.stable_diffusion.tt.ttnn_functional_unet_2d_condition_model_new_conv:__call__:406 - Down block 0
2026-05-29 10:53:41.378 | info     |              Op | act_block_h_override 2 is not a valid override for padded_output_height_ntiles_per_core 7, instead 1 was selected as closest valid option! (conv2d_utils.cpp:401)
2026-05-29 10:53:41.378 | INFO     | models.demos.wormhole.stable_diffusion.tt.ttnn_functional_unet_2d_condition_model_new_conv:__call__:406 - Down block 1
2026-05-29 10:53:41.383 | INFO     | models.demos.wormhole.stable_diffusion.tt.ttnn_functional_unet_2d_condition_model_new_conv:__call__:406 - Down block 2
2026-05-29 10:53:41.386 | INFO     | models.demos.wormhole.stable_diffusion.tt.ttnn_functional_unet_2d_condition_model_new_conv:__call__:406 - Down block 3
2026-05-29 10:53:41.387 | INFO     | models.demos.wormhole.stable_diffusion.tt.ttnn_functional_unet_2d_condition_model_new_conv:__call__:460 - Mid block
2026-05-29 10:53:41.388 | warning  |              Op | Mismatch between computed MemoryConfig(memory_layout=TensorMemoryLayout::BLOCK_SHARDED,buffer_type=BufferType::L1,shard_spec=ShardSpec(grid={[(x=0,y=0) - (x=7,y=3)]},shape={32, 160},orientation=ShardOrientation::ROW_MAJOR),nd_shard_spec=NdShardSpec(shard_shape=Shape([32, 160]),grid={[(x=0,y=0) - (x=7,y=3)]},orientation=ShardOrientation::ROW_MAJOR,shard_distribution_strategy=ShardDistributionStrategy::GRID_2D),created_with_nd_shard_spec=0) and provided MemoryConfig(memory_layout=TensorMemoryLayout::BLOCK_SHARDED,buffer_type=BufferType::L1,shard_spec=ShardSpec(grid={[(x=0,y=0) - (x=7,y=7)]},shape={32, 160},orientation=ShardOrientation::ROW_MAJOR),nd_shard_spec=std::nullopt,created_with_nd_shard_spec=0) mem config. Using computed config. (matmul_op.cpp:1674)
2026-05-29 10:53:41.389 | INFO     | models.demos.wormhole.stable_diffusion.tt.ttnn_functional_unet_2d_condition_model_new_conv:__call__:491 - Up block 0
2026-05-29 10:53:41.390 | INFO     | models.demos.wormhole.stable_diffusion.tt.ttnn_functional_unet_2d_condition_model_new_conv:__call__:491 - Up block 1
2026-05-29 10:53:41.395 | INFO     | models.demos.wormhole.stable_diffusion.tt.ttnn_functional_unet_2d_condition_model_new_conv:__call__:491 - Up block 2
2026-05-29 10:53:41.403 | INFO     | models.demos.wormhole.stable_diffusion.tt.ttnn_functional_unet_2d_condition_model_new_conv:__call__:491 - Up block 3
2026-05-29 10:53:41.424 | INFO     | models.demos.wormhole.stable_diffusion.tt.ttnn_functional_unet_2d_condition_model_new_conv:__call__:406 - Down block 0
2026-05-29 10:53:41.430 | info     |              Op | act_block_h_override 2 is not a valid override for padded_output_height_ntiles_per_core 7, instead 1 was selected as closest valid option! (conv2d_utils.cpp:401)
2026-05-29 10:53:41.430 | INFO     | models.demos.wormhole.stable_diffusion.tt.ttnn_functional_unet_2d_condition_model_new_conv:__call__:406 - Down block 1
2026-05-29 10:53:41.435 | INFO     | models.demos.wormhole.stable_diffusion.tt.ttnn_functional_unet_2d_condition_model_new_conv:__call__:406 - Down block 2
2026-05-29 10:53:41.439 | INFO     | models.demos.wormhole.stable_diffusion.tt.ttnn_functional_unet_2d_condition_model_new_conv:__call__:406 - Down block 3
2026-05-29 10:53:41.439 | INFO     | models.demos.wormhole.stable_diffusion.tt.ttnn_functional_unet_2d_condition_model_new_conv:__call__:460 - Mid block
2026-05-29 10:53:41.440 | warning  |              Op | Mismatch between computed MemoryConfig(memory_layout=TensorMemoryLayout::BLOCK_SHARDED,buffer_type=BufferType::L1,shard_spec=ShardSpec(grid={[(x=0,y=0) - (x=7,y=3)]},shape={32, 160},orientation=ShardOrientation::ROW_MAJOR),nd_shard_spec=NdShardSpec(shard_shape=Shape([32, 160]),grid={[(x=0,y=0) - (x=7,y=3)]},orientation=ShardOrientation::ROW_MAJOR,shard_distribution_strategy=ShardDistributionStrategy::GRID_2D),created_with_nd_shard_spec=0) and provided MemoryConfig(memory_layout=TensorMemoryLayout::BLOCK_SHARDED,buffer_type=BufferType::L1,shard_spec=ShardSpec(grid={[(x=0,y=0) - (x=7,y=7)]},shape={32, 160},orientation=ShardOrientation::ROW_MAJOR),nd_shard_spec=std::nullopt,created_with_nd_shard_spec=0) mem config. Using computed config. (matmul_op.cpp:1674)
2026-05-29 10:53:41.441 | INFO     | models.demos.wormhole.stable_diffusion.tt.ttnn_functional_unet_2d_condition_model_new_conv:__call__:491 - Up block 0
2026-05-29 10:53:41.443 | INFO     | models.demos.wormhole.stable_diffusion.tt.ttnn_functional_unet_2d_condition_model_new_conv:__call__:491 - Up block 1
2026-05-29 10:53:41.447 | INFO     | models.demos.wormhole.stable_diffusion.tt.ttnn_functional_unet_2d_condition_model_new_conv:__call__:491 - Up block 2
2026-05-29 10:53:41.456 | INFO     | models.demos.wormhole.stable_diffusion.tt.ttnn_functional_unet_2d_condition_model_new_conv:__call__:491 - Up block 3
2026-05-29 10:53:41.476 | INFO     | models.demos.wormhole.stable_diffusion.tt.ttnn_functional_unet_2d_condition_model_new_conv:__call__:406 - Down block 0
2026-05-29 10:53:41.481 | info     |              Op | act_block_h_override 2 is not a valid override for padded_output_height_ntiles_per_core 7, instead 1 was selected as closest valid option! (conv2d_utils.cpp:401)
2026-05-29 10:53:41.482 | INFO     | models.demos.wormhole.stable_diffusion.tt.ttnn_functional_unet_2d_condition_model_new_conv:__call__:406 - Down block 1
2026-05-29 10:53:41.487 | INFO     | models.demos.wormhole.stable_diffusion.tt.ttnn_functional_unet_2d_condition_model_new_conv:__call__:406 - Down block 2
2026-05-29 10:53:41.490 | INFO     | models.demos.wormhole.stable_diffusion.tt.ttnn_functional_unet_2d_condition_model_new_conv:__call__:406 - Down block 3
2026-05-29 10:53:41.491 | INFO     | models.demos.wormhole.stable_diffusion.tt.ttnn_functional_unet_2d_condition_model_new_conv:__call__:460 - Mid block
2026-05-29 10:53:41.491 | warning  |              Op | Mismatch between computed MemoryConfig(memory_layout=TensorMemoryLayout::BLOCK_SHARDED,buffer_type=BufferType::L1,shard_spec=ShardSpec(grid={[(x=0,y=0) - (x=7,y=3)]},shape={32, 160},orientation=ShardOrientation::ROW_MAJOR),nd_shard_spec=NdShardSpec(shard_shape=Shape([32, 160]),grid={[(x=0,y=0) - (x=7,y=3)]},orientation=ShardOrientation::ROW_MAJOR,shard_distribution_strategy=ShardDistributionStrategy::GRID_2D),created_with_nd_shard_spec=0) and provided MemoryConfig(memory_layout=TensorMemoryLayout::BLOCK_SHARDED,buffer_type=BufferType::L1,shard_spec=ShardSpec(grid={[(x=0,y=0) - (x=7,y=7)]},shape={32, 160},orientation=ShardOrientation::ROW_MAJOR),nd_shard_spec=std::nullopt,created_with_nd_shard_spec=0) mem config. Using computed config. (matmul_op.cpp:1674)
2026-05-29 10:53:41.493 | INFO     | models.demos.wormhole.stable_diffusion.tt.ttnn_functional_unet_2d_condition_model_new_conv:__call__:491 - Up block 0
2026-05-29 10:53:41.494 | INFO     | models.demos.wormhole.stable_diffusion.tt.ttnn_functional_unet_2d_condition_model_new_conv:__call__:491 - Up block 1
2026-05-29 10:53:41.499 | INFO     | models.demos.wormhole.stable_diffusion.tt.ttnn_functional_unet_2d_condition_model_new_conv:__call__:491 - Up block 2
2026-05-29 10:53:41.507 | INFO     | models.demos.wormhole.stable_diffusion.tt.ttnn_functional_unet_2d_condition_model_new_conv:__call__:491 - Up block 3
2026-05-29 10:53:41.527 | INFO     | models.demos.wormhole.stable_diffusion.tt.ttnn_functional_unet_2d_condition_model_new_conv:__call__:406 - Down block 0
2026-05-29 10:53:41.533 | info     |              Op | act_block_h_override 2 is not a valid override for padded_output_height_ntiles_per_core 7, instead 1 was selected as closest valid option! (conv2d_utils.cpp:401)
2026-05-29 10:53:41.533 | INFO     | models.demos.wormhole.stable_diffusion.tt.ttnn_functional_unet_2d_condition_model_new_conv:__call__:406 - Down block 1
2026-05-29 10:53:41.539 | INFO     | models.demos.wormhole.stable_diffusion.tt.ttnn_functional_unet_2d_condition_model_new_conv:__call__:406 - Down block 2
2026-05-29 10:53:41.542 | INFO     | models.demos.wormhole.stable_diffusion.tt.ttnn_functional_unet_2d_condition_model_new_conv:__call__:406 - Down block 3
2026-05-29 10:53:41.543 | INFO     | models.demos.wormhole.stable_diffusion.tt.ttnn_functional_unet_2d_condition_model_new_conv:__call__:460 - Mid block
2026-05-29 10:53:41.543 | warning  |              Op | Mismatch between computed MemoryConfig(memory_layout=TensorMemoryLayout::BLOCK_SHARDED,buffer_type=BufferType::L1,shard_spec=ShardSpec(grid={[(x=0,y=0) - (x=7,y=3)]},shape={32, 160},orientation=ShardOrientation::ROW_MAJOR),nd_shard_spec=NdShardSpec(shard_shape=Shape([32, 160]),grid={[(x=0,y=0) - (x=7,y=3)]},orientation=ShardOrientation::ROW_MAJOR,shard_distribution_strategy=ShardDistributionStrategy::GRID_2D),created_with_nd_shard_spec=0) and provided MemoryConfig(memory_layout=TensorMemoryLayout::BLOCK_SHARDED,buffer_type=BufferType::L1,shard_spec=ShardSpec(grid={[(x=0,y=0) - (x=7,y=7)]},shape={32, 160},orientation=ShardOrientation::ROW_MAJOR),nd_shard_spec=std::nullopt,created_with_nd_shard_spec=0) mem config. Using computed config. (matmul_op.cpp:1674)
2026-05-29 10:53:41.545 | INFO     | models.demos.wormhole.stable_diffusion.tt.ttnn_functional_unet_2d_condition_model_new_conv:__call__:491 - Up block 0
2026-05-29 10:53:41.546 | INFO     | models.demos.wormhole.stable_diffusion.tt.ttnn_functional_unet_2d_condition_model_new_conv:__call__:491 - Up block 1
2026-05-29 10:53:41.551 | INFO     | models.demos.wormhole.stable_diffusion.tt.ttnn_functional_unet_2d_condition_model_new_conv:__call__:491 - Up block 2
2026-05-29 10:53:41.559 | INFO     | models.demos.wormhole.stable_diffusion.tt.ttnn_functional_unet_2d_condition_model_new_conv:__call__:491 - Up block 3
2026-05-29 10:53:41.579 | INFO     | models.demos.wormhole.stable_diffusion.tt.ttnn_functional_unet_2d_condition_model_new_conv:__call__:406 - Down block 0
2026-05-29 10:53:41.585 | info     |              Op | act_block_h_override 2 is not a valid override for padded_output_height_ntiles_per_core 7, instead 1 was selected as closest valid option! (conv2d_utils.cpp:401)
2026-05-29 10:53:41.585 | INFO     | models.demos.wormhole.stable_diffusion.tt.ttnn_functional_unet_2d_condition_model_new_conv:__call__:406 - Down block 1
2026-05-29 10:53:41.591 | INFO     | models.demos.wormhole.stable_diffusion.tt.ttnn_functional_unet_2d_condition_model_new_conv:__call__:406 - Down block 2
2026-05-29 10:53:41.594 | INFO     | models.demos.wormhole.stable_diffusion.tt.ttnn_functional_unet_2d_condition_model_new_conv:__call__:406 - Down block 3
2026-05-29 10:53:41.595 | INFO     | models.demos.wormhole.stable_diffusion.tt.ttnn_functional_unet_2d_condition_model_new_conv:__call__:460 - Mid block
2026-05-29 10:53:41.595 | warning  |              Op | Mismatch between computed MemoryConfig(memory_layout=TensorMemoryLayout::BLOCK_SHARDED,buffer_type=BufferType::L1,shard_spec=ShardSpec(grid={[(x=0,y=0) - (x=7,y=3)]},shape={32, 160},orientation=ShardOrientation::ROW_MAJOR),nd_shard_spec=NdShardSpec(shard_shape=Shape([32, 160]),grid={[(x=0,y=0) - (x=7,y=3)]},orientation=ShardOrientation::ROW_MAJOR,shard_distribution_strategy=ShardDistributionStrategy::GRID_2D),created_with_nd_shard_spec=0) and provided MemoryConfig(memory_layout=TensorMemoryLayout::BLOCK_SHARDED,buffer_type=BufferType::L1,shard_spec=ShardSpec(grid={[(x=0,y=0) - (x=7,y=7)]},shape={32, 160},orientation=ShardOrientation::ROW_MAJOR),nd_shard_spec=std::nullopt,created_with_nd_shard_spec=0) mem config. Using computed config. (matmul_op.cpp:1674)
2026-05-29 10:53:41.596 | INFO     | models.demos.wormhole.stable_diffusion.tt.ttnn_functional_unet_2d_condition_model_new_conv:__call__:491 - Up block 0
2026-05-29 10:53:41.598 | INFO     | models.demos.wormhole.stable_diffusion.tt.ttnn_functional_unet_2d_condition_model_new_conv:__call__:491 - Up block 1
2026-05-29 10:53:41.603 | INFO     | models.demos.wormhole.stable_diffusion.tt.ttnn_functional_unet_2d_condition_model_new_conv:__call__:491 - Up block 2
2026-05-29 10:53:41.611 | INFO     | models.demos.wormhole.stable_diffusion.tt.ttnn_functional_unet_2d_condition_model_new_conv:__call__:491 - Up block 3
2026-05-29 10:53:41.631 | INFO     | models.demos.wormhole.stable_diffusion.tt.ttnn_functional_unet_2d_condition_model_new_conv:__call__:406 - Down block 0
2026-05-29 10:53:41.637 | info     |              Op | act_block_h_override 2 is not a valid override for padded_output_height_ntiles_per_core 7, instead 1 was selected as closest valid option! (conv2d_utils.cpp:401)
2026-05-29 10:53:41.637 | INFO     | models.demos.wormhole.stable_diffusion.tt.ttnn_functional_unet_2d_condition_model_new_conv:__call__:406 - Down block 1
2026-05-29 10:53:41.642 | INFO     | models.demos.wormhole.stable_diffusion.tt.ttnn_functional_unet_2d_condition_model_new_conv:__call__:406 - Down block 2
2026-05-29 10:53:41.646 | INFO     | models.demos.wormhole.stable_diffusion.tt.ttnn_functional_unet_2d_condition_model_new_conv:__call__:406 - Down block 3
2026-05-29 10:53:41.646 | INFO     | models.demos.wormhole.stable_diffusion.tt.ttnn_functional_unet_2d_condition_model_new_conv:__call__:460 - Mid block
2026-05-29 10:53:41.647 | warning  |              Op | Mismatch between computed MemoryConfig(memory_layout=TensorMemoryLayout::BLOCK_SHARDED,buffer_type=BufferType::L1,shard_spec=ShardSpec(grid={[(x=0,y=0) - (x=7,y=3)]},shape={32, 160},orientation=ShardOrientation::ROW_MAJOR),nd_shard_spec=NdShardSpec(shard_shape=Shape([32, 160]),grid={[(x=0,y=0) - (x=7,y=3)]},orientation=ShardOrientation::ROW_MAJOR,shard_distribution_strategy=ShardDistributionStrategy::GRID_2D),created_with_nd_shard_spec=0) and provided MemoryConfig(memory_layout=TensorMemoryLayout::BLOCK_SHARDED,buffer_type=BufferType::L1,shard_spec=ShardSpec(grid={[(x=0,y=0) - (x=7,y=7)]},shape={32, 160},orientation=ShardOrientation::ROW_MAJOR),nd_shard_spec=std::nullopt,created_with_nd_shard_spec=0) mem config. Using computed config. (matmul_op.cpp:1674)
2026-05-29 10:53:41.648 | INFO     | models.demos.wormhole.stable_diffusion.tt.ttnn_functional_unet_2d_condition_model_new_conv:__call__:491 - Up block 0
2026-05-29 10:53:41.649 | INFO     | models.demos.wormhole.stable_diffusion.tt.ttnn_functional_unet_2d_condition_model_new_conv:__call__:491 - Up block 1
2026-05-29 10:53:41.654 | INFO     | models.demos.wormhole.stable_diffusion.tt.ttnn_functional_unet_2d_condition_model_new_conv:__call__:491 - Up block 2
2026-05-29 10:53:41.662 | INFO     | models.demos.wormhole.stable_diffusion.tt.ttnn_functional_unet_2d_condition_model_new_conv:__call__:491 - Up block 3
  Step 17/41
2026-05-29 10:53:41.686 | INFO     | models.demos.wormhole.stable_diffusion.tt.ttnn_functional_unet_2d_condition_model_new_conv:__call__:406 - Down block 0
2026-05-29 10:53:41.692 | info     |              Op | act_block_h_override 2 is not a valid override for padded_output_height_ntiles_per_core 7, instead 1 was selected as closest valid option! (conv2d_utils.cpp:401)
2026-05-29 10:53:41.692 | INFO     | models.demos.wormhole.stable_diffusion.tt.ttnn_functional_unet_2d_condition_model_new_conv:__call__:406 - Down block 1
2026-05-29 10:53:41.698 | INFO     | models.demos.wormhole.stable_diffusion.tt.ttnn_functional_unet_2d_condition_model_new_conv:__call__:406 - Down block 2
2026-05-29 10:53:41.701 | INFO     | models.demos.wormhole.stable_diffusion.tt.ttnn_functional_unet_2d_condition_model_new_conv:__call__:406 - Down block 3
2026-05-29 10:53:41.702 | INFO     | models.demos.wormhole.stable_diffusion.tt.ttnn_functional_unet_2d_condition_model_new_conv:__call__:460 - Mid block
2026-05-29 10:53:41.702 | warning  |              Op | Mismatch between computed MemoryConfig(memory_layout=TensorMemoryLayout::BLOCK_SHARDED,buffer_type=BufferType::L1,shard_spec=ShardSpec(grid={[(x=0,y=0) - (x=7,y=3)]},shape={32, 160},orientation=ShardOrientation::ROW_MAJOR),nd_shard_spec=NdShardSpec(shard_shape=Shape([32, 160]),grid={[(x=0,y=0) - (x=7,y=3)]},orientation=ShardOrientation::ROW_MAJOR,shard_distribution_strategy=ShardDistributionStrategy::GRID_2D),created_with_nd_shard_spec=0) and provided MemoryConfig(memory_layout=TensorMemoryLayout::BLOCK_SHARDED,buffer_type=BufferType::L1,shard_spec=ShardSpec(grid={[(x=0,y=0) - (x=7,y=7)]},shape={32, 160},orientation=ShardOrientation::ROW_MAJOR),nd_shard_spec=std::nullopt,created_with_nd_shard_spec=0) mem config. Using computed config. (matmul_op.cpp:1674)
2026-05-29 10:53:41.704 | INFO     | models.demos.wormhole.stable_diffusion.tt.ttnn_functional_unet_2d_condition_model_new_conv:__call__:491 - Up block 0
2026-05-29 10:53:41.705 | INFO     | models.demos.wormhole.stable_diffusion.tt.ttnn_functional_unet_2d_condition_model_new_conv:__call__:491 - Up block 1
2026-05-29 10:53:41.710 | INFO     | models.demos.wormhole.stable_diffusion.tt.ttnn_functional_unet_2d_condition_model_new_conv:__call__:491 - Up block 2
2026-05-29 10:53:41.718 | INFO     | models.demos.wormhole.stable_diffusion.tt.ttnn_functional_unet_2d_condition_model_new_conv:__call__:491 - Up block 3
2026-05-29 10:53:41.738 | INFO     | models.demos.wormhole.stable_diffusion.tt.ttnn_functional_unet_2d_condition_model_new_conv:__call__:406 - Down block 0
2026-05-29 10:53:41.744 | info     |              Op | act_block_h_override 2 is not a valid override for padded_output_height_ntiles_per_core 7, instead 1 was selected as closest valid option! (conv2d_utils.cpp:401)
2026-05-29 10:53:41.744 | INFO     | models.demos.wormhole.stable_diffusion.tt.ttnn_functional_unet_2d_condition_model_new_conv:__call__:406 - Down block 1
2026-05-29 10:53:41.749 | INFO     | models.demos.wormhole.stable_diffusion.tt.ttnn_functional_unet_2d_condition_model_new_conv:__call__:406 - Down block 2
2026-05-29 10:53:41.753 | INFO     | models.demos.wormhole.stable_diffusion.tt.ttnn_functional_unet_2d_condition_model_new_conv:__call__:406 - Down block 3
2026-05-29 10:53:41.753 | INFO     | models.demos.wormhole.stable_diffusion.tt.ttnn_functional_unet_2d_condition_model_new_conv:__call__:460 - Mid block
2026-05-29 10:53:41.754 | warning  |              Op | Mismatch between computed MemoryConfig(memory_layout=TensorMemoryLayout::BLOCK_SHARDED,buffer_type=BufferType::L1,shard_spec=ShardSpec(grid={[(x=0,y=0) - (x=7,y=3)]},shape={32, 160},orientation=ShardOrientation::ROW_MAJOR),nd_shard_spec=NdShardSpec(shard_shape=Shape([32, 160]),grid={[(x=0,y=0) - (x=7,y=3)]},orientation=ShardOrientation::ROW_MAJOR,shard_distribution_strategy=ShardDistributionStrategy::GRID_2D),created_with_nd_shard_spec=0) and provided MemoryConfig(memory_layout=TensorMemoryLayout::BLOCK_SHARDED,buffer_type=BufferType::L1,shard_spec=ShardSpec(grid={[(x=0,y=0) - (x=7,y=7)]},shape={32, 160},orientation=ShardOrientation::ROW_MAJOR),nd_shard_spec=std::nullopt,created_with_nd_shard_spec=0) mem config. Using computed config. (matmul_op.cpp:1674)
2026-05-29 10:53:41.755 | INFO     | models.demos.wormhole.stable_diffusion.tt.ttnn_functional_unet_2d_condition_model_new_conv:__call__:491 - Up block 0
2026-05-29 10:53:41.757 | INFO     | models.demos.wormhole.stable_diffusion.tt.ttnn_functional_unet_2d_condition_model_new_conv:__call__:491 - Up block 1
2026-05-29 10:53:41.762 | INFO     | models.demos.wormhole.stable_diffusion.tt.ttnn_functional_unet_2d_condition_model_new_conv:__call__:491 - Up block 2
2026-05-29 10:53:41.770 | INFO     | models.demos.wormhole.stable_diffusion.tt.ttnn_functional_unet_2d_condition_model_new_conv:__call__:491 - Up block 3
2026-05-29 10:53:41.790 | INFO     | models.demos.wormhole.stable_diffusion.tt.ttnn_functional_unet_2d_condition_model_new_conv:__call__:406 - Down block 0
2026-05-29 10:53:41.796 | info     |              Op | act_block_h_override 2 is not a valid override for padded_output_height_ntiles_per_core 7, instead 1 was selected as closest valid option! (conv2d_utils.cpp:401)
2026-05-29 10:53:41.796 | INFO     | models.demos.wormhole.stable_diffusion.tt.ttnn_functional_unet_2d_condition_model_new_conv:__call__:406 - Down block 1
2026-05-29 10:53:41.801 | INFO     | models.demos.wormhole.stable_diffusion.tt.ttnn_functional_unet_2d_condition_model_new_conv:__call__:406 - Down block 2
2026-05-29 10:53:41.805 | INFO     | models.demos.wormhole.stable_diffusion.tt.ttnn_functional_unet_2d_condition_model_new_conv:__call__:406 - Down block 3
2026-05-29 10:53:41.806 | INFO     | models.demos.wormhole.stable_diffusion.tt.ttnn_functional_unet_2d_condition_model_new_conv:__call__:460 - Mid block
2026-05-29 10:53:41.806 | warning  |              Op | Mismatch between computed MemoryConfig(memory_layout=TensorMemoryLayout::BLOCK_SHARDED,buffer_type=BufferType::L1,shard_spec=ShardSpec(grid={[(x=0,y=0) - (x=7,y=3)]},shape={32, 160},orientation=ShardOrientation::ROW_MAJOR),nd_shard_spec=NdShardSpec(shard_shape=Shape([32, 160]),grid={[(x=0,y=0) - (x=7,y=3)]},orientation=ShardOrientation::ROW_MAJOR,shard_distribution_strategy=ShardDistributionStrategy::GRID_2D),created_with_nd_shard_spec=0) and provided MemoryConfig(memory_layout=TensorMemoryLayout::BLOCK_SHARDED,buffer_type=BufferType::L1,shard_spec=ShardSpec(grid={[(x=0,y=0) - (x=7,y=7)]},shape={32, 160},orientation=ShardOrientation::ROW_MAJOR),nd_shard_spec=std::nullopt,created_with_nd_shard_spec=0) mem config. Using computed config. (matmul_op.cpp:1674)
2026-05-29 10:53:41.808 | INFO     | models.demos.wormhole.stable_diffusion.tt.ttnn_functional_unet_2d_condition_model_new_conv:__call__:491 - Up block 0
2026-05-29 10:53:41.809 | INFO     | models.demos.wormhole.stable_diffusion.tt.ttnn_functional_unet_2d_condition_model_new_conv:__call__:491 - Up block 1
2026-05-29 10:53:41.814 | INFO     | models.demos.wormhole.stable_diffusion.tt.ttnn_functional_unet_2d_condition_model_new_conv:__call__:491 - Up block 2
2026-05-29 10:53:41.822 | INFO     | models.demos.wormhole.stable_diffusion.tt.ttnn_functional_unet_2d_condition_model_new_conv:__call__:491 - Up block 3
2026-05-29 10:53:41.842 | INFO     | models.demos.wormhole.stable_diffusion.tt.ttnn_functional_unet_2d_condition_model_new_conv:__call__:406 - Down block 0
2026-05-29 10:53:41.848 | info     |              Op | act_block_h_override 2 is not a valid override for padded_output_height_ntiles_per_core 7, instead 1 was selected as closest valid option! (conv2d_utils.cpp:401)
2026-05-29 10:53:41.848 | INFO     | models.demos.wormhole.stable_diffusion.tt.ttnn_functional_unet_2d_condition_model_new_conv:__call__:406 - Down block 1
2026-05-29 10:53:41.854 | INFO     | models.demos.wormhole.stable_diffusion.tt.ttnn_functional_unet_2d_condition_model_new_conv:__call__:406 - Down block 2
2026-05-29 10:53:41.857 | INFO     | models.demos.wormhole.stable_diffusion.tt.ttnn_functional_unet_2d_condition_model_new_conv:__call__:406 - Down block 3
2026-05-29 10:53:41.858 | INFO     | models.demos.wormhole.stable_diffusion.tt.ttnn_functional_unet_2d_condition_model_new_conv:__call__:460 - Mid block
2026-05-29 10:53:41.858 | warning  |              Op | Mismatch between computed MemoryConfig(memory_layout=TensorMemoryLayout::BLOCK_SHARDED,buffer_type=BufferType::L1,shard_spec=ShardSpec(grid={[(x=0,y=0) - (x=7,y=3)]},shape={32, 160},orientation=ShardOrientation::ROW_MAJOR),nd_shard_spec=NdShardSpec(shard_shape=Shape([32, 160]),grid={[(x=0,y=0) - (x=7,y=3)]},orientation=ShardOrientation::ROW_MAJOR,shard_distribution_strategy=ShardDistributionStrategy::GRID_2D),created_with_nd_shard_spec=0) and provided MemoryConfig(memory_layout=TensorMemoryLayout::BLOCK_SHARDED,buffer_type=BufferType::L1,shard_spec=ShardSpec(grid={[(x=0,y=0) - (x=7,y=7)]},shape={32, 160},orientation=ShardOrientation::ROW_MAJOR),nd_shard_spec=std::nullopt,created_with_nd_shard_spec=0) mem config. Using computed config. (matmul_op.cpp:1674)
2026-05-29 10:53:41.860 | INFO     | models.demos.wormhole.stable_diffusion.tt.ttnn_functional_unet_2d_condition_model_new_conv:__call__:491 - Up block 0
2026-05-29 10:53:41.861 | INFO     | models.demos.wormhole.stable_diffusion.tt.ttnn_functional_unet_2d_condition_model_new_conv:__call__:491 - Up block 1
2026-05-29 10:53:41.866 | INFO     | models.demos.wormhole.stable_diffusion.tt.ttnn_functional_unet_2d_condition_model_new_conv:__call__:491 - Up block 2
2026-05-29 10:53:41.874 | INFO     | models.demos.wormhole.stable_diffusion.tt.ttnn_functional_unet_2d_condition_model_new_conv:__call__:491 - Up block 3
2026-05-29 10:53:41.894 | INFO     | models.demos.wormhole.stable_diffusion.tt.ttnn_functional_unet_2d_condition_model_new_conv:__call__:406 - Down block 0
2026-05-29 10:53:41.900 | info     |              Op | act_block_h_override 2 is not a valid override for padded_output_height_ntiles_per_core 7, instead 1 was selected as closest valid option! (conv2d_utils.cpp:401)
2026-05-29 10:53:41.900 | INFO     | models.demos.wormhole.stable_diffusion.tt.ttnn_functional_unet_2d_condition_model_new_conv:__call__:406 - Down block 1
2026-05-29 10:53:41.906 | INFO     | models.demos.wormhole.stable_diffusion.tt.ttnn_functional_unet_2d_condition_model_new_conv:__call__:406 - Down block 2
2026-05-29 10:53:41.909 | INFO     | models.demos.wormhole.stable_diffusion.tt.ttnn_functional_unet_2d_condition_model_new_conv:__call__:406 - Down block 3
2026-05-29 10:53:41.910 | INFO     | models.demos.wormhole.stable_diffusion.tt.ttnn_functional_unet_2d_condition_model_new_conv:__call__:460 - Mid block
2026-05-29 10:53:41.911 | warning  |              Op | Mismatch between computed MemoryConfig(memory_layout=TensorMemoryLayout::BLOCK_SHARDED,buffer_type=BufferType::L1,shard_spec=ShardSpec(grid={[(x=0,y=0) - (x=7,y=3)]},shape={32, 160},orientation=ShardOrientation::ROW_MAJOR),nd_shard_spec=NdShardSpec(shard_shape=Shape([32, 160]),grid={[(x=0,y=0) - (x=7,y=3)]},orientation=ShardOrientation::ROW_MAJOR,shard_distribution_strategy=ShardDistributionStrategy::GRID_2D),created_with_nd_shard_spec=0) and provided MemoryConfig(memory_layout=TensorMemoryLayout::BLOCK_SHARDED,buffer_type=BufferType::L1,shard_spec=ShardSpec(grid={[(x=0,y=0) - (x=7,y=7)]},shape={32, 160},orientation=ShardOrientation::ROW_MAJOR),nd_shard_spec=std::nullopt,created_with_nd_shard_spec=0) mem config. Using computed config. (matmul_op.cpp:1674)
2026-05-29 10:53:41.912 | INFO     | models.demos.wormhole.stable_diffusion.tt.ttnn_functional_unet_2d_condition_model_new_conv:__call__:491 - Up block 0
2026-05-29 10:53:41.913 | INFO     | models.demos.wormhole.stable_diffusion.tt.ttnn_functional_unet_2d_condition_model_new_conv:__call__:491 - Up block 1
2026-05-29 10:53:41.918 | INFO     | models.demos.wormhole.stable_diffusion.tt.ttnn_functional_unet_2d_condition_model_new_conv:__call__:491 - Up block 2
2026-05-29 10:53:41.927 | INFO     | models.demos.wormhole.stable_diffusion.tt.ttnn_functional_unet_2d_condition_model_new_conv:__call__:491 - Up block 3
2026-05-29 10:53:41.947 | INFO     | models.demos.wormhole.stable_diffusion.tt.ttnn_functional_unet_2d_condition_model_new_conv:__call__:406 - Down block 0
2026-05-29 10:53:41.953 | info     |              Op | act_block_h_override 2 is not a valid override for padded_output_height_ntiles_per_core 7, instead 1 was selected as closest valid option! (conv2d_utils.cpp:401)
2026-05-29 10:53:41.953 | INFO     | models.demos.wormhole.stable_diffusion.tt.ttnn_functional_unet_2d_condition_model_new_conv:__call__:406 - Down block 1
2026-05-29 10:53:41.958 | INFO     | models.demos.wormhole.stable_diffusion.tt.ttnn_functional_unet_2d_condition_model_new_conv:__call__:406 - Down block 2
2026-05-29 10:53:41.962 | INFO     | models.demos.wormhole.stable_diffusion.tt.ttnn_functional_unet_2d_condition_model_new_conv:__call__:406 - Down block 3
2026-05-29 10:53:41.962 | INFO     | models.demos.wormhole.stable_diffusion.tt.ttnn_functional_unet_2d_condition_model_new_conv:__call__:460 - Mid block
2026-05-29 10:53:41.963 | warning  |              Op | Mismatch between computed MemoryConfig(memory_layout=TensorMemoryLayout::BLOCK_SHARDED,buffer_type=BufferType::L1,shard_spec=ShardSpec(grid={[(x=0,y=0) - (x=7,y=3)]},shape={32, 160},orientation=ShardOrientation::ROW_MAJOR),nd_shard_spec=NdShardSpec(shard_shape=Shape([32, 160]),grid={[(x=0,y=0) - (x=7,y=3)]},orientation=ShardOrientation::ROW_MAJOR,shard_distribution_strategy=ShardDistributionStrategy::GRID_2D),created_with_nd_shard_spec=0) and provided MemoryConfig(memory_layout=TensorMemoryLayout::BLOCK_SHARDED,buffer_type=BufferType::L1,shard_spec=ShardSpec(grid={[(x=0,y=0) - (x=7,y=7)]},shape={32, 160},orientation=ShardOrientation::ROW_MAJOR),nd_shard_spec=std::nullopt,created_with_nd_shard_spec=0) mem config. Using computed config. (matmul_op.cpp:1674)
2026-05-29 10:53:41.964 | INFO     | models.demos.wormhole.stable_diffusion.tt.ttnn_functional_unet_2d_condition_model_new_conv:__call__:491 - Up block 0
2026-05-29 10:53:41.965 | INFO     | models.demos.wormhole.stable_diffusion.tt.ttnn_functional_unet_2d_condition_model_new_conv:__call__:491 - Up block 1
2026-05-29 10:53:41.970 | INFO     | models.demos.wormhole.stable_diffusion.tt.ttnn_functional_unet_2d_condition_model_new_conv:__call__:491 - Up block 2
2026-05-29 10:53:41.978 | INFO     | models.demos.wormhole.stable_diffusion.tt.ttnn_functional_unet_2d_condition_model_new_conv:__call__:491 - Up block 3
2026-05-29 10:53:41.999 | INFO     | models.demos.wormhole.stable_diffusion.tt.ttnn_functional_unet_2d_condition_model_new_conv:__call__:406 - Down block 0
2026-05-29 10:53:42.004 | info     |              Op | act_block_h_override 2 is not a valid override for padded_output_height_ntiles_per_core 7, instead 1 was selected as closest valid option! (conv2d_utils.cpp:401)
2026-05-29 10:53:42.004 | INFO     | models.demos.wormhole.stable_diffusion.tt.ttnn_functional_unet_2d_condition_model_new_conv:__call__:406 - Down block 1
2026-05-29 10:53:42.010 | INFO     | models.demos.wormhole.stable_diffusion.tt.ttnn_functional_unet_2d_condition_model_new_conv:__call__:406 - Down block 2
2026-05-29 10:53:42.013 | INFO     | models.demos.wormhole.stable_diffusion.tt.ttnn_functional_unet_2d_condition_model_new_conv:__call__:406 - Down block 3
2026-05-29 10:53:42.014 | INFO     | models.demos.wormhole.stable_diffusion.tt.ttnn_functional_unet_2d_condition_model_new_conv:__call__:460 - Mid block
2026-05-29 10:53:42.015 | warning  |              Op | Mismatch between computed MemoryConfig(memory_layout=TensorMemoryLayout::BLOCK_SHARDED,buffer_type=BufferType::L1,shard_spec=ShardSpec(grid={[(x=0,y=0) - (x=7,y=3)]},shape={32, 160},orientation=ShardOrientation::ROW_MAJOR),nd_shard_spec=NdShardSpec(shard_shape=Shape([32, 160]),grid={[(x=0,y=0) - (x=7,y=3)]},orientation=ShardOrientation::ROW_MAJOR,shard_distribution_strategy=ShardDistributionStrategy::GRID_2D),created_with_nd_shard_spec=0) and provided MemoryConfig(memory_layout=TensorMemoryLayout::BLOCK_SHARDED,buffer_type=BufferType::L1,shard_spec=ShardSpec(grid={[(x=0,y=0) - (x=7,y=7)]},shape={32, 160},orientation=ShardOrientation::ROW_MAJOR),nd_shard_spec=std::nullopt,created_with_nd_shard_spec=0) mem config. Using computed config. (matmul_op.cpp:1674)
2026-05-29 10:53:42.016 | INFO     | models.demos.wormhole.stable_diffusion.tt.ttnn_functional_unet_2d_condition_model_new_conv:__call__:491 - Up block 0
2026-05-29 10:53:42.017 | INFO     | models.demos.wormhole.stable_diffusion.tt.ttnn_functional_unet_2d_condition_model_new_conv:__call__:491 - Up block 1
2026-05-29 10:53:42.022 | INFO     | models.demos.wormhole.stable_diffusion.tt.ttnn_functional_unet_2d_condition_model_new_conv:__call__:491 - Up block 2
2026-05-29 10:53:42.030 | INFO     | models.demos.wormhole.stable_diffusion.tt.ttnn_functional_unet_2d_condition_model_new_conv:__call__:491 - Up block 3
2026-05-29 10:53:42.051 | INFO     | models.demos.wormhole.stable_diffusion.tt.ttnn_functional_unet_2d_condition_model_new_conv:__call__:406 - Down block 0
2026-05-29 10:53:42.056 | info     |              Op | act_block_h_override 2 is not a valid override for padded_output_height_ntiles_per_core 7, instead 1 was selected as closest valid option! (conv2d_utils.cpp:401)
2026-05-29 10:53:42.056 | INFO     | models.demos.wormhole.stable_diffusion.tt.ttnn_functional_unet_2d_condition_model_new_conv:__call__:406 - Down block 1
2026-05-29 10:53:42.062 | INFO     | models.demos.wormhole.stable_diffusion.tt.ttnn_functional_unet_2d_condition_model_new_conv:__call__:406 - Down block 2
2026-05-29 10:53:42.065 | INFO     | models.demos.wormhole.stable_diffusion.tt.ttnn_functional_unet_2d_condition_model_new_conv:__call__:406 - Down block 3
2026-05-29 10:53:42.066 | INFO     | models.demos.wormhole.stable_diffusion.tt.ttnn_functional_unet_2d_condition_model_new_conv:__call__:460 - Mid block
2026-05-29 10:53:42.067 | warning  |              Op | Mismatch between computed MemoryConfig(memory_layout=TensorMemoryLayout::BLOCK_SHARDED,buffer_type=BufferType::L1,shard_spec=ShardSpec(grid={[(x=0,y=0) - (x=7,y=3)]},shape={32, 160},orientation=ShardOrientation::ROW_MAJOR),nd_shard_spec=NdShardSpec(shard_shape=Shape([32, 160]),grid={[(x=0,y=0) - (x=7,y=3)]},orientation=ShardOrientation::ROW_MAJOR,shard_distribution_strategy=ShardDistributionStrategy::GRID_2D),created_with_nd_shard_spec=0) and provided MemoryConfig(memory_layout=TensorMemoryLayout::BLOCK_SHARDED,buffer_type=BufferType::L1,shard_spec=ShardSpec(grid={[(x=0,y=0) - (x=7,y=7)]},shape={32, 160},orientation=ShardOrientation::ROW_MAJOR),nd_shard_spec=std::nullopt,created_with_nd_shard_spec=0) mem config. Using computed config. (matmul_op.cpp:1674)
2026-05-29 10:53:42.068 | INFO     | models.demos.wormhole.stable_diffusion.tt.ttnn_functional_unet_2d_condition_model_new_conv:__call__:491 - Up block 0
2026-05-29 10:53:42.069 | INFO     | models.demos.wormhole.stable_diffusion.tt.ttnn_functional_unet_2d_condition_model_new_conv:__call__:491 - Up block 1
2026-05-29 10:53:42.074 | INFO     | models.demos.wormhole.stable_diffusion.tt.ttnn_functional_unet_2d_condition_model_new_conv:__call__:491 - Up block 2
2026-05-29 10:53:42.083 | INFO     | models.demos.wormhole.stable_diffusion.tt.ttnn_functional_unet_2d_condition_model_new_conv:__call__:491 - Up block 3
  Step 18/41
2026-05-29 10:53:42.105 | INFO     | models.demos.wormhole.stable_diffusion.tt.ttnn_functional_unet_2d_condition_model_new_conv:__call__:406 - Down block 0
2026-05-29 10:53:42.111 | info     |              Op | act_block_h_override 2 is not a valid override for padded_output_height_ntiles_per_core 7, instead 1 was selected as closest valid option! (conv2d_utils.cpp:401)
2026-05-29 10:53:42.111 | INFO     | models.demos.wormhole.stable_diffusion.tt.ttnn_functional_unet_2d_condition_model_new_conv:__call__:406 - Down block 1
2026-05-29 10:53:42.117 | INFO     | models.demos.wormhole.stable_diffusion.tt.ttnn_functional_unet_2d_condition_model_new_conv:__call__:406 - Down block 2
2026-05-29 10:53:42.120 | INFO     | models.demos.wormhole.stable_diffusion.tt.ttnn_functional_unet_2d_condition_model_new_conv:__call__:406 - Down block 3
2026-05-29 10:53:42.121 | INFO     | models.demos.wormhole.stable_diffusion.tt.ttnn_functional_unet_2d_condition_model_new_conv:__call__:460 - Mid block
2026-05-29 10:53:42.121 | warning  |              Op | Mismatch between computed MemoryConfig(memory_layout=TensorMemoryLayout::BLOCK_SHARDED,buffer_type=BufferType::L1,shard_spec=ShardSpec(grid={[(x=0,y=0) - (x=7,y=3)]},shape={32, 160},orientation=ShardOrientation::ROW_MAJOR),nd_shard_spec=NdShardSpec(shard_shape=Shape([32, 160]),grid={[(x=0,y=0) - (x=7,y=3)]},orientation=ShardOrientation::ROW_MAJOR,shard_distribution_strategy=ShardDistributionStrategy::GRID_2D),created_with_nd_shard_spec=0) and provided MemoryConfig(memory_layout=TensorMemoryLayout::BLOCK_SHARDED,buffer_type=BufferType::L1,shard_spec=ShardSpec(grid={[(x=0,y=0) - (x=7,y=7)]},shape={32, 160},orientation=ShardOrientation::ROW_MAJOR),nd_shard_spec=std::nullopt,created_with_nd_shard_spec=0) mem config. Using computed config. (matmul_op.cpp:1674)
2026-05-29 10:53:42.123 | INFO     | models.demos.wormhole.stable_diffusion.tt.ttnn_functional_unet_2d_condition_model_new_conv:__call__:491 - Up block 0
2026-05-29 10:53:42.124 | INFO     | models.demos.wormhole.stable_diffusion.tt.ttnn_functional_unet_2d_condition_model_new_conv:__call__:491 - Up block 1
2026-05-29 10:53:42.129 | INFO     | models.demos.wormhole.stable_diffusion.tt.ttnn_functional_unet_2d_condition_model_new_conv:__call__:491 - Up block 2
2026-05-29 10:53:42.137 | INFO     | models.demos.wormhole.stable_diffusion.tt.ttnn_functional_unet_2d_condition_model_new_conv:__call__:491 - Up block 3
2026-05-29 10:53:42.157 | INFO     | models.demos.wormhole.stable_diffusion.tt.ttnn_functional_unet_2d_condition_model_new_conv:__call__:406 - Down block 0
2026-05-29 10:53:42.163 | info     |              Op | act_block_h_override 2 is not a valid override for padded_output_height_ntiles_per_core 7, instead 1 was selected as closest valid option! (conv2d_utils.cpp:401)
2026-05-29 10:53:42.163 | INFO     | models.demos.wormhole.stable_diffusion.tt.ttnn_functional_unet_2d_condition_model_new_conv:__call__:406 - Down block 1
2026-05-29 10:53:42.169 | INFO     | models.demos.wormhole.stable_diffusion.tt.ttnn_functional_unet_2d_condition_model_new_conv:__call__:406 - Down block 2
2026-05-29 10:53:42.172 | INFO     | models.demos.wormhole.stable_diffusion.tt.ttnn_functional_unet_2d_condition_model_new_conv:__call__:406 - Down block 3
2026-05-29 10:53:42.173 | INFO     | models.demos.wormhole.stable_diffusion.tt.ttnn_functional_unet_2d_condition_model_new_conv:__call__:460 - Mid block
2026-05-29 10:53:42.173 | warning  |              Op | Mismatch between computed MemoryConfig(memory_layout=TensorMemoryLayout::BLOCK_SHARDED,buffer_type=BufferType::L1,shard_spec=ShardSpec(grid={[(x=0,y=0) - (x=7,y=3)]},shape={32, 160},orientation=ShardOrientation::ROW_MAJOR),nd_shard_spec=NdShardSpec(shard_shape=Shape([32, 160]),grid={[(x=0,y=0) - (x=7,y=3)]},orientation=ShardOrientation::ROW_MAJOR,shard_distribution_strategy=ShardDistributionStrategy::GRID_2D),created_with_nd_shard_spec=0) and provided MemoryConfig(memory_layout=TensorMemoryLayout::BLOCK_SHARDED,buffer_type=BufferType::L1,shard_spec=ShardSpec(grid={[(x=0,y=0) - (x=7,y=7)]},shape={32, 160},orientation=ShardOrientation::ROW_MAJOR),nd_shard_spec=std::nullopt,created_with_nd_shard_spec=0) mem config. Using computed config. (matmul_op.cpp:1674)
2026-05-29 10:53:42.175 | INFO     | models.demos.wormhole.stable_diffusion.tt.ttnn_functional_unet_2d_condition_model_new_conv:__call__:491 - Up block 0
2026-05-29 10:53:42.176 | INFO     | models.demos.wormhole.stable_diffusion.tt.ttnn_functional_unet_2d_condition_model_new_conv:__call__:491 - Up block 1
2026-05-29 10:53:42.181 | INFO     | models.demos.wormhole.stable_diffusion.tt.ttnn_functional_unet_2d_condition_model_new_conv:__call__:491 - Up block 2
2026-05-29 10:53:42.189 | INFO     | models.demos.wormhole.stable_diffusion.tt.ttnn_functional_unet_2d_condition_model_new_conv:__call__:491 - Up block 3
2026-05-29 10:53:42.209 | INFO     | models.demos.wormhole.stable_diffusion.tt.ttnn_functional_unet_2d_condition_model_new_conv:__call__:406 - Down block 0
2026-05-29 10:53:42.215 | info     |              Op | act_block_h_override 2 is not a valid override for padded_output_height_ntiles_per_core 7, instead 1 was selected as closest valid option! (conv2d_utils.cpp:401)
2026-05-29 10:53:42.215 | INFO     | models.demos.wormhole.stable_diffusion.tt.ttnn_functional_unet_2d_condition_model_new_conv:__call__:406 - Down block 1
2026-05-29 10:53:42.220 | INFO     | models.demos.wormhole.stable_diffusion.tt.ttnn_functional_unet_2d_condition_model_new_conv:__call__:406 - Down block 2
2026-05-29 10:53:42.223 | INFO     | models.demos.wormhole.stable_diffusion.tt.ttnn_functional_unet_2d_condition_model_new_conv:__call__:406 - Down block 3
2026-05-29 10:53:42.224 | INFO     | models.demos.wormhole.stable_diffusion.tt.ttnn_functional_unet_2d_condition_model_new_conv:__call__:460 - Mid block
2026-05-29 10:53:42.225 | warning  |              Op | Mismatch between computed MemoryConfig(memory_layout=TensorMemoryLayout::BLOCK_SHARDED,buffer_type=BufferType::L1,shard_spec=ShardSpec(grid={[(x=0,y=0) - (x=7,y=3)]},shape={32, 160},orientation=ShardOrientation::ROW_MAJOR),nd_shard_spec=NdShardSpec(shard_shape=Shape([32, 160]),grid={[(x=0,y=0) - (x=7,y=3)]},orientation=ShardOrientation::ROW_MAJOR,shard_distribution_strategy=ShardDistributionStrategy::GRID_2D),created_with_nd_shard_spec=0) and provided MemoryConfig(memory_layout=TensorMemoryLayout::BLOCK_SHARDED,buffer_type=BufferType::L1,shard_spec=ShardSpec(grid={[(x=0,y=0) - (x=7,y=7)]},shape={32, 160},orientation=ShardOrientation::ROW_MAJOR),nd_shard_spec=std::nullopt,created_with_nd_shard_spec=0) mem config. Using computed config. (matmul_op.cpp:1674)
2026-05-29 10:53:42.226 | INFO     | models.demos.wormhole.stable_diffusion.tt.ttnn_functional_unet_2d_condition_model_new_conv:__call__:491 - Up block 0
2026-05-29 10:53:42.227 | INFO     | models.demos.wormhole.stable_diffusion.tt.ttnn_functional_unet_2d_condition_model_new_conv:__call__:491 - Up block 1
2026-05-29 10:53:42.232 | INFO     | models.demos.wormhole.stable_diffusion.tt.ttnn_functional_unet_2d_condition_model_new_conv:__call__:491 - Up block 2
2026-05-29 10:53:42.240 | INFO     | models.demos.wormhole.stable_diffusion.tt.ttnn_functional_unet_2d_condition_model_new_conv:__call__:491 - Up block 3
2026-05-29 10:53:42.261 | INFO     | models.demos.wormhole.stable_diffusion.tt.ttnn_functional_unet_2d_condition_model_new_conv:__call__:406 - Down block 0
2026-05-29 10:53:42.267 | info     |              Op | act_block_h_override 2 is not a valid override for padded_output_height_ntiles_per_core 7, instead 1 was selected as closest valid option! (conv2d_utils.cpp:401)
2026-05-29 10:53:42.267 | INFO     | models.demos.wormhole.stable_diffusion.tt.ttnn_functional_unet_2d_condition_model_new_conv:__call__:406 - Down block 1
2026-05-29 10:53:42.272 | INFO     | models.demos.wormhole.stable_diffusion.tt.ttnn_functional_unet_2d_condition_model_new_conv:__call__:406 - Down block 2
2026-05-29 10:53:42.276 | INFO     | models.demos.wormhole.stable_diffusion.tt.ttnn_functional_unet_2d_condition_model_new_conv:__call__:406 - Down block 3
2026-05-29 10:53:42.276 | INFO     | models.demos.wormhole.stable_diffusion.tt.ttnn_functional_unet_2d_condition_model_new_conv:__call__:460 - Mid block
2026-05-29 10:53:42.277 | warning  |              Op | Mismatch between computed MemoryConfig(memory_layout=TensorMemoryLayout::BLOCK_SHARDED,buffer_type=BufferType::L1,shard_spec=ShardSpec(grid={[(x=0,y=0) - (x=7,y=3)]},shape={32, 160},orientation=ShardOrientation::ROW_MAJOR),nd_shard_spec=NdShardSpec(shard_shape=Shape([32, 160]),grid={[(x=0,y=0) - (x=7,y=3)]},orientation=ShardOrientation::ROW_MAJOR,shard_distribution_strategy=ShardDistributionStrategy::GRID_2D),created_with_nd_shard_spec=0) and provided MemoryConfig(memory_layout=TensorMemoryLayout::BLOCK_SHARDED,buffer_type=BufferType::L1,shard_spec=ShardSpec(grid={[(x=0,y=0) - (x=7,y=7)]},shape={32, 160},orientation=ShardOrientation::ROW_MAJOR),nd_shard_spec=std::nullopt,created_with_nd_shard_spec=0) mem config. Using computed config. (matmul_op.cpp:1674)
2026-05-29 10:53:42.278 | INFO     | models.demos.wormhole.stable_diffusion.tt.ttnn_functional_unet_2d_condition_model_new_conv:__call__:491 - Up block 0
2026-05-29 10:53:42.280 | INFO     | models.demos.wormhole.stable_diffusion.tt.ttnn_functional_unet_2d_condition_model_new_conv:__call__:491 - Up block 1
2026-05-29 10:53:42.285 | INFO     | models.demos.wormhole.stable_diffusion.tt.ttnn_functional_unet_2d_condition_model_new_conv:__call__:491 - Up block 2
2026-05-29 10:53:42.293 | INFO     | models.demos.wormhole.stable_diffusion.tt.ttnn_functional_unet_2d_condition_model_new_conv:__call__:491 - Up block 3
2026-05-29 10:53:42.313 | INFO     | models.demos.wormhole.stable_diffusion.tt.ttnn_functional_unet_2d_condition_model_new_conv:__call__:406 - Down block 0
2026-05-29 10:53:42.318 | info     |              Op | act_block_h_override 2 is not a valid override for padded_output_height_ntiles_per_core 7, instead 1 was selected as closest valid option! (conv2d_utils.cpp:401)
2026-05-29 10:53:42.319 | INFO     | models.demos.wormhole.stable_diffusion.tt.ttnn_functional_unet_2d_condition_model_new_conv:__call__:406 - Down block 1
2026-05-29 10:53:42.324 | INFO     | models.demos.wormhole.stable_diffusion.tt.ttnn_functional_unet_2d_condition_model_new_conv:__call__:406 - Down block 2
2026-05-29 10:53:42.327 | INFO     | models.demos.wormhole.stable_diffusion.tt.ttnn_functional_unet_2d_condition_model_new_conv:__call__:406 - Down block 3
2026-05-29 10:53:42.328 | INFO     | models.demos.wormhole.stable_diffusion.tt.ttnn_functional_unet_2d_condition_model_new_conv:__call__:460 - Mid block
2026-05-29 10:53:42.328 | warning  |              Op | Mismatch between computed MemoryConfig(memory_layout=TensorMemoryLayout::BLOCK_SHARDED,buffer_type=BufferType::L1,shard_spec=ShardSpec(grid={[(x=0,y=0) - (x=7,y=3)]},shape={32, 160},orientation=ShardOrientation::ROW_MAJOR),nd_shard_spec=NdShardSpec(shard_shape=Shape([32, 160]),grid={[(x=0,y=0) - (x=7,y=3)]},orientation=ShardOrientation::ROW_MAJOR,shard_distribution_strategy=ShardDistributionStrategy::GRID_2D),created_with_nd_shard_spec=0) and provided MemoryConfig(memory_layout=TensorMemoryLayout::BLOCK_SHARDED,buffer_type=BufferType::L1,shard_spec=ShardSpec(grid={[(x=0,y=0) - (x=7,y=7)]},shape={32, 160},orientation=ShardOrientation::ROW_MAJOR),nd_shard_spec=std::nullopt,created_with_nd_shard_spec=0) mem config. Using computed config. (matmul_op.cpp:1674)
2026-05-29 10:53:42.330 | INFO     | models.demos.wormhole.stable_diffusion.tt.ttnn_functional_unet_2d_condition_model_new_conv:__call__:491 - Up block 0
2026-05-29 10:53:42.331 | INFO     | models.demos.wormhole.stable_diffusion.tt.ttnn_functional_unet_2d_condition_model_new_conv:__call__:491 - Up block 1
2026-05-29 10:53:42.336 | INFO     | models.demos.wormhole.stable_diffusion.tt.ttnn_functional_unet_2d_condition_model_new_conv:__call__:491 - Up block 2
2026-05-29 10:53:42.344 | INFO     | models.demos.wormhole.stable_diffusion.tt.ttnn_functional_unet_2d_condition_model_new_conv:__call__:491 - Up block 3
2026-05-29 10:53:42.365 | INFO     | models.demos.wormhole.stable_diffusion.tt.ttnn_functional_unet_2d_condition_model_new_conv:__call__:406 - Down block 0
2026-05-29 10:53:42.370 | info     |              Op | act_block_h_override 2 is not a valid override for padded_output_height_ntiles_per_core 7, instead 1 was selected as closest valid option! (conv2d_utils.cpp:401)
2026-05-29 10:53:42.370 | INFO     | models.demos.wormhole.stable_diffusion.tt.ttnn_functional_unet_2d_condition_model_new_conv:__call__:406 - Down block 1
2026-05-29 10:53:42.376 | INFO     | models.demos.wormhole.stable_diffusion.tt.ttnn_functional_unet_2d_condition_model_new_conv:__call__:406 - Down block 2
2026-05-29 10:53:42.379 | INFO     | models.demos.wormhole.stable_diffusion.tt.ttnn_functional_unet_2d_condition_model_new_conv:__call__:406 - Down block 3
2026-05-29 10:53:42.380 | INFO     | models.demos.wormhole.stable_diffusion.tt.ttnn_functional_unet_2d_condition_model_new_conv:__call__:460 - Mid block
2026-05-29 10:53:42.380 | warning  |              Op | Mismatch between computed MemoryConfig(memory_layout=TensorMemoryLayout::BLOCK_SHARDED,buffer_type=BufferType::L1,shard_spec=ShardSpec(grid={[(x=0,y=0) - (x=7,y=3)]},shape={32, 160},orientation=ShardOrientation::ROW_MAJOR),nd_shard_spec=NdShardSpec(shard_shape=Shape([32, 160]),grid={[(x=0,y=0) - (x=7,y=3)]},orientation=ShardOrientation::ROW_MAJOR,shard_distribution_strategy=ShardDistributionStrategy::GRID_2D),created_with_nd_shard_spec=0) and provided MemoryConfig(memory_layout=TensorMemoryLayout::BLOCK_SHARDED,buffer_type=BufferType::L1,shard_spec=ShardSpec(grid={[(x=0,y=0) - (x=7,y=7)]},shape={32, 160},orientation=ShardOrientation::ROW_MAJOR),nd_shard_spec=std::nullopt,created_with_nd_shard_spec=0) mem config. Using computed config. (matmul_op.cpp:1674)
2026-05-29 10:53:42.382 | INFO     | models.demos.wormhole.stable_diffusion.tt.ttnn_functional_unet_2d_condition_model_new_conv:__call__:491 - Up block 0
2026-05-29 10:53:42.383 | INFO     | models.demos.wormhole.stable_diffusion.tt.ttnn_functional_unet_2d_condition_model_new_conv:__call__:491 - Up block 1
2026-05-29 10:53:42.388 | INFO     | models.demos.wormhole.stable_diffusion.tt.ttnn_functional_unet_2d_condition_model_new_conv:__call__:491 - Up block 2
2026-05-29 10:53:42.396 | INFO     | models.demos.wormhole.stable_diffusion.tt.ttnn_functional_unet_2d_condition_model_new_conv:__call__:491 - Up block 3
2026-05-29 10:53:42.416 | INFO     | models.demos.wormhole.stable_diffusion.tt.ttnn_functional_unet_2d_condition_model_new_conv:__call__:406 - Down block 0
2026-05-29 10:53:42.422 | info     |              Op | act_block_h_override 2 is not a valid override for padded_output_height_ntiles_per_core 7, instead 1 was selected as closest valid option! (conv2d_utils.cpp:401)
2026-05-29 10:53:42.422 | INFO     | models.demos.wormhole.stable_diffusion.tt.ttnn_functional_unet_2d_condition_model_new_conv:__call__:406 - Down block 1
2026-05-29 10:53:42.428 | INFO     | models.demos.wormhole.stable_diffusion.tt.ttnn_functional_unet_2d_condition_model_new_conv:__call__:406 - Down block 2
2026-05-29 10:53:42.431 | INFO     | models.demos.wormhole.stable_diffusion.tt.ttnn_functional_unet_2d_condition_model_new_conv:__call__:406 - Down block 3
2026-05-29 10:53:42.432 | INFO     | models.demos.wormhole.stable_diffusion.tt.ttnn_functional_unet_2d_condition_model_new_conv:__call__:460 - Mid block
2026-05-29 10:53:42.432 | warning  |              Op | Mismatch between computed MemoryConfig(memory_layout=TensorMemoryLayout::BLOCK_SHARDED,buffer_type=BufferType::L1,shard_spec=ShardSpec(grid={[(x=0,y=0) - (x=7,y=3)]},shape={32, 160},orientation=ShardOrientation::ROW_MAJOR),nd_shard_spec=NdShardSpec(shard_shape=Shape([32, 160]),grid={[(x=0,y=0) - (x=7,y=3)]},orientation=ShardOrientation::ROW_MAJOR,shard_distribution_strategy=ShardDistributionStrategy::GRID_2D),created_with_nd_shard_spec=0) and provided MemoryConfig(memory_layout=TensorMemoryLayout::BLOCK_SHARDED,buffer_type=BufferType::L1,shard_spec=ShardSpec(grid={[(x=0,y=0) - (x=7,y=7)]},shape={32, 160},orientation=ShardOrientation::ROW_MAJOR),nd_shard_spec=std::nullopt,created_with_nd_shard_spec=0) mem config. Using computed config. (matmul_op.cpp:1674)
2026-05-29 10:53:42.433 | INFO     | models.demos.wormhole.stable_diffusion.tt.ttnn_functional_unet_2d_condition_model_new_conv:__call__:491 - Up block 0
2026-05-29 10:53:42.435 | INFO     | models.demos.wormhole.stable_diffusion.tt.ttnn_functional_unet_2d_condition_model_new_conv:__call__:491 - Up block 1
2026-05-29 10:53:42.439 | INFO     | models.demos.wormhole.stable_diffusion.tt.ttnn_functional_unet_2d_condition_model_new_conv:__call__:491 - Up block 2
2026-05-29 10:53:42.448 | INFO     | models.demos.wormhole.stable_diffusion.tt.ttnn_functional_unet_2d_condition_model_new_conv:__call__:491 - Up block 3
2026-05-29 10:53:42.468 | INFO     | models.demos.wormhole.stable_diffusion.tt.ttnn_functional_unet_2d_condition_model_new_conv:__call__:406 - Down block 0
2026-05-29 10:53:42.474 | info     |              Op | act_block_h_override 2 is not a valid override for padded_output_height_ntiles_per_core 7, instead 1 was selected as closest valid option! (conv2d_utils.cpp:401)
2026-05-29 10:53:42.474 | INFO     | models.demos.wormhole.stable_diffusion.tt.ttnn_functional_unet_2d_condition_model_new_conv:__call__:406 - Down block 1
2026-05-29 10:53:42.479 | INFO     | models.demos.wormhole.stable_diffusion.tt.ttnn_functional_unet_2d_condition_model_new_conv:__call__:406 - Down block 2
2026-05-29 10:53:42.483 | INFO     | models.demos.wormhole.stable_diffusion.tt.ttnn_functional_unet_2d_condition_model_new_conv:__call__:406 - Down block 3
2026-05-29 10:53:42.483 | INFO     | models.demos.wormhole.stable_diffusion.tt.ttnn_functional_unet_2d_condition_model_new_conv:__call__:460 - Mid block
2026-05-29 10:53:42.484 | warning  |              Op | Mismatch between computed MemoryConfig(memory_layout=TensorMemoryLayout::BLOCK_SHARDED,buffer_type=BufferType::L1,shard_spec=ShardSpec(grid={[(x=0,y=0) - (x=7,y=3)]},shape={32, 160},orientation=ShardOrientation::ROW_MAJOR),nd_shard_spec=NdShardSpec(shard_shape=Shape([32, 160]),grid={[(x=0,y=0) - (x=7,y=3)]},orientation=ShardOrientation::ROW_MAJOR,shard_distribution_strategy=ShardDistributionStrategy::GRID_2D),created_with_nd_shard_spec=0) and provided MemoryConfig(memory_layout=TensorMemoryLayout::BLOCK_SHARDED,buffer_type=BufferType::L1,shard_spec=ShardSpec(grid={[(x=0,y=0) - (x=7,y=7)]},shape={32, 160},orientation=ShardOrientation::ROW_MAJOR),nd_shard_spec=std::nullopt,created_with_nd_shard_spec=0) mem config. Using computed config. (matmul_op.cpp:1674)
2026-05-29 10:53:42.485 | INFO     | models.demos.wormhole.stable_diffusion.tt.ttnn_functional_unet_2d_condition_model_new_conv:__call__:491 - Up block 0
2026-05-29 10:53:42.486 | INFO     | models.demos.wormhole.stable_diffusion.tt.ttnn_functional_unet_2d_condition_model_new_conv:__call__:491 - Up block 1
2026-05-29 10:53:42.491 | INFO     | models.demos.wormhole.stable_diffusion.tt.ttnn_functional_unet_2d_condition_model_new_conv:__call__:491 - Up block 2
2026-05-29 10:53:42.500 | INFO     | models.demos.wormhole.stable_diffusion.tt.ttnn_functional_unet_2d_condition_model_new_conv:__call__:491 - Up block 3
  Step 19/41
2026-05-29 10:53:42.522 | INFO     | models.demos.wormhole.stable_diffusion.tt.ttnn_functional_unet_2d_condition_model_new_conv:__call__:406 - Down block 0
2026-05-29 10:53:42.528 | info     |              Op | act_block_h_override 2 is not a valid override for padded_output_height_ntiles_per_core 7, instead 1 was selected as closest valid option! (conv2d_utils.cpp:401)
2026-05-29 10:53:42.528 | INFO     | models.demos.wormhole.stable_diffusion.tt.ttnn_functional_unet_2d_condition_model_new_conv:__call__:406 - Down block 1
2026-05-29 10:53:42.534 | INFO     | models.demos.wormhole.stable_diffusion.tt.ttnn_functional_unet_2d_condition_model_new_conv:__call__:406 - Down block 2
2026-05-29 10:53:42.537 | INFO     | models.demos.wormhole.stable_diffusion.tt.ttnn_functional_unet_2d_condition_model_new_conv:__call__:406 - Down block 3
2026-05-29 10:53:42.538 | INFO     | models.demos.wormhole.stable_diffusion.tt.ttnn_functional_unet_2d_condition_model_new_conv:__call__:460 - Mid block
2026-05-29 10:53:42.539 | warning  |              Op | Mismatch between computed MemoryConfig(memory_layout=TensorMemoryLayout::BLOCK_SHARDED,buffer_type=BufferType::L1,shard_spec=ShardSpec(grid={[(x=0,y=0) - (x=7,y=3)]},shape={32, 160},orientation=ShardOrientation::ROW_MAJOR),nd_shard_spec=NdShardSpec(shard_shape=Shape([32, 160]),grid={[(x=0,y=0) - (x=7,y=3)]},orientation=ShardOrientation::ROW_MAJOR,shard_distribution_strategy=ShardDistributionStrategy::GRID_2D),created_with_nd_shard_spec=0) and provided MemoryConfig(memory_layout=TensorMemoryLayout::BLOCK_SHARDED,buffer_type=BufferType::L1,shard_spec=ShardSpec(grid={[(x=0,y=0) - (x=7,y=7)]},shape={32, 160},orientation=ShardOrientation::ROW_MAJOR),nd_shard_spec=std::nullopt,created_with_nd_shard_spec=0) mem config. Using computed config. (matmul_op.cpp:1674)
2026-05-29 10:53:42.540 | INFO     | models.demos.wormhole.stable_diffusion.tt.ttnn_functional_unet_2d_condition_model_new_conv:__call__:491 - Up block 0
2026-05-29 10:53:42.541 | INFO     | models.demos.wormhole.stable_diffusion.tt.ttnn_functional_unet_2d_condition_model_new_conv:__call__:491 - Up block 1
2026-05-29 10:53:42.546 | INFO     | models.demos.wormhole.stable_diffusion.tt.ttnn_functional_unet_2d_condition_model_new_conv:__call__:491 - Up block 2
2026-05-29 10:53:42.554 | INFO     | models.demos.wormhole.stable_diffusion.tt.ttnn_functional_unet_2d_condition_model_new_conv:__call__:491 - Up block 3
2026-05-29 10:53:42.574 | INFO     | models.demos.wormhole.stable_diffusion.tt.ttnn_functional_unet_2d_condition_model_new_conv:__call__:406 - Down block 0
2026-05-29 10:53:42.580 | info     |              Op | act_block_h_override 2 is not a valid override for padded_output_height_ntiles_per_core 7, instead 1 was selected as closest valid option! (conv2d_utils.cpp:401)
2026-05-29 10:53:42.580 | INFO     | models.demos.wormhole.stable_diffusion.tt.ttnn_functional_unet_2d_condition_model_new_conv:__call__:406 - Down block 1
2026-05-29 10:53:42.585 | INFO     | models.demos.wormhole.stable_diffusion.tt.ttnn_functional_unet_2d_condition_model_new_conv:__call__:406 - Down block 2
2026-05-29 10:53:42.589 | INFO     | models.demos.wormhole.stable_diffusion.tt.ttnn_functional_unet_2d_condition_model_new_conv:__call__:406 - Down block 3
2026-05-29 10:53:42.589 | INFO     | models.demos.wormhole.stable_diffusion.tt.ttnn_functional_unet_2d_condition_model_new_conv:__call__:460 - Mid block
2026-05-29 10:53:42.590 | warning  |              Op | Mismatch between computed MemoryConfig(memory_layout=TensorMemoryLayout::BLOCK_SHARDED,buffer_type=BufferType::L1,shard_spec=ShardSpec(grid={[(x=0,y=0) - (x=7,y=3)]},shape={32, 160},orientation=ShardOrientation::ROW_MAJOR),nd_shard_spec=NdShardSpec(shard_shape=Shape([32, 160]),grid={[(x=0,y=0) - (x=7,y=3)]},orientation=ShardOrientation::ROW_MAJOR,shard_distribution_strategy=ShardDistributionStrategy::GRID_2D),created_with_nd_shard_spec=0) and provided MemoryConfig(memory_layout=TensorMemoryLayout::BLOCK_SHARDED,buffer_type=BufferType::L1,shard_spec=ShardSpec(grid={[(x=0,y=0) - (x=7,y=7)]},shape={32, 160},orientation=ShardOrientation::ROW_MAJOR),nd_shard_spec=std::nullopt,created_with_nd_shard_spec=0) mem config. Using computed config. (matmul_op.cpp:1674)
2026-05-29 10:53:42.591 | INFO     | models.demos.wormhole.stable_diffusion.tt.ttnn_functional_unet_2d_condition_model_new_conv:__call__:491 - Up block 0
2026-05-29 10:53:42.592 | INFO     | models.demos.wormhole.stable_diffusion.tt.ttnn_functional_unet_2d_condition_model_new_conv:__call__:491 - Up block 1
2026-05-29 10:53:42.597 | INFO     | models.demos.wormhole.stable_diffusion.tt.ttnn_functional_unet_2d_condition_model_new_conv:__call__:491 - Up block 2
2026-05-29 10:53:42.605 | INFO     | models.demos.wormhole.stable_diffusion.tt.ttnn_functional_unet_2d_condition_model_new_conv:__call__:491 - Up block 3
2026-05-29 10:53:42.626 | INFO     | models.demos.wormhole.stable_diffusion.tt.ttnn_functional_unet_2d_condition_model_new_conv:__call__:406 - Down block 0
2026-05-29 10:53:42.632 | info     |              Op | act_block_h_override 2 is not a valid override for padded_output_height_ntiles_per_core 7, instead 1 was selected as closest valid option! (conv2d_utils.cpp:401)
2026-05-29 10:53:42.632 | INFO     | models.demos.wormhole.stable_diffusion.tt.ttnn_functional_unet_2d_condition_model_new_conv:__call__:406 - Down block 1
2026-05-29 10:53:42.638 | INFO     | models.demos.wormhole.stable_diffusion.tt.ttnn_functional_unet_2d_condition_model_new_conv:__call__:406 - Down block 2
2026-05-29 10:53:42.641 | INFO     | models.demos.wormhole.stable_diffusion.tt.ttnn_functional_unet_2d_condition_model_new_conv:__call__:406 - Down block 3
2026-05-29 10:53:42.642 | INFO     | models.demos.wormhole.stable_diffusion.tt.ttnn_functional_unet_2d_condition_model_new_conv:__call__:460 - Mid block
2026-05-29 10:53:42.642 | warning  |              Op | Mismatch between computed MemoryConfig(memory_layout=TensorMemoryLayout::BLOCK_SHARDED,buffer_type=BufferType::L1,shard_spec=ShardSpec(grid={[(x=0,y=0) - (x=7,y=3)]},shape={32, 160},orientation=ShardOrientation::ROW_MAJOR),nd_shard_spec=NdShardSpec(shard_shape=Shape([32, 160]),grid={[(x=0,y=0) - (x=7,y=3)]},orientation=ShardOrientation::ROW_MAJOR,shard_distribution_strategy=ShardDistributionStrategy::GRID_2D),created_with_nd_shard_spec=0) and provided MemoryConfig(memory_layout=TensorMemoryLayout::BLOCK_SHARDED,buffer_type=BufferType::L1,shard_spec=ShardSpec(grid={[(x=0,y=0) - (x=7,y=7)]},shape={32, 160},orientation=ShardOrientation::ROW_MAJOR),nd_shard_spec=std::nullopt,created_with_nd_shard_spec=0) mem config. Using computed config. (matmul_op.cpp:1674)
2026-05-29 10:53:42.644 | INFO     | models.demos.wormhole.stable_diffusion.tt.ttnn_functional_unet_2d_condition_model_new_conv:__call__:491 - Up block 0
2026-05-29 10:53:42.645 | INFO     | models.demos.wormhole.stable_diffusion.tt.ttnn_functional_unet_2d_condition_model_new_conv:__call__:491 - Up block 1
2026-05-29 10:53:42.650 | INFO     | models.demos.wormhole.stable_diffusion.tt.ttnn_functional_unet_2d_condition_model_new_conv:__call__:491 - Up block 2
2026-05-29 10:53:42.658 | INFO     | models.demos.wormhole.stable_diffusion.tt.ttnn_functional_unet_2d_condition_model_new_conv:__call__:491 - Up block 3
2026-05-29 10:53:42.678 | INFO     | models.demos.wormhole.stable_diffusion.tt.ttnn_functional_unet_2d_condition_model_new_conv:__call__:406 - Down block 0
2026-05-29 10:53:42.684 | info     |              Op | act_block_h_override 2 is not a valid override for padded_output_height_ntiles_per_core 7, instead 1 was selected as closest valid option! (conv2d_utils.cpp:401)
2026-05-29 10:53:42.684 | INFO     | models.demos.wormhole.stable_diffusion.tt.ttnn_functional_unet_2d_condition_model_new_conv:__call__:406 - Down block 1
2026-05-29 10:53:42.689 | INFO     | models.demos.wormhole.stable_diffusion.tt.ttnn_functional_unet_2d_condition_model_new_conv:__call__:406 - Down block 2
2026-05-29 10:53:42.692 | INFO     | models.demos.wormhole.stable_diffusion.tt.ttnn_functional_unet_2d_condition_model_new_conv:__call__:406 - Down block 3
2026-05-29 10:53:42.693 | INFO     | models.demos.wormhole.stable_diffusion.tt.ttnn_functional_unet_2d_condition_model_new_conv:__call__:460 - Mid block
2026-05-29 10:53:42.694 | warning  |              Op | Mismatch between computed MemoryConfig(memory_layout=TensorMemoryLayout::BLOCK_SHARDED,buffer_type=BufferType::L1,shard_spec=ShardSpec(grid={[(x=0,y=0) - (x=7,y=3)]},shape={32, 160},orientation=ShardOrientation::ROW_MAJOR),nd_shard_spec=NdShardSpec(shard_shape=Shape([32, 160]),grid={[(x=0,y=0) - (x=7,y=3)]},orientation=ShardOrientation::ROW_MAJOR,shard_distribution_strategy=ShardDistributionStrategy::GRID_2D),created_with_nd_shard_spec=0) and provided MemoryConfig(memory_layout=TensorMemoryLayout::BLOCK_SHARDED,buffer_type=BufferType::L1,shard_spec=ShardSpec(grid={[(x=0,y=0) - (x=7,y=7)]},shape={32, 160},orientation=ShardOrientation::ROW_MAJOR),nd_shard_spec=std::nullopt,created_with_nd_shard_spec=0) mem config. Using computed config. (matmul_op.cpp:1674)
2026-05-29 10:53:42.695 | INFO     | models.demos.wormhole.stable_diffusion.tt.ttnn_functional_unet_2d_condition_model_new_conv:__call__:491 - Up block 0
2026-05-29 10:53:42.696 | INFO     | models.demos.wormhole.stable_diffusion.tt.ttnn_functional_unet_2d_condition_model_new_conv:__call__:491 - Up block 1
2026-05-29 10:53:42.701 | INFO     | models.demos.wormhole.stable_diffusion.tt.ttnn_functional_unet_2d_condition_model_new_conv:__call__:491 - Up block 2
2026-05-29 10:53:42.709 | INFO     | models.demos.wormhole.stable_diffusion.tt.ttnn_functional_unet_2d_condition_model_new_conv:__call__:491 - Up block 3
2026-05-29 10:53:42.730 | INFO     | models.demos.wormhole.stable_diffusion.tt.ttnn_functional_unet_2d_condition_model_new_conv:__call__:406 - Down block 0
2026-05-29 10:53:42.736 | info     |              Op | act_block_h_override 2 is not a valid override for padded_output_height_ntiles_per_core 7, instead 1 was selected as closest valid option! (conv2d_utils.cpp:401)
2026-05-29 10:53:42.736 | INFO     | models.demos.wormhole.stable_diffusion.tt.ttnn_functional_unet_2d_condition_model_new_conv:__call__:406 - Down block 1
2026-05-29 10:53:42.741 | INFO     | models.demos.wormhole.stable_diffusion.tt.ttnn_functional_unet_2d_condition_model_new_conv:__call__:406 - Down block 2
2026-05-29 10:53:42.745 | INFO     | models.demos.wormhole.stable_diffusion.tt.ttnn_functional_unet_2d_condition_model_new_conv:__call__:406 - Down block 3
2026-05-29 10:53:42.745 | INFO     | models.demos.wormhole.stable_diffusion.tt.ttnn_functional_unet_2d_condition_model_new_conv:__call__:460 - Mid block
2026-05-29 10:53:42.746 | warning  |              Op | Mismatch between computed MemoryConfig(memory_layout=TensorMemoryLayout::BLOCK_SHARDED,buffer_type=BufferType::L1,shard_spec=ShardSpec(grid={[(x=0,y=0) - (x=7,y=3)]},shape={32, 160},orientation=ShardOrientation::ROW_MAJOR),nd_shard_spec=NdShardSpec(shard_shape=Shape([32, 160]),grid={[(x=0,y=0) - (x=7,y=3)]},orientation=ShardOrientation::ROW_MAJOR,shard_distribution_strategy=ShardDistributionStrategy::GRID_2D),created_with_nd_shard_spec=0) and provided MemoryConfig(memory_layout=TensorMemoryLayout::BLOCK_SHARDED,buffer_type=BufferType::L1,shard_spec=ShardSpec(grid={[(x=0,y=0) - (x=7,y=7)]},shape={32, 160},orientation=ShardOrientation::ROW_MAJOR),nd_shard_spec=std::nullopt,created_with_nd_shard_spec=0) mem config. Using computed config. (matmul_op.cpp:1674)
2026-05-29 10:53:42.747 | INFO     | models.demos.wormhole.stable_diffusion.tt.ttnn_functional_unet_2d_condition_model_new_conv:__call__:491 - Up block 0
2026-05-29 10:53:42.749 | INFO     | models.demos.wormhole.stable_diffusion.tt.ttnn_functional_unet_2d_condition_model_new_conv:__call__:491 - Up block 1
2026-05-29 10:53:42.754 | INFO     | models.demos.wormhole.stable_diffusion.tt.ttnn_functional_unet_2d_condition_model_new_conv:__call__:491 - Up block 2
2026-05-29 10:53:42.762 | INFO     | models.demos.wormhole.stable_diffusion.tt.ttnn_functional_unet_2d_condition_model_new_conv:__call__:491 - Up block 3
2026-05-29 10:53:42.782 | INFO     | models.demos.wormhole.stable_diffusion.tt.ttnn_functional_unet_2d_condition_model_new_conv:__call__:406 - Down block 0
2026-05-29 10:53:42.788 | info     |              Op | act_block_h_override 2 is not a valid override for padded_output_height_ntiles_per_core 7, instead 1 was selected as closest valid option! (conv2d_utils.cpp:401)
2026-05-29 10:53:42.788 | INFO     | models.demos.wormhole.stable_diffusion.tt.ttnn_functional_unet_2d_condition_model_new_conv:__call__:406 - Down block 1
2026-05-29 10:53:42.793 | INFO     | models.demos.wormhole.stable_diffusion.tt.ttnn_functional_unet_2d_condition_model_new_conv:__call__:406 - Down block 2
2026-05-29 10:53:42.796 | INFO     | models.demos.wormhole.stable_diffusion.tt.ttnn_functional_unet_2d_condition_model_new_conv:__call__:406 - Down block 3
2026-05-29 10:53:42.797 | INFO     | models.demos.wormhole.stable_diffusion.tt.ttnn_functional_unet_2d_condition_model_new_conv:__call__:460 - Mid block
2026-05-29 10:53:42.797 | warning  |              Op | Mismatch between computed MemoryConfig(memory_layout=TensorMemoryLayout::BLOCK_SHARDED,buffer_type=BufferType::L1,shard_spec=ShardSpec(grid={[(x=0,y=0) - (x=7,y=3)]},shape={32, 160},orientation=ShardOrientation::ROW_MAJOR),nd_shard_spec=NdShardSpec(shard_shape=Shape([32, 160]),grid={[(x=0,y=0) - (x=7,y=3)]},orientation=ShardOrientation::ROW_MAJOR,shard_distribution_strategy=ShardDistributionStrategy::GRID_2D),created_with_nd_shard_spec=0) and provided MemoryConfig(memory_layout=TensorMemoryLayout::BLOCK_SHARDED,buffer_type=BufferType::L1,shard_spec=ShardSpec(grid={[(x=0,y=0) - (x=7,y=7)]},shape={32, 160},orientation=ShardOrientation::ROW_MAJOR),nd_shard_spec=std::nullopt,created_with_nd_shard_spec=0) mem config. Using computed config. (matmul_op.cpp:1674)
2026-05-29 10:53:42.799 | INFO     | models.demos.wormhole.stable_diffusion.tt.ttnn_functional_unet_2d_condition_model_new_conv:__call__:491 - Up block 0
2026-05-29 10:53:42.800 | INFO     | models.demos.wormhole.stable_diffusion.tt.ttnn_functional_unet_2d_condition_model_new_conv:__call__:491 - Up block 1
2026-05-29 10:53:42.805 | INFO     | models.demos.wormhole.stable_diffusion.tt.ttnn_functional_unet_2d_condition_model_new_conv:__call__:491 - Up block 2
2026-05-29 10:53:42.813 | INFO     | models.demos.wormhole.stable_diffusion.tt.ttnn_functional_unet_2d_condition_model_new_conv:__call__:491 - Up block 3
2026-05-29 10:53:42.834 | INFO     | models.demos.wormhole.stable_diffusion.tt.ttnn_functional_unet_2d_condition_model_new_conv:__call__:406 - Down block 0
2026-05-29 10:53:42.839 | info     |              Op | act_block_h_override 2 is not a valid override for padded_output_height_ntiles_per_core 7, instead 1 was selected as closest valid option! (conv2d_utils.cpp:401)
2026-05-29 10:53:42.839 | INFO     | models.demos.wormhole.stable_diffusion.tt.ttnn_functional_unet_2d_condition_model_new_conv:__call__:406 - Down block 1
2026-05-29 10:53:42.845 | INFO     | models.demos.wormhole.stable_diffusion.tt.ttnn_functional_unet_2d_condition_model_new_conv:__call__:406 - Down block 2
2026-05-29 10:53:42.849 | INFO     | models.demos.wormhole.stable_diffusion.tt.ttnn_functional_unet_2d_condition_model_new_conv:__call__:406 - Down block 3
2026-05-29 10:53:42.850 | INFO     | models.demos.wormhole.stable_diffusion.tt.ttnn_functional_unet_2d_condition_model_new_conv:__call__:460 - Mid block
2026-05-29 10:53:42.850 | warning  |              Op | Mismatch between computed MemoryConfig(memory_layout=TensorMemoryLayout::BLOCK_SHARDED,buffer_type=BufferType::L1,shard_spec=ShardSpec(grid={[(x=0,y=0) - (x=7,y=3)]},shape={32, 160},orientation=ShardOrientation::ROW_MAJOR),nd_shard_spec=NdShardSpec(shard_shape=Shape([32, 160]),grid={[(x=0,y=0) - (x=7,y=3)]},orientation=ShardOrientation::ROW_MAJOR,shard_distribution_strategy=ShardDistributionStrategy::GRID_2D),created_with_nd_shard_spec=0) and provided MemoryConfig(memory_layout=TensorMemoryLayout::BLOCK_SHARDED,buffer_type=BufferType::L1,shard_spec=ShardSpec(grid={[(x=0,y=0) - (x=7,y=7)]},shape={32, 160},orientation=ShardOrientation::ROW_MAJOR),nd_shard_spec=std::nullopt,created_with_nd_shard_spec=0) mem config. Using computed config. (matmul_op.cpp:1674)
2026-05-29 10:53:42.851 | INFO     | models.demos.wormhole.stable_diffusion.tt.ttnn_functional_unet_2d_condition_model_new_conv:__call__:491 - Up block 0
2026-05-29 10:53:42.853 | INFO     | models.demos.wormhole.stable_diffusion.tt.ttnn_functional_unet_2d_condition_model_new_conv:__call__:491 - Up block 1
2026-05-29 10:53:42.858 | INFO     | models.demos.wormhole.stable_diffusion.tt.ttnn_functional_unet_2d_condition_model_new_conv:__call__:491 - Up block 2
2026-05-29 10:53:42.866 | INFO     | models.demos.wormhole.stable_diffusion.tt.ttnn_functional_unet_2d_condition_model_new_conv:__call__:491 - Up block 3
2026-05-29 10:53:42.886 | INFO     | models.demos.wormhole.stable_diffusion.tt.ttnn_functional_unet_2d_condition_model_new_conv:__call__:406 - Down block 0
2026-05-29 10:53:42.892 | info     |              Op | act_block_h_override 2 is not a valid override for padded_output_height_ntiles_per_core 7, instead 1 was selected as closest valid option! (conv2d_utils.cpp:401)
2026-05-29 10:53:42.892 | INFO     | models.demos.wormhole.stable_diffusion.tt.ttnn_functional_unet_2d_condition_model_new_conv:__call__:406 - Down block 1
2026-05-29 10:53:42.897 | INFO     | models.demos.wormhole.stable_diffusion.tt.ttnn_functional_unet_2d_condition_model_new_conv:__call__:406 - Down block 2
2026-05-29 10:53:42.901 | INFO     | models.demos.wormhole.stable_diffusion.tt.ttnn_functional_unet_2d_condition_model_new_conv:__call__:406 - Down block 3
2026-05-29 10:53:42.902 | INFO     | models.demos.wormhole.stable_diffusion.tt.ttnn_functional_unet_2d_condition_model_new_conv:__call__:460 - Mid block
2026-05-29 10:53:42.902 | warning  |              Op | Mismatch between computed MemoryConfig(memory_layout=TensorMemoryLayout::BLOCK_SHARDED,buffer_type=BufferType::L1,shard_spec=ShardSpec(grid={[(x=0,y=0) - (x=7,y=3)]},shape={32, 160},orientation=ShardOrientation::ROW_MAJOR),nd_shard_spec=NdShardSpec(shard_shape=Shape([32, 160]),grid={[(x=0,y=0) - (x=7,y=3)]},orientation=ShardOrientation::ROW_MAJOR,shard_distribution_strategy=ShardDistributionStrategy::GRID_2D),created_with_nd_shard_spec=0) and provided MemoryConfig(memory_layout=TensorMemoryLayout::BLOCK_SHARDED,buffer_type=BufferType::L1,shard_spec=ShardSpec(grid={[(x=0,y=0) - (x=7,y=7)]},shape={32, 160},orientation=ShardOrientation::ROW_MAJOR),nd_shard_spec=std::nullopt,created_with_nd_shard_spec=0) mem config. Using computed config. (matmul_op.cpp:1674)
2026-05-29 10:53:42.904 | INFO     | models.demos.wormhole.stable_diffusion.tt.ttnn_functional_unet_2d_condition_model_new_conv:__call__:491 - Up block 0
2026-05-29 10:53:42.905 | INFO     | models.demos.wormhole.stable_diffusion.tt.ttnn_functional_unet_2d_condition_model_new_conv:__call__:491 - Up block 1
2026-05-29 10:53:42.910 | INFO     | models.demos.wormhole.stable_diffusion.tt.ttnn_functional_unet_2d_condition_model_new_conv:__call__:491 - Up block 2
2026-05-29 10:53:42.918 | INFO     | models.demos.wormhole.stable_diffusion.tt.ttnn_functional_unet_2d_condition_model_new_conv:__call__:491 - Up block 3
  Step 20/41
2026-05-29 10:53:42.941 | INFO     | models.demos.wormhole.stable_diffusion.tt.ttnn_functional_unet_2d_condition_model_new_conv:__call__:406 - Down block 0
2026-05-29 10:53:42.947 | info     |              Op | act_block_h_override 2 is not a valid override for padded_output_height_ntiles_per_core 7, instead 1 was selected as closest valid option! (conv2d_utils.cpp:401)
2026-05-29 10:53:42.947 | INFO     | models.demos.wormhole.stable_diffusion.tt.ttnn_functional_unet_2d_condition_model_new_conv:__call__:406 - Down block 1
2026-05-29 10:53:42.952 | INFO     | models.demos.wormhole.stable_diffusion.tt.ttnn_functional_unet_2d_condition_model_new_conv:__call__:406 - Down block 2
2026-05-29 10:53:42.956 | INFO     | models.demos.wormhole.stable_diffusion.tt.ttnn_functional_unet_2d_condition_model_new_conv:__call__:406 - Down block 3
2026-05-29 10:53:42.956 | INFO     | models.demos.wormhole.stable_diffusion.tt.ttnn_functional_unet_2d_condition_model_new_conv:__call__:460 - Mid block
2026-05-29 10:53:42.957 | warning  |              Op | Mismatch between computed MemoryConfig(memory_layout=TensorMemoryLayout::BLOCK_SHARDED,buffer_type=BufferType::L1,shard_spec=ShardSpec(grid={[(x=0,y=0) - (x=7,y=3)]},shape={32, 160},orientation=ShardOrientation::ROW_MAJOR),nd_shard_spec=NdShardSpec(shard_shape=Shape([32, 160]),grid={[(x=0,y=0) - (x=7,y=3)]},orientation=ShardOrientation::ROW_MAJOR,shard_distribution_strategy=ShardDistributionStrategy::GRID_2D),created_with_nd_shard_spec=0) and provided MemoryConfig(memory_layout=TensorMemoryLayout::BLOCK_SHARDED,buffer_type=BufferType::L1,shard_spec=ShardSpec(grid={[(x=0,y=0) - (x=7,y=7)]},shape={32, 160},orientation=ShardOrientation::ROW_MAJOR),nd_shard_spec=std::nullopt,created_with_nd_shard_spec=0) mem config. Using computed config. (matmul_op.cpp:1674)
2026-05-29 10:53:42.958 | INFO     | models.demos.wormhole.stable_diffusion.tt.ttnn_functional_unet_2d_condition_model_new_conv:__call__:491 - Up block 0
2026-05-29 10:53:42.960 | INFO     | models.demos.wormhole.stable_diffusion.tt.ttnn_functional_unet_2d_condition_model_new_conv:__call__:491 - Up block 1
2026-05-29 10:53:42.965 | INFO     | models.demos.wormhole.stable_diffusion.tt.ttnn_functional_unet_2d_condition_model_new_conv:__call__:491 - Up block 2
2026-05-29 10:53:42.973 | INFO     | models.demos.wormhole.stable_diffusion.tt.ttnn_functional_unet_2d_condition_model_new_conv:__call__:491 - Up block 3
2026-05-29 10:53:42.993 | INFO     | models.demos.wormhole.stable_diffusion.tt.ttnn_functional_unet_2d_condition_model_new_conv:__call__:406 - Down block 0
2026-05-29 10:53:42.999 | info     |              Op | act_block_h_override 2 is not a valid override for padded_output_height_ntiles_per_core 7, instead 1 was selected as closest valid option! (conv2d_utils.cpp:401)
2026-05-29 10:53:42.999 | INFO     | models.demos.wormhole.stable_diffusion.tt.ttnn_functional_unet_2d_condition_model_new_conv:__call__:406 - Down block 1
2026-05-29 10:53:43.004 | INFO     | models.demos.wormhole.stable_diffusion.tt.ttnn_functional_unet_2d_condition_model_new_conv:__call__:406 - Down block 2
2026-05-29 10:53:43.008 | INFO     | models.demos.wormhole.stable_diffusion.tt.ttnn_functional_unet_2d_condition_model_new_conv:__call__:406 - Down block 3
2026-05-29 10:53:43.008 | INFO     | models.demos.wormhole.stable_diffusion.tt.ttnn_functional_unet_2d_condition_model_new_conv:__call__:460 - Mid block
2026-05-29 10:53:43.009 | warning  |              Op | Mismatch between computed MemoryConfig(memory_layout=TensorMemoryLayout::BLOCK_SHARDED,buffer_type=BufferType::L1,shard_spec=ShardSpec(grid={[(x=0,y=0) - (x=7,y=3)]},shape={32, 160},orientation=ShardOrientation::ROW_MAJOR),nd_shard_spec=NdShardSpec(shard_shape=Shape([32, 160]),grid={[(x=0,y=0) - (x=7,y=3)]},orientation=ShardOrientation::ROW_MAJOR,shard_distribution_strategy=ShardDistributionStrategy::GRID_2D),created_with_nd_shard_spec=0) and provided MemoryConfig(memory_layout=TensorMemoryLayout::BLOCK_SHARDED,buffer_type=BufferType::L1,shard_spec=ShardSpec(grid={[(x=0,y=0) - (x=7,y=7)]},shape={32, 160},orientation=ShardOrientation::ROW_MAJOR),nd_shard_spec=std::nullopt,created_with_nd_shard_spec=0) mem config. Using computed config. (matmul_op.cpp:1674)
2026-05-29 10:53:43.010 | INFO     | models.demos.wormhole.stable_diffusion.tt.ttnn_functional_unet_2d_condition_model_new_conv:__call__:491 - Up block 0
2026-05-29 10:53:43.011 | INFO     | models.demos.wormhole.stable_diffusion.tt.ttnn_functional_unet_2d_condition_model_new_conv:__call__:491 - Up block 1
2026-05-29 10:53:43.016 | INFO     | models.demos.wormhole.stable_diffusion.tt.ttnn_functional_unet_2d_condition_model_new_conv:__call__:491 - Up block 2
2026-05-29 10:53:43.025 | INFO     | models.demos.wormhole.stable_diffusion.tt.ttnn_functional_unet_2d_condition_model_new_conv:__call__:491 - Up block 3
2026-05-29 10:53:43.045 | INFO     | models.demos.wormhole.stable_diffusion.tt.ttnn_functional_unet_2d_condition_model_new_conv:__call__:406 - Down block 0
2026-05-29 10:53:43.050 | info     |              Op | act_block_h_override 2 is not a valid override for padded_output_height_ntiles_per_core 7, instead 1 was selected as closest valid option! (conv2d_utils.cpp:401)
2026-05-29 10:53:43.051 | INFO     | models.demos.wormhole.stable_diffusion.tt.ttnn_functional_unet_2d_condition_model_new_conv:__call__:406 - Down block 1
2026-05-29 10:53:43.056 | INFO     | models.demos.wormhole.stable_diffusion.tt.ttnn_functional_unet_2d_condition_model_new_conv:__call__:406 - Down block 2
2026-05-29 10:53:43.059 | INFO     | models.demos.wormhole.stable_diffusion.tt.ttnn_functional_unet_2d_condition_model_new_conv:__call__:406 - Down block 3
2026-05-29 10:53:43.060 | INFO     | models.demos.wormhole.stable_diffusion.tt.ttnn_functional_unet_2d_condition_model_new_conv:__call__:460 - Mid block
2026-05-29 10:53:43.060 | warning  |              Op | Mismatch between computed MemoryConfig(memory_layout=TensorMemoryLayout::BLOCK_SHARDED,buffer_type=BufferType::L1,shard_spec=ShardSpec(grid={[(x=0,y=0) - (x=7,y=3)]},shape={32, 160},orientation=ShardOrientation::ROW_MAJOR),nd_shard_spec=NdShardSpec(shard_shape=Shape([32, 160]),grid={[(x=0,y=0) - (x=7,y=3)]},orientation=ShardOrientation::ROW_MAJOR,shard_distribution_strategy=ShardDistributionStrategy::GRID_2D),created_with_nd_shard_spec=0) and provided MemoryConfig(memory_layout=TensorMemoryLayout::BLOCK_SHARDED,buffer_type=BufferType::L1,shard_spec=ShardSpec(grid={[(x=0,y=0) - (x=7,y=7)]},shape={32, 160},orientation=ShardOrientation::ROW_MAJOR),nd_shard_spec=std::nullopt,created_with_nd_shard_spec=0) mem config. Using computed config. (matmul_op.cpp:1674)
2026-05-29 10:53:43.061 | INFO     | models.demos.wormhole.stable_diffusion.tt.ttnn_functional_unet_2d_condition_model_new_conv:__call__:491 - Up block 0
2026-05-29 10:53:43.063 | INFO     | models.demos.wormhole.stable_diffusion.tt.ttnn_functional_unet_2d_condition_model_new_conv:__call__:491 - Up block 1
2026-05-29 10:53:43.067 | INFO     | models.demos.wormhole.stable_diffusion.tt.ttnn_functional_unet_2d_condition_model_new_conv:__call__:491 - Up block 2
2026-05-29 10:53:43.075 | INFO     | models.demos.wormhole.stable_diffusion.tt.ttnn_functional_unet_2d_condition_model_new_conv:__call__:491 - Up block 3
2026-05-29 10:53:43.097 | INFO     | models.demos.wormhole.stable_diffusion.tt.ttnn_functional_unet_2d_condition_model_new_conv:__call__:406 - Down block 0
2026-05-29 10:53:43.102 | info     |              Op | act_block_h_override 2 is not a valid override for padded_output_height_ntiles_per_core 7, instead 1 was selected as closest valid option! (conv2d_utils.cpp:401)
2026-05-29 10:53:43.102 | INFO     | models.demos.wormhole.stable_diffusion.tt.ttnn_functional_unet_2d_condition_model_new_conv:__call__:406 - Down block 1
2026-05-29 10:53:43.108 | INFO     | models.demos.wormhole.stable_diffusion.tt.ttnn_functional_unet_2d_condition_model_new_conv:__call__:406 - Down block 2
2026-05-29 10:53:43.111 | INFO     | models.demos.wormhole.stable_diffusion.tt.ttnn_functional_unet_2d_condition_model_new_conv:__call__:406 - Down block 3
2026-05-29 10:53:43.112 | INFO     | models.demos.wormhole.stable_diffusion.tt.ttnn_functional_unet_2d_condition_model_new_conv:__call__:460 - Mid block
2026-05-29 10:53:43.113 | warning  |              Op | Mismatch between computed MemoryConfig(memory_layout=TensorMemoryLayout::BLOCK_SHARDED,buffer_type=BufferType::L1,shard_spec=ShardSpec(grid={[(x=0,y=0) - (x=7,y=3)]},shape={32, 160},orientation=ShardOrientation::ROW_MAJOR),nd_shard_spec=NdShardSpec(shard_shape=Shape([32, 160]),grid={[(x=0,y=0) - (x=7,y=3)]},orientation=ShardOrientation::ROW_MAJOR,shard_distribution_strategy=ShardDistributionStrategy::GRID_2D),created_with_nd_shard_spec=0) and provided MemoryConfig(memory_layout=TensorMemoryLayout::BLOCK_SHARDED,buffer_type=BufferType::L1,shard_spec=ShardSpec(grid={[(x=0,y=0) - (x=7,y=7)]},shape={32, 160},orientation=ShardOrientation::ROW_MAJOR),nd_shard_spec=std::nullopt,created_with_nd_shard_spec=0) mem config. Using computed config. (matmul_op.cpp:1674)
2026-05-29 10:53:43.114 | INFO     | models.demos.wormhole.stable_diffusion.tt.ttnn_functional_unet_2d_condition_model_new_conv:__call__:491 - Up block 0
2026-05-29 10:53:43.115 | INFO     | models.demos.wormhole.stable_diffusion.tt.ttnn_functional_unet_2d_condition_model_new_conv:__call__:491 - Up block 1
2026-05-29 10:53:43.120 | INFO     | models.demos.wormhole.stable_diffusion.tt.ttnn_functional_unet_2d_condition_model_new_conv:__call__:491 - Up block 2
2026-05-29 10:53:43.128 | INFO     | models.demos.wormhole.stable_diffusion.tt.ttnn_functional_unet_2d_condition_model_new_conv:__call__:491 - Up block 3
2026-05-29 10:53:43.148 | INFO     | models.demos.wormhole.stable_diffusion.tt.ttnn_functional_unet_2d_condition_model_new_conv:__call__:406 - Down block 0
2026-05-29 10:53:43.154 | info     |              Op | act_block_h_override 2 is not a valid override for padded_output_height_ntiles_per_core 7, instead 1 was selected as closest valid option! (conv2d_utils.cpp:401)
2026-05-29 10:53:43.154 | INFO     | models.demos.wormhole.stable_diffusion.tt.ttnn_functional_unet_2d_condition_model_new_conv:__call__:406 - Down block 1
2026-05-29 10:53:43.159 | INFO     | models.demos.wormhole.stable_diffusion.tt.ttnn_functional_unet_2d_condition_model_new_conv:__call__:406 - Down block 2
2026-05-29 10:53:43.163 | INFO     | models.demos.wormhole.stable_diffusion.tt.ttnn_functional_unet_2d_condition_model_new_conv:__call__:406 - Down block 3
2026-05-29 10:53:43.163 | INFO     | models.demos.wormhole.stable_diffusion.tt.ttnn_functional_unet_2d_condition_model_new_conv:__call__:460 - Mid block
2026-05-29 10:53:43.164 | warning  |              Op | Mismatch between computed MemoryConfig(memory_layout=TensorMemoryLayout::BLOCK_SHARDED,buffer_type=BufferType::L1,shard_spec=ShardSpec(grid={[(x=0,y=0) - (x=7,y=3)]},shape={32, 160},orientation=ShardOrientation::ROW_MAJOR),nd_shard_spec=NdShardSpec(shard_shape=Shape([32, 160]),grid={[(x=0,y=0) - (x=7,y=3)]},orientation=ShardOrientation::ROW_MAJOR,shard_distribution_strategy=ShardDistributionStrategy::GRID_2D),created_with_nd_shard_spec=0) and provided MemoryConfig(memory_layout=TensorMemoryLayout::BLOCK_SHARDED,buffer_type=BufferType::L1,shard_spec=ShardSpec(grid={[(x=0,y=0) - (x=7,y=7)]},shape={32, 160},orientation=ShardOrientation::ROW_MAJOR),nd_shard_spec=std::nullopt,created_with_nd_shard_spec=0) mem config. Using computed config. (matmul_op.cpp:1674)
2026-05-29 10:53:43.165 | INFO     | models.demos.wormhole.stable_diffusion.tt.ttnn_functional_unet_2d_condition_model_new_conv:__call__:491 - Up block 0
2026-05-29 10:53:43.166 | INFO     | models.demos.wormhole.stable_diffusion.tt.ttnn_functional_unet_2d_condition_model_new_conv:__call__:491 - Up block 1
2026-05-29 10:53:43.171 | INFO     | models.demos.wormhole.stable_diffusion.tt.ttnn_functional_unet_2d_condition_model_new_conv:__call__:491 - Up block 2
2026-05-29 10:53:43.179 | INFO     | models.demos.wormhole.stable_diffusion.tt.ttnn_functional_unet_2d_condition_model_new_conv:__call__:491 - Up block 3
2026-05-29 10:53:43.200 | INFO     | models.demos.wormhole.stable_diffusion.tt.ttnn_functional_unet_2d_condition_model_new_conv:__call__:406 - Down block 0
2026-05-29 10:53:43.206 | info     |              Op | act_block_h_override 2 is not a valid override for padded_output_height_ntiles_per_core 7, instead 1 was selected as closest valid option! (conv2d_utils.cpp:401)
2026-05-29 10:53:43.206 | INFO     | models.demos.wormhole.stable_diffusion.tt.ttnn_functional_unet_2d_condition_model_new_conv:__call__:406 - Down block 1
2026-05-29 10:53:43.212 | INFO     | models.demos.wormhole.stable_diffusion.tt.ttnn_functional_unet_2d_condition_model_new_conv:__call__:406 - Down block 2
2026-05-29 10:53:43.215 | INFO     | models.demos.wormhole.stable_diffusion.tt.ttnn_functional_unet_2d_condition_model_new_conv:__call__:406 - Down block 3
2026-05-29 10:53:43.216 | INFO     | models.demos.wormhole.stable_diffusion.tt.ttnn_functional_unet_2d_condition_model_new_conv:__call__:460 - Mid block
2026-05-29 10:53:43.216 | warning  |              Op | Mismatch between computed MemoryConfig(memory_layout=TensorMemoryLayout::BLOCK_SHARDED,buffer_type=BufferType::L1,shard_spec=ShardSpec(grid={[(x=0,y=0) - (x=7,y=3)]},shape={32, 160},orientation=ShardOrientation::ROW_MAJOR),nd_shard_spec=NdShardSpec(shard_shape=Shape([32, 160]),grid={[(x=0,y=0) - (x=7,y=3)]},orientation=ShardOrientation::ROW_MAJOR,shard_distribution_strategy=ShardDistributionStrategy::GRID_2D),created_with_nd_shard_spec=0) and provided MemoryConfig(memory_layout=TensorMemoryLayout::BLOCK_SHARDED,buffer_type=BufferType::L1,shard_spec=ShardSpec(grid={[(x=0,y=0) - (x=7,y=7)]},shape={32, 160},orientation=ShardOrientation::ROW_MAJOR),nd_shard_spec=std::nullopt,created_with_nd_shard_spec=0) mem config. Using computed config. (matmul_op.cpp:1674)
2026-05-29 10:53:43.218 | INFO     | models.demos.wormhole.stable_diffusion.tt.ttnn_functional_unet_2d_condition_model_new_conv:__call__:491 - Up block 0
2026-05-29 10:53:43.219 | INFO     | models.demos.wormhole.stable_diffusion.tt.ttnn_functional_unet_2d_condition_model_new_conv:__call__:491 - Up block 1
2026-05-29 10:53:43.224 | INFO     | models.demos.wormhole.stable_diffusion.tt.ttnn_functional_unet_2d_condition_model_new_conv:__call__:491 - Up block 2
2026-05-29 10:53:43.232 | INFO     | models.demos.wormhole.stable_diffusion.tt.ttnn_functional_unet_2d_condition_model_new_conv:__call__:491 - Up block 3
2026-05-29 10:53:43.252 | INFO     | models.demos.wormhole.stable_diffusion.tt.ttnn_functional_unet_2d_condition_model_new_conv:__call__:406 - Down block 0
2026-05-29 10:53:43.258 | info     |              Op | act_block_h_override 2 is not a valid override for padded_output_height_ntiles_per_core 7, instead 1 was selected as closest valid option! (conv2d_utils.cpp:401)
2026-05-29 10:53:43.258 | INFO     | models.demos.wormhole.stable_diffusion.tt.ttnn_functional_unet_2d_condition_model_new_conv:__call__:406 - Down block 1
2026-05-29 10:53:43.263 | INFO     | models.demos.wormhole.stable_diffusion.tt.ttnn_functional_unet_2d_condition_model_new_conv:__call__:406 - Down block 2
2026-05-29 10:53:43.267 | INFO     | models.demos.wormhole.stable_diffusion.tt.ttnn_functional_unet_2d_condition_model_new_conv:__call__:406 - Down block 3
2026-05-29 10:53:43.268 | INFO     | models.demos.wormhole.stable_diffusion.tt.ttnn_functional_unet_2d_condition_model_new_conv:__call__:460 - Mid block
2026-05-29 10:53:43.268 | warning  |              Op | Mismatch between computed MemoryConfig(memory_layout=TensorMemoryLayout::BLOCK_SHARDED,buffer_type=BufferType::L1,shard_spec=ShardSpec(grid={[(x=0,y=0) - (x=7,y=3)]},shape={32, 160},orientation=ShardOrientation::ROW_MAJOR),nd_shard_spec=NdShardSpec(shard_shape=Shape([32, 160]),grid={[(x=0,y=0) - (x=7,y=3)]},orientation=ShardOrientation::ROW_MAJOR,shard_distribution_strategy=ShardDistributionStrategy::GRID_2D),created_with_nd_shard_spec=0) and provided MemoryConfig(memory_layout=TensorMemoryLayout::BLOCK_SHARDED,buffer_type=BufferType::L1,shard_spec=ShardSpec(grid={[(x=0,y=0) - (x=7,y=7)]},shape={32, 160},orientation=ShardOrientation::ROW_MAJOR),nd_shard_spec=std::nullopt,created_with_nd_shard_spec=0) mem config. Using computed config. (matmul_op.cpp:1674)
2026-05-29 10:53:43.269 | INFO     | models.demos.wormhole.stable_diffusion.tt.ttnn_functional_unet_2d_condition_model_new_conv:__call__:491 - Up block 0
2026-05-29 10:53:43.271 | INFO     | models.demos.wormhole.stable_diffusion.tt.ttnn_functional_unet_2d_condition_model_new_conv:__call__:491 - Up block 1
2026-05-29 10:53:43.276 | INFO     | models.demos.wormhole.stable_diffusion.tt.ttnn_functional_unet_2d_condition_model_new_conv:__call__:491 - Up block 2
2026-05-29 10:53:43.284 | INFO     | models.demos.wormhole.stable_diffusion.tt.ttnn_functional_unet_2d_condition_model_new_conv:__call__:491 - Up block 3
2026-05-29 10:53:43.304 | INFO     | models.demos.wormhole.stable_diffusion.tt.ttnn_functional_unet_2d_condition_model_new_conv:__call__:406 - Down block 0
2026-05-29 10:53:43.310 | info     |              Op | act_block_h_override 2 is not a valid override for padded_output_height_ntiles_per_core 7, instead 1 was selected as closest valid option! (conv2d_utils.cpp:401)
2026-05-29 10:53:43.310 | INFO     | models.demos.wormhole.stable_diffusion.tt.ttnn_functional_unet_2d_condition_model_new_conv:__call__:406 - Down block 1
2026-05-29 10:53:43.315 | INFO     | models.demos.wormhole.stable_diffusion.tt.ttnn_functional_unet_2d_condition_model_new_conv:__call__:406 - Down block 2
2026-05-29 10:53:43.318 | INFO     | models.demos.wormhole.stable_diffusion.tt.ttnn_functional_unet_2d_condition_model_new_conv:__call__:406 - Down block 3
2026-05-29 10:53:43.319 | INFO     | models.demos.wormhole.stable_diffusion.tt.ttnn_functional_unet_2d_condition_model_new_conv:__call__:460 - Mid block
2026-05-29 10:53:43.319 | warning  |              Op | Mismatch between computed MemoryConfig(memory_layout=TensorMemoryLayout::BLOCK_SHARDED,buffer_type=BufferType::L1,shard_spec=ShardSpec(grid={[(x=0,y=0) - (x=7,y=3)]},shape={32, 160},orientation=ShardOrientation::ROW_MAJOR),nd_shard_spec=NdShardSpec(shard_shape=Shape([32, 160]),grid={[(x=0,y=0) - (x=7,y=3)]},orientation=ShardOrientation::ROW_MAJOR,shard_distribution_strategy=ShardDistributionStrategy::GRID_2D),created_with_nd_shard_spec=0) and provided MemoryConfig(memory_layout=TensorMemoryLayout::BLOCK_SHARDED,buffer_type=BufferType::L1,shard_spec=ShardSpec(grid={[(x=0,y=0) - (x=7,y=7)]},shape={32, 160},orientation=ShardOrientation::ROW_MAJOR),nd_shard_spec=std::nullopt,created_with_nd_shard_spec=0) mem config. Using computed config. (matmul_op.cpp:1674)
2026-05-29 10:53:43.321 | INFO     | models.demos.wormhole.stable_diffusion.tt.ttnn_functional_unet_2d_condition_model_new_conv:__call__:491 - Up block 0
2026-05-29 10:53:43.322 | INFO     | models.demos.wormhole.stable_diffusion.tt.ttnn_functional_unet_2d_condition_model_new_conv:__call__:491 - Up block 1
2026-05-29 10:53:43.327 | INFO     | models.demos.wormhole.stable_diffusion.tt.ttnn_functional_unet_2d_condition_model_new_conv:__call__:491 - Up block 2
2026-05-29 10:53:43.335 | INFO     | models.demos.wormhole.stable_diffusion.tt.ttnn_functional_unet_2d_condition_model_new_conv:__call__:491 - Up block 3
  Step 21/41
2026-05-29 10:53:43.358 | INFO     | models.demos.wormhole.stable_diffusion.tt.ttnn_functional_unet_2d_condition_model_new_conv:__call__:406 - Down block 0
2026-05-29 10:53:43.364 | info     |              Op | act_block_h_override 2 is not a valid override for padded_output_height_ntiles_per_core 7, instead 1 was selected as closest valid option! (conv2d_utils.cpp:401)
2026-05-29 10:53:43.364 | INFO     | models.demos.wormhole.stable_diffusion.tt.ttnn_functional_unet_2d_condition_model_new_conv:__call__:406 - Down block 1
2026-05-29 10:53:43.370 | INFO     | models.demos.wormhole.stable_diffusion.tt.ttnn_functional_unet_2d_condition_model_new_conv:__call__:406 - Down block 2
2026-05-29 10:53:43.373 | INFO     | models.demos.wormhole.stable_diffusion.tt.ttnn_functional_unet_2d_condition_model_new_conv:__call__:406 - Down block 3
2026-05-29 10:53:43.374 | INFO     | models.demos.wormhole.stable_diffusion.tt.ttnn_functional_unet_2d_condition_model_new_conv:__call__:460 - Mid block
2026-05-29 10:53:43.374 | warning  |              Op | Mismatch between computed MemoryConfig(memory_layout=TensorMemoryLayout::BLOCK_SHARDED,buffer_type=BufferType::L1,shard_spec=ShardSpec(grid={[(x=0,y=0) - (x=7,y=3)]},shape={32, 160},orientation=ShardOrientation::ROW_MAJOR),nd_shard_spec=NdShardSpec(shard_shape=Shape([32, 160]),grid={[(x=0,y=0) - (x=7,y=3)]},orientation=ShardOrientation::ROW_MAJOR,shard_distribution_strategy=ShardDistributionStrategy::GRID_2D),created_with_nd_shard_spec=0) and provided MemoryConfig(memory_layout=TensorMemoryLayout::BLOCK_SHARDED,buffer_type=BufferType::L1,shard_spec=ShardSpec(grid={[(x=0,y=0) - (x=7,y=7)]},shape={32, 160},orientation=ShardOrientation::ROW_MAJOR),nd_shard_spec=std::nullopt,created_with_nd_shard_spec=0) mem config. Using computed config. (matmul_op.cpp:1674)
2026-05-29 10:53:43.376 | INFO     | models.demos.wormhole.stable_diffusion.tt.ttnn_functional_unet_2d_condition_model_new_conv:__call__:491 - Up block 0
2026-05-29 10:53:43.377 | INFO     | models.demos.wormhole.stable_diffusion.tt.ttnn_functional_unet_2d_condition_model_new_conv:__call__:491 - Up block 1
2026-05-29 10:53:43.382 | INFO     | models.demos.wormhole.stable_diffusion.tt.ttnn_functional_unet_2d_condition_model_new_conv:__call__:491 - Up block 2
2026-05-29 10:53:43.390 | INFO     | models.demos.wormhole.stable_diffusion.tt.ttnn_functional_unet_2d_condition_model_new_conv:__call__:491 - Up block 3
2026-05-29 10:53:43.410 | INFO     | models.demos.wormhole.stable_diffusion.tt.ttnn_functional_unet_2d_condition_model_new_conv:__call__:406 - Down block 0
2026-05-29 10:53:43.416 | info     |              Op | act_block_h_override 2 is not a valid override for padded_output_height_ntiles_per_core 7, instead 1 was selected as closest valid option! (conv2d_utils.cpp:401)
2026-05-29 10:53:43.416 | INFO     | models.demos.wormhole.stable_diffusion.tt.ttnn_functional_unet_2d_condition_model_new_conv:__call__:406 - Down block 1
2026-05-29 10:53:43.421 | INFO     | models.demos.wormhole.stable_diffusion.tt.ttnn_functional_unet_2d_condition_model_new_conv:__call__:406 - Down block 2
2026-05-29 10:53:43.425 | INFO     | models.demos.wormhole.stable_diffusion.tt.ttnn_functional_unet_2d_condition_model_new_conv:__call__:406 - Down block 3
2026-05-29 10:53:43.425 | INFO     | models.demos.wormhole.stable_diffusion.tt.ttnn_functional_unet_2d_condition_model_new_conv:__call__:460 - Mid block
2026-05-29 10:53:43.426 | warning  |              Op | Mismatch between computed MemoryConfig(memory_layout=TensorMemoryLayout::BLOCK_SHARDED,buffer_type=BufferType::L1,shard_spec=ShardSpec(grid={[(x=0,y=0) - (x=7,y=3)]},shape={32, 160},orientation=ShardOrientation::ROW_MAJOR),nd_shard_spec=NdShardSpec(shard_shape=Shape([32, 160]),grid={[(x=0,y=0) - (x=7,y=3)]},orientation=ShardOrientation::ROW_MAJOR,shard_distribution_strategy=ShardDistributionStrategy::GRID_2D),created_with_nd_shard_spec=0) and provided MemoryConfig(memory_layout=TensorMemoryLayout::BLOCK_SHARDED,buffer_type=BufferType::L1,shard_spec=ShardSpec(grid={[(x=0,y=0) - (x=7,y=7)]},shape={32, 160},orientation=ShardOrientation::ROW_MAJOR),nd_shard_spec=std::nullopt,created_with_nd_shard_spec=0) mem config. Using computed config. (matmul_op.cpp:1674)
2026-05-29 10:53:43.427 | INFO     | models.demos.wormhole.stable_diffusion.tt.ttnn_functional_unet_2d_condition_model_new_conv:__call__:491 - Up block 0
2026-05-29 10:53:43.428 | INFO     | models.demos.wormhole.stable_diffusion.tt.ttnn_functional_unet_2d_condition_model_new_conv:__call__:491 - Up block 1
2026-05-29 10:53:43.433 | INFO     | models.demos.wormhole.stable_diffusion.tt.ttnn_functional_unet_2d_condition_model_new_conv:__call__:491 - Up block 2
2026-05-29 10:53:43.441 | INFO     | models.demos.wormhole.stable_diffusion.tt.ttnn_functional_unet_2d_condition_model_new_conv:__call__:491 - Up block 3
2026-05-29 10:53:43.462 | INFO     | models.demos.wormhole.stable_diffusion.tt.ttnn_functional_unet_2d_condition_model_new_conv:__call__:406 - Down block 0
2026-05-29 10:53:43.468 | info     |              Op | act_block_h_override 2 is not a valid override for padded_output_height_ntiles_per_core 7, instead 1 was selected as closest valid option! (conv2d_utils.cpp:401)
2026-05-29 10:53:43.468 | INFO     | models.demos.wormhole.stable_diffusion.tt.ttnn_functional_unet_2d_condition_model_new_conv:__call__:406 - Down block 1
2026-05-29 10:53:43.473 | INFO     | models.demos.wormhole.stable_diffusion.tt.ttnn_functional_unet_2d_condition_model_new_conv:__call__:406 - Down block 2
2026-05-29 10:53:43.477 | INFO     | models.demos.wormhole.stable_diffusion.tt.ttnn_functional_unet_2d_condition_model_new_conv:__call__:406 - Down block 3
2026-05-29 10:53:43.478 | INFO     | models.demos.wormhole.stable_diffusion.tt.ttnn_functional_unet_2d_condition_model_new_conv:__call__:460 - Mid block
2026-05-29 10:53:43.478 | warning  |              Op | Mismatch between computed MemoryConfig(memory_layout=TensorMemoryLayout::BLOCK_SHARDED,buffer_type=BufferType::L1,shard_spec=ShardSpec(grid={[(x=0,y=0) - (x=7,y=3)]},shape={32, 160},orientation=ShardOrientation::ROW_MAJOR),nd_shard_spec=NdShardSpec(shard_shape=Shape([32, 160]),grid={[(x=0,y=0) - (x=7,y=3)]},orientation=ShardOrientation::ROW_MAJOR,shard_distribution_strategy=ShardDistributionStrategy::GRID_2D),created_with_nd_shard_spec=0) and provided MemoryConfig(memory_layout=TensorMemoryLayout::BLOCK_SHARDED,buffer_type=BufferType::L1,shard_spec=ShardSpec(grid={[(x=0,y=0) - (x=7,y=7)]},shape={32, 160},orientation=ShardOrientation::ROW_MAJOR),nd_shard_spec=std::nullopt,created_with_nd_shard_spec=0) mem config. Using computed config. (matmul_op.cpp:1674)
2026-05-29 10:53:43.479 | INFO     | models.demos.wormhole.stable_diffusion.tt.ttnn_functional_unet_2d_condition_model_new_conv:__call__:491 - Up block 0
2026-05-29 10:53:43.481 | INFO     | models.demos.wormhole.stable_diffusion.tt.ttnn_functional_unet_2d_condition_model_new_conv:__call__:491 - Up block 1
2026-05-29 10:53:43.486 | INFO     | models.demos.wormhole.stable_diffusion.tt.ttnn_functional_unet_2d_condition_model_new_conv:__call__:491 - Up block 2
2026-05-29 10:53:43.494 | INFO     | models.demos.wormhole.stable_diffusion.tt.ttnn_functional_unet_2d_condition_model_new_conv:__call__:491 - Up block 3
2026-05-29 10:53:43.514 | INFO     | models.demos.wormhole.stable_diffusion.tt.ttnn_functional_unet_2d_condition_model_new_conv:__call__:406 - Down block 0
2026-05-29 10:53:43.520 | info     |              Op | act_block_h_override 2 is not a valid override for padded_output_height_ntiles_per_core 7, instead 1 was selected as closest valid option! (conv2d_utils.cpp:401)
2026-05-29 10:53:43.520 | INFO     | models.demos.wormhole.stable_diffusion.tt.ttnn_functional_unet_2d_condition_model_new_conv:__call__:406 - Down block 1
2026-05-29 10:53:43.525 | INFO     | models.demos.wormhole.stable_diffusion.tt.ttnn_functional_unet_2d_condition_model_new_conv:__call__:406 - Down block 2
2026-05-29 10:53:43.528 | INFO     | models.demos.wormhole.stable_diffusion.tt.ttnn_functional_unet_2d_condition_model_new_conv:__call__:406 - Down block 3
2026-05-29 10:53:43.529 | INFO     | models.demos.wormhole.stable_diffusion.tt.ttnn_functional_unet_2d_condition_model_new_conv:__call__:460 - Mid block
2026-05-29 10:53:43.530 | warning  |              Op | Mismatch between computed MemoryConfig(memory_layout=TensorMemoryLayout::BLOCK_SHARDED,buffer_type=BufferType::L1,shard_spec=ShardSpec(grid={[(x=0,y=0) - (x=7,y=3)]},shape={32, 160},orientation=ShardOrientation::ROW_MAJOR),nd_shard_spec=NdShardSpec(shard_shape=Shape([32, 160]),grid={[(x=0,y=0) - (x=7,y=3)]},orientation=ShardOrientation::ROW_MAJOR,shard_distribution_strategy=ShardDistributionStrategy::GRID_2D),created_with_nd_shard_spec=0) and provided MemoryConfig(memory_layout=TensorMemoryLayout::BLOCK_SHARDED,buffer_type=BufferType::L1,shard_spec=ShardSpec(grid={[(x=0,y=0) - (x=7,y=7)]},shape={32, 160},orientation=ShardOrientation::ROW_MAJOR),nd_shard_spec=std::nullopt,created_with_nd_shard_spec=0) mem config. Using computed config. (matmul_op.cpp:1674)
2026-05-29 10:53:43.531 | INFO     | models.demos.wormhole.stable_diffusion.tt.ttnn_functional_unet_2d_condition_model_new_conv:__call__:491 - Up block 0
2026-05-29 10:53:43.532 | INFO     | models.demos.wormhole.stable_diffusion.tt.ttnn_functional_unet_2d_condition_model_new_conv:__call__:491 - Up block 1
2026-05-29 10:53:43.537 | INFO     | models.demos.wormhole.stable_diffusion.tt.ttnn_functional_unet_2d_condition_model_new_conv:__call__:491 - Up block 2
2026-05-29 10:53:43.545 | INFO     | models.demos.wormhole.stable_diffusion.tt.ttnn_functional_unet_2d_condition_model_new_conv:__call__:491 - Up block 3
2026-05-29 10:53:43.566 | INFO     | models.demos.wormhole.stable_diffusion.tt.ttnn_functional_unet_2d_condition_model_new_conv:__call__:406 - Down block 0
2026-05-29 10:53:43.571 | info     |              Op | act_block_h_override 2 is not a valid override for padded_output_height_ntiles_per_core 7, instead 1 was selected as closest valid option! (conv2d_utils.cpp:401)
2026-05-29 10:53:43.572 | INFO     | models.demos.wormhole.stable_diffusion.tt.ttnn_functional_unet_2d_condition_model_new_conv:__call__:406 - Down block 1
2026-05-29 10:53:43.577 | INFO     | models.demos.wormhole.stable_diffusion.tt.ttnn_functional_unet_2d_condition_model_new_conv:__call__:406 - Down block 2
2026-05-29 10:53:43.580 | INFO     | models.demos.wormhole.stable_diffusion.tt.ttnn_functional_unet_2d_condition_model_new_conv:__call__:406 - Down block 3
2026-05-29 10:53:43.581 | INFO     | models.demos.wormhole.stable_diffusion.tt.ttnn_functional_unet_2d_condition_model_new_conv:__call__:460 - Mid block
2026-05-29 10:53:43.582 | warning  |              Op | Mismatch between computed MemoryConfig(memory_layout=TensorMemoryLayout::BLOCK_SHARDED,buffer_type=BufferType::L1,shard_spec=ShardSpec(grid={[(x=0,y=0) - (x=7,y=3)]},shape={32, 160},orientation=ShardOrientation::ROW_MAJOR),nd_shard_spec=NdShardSpec(shard_shape=Shape([32, 160]),grid={[(x=0,y=0) - (x=7,y=3)]},orientation=ShardOrientation::ROW_MAJOR,shard_distribution_strategy=ShardDistributionStrategy::GRID_2D),created_with_nd_shard_spec=0) and provided MemoryConfig(memory_layout=TensorMemoryLayout::BLOCK_SHARDED,buffer_type=BufferType::L1,shard_spec=ShardSpec(grid={[(x=0,y=0) - (x=7,y=7)]},shape={32, 160},orientation=ShardOrientation::ROW_MAJOR),nd_shard_spec=std::nullopt,created_with_nd_shard_spec=0) mem config. Using computed config. (matmul_op.cpp:1674)
2026-05-29 10:53:43.583 | INFO     | models.demos.wormhole.stable_diffusion.tt.ttnn_functional_unet_2d_condition_model_new_conv:__call__:491 - Up block 0
2026-05-29 10:53:43.584 | INFO     | models.demos.wormhole.stable_diffusion.tt.ttnn_functional_unet_2d_condition_model_new_conv:__call__:491 - Up block 1
2026-05-29 10:53:43.589 | INFO     | models.demos.wormhole.stable_diffusion.tt.ttnn_functional_unet_2d_condition_model_new_conv:__call__:491 - Up block 2
2026-05-29 10:53:43.597 | INFO     | models.demos.wormhole.stable_diffusion.tt.ttnn_functional_unet_2d_condition_model_new_conv:__call__:491 - Up block 3
2026-05-29 10:53:43.618 | INFO     | models.demos.wormhole.stable_diffusion.tt.ttnn_functional_unet_2d_condition_model_new_conv:__call__:406 - Down block 0
2026-05-29 10:53:43.623 | info     |              Op | act_block_h_override 2 is not a valid override for padded_output_height_ntiles_per_core 7, instead 1 was selected as closest valid option! (conv2d_utils.cpp:401)
2026-05-29 10:53:43.623 | INFO     | models.demos.wormhole.stable_diffusion.tt.ttnn_functional_unet_2d_condition_model_new_conv:__call__:406 - Down block 1
2026-05-29 10:53:43.629 | INFO     | models.demos.wormhole.stable_diffusion.tt.ttnn_functional_unet_2d_condition_model_new_conv:__call__:406 - Down block 2
2026-05-29 10:53:43.632 | INFO     | models.demos.wormhole.stable_diffusion.tt.ttnn_functional_unet_2d_condition_model_new_conv:__call__:406 - Down block 3
2026-05-29 10:53:43.633 | INFO     | models.demos.wormhole.stable_diffusion.tt.ttnn_functional_unet_2d_condition_model_new_conv:__call__:460 - Mid block
2026-05-29 10:53:43.633 | warning  |              Op | Mismatch between computed MemoryConfig(memory_layout=TensorMemoryLayout::BLOCK_SHARDED,buffer_type=BufferType::L1,shard_spec=ShardSpec(grid={[(x=0,y=0) - (x=7,y=3)]},shape={32, 160},orientation=ShardOrientation::ROW_MAJOR),nd_shard_spec=NdShardSpec(shard_shape=Shape([32, 160]),grid={[(x=0,y=0) - (x=7,y=3)]},orientation=ShardOrientation::ROW_MAJOR,shard_distribution_strategy=ShardDistributionStrategy::GRID_2D),created_with_nd_shard_spec=0) and provided MemoryConfig(memory_layout=TensorMemoryLayout::BLOCK_SHARDED,buffer_type=BufferType::L1,shard_spec=ShardSpec(grid={[(x=0,y=0) - (x=7,y=7)]},shape={32, 160},orientation=ShardOrientation::ROW_MAJOR),nd_shard_spec=std::nullopt,created_with_nd_shard_spec=0) mem config. Using computed config. (matmul_op.cpp:1674)
2026-05-29 10:53:43.635 | INFO     | models.demos.wormhole.stable_diffusion.tt.ttnn_functional_unet_2d_condition_model_new_conv:__call__:491 - Up block 0
2026-05-29 10:53:43.636 | INFO     | models.demos.wormhole.stable_diffusion.tt.ttnn_functional_unet_2d_condition_model_new_conv:__call__:491 - Up block 1
2026-05-29 10:53:43.641 | INFO     | models.demos.wormhole.stable_diffusion.tt.ttnn_functional_unet_2d_condition_model_new_conv:__call__:491 - Up block 2
2026-05-29 10:53:43.649 | INFO     | models.demos.wormhole.stable_diffusion.tt.ttnn_functional_unet_2d_condition_model_new_conv:__call__:491 - Up block 3
2026-05-29 10:53:43.669 | INFO     | models.demos.wormhole.stable_diffusion.tt.ttnn_functional_unet_2d_condition_model_new_conv:__call__:406 - Down block 0
2026-05-29 10:53:43.675 | info     |              Op | act_block_h_override 2 is not a valid override for padded_output_height_ntiles_per_core 7, instead 1 was selected as closest valid option! (conv2d_utils.cpp:401)
2026-05-29 10:53:43.675 | INFO     | models.demos.wormhole.stable_diffusion.tt.ttnn_functional_unet_2d_condition_model_new_conv:__call__:406 - Down block 1
2026-05-29 10:53:43.681 | INFO     | models.demos.wormhole.stable_diffusion.tt.ttnn_functional_unet_2d_condition_model_new_conv:__call__:406 - Down block 2
2026-05-29 10:53:43.684 | INFO     | models.demos.wormhole.stable_diffusion.tt.ttnn_functional_unet_2d_condition_model_new_conv:__call__:406 - Down block 3
2026-05-29 10:53:43.685 | INFO     | models.demos.wormhole.stable_diffusion.tt.ttnn_functional_unet_2d_condition_model_new_conv:__call__:460 - Mid block
2026-05-29 10:53:43.685 | warning  |              Op | Mismatch between computed MemoryConfig(memory_layout=TensorMemoryLayout::BLOCK_SHARDED,buffer_type=BufferType::L1,shard_spec=ShardSpec(grid={[(x=0,y=0) - (x=7,y=3)]},shape={32, 160},orientation=ShardOrientation::ROW_MAJOR),nd_shard_spec=NdShardSpec(shard_shape=Shape([32, 160]),grid={[(x=0,y=0) - (x=7,y=3)]},orientation=ShardOrientation::ROW_MAJOR,shard_distribution_strategy=ShardDistributionStrategy::GRID_2D),created_with_nd_shard_spec=0) and provided MemoryConfig(memory_layout=TensorMemoryLayout::BLOCK_SHARDED,buffer_type=BufferType::L1,shard_spec=ShardSpec(grid={[(x=0,y=0) - (x=7,y=7)]},shape={32, 160},orientation=ShardOrientation::ROW_MAJOR),nd_shard_spec=std::nullopt,created_with_nd_shard_spec=0) mem config. Using computed config. (matmul_op.cpp:1674)
2026-05-29 10:53:43.686 | INFO     | models.demos.wormhole.stable_diffusion.tt.ttnn_functional_unet_2d_condition_model_new_conv:__call__:491 - Up block 0
2026-05-29 10:53:43.688 | INFO     | models.demos.wormhole.stable_diffusion.tt.ttnn_functional_unet_2d_condition_model_new_conv:__call__:491 - Up block 1
2026-05-29 10:53:43.693 | INFO     | models.demos.wormhole.stable_diffusion.tt.ttnn_functional_unet_2d_condition_model_new_conv:__call__:491 - Up block 2
2026-05-29 10:53:43.701 | INFO     | models.demos.wormhole.stable_diffusion.tt.ttnn_functional_unet_2d_condition_model_new_conv:__call__:491 - Up block 3
2026-05-29 10:53:43.721 | INFO     | models.demos.wormhole.stable_diffusion.tt.ttnn_functional_unet_2d_condition_model_new_conv:__call__:406 - Down block 0
2026-05-29 10:53:43.727 | info     |              Op | act_block_h_override 2 is not a valid override for padded_output_height_ntiles_per_core 7, instead 1 was selected as closest valid option! (conv2d_utils.cpp:401)
2026-05-29 10:53:43.727 | INFO     | models.demos.wormhole.stable_diffusion.tt.ttnn_functional_unet_2d_condition_model_new_conv:__call__:406 - Down block 1
2026-05-29 10:53:43.732 | INFO     | models.demos.wormhole.stable_diffusion.tt.ttnn_functional_unet_2d_condition_model_new_conv:__call__:406 - Down block 2
2026-05-29 10:53:43.736 | INFO     | models.demos.wormhole.stable_diffusion.tt.ttnn_functional_unet_2d_condition_model_new_conv:__call__:406 - Down block 3
2026-05-29 10:53:43.737 | INFO     | models.demos.wormhole.stable_diffusion.tt.ttnn_functional_unet_2d_condition_model_new_conv:__call__:460 - Mid block
2026-05-29 10:53:43.737 | warning  |              Op | Mismatch between computed MemoryConfig(memory_layout=TensorMemoryLayout::BLOCK_SHARDED,buffer_type=BufferType::L1,shard_spec=ShardSpec(grid={[(x=0,y=0) - (x=7,y=3)]},shape={32, 160},orientation=ShardOrientation::ROW_MAJOR),nd_shard_spec=NdShardSpec(shard_shape=Shape([32, 160]),grid={[(x=0,y=0) - (x=7,y=3)]},orientation=ShardOrientation::ROW_MAJOR,shard_distribution_strategy=ShardDistributionStrategy::GRID_2D),created_with_nd_shard_spec=0) and provided MemoryConfig(memory_layout=TensorMemoryLayout::BLOCK_SHARDED,buffer_type=BufferType::L1,shard_spec=ShardSpec(grid={[(x=0,y=0) - (x=7,y=7)]},shape={32, 160},orientation=ShardOrientation::ROW_MAJOR),nd_shard_spec=std::nullopt,created_with_nd_shard_spec=0) mem config. Using computed config. (matmul_op.cpp:1674)
2026-05-29 10:53:43.739 | INFO     | models.demos.wormhole.stable_diffusion.tt.ttnn_functional_unet_2d_condition_model_new_conv:__call__:491 - Up block 0
2026-05-29 10:53:43.740 | INFO     | models.demos.wormhole.stable_diffusion.tt.ttnn_functional_unet_2d_condition_model_new_conv:__call__:491 - Up block 1
2026-05-29 10:53:43.745 | INFO     | models.demos.wormhole.stable_diffusion.tt.ttnn_functional_unet_2d_condition_model_new_conv:__call__:491 - Up block 2
2026-05-29 10:53:43.753 | INFO     | models.demos.wormhole.stable_diffusion.tt.ttnn_functional_unet_2d_condition_model_new_conv:__call__:491 - Up block 3
  Step 22/41
2026-05-29 10:53:43.775 | INFO     | models.demos.wormhole.stable_diffusion.tt.ttnn_functional_unet_2d_condition_model_new_conv:__call__:406 - Down block 0
2026-05-29 10:53:43.781 | info     |              Op | act_block_h_override 2 is not a valid override for padded_output_height_ntiles_per_core 7, instead 1 was selected as closest valid option! (conv2d_utils.cpp:401)
2026-05-29 10:53:43.781 | INFO     | models.demos.wormhole.stable_diffusion.tt.ttnn_functional_unet_2d_condition_model_new_conv:__call__:406 - Down block 1
2026-05-29 10:53:43.787 | INFO     | models.demos.wormhole.stable_diffusion.tt.ttnn_functional_unet_2d_condition_model_new_conv:__call__:406 - Down block 2
2026-05-29 10:53:43.790 | INFO     | models.demos.wormhole.stable_diffusion.tt.ttnn_functional_unet_2d_condition_model_new_conv:__call__:406 - Down block 3
2026-05-29 10:53:43.791 | INFO     | models.demos.wormhole.stable_diffusion.tt.ttnn_functional_unet_2d_condition_model_new_conv:__call__:460 - Mid block
2026-05-29 10:53:43.791 | warning  |              Op | Mismatch between computed MemoryConfig(memory_layout=TensorMemoryLayout::BLOCK_SHARDED,buffer_type=BufferType::L1,shard_spec=ShardSpec(grid={[(x=0,y=0) - (x=7,y=3)]},shape={32, 160},orientation=ShardOrientation::ROW_MAJOR),nd_shard_spec=NdShardSpec(shard_shape=Shape([32, 160]),grid={[(x=0,y=0) - (x=7,y=3)]},orientation=ShardOrientation::ROW_MAJOR,shard_distribution_strategy=ShardDistributionStrategy::GRID_2D),created_with_nd_shard_spec=0) and provided MemoryConfig(memory_layout=TensorMemoryLayout::BLOCK_SHARDED,buffer_type=BufferType::L1,shard_spec=ShardSpec(grid={[(x=0,y=0) - (x=7,y=7)]},shape={32, 160},orientation=ShardOrientation::ROW_MAJOR),nd_shard_spec=std::nullopt,created_with_nd_shard_spec=0) mem config. Using computed config. (matmul_op.cpp:1674)
2026-05-29 10:53:43.793 | INFO     | models.demos.wormhole.stable_diffusion.tt.ttnn_functional_unet_2d_condition_model_new_conv:__call__:491 - Up block 0
2026-05-29 10:53:43.794 | INFO     | models.demos.wormhole.stable_diffusion.tt.ttnn_functional_unet_2d_condition_model_new_conv:__call__:491 - Up block 1
2026-05-29 10:53:43.799 | INFO     | models.demos.wormhole.stable_diffusion.tt.ttnn_functional_unet_2d_condition_model_new_conv:__call__:491 - Up block 2
2026-05-29 10:53:43.807 | INFO     | models.demos.wormhole.stable_diffusion.tt.ttnn_functional_unet_2d_condition_model_new_conv:__call__:491 - Up block 3
2026-05-29 10:53:43.827 | INFO     | models.demos.wormhole.stable_diffusion.tt.ttnn_functional_unet_2d_condition_model_new_conv:__call__:406 - Down block 0
2026-05-29 10:53:43.833 | info     |              Op | act_block_h_override 2 is not a valid override for padded_output_height_ntiles_per_core 7, instead 1 was selected as closest valid option! (conv2d_utils.cpp:401)
2026-05-29 10:53:43.833 | INFO     | models.demos.wormhole.stable_diffusion.tt.ttnn_functional_unet_2d_condition_model_new_conv:__call__:406 - Down block 1
2026-05-29 10:53:43.839 | INFO     | models.demos.wormhole.stable_diffusion.tt.ttnn_functional_unet_2d_condition_model_new_conv:__call__:406 - Down block 2
2026-05-29 10:53:43.842 | INFO     | models.demos.wormhole.stable_diffusion.tt.ttnn_functional_unet_2d_condition_model_new_conv:__call__:406 - Down block 3
2026-05-29 10:53:43.843 | INFO     | models.demos.wormhole.stable_diffusion.tt.ttnn_functional_unet_2d_condition_model_new_conv:__call__:460 - Mid block
2026-05-29 10:53:43.844 | warning  |              Op | Mismatch between computed MemoryConfig(memory_layout=TensorMemoryLayout::BLOCK_SHARDED,buffer_type=BufferType::L1,shard_spec=ShardSpec(grid={[(x=0,y=0) - (x=7,y=3)]},shape={32, 160},orientation=ShardOrientation::ROW_MAJOR),nd_shard_spec=NdShardSpec(shard_shape=Shape([32, 160]),grid={[(x=0,y=0) - (x=7,y=3)]},orientation=ShardOrientation::ROW_MAJOR,shard_distribution_strategy=ShardDistributionStrategy::GRID_2D),created_with_nd_shard_spec=0) and provided MemoryConfig(memory_layout=TensorMemoryLayout::BLOCK_SHARDED,buffer_type=BufferType::L1,shard_spec=ShardSpec(grid={[(x=0,y=0) - (x=7,y=7)]},shape={32, 160},orientation=ShardOrientation::ROW_MAJOR),nd_shard_spec=std::nullopt,created_with_nd_shard_spec=0) mem config. Using computed config. (matmul_op.cpp:1674)
2026-05-29 10:53:43.845 | INFO     | models.demos.wormhole.stable_diffusion.tt.ttnn_functional_unet_2d_condition_model_new_conv:__call__:491 - Up block 0
2026-05-29 10:53:43.847 | INFO     | models.demos.wormhole.stable_diffusion.tt.ttnn_functional_unet_2d_condition_model_new_conv:__call__:491 - Up block 1
2026-05-29 10:53:43.852 | INFO     | models.demos.wormhole.stable_diffusion.tt.ttnn_functional_unet_2d_condition_model_new_conv:__call__:491 - Up block 2
2026-05-29 10:53:43.860 | INFO     | models.demos.wormhole.stable_diffusion.tt.ttnn_functional_unet_2d_condition_model_new_conv:__call__:491 - Up block 3
2026-05-29 10:53:43.880 | INFO     | models.demos.wormhole.stable_diffusion.tt.ttnn_functional_unet_2d_condition_model_new_conv:__call__:406 - Down block 0
2026-05-29 10:53:43.886 | info     |              Op | act_block_h_override 2 is not a valid override for padded_output_height_ntiles_per_core 7, instead 1 was selected as closest valid option! (conv2d_utils.cpp:401)
2026-05-29 10:53:43.886 | INFO     | models.demos.wormhole.stable_diffusion.tt.ttnn_functional_unet_2d_condition_model_new_conv:__call__:406 - Down block 1
2026-05-29 10:53:43.891 | INFO     | models.demos.wormhole.stable_diffusion.tt.ttnn_functional_unet_2d_condition_model_new_conv:__call__:406 - Down block 2
2026-05-29 10:53:43.895 | INFO     | models.demos.wormhole.stable_diffusion.tt.ttnn_functional_unet_2d_condition_model_new_conv:__call__:406 - Down block 3
2026-05-29 10:53:43.895 | INFO     | models.demos.wormhole.stable_diffusion.tt.ttnn_functional_unet_2d_condition_model_new_conv:__call__:460 - Mid block
2026-05-29 10:53:43.896 | warning  |              Op | Mismatch between computed MemoryConfig(memory_layout=TensorMemoryLayout::BLOCK_SHARDED,buffer_type=BufferType::L1,shard_spec=ShardSpec(grid={[(x=0,y=0) - (x=7,y=3)]},shape={32, 160},orientation=ShardOrientation::ROW_MAJOR),nd_shard_spec=NdShardSpec(shard_shape=Shape([32, 160]),grid={[(x=0,y=0) - (x=7,y=3)]},orientation=ShardOrientation::ROW_MAJOR,shard_distribution_strategy=ShardDistributionStrategy::GRID_2D),created_with_nd_shard_spec=0) and provided MemoryConfig(memory_layout=TensorMemoryLayout::BLOCK_SHARDED,buffer_type=BufferType::L1,shard_spec=ShardSpec(grid={[(x=0,y=0) - (x=7,y=7)]},shape={32, 160},orientation=ShardOrientation::ROW_MAJOR),nd_shard_spec=std::nullopt,created_with_nd_shard_spec=0) mem config. Using computed config. (matmul_op.cpp:1674)
2026-05-29 10:53:43.897 | INFO     | models.demos.wormhole.stable_diffusion.tt.ttnn_functional_unet_2d_condition_model_new_conv:__call__:491 - Up block 0
2026-05-29 10:53:43.898 | INFO     | models.demos.wormhole.stable_diffusion.tt.ttnn_functional_unet_2d_condition_model_new_conv:__call__:491 - Up block 1
2026-05-29 10:53:43.903 | INFO     | models.demos.wormhole.stable_diffusion.tt.ttnn_functional_unet_2d_condition_model_new_conv:__call__:491 - Up block 2
2026-05-29 10:53:43.911 | INFO     | models.demos.wormhole.stable_diffusion.tt.ttnn_functional_unet_2d_condition_model_new_conv:__call__:491 - Up block 3
2026-05-29 10:53:43.932 | INFO     | models.demos.wormhole.stable_diffusion.tt.ttnn_functional_unet_2d_condition_model_new_conv:__call__:406 - Down block 0
2026-05-29 10:53:43.938 | info     |              Op | act_block_h_override 2 is not a valid override for padded_output_height_ntiles_per_core 7, instead 1 was selected as closest valid option! (conv2d_utils.cpp:401)
2026-05-29 10:53:43.938 | INFO     | models.demos.wormhole.stable_diffusion.tt.ttnn_functional_unet_2d_condition_model_new_conv:__call__:406 - Down block 1
2026-05-29 10:53:43.943 | INFO     | models.demos.wormhole.stable_diffusion.tt.ttnn_functional_unet_2d_condition_model_new_conv:__call__:406 - Down block 2
2026-05-29 10:53:43.947 | INFO     | models.demos.wormhole.stable_diffusion.tt.ttnn_functional_unet_2d_condition_model_new_conv:__call__:406 - Down block 3
2026-05-29 10:53:43.948 | INFO     | models.demos.wormhole.stable_diffusion.tt.ttnn_functional_unet_2d_condition_model_new_conv:__call__:460 - Mid block
2026-05-29 10:53:43.948 | warning  |              Op | Mismatch between computed MemoryConfig(memory_layout=TensorMemoryLayout::BLOCK_SHARDED,buffer_type=BufferType::L1,shard_spec=ShardSpec(grid={[(x=0,y=0) - (x=7,y=3)]},shape={32, 160},orientation=ShardOrientation::ROW_MAJOR),nd_shard_spec=NdShardSpec(shard_shape=Shape([32, 160]),grid={[(x=0,y=0) - (x=7,y=3)]},orientation=ShardOrientation::ROW_MAJOR,shard_distribution_strategy=ShardDistributionStrategy::GRID_2D),created_with_nd_shard_spec=0) and provided MemoryConfig(memory_layout=TensorMemoryLayout::BLOCK_SHARDED,buffer_type=BufferType::L1,shard_spec=ShardSpec(grid={[(x=0,y=0) - (x=7,y=7)]},shape={32, 160},orientation=ShardOrientation::ROW_MAJOR),nd_shard_spec=std::nullopt,created_with_nd_shard_spec=0) mem config. Using computed config. (matmul_op.cpp:1674)
2026-05-29 10:53:43.950 | INFO     | models.demos.wormhole.stable_diffusion.tt.ttnn_functional_unet_2d_condition_model_new_conv:__call__:491 - Up block 0
2026-05-29 10:53:43.951 | INFO     | models.demos.wormhole.stable_diffusion.tt.ttnn_functional_unet_2d_condition_model_new_conv:__call__:491 - Up block 1
2026-05-29 10:53:43.956 | INFO     | models.demos.wormhole.stable_diffusion.tt.ttnn_functional_unet_2d_condition_model_new_conv:__call__:491 - Up block 2
2026-05-29 10:53:43.964 | INFO     | models.demos.wormhole.stable_diffusion.tt.ttnn_functional_unet_2d_condition_model_new_conv:__call__:491 - Up block 3
2026-05-29 10:53:43.984 | INFO     | models.demos.wormhole.stable_diffusion.tt.ttnn_functional_unet_2d_condition_model_new_conv:__call__:406 - Down block 0
2026-05-29 10:53:43.990 | info     |              Op | act_block_h_override 2 is not a valid override for padded_output_height_ntiles_per_core 7, instead 1 was selected as closest valid option! (conv2d_utils.cpp:401)
2026-05-29 10:53:43.990 | INFO     | models.demos.wormhole.stable_diffusion.tt.ttnn_functional_unet_2d_condition_model_new_conv:__call__:406 - Down block 1
2026-05-29 10:53:43.995 | INFO     | models.demos.wormhole.stable_diffusion.tt.ttnn_functional_unet_2d_condition_model_new_conv:__call__:406 - Down block 2
2026-05-29 10:53:43.998 | INFO     | models.demos.wormhole.stable_diffusion.tt.ttnn_functional_unet_2d_condition_model_new_conv:__call__:406 - Down block 3
2026-05-29 10:53:43.999 | INFO     | models.demos.wormhole.stable_diffusion.tt.ttnn_functional_unet_2d_condition_model_new_conv:__call__:460 - Mid block
2026-05-29 10:53:44.000 | warning  |              Op | Mismatch between computed MemoryConfig(memory_layout=TensorMemoryLayout::BLOCK_SHARDED,buffer_type=BufferType::L1,shard_spec=ShardSpec(grid={[(x=0,y=0) - (x=7,y=3)]},shape={32, 160},orientation=ShardOrientation::ROW_MAJOR),nd_shard_spec=NdShardSpec(shard_shape=Shape([32, 160]),grid={[(x=0,y=0) - (x=7,y=3)]},orientation=ShardOrientation::ROW_MAJOR,shard_distribution_strategy=ShardDistributionStrategy::GRID_2D),created_with_nd_shard_spec=0) and provided MemoryConfig(memory_layout=TensorMemoryLayout::BLOCK_SHARDED,buffer_type=BufferType::L1,shard_spec=ShardSpec(grid={[(x=0,y=0) - (x=7,y=7)]},shape={32, 160},orientation=ShardOrientation::ROW_MAJOR),nd_shard_spec=std::nullopt,created_with_nd_shard_spec=0) mem config. Using computed config. (matmul_op.cpp:1674)
2026-05-29 10:53:44.001 | INFO     | models.demos.wormhole.stable_diffusion.tt.ttnn_functional_unet_2d_condition_model_new_conv:__call__:491 - Up block 0
2026-05-29 10:53:44.002 | INFO     | models.demos.wormhole.stable_diffusion.tt.ttnn_functional_unet_2d_condition_model_new_conv:__call__:491 - Up block 1
2026-05-29 10:53:44.007 | INFO     | models.demos.wormhole.stable_diffusion.tt.ttnn_functional_unet_2d_condition_model_new_conv:__call__:491 - Up block 2
2026-05-29 10:53:44.015 | INFO     | models.demos.wormhole.stable_diffusion.tt.ttnn_functional_unet_2d_condition_model_new_conv:__call__:491 - Up block 3
2026-05-29 10:53:44.036 | INFO     | models.demos.wormhole.stable_diffusion.tt.ttnn_functional_unet_2d_condition_model_new_conv:__call__:406 - Down block 0
2026-05-29 10:53:44.041 | info     |              Op | act_block_h_override 2 is not a valid override for padded_output_height_ntiles_per_core 7, instead 1 was selected as closest valid option! (conv2d_utils.cpp:401)
2026-05-29 10:53:44.042 | INFO     | models.demos.wormhole.stable_diffusion.tt.ttnn_functional_unet_2d_condition_model_new_conv:__call__:406 - Down block 1
2026-05-29 10:53:44.047 | INFO     | models.demos.wormhole.stable_diffusion.tt.ttnn_functional_unet_2d_condition_model_new_conv:__call__:406 - Down block 2
2026-05-29 10:53:44.050 | INFO     | models.demos.wormhole.stable_diffusion.tt.ttnn_functional_unet_2d_condition_model_new_conv:__call__:406 - Down block 3
2026-05-29 10:53:44.051 | INFO     | models.demos.wormhole.stable_diffusion.tt.ttnn_functional_unet_2d_condition_model_new_conv:__call__:460 - Mid block
2026-05-29 10:53:44.052 | warning  |              Op | Mismatch between computed MemoryConfig(memory_layout=TensorMemoryLayout::BLOCK_SHARDED,buffer_type=BufferType::L1,shard_spec=ShardSpec(grid={[(x=0,y=0) - (x=7,y=3)]},shape={32, 160},orientation=ShardOrientation::ROW_MAJOR),nd_shard_spec=NdShardSpec(shard_shape=Shape([32, 160]),grid={[(x=0,y=0) - (x=7,y=3)]},orientation=ShardOrientation::ROW_MAJOR,shard_distribution_strategy=ShardDistributionStrategy::GRID_2D),created_with_nd_shard_spec=0) and provided MemoryConfig(memory_layout=TensorMemoryLayout::BLOCK_SHARDED,buffer_type=BufferType::L1,shard_spec=ShardSpec(grid={[(x=0,y=0) - (x=7,y=7)]},shape={32, 160},orientation=ShardOrientation::ROW_MAJOR),nd_shard_spec=std::nullopt,created_with_nd_shard_spec=0) mem config. Using computed config. (matmul_op.cpp:1674)
2026-05-29 10:53:44.053 | INFO     | models.demos.wormhole.stable_diffusion.tt.ttnn_functional_unet_2d_condition_model_new_conv:__call__:491 - Up block 0
2026-05-29 10:53:44.054 | INFO     | models.demos.wormhole.stable_diffusion.tt.ttnn_functional_unet_2d_condition_model_new_conv:__call__:491 - Up block 1
2026-05-29 10:53:44.059 | INFO     | models.demos.wormhole.stable_diffusion.tt.ttnn_functional_unet_2d_condition_model_new_conv:__call__:491 - Up block 2
2026-05-29 10:53:44.067 | INFO     | models.demos.wormhole.stable_diffusion.tt.ttnn_functional_unet_2d_condition_model_new_conv:__call__:491 - Up block 3
2026-05-29 10:53:44.088 | INFO     | models.demos.wormhole.stable_diffusion.tt.ttnn_functional_unet_2d_condition_model_new_conv:__call__:406 - Down block 0
2026-05-29 10:53:44.093 | info     |              Op | act_block_h_override 2 is not a valid override for padded_output_height_ntiles_per_core 7, instead 1 was selected as closest valid option! (conv2d_utils.cpp:401)
2026-05-29 10:53:44.093 | INFO     | models.demos.wormhole.stable_diffusion.tt.ttnn_functional_unet_2d_condition_model_new_conv:__call__:406 - Down block 1
2026-05-29 10:53:44.099 | INFO     | models.demos.wormhole.stable_diffusion.tt.ttnn_functional_unet_2d_condition_model_new_conv:__call__:406 - Down block 2
2026-05-29 10:53:44.102 | INFO     | models.demos.wormhole.stable_diffusion.tt.ttnn_functional_unet_2d_condition_model_new_conv:__call__:406 - Down block 3
2026-05-29 10:53:44.103 | INFO     | models.demos.wormhole.stable_diffusion.tt.ttnn_functional_unet_2d_condition_model_new_conv:__call__:460 - Mid block
2026-05-29 10:53:44.104 | warning  |              Op | Mismatch between computed MemoryConfig(memory_layout=TensorMemoryLayout::BLOCK_SHARDED,buffer_type=BufferType::L1,shard_spec=ShardSpec(grid={[(x=0,y=0) - (x=7,y=3)]},shape={32, 160},orientation=ShardOrientation::ROW_MAJOR),nd_shard_spec=NdShardSpec(shard_shape=Shape([32, 160]),grid={[(x=0,y=0) - (x=7,y=3)]},orientation=ShardOrientation::ROW_MAJOR,shard_distribution_strategy=ShardDistributionStrategy::GRID_2D),created_with_nd_shard_spec=0) and provided MemoryConfig(memory_layout=TensorMemoryLayout::BLOCK_SHARDED,buffer_type=BufferType::L1,shard_spec=ShardSpec(grid={[(x=0,y=0) - (x=7,y=7)]},shape={32, 160},orientation=ShardOrientation::ROW_MAJOR),nd_shard_spec=std::nullopt,created_with_nd_shard_spec=0) mem config. Using computed config. (matmul_op.cpp:1674)
2026-05-29 10:53:44.105 | INFO     | models.demos.wormhole.stable_diffusion.tt.ttnn_functional_unet_2d_condition_model_new_conv:__call__:491 - Up block 0
2026-05-29 10:53:44.106 | INFO     | models.demos.wormhole.stable_diffusion.tt.ttnn_functional_unet_2d_condition_model_new_conv:__call__:491 - Up block 1
2026-05-29 10:53:44.111 | INFO     | models.demos.wormhole.stable_diffusion.tt.ttnn_functional_unet_2d_condition_model_new_conv:__call__:491 - Up block 2
2026-05-29 10:53:44.119 | INFO     | models.demos.wormhole.stable_diffusion.tt.ttnn_functional_unet_2d_condition_model_new_conv:__call__:491 - Up block 3
2026-05-29 10:53:44.139 | INFO     | models.demos.wormhole.stable_diffusion.tt.ttnn_functional_unet_2d_condition_model_new_conv:__call__:406 - Down block 0
2026-05-29 10:53:44.145 | info     |              Op | act_block_h_override 2 is not a valid override for padded_output_height_ntiles_per_core 7, instead 1 was selected as closest valid option! (conv2d_utils.cpp:401)
2026-05-29 10:53:44.145 | INFO     | models.demos.wormhole.stable_diffusion.tt.ttnn_functional_unet_2d_condition_model_new_conv:__call__:406 - Down block 1
2026-05-29 10:53:44.150 | INFO     | models.demos.wormhole.stable_diffusion.tt.ttnn_functional_unet_2d_condition_model_new_conv:__call__:406 - Down block 2
2026-05-29 10:53:44.154 | INFO     | models.demos.wormhole.stable_diffusion.tt.ttnn_functional_unet_2d_condition_model_new_conv:__call__:406 - Down block 3
2026-05-29 10:53:44.154 | INFO     | models.demos.wormhole.stable_diffusion.tt.ttnn_functional_unet_2d_condition_model_new_conv:__call__:460 - Mid block
2026-05-29 10:53:44.155 | warning  |              Op | Mismatch between computed MemoryConfig(memory_layout=TensorMemoryLayout::BLOCK_SHARDED,buffer_type=BufferType::L1,shard_spec=ShardSpec(grid={[(x=0,y=0) - (x=7,y=3)]},shape={32, 160},orientation=ShardOrientation::ROW_MAJOR),nd_shard_spec=NdShardSpec(shard_shape=Shape([32, 160]),grid={[(x=0,y=0) - (x=7,y=3)]},orientation=ShardOrientation::ROW_MAJOR,shard_distribution_strategy=ShardDistributionStrategy::GRID_2D),created_with_nd_shard_spec=0) and provided MemoryConfig(memory_layout=TensorMemoryLayout::BLOCK_SHARDED,buffer_type=BufferType::L1,shard_spec=ShardSpec(grid={[(x=0,y=0) - (x=7,y=7)]},shape={32, 160},orientation=ShardOrientation::ROW_MAJOR),nd_shard_spec=std::nullopt,created_with_nd_shard_spec=0) mem config. Using computed config. (matmul_op.cpp:1674)
2026-05-29 10:53:44.156 | INFO     | models.demos.wormhole.stable_diffusion.tt.ttnn_functional_unet_2d_condition_model_new_conv:__call__:491 - Up block 0
2026-05-29 10:53:44.157 | INFO     | models.demos.wormhole.stable_diffusion.tt.ttnn_functional_unet_2d_condition_model_new_conv:__call__:491 - Up block 1
2026-05-29 10:53:44.162 | INFO     | models.demos.wormhole.stable_diffusion.tt.ttnn_functional_unet_2d_condition_model_new_conv:__call__:491 - Up block 2
2026-05-29 10:53:44.170 | INFO     | models.demos.wormhole.stable_diffusion.tt.ttnn_functional_unet_2d_condition_model_new_conv:__call__:491 - Up block 3
  Step 23/41
2026-05-29 10:53:44.193 | INFO     | models.demos.wormhole.stable_diffusion.tt.ttnn_functional_unet_2d_condition_model_new_conv:__call__:406 - Down block 0
2026-05-29 10:53:44.199 | info     |              Op | act_block_h_override 2 is not a valid override for padded_output_height_ntiles_per_core 7, instead 1 was selected as closest valid option! (conv2d_utils.cpp:401)
2026-05-29 10:53:44.199 | INFO     | models.demos.wormhole.stable_diffusion.tt.ttnn_functional_unet_2d_condition_model_new_conv:__call__:406 - Down block 1
2026-05-29 10:53:44.205 | INFO     | models.demos.wormhole.stable_diffusion.tt.ttnn_functional_unet_2d_condition_model_new_conv:__call__:406 - Down block 2
2026-05-29 10:53:44.209 | INFO     | models.demos.wormhole.stable_diffusion.tt.ttnn_functional_unet_2d_condition_model_new_conv:__call__:406 - Down block 3
2026-05-29 10:53:44.209 | INFO     | models.demos.wormhole.stable_diffusion.tt.ttnn_functional_unet_2d_condition_model_new_conv:__call__:460 - Mid block
2026-05-29 10:53:44.210 | warning  |              Op | Mismatch between computed MemoryConfig(memory_layout=TensorMemoryLayout::BLOCK_SHARDED,buffer_type=BufferType::L1,shard_spec=ShardSpec(grid={[(x=0,y=0) - (x=7,y=3)]},shape={32, 160},orientation=ShardOrientation::ROW_MAJOR),nd_shard_spec=NdShardSpec(shard_shape=Shape([32, 160]),grid={[(x=0,y=0) - (x=7,y=3)]},orientation=ShardOrientation::ROW_MAJOR,shard_distribution_strategy=ShardDistributionStrategy::GRID_2D),created_with_nd_shard_spec=0) and provided MemoryConfig(memory_layout=TensorMemoryLayout::BLOCK_SHARDED,buffer_type=BufferType::L1,shard_spec=ShardSpec(grid={[(x=0,y=0) - (x=7,y=7)]},shape={32, 160},orientation=ShardOrientation::ROW_MAJOR),nd_shard_spec=std::nullopt,created_with_nd_shard_spec=0) mem config. Using computed config. (matmul_op.cpp:1674)
2026-05-29 10:53:44.211 | INFO     | models.demos.wormhole.stable_diffusion.tt.ttnn_functional_unet_2d_condition_model_new_conv:__call__:491 - Up block 0
2026-05-29 10:53:44.213 | INFO     | models.demos.wormhole.stable_diffusion.tt.ttnn_functional_unet_2d_condition_model_new_conv:__call__:491 - Up block 1
2026-05-29 10:53:44.218 | INFO     | models.demos.wormhole.stable_diffusion.tt.ttnn_functional_unet_2d_condition_model_new_conv:__call__:491 - Up block 2
2026-05-29 10:53:44.226 | INFO     | models.demos.wormhole.stable_diffusion.tt.ttnn_functional_unet_2d_condition_model_new_conv:__call__:491 - Up block 3
2026-05-29 10:53:44.246 | INFO     | models.demos.wormhole.stable_diffusion.tt.ttnn_functional_unet_2d_condition_model_new_conv:__call__:406 - Down block 0
2026-05-29 10:53:44.252 | info     |              Op | act_block_h_override 2 is not a valid override for padded_output_height_ntiles_per_core 7, instead 1 was selected as closest valid option! (conv2d_utils.cpp:401)
2026-05-29 10:53:44.252 | INFO     | models.demos.wormhole.stable_diffusion.tt.ttnn_functional_unet_2d_condition_model_new_conv:__call__:406 - Down block 1
2026-05-29 10:53:44.257 | INFO     | models.demos.wormhole.stable_diffusion.tt.ttnn_functional_unet_2d_condition_model_new_conv:__call__:406 - Down block 2
2026-05-29 10:53:44.260 | INFO     | models.demos.wormhole.stable_diffusion.tt.ttnn_functional_unet_2d_condition_model_new_conv:__call__:406 - Down block 3
2026-05-29 10:53:44.261 | INFO     | models.demos.wormhole.stable_diffusion.tt.ttnn_functional_unet_2d_condition_model_new_conv:__call__:460 - Mid block
2026-05-29 10:53:44.261 | warning  |              Op | Mismatch between computed MemoryConfig(memory_layout=TensorMemoryLayout::BLOCK_SHARDED,buffer_type=BufferType::L1,shard_spec=ShardSpec(grid={[(x=0,y=0) - (x=7,y=3)]},shape={32, 160},orientation=ShardOrientation::ROW_MAJOR),nd_shard_spec=NdShardSpec(shard_shape=Shape([32, 160]),grid={[(x=0,y=0) - (x=7,y=3)]},orientation=ShardOrientation::ROW_MAJOR,shard_distribution_strategy=ShardDistributionStrategy::GRID_2D),created_with_nd_shard_spec=0) and provided MemoryConfig(memory_layout=TensorMemoryLayout::BLOCK_SHARDED,buffer_type=BufferType::L1,shard_spec=ShardSpec(grid={[(x=0,y=0) - (x=7,y=7)]},shape={32, 160},orientation=ShardOrientation::ROW_MAJOR),nd_shard_spec=std::nullopt,created_with_nd_shard_spec=0) mem config. Using computed config. (matmul_op.cpp:1674)
2026-05-29 10:53:44.263 | INFO     | models.demos.wormhole.stable_diffusion.tt.ttnn_functional_unet_2d_condition_model_new_conv:__call__:491 - Up block 0
2026-05-29 10:53:44.264 | INFO     | models.demos.wormhole.stable_diffusion.tt.ttnn_functional_unet_2d_condition_model_new_conv:__call__:491 - Up block 1
2026-05-29 10:53:44.269 | INFO     | models.demos.wormhole.stable_diffusion.tt.ttnn_functional_unet_2d_condition_model_new_conv:__call__:491 - Up block 2
2026-05-29 10:53:44.277 | INFO     | models.demos.wormhole.stable_diffusion.tt.ttnn_functional_unet_2d_condition_model_new_conv:__call__:491 - Up block 3
2026-05-29 10:53:44.298 | INFO     | models.demos.wormhole.stable_diffusion.tt.ttnn_functional_unet_2d_condition_model_new_conv:__call__:406 - Down block 0
2026-05-29 10:53:44.303 | info     |              Op | act_block_h_override 2 is not a valid override for padded_output_height_ntiles_per_core 7, instead 1 was selected as closest valid option! (conv2d_utils.cpp:401)
2026-05-29 10:53:44.304 | INFO     | models.demos.wormhole.stable_diffusion.tt.ttnn_functional_unet_2d_condition_model_new_conv:__call__:406 - Down block 1
2026-05-29 10:53:44.309 | INFO     | models.demos.wormhole.stable_diffusion.tt.ttnn_functional_unet_2d_condition_model_new_conv:__call__:406 - Down block 2
2026-05-29 10:53:44.312 | INFO     | models.demos.wormhole.stable_diffusion.tt.ttnn_functional_unet_2d_condition_model_new_conv:__call__:406 - Down block 3
2026-05-29 10:53:44.313 | INFO     | models.demos.wormhole.stable_diffusion.tt.ttnn_functional_unet_2d_condition_model_new_conv:__call__:460 - Mid block
2026-05-29 10:53:44.314 | warning  |              Op | Mismatch between computed MemoryConfig(memory_layout=TensorMemoryLayout::BLOCK_SHARDED,buffer_type=BufferType::L1,shard_spec=ShardSpec(grid={[(x=0,y=0) - (x=7,y=3)]},shape={32, 160},orientation=ShardOrientation::ROW_MAJOR),nd_shard_spec=NdShardSpec(shard_shape=Shape([32, 160]),grid={[(x=0,y=0) - (x=7,y=3)]},orientation=ShardOrientation::ROW_MAJOR,shard_distribution_strategy=ShardDistributionStrategy::GRID_2D),created_with_nd_shard_spec=0) and provided MemoryConfig(memory_layout=TensorMemoryLayout::BLOCK_SHARDED,buffer_type=BufferType::L1,shard_spec=ShardSpec(grid={[(x=0,y=0) - (x=7,y=7)]},shape={32, 160},orientation=ShardOrientation::ROW_MAJOR),nd_shard_spec=std::nullopt,created_with_nd_shard_spec=0) mem config. Using computed config. (matmul_op.cpp:1674)
2026-05-29 10:53:44.315 | INFO     | models.demos.wormhole.stable_diffusion.tt.ttnn_functional_unet_2d_condition_model_new_conv:__call__:491 - Up block 0
2026-05-29 10:53:44.316 | INFO     | models.demos.wormhole.stable_diffusion.tt.ttnn_functional_unet_2d_condition_model_new_conv:__call__:491 - Up block 1
2026-05-29 10:53:44.321 | INFO     | models.demos.wormhole.stable_diffusion.tt.ttnn_functional_unet_2d_condition_model_new_conv:__call__:491 - Up block 2
2026-05-29 10:53:44.329 | INFO     | models.demos.wormhole.stable_diffusion.tt.ttnn_functional_unet_2d_condition_model_new_conv:__call__:491 - Up block 3
2026-05-29 10:53:44.349 | INFO     | models.demos.wormhole.stable_diffusion.tt.ttnn_functional_unet_2d_condition_model_new_conv:__call__:406 - Down block 0
2026-05-29 10:53:44.355 | info     |              Op | act_block_h_override 2 is not a valid override for padded_output_height_ntiles_per_core 7, instead 1 was selected as closest valid option! (conv2d_utils.cpp:401)
2026-05-29 10:53:44.355 | INFO     | models.demos.wormhole.stable_diffusion.tt.ttnn_functional_unet_2d_condition_model_new_conv:__call__:406 - Down block 1
2026-05-29 10:53:44.361 | INFO     | models.demos.wormhole.stable_diffusion.tt.ttnn_functional_unet_2d_condition_model_new_conv:__call__:406 - Down block 2
2026-05-29 10:53:44.364 | INFO     | models.demos.wormhole.stable_diffusion.tt.ttnn_functional_unet_2d_condition_model_new_conv:__call__:406 - Down block 3
2026-05-29 10:53:44.365 | INFO     | models.demos.wormhole.stable_diffusion.tt.ttnn_functional_unet_2d_condition_model_new_conv:__call__:460 - Mid block
2026-05-29 10:53:44.365 | warning  |              Op | Mismatch between computed MemoryConfig(memory_layout=TensorMemoryLayout::BLOCK_SHARDED,buffer_type=BufferType::L1,shard_spec=ShardSpec(grid={[(x=0,y=0) - (x=7,y=3)]},shape={32, 160},orientation=ShardOrientation::ROW_MAJOR),nd_shard_spec=NdShardSpec(shard_shape=Shape([32, 160]),grid={[(x=0,y=0) - (x=7,y=3)]},orientation=ShardOrientation::ROW_MAJOR,shard_distribution_strategy=ShardDistributionStrategy::GRID_2D),created_with_nd_shard_spec=0) and provided MemoryConfig(memory_layout=TensorMemoryLayout::BLOCK_SHARDED,buffer_type=BufferType::L1,shard_spec=ShardSpec(grid={[(x=0,y=0) - (x=7,y=7)]},shape={32, 160},orientation=ShardOrientation::ROW_MAJOR),nd_shard_spec=std::nullopt,created_with_nd_shard_spec=0) mem config. Using computed config. (matmul_op.cpp:1674)
2026-05-29 10:53:44.367 | INFO     | models.demos.wormhole.stable_diffusion.tt.ttnn_functional_unet_2d_condition_model_new_conv:__call__:491 - Up block 0
2026-05-29 10:53:44.368 | INFO     | models.demos.wormhole.stable_diffusion.tt.ttnn_functional_unet_2d_condition_model_new_conv:__call__:491 - Up block 1
2026-05-29 10:53:44.373 | INFO     | models.demos.wormhole.stable_diffusion.tt.ttnn_functional_unet_2d_condition_model_new_conv:__call__:491 - Up block 2
2026-05-29 10:53:44.381 | INFO     | models.demos.wormhole.stable_diffusion.tt.ttnn_functional_unet_2d_condition_model_new_conv:__call__:491 - Up block 3
2026-05-29 10:53:44.401 | INFO     | models.demos.wormhole.stable_diffusion.tt.ttnn_functional_unet_2d_condition_model_new_conv:__call__:406 - Down block 0
2026-05-29 10:53:44.407 | info     |              Op | act_block_h_override 2 is not a valid override for padded_output_height_ntiles_per_core 7, instead 1 was selected as closest valid option! (conv2d_utils.cpp:401)
2026-05-29 10:53:44.407 | INFO     | models.demos.wormhole.stable_diffusion.tt.ttnn_functional_unet_2d_condition_model_new_conv:__call__:406 - Down block 1
2026-05-29 10:53:44.413 | INFO     | models.demos.wormhole.stable_diffusion.tt.ttnn_functional_unet_2d_condition_model_new_conv:__call__:406 - Down block 2
2026-05-29 10:53:44.416 | INFO     | models.demos.wormhole.stable_diffusion.tt.ttnn_functional_unet_2d_condition_model_new_conv:__call__:406 - Down block 3
2026-05-29 10:53:44.417 | INFO     | models.demos.wormhole.stable_diffusion.tt.ttnn_functional_unet_2d_condition_model_new_conv:__call__:460 - Mid block
2026-05-29 10:53:44.417 | warning  |              Op | Mismatch between computed MemoryConfig(memory_layout=TensorMemoryLayout::BLOCK_SHARDED,buffer_type=BufferType::L1,shard_spec=ShardSpec(grid={[(x=0,y=0) - (x=7,y=3)]},shape={32, 160},orientation=ShardOrientation::ROW_MAJOR),nd_shard_spec=NdShardSpec(shard_shape=Shape([32, 160]),grid={[(x=0,y=0) - (x=7,y=3)]},orientation=ShardOrientation::ROW_MAJOR,shard_distribution_strategy=ShardDistributionStrategy::GRID_2D),created_with_nd_shard_spec=0) and provided MemoryConfig(memory_layout=TensorMemoryLayout::BLOCK_SHARDED,buffer_type=BufferType::L1,shard_spec=ShardSpec(grid={[(x=0,y=0) - (x=7,y=7)]},shape={32, 160},orientation=ShardOrientation::ROW_MAJOR),nd_shard_spec=std::nullopt,created_with_nd_shard_spec=0) mem config. Using computed config. (matmul_op.cpp:1674)
2026-05-29 10:53:44.419 | INFO     | models.demos.wormhole.stable_diffusion.tt.ttnn_functional_unet_2d_condition_model_new_conv:__call__:491 - Up block 0
2026-05-29 10:53:44.420 | INFO     | models.demos.wormhole.stable_diffusion.tt.ttnn_functional_unet_2d_condition_model_new_conv:__call__:491 - Up block 1
2026-05-29 10:53:44.425 | INFO     | models.demos.wormhole.stable_diffusion.tt.ttnn_functional_unet_2d_condition_model_new_conv:__call__:491 - Up block 2
2026-05-29 10:53:44.433 | INFO     | models.demos.wormhole.stable_diffusion.tt.ttnn_functional_unet_2d_condition_model_new_conv:__call__:491 - Up block 3
2026-05-29 10:53:44.453 | INFO     | models.demos.wormhole.stable_diffusion.tt.ttnn_functional_unet_2d_condition_model_new_conv:__call__:406 - Down block 0
2026-05-29 10:53:44.459 | info     |              Op | act_block_h_override 2 is not a valid override for padded_output_height_ntiles_per_core 7, instead 1 was selected as closest valid option! (conv2d_utils.cpp:401)
2026-05-29 10:53:44.459 | INFO     | models.demos.wormhole.stable_diffusion.tt.ttnn_functional_unet_2d_condition_model_new_conv:__call__:406 - Down block 1
2026-05-29 10:53:44.464 | INFO     | models.demos.wormhole.stable_diffusion.tt.ttnn_functional_unet_2d_condition_model_new_conv:__call__:406 - Down block 2
2026-05-29 10:53:44.468 | INFO     | models.demos.wormhole.stable_diffusion.tt.ttnn_functional_unet_2d_condition_model_new_conv:__call__:406 - Down block 3
2026-05-29 10:53:44.468 | INFO     | models.demos.wormhole.stable_diffusion.tt.ttnn_functional_unet_2d_condition_model_new_conv:__call__:460 - Mid block
2026-05-29 10:53:44.469 | warning  |              Op | Mismatch between computed MemoryConfig(memory_layout=TensorMemoryLayout::BLOCK_SHARDED,buffer_type=BufferType::L1,shard_spec=ShardSpec(grid={[(x=0,y=0) - (x=7,y=3)]},shape={32, 160},orientation=ShardOrientation::ROW_MAJOR),nd_shard_spec=NdShardSpec(shard_shape=Shape([32, 160]),grid={[(x=0,y=0) - (x=7,y=3)]},orientation=ShardOrientation::ROW_MAJOR,shard_distribution_strategy=ShardDistributionStrategy::GRID_2D),created_with_nd_shard_spec=0) and provided MemoryConfig(memory_layout=TensorMemoryLayout::BLOCK_SHARDED,buffer_type=BufferType::L1,shard_spec=ShardSpec(grid={[(x=0,y=0) - (x=7,y=7)]},shape={32, 160},orientation=ShardOrientation::ROW_MAJOR),nd_shard_spec=std::nullopt,created_with_nd_shard_spec=0) mem config. Using computed config. (matmul_op.cpp:1674)
2026-05-29 10:53:44.470 | INFO     | models.demos.wormhole.stable_diffusion.tt.ttnn_functional_unet_2d_condition_model_new_conv:__call__:491 - Up block 0
2026-05-29 10:53:44.472 | INFO     | models.demos.wormhole.stable_diffusion.tt.ttnn_functional_unet_2d_condition_model_new_conv:__call__:491 - Up block 1
2026-05-29 10:53:44.476 | INFO     | models.demos.wormhole.stable_diffusion.tt.ttnn_functional_unet_2d_condition_model_new_conv:__call__:491 - Up block 2
2026-05-29 10:53:44.484 | INFO     | models.demos.wormhole.stable_diffusion.tt.ttnn_functional_unet_2d_condition_model_new_conv:__call__:491 - Up block 3
2026-05-29 10:53:44.505 | INFO     | models.demos.wormhole.stable_diffusion.tt.ttnn_functional_unet_2d_condition_model_new_conv:__call__:406 - Down block 0
2026-05-29 10:53:44.511 | info     |              Op | act_block_h_override 2 is not a valid override for padded_output_height_ntiles_per_core 7, instead 1 was selected as closest valid option! (conv2d_utils.cpp:401)
2026-05-29 10:53:44.511 | INFO     | models.demos.wormhole.stable_diffusion.tt.ttnn_functional_unet_2d_condition_model_new_conv:__call__:406 - Down block 1
2026-05-29 10:53:44.516 | INFO     | models.demos.wormhole.stable_diffusion.tt.ttnn_functional_unet_2d_condition_model_new_conv:__call__:406 - Down block 2
2026-05-29 10:53:44.519 | INFO     | models.demos.wormhole.stable_diffusion.tt.ttnn_functional_unet_2d_condition_model_new_conv:__call__:406 - Down block 3
2026-05-29 10:53:44.520 | INFO     | models.demos.wormhole.stable_diffusion.tt.ttnn_functional_unet_2d_condition_model_new_conv:__call__:460 - Mid block
2026-05-29 10:53:44.521 | warning  |              Op | Mismatch between computed MemoryConfig(memory_layout=TensorMemoryLayout::BLOCK_SHARDED,buffer_type=BufferType::L1,shard_spec=ShardSpec(grid={[(x=0,y=0) - (x=7,y=3)]},shape={32, 160},orientation=ShardOrientation::ROW_MAJOR),nd_shard_spec=NdShardSpec(shard_shape=Shape([32, 160]),grid={[(x=0,y=0) - (x=7,y=3)]},orientation=ShardOrientation::ROW_MAJOR,shard_distribution_strategy=ShardDistributionStrategy::GRID_2D),created_with_nd_shard_spec=0) and provided MemoryConfig(memory_layout=TensorMemoryLayout::BLOCK_SHARDED,buffer_type=BufferType::L1,shard_spec=ShardSpec(grid={[(x=0,y=0) - (x=7,y=7)]},shape={32, 160},orientation=ShardOrientation::ROW_MAJOR),nd_shard_spec=std::nullopt,created_with_nd_shard_spec=0) mem config. Using computed config. (matmul_op.cpp:1674)
2026-05-29 10:53:44.522 | INFO     | models.demos.wormhole.stable_diffusion.tt.ttnn_functional_unet_2d_condition_model_new_conv:__call__:491 - Up block 0
2026-05-29 10:53:44.523 | INFO     | models.demos.wormhole.stable_diffusion.tt.ttnn_functional_unet_2d_condition_model_new_conv:__call__:491 - Up block 1
2026-05-29 10:53:44.528 | INFO     | models.demos.wormhole.stable_diffusion.tt.ttnn_functional_unet_2d_condition_model_new_conv:__call__:491 - Up block 2
2026-05-29 10:53:44.536 | INFO     | models.demos.wormhole.stable_diffusion.tt.ttnn_functional_unet_2d_condition_model_new_conv:__call__:491 - Up block 3
2026-05-29 10:53:44.557 | INFO     | models.demos.wormhole.stable_diffusion.tt.ttnn_functional_unet_2d_condition_model_new_conv:__call__:406 - Down block 0
2026-05-29 10:53:44.562 | info     |              Op | act_block_h_override 2 is not a valid override for padded_output_height_ntiles_per_core 7, instead 1 was selected as closest valid option! (conv2d_utils.cpp:401)
2026-05-29 10:53:44.563 | INFO     | models.demos.wormhole.stable_diffusion.tt.ttnn_functional_unet_2d_condition_model_new_conv:__call__:406 - Down block 1
2026-05-29 10:53:44.568 | INFO     | models.demos.wormhole.stable_diffusion.tt.ttnn_functional_unet_2d_condition_model_new_conv:__call__:406 - Down block 2
2026-05-29 10:53:44.571 | INFO     | models.demos.wormhole.stable_diffusion.tt.ttnn_functional_unet_2d_condition_model_new_conv:__call__:406 - Down block 3
2026-05-29 10:53:44.572 | INFO     | models.demos.wormhole.stable_diffusion.tt.ttnn_functional_unet_2d_condition_model_new_conv:__call__:460 - Mid block
2026-05-29 10:53:44.573 | warning  |              Op | Mismatch between computed MemoryConfig(memory_layout=TensorMemoryLayout::BLOCK_SHARDED,buffer_type=BufferType::L1,shard_spec=ShardSpec(grid={[(x=0,y=0) - (x=7,y=3)]},shape={32, 160},orientation=ShardOrientation::ROW_MAJOR),nd_shard_spec=NdShardSpec(shard_shape=Shape([32, 160]),grid={[(x=0,y=0) - (x=7,y=3)]},orientation=ShardOrientation::ROW_MAJOR,shard_distribution_strategy=ShardDistributionStrategy::GRID_2D),created_with_nd_shard_spec=0) and provided MemoryConfig(memory_layout=TensorMemoryLayout::BLOCK_SHARDED,buffer_type=BufferType::L1,shard_spec=ShardSpec(grid={[(x=0,y=0) - (x=7,y=7)]},shape={32, 160},orientation=ShardOrientation::ROW_MAJOR),nd_shard_spec=std::nullopt,created_with_nd_shard_spec=0) mem config. Using computed config. (matmul_op.cpp:1674)
2026-05-29 10:53:44.574 | INFO     | models.demos.wormhole.stable_diffusion.tt.ttnn_functional_unet_2d_condition_model_new_conv:__call__:491 - Up block 0
2026-05-29 10:53:44.575 | INFO     | models.demos.wormhole.stable_diffusion.tt.ttnn_functional_unet_2d_condition_model_new_conv:__call__:491 - Up block 1
2026-05-29 10:53:44.580 | INFO     | models.demos.wormhole.stable_diffusion.tt.ttnn_functional_unet_2d_condition_model_new_conv:__call__:491 - Up block 2
2026-05-29 10:53:44.588 | INFO     | models.demos.wormhole.stable_diffusion.tt.ttnn_functional_unet_2d_condition_model_new_conv:__call__:491 - Up block 3
  Step 24/41
2026-05-29 10:53:44.611 | INFO     | models.demos.wormhole.stable_diffusion.tt.ttnn_functional_unet_2d_condition_model_new_conv:__call__:406 - Down block 0
2026-05-29 10:53:44.616 | info     |              Op | act_block_h_override 2 is not a valid override for padded_output_height_ntiles_per_core 7, instead 1 was selected as closest valid option! (conv2d_utils.cpp:401)
2026-05-29 10:53:44.617 | INFO     | models.demos.wormhole.stable_diffusion.tt.ttnn_functional_unet_2d_condition_model_new_conv:__call__:406 - Down block 1
2026-05-29 10:53:44.622 | INFO     | models.demos.wormhole.stable_diffusion.tt.ttnn_functional_unet_2d_condition_model_new_conv:__call__:406 - Down block 2
2026-05-29 10:53:44.625 | INFO     | models.demos.wormhole.stable_diffusion.tt.ttnn_functional_unet_2d_condition_model_new_conv:__call__:406 - Down block 3
2026-05-29 10:53:44.626 | INFO     | models.demos.wormhole.stable_diffusion.tt.ttnn_functional_unet_2d_condition_model_new_conv:__call__:460 - Mid block
2026-05-29 10:53:44.627 | warning  |              Op | Mismatch between computed MemoryConfig(memory_layout=TensorMemoryLayout::BLOCK_SHARDED,buffer_type=BufferType::L1,shard_spec=ShardSpec(grid={[(x=0,y=0) - (x=7,y=3)]},shape={32, 160},orientation=ShardOrientation::ROW_MAJOR),nd_shard_spec=NdShardSpec(shard_shape=Shape([32, 160]),grid={[(x=0,y=0) - (x=7,y=3)]},orientation=ShardOrientation::ROW_MAJOR,shard_distribution_strategy=ShardDistributionStrategy::GRID_2D),created_with_nd_shard_spec=0) and provided MemoryConfig(memory_layout=TensorMemoryLayout::BLOCK_SHARDED,buffer_type=BufferType::L1,shard_spec=ShardSpec(grid={[(x=0,y=0) - (x=7,y=7)]},shape={32, 160},orientation=ShardOrientation::ROW_MAJOR),nd_shard_spec=std::nullopt,created_with_nd_shard_spec=0) mem config. Using computed config. (matmul_op.cpp:1674)
2026-05-29 10:53:44.628 | INFO     | models.demos.wormhole.stable_diffusion.tt.ttnn_functional_unet_2d_condition_model_new_conv:__call__:491 - Up block 0
2026-05-29 10:53:44.629 | INFO     | models.demos.wormhole.stable_diffusion.tt.ttnn_functional_unet_2d_condition_model_new_conv:__call__:491 - Up block 1
2026-05-29 10:53:44.634 | INFO     | models.demos.wormhole.stable_diffusion.tt.ttnn_functional_unet_2d_condition_model_new_conv:__call__:491 - Up block 2
2026-05-29 10:53:44.642 | INFO     | models.demos.wormhole.stable_diffusion.tt.ttnn_functional_unet_2d_condition_model_new_conv:__call__:491 - Up block 3
2026-05-29 10:53:44.662 | INFO     | models.demos.wormhole.stable_diffusion.tt.ttnn_functional_unet_2d_condition_model_new_conv:__call__:406 - Down block 0
2026-05-29 10:53:44.668 | info     |              Op | act_block_h_override 2 is not a valid override for padded_output_height_ntiles_per_core 7, instead 1 was selected as closest valid option! (conv2d_utils.cpp:401)
2026-05-29 10:53:44.668 | INFO     | models.demos.wormhole.stable_diffusion.tt.ttnn_functional_unet_2d_condition_model_new_conv:__call__:406 - Down block 1
2026-05-29 10:53:44.674 | INFO     | models.demos.wormhole.stable_diffusion.tt.ttnn_functional_unet_2d_condition_model_new_conv:__call__:406 - Down block 2
2026-05-29 10:53:44.677 | INFO     | models.demos.wormhole.stable_diffusion.tt.ttnn_functional_unet_2d_condition_model_new_conv:__call__:406 - Down block 3
2026-05-29 10:53:44.678 | INFO     | models.demos.wormhole.stable_diffusion.tt.ttnn_functional_unet_2d_condition_model_new_conv:__call__:460 - Mid block
2026-05-29 10:53:44.678 | warning  |              Op | Mismatch between computed MemoryConfig(memory_layout=TensorMemoryLayout::BLOCK_SHARDED,buffer_type=BufferType::L1,shard_spec=ShardSpec(grid={[(x=0,y=0) - (x=7,y=3)]},shape={32, 160},orientation=ShardOrientation::ROW_MAJOR),nd_shard_spec=NdShardSpec(shard_shape=Shape([32, 160]),grid={[(x=0,y=0) - (x=7,y=3)]},orientation=ShardOrientation::ROW_MAJOR,shard_distribution_strategy=ShardDistributionStrategy::GRID_2D),created_with_nd_shard_spec=0) and provided MemoryConfig(memory_layout=TensorMemoryLayout::BLOCK_SHARDED,buffer_type=BufferType::L1,shard_spec=ShardSpec(grid={[(x=0,y=0) - (x=7,y=7)]},shape={32, 160},orientation=ShardOrientation::ROW_MAJOR),nd_shard_spec=std::nullopt,created_with_nd_shard_spec=0) mem config. Using computed config. (matmul_op.cpp:1674)
2026-05-29 10:53:44.680 | INFO     | models.demos.wormhole.stable_diffusion.tt.ttnn_functional_unet_2d_condition_model_new_conv:__call__:491 - Up block 0
2026-05-29 10:53:44.681 | INFO     | models.demos.wormhole.stable_diffusion.tt.ttnn_functional_unet_2d_condition_model_new_conv:__call__:491 - Up block 1
2026-05-29 10:53:44.686 | INFO     | models.demos.wormhole.stable_diffusion.tt.ttnn_functional_unet_2d_condition_model_new_conv:__call__:491 - Up block 2
2026-05-29 10:53:44.694 | INFO     | models.demos.wormhole.stable_diffusion.tt.ttnn_functional_unet_2d_condition_model_new_conv:__call__:491 - Up block 3
2026-05-29 10:53:44.714 | INFO     | models.demos.wormhole.stable_diffusion.tt.ttnn_functional_unet_2d_condition_model_new_conv:__call__:406 - Down block 0
2026-05-29 10:53:44.720 | info     |              Op | act_block_h_override 2 is not a valid override for padded_output_height_ntiles_per_core 7, instead 1 was selected as closest valid option! (conv2d_utils.cpp:401)
2026-05-29 10:53:44.720 | INFO     | models.demos.wormhole.stable_diffusion.tt.ttnn_functional_unet_2d_condition_model_new_conv:__call__:406 - Down block 1
2026-05-29 10:53:44.725 | INFO     | models.demos.wormhole.stable_diffusion.tt.ttnn_functional_unet_2d_condition_model_new_conv:__call__:406 - Down block 2
2026-05-29 10:53:44.729 | INFO     | models.demos.wormhole.stable_diffusion.tt.ttnn_functional_unet_2d_condition_model_new_conv:__call__:406 - Down block 3
2026-05-29 10:53:44.729 | INFO     | models.demos.wormhole.stable_diffusion.tt.ttnn_functional_unet_2d_condition_model_new_conv:__call__:460 - Mid block
2026-05-29 10:53:44.730 | warning  |              Op | Mismatch between computed MemoryConfig(memory_layout=TensorMemoryLayout::BLOCK_SHARDED,buffer_type=BufferType::L1,shard_spec=ShardSpec(grid={[(x=0,y=0) - (x=7,y=3)]},shape={32, 160},orientation=ShardOrientation::ROW_MAJOR),nd_shard_spec=NdShardSpec(shard_shape=Shape([32, 160]),grid={[(x=0,y=0) - (x=7,y=3)]},orientation=ShardOrientation::ROW_MAJOR,shard_distribution_strategy=ShardDistributionStrategy::GRID_2D),created_with_nd_shard_spec=0) and provided MemoryConfig(memory_layout=TensorMemoryLayout::BLOCK_SHARDED,buffer_type=BufferType::L1,shard_spec=ShardSpec(grid={[(x=0,y=0) - (x=7,y=7)]},shape={32, 160},orientation=ShardOrientation::ROW_MAJOR),nd_shard_spec=std::nullopt,created_with_nd_shard_spec=0) mem config. Using computed config. (matmul_op.cpp:1674)
2026-05-29 10:53:44.731 | INFO     | models.demos.wormhole.stable_diffusion.tt.ttnn_functional_unet_2d_condition_model_new_conv:__call__:491 - Up block 0
2026-05-29 10:53:44.733 | INFO     | models.demos.wormhole.stable_diffusion.tt.ttnn_functional_unet_2d_condition_model_new_conv:__call__:491 - Up block 1
2026-05-29 10:53:44.737 | INFO     | models.demos.wormhole.stable_diffusion.tt.ttnn_functional_unet_2d_condition_model_new_conv:__call__:491 - Up block 2
2026-05-29 10:53:44.745 | INFO     | models.demos.wormhole.stable_diffusion.tt.ttnn_functional_unet_2d_condition_model_new_conv:__call__:491 - Up block 3
2026-05-29 10:53:44.766 | INFO     | models.demos.wormhole.stable_diffusion.tt.ttnn_functional_unet_2d_condition_model_new_conv:__call__:406 - Down block 0
2026-05-29 10:53:44.772 | info     |              Op | act_block_h_override 2 is not a valid override for padded_output_height_ntiles_per_core 7, instead 1 was selected as closest valid option! (conv2d_utils.cpp:401)
2026-05-29 10:53:44.773 | INFO     | models.demos.wormhole.stable_diffusion.tt.ttnn_functional_unet_2d_condition_model_new_conv:__call__:406 - Down block 1
2026-05-29 10:53:44.778 | INFO     | models.demos.wormhole.stable_diffusion.tt.ttnn_functional_unet_2d_condition_model_new_conv:__call__:406 - Down block 2
2026-05-29 10:53:44.782 | INFO     | models.demos.wormhole.stable_diffusion.tt.ttnn_functional_unet_2d_condition_model_new_conv:__call__:406 - Down block 3
2026-05-29 10:53:44.783 | INFO     | models.demos.wormhole.stable_diffusion.tt.ttnn_functional_unet_2d_condition_model_new_conv:__call__:460 - Mid block
2026-05-29 10:53:44.783 | warning  |              Op | Mismatch between computed MemoryConfig(memory_layout=TensorMemoryLayout::BLOCK_SHARDED,buffer_type=BufferType::L1,shard_spec=ShardSpec(grid={[(x=0,y=0) - (x=7,y=3)]},shape={32, 160},orientation=ShardOrientation::ROW_MAJOR),nd_shard_spec=NdShardSpec(shard_shape=Shape([32, 160]),grid={[(x=0,y=0) - (x=7,y=3)]},orientation=ShardOrientation::ROW_MAJOR,shard_distribution_strategy=ShardDistributionStrategy::GRID_2D),created_with_nd_shard_spec=0) and provided MemoryConfig(memory_layout=TensorMemoryLayout::BLOCK_SHARDED,buffer_type=BufferType::L1,shard_spec=ShardSpec(grid={[(x=0,y=0) - (x=7,y=7)]},shape={32, 160},orientation=ShardOrientation::ROW_MAJOR),nd_shard_spec=std::nullopt,created_with_nd_shard_spec=0) mem config. Using computed config. (matmul_op.cpp:1674)
2026-05-29 10:53:44.785 | INFO     | models.demos.wormhole.stable_diffusion.tt.ttnn_functional_unet_2d_condition_model_new_conv:__call__:491 - Up block 0
2026-05-29 10:53:44.786 | INFO     | models.demos.wormhole.stable_diffusion.tt.ttnn_functional_unet_2d_condition_model_new_conv:__call__:491 - Up block 1
2026-05-29 10:53:44.791 | INFO     | models.demos.wormhole.stable_diffusion.tt.ttnn_functional_unet_2d_condition_model_new_conv:__call__:491 - Up block 2
2026-05-29 10:53:44.799 | INFO     | models.demos.wormhole.stable_diffusion.tt.ttnn_functional_unet_2d_condition_model_new_conv:__call__:491 - Up block 3
2026-05-29 10:53:44.820 | INFO     | models.demos.wormhole.stable_diffusion.tt.ttnn_functional_unet_2d_condition_model_new_conv:__call__:406 - Down block 0
2026-05-29 10:53:44.825 | info     |              Op | act_block_h_override 2 is not a valid override for padded_output_height_ntiles_per_core 7, instead 1 was selected as closest valid option! (conv2d_utils.cpp:401)
2026-05-29 10:53:44.826 | INFO     | models.demos.wormhole.stable_diffusion.tt.ttnn_functional_unet_2d_condition_model_new_conv:__call__:406 - Down block 1
2026-05-29 10:53:44.831 | INFO     | models.demos.wormhole.stable_diffusion.tt.ttnn_functional_unet_2d_condition_model_new_conv:__call__:406 - Down block 2
2026-05-29 10:53:44.835 | INFO     | models.demos.wormhole.stable_diffusion.tt.ttnn_functional_unet_2d_condition_model_new_conv:__call__:406 - Down block 3
2026-05-29 10:53:44.835 | INFO     | models.demos.wormhole.stable_diffusion.tt.ttnn_functional_unet_2d_condition_model_new_conv:__call__:460 - Mid block
2026-05-29 10:53:44.836 | warning  |              Op | Mismatch between computed MemoryConfig(memory_layout=TensorMemoryLayout::BLOCK_SHARDED,buffer_type=BufferType::L1,shard_spec=ShardSpec(grid={[(x=0,y=0) - (x=7,y=3)]},shape={32, 160},orientation=ShardOrientation::ROW_MAJOR),nd_shard_spec=NdShardSpec(shard_shape=Shape([32, 160]),grid={[(x=0,y=0) - (x=7,y=3)]},orientation=ShardOrientation::ROW_MAJOR,shard_distribution_strategy=ShardDistributionStrategy::GRID_2D),created_with_nd_shard_spec=0) and provided MemoryConfig(memory_layout=TensorMemoryLayout::BLOCK_SHARDED,buffer_type=BufferType::L1,shard_spec=ShardSpec(grid={[(x=0,y=0) - (x=7,y=7)]},shape={32, 160},orientation=ShardOrientation::ROW_MAJOR),nd_shard_spec=std::nullopt,created_with_nd_shard_spec=0) mem config. Using computed config. (matmul_op.cpp:1674)
2026-05-29 10:53:44.837 | INFO     | models.demos.wormhole.stable_diffusion.tt.ttnn_functional_unet_2d_condition_model_new_conv:__call__:491 - Up block 0
2026-05-29 10:53:44.839 | INFO     | models.demos.wormhole.stable_diffusion.tt.ttnn_functional_unet_2d_condition_model_new_conv:__call__:491 - Up block 1
2026-05-29 10:53:44.844 | INFO     | models.demos.wormhole.stable_diffusion.tt.ttnn_functional_unet_2d_condition_model_new_conv:__call__:491 - Up block 2
2026-05-29 10:53:44.852 | INFO     | models.demos.wormhole.stable_diffusion.tt.ttnn_functional_unet_2d_condition_model_new_conv:__call__:491 - Up block 3
2026-05-29 10:53:44.872 | INFO     | models.demos.wormhole.stable_diffusion.tt.ttnn_functional_unet_2d_condition_model_new_conv:__call__:406 - Down block 0
2026-05-29 10:53:44.878 | info     |              Op | act_block_h_override 2 is not a valid override for padded_output_height_ntiles_per_core 7, instead 1 was selected as closest valid option! (conv2d_utils.cpp:401)
2026-05-29 10:53:44.878 | INFO     | models.demos.wormhole.stable_diffusion.tt.ttnn_functional_unet_2d_condition_model_new_conv:__call__:406 - Down block 1
2026-05-29 10:53:44.883 | INFO     | models.demos.wormhole.stable_diffusion.tt.ttnn_functional_unet_2d_condition_model_new_conv:__call__:406 - Down block 2
2026-05-29 10:53:44.887 | INFO     | models.demos.wormhole.stable_diffusion.tt.ttnn_functional_unet_2d_condition_model_new_conv:__call__:406 - Down block 3
2026-05-29 10:53:44.888 | INFO     | models.demos.wormhole.stable_diffusion.tt.ttnn_functional_unet_2d_condition_model_new_conv:__call__:460 - Mid block
2026-05-29 10:53:44.888 | warning  |              Op | Mismatch between computed MemoryConfig(memory_layout=TensorMemoryLayout::BLOCK_SHARDED,buffer_type=BufferType::L1,shard_spec=ShardSpec(grid={[(x=0,y=0) - (x=7,y=3)]},shape={32, 160},orientation=ShardOrientation::ROW_MAJOR),nd_shard_spec=NdShardSpec(shard_shape=Shape([32, 160]),grid={[(x=0,y=0) - (x=7,y=3)]},orientation=ShardOrientation::ROW_MAJOR,shard_distribution_strategy=ShardDistributionStrategy::GRID_2D),created_with_nd_shard_spec=0) and provided MemoryConfig(memory_layout=TensorMemoryLayout::BLOCK_SHARDED,buffer_type=BufferType::L1,shard_spec=ShardSpec(grid={[(x=0,y=0) - (x=7,y=7)]},shape={32, 160},orientation=ShardOrientation::ROW_MAJOR),nd_shard_spec=std::nullopt,created_with_nd_shard_spec=0) mem config. Using computed config. (matmul_op.cpp:1674)
2026-05-29 10:53:44.889 | INFO     | models.demos.wormhole.stable_diffusion.tt.ttnn_functional_unet_2d_condition_model_new_conv:__call__:491 - Up block 0
2026-05-29 10:53:44.891 | INFO     | models.demos.wormhole.stable_diffusion.tt.ttnn_functional_unet_2d_condition_model_new_conv:__call__:491 - Up block 1
2026-05-29 10:53:44.896 | INFO     | models.demos.wormhole.stable_diffusion.tt.ttnn_functional_unet_2d_condition_model_new_conv:__call__:491 - Up block 2
2026-05-29 10:53:44.904 | INFO     | models.demos.wormhole.stable_diffusion.tt.ttnn_functional_unet_2d_condition_model_new_conv:__call__:491 - Up block 3
2026-05-29 10:53:44.924 | INFO     | models.demos.wormhole.stable_diffusion.tt.ttnn_functional_unet_2d_condition_model_new_conv:__call__:406 - Down block 0
2026-05-29 10:53:44.930 | info     |              Op | act_block_h_override 2 is not a valid override for padded_output_height_ntiles_per_core 7, instead 1 was selected as closest valid option! (conv2d_utils.cpp:401)
2026-05-29 10:53:44.930 | INFO     | models.demos.wormhole.stable_diffusion.tt.ttnn_functional_unet_2d_condition_model_new_conv:__call__:406 - Down block 1
2026-05-29 10:53:44.936 | INFO     | models.demos.wormhole.stable_diffusion.tt.ttnn_functional_unet_2d_condition_model_new_conv:__call__:406 - Down block 2
2026-05-29 10:53:44.939 | INFO     | models.demos.wormhole.stable_diffusion.tt.ttnn_functional_unet_2d_condition_model_new_conv:__call__:406 - Down block 3
2026-05-29 10:53:44.940 | INFO     | models.demos.wormhole.stable_diffusion.tt.ttnn_functional_unet_2d_condition_model_new_conv:__call__:460 - Mid block
2026-05-29 10:53:44.940 | warning  |              Op | Mismatch between computed MemoryConfig(memory_layout=TensorMemoryLayout::BLOCK_SHARDED,buffer_type=BufferType::L1,shard_spec=ShardSpec(grid={[(x=0,y=0) - (x=7,y=3)]},shape={32, 160},orientation=ShardOrientation::ROW_MAJOR),nd_shard_spec=NdShardSpec(shard_shape=Shape([32, 160]),grid={[(x=0,y=0) - (x=7,y=3)]},orientation=ShardOrientation::ROW_MAJOR,shard_distribution_strategy=ShardDistributionStrategy::GRID_2D),created_with_nd_shard_spec=0) and provided MemoryConfig(memory_layout=TensorMemoryLayout::BLOCK_SHARDED,buffer_type=BufferType::L1,shard_spec=ShardSpec(grid={[(x=0,y=0) - (x=7,y=7)]},shape={32, 160},orientation=ShardOrientation::ROW_MAJOR),nd_shard_spec=std::nullopt,created_with_nd_shard_spec=0) mem config. Using computed config. (matmul_op.cpp:1674)
2026-05-29 10:53:44.942 | INFO     | models.demos.wormhole.stable_diffusion.tt.ttnn_functional_unet_2d_condition_model_new_conv:__call__:491 - Up block 0
2026-05-29 10:53:44.943 | INFO     | models.demos.wormhole.stable_diffusion.tt.ttnn_functional_unet_2d_condition_model_new_conv:__call__:491 - Up block 1
2026-05-29 10:53:44.948 | INFO     | models.demos.wormhole.stable_diffusion.tt.ttnn_functional_unet_2d_condition_model_new_conv:__call__:491 - Up block 2
2026-05-29 10:53:44.956 | INFO     | models.demos.wormhole.stable_diffusion.tt.ttnn_functional_unet_2d_condition_model_new_conv:__call__:491 - Up block 3
2026-05-29 10:53:44.976 | INFO     | models.demos.wormhole.stable_diffusion.tt.ttnn_functional_unet_2d_condition_model_new_conv:__call__:406 - Down block 0
2026-05-29 10:53:44.982 | info     |              Op | act_block_h_override 2 is not a valid override for padded_output_height_ntiles_per_core 7, instead 1 was selected as closest valid option! (conv2d_utils.cpp:401)
2026-05-29 10:53:44.982 | INFO     | models.demos.wormhole.stable_diffusion.tt.ttnn_functional_unet_2d_condition_model_new_conv:__call__:406 - Down block 1
2026-05-29 10:53:44.987 | INFO     | models.demos.wormhole.stable_diffusion.tt.ttnn_functional_unet_2d_condition_model_new_conv:__call__:406 - Down block 2
2026-05-29 10:53:44.991 | INFO     | models.demos.wormhole.stable_diffusion.tt.ttnn_functional_unet_2d_condition_model_new_conv:__call__:406 - Down block 3
2026-05-29 10:53:44.991 | INFO     | models.demos.wormhole.stable_diffusion.tt.ttnn_functional_unet_2d_condition_model_new_conv:__call__:460 - Mid block
2026-05-29 10:53:44.992 | warning  |              Op | Mismatch between computed MemoryConfig(memory_layout=TensorMemoryLayout::BLOCK_SHARDED,buffer_type=BufferType::L1,shard_spec=ShardSpec(grid={[(x=0,y=0) - (x=7,y=3)]},shape={32, 160},orientation=ShardOrientation::ROW_MAJOR),nd_shard_spec=NdShardSpec(shard_shape=Shape([32, 160]),grid={[(x=0,y=0) - (x=7,y=3)]},orientation=ShardOrientation::ROW_MAJOR,shard_distribution_strategy=ShardDistributionStrategy::GRID_2D),created_with_nd_shard_spec=0) and provided MemoryConfig(memory_layout=TensorMemoryLayout::BLOCK_SHARDED,buffer_type=BufferType::L1,shard_spec=ShardSpec(grid={[(x=0,y=0) - (x=7,y=7)]},shape={32, 160},orientation=ShardOrientation::ROW_MAJOR),nd_shard_spec=std::nullopt,created_with_nd_shard_spec=0) mem config. Using computed config. (matmul_op.cpp:1674)
2026-05-29 10:53:44.993 | INFO     | models.demos.wormhole.stable_diffusion.tt.ttnn_functional_unet_2d_condition_model_new_conv:__call__:491 - Up block 0
2026-05-29 10:53:44.994 | INFO     | models.demos.wormhole.stable_diffusion.tt.ttnn_functional_unet_2d_condition_model_new_conv:__call__:491 - Up block 1
2026-05-29 10:53:44.999 | INFO     | models.demos.wormhole.stable_diffusion.tt.ttnn_functional_unet_2d_condition_model_new_conv:__call__:491 - Up block 2
2026-05-29 10:53:45.007 | INFO     | models.demos.wormhole.stable_diffusion.tt.ttnn_functional_unet_2d_condition_model_new_conv:__call__:491 - Up block 3
  Step 25/41
2026-05-29 10:53:45.031 | INFO     | models.demos.wormhole.stable_diffusion.tt.ttnn_functional_unet_2d_condition_model_new_conv:__call__:406 - Down block 0
2026-05-29 10:53:45.037 | info     |              Op | act_block_h_override 2 is not a valid override for padded_output_height_ntiles_per_core 7, instead 1 was selected as closest valid option! (conv2d_utils.cpp:401)
2026-05-29 10:53:45.037 | INFO     | models.demos.wormhole.stable_diffusion.tt.ttnn_functional_unet_2d_condition_model_new_conv:__call__:406 - Down block 1
2026-05-29 10:53:45.043 | INFO     | models.demos.wormhole.stable_diffusion.tt.ttnn_functional_unet_2d_condition_model_new_conv:__call__:406 - Down block 2
2026-05-29 10:53:45.047 | INFO     | models.demos.wormhole.stable_diffusion.tt.ttnn_functional_unet_2d_condition_model_new_conv:__call__:406 - Down block 3
2026-05-29 10:53:45.047 | INFO     | models.demos.wormhole.stable_diffusion.tt.ttnn_functional_unet_2d_condition_model_new_conv:__call__:460 - Mid block
2026-05-29 10:53:45.048 | warning  |              Op | Mismatch between computed MemoryConfig(memory_layout=TensorMemoryLayout::BLOCK_SHARDED,buffer_type=BufferType::L1,shard_spec=ShardSpec(grid={[(x=0,y=0) - (x=7,y=3)]},shape={32, 160},orientation=ShardOrientation::ROW_MAJOR),nd_shard_spec=NdShardSpec(shard_shape=Shape([32, 160]),grid={[(x=0,y=0) - (x=7,y=3)]},orientation=ShardOrientation::ROW_MAJOR,shard_distribution_strategy=ShardDistributionStrategy::GRID_2D),created_with_nd_shard_spec=0) and provided MemoryConfig(memory_layout=TensorMemoryLayout::BLOCK_SHARDED,buffer_type=BufferType::L1,shard_spec=ShardSpec(grid={[(x=0,y=0) - (x=7,y=7)]},shape={32, 160},orientation=ShardOrientation::ROW_MAJOR),nd_shard_spec=std::nullopt,created_with_nd_shard_spec=0) mem config. Using computed config. (matmul_op.cpp:1674)
2026-05-29 10:53:45.049 | INFO     | models.demos.wormhole.stable_diffusion.tt.ttnn_functional_unet_2d_condition_model_new_conv:__call__:491 - Up block 0
2026-05-29 10:53:45.051 | INFO     | models.demos.wormhole.stable_diffusion.tt.ttnn_functional_unet_2d_condition_model_new_conv:__call__:491 - Up block 1
2026-05-29 10:53:45.056 | INFO     | models.demos.wormhole.stable_diffusion.tt.ttnn_functional_unet_2d_condition_model_new_conv:__call__:491 - Up block 2
2026-05-29 10:53:45.064 | INFO     | models.demos.wormhole.stable_diffusion.tt.ttnn_functional_unet_2d_condition_model_new_conv:__call__:491 - Up block 3
2026-05-29 10:53:45.084 | INFO     | models.demos.wormhole.stable_diffusion.tt.ttnn_functional_unet_2d_condition_model_new_conv:__call__:406 - Down block 0
2026-05-29 10:53:45.090 | info     |              Op | act_block_h_override 2 is not a valid override for padded_output_height_ntiles_per_core 7, instead 1 was selected as closest valid option! (conv2d_utils.cpp:401)
2026-05-29 10:53:45.090 | INFO     | models.demos.wormhole.stable_diffusion.tt.ttnn_functional_unet_2d_condition_model_new_conv:__call__:406 - Down block 1
2026-05-29 10:53:45.095 | INFO     | models.demos.wormhole.stable_diffusion.tt.ttnn_functional_unet_2d_condition_model_new_conv:__call__:406 - Down block 2
2026-05-29 10:53:45.099 | INFO     | models.demos.wormhole.stable_diffusion.tt.ttnn_functional_unet_2d_condition_model_new_conv:__call__:406 - Down block 3
2026-05-29 10:53:45.099 | INFO     | models.demos.wormhole.stable_diffusion.tt.ttnn_functional_unet_2d_condition_model_new_conv:__call__:460 - Mid block
2026-05-29 10:53:45.100 | warning  |              Op | Mismatch between computed MemoryConfig(memory_layout=TensorMemoryLayout::BLOCK_SHARDED,buffer_type=BufferType::L1,shard_spec=ShardSpec(grid={[(x=0,y=0) - (x=7,y=3)]},shape={32, 160},orientation=ShardOrientation::ROW_MAJOR),nd_shard_spec=NdShardSpec(shard_shape=Shape([32, 160]),grid={[(x=0,y=0) - (x=7,y=3)]},orientation=ShardOrientation::ROW_MAJOR,shard_distribution_strategy=ShardDistributionStrategy::GRID_2D),created_with_nd_shard_spec=0) and provided MemoryConfig(memory_layout=TensorMemoryLayout::BLOCK_SHARDED,buffer_type=BufferType::L1,shard_spec=ShardSpec(grid={[(x=0,y=0) - (x=7,y=7)]},shape={32, 160},orientation=ShardOrientation::ROW_MAJOR),nd_shard_spec=std::nullopt,created_with_nd_shard_spec=0) mem config. Using computed config. (matmul_op.cpp:1674)
2026-05-29 10:53:45.101 | INFO     | models.demos.wormhole.stable_diffusion.tt.ttnn_functional_unet_2d_condition_model_new_conv:__call__:491 - Up block 0
2026-05-29 10:53:45.102 | INFO     | models.demos.wormhole.stable_diffusion.tt.ttnn_functional_unet_2d_condition_model_new_conv:__call__:491 - Up block 1
2026-05-29 10:53:45.107 | INFO     | models.demos.wormhole.stable_diffusion.tt.ttnn_functional_unet_2d_condition_model_new_conv:__call__:491 - Up block 2
2026-05-29 10:53:45.115 | INFO     | models.demos.wormhole.stable_diffusion.tt.ttnn_functional_unet_2d_condition_model_new_conv:__call__:491 - Up block 3
2026-05-29 10:53:45.136 | INFO     | models.demos.wormhole.stable_diffusion.tt.ttnn_functional_unet_2d_condition_model_new_conv:__call__:406 - Down block 0
2026-05-29 10:53:45.142 | info     |              Op | act_block_h_override 2 is not a valid override for padded_output_height_ntiles_per_core 7, instead 1 was selected as closest valid option! (conv2d_utils.cpp:401)
2026-05-29 10:53:45.142 | INFO     | models.demos.wormhole.stable_diffusion.tt.ttnn_functional_unet_2d_condition_model_new_conv:__call__:406 - Down block 1
2026-05-29 10:53:45.147 | INFO     | models.demos.wormhole.stable_diffusion.tt.ttnn_functional_unet_2d_condition_model_new_conv:__call__:406 - Down block 2
2026-05-29 10:53:45.151 | INFO     | models.demos.wormhole.stable_diffusion.tt.ttnn_functional_unet_2d_condition_model_new_conv:__call__:406 - Down block 3
2026-05-29 10:53:45.152 | INFO     | models.demos.wormhole.stable_diffusion.tt.ttnn_functional_unet_2d_condition_model_new_conv:__call__:460 - Mid block
2026-05-29 10:53:45.152 | warning  |              Op | Mismatch between computed MemoryConfig(memory_layout=TensorMemoryLayout::BLOCK_SHARDED,buffer_type=BufferType::L1,shard_spec=ShardSpec(grid={[(x=0,y=0) - (x=7,y=3)]},shape={32, 160},orientation=ShardOrientation::ROW_MAJOR),nd_shard_spec=NdShardSpec(shard_shape=Shape([32, 160]),grid={[(x=0,y=0) - (x=7,y=3)]},orientation=ShardOrientation::ROW_MAJOR,shard_distribution_strategy=ShardDistributionStrategy::GRID_2D),created_with_nd_shard_spec=0) and provided MemoryConfig(memory_layout=TensorMemoryLayout::BLOCK_SHARDED,buffer_type=BufferType::L1,shard_spec=ShardSpec(grid={[(x=0,y=0) - (x=7,y=7)]},shape={32, 160},orientation=ShardOrientation::ROW_MAJOR),nd_shard_spec=std::nullopt,created_with_nd_shard_spec=0) mem config. Using computed config. (matmul_op.cpp:1674)
2026-05-29 10:53:45.154 | INFO     | models.demos.wormhole.stable_diffusion.tt.ttnn_functional_unet_2d_condition_model_new_conv:__call__:491 - Up block 0
2026-05-29 10:53:45.155 | INFO     | models.demos.wormhole.stable_diffusion.tt.ttnn_functional_unet_2d_condition_model_new_conv:__call__:491 - Up block 1
2026-05-29 10:53:45.160 | INFO     | models.demos.wormhole.stable_diffusion.tt.ttnn_functional_unet_2d_condition_model_new_conv:__call__:491 - Up block 2
2026-05-29 10:53:45.168 | INFO     | models.demos.wormhole.stable_diffusion.tt.ttnn_functional_unet_2d_condition_model_new_conv:__call__:491 - Up block 3
2026-05-29 10:53:45.188 | INFO     | models.demos.wormhole.stable_diffusion.tt.ttnn_functional_unet_2d_condition_model_new_conv:__call__:406 - Down block 0
2026-05-29 10:53:45.194 | info     |              Op | act_block_h_override 2 is not a valid override for padded_output_height_ntiles_per_core 7, instead 1 was selected as closest valid option! (conv2d_utils.cpp:401)
2026-05-29 10:53:45.194 | INFO     | models.demos.wormhole.stable_diffusion.tt.ttnn_functional_unet_2d_condition_model_new_conv:__call__:406 - Down block 1
2026-05-29 10:53:45.200 | INFO     | models.demos.wormhole.stable_diffusion.tt.ttnn_functional_unet_2d_condition_model_new_conv:__call__:406 - Down block 2
2026-05-29 10:53:45.203 | INFO     | models.demos.wormhole.stable_diffusion.tt.ttnn_functional_unet_2d_condition_model_new_conv:__call__:406 - Down block 3
2026-05-29 10:53:45.204 | INFO     | models.demos.wormhole.stable_diffusion.tt.ttnn_functional_unet_2d_condition_model_new_conv:__call__:460 - Mid block
2026-05-29 10:53:45.204 | warning  |              Op | Mismatch between computed MemoryConfig(memory_layout=TensorMemoryLayout::BLOCK_SHARDED,buffer_type=BufferType::L1,shard_spec=ShardSpec(grid={[(x=0,y=0) - (x=7,y=3)]},shape={32, 160},orientation=ShardOrientation::ROW_MAJOR),nd_shard_spec=NdShardSpec(shard_shape=Shape([32, 160]),grid={[(x=0,y=0) - (x=7,y=3)]},orientation=ShardOrientation::ROW_MAJOR,shard_distribution_strategy=ShardDistributionStrategy::GRID_2D),created_with_nd_shard_spec=0) and provided MemoryConfig(memory_layout=TensorMemoryLayout::BLOCK_SHARDED,buffer_type=BufferType::L1,shard_spec=ShardSpec(grid={[(x=0,y=0) - (x=7,y=7)]},shape={32, 160},orientation=ShardOrientation::ROW_MAJOR),nd_shard_spec=std::nullopt,created_with_nd_shard_spec=0) mem config. Using computed config. (matmul_op.cpp:1674)
2026-05-29 10:53:45.205 | INFO     | models.demos.wormhole.stable_diffusion.tt.ttnn_functional_unet_2d_condition_model_new_conv:__call__:491 - Up block 0
2026-05-29 10:53:45.207 | INFO     | models.demos.wormhole.stable_diffusion.tt.ttnn_functional_unet_2d_condition_model_new_conv:__call__:491 - Up block 1
2026-05-29 10:53:45.211 | INFO     | models.demos.wormhole.stable_diffusion.tt.ttnn_functional_unet_2d_condition_model_new_conv:__call__:491 - Up block 2
2026-05-29 10:53:45.219 | INFO     | models.demos.wormhole.stable_diffusion.tt.ttnn_functional_unet_2d_condition_model_new_conv:__call__:491 - Up block 3
2026-05-29 10:53:45.241 | INFO     | models.demos.wormhole.stable_diffusion.tt.ttnn_functional_unet_2d_condition_model_new_conv:__call__:406 - Down block 0
2026-05-29 10:53:45.246 | info     |              Op | act_block_h_override 2 is not a valid override for padded_output_height_ntiles_per_core 7, instead 1 was selected as closest valid option! (conv2d_utils.cpp:401)
2026-05-29 10:53:45.246 | INFO     | models.demos.wormhole.stable_diffusion.tt.ttnn_functional_unet_2d_condition_model_new_conv:__call__:406 - Down block 1
2026-05-29 10:53:45.252 | INFO     | models.demos.wormhole.stable_diffusion.tt.ttnn_functional_unet_2d_condition_model_new_conv:__call__:406 - Down block 2
2026-05-29 10:53:45.255 | INFO     | models.demos.wormhole.stable_diffusion.tt.ttnn_functional_unet_2d_condition_model_new_conv:__call__:406 - Down block 3
2026-05-29 10:53:45.256 | INFO     | models.demos.wormhole.stable_diffusion.tt.ttnn_functional_unet_2d_condition_model_new_conv:__call__:460 - Mid block
2026-05-29 10:53:45.257 | warning  |              Op | Mismatch between computed MemoryConfig(memory_layout=TensorMemoryLayout::BLOCK_SHARDED,buffer_type=BufferType::L1,shard_spec=ShardSpec(grid={[(x=0,y=0) - (x=7,y=3)]},shape={32, 160},orientation=ShardOrientation::ROW_MAJOR),nd_shard_spec=NdShardSpec(shard_shape=Shape([32, 160]),grid={[(x=0,y=0) - (x=7,y=3)]},orientation=ShardOrientation::ROW_MAJOR,shard_distribution_strategy=ShardDistributionStrategy::GRID_2D),created_with_nd_shard_spec=0) and provided MemoryConfig(memory_layout=TensorMemoryLayout::BLOCK_SHARDED,buffer_type=BufferType::L1,shard_spec=ShardSpec(grid={[(x=0,y=0) - (x=7,y=7)]},shape={32, 160},orientation=ShardOrientation::ROW_MAJOR),nd_shard_spec=std::nullopt,created_with_nd_shard_spec=0) mem config. Using computed config. (matmul_op.cpp:1674)
2026-05-29 10:53:45.258 | INFO     | models.demos.wormhole.stable_diffusion.tt.ttnn_functional_unet_2d_condition_model_new_conv:__call__:491 - Up block 0
2026-05-29 10:53:45.259 | INFO     | models.demos.wormhole.stable_diffusion.tt.ttnn_functional_unet_2d_condition_model_new_conv:__call__:491 - Up block 1
2026-05-29 10:53:45.264 | INFO     | models.demos.wormhole.stable_diffusion.tt.ttnn_functional_unet_2d_condition_model_new_conv:__call__:491 - Up block 2
2026-05-29 10:53:45.273 | INFO     | models.demos.wormhole.stable_diffusion.tt.ttnn_functional_unet_2d_condition_model_new_conv:__call__:491 - Up block 3
2026-05-29 10:53:45.293 | INFO     | models.demos.wormhole.stable_diffusion.tt.ttnn_functional_unet_2d_condition_model_new_conv:__call__:406 - Down block 0
2026-05-29 10:53:45.298 | info     |              Op | act_block_h_override 2 is not a valid override for padded_output_height_ntiles_per_core 7, instead 1 was selected as closest valid option! (conv2d_utils.cpp:401)
2026-05-29 10:53:45.299 | INFO     | models.demos.wormhole.stable_diffusion.tt.ttnn_functional_unet_2d_condition_model_new_conv:__call__:406 - Down block 1
2026-05-29 10:53:45.304 | INFO     | models.demos.wormhole.stable_diffusion.tt.ttnn_functional_unet_2d_condition_model_new_conv:__call__:406 - Down block 2
2026-05-29 10:53:45.308 | INFO     | models.demos.wormhole.stable_diffusion.tt.ttnn_functional_unet_2d_condition_model_new_conv:__call__:406 - Down block 3
2026-05-29 10:53:45.308 | INFO     | models.demos.wormhole.stable_diffusion.tt.ttnn_functional_unet_2d_condition_model_new_conv:__call__:460 - Mid block
2026-05-29 10:53:45.309 | warning  |              Op | Mismatch between computed MemoryConfig(memory_layout=TensorMemoryLayout::BLOCK_SHARDED,buffer_type=BufferType::L1,shard_spec=ShardSpec(grid={[(x=0,y=0) - (x=7,y=3)]},shape={32, 160},orientation=ShardOrientation::ROW_MAJOR),nd_shard_spec=NdShardSpec(shard_shape=Shape([32, 160]),grid={[(x=0,y=0) - (x=7,y=3)]},orientation=ShardOrientation::ROW_MAJOR,shard_distribution_strategy=ShardDistributionStrategy::GRID_2D),created_with_nd_shard_spec=0) and provided MemoryConfig(memory_layout=TensorMemoryLayout::BLOCK_SHARDED,buffer_type=BufferType::L1,shard_spec=ShardSpec(grid={[(x=0,y=0) - (x=7,y=7)]},shape={32, 160},orientation=ShardOrientation::ROW_MAJOR),nd_shard_spec=std::nullopt,created_with_nd_shard_spec=0) mem config. Using computed config. (matmul_op.cpp:1674)
2026-05-29 10:53:45.310 | INFO     | models.demos.wormhole.stable_diffusion.tt.ttnn_functional_unet_2d_condition_model_new_conv:__call__:491 - Up block 0
2026-05-29 10:53:45.311 | INFO     | models.demos.wormhole.stable_diffusion.tt.ttnn_functional_unet_2d_condition_model_new_conv:__call__:491 - Up block 1
2026-05-29 10:53:45.316 | INFO     | models.demos.wormhole.stable_diffusion.tt.ttnn_functional_unet_2d_condition_model_new_conv:__call__:491 - Up block 2
2026-05-29 10:53:45.325 | INFO     | models.demos.wormhole.stable_diffusion.tt.ttnn_functional_unet_2d_condition_model_new_conv:__call__:491 - Up block 3
2026-05-29 10:53:45.345 | INFO     | models.demos.wormhole.stable_diffusion.tt.ttnn_functional_unet_2d_condition_model_new_conv:__call__:406 - Down block 0
2026-05-29 10:53:45.353 | info     |              Op | act_block_h_override 2 is not a valid override for padded_output_height_ntiles_per_core 7, instead 1 was selected as closest valid option! (conv2d_utils.cpp:401)
2026-05-29 10:53:45.353 | INFO     | models.demos.wormhole.stable_diffusion.tt.ttnn_functional_unet_2d_condition_model_new_conv:__call__:406 - Down block 1
2026-05-29 10:53:45.359 | INFO     | models.demos.wormhole.stable_diffusion.tt.ttnn_functional_unet_2d_condition_model_new_conv:__call__:406 - Down block 2
2026-05-29 10:53:45.363 | INFO     | models.demos.wormhole.stable_diffusion.tt.ttnn_functional_unet_2d_condition_model_new_conv:__call__:406 - Down block 3
2026-05-29 10:53:45.363 | INFO     | models.demos.wormhole.stable_diffusion.tt.ttnn_functional_unet_2d_condition_model_new_conv:__call__:460 - Mid block
2026-05-29 10:53:45.364 | warning  |              Op | Mismatch between computed MemoryConfig(memory_layout=TensorMemoryLayout::BLOCK_SHARDED,buffer_type=BufferType::L1,shard_spec=ShardSpec(grid={[(x=0,y=0) - (x=7,y=3)]},shape={32, 160},orientation=ShardOrientation::ROW_MAJOR),nd_shard_spec=NdShardSpec(shard_shape=Shape([32, 160]),grid={[(x=0,y=0) - (x=7,y=3)]},orientation=ShardOrientation::ROW_MAJOR,shard_distribution_strategy=ShardDistributionStrategy::GRID_2D),created_with_nd_shard_spec=0) and provided MemoryConfig(memory_layout=TensorMemoryLayout::BLOCK_SHARDED,buffer_type=BufferType::L1,shard_spec=ShardSpec(grid={[(x=0,y=0) - (x=7,y=7)]},shape={32, 160},orientation=ShardOrientation::ROW_MAJOR),nd_shard_spec=std::nullopt,created_with_nd_shard_spec=0) mem config. Using computed config. (matmul_op.cpp:1674)
2026-05-29 10:53:45.365 | INFO     | models.demos.wormhole.stable_diffusion.tt.ttnn_functional_unet_2d_condition_model_new_conv:__call__:491 - Up block 0
2026-05-29 10:53:45.367 | INFO     | models.demos.wormhole.stable_diffusion.tt.ttnn_functional_unet_2d_condition_model_new_conv:__call__:491 - Up block 1
2026-05-29 10:53:45.372 | INFO     | models.demos.wormhole.stable_diffusion.tt.ttnn_functional_unet_2d_condition_model_new_conv:__call__:491 - Up block 2
2026-05-29 10:53:45.381 | INFO     | models.demos.wormhole.stable_diffusion.tt.ttnn_functional_unet_2d_condition_model_new_conv:__call__:491 - Up block 3
2026-05-29 10:53:45.401 | INFO     | models.demos.wormhole.stable_diffusion.tt.ttnn_functional_unet_2d_condition_model_new_conv:__call__:406 - Down block 0
2026-05-29 10:53:45.410 | info     |              Op | act_block_h_override 2 is not a valid override for padded_output_height_ntiles_per_core 7, instead 1 was selected as closest valid option! (conv2d_utils.cpp:401)
2026-05-29 10:53:45.410 | INFO     | models.demos.wormhole.stable_diffusion.tt.ttnn_functional_unet_2d_condition_model_new_conv:__call__:406 - Down block 1
2026-05-29 10:53:45.416 | INFO     | models.demos.wormhole.stable_diffusion.tt.ttnn_functional_unet_2d_condition_model_new_conv:__call__:406 - Down block 2
2026-05-29 10:53:45.419 | INFO     | models.demos.wormhole.stable_diffusion.tt.ttnn_functional_unet_2d_condition_model_new_conv:__call__:406 - Down block 3
2026-05-29 10:53:45.420 | INFO     | models.demos.wormhole.stable_diffusion.tt.ttnn_functional_unet_2d_condition_model_new_conv:__call__:460 - Mid block
2026-05-29 10:53:45.421 | warning  |              Op | Mismatch between computed MemoryConfig(memory_layout=TensorMemoryLayout::BLOCK_SHARDED,buffer_type=BufferType::L1,shard_spec=ShardSpec(grid={[(x=0,y=0) - (x=7,y=3)]},shape={32, 160},orientation=ShardOrientation::ROW_MAJOR),nd_shard_spec=NdShardSpec(shard_shape=Shape([32, 160]),grid={[(x=0,y=0) - (x=7,y=3)]},orientation=ShardOrientation::ROW_MAJOR,shard_distribution_strategy=ShardDistributionStrategy::GRID_2D),created_with_nd_shard_spec=0) and provided MemoryConfig(memory_layout=TensorMemoryLayout::BLOCK_SHARDED,buffer_type=BufferType::L1,shard_spec=ShardSpec(grid={[(x=0,y=0) - (x=7,y=7)]},shape={32, 160},orientation=ShardOrientation::ROW_MAJOR),nd_shard_spec=std::nullopt,created_with_nd_shard_spec=0) mem config. Using computed config. (matmul_op.cpp:1674)
2026-05-29 10:53:45.422 | INFO     | models.demos.wormhole.stable_diffusion.tt.ttnn_functional_unet_2d_condition_model_new_conv:__call__:491 - Up block 0
2026-05-29 10:53:45.423 | INFO     | models.demos.wormhole.stable_diffusion.tt.ttnn_functional_unet_2d_condition_model_new_conv:__call__:491 - Up block 1
2026-05-29 10:53:45.428 | INFO     | models.demos.wormhole.stable_diffusion.tt.ttnn_functional_unet_2d_condition_model_new_conv:__call__:491 - Up block 2
2026-05-29 10:53:45.437 | INFO     | models.demos.wormhole.stable_diffusion.tt.ttnn_functional_unet_2d_condition_model_new_conv:__call__:491 - Up block 3
  Step 26/41
2026-05-29 10:53:45.459 | INFO     | models.demos.wormhole.stable_diffusion.tt.ttnn_functional_unet_2d_condition_model_new_conv:__call__:406 - Down block 0
2026-05-29 10:53:45.467 | info     |              Op | act_block_h_override 2 is not a valid override for padded_output_height_ntiles_per_core 7, instead 1 was selected as closest valid option! (conv2d_utils.cpp:401)
2026-05-29 10:53:45.467 | INFO     | models.demos.wormhole.stable_diffusion.tt.ttnn_functional_unet_2d_condition_model_new_conv:__call__:406 - Down block 1
2026-05-29 10:53:45.473 | INFO     | models.demos.wormhole.stable_diffusion.tt.ttnn_functional_unet_2d_condition_model_new_conv:__call__:406 - Down block 2
2026-05-29 10:53:45.477 | INFO     | models.demos.wormhole.stable_diffusion.tt.ttnn_functional_unet_2d_condition_model_new_conv:__call__:406 - Down block 3
2026-05-29 10:53:45.478 | INFO     | models.demos.wormhole.stable_diffusion.tt.ttnn_functional_unet_2d_condition_model_new_conv:__call__:460 - Mid block
2026-05-29 10:53:45.479 | warning  |              Op | Mismatch between computed MemoryConfig(memory_layout=TensorMemoryLayout::BLOCK_SHARDED,buffer_type=BufferType::L1,shard_spec=ShardSpec(grid={[(x=0,y=0) - (x=7,y=3)]},shape={32, 160},orientation=ShardOrientation::ROW_MAJOR),nd_shard_spec=NdShardSpec(shard_shape=Shape([32, 160]),grid={[(x=0,y=0) - (x=7,y=3)]},orientation=ShardOrientation::ROW_MAJOR,shard_distribution_strategy=ShardDistributionStrategy::GRID_2D),created_with_nd_shard_spec=0) and provided MemoryConfig(memory_layout=TensorMemoryLayout::BLOCK_SHARDED,buffer_type=BufferType::L1,shard_spec=ShardSpec(grid={[(x=0,y=0) - (x=7,y=7)]},shape={32, 160},orientation=ShardOrientation::ROW_MAJOR),nd_shard_spec=std::nullopt,created_with_nd_shard_spec=0) mem config. Using computed config. (matmul_op.cpp:1674)
2026-05-29 10:53:45.480 | INFO     | models.demos.wormhole.stable_diffusion.tt.ttnn_functional_unet_2d_condition_model_new_conv:__call__:491 - Up block 0
2026-05-29 10:53:45.481 | INFO     | models.demos.wormhole.stable_diffusion.tt.ttnn_functional_unet_2d_condition_model_new_conv:__call__:491 - Up block 1
2026-05-29 10:53:45.487 | INFO     | models.demos.wormhole.stable_diffusion.tt.ttnn_functional_unet_2d_condition_model_new_conv:__call__:491 - Up block 2
2026-05-29 10:53:45.495 | INFO     | models.demos.wormhole.stable_diffusion.tt.ttnn_functional_unet_2d_condition_model_new_conv:__call__:491 - Up block 3
2026-05-29 10:53:45.516 | INFO     | models.demos.wormhole.stable_diffusion.tt.ttnn_functional_unet_2d_condition_model_new_conv:__call__:406 - Down block 0
2026-05-29 10:53:45.523 | info     |              Op | act_block_h_override 2 is not a valid override for padded_output_height_ntiles_per_core 7, instead 1 was selected as closest valid option! (conv2d_utils.cpp:401)
2026-05-29 10:53:45.523 | INFO     | models.demos.wormhole.stable_diffusion.tt.ttnn_functional_unet_2d_condition_model_new_conv:__call__:406 - Down block 1
2026-05-29 10:53:45.530 | INFO     | models.demos.wormhole.stable_diffusion.tt.ttnn_functional_unet_2d_condition_model_new_conv:__call__:406 - Down block 2
2026-05-29 10:53:45.533 | INFO     | models.demos.wormhole.stable_diffusion.tt.ttnn_functional_unet_2d_condition_model_new_conv:__call__:406 - Down block 3
2026-05-29 10:53:45.534 | INFO     | models.demos.wormhole.stable_diffusion.tt.ttnn_functional_unet_2d_condition_model_new_conv:__call__:460 - Mid block
2026-05-29 10:53:45.535 | warning  |              Op | Mismatch between computed MemoryConfig(memory_layout=TensorMemoryLayout::BLOCK_SHARDED,buffer_type=BufferType::L1,shard_spec=ShardSpec(grid={[(x=0,y=0) - (x=7,y=3)]},shape={32, 160},orientation=ShardOrientation::ROW_MAJOR),nd_shard_spec=NdShardSpec(shard_shape=Shape([32, 160]),grid={[(x=0,y=0) - (x=7,y=3)]},orientation=ShardOrientation::ROW_MAJOR,shard_distribution_strategy=ShardDistributionStrategy::GRID_2D),created_with_nd_shard_spec=0) and provided MemoryConfig(memory_layout=TensorMemoryLayout::BLOCK_SHARDED,buffer_type=BufferType::L1,shard_spec=ShardSpec(grid={[(x=0,y=0) - (x=7,y=7)]},shape={32, 160},orientation=ShardOrientation::ROW_MAJOR),nd_shard_spec=std::nullopt,created_with_nd_shard_spec=0) mem config. Using computed config. (matmul_op.cpp:1674)
2026-05-29 10:53:45.536 | INFO     | models.demos.wormhole.stable_diffusion.tt.ttnn_functional_unet_2d_condition_model_new_conv:__call__:491 - Up block 0
2026-05-29 10:53:45.538 | INFO     | models.demos.wormhole.stable_diffusion.tt.ttnn_functional_unet_2d_condition_model_new_conv:__call__:491 - Up block 1
2026-05-29 10:53:45.543 | INFO     | models.demos.wormhole.stable_diffusion.tt.ttnn_functional_unet_2d_condition_model_new_conv:__call__:491 - Up block 2
2026-05-29 10:53:45.552 | INFO     | models.demos.wormhole.stable_diffusion.tt.ttnn_functional_unet_2d_condition_model_new_conv:__call__:491 - Up block 3
2026-05-29 10:53:45.572 | INFO     | models.demos.wormhole.stable_diffusion.tt.ttnn_functional_unet_2d_condition_model_new_conv:__call__:406 - Down block 0
2026-05-29 10:53:45.578 | info     |              Op | act_block_h_override 2 is not a valid override for padded_output_height_ntiles_per_core 7, instead 1 was selected as closest valid option! (conv2d_utils.cpp:401)
2026-05-29 10:53:45.578 | INFO     | models.demos.wormhole.stable_diffusion.tt.ttnn_functional_unet_2d_condition_model_new_conv:__call__:406 - Down block 1
2026-05-29 10:53:45.584 | INFO     | models.demos.wormhole.stable_diffusion.tt.ttnn_functional_unet_2d_condition_model_new_conv:__call__:406 - Down block 2
2026-05-29 10:53:45.587 | INFO     | models.demos.wormhole.stable_diffusion.tt.ttnn_functional_unet_2d_condition_model_new_conv:__call__:406 - Down block 3
2026-05-29 10:53:45.588 | INFO     | models.demos.wormhole.stable_diffusion.tt.ttnn_functional_unet_2d_condition_model_new_conv:__call__:460 - Mid block
2026-05-29 10:53:45.589 | warning  |              Op | Mismatch between computed MemoryConfig(memory_layout=TensorMemoryLayout::BLOCK_SHARDED,buffer_type=BufferType::L1,shard_spec=ShardSpec(grid={[(x=0,y=0) - (x=7,y=3)]},shape={32, 160},orientation=ShardOrientation::ROW_MAJOR),nd_shard_spec=NdShardSpec(shard_shape=Shape([32, 160]),grid={[(x=0,y=0) - (x=7,y=3)]},orientation=ShardOrientation::ROW_MAJOR,shard_distribution_strategy=ShardDistributionStrategy::GRID_2D),created_with_nd_shard_spec=0) and provided MemoryConfig(memory_layout=TensorMemoryLayout::BLOCK_SHARDED,buffer_type=BufferType::L1,shard_spec=ShardSpec(grid={[(x=0,y=0) - (x=7,y=7)]},shape={32, 160},orientation=ShardOrientation::ROW_MAJOR),nd_shard_spec=std::nullopt,created_with_nd_shard_spec=0) mem config. Using computed config. (matmul_op.cpp:1674)
2026-05-29 10:53:45.590 | INFO     | models.demos.wormhole.stable_diffusion.tt.ttnn_functional_unet_2d_condition_model_new_conv:__call__:491 - Up block 0
2026-05-29 10:53:45.591 | INFO     | models.demos.wormhole.stable_diffusion.tt.ttnn_functional_unet_2d_condition_model_new_conv:__call__:491 - Up block 1
2026-05-29 10:53:45.596 | INFO     | models.demos.wormhole.stable_diffusion.tt.ttnn_functional_unet_2d_condition_model_new_conv:__call__:491 - Up block 2
2026-05-29 10:53:45.605 | INFO     | models.demos.wormhole.stable_diffusion.tt.ttnn_functional_unet_2d_condition_model_new_conv:__call__:491 - Up block 3
2026-05-29 10:53:45.625 | INFO     | models.demos.wormhole.stable_diffusion.tt.ttnn_functional_unet_2d_condition_model_new_conv:__call__:406 - Down block 0
2026-05-29 10:53:45.631 | info     |              Op | act_block_h_override 2 is not a valid override for padded_output_height_ntiles_per_core 7, instead 1 was selected as closest valid option! (conv2d_utils.cpp:401)
2026-05-29 10:53:45.631 | INFO     | models.demos.wormhole.stable_diffusion.tt.ttnn_functional_unet_2d_condition_model_new_conv:__call__:406 - Down block 1
2026-05-29 10:53:45.637 | INFO     | models.demos.wormhole.stable_diffusion.tt.ttnn_functional_unet_2d_condition_model_new_conv:__call__:406 - Down block 2
2026-05-29 10:53:45.640 | INFO     | models.demos.wormhole.stable_diffusion.tt.ttnn_functional_unet_2d_condition_model_new_conv:__call__:406 - Down block 3
2026-05-29 10:53:45.641 | INFO     | models.demos.wormhole.stable_diffusion.tt.ttnn_functional_unet_2d_condition_model_new_conv:__call__:460 - Mid block
2026-05-29 10:53:45.641 | warning  |              Op | Mismatch between computed MemoryConfig(memory_layout=TensorMemoryLayout::BLOCK_SHARDED,buffer_type=BufferType::L1,shard_spec=ShardSpec(grid={[(x=0,y=0) - (x=7,y=3)]},shape={32, 160},orientation=ShardOrientation::ROW_MAJOR),nd_shard_spec=NdShardSpec(shard_shape=Shape([32, 160]),grid={[(x=0,y=0) - (x=7,y=3)]},orientation=ShardOrientation::ROW_MAJOR,shard_distribution_strategy=ShardDistributionStrategy::GRID_2D),created_with_nd_shard_spec=0) and provided MemoryConfig(memory_layout=TensorMemoryLayout::BLOCK_SHARDED,buffer_type=BufferType::L1,shard_spec=ShardSpec(grid={[(x=0,y=0) - (x=7,y=7)]},shape={32, 160},orientation=ShardOrientation::ROW_MAJOR),nd_shard_spec=std::nullopt,created_with_nd_shard_spec=0) mem config. Using computed config. (matmul_op.cpp:1674)
2026-05-29 10:53:45.643 | INFO     | models.demos.wormhole.stable_diffusion.tt.ttnn_functional_unet_2d_condition_model_new_conv:__call__:491 - Up block 0
2026-05-29 10:53:45.644 | INFO     | models.demos.wormhole.stable_diffusion.tt.ttnn_functional_unet_2d_condition_model_new_conv:__call__:491 - Up block 1
2026-05-29 10:53:45.649 | INFO     | models.demos.wormhole.stable_diffusion.tt.ttnn_functional_unet_2d_condition_model_new_conv:__call__:491 - Up block 2
2026-05-29 10:53:45.657 | INFO     | models.demos.wormhole.stable_diffusion.tt.ttnn_functional_unet_2d_condition_model_new_conv:__call__:491 - Up block 3
2026-05-29 10:53:45.677 | INFO     | models.demos.wormhole.stable_diffusion.tt.ttnn_functional_unet_2d_condition_model_new_conv:__call__:406 - Down block 0
2026-05-29 10:53:45.683 | info     |              Op | act_block_h_override 2 is not a valid override for padded_output_height_ntiles_per_core 7, instead 1 was selected as closest valid option! (conv2d_utils.cpp:401)
2026-05-29 10:53:45.683 | INFO     | models.demos.wormhole.stable_diffusion.tt.ttnn_functional_unet_2d_condition_model_new_conv:__call__:406 - Down block 1
2026-05-29 10:53:45.689 | INFO     | models.demos.wormhole.stable_diffusion.tt.ttnn_functional_unet_2d_condition_model_new_conv:__call__:406 - Down block 2
2026-05-29 10:53:45.692 | INFO     | models.demos.wormhole.stable_diffusion.tt.ttnn_functional_unet_2d_condition_model_new_conv:__call__:406 - Down block 3
2026-05-29 10:53:45.693 | INFO     | models.demos.wormhole.stable_diffusion.tt.ttnn_functional_unet_2d_condition_model_new_conv:__call__:460 - Mid block
2026-05-29 10:53:45.693 | warning  |              Op | Mismatch between computed MemoryConfig(memory_layout=TensorMemoryLayout::BLOCK_SHARDED,buffer_type=BufferType::L1,shard_spec=ShardSpec(grid={[(x=0,y=0) - (x=7,y=3)]},shape={32, 160},orientation=ShardOrientation::ROW_MAJOR),nd_shard_spec=NdShardSpec(shard_shape=Shape([32, 160]),grid={[(x=0,y=0) - (x=7,y=3)]},orientation=ShardOrientation::ROW_MAJOR,shard_distribution_strategy=ShardDistributionStrategy::GRID_2D),created_with_nd_shard_spec=0) and provided MemoryConfig(memory_layout=TensorMemoryLayout::BLOCK_SHARDED,buffer_type=BufferType::L1,shard_spec=ShardSpec(grid={[(x=0,y=0) - (x=7,y=7)]},shape={32, 160},orientation=ShardOrientation::ROW_MAJOR),nd_shard_spec=std::nullopt,created_with_nd_shard_spec=0) mem config. Using computed config. (matmul_op.cpp:1674)
2026-05-29 10:53:45.694 | INFO     | models.demos.wormhole.stable_diffusion.tt.ttnn_functional_unet_2d_condition_model_new_conv:__call__:491 - Up block 0
2026-05-29 10:53:45.696 | INFO     | models.demos.wormhole.stable_diffusion.tt.ttnn_functional_unet_2d_condition_model_new_conv:__call__:491 - Up block 1
2026-05-29 10:53:45.701 | INFO     | models.demos.wormhole.stable_diffusion.tt.ttnn_functional_unet_2d_condition_model_new_conv:__call__:491 - Up block 2
2026-05-29 10:53:45.709 | INFO     | models.demos.wormhole.stable_diffusion.tt.ttnn_functional_unet_2d_condition_model_new_conv:__call__:491 - Up block 3
2026-05-29 10:53:45.730 | INFO     | models.demos.wormhole.stable_diffusion.tt.ttnn_functional_unet_2d_condition_model_new_conv:__call__:406 - Down block 0
2026-05-29 10:53:45.736 | info     |              Op | act_block_h_override 2 is not a valid override for padded_output_height_ntiles_per_core 7, instead 1 was selected as closest valid option! (conv2d_utils.cpp:401)
2026-05-29 10:53:45.736 | INFO     | models.demos.wormhole.stable_diffusion.tt.ttnn_functional_unet_2d_condition_model_new_conv:__call__:406 - Down block 1
2026-05-29 10:53:45.742 | INFO     | models.demos.wormhole.stable_diffusion.tt.ttnn_functional_unet_2d_condition_model_new_conv:__call__:406 - Down block 2
2026-05-29 10:53:45.745 | INFO     | models.demos.wormhole.stable_diffusion.tt.ttnn_functional_unet_2d_condition_model_new_conv:__call__:406 - Down block 3
2026-05-29 10:53:45.746 | INFO     | models.demos.wormhole.stable_diffusion.tt.ttnn_functional_unet_2d_condition_model_new_conv:__call__:460 - Mid block
2026-05-29 10:53:45.746 | warning  |              Op | Mismatch between computed MemoryConfig(memory_layout=TensorMemoryLayout::BLOCK_SHARDED,buffer_type=BufferType::L1,shard_spec=ShardSpec(grid={[(x=0,y=0) - (x=7,y=3)]},shape={32, 160},orientation=ShardOrientation::ROW_MAJOR),nd_shard_spec=NdShardSpec(shard_shape=Shape([32, 160]),grid={[(x=0,y=0) - (x=7,y=3)]},orientation=ShardOrientation::ROW_MAJOR,shard_distribution_strategy=ShardDistributionStrategy::GRID_2D),created_with_nd_shard_spec=0) and provided MemoryConfig(memory_layout=TensorMemoryLayout::BLOCK_SHARDED,buffer_type=BufferType::L1,shard_spec=ShardSpec(grid={[(x=0,y=0) - (x=7,y=7)]},shape={32, 160},orientation=ShardOrientation::ROW_MAJOR),nd_shard_spec=std::nullopt,created_with_nd_shard_spec=0) mem config. Using computed config. (matmul_op.cpp:1674)
2026-05-29 10:53:45.748 | INFO     | models.demos.wormhole.stable_diffusion.tt.ttnn_functional_unet_2d_condition_model_new_conv:__call__:491 - Up block 0
2026-05-29 10:53:45.749 | INFO     | models.demos.wormhole.stable_diffusion.tt.ttnn_functional_unet_2d_condition_model_new_conv:__call__:491 - Up block 1
2026-05-29 10:53:45.754 | INFO     | models.demos.wormhole.stable_diffusion.tt.ttnn_functional_unet_2d_condition_model_new_conv:__call__:491 - Up block 2
2026-05-29 10:53:45.763 | INFO     | models.demos.wormhole.stable_diffusion.tt.ttnn_functional_unet_2d_condition_model_new_conv:__call__:491 - Up block 3
2026-05-29 10:53:45.783 | INFO     | models.demos.wormhole.stable_diffusion.tt.ttnn_functional_unet_2d_condition_model_new_conv:__call__:406 - Down block 0
2026-05-29 10:53:45.789 | info     |              Op | act_block_h_override 2 is not a valid override for padded_output_height_ntiles_per_core 7, instead 1 was selected as closest valid option! (conv2d_utils.cpp:401)
2026-05-29 10:53:45.789 | INFO     | models.demos.wormhole.stable_diffusion.tt.ttnn_functional_unet_2d_condition_model_new_conv:__call__:406 - Down block 1
2026-05-29 10:53:45.794 | INFO     | models.demos.wormhole.stable_diffusion.tt.ttnn_functional_unet_2d_condition_model_new_conv:__call__:406 - Down block 2
2026-05-29 10:53:45.798 | INFO     | models.demos.wormhole.stable_diffusion.tt.ttnn_functional_unet_2d_condition_model_new_conv:__call__:406 - Down block 3
2026-05-29 10:53:45.799 | INFO     | models.demos.wormhole.stable_diffusion.tt.ttnn_functional_unet_2d_condition_model_new_conv:__call__:460 - Mid block
2026-05-29 10:53:45.799 | warning  |              Op | Mismatch between computed MemoryConfig(memory_layout=TensorMemoryLayout::BLOCK_SHARDED,buffer_type=BufferType::L1,shard_spec=ShardSpec(grid={[(x=0,y=0) - (x=7,y=3)]},shape={32, 160},orientation=ShardOrientation::ROW_MAJOR),nd_shard_spec=NdShardSpec(shard_shape=Shape([32, 160]),grid={[(x=0,y=0) - (x=7,y=3)]},orientation=ShardOrientation::ROW_MAJOR,shard_distribution_strategy=ShardDistributionStrategy::GRID_2D),created_with_nd_shard_spec=0) and provided MemoryConfig(memory_layout=TensorMemoryLayout::BLOCK_SHARDED,buffer_type=BufferType::L1,shard_spec=ShardSpec(grid={[(x=0,y=0) - (x=7,y=7)]},shape={32, 160},orientation=ShardOrientation::ROW_MAJOR),nd_shard_spec=std::nullopt,created_with_nd_shard_spec=0) mem config. Using computed config. (matmul_op.cpp:1674)
2026-05-29 10:53:45.801 | INFO     | models.demos.wormhole.stable_diffusion.tt.ttnn_functional_unet_2d_condition_model_new_conv:__call__:491 - Up block 0
2026-05-29 10:53:45.802 | INFO     | models.demos.wormhole.stable_diffusion.tt.ttnn_functional_unet_2d_condition_model_new_conv:__call__:491 - Up block 1
2026-05-29 10:53:45.807 | INFO     | models.demos.wormhole.stable_diffusion.tt.ttnn_functional_unet_2d_condition_model_new_conv:__call__:491 - Up block 2
2026-05-29 10:53:45.815 | INFO     | models.demos.wormhole.stable_diffusion.tt.ttnn_functional_unet_2d_condition_model_new_conv:__call__:491 - Up block 3
2026-05-29 10:53:45.835 | INFO     | models.demos.wormhole.stable_diffusion.tt.ttnn_functional_unet_2d_condition_model_new_conv:__call__:406 - Down block 0
2026-05-29 10:53:45.841 | info     |              Op | act_block_h_override 2 is not a valid override for padded_output_height_ntiles_per_core 7, instead 1 was selected as closest valid option! (conv2d_utils.cpp:401)
2026-05-29 10:53:45.841 | INFO     | models.demos.wormhole.stable_diffusion.tt.ttnn_functional_unet_2d_condition_model_new_conv:__call__:406 - Down block 1
2026-05-29 10:53:45.847 | INFO     | models.demos.wormhole.stable_diffusion.tt.ttnn_functional_unet_2d_condition_model_new_conv:__call__:406 - Down block 2
2026-05-29 10:53:45.850 | INFO     | models.demos.wormhole.stable_diffusion.tt.ttnn_functional_unet_2d_condition_model_new_conv:__call__:406 - Down block 3
2026-05-29 10:53:45.851 | INFO     | models.demos.wormhole.stable_diffusion.tt.ttnn_functional_unet_2d_condition_model_new_conv:__call__:460 - Mid block
2026-05-29 10:53:45.852 | warning  |              Op | Mismatch between computed MemoryConfig(memory_layout=TensorMemoryLayout::BLOCK_SHARDED,buffer_type=BufferType::L1,shard_spec=ShardSpec(grid={[(x=0,y=0) - (x=7,y=3)]},shape={32, 160},orientation=ShardOrientation::ROW_MAJOR),nd_shard_spec=NdShardSpec(shard_shape=Shape([32, 160]),grid={[(x=0,y=0) - (x=7,y=3)]},orientation=ShardOrientation::ROW_MAJOR,shard_distribution_strategy=ShardDistributionStrategy::GRID_2D),created_with_nd_shard_spec=0) and provided MemoryConfig(memory_layout=TensorMemoryLayout::BLOCK_SHARDED,buffer_type=BufferType::L1,shard_spec=ShardSpec(grid={[(x=0,y=0) - (x=7,y=7)]},shape={32, 160},orientation=ShardOrientation::ROW_MAJOR),nd_shard_spec=std::nullopt,created_with_nd_shard_spec=0) mem config. Using computed config. (matmul_op.cpp:1674)
2026-05-29 10:53:45.853 | INFO     | models.demos.wormhole.stable_diffusion.tt.ttnn_functional_unet_2d_condition_model_new_conv:__call__:491 - Up block 0
2026-05-29 10:53:45.854 | INFO     | models.demos.wormhole.stable_diffusion.tt.ttnn_functional_unet_2d_condition_model_new_conv:__call__:491 - Up block 1
2026-05-29 10:53:45.859 | INFO     | models.demos.wormhole.stable_diffusion.tt.ttnn_functional_unet_2d_condition_model_new_conv:__call__:491 - Up block 2
2026-05-29 10:53:45.868 | INFO     | models.demos.wormhole.stable_diffusion.tt.ttnn_functional_unet_2d_condition_model_new_conv:__call__:491 - Up block 3
  Step 27/41
2026-05-29 10:53:45.890 | INFO     | models.demos.wormhole.stable_diffusion.tt.ttnn_functional_unet_2d_condition_model_new_conv:__call__:406 - Down block 0
2026-05-29 10:53:45.896 | info     |              Op | act_block_h_override 2 is not a valid override for padded_output_height_ntiles_per_core 7, instead 1 was selected as closest valid option! (conv2d_utils.cpp:401)
2026-05-29 10:53:45.896 | INFO     | models.demos.wormhole.stable_diffusion.tt.ttnn_functional_unet_2d_condition_model_new_conv:__call__:406 - Down block 1
2026-05-29 10:53:45.902 | INFO     | models.demos.wormhole.stable_diffusion.tt.ttnn_functional_unet_2d_condition_model_new_conv:__call__:406 - Down block 2
2026-05-29 10:53:45.906 | INFO     | models.demos.wormhole.stable_diffusion.tt.ttnn_functional_unet_2d_condition_model_new_conv:__call__:406 - Down block 3
2026-05-29 10:53:45.906 | INFO     | models.demos.wormhole.stable_diffusion.tt.ttnn_functional_unet_2d_condition_model_new_conv:__call__:460 - Mid block
2026-05-29 10:53:45.907 | warning  |              Op | Mismatch between computed MemoryConfig(memory_layout=TensorMemoryLayout::BLOCK_SHARDED,buffer_type=BufferType::L1,shard_spec=ShardSpec(grid={[(x=0,y=0) - (x=7,y=3)]},shape={32, 160},orientation=ShardOrientation::ROW_MAJOR),nd_shard_spec=NdShardSpec(shard_shape=Shape([32, 160]),grid={[(x=0,y=0) - (x=7,y=3)]},orientation=ShardOrientation::ROW_MAJOR,shard_distribution_strategy=ShardDistributionStrategy::GRID_2D),created_with_nd_shard_spec=0) and provided MemoryConfig(memory_layout=TensorMemoryLayout::BLOCK_SHARDED,buffer_type=BufferType::L1,shard_spec=ShardSpec(grid={[(x=0,y=0) - (x=7,y=7)]},shape={32, 160},orientation=ShardOrientation::ROW_MAJOR),nd_shard_spec=std::nullopt,created_with_nd_shard_spec=0) mem config. Using computed config. (matmul_op.cpp:1674)
2026-05-29 10:53:45.908 | INFO     | models.demos.wormhole.stable_diffusion.tt.ttnn_functional_unet_2d_condition_model_new_conv:__call__:491 - Up block 0
2026-05-29 10:53:45.910 | INFO     | models.demos.wormhole.stable_diffusion.tt.ttnn_functional_unet_2d_condition_model_new_conv:__call__:491 - Up block 1
2026-05-29 10:53:45.914 | INFO     | models.demos.wormhole.stable_diffusion.tt.ttnn_functional_unet_2d_condition_model_new_conv:__call__:491 - Up block 2
2026-05-29 10:53:45.923 | INFO     | models.demos.wormhole.stable_diffusion.tt.ttnn_functional_unet_2d_condition_model_new_conv:__call__:491 - Up block 3
2026-05-29 10:53:45.943 | INFO     | models.demos.wormhole.stable_diffusion.tt.ttnn_functional_unet_2d_condition_model_new_conv:__call__:406 - Down block 0
2026-05-29 10:53:45.949 | info     |              Op | act_block_h_override 2 is not a valid override for padded_output_height_ntiles_per_core 7, instead 1 was selected as closest valid option! (conv2d_utils.cpp:401)
2026-05-29 10:53:45.949 | INFO     | models.demos.wormhole.stable_diffusion.tt.ttnn_functional_unet_2d_condition_model_new_conv:__call__:406 - Down block 1
2026-05-29 10:53:45.954 | INFO     | models.demos.wormhole.stable_diffusion.tt.ttnn_functional_unet_2d_condition_model_new_conv:__call__:406 - Down block 2
2026-05-29 10:53:45.958 | INFO     | models.demos.wormhole.stable_diffusion.tt.ttnn_functional_unet_2d_condition_model_new_conv:__call__:406 - Down block 3
2026-05-29 10:53:45.958 | INFO     | models.demos.wormhole.stable_diffusion.tt.ttnn_functional_unet_2d_condition_model_new_conv:__call__:460 - Mid block
2026-05-29 10:53:45.959 | warning  |              Op | Mismatch between computed MemoryConfig(memory_layout=TensorMemoryLayout::BLOCK_SHARDED,buffer_type=BufferType::L1,shard_spec=ShardSpec(grid={[(x=0,y=0) - (x=7,y=3)]},shape={32, 160},orientation=ShardOrientation::ROW_MAJOR),nd_shard_spec=NdShardSpec(shard_shape=Shape([32, 160]),grid={[(x=0,y=0) - (x=7,y=3)]},orientation=ShardOrientation::ROW_MAJOR,shard_distribution_strategy=ShardDistributionStrategy::GRID_2D),created_with_nd_shard_spec=0) and provided MemoryConfig(memory_layout=TensorMemoryLayout::BLOCK_SHARDED,buffer_type=BufferType::L1,shard_spec=ShardSpec(grid={[(x=0,y=0) - (x=7,y=7)]},shape={32, 160},orientation=ShardOrientation::ROW_MAJOR),nd_shard_spec=std::nullopt,created_with_nd_shard_spec=0) mem config. Using computed config. (matmul_op.cpp:1674)
2026-05-29 10:53:45.960 | INFO     | models.demos.wormhole.stable_diffusion.tt.ttnn_functional_unet_2d_condition_model_new_conv:__call__:491 - Up block 0
2026-05-29 10:53:45.961 | INFO     | models.demos.wormhole.stable_diffusion.tt.ttnn_functional_unet_2d_condition_model_new_conv:__call__:491 - Up block 1
2026-05-29 10:53:45.966 | INFO     | models.demos.wormhole.stable_diffusion.tt.ttnn_functional_unet_2d_condition_model_new_conv:__call__:491 - Up block 2
2026-05-29 10:53:45.975 | INFO     | models.demos.wormhole.stable_diffusion.tt.ttnn_functional_unet_2d_condition_model_new_conv:__call__:491 - Up block 3
2026-05-29 10:53:45.995 | INFO     | models.demos.wormhole.stable_diffusion.tt.ttnn_functional_unet_2d_condition_model_new_conv:__call__:406 - Down block 0
2026-05-29 10:53:46.001 | info     |              Op | act_block_h_override 2 is not a valid override for padded_output_height_ntiles_per_core 7, instead 1 was selected as closest valid option! (conv2d_utils.cpp:401)
2026-05-29 10:53:46.001 | INFO     | models.demos.wormhole.stable_diffusion.tt.ttnn_functional_unet_2d_condition_model_new_conv:__call__:406 - Down block 1
2026-05-29 10:53:46.007 | INFO     | models.demos.wormhole.stable_diffusion.tt.ttnn_functional_unet_2d_condition_model_new_conv:__call__:406 - Down block 2
2026-05-29 10:53:46.010 | INFO     | models.demos.wormhole.stable_diffusion.tt.ttnn_functional_unet_2d_condition_model_new_conv:__call__:406 - Down block 3
2026-05-29 10:53:46.011 | INFO     | models.demos.wormhole.stable_diffusion.tt.ttnn_functional_unet_2d_condition_model_new_conv:__call__:460 - Mid block
2026-05-29 10:53:46.011 | warning  |              Op | Mismatch between computed MemoryConfig(memory_layout=TensorMemoryLayout::BLOCK_SHARDED,buffer_type=BufferType::L1,shard_spec=ShardSpec(grid={[(x=0,y=0) - (x=7,y=3)]},shape={32, 160},orientation=ShardOrientation::ROW_MAJOR),nd_shard_spec=NdShardSpec(shard_shape=Shape([32, 160]),grid={[(x=0,y=0) - (x=7,y=3)]},orientation=ShardOrientation::ROW_MAJOR,shard_distribution_strategy=ShardDistributionStrategy::GRID_2D),created_with_nd_shard_spec=0) and provided MemoryConfig(memory_layout=TensorMemoryLayout::BLOCK_SHARDED,buffer_type=BufferType::L1,shard_spec=ShardSpec(grid={[(x=0,y=0) - (x=7,y=7)]},shape={32, 160},orientation=ShardOrientation::ROW_MAJOR),nd_shard_spec=std::nullopt,created_with_nd_shard_spec=0) mem config. Using computed config. (matmul_op.cpp:1674)
2026-05-29 10:53:46.013 | INFO     | models.demos.wormhole.stable_diffusion.tt.ttnn_functional_unet_2d_condition_model_new_conv:__call__:491 - Up block 0
2026-05-29 10:53:46.014 | INFO     | models.demos.wormhole.stable_diffusion.tt.ttnn_functional_unet_2d_condition_model_new_conv:__call__:491 - Up block 1
2026-05-29 10:53:46.019 | INFO     | models.demos.wormhole.stable_diffusion.tt.ttnn_functional_unet_2d_condition_model_new_conv:__call__:491 - Up block 2
2026-05-29 10:53:46.027 | INFO     | models.demos.wormhole.stable_diffusion.tt.ttnn_functional_unet_2d_condition_model_new_conv:__call__:491 - Up block 3
2026-05-29 10:53:46.047 | INFO     | models.demos.wormhole.stable_diffusion.tt.ttnn_functional_unet_2d_condition_model_new_conv:__call__:406 - Down block 0
2026-05-29 10:53:46.053 | info     |              Op | act_block_h_override 2 is not a valid override for padded_output_height_ntiles_per_core 7, instead 1 was selected as closest valid option! (conv2d_utils.cpp:401)
2026-05-29 10:53:46.053 | INFO     | models.demos.wormhole.stable_diffusion.tt.ttnn_functional_unet_2d_condition_model_new_conv:__call__:406 - Down block 1
2026-05-29 10:53:46.058 | INFO     | models.demos.wormhole.stable_diffusion.tt.ttnn_functional_unet_2d_condition_model_new_conv:__call__:406 - Down block 2
2026-05-29 10:53:46.062 | INFO     | models.demos.wormhole.stable_diffusion.tt.ttnn_functional_unet_2d_condition_model_new_conv:__call__:406 - Down block 3
2026-05-29 10:53:46.062 | INFO     | models.demos.wormhole.stable_diffusion.tt.ttnn_functional_unet_2d_condition_model_new_conv:__call__:460 - Mid block
2026-05-29 10:53:46.063 | warning  |              Op | Mismatch between computed MemoryConfig(memory_layout=TensorMemoryLayout::BLOCK_SHARDED,buffer_type=BufferType::L1,shard_spec=ShardSpec(grid={[(x=0,y=0) - (x=7,y=3)]},shape={32, 160},orientation=ShardOrientation::ROW_MAJOR),nd_shard_spec=NdShardSpec(shard_shape=Shape([32, 160]),grid={[(x=0,y=0) - (x=7,y=3)]},orientation=ShardOrientation::ROW_MAJOR,shard_distribution_strategy=ShardDistributionStrategy::GRID_2D),created_with_nd_shard_spec=0) and provided MemoryConfig(memory_layout=TensorMemoryLayout::BLOCK_SHARDED,buffer_type=BufferType::L1,shard_spec=ShardSpec(grid={[(x=0,y=0) - (x=7,y=7)]},shape={32, 160},orientation=ShardOrientation::ROW_MAJOR),nd_shard_spec=std::nullopt,created_with_nd_shard_spec=0) mem config. Using computed config. (matmul_op.cpp:1674)
2026-05-29 10:53:46.064 | INFO     | models.demos.wormhole.stable_diffusion.tt.ttnn_functional_unet_2d_condition_model_new_conv:__call__:491 - Up block 0
2026-05-29 10:53:46.065 | INFO     | models.demos.wormhole.stable_diffusion.tt.ttnn_functional_unet_2d_condition_model_new_conv:__call__:491 - Up block 1
2026-05-29 10:53:46.070 | INFO     | models.demos.wormhole.stable_diffusion.tt.ttnn_functional_unet_2d_condition_model_new_conv:__call__:491 - Up block 2
2026-05-29 10:53:46.078 | INFO     | models.demos.wormhole.stable_diffusion.tt.ttnn_functional_unet_2d_condition_model_new_conv:__call__:491 - Up block 3
2026-05-29 10:53:46.100 | INFO     | models.demos.wormhole.stable_diffusion.tt.ttnn_functional_unet_2d_condition_model_new_conv:__call__:406 - Down block 0
2026-05-29 10:53:46.105 | info     |              Op | act_block_h_override 2 is not a valid override for padded_output_height_ntiles_per_core 7, instead 1 was selected as closest valid option! (conv2d_utils.cpp:401)
2026-05-29 10:53:46.105 | INFO     | models.demos.wormhole.stable_diffusion.tt.ttnn_functional_unet_2d_condition_model_new_conv:__call__:406 - Down block 1
2026-05-29 10:53:46.111 | INFO     | models.demos.wormhole.stable_diffusion.tt.ttnn_functional_unet_2d_condition_model_new_conv:__call__:406 - Down block 2
2026-05-29 10:53:46.114 | INFO     | models.demos.wormhole.stable_diffusion.tt.ttnn_functional_unet_2d_condition_model_new_conv:__call__:406 - Down block 3
2026-05-29 10:53:46.115 | INFO     | models.demos.wormhole.stable_diffusion.tt.ttnn_functional_unet_2d_condition_model_new_conv:__call__:460 - Mid block
2026-05-29 10:53:46.116 | warning  |              Op | Mismatch between computed MemoryConfig(memory_layout=TensorMemoryLayout::BLOCK_SHARDED,buffer_type=BufferType::L1,shard_spec=ShardSpec(grid={[(x=0,y=0) - (x=7,y=3)]},shape={32, 160},orientation=ShardOrientation::ROW_MAJOR),nd_shard_spec=NdShardSpec(shard_shape=Shape([32, 160]),grid={[(x=0,y=0) - (x=7,y=3)]},orientation=ShardOrientation::ROW_MAJOR,shard_distribution_strategy=ShardDistributionStrategy::GRID_2D),created_with_nd_shard_spec=0) and provided MemoryConfig(memory_layout=TensorMemoryLayout::BLOCK_SHARDED,buffer_type=BufferType::L1,shard_spec=ShardSpec(grid={[(x=0,y=0) - (x=7,y=7)]},shape={32, 160},orientation=ShardOrientation::ROW_MAJOR),nd_shard_spec=std::nullopt,created_with_nd_shard_spec=0) mem config. Using computed config. (matmul_op.cpp:1674)
2026-05-29 10:53:46.117 | INFO     | models.demos.wormhole.stable_diffusion.tt.ttnn_functional_unet_2d_condition_model_new_conv:__call__:491 - Up block 0
2026-05-29 10:53:46.118 | INFO     | models.demos.wormhole.stable_diffusion.tt.ttnn_functional_unet_2d_condition_model_new_conv:__call__:491 - Up block 1
2026-05-29 10:53:46.123 | INFO     | models.demos.wormhole.stable_diffusion.tt.ttnn_functional_unet_2d_condition_model_new_conv:__call__:491 - Up block 2
2026-05-29 10:53:46.131 | INFO     | models.demos.wormhole.stable_diffusion.tt.ttnn_functional_unet_2d_condition_model_new_conv:__call__:491 - Up block 3
2026-05-29 10:53:46.152 | INFO     | models.demos.wormhole.stable_diffusion.tt.ttnn_functional_unet_2d_condition_model_new_conv:__call__:406 - Down block 0
2026-05-29 10:53:46.157 | info     |              Op | act_block_h_override 2 is not a valid override for padded_output_height_ntiles_per_core 7, instead 1 was selected as closest valid option! (conv2d_utils.cpp:401)
2026-05-29 10:53:46.157 | INFO     | models.demos.wormhole.stable_diffusion.tt.ttnn_functional_unet_2d_condition_model_new_conv:__call__:406 - Down block 1
2026-05-29 10:53:46.163 | INFO     | models.demos.wormhole.stable_diffusion.tt.ttnn_functional_unet_2d_condition_model_new_conv:__call__:406 - Down block 2
2026-05-29 10:53:46.166 | INFO     | models.demos.wormhole.stable_diffusion.tt.ttnn_functional_unet_2d_condition_model_new_conv:__call__:406 - Down block 3
2026-05-29 10:53:46.167 | INFO     | models.demos.wormhole.stable_diffusion.tt.ttnn_functional_unet_2d_condition_model_new_conv:__call__:460 - Mid block
2026-05-29 10:53:46.167 | warning  |              Op | Mismatch between computed MemoryConfig(memory_layout=TensorMemoryLayout::BLOCK_SHARDED,buffer_type=BufferType::L1,shard_spec=ShardSpec(grid={[(x=0,y=0) - (x=7,y=3)]},shape={32, 160},orientation=ShardOrientation::ROW_MAJOR),nd_shard_spec=NdShardSpec(shard_shape=Shape([32, 160]),grid={[(x=0,y=0) - (x=7,y=3)]},orientation=ShardOrientation::ROW_MAJOR,shard_distribution_strategy=ShardDistributionStrategy::GRID_2D),created_with_nd_shard_spec=0) and provided MemoryConfig(memory_layout=TensorMemoryLayout::BLOCK_SHARDED,buffer_type=BufferType::L1,shard_spec=ShardSpec(grid={[(x=0,y=0) - (x=7,y=7)]},shape={32, 160},orientation=ShardOrientation::ROW_MAJOR),nd_shard_spec=std::nullopt,created_with_nd_shard_spec=0) mem config. Using computed config. (matmul_op.cpp:1674)
2026-05-29 10:53:46.169 | INFO     | models.demos.wormhole.stable_diffusion.tt.ttnn_functional_unet_2d_condition_model_new_conv:__call__:491 - Up block 0
2026-05-29 10:53:46.170 | INFO     | models.demos.wormhole.stable_diffusion.tt.ttnn_functional_unet_2d_condition_model_new_conv:__call__:491 - Up block 1
2026-05-29 10:53:46.175 | INFO     | models.demos.wormhole.stable_diffusion.tt.ttnn_functional_unet_2d_condition_model_new_conv:__call__:491 - Up block 2
2026-05-29 10:53:46.183 | INFO     | models.demos.wormhole.stable_diffusion.tt.ttnn_functional_unet_2d_condition_model_new_conv:__call__:491 - Up block 3
2026-05-29 10:53:46.204 | INFO     | models.demos.wormhole.stable_diffusion.tt.ttnn_functional_unet_2d_condition_model_new_conv:__call__:406 - Down block 0
2026-05-29 10:53:46.209 | info     |              Op | act_block_h_override 2 is not a valid override for padded_output_height_ntiles_per_core 7, instead 1 was selected as closest valid option! (conv2d_utils.cpp:401)
2026-05-29 10:53:46.210 | INFO     | models.demos.wormhole.stable_diffusion.tt.ttnn_functional_unet_2d_condition_model_new_conv:__call__:406 - Down block 1
2026-05-29 10:53:46.215 | INFO     | models.demos.wormhole.stable_diffusion.tt.ttnn_functional_unet_2d_condition_model_new_conv:__call__:406 - Down block 2
2026-05-29 10:53:46.219 | INFO     | models.demos.wormhole.stable_diffusion.tt.ttnn_functional_unet_2d_condition_model_new_conv:__call__:406 - Down block 3
2026-05-29 10:53:46.219 | INFO     | models.demos.wormhole.stable_diffusion.tt.ttnn_functional_unet_2d_condition_model_new_conv:__call__:460 - Mid block
2026-05-29 10:53:46.220 | warning  |              Op | Mismatch between computed MemoryConfig(memory_layout=TensorMemoryLayout::BLOCK_SHARDED,buffer_type=BufferType::L1,shard_spec=ShardSpec(grid={[(x=0,y=0) - (x=7,y=3)]},shape={32, 160},orientation=ShardOrientation::ROW_MAJOR),nd_shard_spec=NdShardSpec(shard_shape=Shape([32, 160]),grid={[(x=0,y=0) - (x=7,y=3)]},orientation=ShardOrientation::ROW_MAJOR,shard_distribution_strategy=ShardDistributionStrategy::GRID_2D),created_with_nd_shard_spec=0) and provided MemoryConfig(memory_layout=TensorMemoryLayout::BLOCK_SHARDED,buffer_type=BufferType::L1,shard_spec=ShardSpec(grid={[(x=0,y=0) - (x=7,y=7)]},shape={32, 160},orientation=ShardOrientation::ROW_MAJOR),nd_shard_spec=std::nullopt,created_with_nd_shard_spec=0) mem config. Using computed config. (matmul_op.cpp:1674)
2026-05-29 10:53:46.221 | INFO     | models.demos.wormhole.stable_diffusion.tt.ttnn_functional_unet_2d_condition_model_new_conv:__call__:491 - Up block 0
2026-05-29 10:53:46.223 | INFO     | models.demos.wormhole.stable_diffusion.tt.ttnn_functional_unet_2d_condition_model_new_conv:__call__:491 - Up block 1
2026-05-29 10:53:46.228 | INFO     | models.demos.wormhole.stable_diffusion.tt.ttnn_functional_unet_2d_condition_model_new_conv:__call__:491 - Up block 2
2026-05-29 10:53:46.236 | INFO     | models.demos.wormhole.stable_diffusion.tt.ttnn_functional_unet_2d_condition_model_new_conv:__call__:491 - Up block 3
2026-05-29 10:53:46.256 | INFO     | models.demos.wormhole.stable_diffusion.tt.ttnn_functional_unet_2d_condition_model_new_conv:__call__:406 - Down block 0
2026-05-29 10:53:46.262 | info     |              Op | act_block_h_override 2 is not a valid override for padded_output_height_ntiles_per_core 7, instead 1 was selected as closest valid option! (conv2d_utils.cpp:401)
2026-05-29 10:53:46.262 | INFO     | models.demos.wormhole.stable_diffusion.tt.ttnn_functional_unet_2d_condition_model_new_conv:__call__:406 - Down block 1
2026-05-29 10:53:46.267 | INFO     | models.demos.wormhole.stable_diffusion.tt.ttnn_functional_unet_2d_condition_model_new_conv:__call__:406 - Down block 2
2026-05-29 10:53:46.271 | INFO     | models.demos.wormhole.stable_diffusion.tt.ttnn_functional_unet_2d_condition_model_new_conv:__call__:406 - Down block 3
2026-05-29 10:53:46.271 | INFO     | models.demos.wormhole.stable_diffusion.tt.ttnn_functional_unet_2d_condition_model_new_conv:__call__:460 - Mid block
2026-05-29 10:53:46.272 | warning  |              Op | Mismatch between computed MemoryConfig(memory_layout=TensorMemoryLayout::BLOCK_SHARDED,buffer_type=BufferType::L1,shard_spec=ShardSpec(grid={[(x=0,y=0) - (x=7,y=3)]},shape={32, 160},orientation=ShardOrientation::ROW_MAJOR),nd_shard_spec=NdShardSpec(shard_shape=Shape([32, 160]),grid={[(x=0,y=0) - (x=7,y=3)]},orientation=ShardOrientation::ROW_MAJOR,shard_distribution_strategy=ShardDistributionStrategy::GRID_2D),created_with_nd_shard_spec=0) and provided MemoryConfig(memory_layout=TensorMemoryLayout::BLOCK_SHARDED,buffer_type=BufferType::L1,shard_spec=ShardSpec(grid={[(x=0,y=0) - (x=7,y=7)]},shape={32, 160},orientation=ShardOrientation::ROW_MAJOR),nd_shard_spec=std::nullopt,created_with_nd_shard_spec=0) mem config. Using computed config. (matmul_op.cpp:1674)
2026-05-29 10:53:46.273 | INFO     | models.demos.wormhole.stable_diffusion.tt.ttnn_functional_unet_2d_condition_model_new_conv:__call__:491 - Up block 0
2026-05-29 10:53:46.274 | INFO     | models.demos.wormhole.stable_diffusion.tt.ttnn_functional_unet_2d_condition_model_new_conv:__call__:491 - Up block 1
2026-05-29 10:53:46.279 | INFO     | models.demos.wormhole.stable_diffusion.tt.ttnn_functional_unet_2d_condition_model_new_conv:__call__:491 - Up block 2
2026-05-29 10:53:46.287 | INFO     | models.demos.wormhole.stable_diffusion.tt.ttnn_functional_unet_2d_condition_model_new_conv:__call__:491 - Up block 3
  Step 28/41
2026-05-29 10:53:46.310 | INFO     | models.demos.wormhole.stable_diffusion.tt.ttnn_functional_unet_2d_condition_model_new_conv:__call__:406 - Down block 0
2026-05-29 10:53:46.317 | info     |              Op | act_block_h_override 2 is not a valid override for padded_output_height_ntiles_per_core 7, instead 1 was selected as closest valid option! (conv2d_utils.cpp:401)
2026-05-29 10:53:46.317 | INFO     | models.demos.wormhole.stable_diffusion.tt.ttnn_functional_unet_2d_condition_model_new_conv:__call__:406 - Down block 1
2026-05-29 10:53:46.323 | INFO     | models.demos.wormhole.stable_diffusion.tt.ttnn_functional_unet_2d_condition_model_new_conv:__call__:406 - Down block 2
2026-05-29 10:53:46.326 | INFO     | models.demos.wormhole.stable_diffusion.tt.ttnn_functional_unet_2d_condition_model_new_conv:__call__:406 - Down block 3
2026-05-29 10:53:46.327 | INFO     | models.demos.wormhole.stable_diffusion.tt.ttnn_functional_unet_2d_condition_model_new_conv:__call__:460 - Mid block
2026-05-29 10:53:46.327 | warning  |              Op | Mismatch between computed MemoryConfig(memory_layout=TensorMemoryLayout::BLOCK_SHARDED,buffer_type=BufferType::L1,shard_spec=ShardSpec(grid={[(x=0,y=0) - (x=7,y=3)]},shape={32, 160},orientation=ShardOrientation::ROW_MAJOR),nd_shard_spec=NdShardSpec(shard_shape=Shape([32, 160]),grid={[(x=0,y=0) - (x=7,y=3)]},orientation=ShardOrientation::ROW_MAJOR,shard_distribution_strategy=ShardDistributionStrategy::GRID_2D),created_with_nd_shard_spec=0) and provided MemoryConfig(memory_layout=TensorMemoryLayout::BLOCK_SHARDED,buffer_type=BufferType::L1,shard_spec=ShardSpec(grid={[(x=0,y=0) - (x=7,y=7)]},shape={32, 160},orientation=ShardOrientation::ROW_MAJOR),nd_shard_spec=std::nullopt,created_with_nd_shard_spec=0) mem config. Using computed config. (matmul_op.cpp:1674)
2026-05-29 10:53:46.329 | INFO     | models.demos.wormhole.stable_diffusion.tt.ttnn_functional_unet_2d_condition_model_new_conv:__call__:491 - Up block 0
2026-05-29 10:53:46.330 | INFO     | models.demos.wormhole.stable_diffusion.tt.ttnn_functional_unet_2d_condition_model_new_conv:__call__:491 - Up block 1
2026-05-29 10:53:46.335 | INFO     | models.demos.wormhole.stable_diffusion.tt.ttnn_functional_unet_2d_condition_model_new_conv:__call__:491 - Up block 2
2026-05-29 10:53:46.343 | INFO     | models.demos.wormhole.stable_diffusion.tt.ttnn_functional_unet_2d_condition_model_new_conv:__call__:491 - Up block 3
2026-05-29 10:53:46.364 | INFO     | models.demos.wormhole.stable_diffusion.tt.ttnn_functional_unet_2d_condition_model_new_conv:__call__:406 - Down block 0
2026-05-29 10:53:46.370 | info     |              Op | act_block_h_override 2 is not a valid override for padded_output_height_ntiles_per_core 7, instead 1 was selected as closest valid option! (conv2d_utils.cpp:401)
2026-05-29 10:53:46.370 | INFO     | models.demos.wormhole.stable_diffusion.tt.ttnn_functional_unet_2d_condition_model_new_conv:__call__:406 - Down block 1
2026-05-29 10:53:46.375 | INFO     | models.demos.wormhole.stable_diffusion.tt.ttnn_functional_unet_2d_condition_model_new_conv:__call__:406 - Down block 2
2026-05-29 10:53:46.379 | INFO     | models.demos.wormhole.stable_diffusion.tt.ttnn_functional_unet_2d_condition_model_new_conv:__call__:406 - Down block 3
2026-05-29 10:53:46.379 | INFO     | models.demos.wormhole.stable_diffusion.tt.ttnn_functional_unet_2d_condition_model_new_conv:__call__:460 - Mid block
2026-05-29 10:53:46.380 | warning  |              Op | Mismatch between computed MemoryConfig(memory_layout=TensorMemoryLayout::BLOCK_SHARDED,buffer_type=BufferType::L1,shard_spec=ShardSpec(grid={[(x=0,y=0) - (x=7,y=3)]},shape={32, 160},orientation=ShardOrientation::ROW_MAJOR),nd_shard_spec=NdShardSpec(shard_shape=Shape([32, 160]),grid={[(x=0,y=0) - (x=7,y=3)]},orientation=ShardOrientation::ROW_MAJOR,shard_distribution_strategy=ShardDistributionStrategy::GRID_2D),created_with_nd_shard_spec=0) and provided MemoryConfig(memory_layout=TensorMemoryLayout::BLOCK_SHARDED,buffer_type=BufferType::L1,shard_spec=ShardSpec(grid={[(x=0,y=0) - (x=7,y=7)]},shape={32, 160},orientation=ShardOrientation::ROW_MAJOR),nd_shard_spec=std::nullopt,created_with_nd_shard_spec=0) mem config. Using computed config. (matmul_op.cpp:1674)
2026-05-29 10:53:46.381 | INFO     | models.demos.wormhole.stable_diffusion.tt.ttnn_functional_unet_2d_condition_model_new_conv:__call__:491 - Up block 0
2026-05-29 10:53:46.383 | INFO     | models.demos.wormhole.stable_diffusion.tt.ttnn_functional_unet_2d_condition_model_new_conv:__call__:491 - Up block 1
2026-05-29 10:53:46.388 | INFO     | models.demos.wormhole.stable_diffusion.tt.ttnn_functional_unet_2d_condition_model_new_conv:__call__:491 - Up block 2
2026-05-29 10:53:46.396 | INFO     | models.demos.wormhole.stable_diffusion.tt.ttnn_functional_unet_2d_condition_model_new_conv:__call__:491 - Up block 3
2026-05-29 10:53:46.416 | INFO     | models.demos.wormhole.stable_diffusion.tt.ttnn_functional_unet_2d_condition_model_new_conv:__call__:406 - Down block 0
2026-05-29 10:53:46.422 | info     |              Op | act_block_h_override 2 is not a valid override for padded_output_height_ntiles_per_core 7, instead 1 was selected as closest valid option! (conv2d_utils.cpp:401)
2026-05-29 10:53:46.422 | INFO     | models.demos.wormhole.stable_diffusion.tt.ttnn_functional_unet_2d_condition_model_new_conv:__call__:406 - Down block 1
2026-05-29 10:53:46.429 | INFO     | models.demos.wormhole.stable_diffusion.tt.ttnn_functional_unet_2d_condition_model_new_conv:__call__:406 - Down block 2
2026-05-29 10:53:46.434 | INFO     | models.demos.wormhole.stable_diffusion.tt.ttnn_functional_unet_2d_condition_model_new_conv:__call__:406 - Down block 3
2026-05-29 10:53:46.434 | INFO     | models.demos.wormhole.stable_diffusion.tt.ttnn_functional_unet_2d_condition_model_new_conv:__call__:460 - Mid block
2026-05-29 10:53:46.435 | warning  |              Op | Mismatch between computed MemoryConfig(memory_layout=TensorMemoryLayout::BLOCK_SHARDED,buffer_type=BufferType::L1,shard_spec=ShardSpec(grid={[(x=0,y=0) - (x=7,y=3)]},shape={32, 160},orientation=ShardOrientation::ROW_MAJOR),nd_shard_spec=NdShardSpec(shard_shape=Shape([32, 160]),grid={[(x=0,y=0) - (x=7,y=3)]},orientation=ShardOrientation::ROW_MAJOR,shard_distribution_strategy=ShardDistributionStrategy::GRID_2D),created_with_nd_shard_spec=0) and provided MemoryConfig(memory_layout=TensorMemoryLayout::BLOCK_SHARDED,buffer_type=BufferType::L1,shard_spec=ShardSpec(grid={[(x=0,y=0) - (x=7,y=7)]},shape={32, 160},orientation=ShardOrientation::ROW_MAJOR),nd_shard_spec=std::nullopt,created_with_nd_shard_spec=0) mem config. Using computed config. (matmul_op.cpp:1674)
2026-05-29 10:53:46.436 | INFO     | models.demos.wormhole.stable_diffusion.tt.ttnn_functional_unet_2d_condition_model_new_conv:__call__:491 - Up block 0
2026-05-29 10:53:46.437 | INFO     | models.demos.wormhole.stable_diffusion.tt.ttnn_functional_unet_2d_condition_model_new_conv:__call__:491 - Up block 1
2026-05-29 10:53:46.442 | INFO     | models.demos.wormhole.stable_diffusion.tt.ttnn_functional_unet_2d_condition_model_new_conv:__call__:491 - Up block 2
2026-05-29 10:53:46.451 | INFO     | models.demos.wormhole.stable_diffusion.tt.ttnn_functional_unet_2d_condition_model_new_conv:__call__:491 - Up block 3
2026-05-29 10:53:46.471 | INFO     | models.demos.wormhole.stable_diffusion.tt.ttnn_functional_unet_2d_condition_model_new_conv:__call__:406 - Down block 0
2026-05-29 10:53:46.477 | info     |              Op | act_block_h_override 2 is not a valid override for padded_output_height_ntiles_per_core 7, instead 1 was selected as closest valid option! (conv2d_utils.cpp:401)
2026-05-29 10:53:46.477 | INFO     | models.demos.wormhole.stable_diffusion.tt.ttnn_functional_unet_2d_condition_model_new_conv:__call__:406 - Down block 1
2026-05-29 10:53:46.482 | INFO     | models.demos.wormhole.stable_diffusion.tt.ttnn_functional_unet_2d_condition_model_new_conv:__call__:406 - Down block 2
2026-05-29 10:53:46.486 | INFO     | models.demos.wormhole.stable_diffusion.tt.ttnn_functional_unet_2d_condition_model_new_conv:__call__:406 - Down block 3
2026-05-29 10:53:46.487 | INFO     | models.demos.wormhole.stable_diffusion.tt.ttnn_functional_unet_2d_condition_model_new_conv:__call__:460 - Mid block
2026-05-29 10:53:46.487 | warning  |              Op | Mismatch between computed MemoryConfig(memory_layout=TensorMemoryLayout::BLOCK_SHARDED,buffer_type=BufferType::L1,shard_spec=ShardSpec(grid={[(x=0,y=0) - (x=7,y=3)]},shape={32, 160},orientation=ShardOrientation::ROW_MAJOR),nd_shard_spec=NdShardSpec(shard_shape=Shape([32, 160]),grid={[(x=0,y=0) - (x=7,y=3)]},orientation=ShardOrientation::ROW_MAJOR,shard_distribution_strategy=ShardDistributionStrategy::GRID_2D),created_with_nd_shard_spec=0) and provided MemoryConfig(memory_layout=TensorMemoryLayout::BLOCK_SHARDED,buffer_type=BufferType::L1,shard_spec=ShardSpec(grid={[(x=0,y=0) - (x=7,y=7)]},shape={32, 160},orientation=ShardOrientation::ROW_MAJOR),nd_shard_spec=std::nullopt,created_with_nd_shard_spec=0) mem config. Using computed config. (matmul_op.cpp:1674)
2026-05-29 10:53:46.489 | INFO     | models.demos.wormhole.stable_diffusion.tt.ttnn_functional_unet_2d_condition_model_new_conv:__call__:491 - Up block 0
2026-05-29 10:53:46.490 | INFO     | models.demos.wormhole.stable_diffusion.tt.ttnn_functional_unet_2d_condition_model_new_conv:__call__:491 - Up block 1
2026-05-29 10:53:46.495 | INFO     | models.demos.wormhole.stable_diffusion.tt.ttnn_functional_unet_2d_condition_model_new_conv:__call__:491 - Up block 2
2026-05-29 10:53:46.503 | INFO     | models.demos.wormhole.stable_diffusion.tt.ttnn_functional_unet_2d_condition_model_new_conv:__call__:491 - Up block 3
2026-05-29 10:53:46.523 | INFO     | models.demos.wormhole.stable_diffusion.tt.ttnn_functional_unet_2d_condition_model_new_conv:__call__:406 - Down block 0
2026-05-29 10:53:46.529 | info     |              Op | act_block_h_override 2 is not a valid override for padded_output_height_ntiles_per_core 7, instead 1 was selected as closest valid option! (conv2d_utils.cpp:401)
2026-05-29 10:53:46.529 | INFO     | models.demos.wormhole.stable_diffusion.tt.ttnn_functional_unet_2d_condition_model_new_conv:__call__:406 - Down block 1
2026-05-29 10:53:46.534 | INFO     | models.demos.wormhole.stable_diffusion.tt.ttnn_functional_unet_2d_condition_model_new_conv:__call__:406 - Down block 2
2026-05-29 10:53:46.538 | INFO     | models.demos.wormhole.stable_diffusion.tt.ttnn_functional_unet_2d_condition_model_new_conv:__call__:406 - Down block 3
2026-05-29 10:53:46.538 | INFO     | models.demos.wormhole.stable_diffusion.tt.ttnn_functional_unet_2d_condition_model_new_conv:__call__:460 - Mid block
2026-05-29 10:53:46.539 | warning  |              Op | Mismatch between computed MemoryConfig(memory_layout=TensorMemoryLayout::BLOCK_SHARDED,buffer_type=BufferType::L1,shard_spec=ShardSpec(grid={[(x=0,y=0) - (x=7,y=3)]},shape={32, 160},orientation=ShardOrientation::ROW_MAJOR),nd_shard_spec=NdShardSpec(shard_shape=Shape([32, 160]),grid={[(x=0,y=0) - (x=7,y=3)]},orientation=ShardOrientation::ROW_MAJOR,shard_distribution_strategy=ShardDistributionStrategy::GRID_2D),created_with_nd_shard_spec=0) and provided MemoryConfig(memory_layout=TensorMemoryLayout::BLOCK_SHARDED,buffer_type=BufferType::L1,shard_spec=ShardSpec(grid={[(x=0,y=0) - (x=7,y=7)]},shape={32, 160},orientation=ShardOrientation::ROW_MAJOR),nd_shard_spec=std::nullopt,created_with_nd_shard_spec=0) mem config. Using computed config. (matmul_op.cpp:1674)
2026-05-29 10:53:46.540 | INFO     | models.demos.wormhole.stable_diffusion.tt.ttnn_functional_unet_2d_condition_model_new_conv:__call__:491 - Up block 0
2026-05-29 10:53:46.541 | INFO     | models.demos.wormhole.stable_diffusion.tt.ttnn_functional_unet_2d_condition_model_new_conv:__call__:491 - Up block 1
2026-05-29 10:53:46.546 | INFO     | models.demos.wormhole.stable_diffusion.tt.ttnn_functional_unet_2d_condition_model_new_conv:__call__:491 - Up block 2
2026-05-29 10:53:46.554 | INFO     | models.demos.wormhole.stable_diffusion.tt.ttnn_functional_unet_2d_condition_model_new_conv:__call__:491 - Up block 3
2026-05-29 10:53:46.575 | INFO     | models.demos.wormhole.stable_diffusion.tt.ttnn_functional_unet_2d_condition_model_new_conv:__call__:406 - Down block 0
2026-05-29 10:53:46.581 | info     |              Op | act_block_h_override 2 is not a valid override for padded_output_height_ntiles_per_core 7, instead 1 was selected as closest valid option! (conv2d_utils.cpp:401)
2026-05-29 10:53:46.581 | INFO     | models.demos.wormhole.stable_diffusion.tt.ttnn_functional_unet_2d_condition_model_new_conv:__call__:406 - Down block 1
2026-05-29 10:53:46.587 | INFO     | models.demos.wormhole.stable_diffusion.tt.ttnn_functional_unet_2d_condition_model_new_conv:__call__:406 - Down block 2
2026-05-29 10:53:46.590 | INFO     | models.demos.wormhole.stable_diffusion.tt.ttnn_functional_unet_2d_condition_model_new_conv:__call__:406 - Down block 3
2026-05-29 10:53:46.591 | INFO     | models.demos.wormhole.stable_diffusion.tt.ttnn_functional_unet_2d_condition_model_new_conv:__call__:460 - Mid block
2026-05-29 10:53:46.591 | warning  |              Op | Mismatch between computed MemoryConfig(memory_layout=TensorMemoryLayout::BLOCK_SHARDED,buffer_type=BufferType::L1,shard_spec=ShardSpec(grid={[(x=0,y=0) - (x=7,y=3)]},shape={32, 160},orientation=ShardOrientation::ROW_MAJOR),nd_shard_spec=NdShardSpec(shard_shape=Shape([32, 160]),grid={[(x=0,y=0) - (x=7,y=3)]},orientation=ShardOrientation::ROW_MAJOR,shard_distribution_strategy=ShardDistributionStrategy::GRID_2D),created_with_nd_shard_spec=0) and provided MemoryConfig(memory_layout=TensorMemoryLayout::BLOCK_SHARDED,buffer_type=BufferType::L1,shard_spec=ShardSpec(grid={[(x=0,y=0) - (x=7,y=7)]},shape={32, 160},orientation=ShardOrientation::ROW_MAJOR),nd_shard_spec=std::nullopt,created_with_nd_shard_spec=0) mem config. Using computed config. (matmul_op.cpp:1674)
2026-05-29 10:53:46.593 | INFO     | models.demos.wormhole.stable_diffusion.tt.ttnn_functional_unet_2d_condition_model_new_conv:__call__:491 - Up block 0
2026-05-29 10:53:46.594 | INFO     | models.demos.wormhole.stable_diffusion.tt.ttnn_functional_unet_2d_condition_model_new_conv:__call__:491 - Up block 1
2026-05-29 10:53:46.599 | INFO     | models.demos.wormhole.stable_diffusion.tt.ttnn_functional_unet_2d_condition_model_new_conv:__call__:491 - Up block 2
2026-05-29 10:53:46.607 | INFO     | models.demos.wormhole.stable_diffusion.tt.ttnn_functional_unet_2d_condition_model_new_conv:__call__:491 - Up block 3
2026-05-29 10:53:46.627 | INFO     | models.demos.wormhole.stable_diffusion.tt.ttnn_functional_unet_2d_condition_model_new_conv:__call__:406 - Down block 0
2026-05-29 10:53:46.633 | info     |              Op | act_block_h_override 2 is not a valid override for padded_output_height_ntiles_per_core 7, instead 1 was selected as closest valid option! (conv2d_utils.cpp:401)
2026-05-29 10:53:46.633 | INFO     | models.demos.wormhole.stable_diffusion.tt.ttnn_functional_unet_2d_condition_model_new_conv:__call__:406 - Down block 1
2026-05-29 10:53:46.639 | INFO     | models.demos.wormhole.stable_diffusion.tt.ttnn_functional_unet_2d_condition_model_new_conv:__call__:406 - Down block 2
2026-05-29 10:53:46.642 | INFO     | models.demos.wormhole.stable_diffusion.tt.ttnn_functional_unet_2d_condition_model_new_conv:__call__:406 - Down block 3
2026-05-29 10:53:46.643 | INFO     | models.demos.wormhole.stable_diffusion.tt.ttnn_functional_unet_2d_condition_model_new_conv:__call__:460 - Mid block
2026-05-29 10:53:46.643 | warning  |              Op | Mismatch between computed MemoryConfig(memory_layout=TensorMemoryLayout::BLOCK_SHARDED,buffer_type=BufferType::L1,shard_spec=ShardSpec(grid={[(x=0,y=0) - (x=7,y=3)]},shape={32, 160},orientation=ShardOrientation::ROW_MAJOR),nd_shard_spec=NdShardSpec(shard_shape=Shape([32, 160]),grid={[(x=0,y=0) - (x=7,y=3)]},orientation=ShardOrientation::ROW_MAJOR,shard_distribution_strategy=ShardDistributionStrategy::GRID_2D),created_with_nd_shard_spec=0) and provided MemoryConfig(memory_layout=TensorMemoryLayout::BLOCK_SHARDED,buffer_type=BufferType::L1,shard_spec=ShardSpec(grid={[(x=0,y=0) - (x=7,y=7)]},shape={32, 160},orientation=ShardOrientation::ROW_MAJOR),nd_shard_spec=std::nullopt,created_with_nd_shard_spec=0) mem config. Using computed config. (matmul_op.cpp:1674)
2026-05-29 10:53:46.644 | INFO     | models.demos.wormhole.stable_diffusion.tt.ttnn_functional_unet_2d_condition_model_new_conv:__call__:491 - Up block 0
2026-05-29 10:53:46.646 | INFO     | models.demos.wormhole.stable_diffusion.tt.ttnn_functional_unet_2d_condition_model_new_conv:__call__:491 - Up block 1
2026-05-29 10:53:46.650 | INFO     | models.demos.wormhole.stable_diffusion.tt.ttnn_functional_unet_2d_condition_model_new_conv:__call__:491 - Up block 2
2026-05-29 10:53:46.658 | INFO     | models.demos.wormhole.stable_diffusion.tt.ttnn_functional_unet_2d_condition_model_new_conv:__call__:491 - Up block 3
2026-05-29 10:53:46.680 | INFO     | models.demos.wormhole.stable_diffusion.tt.ttnn_functional_unet_2d_condition_model_new_conv:__call__:406 - Down block 0
2026-05-29 10:53:46.685 | info     |              Op | act_block_h_override 2 is not a valid override for padded_output_height_ntiles_per_core 7, instead 1 was selected as closest valid option! (conv2d_utils.cpp:401)
2026-05-29 10:53:46.686 | INFO     | models.demos.wormhole.stable_diffusion.tt.ttnn_functional_unet_2d_condition_model_new_conv:__call__:406 - Down block 1
2026-05-29 10:53:46.691 | INFO     | models.demos.wormhole.stable_diffusion.tt.ttnn_functional_unet_2d_condition_model_new_conv:__call__:406 - Down block 2
2026-05-29 10:53:46.695 | INFO     | models.demos.wormhole.stable_diffusion.tt.ttnn_functional_unet_2d_condition_model_new_conv:__call__:406 - Down block 3
2026-05-29 10:53:46.696 | INFO     | models.demos.wormhole.stable_diffusion.tt.ttnn_functional_unet_2d_condition_model_new_conv:__call__:460 - Mid block
2026-05-29 10:53:46.696 | warning  |              Op | Mismatch between computed MemoryConfig(memory_layout=TensorMemoryLayout::BLOCK_SHARDED,buffer_type=BufferType::L1,shard_spec=ShardSpec(grid={[(x=0,y=0) - (x=7,y=3)]},shape={32, 160},orientation=ShardOrientation::ROW_MAJOR),nd_shard_spec=NdShardSpec(shard_shape=Shape([32, 160]),grid={[(x=0,y=0) - (x=7,y=3)]},orientation=ShardOrientation::ROW_MAJOR,shard_distribution_strategy=ShardDistributionStrategy::GRID_2D),created_with_nd_shard_spec=0) and provided MemoryConfig(memory_layout=TensorMemoryLayout::BLOCK_SHARDED,buffer_type=BufferType::L1,shard_spec=ShardSpec(grid={[(x=0,y=0) - (x=7,y=7)]},shape={32, 160},orientation=ShardOrientation::ROW_MAJOR),nd_shard_spec=std::nullopt,created_with_nd_shard_spec=0) mem config. Using computed config. (matmul_op.cpp:1674)
2026-05-29 10:53:46.697 | INFO     | models.demos.wormhole.stable_diffusion.tt.ttnn_functional_unet_2d_condition_model_new_conv:__call__:491 - Up block 0
2026-05-29 10:53:46.699 | INFO     | models.demos.wormhole.stable_diffusion.tt.ttnn_functional_unet_2d_condition_model_new_conv:__call__:491 - Up block 1
2026-05-29 10:53:46.704 | INFO     | models.demos.wormhole.stable_diffusion.tt.ttnn_functional_unet_2d_condition_model_new_conv:__call__:491 - Up block 2
2026-05-29 10:53:46.712 | INFO     | models.demos.wormhole.stable_diffusion.tt.ttnn_functional_unet_2d_condition_model_new_conv:__call__:491 - Up block 3
  Step 29/41
2026-05-29 10:53:46.735 | INFO     | models.demos.wormhole.stable_diffusion.tt.ttnn_functional_unet_2d_condition_model_new_conv:__call__:406 - Down block 0
2026-05-29 10:53:46.741 | info     |              Op | act_block_h_override 2 is not a valid override for padded_output_height_ntiles_per_core 7, instead 1 was selected as closest valid option! (conv2d_utils.cpp:401)
2026-05-29 10:53:46.742 | INFO     | models.demos.wormhole.stable_diffusion.tt.ttnn_functional_unet_2d_condition_model_new_conv:__call__:406 - Down block 1
2026-05-29 10:53:46.747 | INFO     | models.demos.wormhole.stable_diffusion.tt.ttnn_functional_unet_2d_condition_model_new_conv:__call__:406 - Down block 2
2026-05-29 10:53:46.751 | INFO     | models.demos.wormhole.stable_diffusion.tt.ttnn_functional_unet_2d_condition_model_new_conv:__call__:406 - Down block 3
2026-05-29 10:53:46.752 | INFO     | models.demos.wormhole.stable_diffusion.tt.ttnn_functional_unet_2d_condition_model_new_conv:__call__:460 - Mid block
2026-05-29 10:53:46.752 | warning  |              Op | Mismatch between computed MemoryConfig(memory_layout=TensorMemoryLayout::BLOCK_SHARDED,buffer_type=BufferType::L1,shard_spec=ShardSpec(grid={[(x=0,y=0) - (x=7,y=3)]},shape={32, 160},orientation=ShardOrientation::ROW_MAJOR),nd_shard_spec=NdShardSpec(shard_shape=Shape([32, 160]),grid={[(x=0,y=0) - (x=7,y=3)]},orientation=ShardOrientation::ROW_MAJOR,shard_distribution_strategy=ShardDistributionStrategy::GRID_2D),created_with_nd_shard_spec=0) and provided MemoryConfig(memory_layout=TensorMemoryLayout::BLOCK_SHARDED,buffer_type=BufferType::L1,shard_spec=ShardSpec(grid={[(x=0,y=0) - (x=7,y=7)]},shape={32, 160},orientation=ShardOrientation::ROW_MAJOR),nd_shard_spec=std::nullopt,created_with_nd_shard_spec=0) mem config. Using computed config. (matmul_op.cpp:1674)
2026-05-29 10:53:46.754 | INFO     | models.demos.wormhole.stable_diffusion.tt.ttnn_functional_unet_2d_condition_model_new_conv:__call__:491 - Up block 0
2026-05-29 10:53:46.755 | INFO     | models.demos.wormhole.stable_diffusion.tt.ttnn_functional_unet_2d_condition_model_new_conv:__call__:491 - Up block 1
2026-05-29 10:53:46.760 | INFO     | models.demos.wormhole.stable_diffusion.tt.ttnn_functional_unet_2d_condition_model_new_conv:__call__:491 - Up block 2
2026-05-29 10:53:46.768 | INFO     | models.demos.wormhole.stable_diffusion.tt.ttnn_functional_unet_2d_condition_model_new_conv:__call__:491 - Up block 3
2026-05-29 10:53:46.788 | INFO     | models.demos.wormhole.stable_diffusion.tt.ttnn_functional_unet_2d_condition_model_new_conv:__call__:406 - Down block 0
2026-05-29 10:53:46.794 | info     |              Op | act_block_h_override 2 is not a valid override for padded_output_height_ntiles_per_core 7, instead 1 was selected as closest valid option! (conv2d_utils.cpp:401)
2026-05-29 10:53:46.794 | INFO     | models.demos.wormhole.stable_diffusion.tt.ttnn_functional_unet_2d_condition_model_new_conv:__call__:406 - Down block 1
2026-05-29 10:53:46.800 | INFO     | models.demos.wormhole.stable_diffusion.tt.ttnn_functional_unet_2d_condition_model_new_conv:__call__:406 - Down block 2
2026-05-29 10:53:46.803 | INFO     | models.demos.wormhole.stable_diffusion.tt.ttnn_functional_unet_2d_condition_model_new_conv:__call__:406 - Down block 3
2026-05-29 10:53:46.804 | INFO     | models.demos.wormhole.stable_diffusion.tt.ttnn_functional_unet_2d_condition_model_new_conv:__call__:460 - Mid block
2026-05-29 10:53:46.805 | warning  |              Op | Mismatch between computed MemoryConfig(memory_layout=TensorMemoryLayout::BLOCK_SHARDED,buffer_type=BufferType::L1,shard_spec=ShardSpec(grid={[(x=0,y=0) - (x=7,y=3)]},shape={32, 160},orientation=ShardOrientation::ROW_MAJOR),nd_shard_spec=NdShardSpec(shard_shape=Shape([32, 160]),grid={[(x=0,y=0) - (x=7,y=3)]},orientation=ShardOrientation::ROW_MAJOR,shard_distribution_strategy=ShardDistributionStrategy::GRID_2D),created_with_nd_shard_spec=0) and provided MemoryConfig(memory_layout=TensorMemoryLayout::BLOCK_SHARDED,buffer_type=BufferType::L1,shard_spec=ShardSpec(grid={[(x=0,y=0) - (x=7,y=7)]},shape={32, 160},orientation=ShardOrientation::ROW_MAJOR),nd_shard_spec=std::nullopt,created_with_nd_shard_spec=0) mem config. Using computed config. (matmul_op.cpp:1674)
2026-05-29 10:53:46.806 | INFO     | models.demos.wormhole.stable_diffusion.tt.ttnn_functional_unet_2d_condition_model_new_conv:__call__:491 - Up block 0
2026-05-29 10:53:46.807 | INFO     | models.demos.wormhole.stable_diffusion.tt.ttnn_functional_unet_2d_condition_model_new_conv:__call__:491 - Up block 1
2026-05-29 10:53:46.812 | INFO     | models.demos.wormhole.stable_diffusion.tt.ttnn_functional_unet_2d_condition_model_new_conv:__call__:491 - Up block 2
2026-05-29 10:53:46.820 | INFO     | models.demos.wormhole.stable_diffusion.tt.ttnn_functional_unet_2d_condition_model_new_conv:__call__:491 - Up block 3
2026-05-29 10:53:46.841 | INFO     | models.demos.wormhole.stable_diffusion.tt.ttnn_functional_unet_2d_condition_model_new_conv:__call__:406 - Down block 0
2026-05-29 10:53:46.847 | info     |              Op | act_block_h_override 2 is not a valid override for padded_output_height_ntiles_per_core 7, instead 1 was selected as closest valid option! (conv2d_utils.cpp:401)
2026-05-29 10:53:46.847 | INFO     | models.demos.wormhole.stable_diffusion.tt.ttnn_functional_unet_2d_condition_model_new_conv:__call__:406 - Down block 1
2026-05-29 10:53:46.853 | INFO     | models.demos.wormhole.stable_diffusion.tt.ttnn_functional_unet_2d_condition_model_new_conv:__call__:406 - Down block 2
2026-05-29 10:53:46.856 | INFO     | models.demos.wormhole.stable_diffusion.tt.ttnn_functional_unet_2d_condition_model_new_conv:__call__:406 - Down block 3
2026-05-29 10:53:46.857 | INFO     | models.demos.wormhole.stable_diffusion.tt.ttnn_functional_unet_2d_condition_model_new_conv:__call__:460 - Mid block
2026-05-29 10:53:46.857 | warning  |              Op | Mismatch between computed MemoryConfig(memory_layout=TensorMemoryLayout::BLOCK_SHARDED,buffer_type=BufferType::L1,shard_spec=ShardSpec(grid={[(x=0,y=0) - (x=7,y=3)]},shape={32, 160},orientation=ShardOrientation::ROW_MAJOR),nd_shard_spec=NdShardSpec(shard_shape=Shape([32, 160]),grid={[(x=0,y=0) - (x=7,y=3)]},orientation=ShardOrientation::ROW_MAJOR,shard_distribution_strategy=ShardDistributionStrategy::GRID_2D),created_with_nd_shard_spec=0) and provided MemoryConfig(memory_layout=TensorMemoryLayout::BLOCK_SHARDED,buffer_type=BufferType::L1,shard_spec=ShardSpec(grid={[(x=0,y=0) - (x=7,y=7)]},shape={32, 160},orientation=ShardOrientation::ROW_MAJOR),nd_shard_spec=std::nullopt,created_with_nd_shard_spec=0) mem config. Using computed config. (matmul_op.cpp:1674)
2026-05-29 10:53:46.859 | INFO     | models.demos.wormhole.stable_diffusion.tt.ttnn_functional_unet_2d_condition_model_new_conv:__call__:491 - Up block 0
2026-05-29 10:53:46.860 | INFO     | models.demos.wormhole.stable_diffusion.tt.ttnn_functional_unet_2d_condition_model_new_conv:__call__:491 - Up block 1
2026-05-29 10:53:46.865 | INFO     | models.demos.wormhole.stable_diffusion.tt.ttnn_functional_unet_2d_condition_model_new_conv:__call__:491 - Up block 2
2026-05-29 10:53:46.873 | INFO     | models.demos.wormhole.stable_diffusion.tt.ttnn_functional_unet_2d_condition_model_new_conv:__call__:491 - Up block 3
2026-05-29 10:53:46.893 | INFO     | models.demos.wormhole.stable_diffusion.tt.ttnn_functional_unet_2d_condition_model_new_conv:__call__:406 - Down block 0
2026-05-29 10:53:46.899 | info     |              Op | act_block_h_override 2 is not a valid override for padded_output_height_ntiles_per_core 7, instead 1 was selected as closest valid option! (conv2d_utils.cpp:401)
2026-05-29 10:53:46.899 | INFO     | models.demos.wormhole.stable_diffusion.tt.ttnn_functional_unet_2d_condition_model_new_conv:__call__:406 - Down block 1
2026-05-29 10:53:46.904 | INFO     | models.demos.wormhole.stable_diffusion.tt.ttnn_functional_unet_2d_condition_model_new_conv:__call__:406 - Down block 2
2026-05-29 10:53:46.907 | INFO     | models.demos.wormhole.stable_diffusion.tt.ttnn_functional_unet_2d_condition_model_new_conv:__call__:406 - Down block 3
2026-05-29 10:53:46.908 | INFO     | models.demos.wormhole.stable_diffusion.tt.ttnn_functional_unet_2d_condition_model_new_conv:__call__:460 - Mid block
2026-05-29 10:53:46.909 | warning  |              Op | Mismatch between computed MemoryConfig(memory_layout=TensorMemoryLayout::BLOCK_SHARDED,buffer_type=BufferType::L1,shard_spec=ShardSpec(grid={[(x=0,y=0) - (x=7,y=3)]},shape={32, 160},orientation=ShardOrientation::ROW_MAJOR),nd_shard_spec=NdShardSpec(shard_shape=Shape([32, 160]),grid={[(x=0,y=0) - (x=7,y=3)]},orientation=ShardOrientation::ROW_MAJOR,shard_distribution_strategy=ShardDistributionStrategy::GRID_2D),created_with_nd_shard_spec=0) and provided MemoryConfig(memory_layout=TensorMemoryLayout::BLOCK_SHARDED,buffer_type=BufferType::L1,shard_spec=ShardSpec(grid={[(x=0,y=0) - (x=7,y=7)]},shape={32, 160},orientation=ShardOrientation::ROW_MAJOR),nd_shard_spec=std::nullopt,created_with_nd_shard_spec=0) mem config. Using computed config. (matmul_op.cpp:1674)
2026-05-29 10:53:46.910 | INFO     | models.demos.wormhole.stable_diffusion.tt.ttnn_functional_unet_2d_condition_model_new_conv:__call__:491 - Up block 0
2026-05-29 10:53:46.911 | INFO     | models.demos.wormhole.stable_diffusion.tt.ttnn_functional_unet_2d_condition_model_new_conv:__call__:491 - Up block 1
2026-05-29 10:53:46.916 | INFO     | models.demos.wormhole.stable_diffusion.tt.ttnn_functional_unet_2d_condition_model_new_conv:__call__:491 - Up block 2
2026-05-29 10:53:46.924 | INFO     | models.demos.wormhole.stable_diffusion.tt.ttnn_functional_unet_2d_condition_model_new_conv:__call__:491 - Up block 3
2026-05-29 10:53:46.945 | INFO     | models.demos.wormhole.stable_diffusion.tt.ttnn_functional_unet_2d_condition_model_new_conv:__call__:406 - Down block 0
2026-05-29 10:53:46.951 | info     |              Op | act_block_h_override 2 is not a valid override for padded_output_height_ntiles_per_core 7, instead 1 was selected as closest valid option! (conv2d_utils.cpp:401)
2026-05-29 10:53:46.951 | INFO     | models.demos.wormhole.stable_diffusion.tt.ttnn_functional_unet_2d_condition_model_new_conv:__call__:406 - Down block 1
2026-05-29 10:53:46.957 | INFO     | models.demos.wormhole.stable_diffusion.tt.ttnn_functional_unet_2d_condition_model_new_conv:__call__:406 - Down block 2
2026-05-29 10:53:46.960 | INFO     | models.demos.wormhole.stable_diffusion.tt.ttnn_functional_unet_2d_condition_model_new_conv:__call__:406 - Down block 3
2026-05-29 10:53:46.961 | INFO     | models.demos.wormhole.stable_diffusion.tt.ttnn_functional_unet_2d_condition_model_new_conv:__call__:460 - Mid block
2026-05-29 10:53:46.961 | warning  |              Op | Mismatch between computed MemoryConfig(memory_layout=TensorMemoryLayout::BLOCK_SHARDED,buffer_type=BufferType::L1,shard_spec=ShardSpec(grid={[(x=0,y=0) - (x=7,y=3)]},shape={32, 160},orientation=ShardOrientation::ROW_MAJOR),nd_shard_spec=NdShardSpec(shard_shape=Shape([32, 160]),grid={[(x=0,y=0) - (x=7,y=3)]},orientation=ShardOrientation::ROW_MAJOR,shard_distribution_strategy=ShardDistributionStrategy::GRID_2D),created_with_nd_shard_spec=0) and provided MemoryConfig(memory_layout=TensorMemoryLayout::BLOCK_SHARDED,buffer_type=BufferType::L1,shard_spec=ShardSpec(grid={[(x=0,y=0) - (x=7,y=7)]},shape={32, 160},orientation=ShardOrientation::ROW_MAJOR),nd_shard_spec=std::nullopt,created_with_nd_shard_spec=0) mem config. Using computed config. (matmul_op.cpp:1674)
2026-05-29 10:53:46.963 | INFO     | models.demos.wormhole.stable_diffusion.tt.ttnn_functional_unet_2d_condition_model_new_conv:__call__:491 - Up block 0
2026-05-29 10:53:46.964 | INFO     | models.demos.wormhole.stable_diffusion.tt.ttnn_functional_unet_2d_condition_model_new_conv:__call__:491 - Up block 1
2026-05-29 10:53:46.969 | INFO     | models.demos.wormhole.stable_diffusion.tt.ttnn_functional_unet_2d_condition_model_new_conv:__call__:491 - Up block 2
2026-05-29 10:53:46.977 | INFO     | models.demos.wormhole.stable_diffusion.tt.ttnn_functional_unet_2d_condition_model_new_conv:__call__:491 - Up block 3
2026-05-29 10:53:46.997 | INFO     | models.demos.wormhole.stable_diffusion.tt.ttnn_functional_unet_2d_condition_model_new_conv:__call__:406 - Down block 0
2026-05-29 10:53:47.003 | info     |              Op | act_block_h_override 2 is not a valid override for padded_output_height_ntiles_per_core 7, instead 1 was selected as closest valid option! (conv2d_utils.cpp:401)
2026-05-29 10:53:47.003 | INFO     | models.demos.wormhole.stable_diffusion.tt.ttnn_functional_unet_2d_condition_model_new_conv:__call__:406 - Down block 1
2026-05-29 10:53:47.008 | INFO     | models.demos.wormhole.stable_diffusion.tt.ttnn_functional_unet_2d_condition_model_new_conv:__call__:406 - Down block 2
2026-05-29 10:53:47.012 | INFO     | models.demos.wormhole.stable_diffusion.tt.ttnn_functional_unet_2d_condition_model_new_conv:__call__:406 - Down block 3
2026-05-29 10:53:47.012 | INFO     | models.demos.wormhole.stable_diffusion.tt.ttnn_functional_unet_2d_condition_model_new_conv:__call__:460 - Mid block
2026-05-29 10:53:47.013 | warning  |              Op | Mismatch between computed MemoryConfig(memory_layout=TensorMemoryLayout::BLOCK_SHARDED,buffer_type=BufferType::L1,shard_spec=ShardSpec(grid={[(x=0,y=0) - (x=7,y=3)]},shape={32, 160},orientation=ShardOrientation::ROW_MAJOR),nd_shard_spec=NdShardSpec(shard_shape=Shape([32, 160]),grid={[(x=0,y=0) - (x=7,y=3)]},orientation=ShardOrientation::ROW_MAJOR,shard_distribution_strategy=ShardDistributionStrategy::GRID_2D),created_with_nd_shard_spec=0) and provided MemoryConfig(memory_layout=TensorMemoryLayout::BLOCK_SHARDED,buffer_type=BufferType::L1,shard_spec=ShardSpec(grid={[(x=0,y=0) - (x=7,y=7)]},shape={32, 160},orientation=ShardOrientation::ROW_MAJOR),nd_shard_spec=std::nullopt,created_with_nd_shard_spec=0) mem config. Using computed config. (matmul_op.cpp:1674)
2026-05-29 10:53:47.014 | INFO     | models.demos.wormhole.stable_diffusion.tt.ttnn_functional_unet_2d_condition_model_new_conv:__call__:491 - Up block 0
2026-05-29 10:53:47.016 | INFO     | models.demos.wormhole.stable_diffusion.tt.ttnn_functional_unet_2d_condition_model_new_conv:__call__:491 - Up block 1
2026-05-29 10:53:47.020 | INFO     | models.demos.wormhole.stable_diffusion.tt.ttnn_functional_unet_2d_condition_model_new_conv:__call__:491 - Up block 2
2026-05-29 10:53:47.028 | INFO     | models.demos.wormhole.stable_diffusion.tt.ttnn_functional_unet_2d_condition_model_new_conv:__call__:491 - Up block 3
2026-05-29 10:53:47.050 | INFO     | models.demos.wormhole.stable_diffusion.tt.ttnn_functional_unet_2d_condition_model_new_conv:__call__:406 - Down block 0
2026-05-29 10:53:47.055 | info     |              Op | act_block_h_override 2 is not a valid override for padded_output_height_ntiles_per_core 7, instead 1 was selected as closest valid option! (conv2d_utils.cpp:401)
2026-05-29 10:53:47.056 | INFO     | models.demos.wormhole.stable_diffusion.tt.ttnn_functional_unet_2d_condition_model_new_conv:__call__:406 - Down block 1
2026-05-29 10:53:47.061 | INFO     | models.demos.wormhole.stable_diffusion.tt.ttnn_functional_unet_2d_condition_model_new_conv:__call__:406 - Down block 2
2026-05-29 10:53:47.065 | INFO     | models.demos.wormhole.stable_diffusion.tt.ttnn_functional_unet_2d_condition_model_new_conv:__call__:406 - Down block 3
2026-05-29 10:53:47.065 | INFO     | models.demos.wormhole.stable_diffusion.tt.ttnn_functional_unet_2d_condition_model_new_conv:__call__:460 - Mid block
2026-05-29 10:53:47.066 | warning  |              Op | Mismatch between computed MemoryConfig(memory_layout=TensorMemoryLayout::BLOCK_SHARDED,buffer_type=BufferType::L1,shard_spec=ShardSpec(grid={[(x=0,y=0) - (x=7,y=3)]},shape={32, 160},orientation=ShardOrientation::ROW_MAJOR),nd_shard_spec=NdShardSpec(shard_shape=Shape([32, 160]),grid={[(x=0,y=0) - (x=7,y=3)]},orientation=ShardOrientation::ROW_MAJOR,shard_distribution_strategy=ShardDistributionStrategy::GRID_2D),created_with_nd_shard_spec=0) and provided MemoryConfig(memory_layout=TensorMemoryLayout::BLOCK_SHARDED,buffer_type=BufferType::L1,shard_spec=ShardSpec(grid={[(x=0,y=0) - (x=7,y=7)]},shape={32, 160},orientation=ShardOrientation::ROW_MAJOR),nd_shard_spec=std::nullopt,created_with_nd_shard_spec=0) mem config. Using computed config. (matmul_op.cpp:1674)
2026-05-29 10:53:47.067 | INFO     | models.demos.wormhole.stable_diffusion.tt.ttnn_functional_unet_2d_condition_model_new_conv:__call__:491 - Up block 0
2026-05-29 10:53:47.069 | INFO     | models.demos.wormhole.stable_diffusion.tt.ttnn_functional_unet_2d_condition_model_new_conv:__call__:491 - Up block 1
2026-05-29 10:53:47.074 | INFO     | models.demos.wormhole.stable_diffusion.tt.ttnn_functional_unet_2d_condition_model_new_conv:__call__:491 - Up block 2
2026-05-29 10:53:47.082 | INFO     | models.demos.wormhole.stable_diffusion.tt.ttnn_functional_unet_2d_condition_model_new_conv:__call__:491 - Up block 3
2026-05-29 10:53:47.102 | INFO     | models.demos.wormhole.stable_diffusion.tt.ttnn_functional_unet_2d_condition_model_new_conv:__call__:406 - Down block 0
2026-05-29 10:53:47.108 | info     |              Op | act_block_h_override 2 is not a valid override for padded_output_height_ntiles_per_core 7, instead 1 was selected as closest valid option! (conv2d_utils.cpp:401)
2026-05-29 10:53:47.108 | INFO     | models.demos.wormhole.stable_diffusion.tt.ttnn_functional_unet_2d_condition_model_new_conv:__call__:406 - Down block 1
2026-05-29 10:53:47.113 | INFO     | models.demos.wormhole.stable_diffusion.tt.ttnn_functional_unet_2d_condition_model_new_conv:__call__:406 - Down block 2
2026-05-29 10:53:47.116 | INFO     | models.demos.wormhole.stable_diffusion.tt.ttnn_functional_unet_2d_condition_model_new_conv:__call__:406 - Down block 3
2026-05-29 10:53:47.117 | INFO     | models.demos.wormhole.stable_diffusion.tt.ttnn_functional_unet_2d_condition_model_new_conv:__call__:460 - Mid block
2026-05-29 10:53:47.118 | warning  |              Op | Mismatch between computed MemoryConfig(memory_layout=TensorMemoryLayout::BLOCK_SHARDED,buffer_type=BufferType::L1,shard_spec=ShardSpec(grid={[(x=0,y=0) - (x=7,y=3)]},shape={32, 160},orientation=ShardOrientation::ROW_MAJOR),nd_shard_spec=NdShardSpec(shard_shape=Shape([32, 160]),grid={[(x=0,y=0) - (x=7,y=3)]},orientation=ShardOrientation::ROW_MAJOR,shard_distribution_strategy=ShardDistributionStrategy::GRID_2D),created_with_nd_shard_spec=0) and provided MemoryConfig(memory_layout=TensorMemoryLayout::BLOCK_SHARDED,buffer_type=BufferType::L1,shard_spec=ShardSpec(grid={[(x=0,y=0) - (x=7,y=7)]},shape={32, 160},orientation=ShardOrientation::ROW_MAJOR),nd_shard_spec=std::nullopt,created_with_nd_shard_spec=0) mem config. Using computed config. (matmul_op.cpp:1674)
2026-05-29 10:53:47.119 | INFO     | models.demos.wormhole.stable_diffusion.tt.ttnn_functional_unet_2d_condition_model_new_conv:__call__:491 - Up block 0
2026-05-29 10:53:47.120 | INFO     | models.demos.wormhole.stable_diffusion.tt.ttnn_functional_unet_2d_condition_model_new_conv:__call__:491 - Up block 1
2026-05-29 10:53:47.125 | INFO     | models.demos.wormhole.stable_diffusion.tt.ttnn_functional_unet_2d_condition_model_new_conv:__call__:491 - Up block 2
2026-05-29 10:53:47.133 | INFO     | models.demos.wormhole.stable_diffusion.tt.ttnn_functional_unet_2d_condition_model_new_conv:__call__:491 - Up block 3
  Step 30/41
2026-05-29 10:53:47.156 | INFO     | models.demos.wormhole.stable_diffusion.tt.ttnn_functional_unet_2d_condition_model_new_conv:__call__:406 - Down block 0
2026-05-29 10:53:47.163 | info     |              Op | act_block_h_override 2 is not a valid override for padded_output_height_ntiles_per_core 7, instead 1 was selected as closest valid option! (conv2d_utils.cpp:401)
2026-05-29 10:53:47.163 | INFO     | models.demos.wormhole.stable_diffusion.tt.ttnn_functional_unet_2d_condition_model_new_conv:__call__:406 - Down block 1
2026-05-29 10:53:47.168 | INFO     | models.demos.wormhole.stable_diffusion.tt.ttnn_functional_unet_2d_condition_model_new_conv:__call__:406 - Down block 2
2026-05-29 10:53:47.172 | INFO     | models.demos.wormhole.stable_diffusion.tt.ttnn_functional_unet_2d_condition_model_new_conv:__call__:406 - Down block 3
2026-05-29 10:53:47.173 | INFO     | models.demos.wormhole.stable_diffusion.tt.ttnn_functional_unet_2d_condition_model_new_conv:__call__:460 - Mid block
2026-05-29 10:53:47.173 | warning  |              Op | Mismatch between computed MemoryConfig(memory_layout=TensorMemoryLayout::BLOCK_SHARDED,buffer_type=BufferType::L1,shard_spec=ShardSpec(grid={[(x=0,y=0) - (x=7,y=3)]},shape={32, 160},orientation=ShardOrientation::ROW_MAJOR),nd_shard_spec=NdShardSpec(shard_shape=Shape([32, 160]),grid={[(x=0,y=0) - (x=7,y=3)]},orientation=ShardOrientation::ROW_MAJOR,shard_distribution_strategy=ShardDistributionStrategy::GRID_2D),created_with_nd_shard_spec=0) and provided MemoryConfig(memory_layout=TensorMemoryLayout::BLOCK_SHARDED,buffer_type=BufferType::L1,shard_spec=ShardSpec(grid={[(x=0,y=0) - (x=7,y=7)]},shape={32, 160},orientation=ShardOrientation::ROW_MAJOR),nd_shard_spec=std::nullopt,created_with_nd_shard_spec=0) mem config. Using computed config. (matmul_op.cpp:1674)
2026-05-29 10:53:47.175 | INFO     | models.demos.wormhole.stable_diffusion.tt.ttnn_functional_unet_2d_condition_model_new_conv:__call__:491 - Up block 0
2026-05-29 10:53:47.176 | INFO     | models.demos.wormhole.stable_diffusion.tt.ttnn_functional_unet_2d_condition_model_new_conv:__call__:491 - Up block 1
2026-05-29 10:53:47.181 | INFO     | models.demos.wormhole.stable_diffusion.tt.ttnn_functional_unet_2d_condition_model_new_conv:__call__:491 - Up block 2
2026-05-29 10:53:47.189 | INFO     | models.demos.wormhole.stable_diffusion.tt.ttnn_functional_unet_2d_condition_model_new_conv:__call__:491 - Up block 3
2026-05-29 10:53:47.210 | INFO     | models.demos.wormhole.stable_diffusion.tt.ttnn_functional_unet_2d_condition_model_new_conv:__call__:406 - Down block 0
2026-05-29 10:53:47.215 | info     |              Op | act_block_h_override 2 is not a valid override for padded_output_height_ntiles_per_core 7, instead 1 was selected as closest valid option! (conv2d_utils.cpp:401)
2026-05-29 10:53:47.216 | INFO     | models.demos.wormhole.stable_diffusion.tt.ttnn_functional_unet_2d_condition_model_new_conv:__call__:406 - Down block 1
2026-05-29 10:53:47.221 | INFO     | models.demos.wormhole.stable_diffusion.tt.ttnn_functional_unet_2d_condition_model_new_conv:__call__:406 - Down block 2
2026-05-29 10:53:47.225 | INFO     | models.demos.wormhole.stable_diffusion.tt.ttnn_functional_unet_2d_condition_model_new_conv:__call__:406 - Down block 3
2026-05-29 10:53:47.225 | INFO     | models.demos.wormhole.stable_diffusion.tt.ttnn_functional_unet_2d_condition_model_new_conv:__call__:460 - Mid block
2026-05-29 10:53:47.226 | warning  |              Op | Mismatch between computed MemoryConfig(memory_layout=TensorMemoryLayout::BLOCK_SHARDED,buffer_type=BufferType::L1,shard_spec=ShardSpec(grid={[(x=0,y=0) - (x=7,y=3)]},shape={32, 160},orientation=ShardOrientation::ROW_MAJOR),nd_shard_spec=NdShardSpec(shard_shape=Shape([32, 160]),grid={[(x=0,y=0) - (x=7,y=3)]},orientation=ShardOrientation::ROW_MAJOR,shard_distribution_strategy=ShardDistributionStrategy::GRID_2D),created_with_nd_shard_spec=0) and provided MemoryConfig(memory_layout=TensorMemoryLayout::BLOCK_SHARDED,buffer_type=BufferType::L1,shard_spec=ShardSpec(grid={[(x=0,y=0) - (x=7,y=7)]},shape={32, 160},orientation=ShardOrientation::ROW_MAJOR),nd_shard_spec=std::nullopt,created_with_nd_shard_spec=0) mem config. Using computed config. (matmul_op.cpp:1674)
2026-05-29 10:53:47.227 | INFO     | models.demos.wormhole.stable_diffusion.tt.ttnn_functional_unet_2d_condition_model_new_conv:__call__:491 - Up block 0
2026-05-29 10:53:47.228 | INFO     | models.demos.wormhole.stable_diffusion.tt.ttnn_functional_unet_2d_condition_model_new_conv:__call__:491 - Up block 1
2026-05-29 10:53:47.233 | INFO     | models.demos.wormhole.stable_diffusion.tt.ttnn_functional_unet_2d_condition_model_new_conv:__call__:491 - Up block 2
2026-05-29 10:53:47.241 | INFO     | models.demos.wormhole.stable_diffusion.tt.ttnn_functional_unet_2d_condition_model_new_conv:__call__:491 - Up block 3
2026-05-29 10:53:47.262 | INFO     | models.demos.wormhole.stable_diffusion.tt.ttnn_functional_unet_2d_condition_model_new_conv:__call__:406 - Down block 0
2026-05-29 10:53:47.267 | info     |              Op | act_block_h_override 2 is not a valid override for padded_output_height_ntiles_per_core 7, instead 1 was selected as closest valid option! (conv2d_utils.cpp:401)
2026-05-29 10:53:47.267 | INFO     | models.demos.wormhole.stable_diffusion.tt.ttnn_functional_unet_2d_condition_model_new_conv:__call__:406 - Down block 1
2026-05-29 10:53:47.273 | INFO     | models.demos.wormhole.stable_diffusion.tt.ttnn_functional_unet_2d_condition_model_new_conv:__call__:406 - Down block 2
2026-05-29 10:53:47.276 | INFO     | models.demos.wormhole.stable_diffusion.tt.ttnn_functional_unet_2d_condition_model_new_conv:__call__:406 - Down block 3
2026-05-29 10:53:47.277 | INFO     | models.demos.wormhole.stable_diffusion.tt.ttnn_functional_unet_2d_condition_model_new_conv:__call__:460 - Mid block
2026-05-29 10:53:47.277 | warning  |              Op | Mismatch between computed MemoryConfig(memory_layout=TensorMemoryLayout::BLOCK_SHARDED,buffer_type=BufferType::L1,shard_spec=ShardSpec(grid={[(x=0,y=0) - (x=7,y=3)]},shape={32, 160},orientation=ShardOrientation::ROW_MAJOR),nd_shard_spec=NdShardSpec(shard_shape=Shape([32, 160]),grid={[(x=0,y=0) - (x=7,y=3)]},orientation=ShardOrientation::ROW_MAJOR,shard_distribution_strategy=ShardDistributionStrategy::GRID_2D),created_with_nd_shard_spec=0) and provided MemoryConfig(memory_layout=TensorMemoryLayout::BLOCK_SHARDED,buffer_type=BufferType::L1,shard_spec=ShardSpec(grid={[(x=0,y=0) - (x=7,y=7)]},shape={32, 160},orientation=ShardOrientation::ROW_MAJOR),nd_shard_spec=std::nullopt,created_with_nd_shard_spec=0) mem config. Using computed config. (matmul_op.cpp:1674)
2026-05-29 10:53:47.279 | INFO     | models.demos.wormhole.stable_diffusion.tt.ttnn_functional_unet_2d_condition_model_new_conv:__call__:491 - Up block 0
2026-05-29 10:53:47.280 | INFO     | models.demos.wormhole.stable_diffusion.tt.ttnn_functional_unet_2d_condition_model_new_conv:__call__:491 - Up block 1
2026-05-29 10:53:47.285 | INFO     | models.demos.wormhole.stable_diffusion.tt.ttnn_functional_unet_2d_condition_model_new_conv:__call__:491 - Up block 2
2026-05-29 10:53:47.293 | INFO     | models.demos.wormhole.stable_diffusion.tt.ttnn_functional_unet_2d_condition_model_new_conv:__call__:491 - Up block 3
2026-05-29 10:53:47.313 | INFO     | models.demos.wormhole.stable_diffusion.tt.ttnn_functional_unet_2d_condition_model_new_conv:__call__:406 - Down block 0
2026-05-29 10:53:47.319 | info     |              Op | act_block_h_override 2 is not a valid override for padded_output_height_ntiles_per_core 7, instead 1 was selected as closest valid option! (conv2d_utils.cpp:401)
2026-05-29 10:53:47.319 | INFO     | models.demos.wormhole.stable_diffusion.tt.ttnn_functional_unet_2d_condition_model_new_conv:__call__:406 - Down block 1
2026-05-29 10:53:47.325 | INFO     | models.demos.wormhole.stable_diffusion.tt.ttnn_functional_unet_2d_condition_model_new_conv:__call__:406 - Down block 2
2026-05-29 10:53:47.328 | INFO     | models.demos.wormhole.stable_diffusion.tt.ttnn_functional_unet_2d_condition_model_new_conv:__call__:406 - Down block 3
2026-05-29 10:53:47.329 | INFO     | models.demos.wormhole.stable_diffusion.tt.ttnn_functional_unet_2d_condition_model_new_conv:__call__:460 - Mid block
2026-05-29 10:53:47.329 | warning  |              Op | Mismatch between computed MemoryConfig(memory_layout=TensorMemoryLayout::BLOCK_SHARDED,buffer_type=BufferType::L1,shard_spec=ShardSpec(grid={[(x=0,y=0) - (x=7,y=3)]},shape={32, 160},orientation=ShardOrientation::ROW_MAJOR),nd_shard_spec=NdShardSpec(shard_shape=Shape([32, 160]),grid={[(x=0,y=0) - (x=7,y=3)]},orientation=ShardOrientation::ROW_MAJOR,shard_distribution_strategy=ShardDistributionStrategy::GRID_2D),created_with_nd_shard_spec=0) and provided MemoryConfig(memory_layout=TensorMemoryLayout::BLOCK_SHARDED,buffer_type=BufferType::L1,shard_spec=ShardSpec(grid={[(x=0,y=0) - (x=7,y=7)]},shape={32, 160},orientation=ShardOrientation::ROW_MAJOR),nd_shard_spec=std::nullopt,created_with_nd_shard_spec=0) mem config. Using computed config. (matmul_op.cpp:1674)
2026-05-29 10:53:47.331 | INFO     | models.demos.wormhole.stable_diffusion.tt.ttnn_functional_unet_2d_condition_model_new_conv:__call__:491 - Up block 0
2026-05-29 10:53:47.332 | INFO     | models.demos.wormhole.stable_diffusion.tt.ttnn_functional_unet_2d_condition_model_new_conv:__call__:491 - Up block 1
2026-05-29 10:53:47.337 | INFO     | models.demos.wormhole.stable_diffusion.tt.ttnn_functional_unet_2d_condition_model_new_conv:__call__:491 - Up block 2
2026-05-29 10:53:47.345 | INFO     | models.demos.wormhole.stable_diffusion.tt.ttnn_functional_unet_2d_condition_model_new_conv:__call__:491 - Up block 3
2026-05-29 10:53:47.365 | INFO     | models.demos.wormhole.stable_diffusion.tt.ttnn_functional_unet_2d_condition_model_new_conv:__call__:406 - Down block 0
2026-05-29 10:53:47.371 | info     |              Op | act_block_h_override 2 is not a valid override for padded_output_height_ntiles_per_core 7, instead 1 was selected as closest valid option! (conv2d_utils.cpp:401)
2026-05-29 10:53:47.371 | INFO     | models.demos.wormhole.stable_diffusion.tt.ttnn_functional_unet_2d_condition_model_new_conv:__call__:406 - Down block 1
2026-05-29 10:53:47.376 | INFO     | models.demos.wormhole.stable_diffusion.tt.ttnn_functional_unet_2d_condition_model_new_conv:__call__:406 - Down block 2
2026-05-29 10:53:47.380 | INFO     | models.demos.wormhole.stable_diffusion.tt.ttnn_functional_unet_2d_condition_model_new_conv:__call__:406 - Down block 3
2026-05-29 10:53:47.380 | INFO     | models.demos.wormhole.stable_diffusion.tt.ttnn_functional_unet_2d_condition_model_new_conv:__call__:460 - Mid block
2026-05-29 10:53:47.381 | warning  |              Op | Mismatch between computed MemoryConfig(memory_layout=TensorMemoryLayout::BLOCK_SHARDED,buffer_type=BufferType::L1,shard_spec=ShardSpec(grid={[(x=0,y=0) - (x=7,y=3)]},shape={32, 160},orientation=ShardOrientation::ROW_MAJOR),nd_shard_spec=NdShardSpec(shard_shape=Shape([32, 160]),grid={[(x=0,y=0) - (x=7,y=3)]},orientation=ShardOrientation::ROW_MAJOR,shard_distribution_strategy=ShardDistributionStrategy::GRID_2D),created_with_nd_shard_spec=0) and provided MemoryConfig(memory_layout=TensorMemoryLayout::BLOCK_SHARDED,buffer_type=BufferType::L1,shard_spec=ShardSpec(grid={[(x=0,y=0) - (x=7,y=7)]},shape={32, 160},orientation=ShardOrientation::ROW_MAJOR),nd_shard_spec=std::nullopt,created_with_nd_shard_spec=0) mem config. Using computed config. (matmul_op.cpp:1674)
2026-05-29 10:53:47.382 | INFO     | models.demos.wormhole.stable_diffusion.tt.ttnn_functional_unet_2d_condition_model_new_conv:__call__:491 - Up block 0
2026-05-29 10:53:47.383 | INFO     | models.demos.wormhole.stable_diffusion.tt.ttnn_functional_unet_2d_condition_model_new_conv:__call__:491 - Up block 1
2026-05-29 10:53:47.388 | INFO     | models.demos.wormhole.stable_diffusion.tt.ttnn_functional_unet_2d_condition_model_new_conv:__call__:491 - Up block 2
2026-05-29 10:53:47.396 | INFO     | models.demos.wormhole.stable_diffusion.tt.ttnn_functional_unet_2d_condition_model_new_conv:__call__:491 - Up block 3
2026-05-29 10:53:47.417 | INFO     | models.demos.wormhole.stable_diffusion.tt.ttnn_functional_unet_2d_condition_model_new_conv:__call__:406 - Down block 0
2026-05-29 10:53:47.423 | info     |              Op | act_block_h_override 2 is not a valid override for padded_output_height_ntiles_per_core 7, instead 1 was selected as closest valid option! (conv2d_utils.cpp:401)
2026-05-29 10:53:47.423 | INFO     | models.demos.wormhole.stable_diffusion.tt.ttnn_functional_unet_2d_condition_model_new_conv:__call__:406 - Down block 1
2026-05-29 10:53:47.428 | INFO     | models.demos.wormhole.stable_diffusion.tt.ttnn_functional_unet_2d_condition_model_new_conv:__call__:406 - Down block 2
2026-05-29 10:53:47.432 | INFO     | models.demos.wormhole.stable_diffusion.tt.ttnn_functional_unet_2d_condition_model_new_conv:__call__:406 - Down block 3
2026-05-29 10:53:47.433 | INFO     | models.demos.wormhole.stable_diffusion.tt.ttnn_functional_unet_2d_condition_model_new_conv:__call__:460 - Mid block
2026-05-29 10:53:47.433 | warning  |              Op | Mismatch between computed MemoryConfig(memory_layout=TensorMemoryLayout::BLOCK_SHARDED,buffer_type=BufferType::L1,shard_spec=ShardSpec(grid={[(x=0,y=0) - (x=7,y=3)]},shape={32, 160},orientation=ShardOrientation::ROW_MAJOR),nd_shard_spec=NdShardSpec(shard_shape=Shape([32, 160]),grid={[(x=0,y=0) - (x=7,y=3)]},orientation=ShardOrientation::ROW_MAJOR,shard_distribution_strategy=ShardDistributionStrategy::GRID_2D),created_with_nd_shard_spec=0) and provided MemoryConfig(memory_layout=TensorMemoryLayout::BLOCK_SHARDED,buffer_type=BufferType::L1,shard_spec=ShardSpec(grid={[(x=0,y=0) - (x=7,y=7)]},shape={32, 160},orientation=ShardOrientation::ROW_MAJOR),nd_shard_spec=std::nullopt,created_with_nd_shard_spec=0) mem config. Using computed config. (matmul_op.cpp:1674)
2026-05-29 10:53:47.434 | INFO     | models.demos.wormhole.stable_diffusion.tt.ttnn_functional_unet_2d_condition_model_new_conv:__call__:491 - Up block 0
2026-05-29 10:53:47.436 | INFO     | models.demos.wormhole.stable_diffusion.tt.ttnn_functional_unet_2d_condition_model_new_conv:__call__:491 - Up block 1
2026-05-29 10:53:47.441 | INFO     | models.demos.wormhole.stable_diffusion.tt.ttnn_functional_unet_2d_condition_model_new_conv:__call__:491 - Up block 2
2026-05-29 10:53:47.449 | INFO     | models.demos.wormhole.stable_diffusion.tt.ttnn_functional_unet_2d_condition_model_new_conv:__call__:491 - Up block 3
2026-05-29 10:53:47.469 | INFO     | models.demos.wormhole.stable_diffusion.tt.ttnn_functional_unet_2d_condition_model_new_conv:__call__:406 - Down block 0
2026-05-29 10:53:47.475 | info     |              Op | act_block_h_override 2 is not a valid override for padded_output_height_ntiles_per_core 7, instead 1 was selected as closest valid option! (conv2d_utils.cpp:401)
2026-05-29 10:53:47.475 | INFO     | models.demos.wormhole.stable_diffusion.tt.ttnn_functional_unet_2d_condition_model_new_conv:__call__:406 - Down block 1
2026-05-29 10:53:47.480 | INFO     | models.demos.wormhole.stable_diffusion.tt.ttnn_functional_unet_2d_condition_model_new_conv:__call__:406 - Down block 2
2026-05-29 10:53:47.483 | INFO     | models.demos.wormhole.stable_diffusion.tt.ttnn_functional_unet_2d_condition_model_new_conv:__call__:406 - Down block 3
2026-05-29 10:53:47.484 | INFO     | models.demos.wormhole.stable_diffusion.tt.ttnn_functional_unet_2d_condition_model_new_conv:__call__:460 - Mid block
2026-05-29 10:53:47.485 | warning  |              Op | Mismatch between computed MemoryConfig(memory_layout=TensorMemoryLayout::BLOCK_SHARDED,buffer_type=BufferType::L1,shard_spec=ShardSpec(grid={[(x=0,y=0) - (x=7,y=3)]},shape={32, 160},orientation=ShardOrientation::ROW_MAJOR),nd_shard_spec=NdShardSpec(shard_shape=Shape([32, 160]),grid={[(x=0,y=0) - (x=7,y=3)]},orientation=ShardOrientation::ROW_MAJOR,shard_distribution_strategy=ShardDistributionStrategy::GRID_2D),created_with_nd_shard_spec=0) and provided MemoryConfig(memory_layout=TensorMemoryLayout::BLOCK_SHARDED,buffer_type=BufferType::L1,shard_spec=ShardSpec(grid={[(x=0,y=0) - (x=7,y=7)]},shape={32, 160},orientation=ShardOrientation::ROW_MAJOR),nd_shard_spec=std::nullopt,created_with_nd_shard_spec=0) mem config. Using computed config. (matmul_op.cpp:1674)
2026-05-29 10:53:47.486 | INFO     | models.demos.wormhole.stable_diffusion.tt.ttnn_functional_unet_2d_condition_model_new_conv:__call__:491 - Up block 0
2026-05-29 10:53:47.487 | INFO     | models.demos.wormhole.stable_diffusion.tt.ttnn_functional_unet_2d_condition_model_new_conv:__call__:491 - Up block 1
2026-05-29 10:53:47.492 | INFO     | models.demos.wormhole.stable_diffusion.tt.ttnn_functional_unet_2d_condition_model_new_conv:__call__:491 - Up block 2
2026-05-29 10:53:47.500 | INFO     | models.demos.wormhole.stable_diffusion.tt.ttnn_functional_unet_2d_condition_model_new_conv:__call__:491 - Up block 3
2026-05-29 10:53:47.521 | INFO     | models.demos.wormhole.stable_diffusion.tt.ttnn_functional_unet_2d_condition_model_new_conv:__call__:406 - Down block 0
2026-05-29 10:53:47.527 | info     |              Op | act_block_h_override 2 is not a valid override for padded_output_height_ntiles_per_core 7, instead 1 was selected as closest valid option! (conv2d_utils.cpp:401)
2026-05-29 10:53:47.527 | INFO     | models.demos.wormhole.stable_diffusion.tt.ttnn_functional_unet_2d_condition_model_new_conv:__call__:406 - Down block 1
2026-05-29 10:53:47.532 | INFO     | models.demos.wormhole.stable_diffusion.tt.ttnn_functional_unet_2d_condition_model_new_conv:__call__:406 - Down block 2
2026-05-29 10:53:47.535 | INFO     | models.demos.wormhole.stable_diffusion.tt.ttnn_functional_unet_2d_condition_model_new_conv:__call__:406 - Down block 3
2026-05-29 10:53:47.536 | INFO     | models.demos.wormhole.stable_diffusion.tt.ttnn_functional_unet_2d_condition_model_new_conv:__call__:460 - Mid block
2026-05-29 10:53:47.537 | warning  |              Op | Mismatch between computed MemoryConfig(memory_layout=TensorMemoryLayout::BLOCK_SHARDED,buffer_type=BufferType::L1,shard_spec=ShardSpec(grid={[(x=0,y=0) - (x=7,y=3)]},shape={32, 160},orientation=ShardOrientation::ROW_MAJOR),nd_shard_spec=NdShardSpec(shard_shape=Shape([32, 160]),grid={[(x=0,y=0) - (x=7,y=3)]},orientation=ShardOrientation::ROW_MAJOR,shard_distribution_strategy=ShardDistributionStrategy::GRID_2D),created_with_nd_shard_spec=0) and provided MemoryConfig(memory_layout=TensorMemoryLayout::BLOCK_SHARDED,buffer_type=BufferType::L1,shard_spec=ShardSpec(grid={[(x=0,y=0) - (x=7,y=7)]},shape={32, 160},orientation=ShardOrientation::ROW_MAJOR),nd_shard_spec=std::nullopt,created_with_nd_shard_spec=0) mem config. Using computed config. (matmul_op.cpp:1674)
2026-05-29 10:53:47.538 | INFO     | models.demos.wormhole.stable_diffusion.tt.ttnn_functional_unet_2d_condition_model_new_conv:__call__:491 - Up block 0
2026-05-29 10:53:47.539 | INFO     | models.demos.wormhole.stable_diffusion.tt.ttnn_functional_unet_2d_condition_model_new_conv:__call__:491 - Up block 1
2026-05-29 10:53:47.544 | INFO     | models.demos.wormhole.stable_diffusion.tt.ttnn_functional_unet_2d_condition_model_new_conv:__call__:491 - Up block 2
2026-05-29 10:53:47.552 | INFO     | models.demos.wormhole.stable_diffusion.tt.ttnn_functional_unet_2d_condition_model_new_conv:__call__:491 - Up block 3
  Step 31/41
2026-05-29 10:53:47.575 | INFO     | models.demos.wormhole.stable_diffusion.tt.ttnn_functional_unet_2d_condition_model_new_conv:__call__:406 - Down block 0
2026-05-29 10:53:47.581 | info     |              Op | act_block_h_override 2 is not a valid override for padded_output_height_ntiles_per_core 7, instead 1 was selected as closest valid option! (conv2d_utils.cpp:401)
2026-05-29 10:53:47.581 | INFO     | models.demos.wormhole.stable_diffusion.tt.ttnn_functional_unet_2d_condition_model_new_conv:__call__:406 - Down block 1
2026-05-29 10:53:47.587 | INFO     | models.demos.wormhole.stable_diffusion.tt.ttnn_functional_unet_2d_condition_model_new_conv:__call__:406 - Down block 2
2026-05-29 10:53:47.590 | INFO     | models.demos.wormhole.stable_diffusion.tt.ttnn_functional_unet_2d_condition_model_new_conv:__call__:406 - Down block 3
2026-05-29 10:53:47.591 | INFO     | models.demos.wormhole.stable_diffusion.tt.ttnn_functional_unet_2d_condition_model_new_conv:__call__:460 - Mid block
2026-05-29 10:53:47.592 | warning  |              Op | Mismatch between computed MemoryConfig(memory_layout=TensorMemoryLayout::BLOCK_SHARDED,buffer_type=BufferType::L1,shard_spec=ShardSpec(grid={[(x=0,y=0) - (x=7,y=3)]},shape={32, 160},orientation=ShardOrientation::ROW_MAJOR),nd_shard_spec=NdShardSpec(shard_shape=Shape([32, 160]),grid={[(x=0,y=0) - (x=7,y=3)]},orientation=ShardOrientation::ROW_MAJOR,shard_distribution_strategy=ShardDistributionStrategy::GRID_2D),created_with_nd_shard_spec=0) and provided MemoryConfig(memory_layout=TensorMemoryLayout::BLOCK_SHARDED,buffer_type=BufferType::L1,shard_spec=ShardSpec(grid={[(x=0,y=0) - (x=7,y=7)]},shape={32, 160},orientation=ShardOrientation::ROW_MAJOR),nd_shard_spec=std::nullopt,created_with_nd_shard_spec=0) mem config. Using computed config. (matmul_op.cpp:1674)
2026-05-29 10:53:47.593 | INFO     | models.demos.wormhole.stable_diffusion.tt.ttnn_functional_unet_2d_condition_model_new_conv:__call__:491 - Up block 0
2026-05-29 10:53:47.594 | INFO     | models.demos.wormhole.stable_diffusion.tt.ttnn_functional_unet_2d_condition_model_new_conv:__call__:491 - Up block 1
2026-05-29 10:53:47.599 | INFO     | models.demos.wormhole.stable_diffusion.tt.ttnn_functional_unet_2d_condition_model_new_conv:__call__:491 - Up block 2
2026-05-29 10:53:47.607 | INFO     | models.demos.wormhole.stable_diffusion.tt.ttnn_functional_unet_2d_condition_model_new_conv:__call__:491 - Up block 3
2026-05-29 10:53:47.627 | INFO     | models.demos.wormhole.stable_diffusion.tt.ttnn_functional_unet_2d_condition_model_new_conv:__call__:406 - Down block 0
2026-05-29 10:53:47.633 | info     |              Op | act_block_h_override 2 is not a valid override for padded_output_height_ntiles_per_core 7, instead 1 was selected as closest valid option! (conv2d_utils.cpp:401)
2026-05-29 10:53:47.633 | INFO     | models.demos.wormhole.stable_diffusion.tt.ttnn_functional_unet_2d_condition_model_new_conv:__call__:406 - Down block 1
2026-05-29 10:53:47.639 | INFO     | models.demos.wormhole.stable_diffusion.tt.ttnn_functional_unet_2d_condition_model_new_conv:__call__:406 - Down block 2
2026-05-29 10:53:47.642 | INFO     | models.demos.wormhole.stable_diffusion.tt.ttnn_functional_unet_2d_condition_model_new_conv:__call__:406 - Down block 3
2026-05-29 10:53:47.643 | INFO     | models.demos.wormhole.stable_diffusion.tt.ttnn_functional_unet_2d_condition_model_new_conv:__call__:460 - Mid block
2026-05-29 10:53:47.643 | warning  |              Op | Mismatch between computed MemoryConfig(memory_layout=TensorMemoryLayout::BLOCK_SHARDED,buffer_type=BufferType::L1,shard_spec=ShardSpec(grid={[(x=0,y=0) - (x=7,y=3)]},shape={32, 160},orientation=ShardOrientation::ROW_MAJOR),nd_shard_spec=NdShardSpec(shard_shape=Shape([32, 160]),grid={[(x=0,y=0) - (x=7,y=3)]},orientation=ShardOrientation::ROW_MAJOR,shard_distribution_strategy=ShardDistributionStrategy::GRID_2D),created_with_nd_shard_spec=0) and provided MemoryConfig(memory_layout=TensorMemoryLayout::BLOCK_SHARDED,buffer_type=BufferType::L1,shard_spec=ShardSpec(grid={[(x=0,y=0) - (x=7,y=7)]},shape={32, 160},orientation=ShardOrientation::ROW_MAJOR),nd_shard_spec=std::nullopt,created_with_nd_shard_spec=0) mem config. Using computed config. (matmul_op.cpp:1674)
2026-05-29 10:53:47.645 | INFO     | models.demos.wormhole.stable_diffusion.tt.ttnn_functional_unet_2d_condition_model_new_conv:__call__:491 - Up block 0
2026-05-29 10:53:47.646 | INFO     | models.demos.wormhole.stable_diffusion.tt.ttnn_functional_unet_2d_condition_model_new_conv:__call__:491 - Up block 1
2026-05-29 10:53:47.651 | INFO     | models.demos.wormhole.stable_diffusion.tt.ttnn_functional_unet_2d_condition_model_new_conv:__call__:491 - Up block 2
2026-05-29 10:53:47.659 | INFO     | models.demos.wormhole.stable_diffusion.tt.ttnn_functional_unet_2d_condition_model_new_conv:__call__:491 - Up block 3
2026-05-29 10:53:47.679 | INFO     | models.demos.wormhole.stable_diffusion.tt.ttnn_functional_unet_2d_condition_model_new_conv:__call__:406 - Down block 0
2026-05-29 10:53:47.685 | info     |              Op | act_block_h_override 2 is not a valid override for padded_output_height_ntiles_per_core 7, instead 1 was selected as closest valid option! (conv2d_utils.cpp:401)
2026-05-29 10:53:47.685 | INFO     | models.demos.wormhole.stable_diffusion.tt.ttnn_functional_unet_2d_condition_model_new_conv:__call__:406 - Down block 1
2026-05-29 10:53:47.691 | INFO     | models.demos.wormhole.stable_diffusion.tt.ttnn_functional_unet_2d_condition_model_new_conv:__call__:406 - Down block 2
2026-05-29 10:53:47.694 | INFO     | models.demos.wormhole.stable_diffusion.tt.ttnn_functional_unet_2d_condition_model_new_conv:__call__:406 - Down block 3
2026-05-29 10:53:47.695 | INFO     | models.demos.wormhole.stable_diffusion.tt.ttnn_functional_unet_2d_condition_model_new_conv:__call__:460 - Mid block
2026-05-29 10:53:47.696 | warning  |              Op | Mismatch between computed MemoryConfig(memory_layout=TensorMemoryLayout::BLOCK_SHARDED,buffer_type=BufferType::L1,shard_spec=ShardSpec(grid={[(x=0,y=0) - (x=7,y=3)]},shape={32, 160},orientation=ShardOrientation::ROW_MAJOR),nd_shard_spec=NdShardSpec(shard_shape=Shape([32, 160]),grid={[(x=0,y=0) - (x=7,y=3)]},orientation=ShardOrientation::ROW_MAJOR,shard_distribution_strategy=ShardDistributionStrategy::GRID_2D),created_with_nd_shard_spec=0) and provided MemoryConfig(memory_layout=TensorMemoryLayout::BLOCK_SHARDED,buffer_type=BufferType::L1,shard_spec=ShardSpec(grid={[(x=0,y=0) - (x=7,y=7)]},shape={32, 160},orientation=ShardOrientation::ROW_MAJOR),nd_shard_spec=std::nullopt,created_with_nd_shard_spec=0) mem config. Using computed config. (matmul_op.cpp:1674)
2026-05-29 10:53:47.697 | INFO     | models.demos.wormhole.stable_diffusion.tt.ttnn_functional_unet_2d_condition_model_new_conv:__call__:491 - Up block 0
2026-05-29 10:53:47.699 | INFO     | models.demos.wormhole.stable_diffusion.tt.ttnn_functional_unet_2d_condition_model_new_conv:__call__:491 - Up block 1
2026-05-29 10:53:47.704 | INFO     | models.demos.wormhole.stable_diffusion.tt.ttnn_functional_unet_2d_condition_model_new_conv:__call__:491 - Up block 2
2026-05-29 10:53:47.712 | INFO     | models.demos.wormhole.stable_diffusion.tt.ttnn_functional_unet_2d_condition_model_new_conv:__call__:491 - Up block 3
2026-05-29 10:53:47.732 | INFO     | models.demos.wormhole.stable_diffusion.tt.ttnn_functional_unet_2d_condition_model_new_conv:__call__:406 - Down block 0
2026-05-29 10:53:47.737 | info     |              Op | act_block_h_override 2 is not a valid override for padded_output_height_ntiles_per_core 7, instead 1 was selected as closest valid option! (conv2d_utils.cpp:401)
2026-05-29 10:53:47.738 | INFO     | models.demos.wormhole.stable_diffusion.tt.ttnn_functional_unet_2d_condition_model_new_conv:__call__:406 - Down block 1
2026-05-29 10:53:47.743 | INFO     | models.demos.wormhole.stable_diffusion.tt.ttnn_functional_unet_2d_condition_model_new_conv:__call__:406 - Down block 2
2026-05-29 10:53:47.746 | INFO     | models.demos.wormhole.stable_diffusion.tt.ttnn_functional_unet_2d_condition_model_new_conv:__call__:406 - Down block 3
2026-05-29 10:53:47.747 | INFO     | models.demos.wormhole.stable_diffusion.tt.ttnn_functional_unet_2d_condition_model_new_conv:__call__:460 - Mid block
2026-05-29 10:53:47.747 | warning  |              Op | Mismatch between computed MemoryConfig(memory_layout=TensorMemoryLayout::BLOCK_SHARDED,buffer_type=BufferType::L1,shard_spec=ShardSpec(grid={[(x=0,y=0) - (x=7,y=3)]},shape={32, 160},orientation=ShardOrientation::ROW_MAJOR),nd_shard_spec=NdShardSpec(shard_shape=Shape([32, 160]),grid={[(x=0,y=0) - (x=7,y=3)]},orientation=ShardOrientation::ROW_MAJOR,shard_distribution_strategy=ShardDistributionStrategy::GRID_2D),created_with_nd_shard_spec=0) and provided MemoryConfig(memory_layout=TensorMemoryLayout::BLOCK_SHARDED,buffer_type=BufferType::L1,shard_spec=ShardSpec(grid={[(x=0,y=0) - (x=7,y=7)]},shape={32, 160},orientation=ShardOrientation::ROW_MAJOR),nd_shard_spec=std::nullopt,created_with_nd_shard_spec=0) mem config. Using computed config. (matmul_op.cpp:1674)
2026-05-29 10:53:47.749 | INFO     | models.demos.wormhole.stable_diffusion.tt.ttnn_functional_unet_2d_condition_model_new_conv:__call__:491 - Up block 0
2026-05-29 10:53:47.750 | INFO     | models.demos.wormhole.stable_diffusion.tt.ttnn_functional_unet_2d_condition_model_new_conv:__call__:491 - Up block 1
2026-05-29 10:53:47.755 | INFO     | models.demos.wormhole.stable_diffusion.tt.ttnn_functional_unet_2d_condition_model_new_conv:__call__:491 - Up block 2
2026-05-29 10:53:47.763 | INFO     | models.demos.wormhole.stable_diffusion.tt.ttnn_functional_unet_2d_condition_model_new_conv:__call__:491 - Up block 3
2026-05-29 10:53:47.784 | INFO     | models.demos.wormhole.stable_diffusion.tt.ttnn_functional_unet_2d_condition_model_new_conv:__call__:406 - Down block 0
2026-05-29 10:53:47.789 | info     |              Op | act_block_h_override 2 is not a valid override for padded_output_height_ntiles_per_core 7, instead 1 was selected as closest valid option! (conv2d_utils.cpp:401)
2026-05-29 10:53:47.789 | INFO     | models.demos.wormhole.stable_diffusion.tt.ttnn_functional_unet_2d_condition_model_new_conv:__call__:406 - Down block 1
2026-05-29 10:53:47.795 | INFO     | models.demos.wormhole.stable_diffusion.tt.ttnn_functional_unet_2d_condition_model_new_conv:__call__:406 - Down block 2
2026-05-29 10:53:47.798 | INFO     | models.demos.wormhole.stable_diffusion.tt.ttnn_functional_unet_2d_condition_model_new_conv:__call__:406 - Down block 3
2026-05-29 10:53:47.799 | INFO     | models.demos.wormhole.stable_diffusion.tt.ttnn_functional_unet_2d_condition_model_new_conv:__call__:460 - Mid block
2026-05-29 10:53:47.800 | warning  |              Op | Mismatch between computed MemoryConfig(memory_layout=TensorMemoryLayout::BLOCK_SHARDED,buffer_type=BufferType::L1,shard_spec=ShardSpec(grid={[(x=0,y=0) - (x=7,y=3)]},shape={32, 160},orientation=ShardOrientation::ROW_MAJOR),nd_shard_spec=NdShardSpec(shard_shape=Shape([32, 160]),grid={[(x=0,y=0) - (x=7,y=3)]},orientation=ShardOrientation::ROW_MAJOR,shard_distribution_strategy=ShardDistributionStrategy::GRID_2D),created_with_nd_shard_spec=0) and provided MemoryConfig(memory_layout=TensorMemoryLayout::BLOCK_SHARDED,buffer_type=BufferType::L1,shard_spec=ShardSpec(grid={[(x=0,y=0) - (x=7,y=7)]},shape={32, 160},orientation=ShardOrientation::ROW_MAJOR),nd_shard_spec=std::nullopt,created_with_nd_shard_spec=0) mem config. Using computed config. (matmul_op.cpp:1674)
2026-05-29 10:53:47.801 | INFO     | models.demos.wormhole.stable_diffusion.tt.ttnn_functional_unet_2d_condition_model_new_conv:__call__:491 - Up block 0
2026-05-29 10:53:47.802 | INFO     | models.demos.wormhole.stable_diffusion.tt.ttnn_functional_unet_2d_condition_model_new_conv:__call__:491 - Up block 1
2026-05-29 10:53:47.807 | INFO     | models.demos.wormhole.stable_diffusion.tt.ttnn_functional_unet_2d_condition_model_new_conv:__call__:491 - Up block 2
2026-05-29 10:53:47.815 | INFO     | models.demos.wormhole.stable_diffusion.tt.ttnn_functional_unet_2d_condition_model_new_conv:__call__:491 - Up block 3
2026-05-29 10:53:47.835 | INFO     | models.demos.wormhole.stable_diffusion.tt.ttnn_functional_unet_2d_condition_model_new_conv:__call__:406 - Down block 0
2026-05-29 10:53:47.841 | info     |              Op | act_block_h_override 2 is not a valid override for padded_output_height_ntiles_per_core 7, instead 1 was selected as closest valid option! (conv2d_utils.cpp:401)
2026-05-29 10:53:47.841 | INFO     | models.demos.wormhole.stable_diffusion.tt.ttnn_functional_unet_2d_condition_model_new_conv:__call__:406 - Down block 1
2026-05-29 10:53:47.847 | INFO     | models.demos.wormhole.stable_diffusion.tt.ttnn_functional_unet_2d_condition_model_new_conv:__call__:406 - Down block 2
2026-05-29 10:53:47.850 | INFO     | models.demos.wormhole.stable_diffusion.tt.ttnn_functional_unet_2d_condition_model_new_conv:__call__:406 - Down block 3
2026-05-29 10:53:47.851 | INFO     | models.demos.wormhole.stable_diffusion.tt.ttnn_functional_unet_2d_condition_model_new_conv:__call__:460 - Mid block
2026-05-29 10:53:47.851 | warning  |              Op | Mismatch between computed MemoryConfig(memory_layout=TensorMemoryLayout::BLOCK_SHARDED,buffer_type=BufferType::L1,shard_spec=ShardSpec(grid={[(x=0,y=0) - (x=7,y=3)]},shape={32, 160},orientation=ShardOrientation::ROW_MAJOR),nd_shard_spec=NdShardSpec(shard_shape=Shape([32, 160]),grid={[(x=0,y=0) - (x=7,y=3)]},orientation=ShardOrientation::ROW_MAJOR,shard_distribution_strategy=ShardDistributionStrategy::GRID_2D),created_with_nd_shard_spec=0) and provided MemoryConfig(memory_layout=TensorMemoryLayout::BLOCK_SHARDED,buffer_type=BufferType::L1,shard_spec=ShardSpec(grid={[(x=0,y=0) - (x=7,y=7)]},shape={32, 160},orientation=ShardOrientation::ROW_MAJOR),nd_shard_spec=std::nullopt,created_with_nd_shard_spec=0) mem config. Using computed config. (matmul_op.cpp:1674)
2026-05-29 10:53:47.853 | INFO     | models.demos.wormhole.stable_diffusion.tt.ttnn_functional_unet_2d_condition_model_new_conv:__call__:491 - Up block 0
2026-05-29 10:53:47.854 | INFO     | models.demos.wormhole.stable_diffusion.tt.ttnn_functional_unet_2d_condition_model_new_conv:__call__:491 - Up block 1
2026-05-29 10:53:47.859 | INFO     | models.demos.wormhole.stable_diffusion.tt.ttnn_functional_unet_2d_condition_model_new_conv:__call__:491 - Up block 2
2026-05-29 10:53:47.867 | INFO     | models.demos.wormhole.stable_diffusion.tt.ttnn_functional_unet_2d_condition_model_new_conv:__call__:491 - Up block 3
2026-05-29 10:53:47.887 | INFO     | models.demos.wormhole.stable_diffusion.tt.ttnn_functional_unet_2d_condition_model_new_conv:__call__:406 - Down block 0
2026-05-29 10:53:47.893 | info     |              Op | act_block_h_override 2 is not a valid override for padded_output_height_ntiles_per_core 7, instead 1 was selected as closest valid option! (conv2d_utils.cpp:401)
2026-05-29 10:53:47.893 | INFO     | models.demos.wormhole.stable_diffusion.tt.ttnn_functional_unet_2d_condition_model_new_conv:__call__:406 - Down block 1
2026-05-29 10:53:47.899 | INFO     | models.demos.wormhole.stable_diffusion.tt.ttnn_functional_unet_2d_condition_model_new_conv:__call__:406 - Down block 2
2026-05-29 10:53:47.902 | INFO     | models.demos.wormhole.stable_diffusion.tt.ttnn_functional_unet_2d_condition_model_new_conv:__call__:406 - Down block 3
2026-05-29 10:53:47.903 | INFO     | models.demos.wormhole.stable_diffusion.tt.ttnn_functional_unet_2d_condition_model_new_conv:__call__:460 - Mid block
2026-05-29 10:53:47.903 | warning  |              Op | Mismatch between computed MemoryConfig(memory_layout=TensorMemoryLayout::BLOCK_SHARDED,buffer_type=BufferType::L1,shard_spec=ShardSpec(grid={[(x=0,y=0) - (x=7,y=3)]},shape={32, 160},orientation=ShardOrientation::ROW_MAJOR),nd_shard_spec=NdShardSpec(shard_shape=Shape([32, 160]),grid={[(x=0,y=0) - (x=7,y=3)]},orientation=ShardOrientation::ROW_MAJOR,shard_distribution_strategy=ShardDistributionStrategy::GRID_2D),created_with_nd_shard_spec=0) and provided MemoryConfig(memory_layout=TensorMemoryLayout::BLOCK_SHARDED,buffer_type=BufferType::L1,shard_spec=ShardSpec(grid={[(x=0,y=0) - (x=7,y=7)]},shape={32, 160},orientation=ShardOrientation::ROW_MAJOR),nd_shard_spec=std::nullopt,created_with_nd_shard_spec=0) mem config. Using computed config. (matmul_op.cpp:1674)
2026-05-29 10:53:47.905 | INFO     | models.demos.wormhole.stable_diffusion.tt.ttnn_functional_unet_2d_condition_model_new_conv:__call__:491 - Up block 0
2026-05-29 10:53:47.906 | INFO     | models.demos.wormhole.stable_diffusion.tt.ttnn_functional_unet_2d_condition_model_new_conv:__call__:491 - Up block 1
2026-05-29 10:53:47.911 | INFO     | models.demos.wormhole.stable_diffusion.tt.ttnn_functional_unet_2d_condition_model_new_conv:__call__:491 - Up block 2
2026-05-29 10:53:47.919 | INFO     | models.demos.wormhole.stable_diffusion.tt.ttnn_functional_unet_2d_condition_model_new_conv:__call__:491 - Up block 3
2026-05-29 10:53:47.939 | INFO     | models.demos.wormhole.stable_diffusion.tt.ttnn_functional_unet_2d_condition_model_new_conv:__call__:406 - Down block 0
2026-05-29 10:53:47.945 | info     |              Op | act_block_h_override 2 is not a valid override for padded_output_height_ntiles_per_core 7, instead 1 was selected as closest valid option! (conv2d_utils.cpp:401)
2026-05-29 10:53:47.945 | INFO     | models.demos.wormhole.stable_diffusion.tt.ttnn_functional_unet_2d_condition_model_new_conv:__call__:406 - Down block 1
2026-05-29 10:53:47.950 | INFO     | models.demos.wormhole.stable_diffusion.tt.ttnn_functional_unet_2d_condition_model_new_conv:__call__:406 - Down block 2
2026-05-29 10:53:47.953 | INFO     | models.demos.wormhole.stable_diffusion.tt.ttnn_functional_unet_2d_condition_model_new_conv:__call__:406 - Down block 3
2026-05-29 10:53:47.954 | INFO     | models.demos.wormhole.stable_diffusion.tt.ttnn_functional_unet_2d_condition_model_new_conv:__call__:460 - Mid block
2026-05-29 10:53:47.955 | warning  |              Op | Mismatch between computed MemoryConfig(memory_layout=TensorMemoryLayout::BLOCK_SHARDED,buffer_type=BufferType::L1,shard_spec=ShardSpec(grid={[(x=0,y=0) - (x=7,y=3)]},shape={32, 160},orientation=ShardOrientation::ROW_MAJOR),nd_shard_spec=NdShardSpec(shard_shape=Shape([32, 160]),grid={[(x=0,y=0) - (x=7,y=3)]},orientation=ShardOrientation::ROW_MAJOR,shard_distribution_strategy=ShardDistributionStrategy::GRID_2D),created_with_nd_shard_spec=0) and provided MemoryConfig(memory_layout=TensorMemoryLayout::BLOCK_SHARDED,buffer_type=BufferType::L1,shard_spec=ShardSpec(grid={[(x=0,y=0) - (x=7,y=7)]},shape={32, 160},orientation=ShardOrientation::ROW_MAJOR),nd_shard_spec=std::nullopt,created_with_nd_shard_spec=0) mem config. Using computed config. (matmul_op.cpp:1674)
2026-05-29 10:53:47.956 | INFO     | models.demos.wormhole.stable_diffusion.tt.ttnn_functional_unet_2d_condition_model_new_conv:__call__:491 - Up block 0
2026-05-29 10:53:47.957 | INFO     | models.demos.wormhole.stable_diffusion.tt.ttnn_functional_unet_2d_condition_model_new_conv:__call__:491 - Up block 1
2026-05-29 10:53:47.962 | INFO     | models.demos.wormhole.stable_diffusion.tt.ttnn_functional_unet_2d_condition_model_new_conv:__call__:491 - Up block 2
2026-05-29 10:53:47.970 | INFO     | models.demos.wormhole.stable_diffusion.tt.ttnn_functional_unet_2d_condition_model_new_conv:__call__:491 - Up block 3
  Step 32/41
2026-05-29 10:53:47.993 | INFO     | models.demos.wormhole.stable_diffusion.tt.ttnn_functional_unet_2d_condition_model_new_conv:__call__:406 - Down block 0
2026-05-29 10:53:47.999 | info     |              Op | act_block_h_override 2 is not a valid override for padded_output_height_ntiles_per_core 7, instead 1 was selected as closest valid option! (conv2d_utils.cpp:401)
2026-05-29 10:53:48.000 | INFO     | models.demos.wormhole.stable_diffusion.tt.ttnn_functional_unet_2d_condition_model_new_conv:__call__:406 - Down block 1
2026-05-29 10:53:48.005 | INFO     | models.demos.wormhole.stable_diffusion.tt.ttnn_functional_unet_2d_condition_model_new_conv:__call__:406 - Down block 2
2026-05-29 10:53:48.009 | INFO     | models.demos.wormhole.stable_diffusion.tt.ttnn_functional_unet_2d_condition_model_new_conv:__call__:406 - Down block 3
2026-05-29 10:53:48.009 | INFO     | models.demos.wormhole.stable_diffusion.tt.ttnn_functional_unet_2d_condition_model_new_conv:__call__:460 - Mid block
2026-05-29 10:53:48.010 | warning  |              Op | Mismatch between computed MemoryConfig(memory_layout=TensorMemoryLayout::BLOCK_SHARDED,buffer_type=BufferType::L1,shard_spec=ShardSpec(grid={[(x=0,y=0) - (x=7,y=3)]},shape={32, 160},orientation=ShardOrientation::ROW_MAJOR),nd_shard_spec=NdShardSpec(shard_shape=Shape([32, 160]),grid={[(x=0,y=0) - (x=7,y=3)]},orientation=ShardOrientation::ROW_MAJOR,shard_distribution_strategy=ShardDistributionStrategy::GRID_2D),created_with_nd_shard_spec=0) and provided MemoryConfig(memory_layout=TensorMemoryLayout::BLOCK_SHARDED,buffer_type=BufferType::L1,shard_spec=ShardSpec(grid={[(x=0,y=0) - (x=7,y=7)]},shape={32, 160},orientation=ShardOrientation::ROW_MAJOR),nd_shard_spec=std::nullopt,created_with_nd_shard_spec=0) mem config. Using computed config. (matmul_op.cpp:1674)
2026-05-29 10:53:48.011 | INFO     | models.demos.wormhole.stable_diffusion.tt.ttnn_functional_unet_2d_condition_model_new_conv:__call__:491 - Up block 0
2026-05-29 10:53:48.013 | INFO     | models.demos.wormhole.stable_diffusion.tt.ttnn_functional_unet_2d_condition_model_new_conv:__call__:491 - Up block 1
2026-05-29 10:53:48.018 | INFO     | models.demos.wormhole.stable_diffusion.tt.ttnn_functional_unet_2d_condition_model_new_conv:__call__:491 - Up block 2
2026-05-29 10:53:48.026 | INFO     | models.demos.wormhole.stable_diffusion.tt.ttnn_functional_unet_2d_condition_model_new_conv:__call__:491 - Up block 3
2026-05-29 10:53:48.046 | INFO     | models.demos.wormhole.stable_diffusion.tt.ttnn_functional_unet_2d_condition_model_new_conv:__call__:406 - Down block 0
2026-05-29 10:53:48.052 | info     |              Op | act_block_h_override 2 is not a valid override for padded_output_height_ntiles_per_core 7, instead 1 was selected as closest valid option! (conv2d_utils.cpp:401)
2026-05-29 10:53:48.052 | INFO     | models.demos.wormhole.stable_diffusion.tt.ttnn_functional_unet_2d_condition_model_new_conv:__call__:406 - Down block 1
2026-05-29 10:53:48.057 | INFO     | models.demos.wormhole.stable_diffusion.tt.ttnn_functional_unet_2d_condition_model_new_conv:__call__:406 - Down block 2
2026-05-29 10:53:48.060 | INFO     | models.demos.wormhole.stable_diffusion.tt.ttnn_functional_unet_2d_condition_model_new_conv:__call__:406 - Down block 3
2026-05-29 10:53:48.061 | INFO     | models.demos.wormhole.stable_diffusion.tt.ttnn_functional_unet_2d_condition_model_new_conv:__call__:460 - Mid block
2026-05-29 10:53:48.062 | warning  |              Op | Mismatch between computed MemoryConfig(memory_layout=TensorMemoryLayout::BLOCK_SHARDED,buffer_type=BufferType::L1,shard_spec=ShardSpec(grid={[(x=0,y=0) - (x=7,y=3)]},shape={32, 160},orientation=ShardOrientation::ROW_MAJOR),nd_shard_spec=NdShardSpec(shard_shape=Shape([32, 160]),grid={[(x=0,y=0) - (x=7,y=3)]},orientation=ShardOrientation::ROW_MAJOR,shard_distribution_strategy=ShardDistributionStrategy::GRID_2D),created_with_nd_shard_spec=0) and provided MemoryConfig(memory_layout=TensorMemoryLayout::BLOCK_SHARDED,buffer_type=BufferType::L1,shard_spec=ShardSpec(grid={[(x=0,y=0) - (x=7,y=7)]},shape={32, 160},orientation=ShardOrientation::ROW_MAJOR),nd_shard_spec=std::nullopt,created_with_nd_shard_spec=0) mem config. Using computed config. (matmul_op.cpp:1674)
2026-05-29 10:53:48.063 | INFO     | models.demos.wormhole.stable_diffusion.tt.ttnn_functional_unet_2d_condition_model_new_conv:__call__:491 - Up block 0
2026-05-29 10:53:48.064 | INFO     | models.demos.wormhole.stable_diffusion.tt.ttnn_functional_unet_2d_condition_model_new_conv:__call__:491 - Up block 1
2026-05-29 10:53:48.069 | INFO     | models.demos.wormhole.stable_diffusion.tt.ttnn_functional_unet_2d_condition_model_new_conv:__call__:491 - Up block 2
2026-05-29 10:53:48.077 | INFO     | models.demos.wormhole.stable_diffusion.tt.ttnn_functional_unet_2d_condition_model_new_conv:__call__:491 - Up block 3
2026-05-29 10:53:48.098 | INFO     | models.demos.wormhole.stable_diffusion.tt.ttnn_functional_unet_2d_condition_model_new_conv:__call__:406 - Down block 0
2026-05-29 10:53:48.103 | info     |              Op | act_block_h_override 2 is not a valid override for padded_output_height_ntiles_per_core 7, instead 1 was selected as closest valid option! (conv2d_utils.cpp:401)
2026-05-29 10:53:48.103 | INFO     | models.demos.wormhole.stable_diffusion.tt.ttnn_functional_unet_2d_condition_model_new_conv:__call__:406 - Down block 1
2026-05-29 10:53:48.109 | INFO     | models.demos.wormhole.stable_diffusion.tt.ttnn_functional_unet_2d_condition_model_new_conv:__call__:406 - Down block 2
2026-05-29 10:53:48.112 | INFO     | models.demos.wormhole.stable_diffusion.tt.ttnn_functional_unet_2d_condition_model_new_conv:__call__:406 - Down block 3
2026-05-29 10:53:48.113 | INFO     | models.demos.wormhole.stable_diffusion.tt.ttnn_functional_unet_2d_condition_model_new_conv:__call__:460 - Mid block
2026-05-29 10:53:48.113 | warning  |              Op | Mismatch between computed MemoryConfig(memory_layout=TensorMemoryLayout::BLOCK_SHARDED,buffer_type=BufferType::L1,shard_spec=ShardSpec(grid={[(x=0,y=0) - (x=7,y=3)]},shape={32, 160},orientation=ShardOrientation::ROW_MAJOR),nd_shard_spec=NdShardSpec(shard_shape=Shape([32, 160]),grid={[(x=0,y=0) - (x=7,y=3)]},orientation=ShardOrientation::ROW_MAJOR,shard_distribution_strategy=ShardDistributionStrategy::GRID_2D),created_with_nd_shard_spec=0) and provided MemoryConfig(memory_layout=TensorMemoryLayout::BLOCK_SHARDED,buffer_type=BufferType::L1,shard_spec=ShardSpec(grid={[(x=0,y=0) - (x=7,y=7)]},shape={32, 160},orientation=ShardOrientation::ROW_MAJOR),nd_shard_spec=std::nullopt,created_with_nd_shard_spec=0) mem config. Using computed config. (matmul_op.cpp:1674)
2026-05-29 10:53:48.115 | INFO     | models.demos.wormhole.stable_diffusion.tt.ttnn_functional_unet_2d_condition_model_new_conv:__call__:491 - Up block 0
2026-05-29 10:53:48.116 | INFO     | models.demos.wormhole.stable_diffusion.tt.ttnn_functional_unet_2d_condition_model_new_conv:__call__:491 - Up block 1
2026-05-29 10:53:48.121 | INFO     | models.demos.wormhole.stable_diffusion.tt.ttnn_functional_unet_2d_condition_model_new_conv:__call__:491 - Up block 2
2026-05-29 10:53:48.129 | INFO     | models.demos.wormhole.stable_diffusion.tt.ttnn_functional_unet_2d_condition_model_new_conv:__call__:491 - Up block 3
2026-05-29 10:53:48.149 | INFO     | models.demos.wormhole.stable_diffusion.tt.ttnn_functional_unet_2d_condition_model_new_conv:__call__:406 - Down block 0
2026-05-29 10:53:48.155 | info     |              Op | act_block_h_override 2 is not a valid override for padded_output_height_ntiles_per_core 7, instead 1 was selected as closest valid option! (conv2d_utils.cpp:401)
2026-05-29 10:53:48.155 | INFO     | models.demos.wormhole.stable_diffusion.tt.ttnn_functional_unet_2d_condition_model_new_conv:__call__:406 - Down block 1
2026-05-29 10:53:48.161 | INFO     | models.demos.wormhole.stable_diffusion.tt.ttnn_functional_unet_2d_condition_model_new_conv:__call__:406 - Down block 2
2026-05-29 10:53:48.164 | INFO     | models.demos.wormhole.stable_diffusion.tt.ttnn_functional_unet_2d_condition_model_new_conv:__call__:406 - Down block 3
2026-05-29 10:53:48.165 | INFO     | models.demos.wormhole.stable_diffusion.tt.ttnn_functional_unet_2d_condition_model_new_conv:__call__:460 - Mid block
2026-05-29 10:53:48.165 | warning  |              Op | Mismatch between computed MemoryConfig(memory_layout=TensorMemoryLayout::BLOCK_SHARDED,buffer_type=BufferType::L1,shard_spec=ShardSpec(grid={[(x=0,y=0) - (x=7,y=3)]},shape={32, 160},orientation=ShardOrientation::ROW_MAJOR),nd_shard_spec=NdShardSpec(shard_shape=Shape([32, 160]),grid={[(x=0,y=0) - (x=7,y=3)]},orientation=ShardOrientation::ROW_MAJOR,shard_distribution_strategy=ShardDistributionStrategy::GRID_2D),created_with_nd_shard_spec=0) and provided MemoryConfig(memory_layout=TensorMemoryLayout::BLOCK_SHARDED,buffer_type=BufferType::L1,shard_spec=ShardSpec(grid={[(x=0,y=0) - (x=7,y=7)]},shape={32, 160},orientation=ShardOrientation::ROW_MAJOR),nd_shard_spec=std::nullopt,created_with_nd_shard_spec=0) mem config. Using computed config. (matmul_op.cpp:1674)
2026-05-29 10:53:48.167 | INFO     | models.demos.wormhole.stable_diffusion.tt.ttnn_functional_unet_2d_condition_model_new_conv:__call__:491 - Up block 0
2026-05-29 10:53:48.168 | INFO     | models.demos.wormhole.stable_diffusion.tt.ttnn_functional_unet_2d_condition_model_new_conv:__call__:491 - Up block 1
2026-05-29 10:53:48.173 | INFO     | models.demos.wormhole.stable_diffusion.tt.ttnn_functional_unet_2d_condition_model_new_conv:__call__:491 - Up block 2
2026-05-29 10:53:48.181 | INFO     | models.demos.wormhole.stable_diffusion.tt.ttnn_functional_unet_2d_condition_model_new_conv:__call__:491 - Up block 3
2026-05-29 10:53:48.201 | INFO     | models.demos.wormhole.stable_diffusion.tt.ttnn_functional_unet_2d_condition_model_new_conv:__call__:406 - Down block 0
2026-05-29 10:53:48.207 | info     |              Op | act_block_h_override 2 is not a valid override for padded_output_height_ntiles_per_core 7, instead 1 was selected as closest valid option! (conv2d_utils.cpp:401)
2026-05-29 10:53:48.207 | INFO     | models.demos.wormhole.stable_diffusion.tt.ttnn_functional_unet_2d_condition_model_new_conv:__call__:406 - Down block 1
2026-05-29 10:53:48.212 | INFO     | models.demos.wormhole.stable_diffusion.tt.ttnn_functional_unet_2d_condition_model_new_conv:__call__:406 - Down block 2
2026-05-29 10:53:48.216 | INFO     | models.demos.wormhole.stable_diffusion.tt.ttnn_functional_unet_2d_condition_model_new_conv:__call__:406 - Down block 3
2026-05-29 10:53:48.216 | INFO     | models.demos.wormhole.stable_diffusion.tt.ttnn_functional_unet_2d_condition_model_new_conv:__call__:460 - Mid block
2026-05-29 10:53:48.217 | warning  |              Op | Mismatch between computed MemoryConfig(memory_layout=TensorMemoryLayout::BLOCK_SHARDED,buffer_type=BufferType::L1,shard_spec=ShardSpec(grid={[(x=0,y=0) - (x=7,y=3)]},shape={32, 160},orientation=ShardOrientation::ROW_MAJOR),nd_shard_spec=NdShardSpec(shard_shape=Shape([32, 160]),grid={[(x=0,y=0) - (x=7,y=3)]},orientation=ShardOrientation::ROW_MAJOR,shard_distribution_strategy=ShardDistributionStrategy::GRID_2D),created_with_nd_shard_spec=0) and provided MemoryConfig(memory_layout=TensorMemoryLayout::BLOCK_SHARDED,buffer_type=BufferType::L1,shard_spec=ShardSpec(grid={[(x=0,y=0) - (x=7,y=7)]},shape={32, 160},orientation=ShardOrientation::ROW_MAJOR),nd_shard_spec=std::nullopt,created_with_nd_shard_spec=0) mem config. Using computed config. (matmul_op.cpp:1674)
2026-05-29 10:53:48.218 | INFO     | models.demos.wormhole.stable_diffusion.tt.ttnn_functional_unet_2d_condition_model_new_conv:__call__:491 - Up block 0
2026-05-29 10:53:48.219 | INFO     | models.demos.wormhole.stable_diffusion.tt.ttnn_functional_unet_2d_condition_model_new_conv:__call__:491 - Up block 1
2026-05-29 10:53:48.224 | INFO     | models.demos.wormhole.stable_diffusion.tt.ttnn_functional_unet_2d_condition_model_new_conv:__call__:491 - Up block 2
2026-05-29 10:53:48.232 | INFO     | models.demos.wormhole.stable_diffusion.tt.ttnn_functional_unet_2d_condition_model_new_conv:__call__:491 - Up block 3
2026-05-29 10:53:48.253 | INFO     | models.demos.wormhole.stable_diffusion.tt.ttnn_functional_unet_2d_condition_model_new_conv:__call__:406 - Down block 0
2026-05-29 10:53:48.259 | info     |              Op | act_block_h_override 2 is not a valid override for padded_output_height_ntiles_per_core 7, instead 1 was selected as closest valid option! (conv2d_utils.cpp:401)
2026-05-29 10:53:48.259 | INFO     | models.demos.wormhole.stable_diffusion.tt.ttnn_functional_unet_2d_condition_model_new_conv:__call__:406 - Down block 1
2026-05-29 10:53:48.264 | INFO     | models.demos.wormhole.stable_diffusion.tt.ttnn_functional_unet_2d_condition_model_new_conv:__call__:406 - Down block 2
2026-05-29 10:53:48.268 | INFO     | models.demos.wormhole.stable_diffusion.tt.ttnn_functional_unet_2d_condition_model_new_conv:__call__:406 - Down block 3
2026-05-29 10:53:48.268 | INFO     | models.demos.wormhole.stable_diffusion.tt.ttnn_functional_unet_2d_condition_model_new_conv:__call__:460 - Mid block
2026-05-29 10:53:48.269 | warning  |              Op | Mismatch between computed MemoryConfig(memory_layout=TensorMemoryLayout::BLOCK_SHARDED,buffer_type=BufferType::L1,shard_spec=ShardSpec(grid={[(x=0,y=0) - (x=7,y=3)]},shape={32, 160},orientation=ShardOrientation::ROW_MAJOR),nd_shard_spec=NdShardSpec(shard_shape=Shape([32, 160]),grid={[(x=0,y=0) - (x=7,y=3)]},orientation=ShardOrientation::ROW_MAJOR,shard_distribution_strategy=ShardDistributionStrategy::GRID_2D),created_with_nd_shard_spec=0) and provided MemoryConfig(memory_layout=TensorMemoryLayout::BLOCK_SHARDED,buffer_type=BufferType::L1,shard_spec=ShardSpec(grid={[(x=0,y=0) - (x=7,y=7)]},shape={32, 160},orientation=ShardOrientation::ROW_MAJOR),nd_shard_spec=std::nullopt,created_with_nd_shard_spec=0) mem config. Using computed config. (matmul_op.cpp:1674)
2026-05-29 10:53:48.270 | INFO     | models.demos.wormhole.stable_diffusion.tt.ttnn_functional_unet_2d_condition_model_new_conv:__call__:491 - Up block 0
2026-05-29 10:53:48.272 | INFO     | models.demos.wormhole.stable_diffusion.tt.ttnn_functional_unet_2d_condition_model_new_conv:__call__:491 - Up block 1
2026-05-29 10:53:48.277 | INFO     | models.demos.wormhole.stable_diffusion.tt.ttnn_functional_unet_2d_condition_model_new_conv:__call__:491 - Up block 2
2026-05-29 10:53:48.285 | INFO     | models.demos.wormhole.stable_diffusion.tt.ttnn_functional_unet_2d_condition_model_new_conv:__call__:491 - Up block 3
2026-05-29 10:53:48.305 | INFO     | models.demos.wormhole.stable_diffusion.tt.ttnn_functional_unet_2d_condition_model_new_conv:__call__:406 - Down block 0
2026-05-29 10:53:48.311 | info     |              Op | act_block_h_override 2 is not a valid override for padded_output_height_ntiles_per_core 7, instead 1 was selected as closest valid option! (conv2d_utils.cpp:401)
2026-05-29 10:53:48.311 | INFO     | models.demos.wormhole.stable_diffusion.tt.ttnn_functional_unet_2d_condition_model_new_conv:__call__:406 - Down block 1
2026-05-29 10:53:48.316 | INFO     | models.demos.wormhole.stable_diffusion.tt.ttnn_functional_unet_2d_condition_model_new_conv:__call__:406 - Down block 2
2026-05-29 10:53:48.319 | INFO     | models.demos.wormhole.stable_diffusion.tt.ttnn_functional_unet_2d_condition_model_new_conv:__call__:406 - Down block 3
2026-05-29 10:53:48.320 | INFO     | models.demos.wormhole.stable_diffusion.tt.ttnn_functional_unet_2d_condition_model_new_conv:__call__:460 - Mid block
2026-05-29 10:53:48.321 | warning  |              Op | Mismatch between computed MemoryConfig(memory_layout=TensorMemoryLayout::BLOCK_SHARDED,buffer_type=BufferType::L1,shard_spec=ShardSpec(grid={[(x=0,y=0) - (x=7,y=3)]},shape={32, 160},orientation=ShardOrientation::ROW_MAJOR),nd_shard_spec=NdShardSpec(shard_shape=Shape([32, 160]),grid={[(x=0,y=0) - (x=7,y=3)]},orientation=ShardOrientation::ROW_MAJOR,shard_distribution_strategy=ShardDistributionStrategy::GRID_2D),created_with_nd_shard_spec=0) and provided MemoryConfig(memory_layout=TensorMemoryLayout::BLOCK_SHARDED,buffer_type=BufferType::L1,shard_spec=ShardSpec(grid={[(x=0,y=0) - (x=7,y=7)]},shape={32, 160},orientation=ShardOrientation::ROW_MAJOR),nd_shard_spec=std::nullopt,created_with_nd_shard_spec=0) mem config. Using computed config. (matmul_op.cpp:1674)
2026-05-29 10:53:48.322 | INFO     | models.demos.wormhole.stable_diffusion.tt.ttnn_functional_unet_2d_condition_model_new_conv:__call__:491 - Up block 0
2026-05-29 10:53:48.323 | INFO     | models.demos.wormhole.stable_diffusion.tt.ttnn_functional_unet_2d_condition_model_new_conv:__call__:491 - Up block 1
2026-05-29 10:53:48.328 | INFO     | models.demos.wormhole.stable_diffusion.tt.ttnn_functional_unet_2d_condition_model_new_conv:__call__:491 - Up block 2
2026-05-29 10:53:48.336 | INFO     | models.demos.wormhole.stable_diffusion.tt.ttnn_functional_unet_2d_condition_model_new_conv:__call__:491 - Up block 3
2026-05-29 10:53:48.357 | INFO     | models.demos.wormhole.stable_diffusion.tt.ttnn_functional_unet_2d_condition_model_new_conv:__call__:406 - Down block 0
2026-05-29 10:53:48.362 | info     |              Op | act_block_h_override 2 is not a valid override for padded_output_height_ntiles_per_core 7, instead 1 was selected as closest valid option! (conv2d_utils.cpp:401)
2026-05-29 10:53:48.363 | INFO     | models.demos.wormhole.stable_diffusion.tt.ttnn_functional_unet_2d_condition_model_new_conv:__call__:406 - Down block 1
2026-05-29 10:53:48.368 | INFO     | models.demos.wormhole.stable_diffusion.tt.ttnn_functional_unet_2d_condition_model_new_conv:__call__:406 - Down block 2
2026-05-29 10:53:48.371 | INFO     | models.demos.wormhole.stable_diffusion.tt.ttnn_functional_unet_2d_condition_model_new_conv:__call__:406 - Down block 3
2026-05-29 10:53:48.372 | INFO     | models.demos.wormhole.stable_diffusion.tt.ttnn_functional_unet_2d_condition_model_new_conv:__call__:460 - Mid block
2026-05-29 10:53:48.373 | warning  |              Op | Mismatch between computed MemoryConfig(memory_layout=TensorMemoryLayout::BLOCK_SHARDED,buffer_type=BufferType::L1,shard_spec=ShardSpec(grid={[(x=0,y=0) - (x=7,y=3)]},shape={32, 160},orientation=ShardOrientation::ROW_MAJOR),nd_shard_spec=NdShardSpec(shard_shape=Shape([32, 160]),grid={[(x=0,y=0) - (x=7,y=3)]},orientation=ShardOrientation::ROW_MAJOR,shard_distribution_strategy=ShardDistributionStrategy::GRID_2D),created_with_nd_shard_spec=0) and provided MemoryConfig(memory_layout=TensorMemoryLayout::BLOCK_SHARDED,buffer_type=BufferType::L1,shard_spec=ShardSpec(grid={[(x=0,y=0) - (x=7,y=7)]},shape={32, 160},orientation=ShardOrientation::ROW_MAJOR),nd_shard_spec=std::nullopt,created_with_nd_shard_spec=0) mem config. Using computed config. (matmul_op.cpp:1674)
2026-05-29 10:53:48.374 | INFO     | models.demos.wormhole.stable_diffusion.tt.ttnn_functional_unet_2d_condition_model_new_conv:__call__:491 - Up block 0
2026-05-29 10:53:48.375 | INFO     | models.demos.wormhole.stable_diffusion.tt.ttnn_functional_unet_2d_condition_model_new_conv:__call__:491 - Up block 1
2026-05-29 10:53:48.380 | INFO     | models.demos.wormhole.stable_diffusion.tt.ttnn_functional_unet_2d_condition_model_new_conv:__call__:491 - Up block 2
2026-05-29 10:53:48.388 | INFO     | models.demos.wormhole.stable_diffusion.tt.ttnn_functional_unet_2d_condition_model_new_conv:__call__:491 - Up block 3
  Step 33/41
2026-05-29 10:53:48.411 | INFO     | models.demos.wormhole.stable_diffusion.tt.ttnn_functional_unet_2d_condition_model_new_conv:__call__:406 - Down block 0
2026-05-29 10:53:48.417 | info     |              Op | act_block_h_override 2 is not a valid override for padded_output_height_ntiles_per_core 7, instead 1 was selected as closest valid option! (conv2d_utils.cpp:401)
2026-05-29 10:53:48.417 | INFO     | models.demos.wormhole.stable_diffusion.tt.ttnn_functional_unet_2d_condition_model_new_conv:__call__:406 - Down block 1
2026-05-29 10:53:48.423 | INFO     | models.demos.wormhole.stable_diffusion.tt.ttnn_functional_unet_2d_condition_model_new_conv:__call__:406 - Down block 2
2026-05-29 10:53:48.426 | INFO     | models.demos.wormhole.stable_diffusion.tt.ttnn_functional_unet_2d_condition_model_new_conv:__call__:406 - Down block 3
2026-05-29 10:53:48.427 | INFO     | models.demos.wormhole.stable_diffusion.tt.ttnn_functional_unet_2d_condition_model_new_conv:__call__:460 - Mid block
2026-05-29 10:53:48.428 | warning  |              Op | Mismatch between computed MemoryConfig(memory_layout=TensorMemoryLayout::BLOCK_SHARDED,buffer_type=BufferType::L1,shard_spec=ShardSpec(grid={[(x=0,y=0) - (x=7,y=3)]},shape={32, 160},orientation=ShardOrientation::ROW_MAJOR),nd_shard_spec=NdShardSpec(shard_shape=Shape([32, 160]),grid={[(x=0,y=0) - (x=7,y=3)]},orientation=ShardOrientation::ROW_MAJOR,shard_distribution_strategy=ShardDistributionStrategy::GRID_2D),created_with_nd_shard_spec=0) and provided MemoryConfig(memory_layout=TensorMemoryLayout::BLOCK_SHARDED,buffer_type=BufferType::L1,shard_spec=ShardSpec(grid={[(x=0,y=0) - (x=7,y=7)]},shape={32, 160},orientation=ShardOrientation::ROW_MAJOR),nd_shard_spec=std::nullopt,created_with_nd_shard_spec=0) mem config. Using computed config. (matmul_op.cpp:1674)
2026-05-29 10:53:48.429 | INFO     | models.demos.wormhole.stable_diffusion.tt.ttnn_functional_unet_2d_condition_model_new_conv:__call__:491 - Up block 0
2026-05-29 10:53:48.430 | INFO     | models.demos.wormhole.stable_diffusion.tt.ttnn_functional_unet_2d_condition_model_new_conv:__call__:491 - Up block 1
2026-05-29 10:53:48.435 | INFO     | models.demos.wormhole.stable_diffusion.tt.ttnn_functional_unet_2d_condition_model_new_conv:__call__:491 - Up block 2
2026-05-29 10:53:48.443 | INFO     | models.demos.wormhole.stable_diffusion.tt.ttnn_functional_unet_2d_condition_model_new_conv:__call__:491 - Up block 3
2026-05-29 10:53:48.463 | INFO     | models.demos.wormhole.stable_diffusion.tt.ttnn_functional_unet_2d_condition_model_new_conv:__call__:406 - Down block 0
2026-05-29 10:53:48.469 | info     |              Op | act_block_h_override 2 is not a valid override for padded_output_height_ntiles_per_core 7, instead 1 was selected as closest valid option! (conv2d_utils.cpp:401)
2026-05-29 10:53:48.469 | INFO     | models.demos.wormhole.stable_diffusion.tt.ttnn_functional_unet_2d_condition_model_new_conv:__call__:406 - Down block 1
2026-05-29 10:53:48.474 | INFO     | models.demos.wormhole.stable_diffusion.tt.ttnn_functional_unet_2d_condition_model_new_conv:__call__:406 - Down block 2
2026-05-29 10:53:48.478 | INFO     | models.demos.wormhole.stable_diffusion.tt.ttnn_functional_unet_2d_condition_model_new_conv:__call__:406 - Down block 3
2026-05-29 10:53:48.478 | INFO     | models.demos.wormhole.stable_diffusion.tt.ttnn_functional_unet_2d_condition_model_new_conv:__call__:460 - Mid block
2026-05-29 10:53:48.479 | warning  |              Op | Mismatch between computed MemoryConfig(memory_layout=TensorMemoryLayout::BLOCK_SHARDED,buffer_type=BufferType::L1,shard_spec=ShardSpec(grid={[(x=0,y=0) - (x=7,y=3)]},shape={32, 160},orientation=ShardOrientation::ROW_MAJOR),nd_shard_spec=NdShardSpec(shard_shape=Shape([32, 160]),grid={[(x=0,y=0) - (x=7,y=3)]},orientation=ShardOrientation::ROW_MAJOR,shard_distribution_strategy=ShardDistributionStrategy::GRID_2D),created_with_nd_shard_spec=0) and provided MemoryConfig(memory_layout=TensorMemoryLayout::BLOCK_SHARDED,buffer_type=BufferType::L1,shard_spec=ShardSpec(grid={[(x=0,y=0) - (x=7,y=7)]},shape={32, 160},orientation=ShardOrientation::ROW_MAJOR),nd_shard_spec=std::nullopt,created_with_nd_shard_spec=0) mem config. Using computed config. (matmul_op.cpp:1674)
2026-05-29 10:53:48.480 | INFO     | models.demos.wormhole.stable_diffusion.tt.ttnn_functional_unet_2d_condition_model_new_conv:__call__:491 - Up block 0
2026-05-29 10:53:48.481 | INFO     | models.demos.wormhole.stable_diffusion.tt.ttnn_functional_unet_2d_condition_model_new_conv:__call__:491 - Up block 1
2026-05-29 10:53:48.486 | INFO     | models.demos.wormhole.stable_diffusion.tt.ttnn_functional_unet_2d_condition_model_new_conv:__call__:491 - Up block 2
2026-05-29 10:53:48.494 | INFO     | models.demos.wormhole.stable_diffusion.tt.ttnn_functional_unet_2d_condition_model_new_conv:__call__:491 - Up block 3
2026-05-29 10:53:48.515 | INFO     | models.demos.wormhole.stable_diffusion.tt.ttnn_functional_unet_2d_condition_model_new_conv:__call__:406 - Down block 0
2026-05-29 10:53:48.521 | info     |              Op | act_block_h_override 2 is not a valid override for padded_output_height_ntiles_per_core 7, instead 1 was selected as closest valid option! (conv2d_utils.cpp:401)
2026-05-29 10:53:48.521 | INFO     | models.demos.wormhole.stable_diffusion.tt.ttnn_functional_unet_2d_condition_model_new_conv:__call__:406 - Down block 1
2026-05-29 10:53:48.526 | INFO     | models.demos.wormhole.stable_diffusion.tt.ttnn_functional_unet_2d_condition_model_new_conv:__call__:406 - Down block 2
2026-05-29 10:53:48.530 | INFO     | models.demos.wormhole.stable_diffusion.tt.ttnn_functional_unet_2d_condition_model_new_conv:__call__:406 - Down block 3
2026-05-29 10:53:48.530 | INFO     | models.demos.wormhole.stable_diffusion.tt.ttnn_functional_unet_2d_condition_model_new_conv:__call__:460 - Mid block
2026-05-29 10:53:48.531 | warning  |              Op | Mismatch between computed MemoryConfig(memory_layout=TensorMemoryLayout::BLOCK_SHARDED,buffer_type=BufferType::L1,shard_spec=ShardSpec(grid={[(x=0,y=0) - (x=7,y=3)]},shape={32, 160},orientation=ShardOrientation::ROW_MAJOR),nd_shard_spec=NdShardSpec(shard_shape=Shape([32, 160]),grid={[(x=0,y=0) - (x=7,y=3)]},orientation=ShardOrientation::ROW_MAJOR,shard_distribution_strategy=ShardDistributionStrategy::GRID_2D),created_with_nd_shard_spec=0) and provided MemoryConfig(memory_layout=TensorMemoryLayout::BLOCK_SHARDED,buffer_type=BufferType::L1,shard_spec=ShardSpec(grid={[(x=0,y=0) - (x=7,y=7)]},shape={32, 160},orientation=ShardOrientation::ROW_MAJOR),nd_shard_spec=std::nullopt,created_with_nd_shard_spec=0) mem config. Using computed config. (matmul_op.cpp:1674)
2026-05-29 10:53:48.532 | INFO     | models.demos.wormhole.stable_diffusion.tt.ttnn_functional_unet_2d_condition_model_new_conv:__call__:491 - Up block 0
2026-05-29 10:53:48.534 | INFO     | models.demos.wormhole.stable_diffusion.tt.ttnn_functional_unet_2d_condition_model_new_conv:__call__:491 - Up block 1
2026-05-29 10:53:48.539 | INFO     | models.demos.wormhole.stable_diffusion.tt.ttnn_functional_unet_2d_condition_model_new_conv:__call__:491 - Up block 2
2026-05-29 10:53:48.547 | INFO     | models.demos.wormhole.stable_diffusion.tt.ttnn_functional_unet_2d_condition_model_new_conv:__call__:491 - Up block 3
2026-05-29 10:53:48.567 | INFO     | models.demos.wormhole.stable_diffusion.tt.ttnn_functional_unet_2d_condition_model_new_conv:__call__:406 - Down block 0
2026-05-29 10:53:48.572 | info     |              Op | act_block_h_override 2 is not a valid override for padded_output_height_ntiles_per_core 7, instead 1 was selected as closest valid option! (conv2d_utils.cpp:401)
2026-05-29 10:53:48.573 | INFO     | models.demos.wormhole.stable_diffusion.tt.ttnn_functional_unet_2d_condition_model_new_conv:__call__:406 - Down block 1
2026-05-29 10:53:48.578 | INFO     | models.demos.wormhole.stable_diffusion.tt.ttnn_functional_unet_2d_condition_model_new_conv:__call__:406 - Down block 2
2026-05-29 10:53:48.581 | INFO     | models.demos.wormhole.stable_diffusion.tt.ttnn_functional_unet_2d_condition_model_new_conv:__call__:406 - Down block 3
2026-05-29 10:53:48.582 | INFO     | models.demos.wormhole.stable_diffusion.tt.ttnn_functional_unet_2d_condition_model_new_conv:__call__:460 - Mid block
2026-05-29 10:53:48.582 | warning  |              Op | Mismatch between computed MemoryConfig(memory_layout=TensorMemoryLayout::BLOCK_SHARDED,buffer_type=BufferType::L1,shard_spec=ShardSpec(grid={[(x=0,y=0) - (x=7,y=3)]},shape={32, 160},orientation=ShardOrientation::ROW_MAJOR),nd_shard_spec=NdShardSpec(shard_shape=Shape([32, 160]),grid={[(x=0,y=0) - (x=7,y=3)]},orientation=ShardOrientation::ROW_MAJOR,shard_distribution_strategy=ShardDistributionStrategy::GRID_2D),created_with_nd_shard_spec=0) and provided MemoryConfig(memory_layout=TensorMemoryLayout::BLOCK_SHARDED,buffer_type=BufferType::L1,shard_spec=ShardSpec(grid={[(x=0,y=0) - (x=7,y=7)]},shape={32, 160},orientation=ShardOrientation::ROW_MAJOR),nd_shard_spec=std::nullopt,created_with_nd_shard_spec=0) mem config. Using computed config. (matmul_op.cpp:1674)
2026-05-29 10:53:48.583 | INFO     | models.demos.wormhole.stable_diffusion.tt.ttnn_functional_unet_2d_condition_model_new_conv:__call__:491 - Up block 0
2026-05-29 10:53:48.585 | INFO     | models.demos.wormhole.stable_diffusion.tt.ttnn_functional_unet_2d_condition_model_new_conv:__call__:491 - Up block 1
2026-05-29 10:53:48.589 | INFO     | models.demos.wormhole.stable_diffusion.tt.ttnn_functional_unet_2d_condition_model_new_conv:__call__:491 - Up block 2
2026-05-29 10:53:48.597 | INFO     | models.demos.wormhole.stable_diffusion.tt.ttnn_functional_unet_2d_condition_model_new_conv:__call__:491 - Up block 3
2026-05-29 10:53:48.619 | INFO     | models.demos.wormhole.stable_diffusion.tt.ttnn_functional_unet_2d_condition_model_new_conv:__call__:406 - Down block 0
2026-05-29 10:53:48.624 | info     |              Op | act_block_h_override 2 is not a valid override for padded_output_height_ntiles_per_core 7, instead 1 was selected as closest valid option! (conv2d_utils.cpp:401)
2026-05-29 10:53:48.624 | INFO     | models.demos.wormhole.stable_diffusion.tt.ttnn_functional_unet_2d_condition_model_new_conv:__call__:406 - Down block 1
2026-05-29 10:53:48.630 | INFO     | models.demos.wormhole.stable_diffusion.tt.ttnn_functional_unet_2d_condition_model_new_conv:__call__:406 - Down block 2
2026-05-29 10:53:48.634 | INFO     | models.demos.wormhole.stable_diffusion.tt.ttnn_functional_unet_2d_condition_model_new_conv:__call__:406 - Down block 3
2026-05-29 10:53:48.635 | INFO     | models.demos.wormhole.stable_diffusion.tt.ttnn_functional_unet_2d_condition_model_new_conv:__call__:460 - Mid block
2026-05-29 10:53:48.635 | warning  |              Op | Mismatch between computed MemoryConfig(memory_layout=TensorMemoryLayout::BLOCK_SHARDED,buffer_type=BufferType::L1,shard_spec=ShardSpec(grid={[(x=0,y=0) - (x=7,y=3)]},shape={32, 160},orientation=ShardOrientation::ROW_MAJOR),nd_shard_spec=NdShardSpec(shard_shape=Shape([32, 160]),grid={[(x=0,y=0) - (x=7,y=3)]},orientation=ShardOrientation::ROW_MAJOR,shard_distribution_strategy=ShardDistributionStrategy::GRID_2D),created_with_nd_shard_spec=0) and provided MemoryConfig(memory_layout=TensorMemoryLayout::BLOCK_SHARDED,buffer_type=BufferType::L1,shard_spec=ShardSpec(grid={[(x=0,y=0) - (x=7,y=7)]},shape={32, 160},orientation=ShardOrientation::ROW_MAJOR),nd_shard_spec=std::nullopt,created_with_nd_shard_spec=0) mem config. Using computed config. (matmul_op.cpp:1674)
2026-05-29 10:53:48.637 | INFO     | models.demos.wormhole.stable_diffusion.tt.ttnn_functional_unet_2d_condition_model_new_conv:__call__:491 - Up block 0
2026-05-29 10:53:48.638 | INFO     | models.demos.wormhole.stable_diffusion.tt.ttnn_functional_unet_2d_condition_model_new_conv:__call__:491 - Up block 1
2026-05-29 10:53:48.643 | INFO     | models.demos.wormhole.stable_diffusion.tt.ttnn_functional_unet_2d_condition_model_new_conv:__call__:491 - Up block 2
2026-05-29 10:53:48.651 | INFO     | models.demos.wormhole.stable_diffusion.tt.ttnn_functional_unet_2d_condition_model_new_conv:__call__:491 - Up block 3
2026-05-29 10:53:48.671 | INFO     | models.demos.wormhole.stable_diffusion.tt.ttnn_functional_unet_2d_condition_model_new_conv:__call__:406 - Down block 0
2026-05-29 10:53:48.677 | info     |              Op | act_block_h_override 2 is not a valid override for padded_output_height_ntiles_per_core 7, instead 1 was selected as closest valid option! (conv2d_utils.cpp:401)
2026-05-29 10:53:48.677 | INFO     | models.demos.wormhole.stable_diffusion.tt.ttnn_functional_unet_2d_condition_model_new_conv:__call__:406 - Down block 1
2026-05-29 10:53:48.682 | INFO     | models.demos.wormhole.stable_diffusion.tt.ttnn_functional_unet_2d_condition_model_new_conv:__call__:406 - Down block 2
2026-05-29 10:53:48.686 | INFO     | models.demos.wormhole.stable_diffusion.tt.ttnn_functional_unet_2d_condition_model_new_conv:__call__:406 - Down block 3
2026-05-29 10:53:48.686 | INFO     | models.demos.wormhole.stable_diffusion.tt.ttnn_functional_unet_2d_condition_model_new_conv:__call__:460 - Mid block
2026-05-29 10:53:48.687 | warning  |              Op | Mismatch between computed MemoryConfig(memory_layout=TensorMemoryLayout::BLOCK_SHARDED,buffer_type=BufferType::L1,shard_spec=ShardSpec(grid={[(x=0,y=0) - (x=7,y=3)]},shape={32, 160},orientation=ShardOrientation::ROW_MAJOR),nd_shard_spec=NdShardSpec(shard_shape=Shape([32, 160]),grid={[(x=0,y=0) - (x=7,y=3)]},orientation=ShardOrientation::ROW_MAJOR,shard_distribution_strategy=ShardDistributionStrategy::GRID_2D),created_with_nd_shard_spec=0) and provided MemoryConfig(memory_layout=TensorMemoryLayout::BLOCK_SHARDED,buffer_type=BufferType::L1,shard_spec=ShardSpec(grid={[(x=0,y=0) - (x=7,y=7)]},shape={32, 160},orientation=ShardOrientation::ROW_MAJOR),nd_shard_spec=std::nullopt,created_with_nd_shard_spec=0) mem config. Using computed config. (matmul_op.cpp:1674)
2026-05-29 10:53:48.688 | INFO     | models.demos.wormhole.stable_diffusion.tt.ttnn_functional_unet_2d_condition_model_new_conv:__call__:491 - Up block 0
2026-05-29 10:53:48.689 | INFO     | models.demos.wormhole.stable_diffusion.tt.ttnn_functional_unet_2d_condition_model_new_conv:__call__:491 - Up block 1
2026-05-29 10:53:48.694 | INFO     | models.demos.wormhole.stable_diffusion.tt.ttnn_functional_unet_2d_condition_model_new_conv:__call__:491 - Up block 2
2026-05-29 10:53:48.702 | INFO     | models.demos.wormhole.stable_diffusion.tt.ttnn_functional_unet_2d_condition_model_new_conv:__call__:491 - Up block 3
2026-05-29 10:53:48.723 | INFO     | models.demos.wormhole.stable_diffusion.tt.ttnn_functional_unet_2d_condition_model_new_conv:__call__:406 - Down block 0
2026-05-29 10:53:48.729 | info     |              Op | act_block_h_override 2 is not a valid override for padded_output_height_ntiles_per_core 7, instead 1 was selected as closest valid option! (conv2d_utils.cpp:401)
2026-05-29 10:53:48.729 | INFO     | models.demos.wormhole.stable_diffusion.tt.ttnn_functional_unet_2d_condition_model_new_conv:__call__:406 - Down block 1
2026-05-29 10:53:48.734 | INFO     | models.demos.wormhole.stable_diffusion.tt.ttnn_functional_unet_2d_condition_model_new_conv:__call__:406 - Down block 2
2026-05-29 10:53:48.738 | INFO     | models.demos.wormhole.stable_diffusion.tt.ttnn_functional_unet_2d_condition_model_new_conv:__call__:406 - Down block 3
2026-05-29 10:53:48.738 | INFO     | models.demos.wormhole.stable_diffusion.tt.ttnn_functional_unet_2d_condition_model_new_conv:__call__:460 - Mid block
2026-05-29 10:53:48.739 | warning  |              Op | Mismatch between computed MemoryConfig(memory_layout=TensorMemoryLayout::BLOCK_SHARDED,buffer_type=BufferType::L1,shard_spec=ShardSpec(grid={[(x=0,y=0) - (x=7,y=3)]},shape={32, 160},orientation=ShardOrientation::ROW_MAJOR),nd_shard_spec=NdShardSpec(shard_shape=Shape([32, 160]),grid={[(x=0,y=0) - (x=7,y=3)]},orientation=ShardOrientation::ROW_MAJOR,shard_distribution_strategy=ShardDistributionStrategy::GRID_2D),created_with_nd_shard_spec=0) and provided MemoryConfig(memory_layout=TensorMemoryLayout::BLOCK_SHARDED,buffer_type=BufferType::L1,shard_spec=ShardSpec(grid={[(x=0,y=0) - (x=7,y=7)]},shape={32, 160},orientation=ShardOrientation::ROW_MAJOR),nd_shard_spec=std::nullopt,created_with_nd_shard_spec=0) mem config. Using computed config. (matmul_op.cpp:1674)
2026-05-29 10:53:48.740 | INFO     | models.demos.wormhole.stable_diffusion.tt.ttnn_functional_unet_2d_condition_model_new_conv:__call__:491 - Up block 0
2026-05-29 10:53:48.742 | INFO     | models.demos.wormhole.stable_diffusion.tt.ttnn_functional_unet_2d_condition_model_new_conv:__call__:491 - Up block 1
2026-05-29 10:53:48.747 | INFO     | models.demos.wormhole.stable_diffusion.tt.ttnn_functional_unet_2d_condition_model_new_conv:__call__:491 - Up block 2
2026-05-29 10:53:48.755 | INFO     | models.demos.wormhole.stable_diffusion.tt.ttnn_functional_unet_2d_condition_model_new_conv:__call__:491 - Up block 3
2026-05-29 10:53:48.775 | INFO     | models.demos.wormhole.stable_diffusion.tt.ttnn_functional_unet_2d_condition_model_new_conv:__call__:406 - Down block 0
2026-05-29 10:53:48.780 | info     |              Op | act_block_h_override 2 is not a valid override for padded_output_height_ntiles_per_core 7, instead 1 was selected as closest valid option! (conv2d_utils.cpp:401)
2026-05-29 10:53:48.781 | INFO     | models.demos.wormhole.stable_diffusion.tt.ttnn_functional_unet_2d_condition_model_new_conv:__call__:406 - Down block 1
2026-05-29 10:53:48.786 | INFO     | models.demos.wormhole.stable_diffusion.tt.ttnn_functional_unet_2d_condition_model_new_conv:__call__:406 - Down block 2
2026-05-29 10:53:48.789 | INFO     | models.demos.wormhole.stable_diffusion.tt.ttnn_functional_unet_2d_condition_model_new_conv:__call__:406 - Down block 3
2026-05-29 10:53:48.790 | INFO     | models.demos.wormhole.stable_diffusion.tt.ttnn_functional_unet_2d_condition_model_new_conv:__call__:460 - Mid block
2026-05-29 10:53:48.790 | warning  |              Op | Mismatch between computed MemoryConfig(memory_layout=TensorMemoryLayout::BLOCK_SHARDED,buffer_type=BufferType::L1,shard_spec=ShardSpec(grid={[(x=0,y=0) - (x=7,y=3)]},shape={32, 160},orientation=ShardOrientation::ROW_MAJOR),nd_shard_spec=NdShardSpec(shard_shape=Shape([32, 160]),grid={[(x=0,y=0) - (x=7,y=3)]},orientation=ShardOrientation::ROW_MAJOR,shard_distribution_strategy=ShardDistributionStrategy::GRID_2D),created_with_nd_shard_spec=0) and provided MemoryConfig(memory_layout=TensorMemoryLayout::BLOCK_SHARDED,buffer_type=BufferType::L1,shard_spec=ShardSpec(grid={[(x=0,y=0) - (x=7,y=7)]},shape={32, 160},orientation=ShardOrientation::ROW_MAJOR),nd_shard_spec=std::nullopt,created_with_nd_shard_spec=0) mem config. Using computed config. (matmul_op.cpp:1674)
2026-05-29 10:53:48.792 | INFO     | models.demos.wormhole.stable_diffusion.tt.ttnn_functional_unet_2d_condition_model_new_conv:__call__:491 - Up block 0
2026-05-29 10:53:48.793 | INFO     | models.demos.wormhole.stable_diffusion.tt.ttnn_functional_unet_2d_condition_model_new_conv:__call__:491 - Up block 1
2026-05-29 10:53:48.798 | INFO     | models.demos.wormhole.stable_diffusion.tt.ttnn_functional_unet_2d_condition_model_new_conv:__call__:491 - Up block 2
2026-05-29 10:53:48.806 | INFO     | models.demos.wormhole.stable_diffusion.tt.ttnn_functional_unet_2d_condition_model_new_conv:__call__:491 - Up block 3
  Step 34/41
2026-05-29 10:53:48.829 | INFO     | models.demos.wormhole.stable_diffusion.tt.ttnn_functional_unet_2d_condition_model_new_conv:__call__:406 - Down block 0
2026-05-29 10:53:48.836 | info     |              Op | act_block_h_override 2 is not a valid override for padded_output_height_ntiles_per_core 7, instead 1 was selected as closest valid option! (conv2d_utils.cpp:401)
2026-05-29 10:53:48.836 | INFO     | models.demos.wormhole.stable_diffusion.tt.ttnn_functional_unet_2d_condition_model_new_conv:__call__:406 - Down block 1
2026-05-29 10:53:48.841 | INFO     | models.demos.wormhole.stable_diffusion.tt.ttnn_functional_unet_2d_condition_model_new_conv:__call__:406 - Down block 2
2026-05-29 10:53:48.845 | INFO     | models.demos.wormhole.stable_diffusion.tt.ttnn_functional_unet_2d_condition_model_new_conv:__call__:406 - Down block 3
2026-05-29 10:53:48.846 | INFO     | models.demos.wormhole.stable_diffusion.tt.ttnn_functional_unet_2d_condition_model_new_conv:__call__:460 - Mid block
2026-05-29 10:53:48.846 | warning  |              Op | Mismatch between computed MemoryConfig(memory_layout=TensorMemoryLayout::BLOCK_SHARDED,buffer_type=BufferType::L1,shard_spec=ShardSpec(grid={[(x=0,y=0) - (x=7,y=3)]},shape={32, 160},orientation=ShardOrientation::ROW_MAJOR),nd_shard_spec=NdShardSpec(shard_shape=Shape([32, 160]),grid={[(x=0,y=0) - (x=7,y=3)]},orientation=ShardOrientation::ROW_MAJOR,shard_distribution_strategy=ShardDistributionStrategy::GRID_2D),created_with_nd_shard_spec=0) and provided MemoryConfig(memory_layout=TensorMemoryLayout::BLOCK_SHARDED,buffer_type=BufferType::L1,shard_spec=ShardSpec(grid={[(x=0,y=0) - (x=7,y=7)]},shape={32, 160},orientation=ShardOrientation::ROW_MAJOR),nd_shard_spec=std::nullopt,created_with_nd_shard_spec=0) mem config. Using computed config. (matmul_op.cpp:1674)
2026-05-29 10:53:48.848 | INFO     | models.demos.wormhole.stable_diffusion.tt.ttnn_functional_unet_2d_condition_model_new_conv:__call__:491 - Up block 0
2026-05-29 10:53:48.849 | INFO     | models.demos.wormhole.stable_diffusion.tt.ttnn_functional_unet_2d_condition_model_new_conv:__call__:491 - Up block 1
2026-05-29 10:53:48.854 | INFO     | models.demos.wormhole.stable_diffusion.tt.ttnn_functional_unet_2d_condition_model_new_conv:__call__:491 - Up block 2
2026-05-29 10:53:48.862 | INFO     | models.demos.wormhole.stable_diffusion.tt.ttnn_functional_unet_2d_condition_model_new_conv:__call__:491 - Up block 3
2026-05-29 10:53:48.882 | INFO     | models.demos.wormhole.stable_diffusion.tt.ttnn_functional_unet_2d_condition_model_new_conv:__call__:406 - Down block 0
2026-05-29 10:53:48.888 | info     |              Op | act_block_h_override 2 is not a valid override for padded_output_height_ntiles_per_core 7, instead 1 was selected as closest valid option! (conv2d_utils.cpp:401)
2026-05-29 10:53:48.888 | INFO     | models.demos.wormhole.stable_diffusion.tt.ttnn_functional_unet_2d_condition_model_new_conv:__call__:406 - Down block 1
2026-05-29 10:53:48.894 | INFO     | models.demos.wormhole.stable_diffusion.tt.ttnn_functional_unet_2d_condition_model_new_conv:__call__:406 - Down block 2
2026-05-29 10:53:48.897 | INFO     | models.demos.wormhole.stable_diffusion.tt.ttnn_functional_unet_2d_condition_model_new_conv:__call__:406 - Down block 3
2026-05-29 10:53:48.898 | INFO     | models.demos.wormhole.stable_diffusion.tt.ttnn_functional_unet_2d_condition_model_new_conv:__call__:460 - Mid block
2026-05-29 10:53:48.898 | warning  |              Op | Mismatch between computed MemoryConfig(memory_layout=TensorMemoryLayout::BLOCK_SHARDED,buffer_type=BufferType::L1,shard_spec=ShardSpec(grid={[(x=0,y=0) - (x=7,y=3)]},shape={32, 160},orientation=ShardOrientation::ROW_MAJOR),nd_shard_spec=NdShardSpec(shard_shape=Shape([32, 160]),grid={[(x=0,y=0) - (x=7,y=3)]},orientation=ShardOrientation::ROW_MAJOR,shard_distribution_strategy=ShardDistributionStrategy::GRID_2D),created_with_nd_shard_spec=0) and provided MemoryConfig(memory_layout=TensorMemoryLayout::BLOCK_SHARDED,buffer_type=BufferType::L1,shard_spec=ShardSpec(grid={[(x=0,y=0) - (x=7,y=7)]},shape={32, 160},orientation=ShardOrientation::ROW_MAJOR),nd_shard_spec=std::nullopt,created_with_nd_shard_spec=0) mem config. Using computed config. (matmul_op.cpp:1674)
2026-05-29 10:53:48.900 | INFO     | models.demos.wormhole.stable_diffusion.tt.ttnn_functional_unet_2d_condition_model_new_conv:__call__:491 - Up block 0
2026-05-29 10:53:48.901 | INFO     | models.demos.wormhole.stable_diffusion.tt.ttnn_functional_unet_2d_condition_model_new_conv:__call__:491 - Up block 1
2026-05-29 10:53:48.906 | INFO     | models.demos.wormhole.stable_diffusion.tt.ttnn_functional_unet_2d_condition_model_new_conv:__call__:491 - Up block 2
2026-05-29 10:53:48.914 | INFO     | models.demos.wormhole.stable_diffusion.tt.ttnn_functional_unet_2d_condition_model_new_conv:__call__:491 - Up block 3
2026-05-29 10:53:48.934 | INFO     | models.demos.wormhole.stable_diffusion.tt.ttnn_functional_unet_2d_condition_model_new_conv:__call__:406 - Down block 0
2026-05-29 10:53:48.940 | info     |              Op | act_block_h_override 2 is not a valid override for padded_output_height_ntiles_per_core 7, instead 1 was selected as closest valid option! (conv2d_utils.cpp:401)
2026-05-29 10:53:48.940 | INFO     | models.demos.wormhole.stable_diffusion.tt.ttnn_functional_unet_2d_condition_model_new_conv:__call__:406 - Down block 1
2026-05-29 10:53:48.945 | INFO     | models.demos.wormhole.stable_diffusion.tt.ttnn_functional_unet_2d_condition_model_new_conv:__call__:406 - Down block 2
2026-05-29 10:53:48.949 | INFO     | models.demos.wormhole.stable_diffusion.tt.ttnn_functional_unet_2d_condition_model_new_conv:__call__:406 - Down block 3
2026-05-29 10:53:48.949 | INFO     | models.demos.wormhole.stable_diffusion.tt.ttnn_functional_unet_2d_condition_model_new_conv:__call__:460 - Mid block
2026-05-29 10:53:48.950 | warning  |              Op | Mismatch between computed MemoryConfig(memory_layout=TensorMemoryLayout::BLOCK_SHARDED,buffer_type=BufferType::L1,shard_spec=ShardSpec(grid={[(x=0,y=0) - (x=7,y=3)]},shape={32, 160},orientation=ShardOrientation::ROW_MAJOR),nd_shard_spec=NdShardSpec(shard_shape=Shape([32, 160]),grid={[(x=0,y=0) - (x=7,y=3)]},orientation=ShardOrientation::ROW_MAJOR,shard_distribution_strategy=ShardDistributionStrategy::GRID_2D),created_with_nd_shard_spec=0) and provided MemoryConfig(memory_layout=TensorMemoryLayout::BLOCK_SHARDED,buffer_type=BufferType::L1,shard_spec=ShardSpec(grid={[(x=0,y=0) - (x=7,y=7)]},shape={32, 160},orientation=ShardOrientation::ROW_MAJOR),nd_shard_spec=std::nullopt,created_with_nd_shard_spec=0) mem config. Using computed config. (matmul_op.cpp:1674)
2026-05-29 10:53:48.951 | INFO     | models.demos.wormhole.stable_diffusion.tt.ttnn_functional_unet_2d_condition_model_new_conv:__call__:491 - Up block 0
2026-05-29 10:53:48.952 | INFO     | models.demos.wormhole.stable_diffusion.tt.ttnn_functional_unet_2d_condition_model_new_conv:__call__:491 - Up block 1
2026-05-29 10:53:48.957 | INFO     | models.demos.wormhole.stable_diffusion.tt.ttnn_functional_unet_2d_condition_model_new_conv:__call__:491 - Up block 2
2026-05-29 10:53:48.965 | INFO     | models.demos.wormhole.stable_diffusion.tt.ttnn_functional_unet_2d_condition_model_new_conv:__call__:491 - Up block 3
2026-05-29 10:53:48.986 | INFO     | models.demos.wormhole.stable_diffusion.tt.ttnn_functional_unet_2d_condition_model_new_conv:__call__:406 - Down block 0
2026-05-29 10:53:48.992 | info     |              Op | act_block_h_override 2 is not a valid override for padded_output_height_ntiles_per_core 7, instead 1 was selected as closest valid option! (conv2d_utils.cpp:401)
2026-05-29 10:53:48.992 | INFO     | models.demos.wormhole.stable_diffusion.tt.ttnn_functional_unet_2d_condition_model_new_conv:__call__:406 - Down block 1
2026-05-29 10:53:48.997 | INFO     | models.demos.wormhole.stable_diffusion.tt.ttnn_functional_unet_2d_condition_model_new_conv:__call__:406 - Down block 2
2026-05-29 10:53:49.001 | INFO     | models.demos.wormhole.stable_diffusion.tt.ttnn_functional_unet_2d_condition_model_new_conv:__call__:406 - Down block 3
2026-05-29 10:53:49.001 | INFO     | models.demos.wormhole.stable_diffusion.tt.ttnn_functional_unet_2d_condition_model_new_conv:__call__:460 - Mid block
2026-05-29 10:53:49.002 | warning  |              Op | Mismatch between computed MemoryConfig(memory_layout=TensorMemoryLayout::BLOCK_SHARDED,buffer_type=BufferType::L1,shard_spec=ShardSpec(grid={[(x=0,y=0) - (x=7,y=3)]},shape={32, 160},orientation=ShardOrientation::ROW_MAJOR),nd_shard_spec=NdShardSpec(shard_shape=Shape([32, 160]),grid={[(x=0,y=0) - (x=7,y=3)]},orientation=ShardOrientation::ROW_MAJOR,shard_distribution_strategy=ShardDistributionStrategy::GRID_2D),created_with_nd_shard_spec=0) and provided MemoryConfig(memory_layout=TensorMemoryLayout::BLOCK_SHARDED,buffer_type=BufferType::L1,shard_spec=ShardSpec(grid={[(x=0,y=0) - (x=7,y=7)]},shape={32, 160},orientation=ShardOrientation::ROW_MAJOR),nd_shard_spec=std::nullopt,created_with_nd_shard_spec=0) mem config. Using computed config. (matmul_op.cpp:1674)
2026-05-29 10:53:49.003 | INFO     | models.demos.wormhole.stable_diffusion.tt.ttnn_functional_unet_2d_condition_model_new_conv:__call__:491 - Up block 0
2026-05-29 10:53:49.005 | INFO     | models.demos.wormhole.stable_diffusion.tt.ttnn_functional_unet_2d_condition_model_new_conv:__call__:491 - Up block 1
2026-05-29 10:53:49.010 | INFO     | models.demos.wormhole.stable_diffusion.tt.ttnn_functional_unet_2d_condition_model_new_conv:__call__:491 - Up block 2
2026-05-29 10:53:49.018 | INFO     | models.demos.wormhole.stable_diffusion.tt.ttnn_functional_unet_2d_condition_model_new_conv:__call__:491 - Up block 3
2026-05-29 10:53:49.038 | INFO     | models.demos.wormhole.stable_diffusion.tt.ttnn_functional_unet_2d_condition_model_new_conv:__call__:406 - Down block 0
2026-05-29 10:53:49.043 | info     |              Op | act_block_h_override 2 is not a valid override for padded_output_height_ntiles_per_core 7, instead 1 was selected as closest valid option! (conv2d_utils.cpp:401)
2026-05-29 10:53:49.044 | INFO     | models.demos.wormhole.stable_diffusion.tt.ttnn_functional_unet_2d_condition_model_new_conv:__call__:406 - Down block 1
2026-05-29 10:53:49.049 | INFO     | models.demos.wormhole.stable_diffusion.tt.ttnn_functional_unet_2d_condition_model_new_conv:__call__:406 - Down block 2
2026-05-29 10:53:49.052 | INFO     | models.demos.wormhole.stable_diffusion.tt.ttnn_functional_unet_2d_condition_model_new_conv:__call__:406 - Down block 3
2026-05-29 10:53:49.053 | INFO     | models.demos.wormhole.stable_diffusion.tt.ttnn_functional_unet_2d_condition_model_new_conv:__call__:460 - Mid block
2026-05-29 10:53:49.053 | warning  |              Op | Mismatch between computed MemoryConfig(memory_layout=TensorMemoryLayout::BLOCK_SHARDED,buffer_type=BufferType::L1,shard_spec=ShardSpec(grid={[(x=0,y=0) - (x=7,y=3)]},shape={32, 160},orientation=ShardOrientation::ROW_MAJOR),nd_shard_spec=NdShardSpec(shard_shape=Shape([32, 160]),grid={[(x=0,y=0) - (x=7,y=3)]},orientation=ShardOrientation::ROW_MAJOR,shard_distribution_strategy=ShardDistributionStrategy::GRID_2D),created_with_nd_shard_spec=0) and provided MemoryConfig(memory_layout=TensorMemoryLayout::BLOCK_SHARDED,buffer_type=BufferType::L1,shard_spec=ShardSpec(grid={[(x=0,y=0) - (x=7,y=7)]},shape={32, 160},orientation=ShardOrientation::ROW_MAJOR),nd_shard_spec=std::nullopt,created_with_nd_shard_spec=0) mem config. Using computed config. (matmul_op.cpp:1674)
2026-05-29 10:53:49.055 | INFO     | models.demos.wormhole.stable_diffusion.tt.ttnn_functional_unet_2d_condition_model_new_conv:__call__:491 - Up block 0
2026-05-29 10:53:49.056 | INFO     | models.demos.wormhole.stable_diffusion.tt.ttnn_functional_unet_2d_condition_model_new_conv:__call__:491 - Up block 1
2026-05-29 10:53:49.061 | INFO     | models.demos.wormhole.stable_diffusion.tt.ttnn_functional_unet_2d_condition_model_new_conv:__call__:491 - Up block 2
2026-05-29 10:53:49.069 | INFO     | models.demos.wormhole.stable_diffusion.tt.ttnn_functional_unet_2d_condition_model_new_conv:__call__:491 - Up block 3
2026-05-29 10:53:49.090 | INFO     | models.demos.wormhole.stable_diffusion.tt.ttnn_functional_unet_2d_condition_model_new_conv:__call__:406 - Down block 0
2026-05-29 10:53:49.095 | info     |              Op | act_block_h_override 2 is not a valid override for padded_output_height_ntiles_per_core 7, instead 1 was selected as closest valid option! (conv2d_utils.cpp:401)
2026-05-29 10:53:49.095 | INFO     | models.demos.wormhole.stable_diffusion.tt.ttnn_functional_unet_2d_condition_model_new_conv:__call__:406 - Down block 1
2026-05-29 10:53:49.101 | INFO     | models.demos.wormhole.stable_diffusion.tt.ttnn_functional_unet_2d_condition_model_new_conv:__call__:406 - Down block 2
2026-05-29 10:53:49.104 | INFO     | models.demos.wormhole.stable_diffusion.tt.ttnn_functional_unet_2d_condition_model_new_conv:__call__:406 - Down block 3
2026-05-29 10:53:49.105 | INFO     | models.demos.wormhole.stable_diffusion.tt.ttnn_functional_unet_2d_condition_model_new_conv:__call__:460 - Mid block
2026-05-29 10:53:49.106 | warning  |              Op | Mismatch between computed MemoryConfig(memory_layout=TensorMemoryLayout::BLOCK_SHARDED,buffer_type=BufferType::L1,shard_spec=ShardSpec(grid={[(x=0,y=0) - (x=7,y=3)]},shape={32, 160},orientation=ShardOrientation::ROW_MAJOR),nd_shard_spec=NdShardSpec(shard_shape=Shape([32, 160]),grid={[(x=0,y=0) - (x=7,y=3)]},orientation=ShardOrientation::ROW_MAJOR,shard_distribution_strategy=ShardDistributionStrategy::GRID_2D),created_with_nd_shard_spec=0) and provided MemoryConfig(memory_layout=TensorMemoryLayout::BLOCK_SHARDED,buffer_type=BufferType::L1,shard_spec=ShardSpec(grid={[(x=0,y=0) - (x=7,y=7)]},shape={32, 160},orientation=ShardOrientation::ROW_MAJOR),nd_shard_spec=std::nullopt,created_with_nd_shard_spec=0) mem config. Using computed config. (matmul_op.cpp:1674)
2026-05-29 10:53:49.107 | INFO     | models.demos.wormhole.stable_diffusion.tt.ttnn_functional_unet_2d_condition_model_new_conv:__call__:491 - Up block 0
2026-05-29 10:53:49.108 | INFO     | models.demos.wormhole.stable_diffusion.tt.ttnn_functional_unet_2d_condition_model_new_conv:__call__:491 - Up block 1
2026-05-29 10:53:49.113 | INFO     | models.demos.wormhole.stable_diffusion.tt.ttnn_functional_unet_2d_condition_model_new_conv:__call__:491 - Up block 2
2026-05-29 10:53:49.121 | INFO     | models.demos.wormhole.stable_diffusion.tt.ttnn_functional_unet_2d_condition_model_new_conv:__call__:491 - Up block 3
2026-05-29 10:53:49.141 | INFO     | models.demos.wormhole.stable_diffusion.tt.ttnn_functional_unet_2d_condition_model_new_conv:__call__:406 - Down block 0
2026-05-29 10:53:49.147 | info     |              Op | act_block_h_override 2 is not a valid override for padded_output_height_ntiles_per_core 7, instead 1 was selected as closest valid option! (conv2d_utils.cpp:401)
2026-05-29 10:53:49.147 | INFO     | models.demos.wormhole.stable_diffusion.tt.ttnn_functional_unet_2d_condition_model_new_conv:__call__:406 - Down block 1
2026-05-29 10:53:49.153 | INFO     | models.demos.wormhole.stable_diffusion.tt.ttnn_functional_unet_2d_condition_model_new_conv:__call__:406 - Down block 2
2026-05-29 10:53:49.156 | INFO     | models.demos.wormhole.stable_diffusion.tt.ttnn_functional_unet_2d_condition_model_new_conv:__call__:406 - Down block 3
2026-05-29 10:53:49.157 | INFO     | models.demos.wormhole.stable_diffusion.tt.ttnn_functional_unet_2d_condition_model_new_conv:__call__:460 - Mid block
2026-05-29 10:53:49.157 | warning  |              Op | Mismatch between computed MemoryConfig(memory_layout=TensorMemoryLayout::BLOCK_SHARDED,buffer_type=BufferType::L1,shard_spec=ShardSpec(grid={[(x=0,y=0) - (x=7,y=3)]},shape={32, 160},orientation=ShardOrientation::ROW_MAJOR),nd_shard_spec=NdShardSpec(shard_shape=Shape([32, 160]),grid={[(x=0,y=0) - (x=7,y=3)]},orientation=ShardOrientation::ROW_MAJOR,shard_distribution_strategy=ShardDistributionStrategy::GRID_2D),created_with_nd_shard_spec=0) and provided MemoryConfig(memory_layout=TensorMemoryLayout::BLOCK_SHARDED,buffer_type=BufferType::L1,shard_spec=ShardSpec(grid={[(x=0,y=0) - (x=7,y=7)]},shape={32, 160},orientation=ShardOrientation::ROW_MAJOR),nd_shard_spec=std::nullopt,created_with_nd_shard_spec=0) mem config. Using computed config. (matmul_op.cpp:1674)
2026-05-29 10:53:49.158 | INFO     | models.demos.wormhole.stable_diffusion.tt.ttnn_functional_unet_2d_condition_model_new_conv:__call__:491 - Up block 0
2026-05-29 10:53:49.160 | INFO     | models.demos.wormhole.stable_diffusion.tt.ttnn_functional_unet_2d_condition_model_new_conv:__call__:491 - Up block 1
2026-05-29 10:53:49.164 | INFO     | models.demos.wormhole.stable_diffusion.tt.ttnn_functional_unet_2d_condition_model_new_conv:__call__:491 - Up block 2
2026-05-29 10:53:49.172 | INFO     | models.demos.wormhole.stable_diffusion.tt.ttnn_functional_unet_2d_condition_model_new_conv:__call__:491 - Up block 3
2026-05-29 10:53:49.193 | INFO     | models.demos.wormhole.stable_diffusion.tt.ttnn_functional_unet_2d_condition_model_new_conv:__call__:406 - Down block 0
2026-05-29 10:53:49.199 | info     |              Op | act_block_h_override 2 is not a valid override for padded_output_height_ntiles_per_core 7, instead 1 was selected as closest valid option! (conv2d_utils.cpp:401)
2026-05-29 10:53:49.199 | INFO     | models.demos.wormhole.stable_diffusion.tt.ttnn_functional_unet_2d_condition_model_new_conv:__call__:406 - Down block 1
2026-05-29 10:53:49.204 | INFO     | models.demos.wormhole.stable_diffusion.tt.ttnn_functional_unet_2d_condition_model_new_conv:__call__:406 - Down block 2
2026-05-29 10:53:49.208 | INFO     | models.demos.wormhole.stable_diffusion.tt.ttnn_functional_unet_2d_condition_model_new_conv:__call__:406 - Down block 3
2026-05-29 10:53:49.209 | INFO     | models.demos.wormhole.stable_diffusion.tt.ttnn_functional_unet_2d_condition_model_new_conv:__call__:460 - Mid block
2026-05-29 10:53:49.209 | warning  |              Op | Mismatch between computed MemoryConfig(memory_layout=TensorMemoryLayout::BLOCK_SHARDED,buffer_type=BufferType::L1,shard_spec=ShardSpec(grid={[(x=0,y=0) - (x=7,y=3)]},shape={32, 160},orientation=ShardOrientation::ROW_MAJOR),nd_shard_spec=NdShardSpec(shard_shape=Shape([32, 160]),grid={[(x=0,y=0) - (x=7,y=3)]},orientation=ShardOrientation::ROW_MAJOR,shard_distribution_strategy=ShardDistributionStrategy::GRID_2D),created_with_nd_shard_spec=0) and provided MemoryConfig(memory_layout=TensorMemoryLayout::BLOCK_SHARDED,buffer_type=BufferType::L1,shard_spec=ShardSpec(grid={[(x=0,y=0) - (x=7,y=7)]},shape={32, 160},orientation=ShardOrientation::ROW_MAJOR),nd_shard_spec=std::nullopt,created_with_nd_shard_spec=0) mem config. Using computed config. (matmul_op.cpp:1674)
2026-05-29 10:53:49.210 | INFO     | models.demos.wormhole.stable_diffusion.tt.ttnn_functional_unet_2d_condition_model_new_conv:__call__:491 - Up block 0
2026-05-29 10:53:49.212 | INFO     | models.demos.wormhole.stable_diffusion.tt.ttnn_functional_unet_2d_condition_model_new_conv:__call__:491 - Up block 1
2026-05-29 10:53:49.217 | INFO     | models.demos.wormhole.stable_diffusion.tt.ttnn_functional_unet_2d_condition_model_new_conv:__call__:491 - Up block 2
2026-05-29 10:53:49.225 | INFO     | models.demos.wormhole.stable_diffusion.tt.ttnn_functional_unet_2d_condition_model_new_conv:__call__:491 - Up block 3
  Step 35/41
2026-05-29 10:53:49.247 | INFO     | models.demos.wormhole.stable_diffusion.tt.ttnn_functional_unet_2d_condition_model_new_conv:__call__:406 - Down block 0
2026-05-29 10:53:49.254 | info     |              Op | act_block_h_override 2 is not a valid override for padded_output_height_ntiles_per_core 7, instead 1 was selected as closest valid option! (conv2d_utils.cpp:401)
2026-05-29 10:53:49.254 | INFO     | models.demos.wormhole.stable_diffusion.tt.ttnn_functional_unet_2d_condition_model_new_conv:__call__:406 - Down block 1
2026-05-29 10:53:49.259 | INFO     | models.demos.wormhole.stable_diffusion.tt.ttnn_functional_unet_2d_condition_model_new_conv:__call__:406 - Down block 2
2026-05-29 10:53:49.263 | INFO     | models.demos.wormhole.stable_diffusion.tt.ttnn_functional_unet_2d_condition_model_new_conv:__call__:406 - Down block 3
2026-05-29 10:53:49.264 | INFO     | models.demos.wormhole.stable_diffusion.tt.ttnn_functional_unet_2d_condition_model_new_conv:__call__:460 - Mid block
2026-05-29 10:53:49.264 | warning  |              Op | Mismatch between computed MemoryConfig(memory_layout=TensorMemoryLayout::BLOCK_SHARDED,buffer_type=BufferType::L1,shard_spec=ShardSpec(grid={[(x=0,y=0) - (x=7,y=3)]},shape={32, 160},orientation=ShardOrientation::ROW_MAJOR),nd_shard_spec=NdShardSpec(shard_shape=Shape([32, 160]),grid={[(x=0,y=0) - (x=7,y=3)]},orientation=ShardOrientation::ROW_MAJOR,shard_distribution_strategy=ShardDistributionStrategy::GRID_2D),created_with_nd_shard_spec=0) and provided MemoryConfig(memory_layout=TensorMemoryLayout::BLOCK_SHARDED,buffer_type=BufferType::L1,shard_spec=ShardSpec(grid={[(x=0,y=0) - (x=7,y=7)]},shape={32, 160},orientation=ShardOrientation::ROW_MAJOR),nd_shard_spec=std::nullopt,created_with_nd_shard_spec=0) mem config. Using computed config. (matmul_op.cpp:1674)
2026-05-29 10:53:49.265 | INFO     | models.demos.wormhole.stable_diffusion.tt.ttnn_functional_unet_2d_condition_model_new_conv:__call__:491 - Up block 0
2026-05-29 10:53:49.267 | INFO     | models.demos.wormhole.stable_diffusion.tt.ttnn_functional_unet_2d_condition_model_new_conv:__call__:491 - Up block 1
2026-05-29 10:53:49.272 | INFO     | models.demos.wormhole.stable_diffusion.tt.ttnn_functional_unet_2d_condition_model_new_conv:__call__:491 - Up block 2
2026-05-29 10:53:49.280 | INFO     | models.demos.wormhole.stable_diffusion.tt.ttnn_functional_unet_2d_condition_model_new_conv:__call__:491 - Up block 3
2026-05-29 10:53:49.300 | INFO     | models.demos.wormhole.stable_diffusion.tt.ttnn_functional_unet_2d_condition_model_new_conv:__call__:406 - Down block 0
2026-05-29 10:53:49.305 | info     |              Op | act_block_h_override 2 is not a valid override for padded_output_height_ntiles_per_core 7, instead 1 was selected as closest valid option! (conv2d_utils.cpp:401)
2026-05-29 10:53:49.305 | INFO     | models.demos.wormhole.stable_diffusion.tt.ttnn_functional_unet_2d_condition_model_new_conv:__call__:406 - Down block 1
2026-05-29 10:53:49.311 | INFO     | models.demos.wormhole.stable_diffusion.tt.ttnn_functional_unet_2d_condition_model_new_conv:__call__:406 - Down block 2
2026-05-29 10:53:49.314 | INFO     | models.demos.wormhole.stable_diffusion.tt.ttnn_functional_unet_2d_condition_model_new_conv:__call__:406 - Down block 3
2026-05-29 10:53:49.315 | INFO     | models.demos.wormhole.stable_diffusion.tt.ttnn_functional_unet_2d_condition_model_new_conv:__call__:460 - Mid block
2026-05-29 10:53:49.315 | warning  |              Op | Mismatch between computed MemoryConfig(memory_layout=TensorMemoryLayout::BLOCK_SHARDED,buffer_type=BufferType::L1,shard_spec=ShardSpec(grid={[(x=0,y=0) - (x=7,y=3)]},shape={32, 160},orientation=ShardOrientation::ROW_MAJOR),nd_shard_spec=NdShardSpec(shard_shape=Shape([32, 160]),grid={[(x=0,y=0) - (x=7,y=3)]},orientation=ShardOrientation::ROW_MAJOR,shard_distribution_strategy=ShardDistributionStrategy::GRID_2D),created_with_nd_shard_spec=0) and provided MemoryConfig(memory_layout=TensorMemoryLayout::BLOCK_SHARDED,buffer_type=BufferType::L1,shard_spec=ShardSpec(grid={[(x=0,y=0) - (x=7,y=7)]},shape={32, 160},orientation=ShardOrientation::ROW_MAJOR),nd_shard_spec=std::nullopt,created_with_nd_shard_spec=0) mem config. Using computed config. (matmul_op.cpp:1674)
2026-05-29 10:53:49.317 | INFO     | models.demos.wormhole.stable_diffusion.tt.ttnn_functional_unet_2d_condition_model_new_conv:__call__:491 - Up block 0
2026-05-29 10:53:49.318 | INFO     | models.demos.wormhole.stable_diffusion.tt.ttnn_functional_unet_2d_condition_model_new_conv:__call__:491 - Up block 1
2026-05-29 10:53:49.323 | INFO     | models.demos.wormhole.stable_diffusion.tt.ttnn_functional_unet_2d_condition_model_new_conv:__call__:491 - Up block 2
2026-05-29 10:53:49.331 | INFO     | models.demos.wormhole.stable_diffusion.tt.ttnn_functional_unet_2d_condition_model_new_conv:__call__:491 - Up block 3
2026-05-29 10:53:49.351 | INFO     | models.demos.wormhole.stable_diffusion.tt.ttnn_functional_unet_2d_condition_model_new_conv:__call__:406 - Down block 0
2026-05-29 10:53:49.357 | info     |              Op | act_block_h_override 2 is not a valid override for padded_output_height_ntiles_per_core 7, instead 1 was selected as closest valid option! (conv2d_utils.cpp:401)
2026-05-29 10:53:49.357 | INFO     | models.demos.wormhole.stable_diffusion.tt.ttnn_functional_unet_2d_condition_model_new_conv:__call__:406 - Down block 1
2026-05-29 10:53:49.363 | INFO     | models.demos.wormhole.stable_diffusion.tt.ttnn_functional_unet_2d_condition_model_new_conv:__call__:406 - Down block 2
2026-05-29 10:53:49.366 | INFO     | models.demos.wormhole.stable_diffusion.tt.ttnn_functional_unet_2d_condition_model_new_conv:__call__:406 - Down block 3
2026-05-29 10:53:49.367 | INFO     | models.demos.wormhole.stable_diffusion.tt.ttnn_functional_unet_2d_condition_model_new_conv:__call__:460 - Mid block
2026-05-29 10:53:49.367 | warning  |              Op | Mismatch between computed MemoryConfig(memory_layout=TensorMemoryLayout::BLOCK_SHARDED,buffer_type=BufferType::L1,shard_spec=ShardSpec(grid={[(x=0,y=0) - (x=7,y=3)]},shape={32, 160},orientation=ShardOrientation::ROW_MAJOR),nd_shard_spec=NdShardSpec(shard_shape=Shape([32, 160]),grid={[(x=0,y=0) - (x=7,y=3)]},orientation=ShardOrientation::ROW_MAJOR,shard_distribution_strategy=ShardDistributionStrategy::GRID_2D),created_with_nd_shard_spec=0) and provided MemoryConfig(memory_layout=TensorMemoryLayout::BLOCK_SHARDED,buffer_type=BufferType::L1,shard_spec=ShardSpec(grid={[(x=0,y=0) - (x=7,y=7)]},shape={32, 160},orientation=ShardOrientation::ROW_MAJOR),nd_shard_spec=std::nullopt,created_with_nd_shard_spec=0) mem config. Using computed config. (matmul_op.cpp:1674)
2026-05-29 10:53:49.369 | INFO     | models.demos.wormhole.stable_diffusion.tt.ttnn_functional_unet_2d_condition_model_new_conv:__call__:491 - Up block 0
2026-05-29 10:53:49.370 | INFO     | models.demos.wormhole.stable_diffusion.tt.ttnn_functional_unet_2d_condition_model_new_conv:__call__:491 - Up block 1
2026-05-29 10:53:49.375 | INFO     | models.demos.wormhole.stable_diffusion.tt.ttnn_functional_unet_2d_condition_model_new_conv:__call__:491 - Up block 2
2026-05-29 10:53:49.383 | INFO     | models.demos.wormhole.stable_diffusion.tt.ttnn_functional_unet_2d_condition_model_new_conv:__call__:491 - Up block 3
2026-05-29 10:53:49.403 | INFO     | models.demos.wormhole.stable_diffusion.tt.ttnn_functional_unet_2d_condition_model_new_conv:__call__:406 - Down block 0
2026-05-29 10:53:49.409 | info     |              Op | act_block_h_override 2 is not a valid override for padded_output_height_ntiles_per_core 7, instead 1 was selected as closest valid option! (conv2d_utils.cpp:401)
2026-05-29 10:53:49.409 | INFO     | models.demos.wormhole.stable_diffusion.tt.ttnn_functional_unet_2d_condition_model_new_conv:__call__:406 - Down block 1
2026-05-29 10:53:49.414 | INFO     | models.demos.wormhole.stable_diffusion.tt.ttnn_functional_unet_2d_condition_model_new_conv:__call__:406 - Down block 2
2026-05-29 10:53:49.418 | INFO     | models.demos.wormhole.stable_diffusion.tt.ttnn_functional_unet_2d_condition_model_new_conv:__call__:406 - Down block 3
2026-05-29 10:53:49.418 | INFO     | models.demos.wormhole.stable_diffusion.tt.ttnn_functional_unet_2d_condition_model_new_conv:__call__:460 - Mid block
2026-05-29 10:53:49.419 | warning  |              Op | Mismatch between computed MemoryConfig(memory_layout=TensorMemoryLayout::BLOCK_SHARDED,buffer_type=BufferType::L1,shard_spec=ShardSpec(grid={[(x=0,y=0) - (x=7,y=3)]},shape={32, 160},orientation=ShardOrientation::ROW_MAJOR),nd_shard_spec=NdShardSpec(shard_shape=Shape([32, 160]),grid={[(x=0,y=0) - (x=7,y=3)]},orientation=ShardOrientation::ROW_MAJOR,shard_distribution_strategy=ShardDistributionStrategy::GRID_2D),created_with_nd_shard_spec=0) and provided MemoryConfig(memory_layout=TensorMemoryLayout::BLOCK_SHARDED,buffer_type=BufferType::L1,shard_spec=ShardSpec(grid={[(x=0,y=0) - (x=7,y=7)]},shape={32, 160},orientation=ShardOrientation::ROW_MAJOR),nd_shard_spec=std::nullopt,created_with_nd_shard_spec=0) mem config. Using computed config. (matmul_op.cpp:1674)
2026-05-29 10:53:49.420 | INFO     | models.demos.wormhole.stable_diffusion.tt.ttnn_functional_unet_2d_condition_model_new_conv:__call__:491 - Up block 0
2026-05-29 10:53:49.421 | INFO     | models.demos.wormhole.stable_diffusion.tt.ttnn_functional_unet_2d_condition_model_new_conv:__call__:491 - Up block 1
2026-05-29 10:53:49.426 | INFO     | models.demos.wormhole.stable_diffusion.tt.ttnn_functional_unet_2d_condition_model_new_conv:__call__:491 - Up block 2
2026-05-29 10:53:49.434 | INFO     | models.demos.wormhole.stable_diffusion.tt.ttnn_functional_unet_2d_condition_model_new_conv:__call__:491 - Up block 3
2026-05-29 10:53:49.455 | INFO     | models.demos.wormhole.stable_diffusion.tt.ttnn_functional_unet_2d_condition_model_new_conv:__call__:406 - Down block 0
2026-05-29 10:53:49.461 | info     |              Op | act_block_h_override 2 is not a valid override for padded_output_height_ntiles_per_core 7, instead 1 was selected as closest valid option! (conv2d_utils.cpp:401)
2026-05-29 10:53:49.461 | INFO     | models.demos.wormhole.stable_diffusion.tt.ttnn_functional_unet_2d_condition_model_new_conv:__call__:406 - Down block 1
2026-05-29 10:53:49.466 | INFO     | models.demos.wormhole.stable_diffusion.tt.ttnn_functional_unet_2d_condition_model_new_conv:__call__:406 - Down block 2
2026-05-29 10:53:49.470 | INFO     | models.demos.wormhole.stable_diffusion.tt.ttnn_functional_unet_2d_condition_model_new_conv:__call__:406 - Down block 3
2026-05-29 10:53:49.471 | INFO     | models.demos.wormhole.stable_diffusion.tt.ttnn_functional_unet_2d_condition_model_new_conv:__call__:460 - Mid block
2026-05-29 10:53:49.471 | warning  |              Op | Mismatch between computed MemoryConfig(memory_layout=TensorMemoryLayout::BLOCK_SHARDED,buffer_type=BufferType::L1,shard_spec=ShardSpec(grid={[(x=0,y=0) - (x=7,y=3)]},shape={32, 160},orientation=ShardOrientation::ROW_MAJOR),nd_shard_spec=NdShardSpec(shard_shape=Shape([32, 160]),grid={[(x=0,y=0) - (x=7,y=3)]},orientation=ShardOrientation::ROW_MAJOR,shard_distribution_strategy=ShardDistributionStrategy::GRID_2D),created_with_nd_shard_spec=0) and provided MemoryConfig(memory_layout=TensorMemoryLayout::BLOCK_SHARDED,buffer_type=BufferType::L1,shard_spec=ShardSpec(grid={[(x=0,y=0) - (x=7,y=7)]},shape={32, 160},orientation=ShardOrientation::ROW_MAJOR),nd_shard_spec=std::nullopt,created_with_nd_shard_spec=0) mem config. Using computed config. (matmul_op.cpp:1674)
2026-05-29 10:53:49.472 | INFO     | models.demos.wormhole.stable_diffusion.tt.ttnn_functional_unet_2d_condition_model_new_conv:__call__:491 - Up block 0
2026-05-29 10:53:49.474 | INFO     | models.demos.wormhole.stable_diffusion.tt.ttnn_functional_unet_2d_condition_model_new_conv:__call__:491 - Up block 1
2026-05-29 10:53:49.479 | INFO     | models.demos.wormhole.stable_diffusion.tt.ttnn_functional_unet_2d_condition_model_new_conv:__call__:491 - Up block 2
2026-05-29 10:53:49.487 | INFO     | models.demos.wormhole.stable_diffusion.tt.ttnn_functional_unet_2d_condition_model_new_conv:__call__:491 - Up block 3
2026-05-29 10:53:49.507 | INFO     | models.demos.wormhole.stable_diffusion.tt.ttnn_functional_unet_2d_condition_model_new_conv:__call__:406 - Down block 0
2026-05-29 10:53:49.513 | info     |              Op | act_block_h_override 2 is not a valid override for padded_output_height_ntiles_per_core 7, instead 1 was selected as closest valid option! (conv2d_utils.cpp:401)
2026-05-29 10:53:49.513 | INFO     | models.demos.wormhole.stable_diffusion.tt.ttnn_functional_unet_2d_condition_model_new_conv:__call__:406 - Down block 1
2026-05-29 10:53:49.518 | INFO     | models.demos.wormhole.stable_diffusion.tt.ttnn_functional_unet_2d_condition_model_new_conv:__call__:406 - Down block 2
2026-05-29 10:53:49.521 | INFO     | models.demos.wormhole.stable_diffusion.tt.ttnn_functional_unet_2d_condition_model_new_conv:__call__:406 - Down block 3
2026-05-29 10:53:49.522 | INFO     | models.demos.wormhole.stable_diffusion.tt.ttnn_functional_unet_2d_condition_model_new_conv:__call__:460 - Mid block
2026-05-29 10:53:49.523 | warning  |              Op | Mismatch between computed MemoryConfig(memory_layout=TensorMemoryLayout::BLOCK_SHARDED,buffer_type=BufferType::L1,shard_spec=ShardSpec(grid={[(x=0,y=0) - (x=7,y=3)]},shape={32, 160},orientation=ShardOrientation::ROW_MAJOR),nd_shard_spec=NdShardSpec(shard_shape=Shape([32, 160]),grid={[(x=0,y=0) - (x=7,y=3)]},orientation=ShardOrientation::ROW_MAJOR,shard_distribution_strategy=ShardDistributionStrategy::GRID_2D),created_with_nd_shard_spec=0) and provided MemoryConfig(memory_layout=TensorMemoryLayout::BLOCK_SHARDED,buffer_type=BufferType::L1,shard_spec=ShardSpec(grid={[(x=0,y=0) - (x=7,y=7)]},shape={32, 160},orientation=ShardOrientation::ROW_MAJOR),nd_shard_spec=std::nullopt,created_with_nd_shard_spec=0) mem config. Using computed config. (matmul_op.cpp:1674)
2026-05-29 10:53:49.524 | INFO     | models.demos.wormhole.stable_diffusion.tt.ttnn_functional_unet_2d_condition_model_new_conv:__call__:491 - Up block 0
2026-05-29 10:53:49.525 | INFO     | models.demos.wormhole.stable_diffusion.tt.ttnn_functional_unet_2d_condition_model_new_conv:__call__:491 - Up block 1
2026-05-29 10:53:49.530 | INFO     | models.demos.wormhole.stable_diffusion.tt.ttnn_functional_unet_2d_condition_model_new_conv:__call__:491 - Up block 2
2026-05-29 10:53:49.538 | INFO     | models.demos.wormhole.stable_diffusion.tt.ttnn_functional_unet_2d_condition_model_new_conv:__call__:491 - Up block 3
2026-05-29 10:53:49.559 | INFO     | models.demos.wormhole.stable_diffusion.tt.ttnn_functional_unet_2d_condition_model_new_conv:__call__:406 - Down block 0
2026-05-29 10:53:49.565 | info     |              Op | act_block_h_override 2 is not a valid override for padded_output_height_ntiles_per_core 7, instead 1 was selected as closest valid option! (conv2d_utils.cpp:401)
2026-05-29 10:53:49.565 | INFO     | models.demos.wormhole.stable_diffusion.tt.ttnn_functional_unet_2d_condition_model_new_conv:__call__:406 - Down block 1
2026-05-29 10:53:49.570 | INFO     | models.demos.wormhole.stable_diffusion.tt.ttnn_functional_unet_2d_condition_model_new_conv:__call__:406 - Down block 2
2026-05-29 10:53:49.574 | INFO     | models.demos.wormhole.stable_diffusion.tt.ttnn_functional_unet_2d_condition_model_new_conv:__call__:406 - Down block 3
2026-05-29 10:53:49.574 | INFO     | models.demos.wormhole.stable_diffusion.tt.ttnn_functional_unet_2d_condition_model_new_conv:__call__:460 - Mid block
2026-05-29 10:53:49.575 | warning  |              Op | Mismatch between computed MemoryConfig(memory_layout=TensorMemoryLayout::BLOCK_SHARDED,buffer_type=BufferType::L1,shard_spec=ShardSpec(grid={[(x=0,y=0) - (x=7,y=3)]},shape={32, 160},orientation=ShardOrientation::ROW_MAJOR),nd_shard_spec=NdShardSpec(shard_shape=Shape([32, 160]),grid={[(x=0,y=0) - (x=7,y=3)]},orientation=ShardOrientation::ROW_MAJOR,shard_distribution_strategy=ShardDistributionStrategy::GRID_2D),created_with_nd_shard_spec=0) and provided MemoryConfig(memory_layout=TensorMemoryLayout::BLOCK_SHARDED,buffer_type=BufferType::L1,shard_spec=ShardSpec(grid={[(x=0,y=0) - (x=7,y=7)]},shape={32, 160},orientation=ShardOrientation::ROW_MAJOR),nd_shard_spec=std::nullopt,created_with_nd_shard_spec=0) mem config. Using computed config. (matmul_op.cpp:1674)
2026-05-29 10:53:49.576 | INFO     | models.demos.wormhole.stable_diffusion.tt.ttnn_functional_unet_2d_condition_model_new_conv:__call__:491 - Up block 0
2026-05-29 10:53:49.578 | INFO     | models.demos.wormhole.stable_diffusion.tt.ttnn_functional_unet_2d_condition_model_new_conv:__call__:491 - Up block 1
2026-05-29 10:53:49.583 | INFO     | models.demos.wormhole.stable_diffusion.tt.ttnn_functional_unet_2d_condition_model_new_conv:__call__:491 - Up block 2
2026-05-29 10:53:49.591 | INFO     | models.demos.wormhole.stable_diffusion.tt.ttnn_functional_unet_2d_condition_model_new_conv:__call__:491 - Up block 3
2026-05-29 10:53:49.611 | INFO     | models.demos.wormhole.stable_diffusion.tt.ttnn_functional_unet_2d_condition_model_new_conv:__call__:406 - Down block 0
2026-05-29 10:53:49.617 | info     |              Op | act_block_h_override 2 is not a valid override for padded_output_height_ntiles_per_core 7, instead 1 was selected as closest valid option! (conv2d_utils.cpp:401)
2026-05-29 10:53:49.617 | INFO     | models.demos.wormhole.stable_diffusion.tt.ttnn_functional_unet_2d_condition_model_new_conv:__call__:406 - Down block 1
2026-05-29 10:53:49.622 | INFO     | models.demos.wormhole.stable_diffusion.tt.ttnn_functional_unet_2d_condition_model_new_conv:__call__:406 - Down block 2
2026-05-29 10:53:49.626 | INFO     | models.demos.wormhole.stable_diffusion.tt.ttnn_functional_unet_2d_condition_model_new_conv:__call__:406 - Down block 3
2026-05-29 10:53:49.627 | INFO     | models.demos.wormhole.stable_diffusion.tt.ttnn_functional_unet_2d_condition_model_new_conv:__call__:460 - Mid block
2026-05-29 10:53:49.627 | warning  |              Op | Mismatch between computed MemoryConfig(memory_layout=TensorMemoryLayout::BLOCK_SHARDED,buffer_type=BufferType::L1,shard_spec=ShardSpec(grid={[(x=0,y=0) - (x=7,y=3)]},shape={32, 160},orientation=ShardOrientation::ROW_MAJOR),nd_shard_spec=NdShardSpec(shard_shape=Shape([32, 160]),grid={[(x=0,y=0) - (x=7,y=3)]},orientation=ShardOrientation::ROW_MAJOR,shard_distribution_strategy=ShardDistributionStrategy::GRID_2D),created_with_nd_shard_spec=0) and provided MemoryConfig(memory_layout=TensorMemoryLayout::BLOCK_SHARDED,buffer_type=BufferType::L1,shard_spec=ShardSpec(grid={[(x=0,y=0) - (x=7,y=7)]},shape={32, 160},orientation=ShardOrientation::ROW_MAJOR),nd_shard_spec=std::nullopt,created_with_nd_shard_spec=0) mem config. Using computed config. (matmul_op.cpp:1674)
2026-05-29 10:53:49.629 | INFO     | models.demos.wormhole.stable_diffusion.tt.ttnn_functional_unet_2d_condition_model_new_conv:__call__:491 - Up block 0
2026-05-29 10:53:49.630 | INFO     | models.demos.wormhole.stable_diffusion.tt.ttnn_functional_unet_2d_condition_model_new_conv:__call__:491 - Up block 1
2026-05-29 10:53:49.635 | INFO     | models.demos.wormhole.stable_diffusion.tt.ttnn_functional_unet_2d_condition_model_new_conv:__call__:491 - Up block 2
2026-05-29 10:53:49.643 | INFO     | models.demos.wormhole.stable_diffusion.tt.ttnn_functional_unet_2d_condition_model_new_conv:__call__:491 - Up block 3
  Step 36/41
2026-05-29 10:53:49.665 | INFO     | models.demos.wormhole.stable_diffusion.tt.ttnn_functional_unet_2d_condition_model_new_conv:__call__:406 - Down block 0
2026-05-29 10:53:49.671 | info     |              Op | act_block_h_override 2 is not a valid override for padded_output_height_ntiles_per_core 7, instead 1 was selected as closest valid option! (conv2d_utils.cpp:401)
2026-05-29 10:53:49.672 | INFO     | models.demos.wormhole.stable_diffusion.tt.ttnn_functional_unet_2d_condition_model_new_conv:__call__:406 - Down block 1
2026-05-29 10:53:49.677 | INFO     | models.demos.wormhole.stable_diffusion.tt.ttnn_functional_unet_2d_condition_model_new_conv:__call__:406 - Down block 2
2026-05-29 10:53:49.681 | INFO     | models.demos.wormhole.stable_diffusion.tt.ttnn_functional_unet_2d_condition_model_new_conv:__call__:406 - Down block 3
2026-05-29 10:53:49.681 | INFO     | models.demos.wormhole.stable_diffusion.tt.ttnn_functional_unet_2d_condition_model_new_conv:__call__:460 - Mid block
2026-05-29 10:53:49.682 | warning  |              Op | Mismatch between computed MemoryConfig(memory_layout=TensorMemoryLayout::BLOCK_SHARDED,buffer_type=BufferType::L1,shard_spec=ShardSpec(grid={[(x=0,y=0) - (x=7,y=3)]},shape={32, 160},orientation=ShardOrientation::ROW_MAJOR),nd_shard_spec=NdShardSpec(shard_shape=Shape([32, 160]),grid={[(x=0,y=0) - (x=7,y=3)]},orientation=ShardOrientation::ROW_MAJOR,shard_distribution_strategy=ShardDistributionStrategy::GRID_2D),created_with_nd_shard_spec=0) and provided MemoryConfig(memory_layout=TensorMemoryLayout::BLOCK_SHARDED,buffer_type=BufferType::L1,shard_spec=ShardSpec(grid={[(x=0,y=0) - (x=7,y=7)]},shape={32, 160},orientation=ShardOrientation::ROW_MAJOR),nd_shard_spec=std::nullopt,created_with_nd_shard_spec=0) mem config. Using computed config. (matmul_op.cpp:1674)
2026-05-29 10:53:49.683 | INFO     | models.demos.wormhole.stable_diffusion.tt.ttnn_functional_unet_2d_condition_model_new_conv:__call__:491 - Up block 0
2026-05-29 10:53:49.685 | INFO     | models.demos.wormhole.stable_diffusion.tt.ttnn_functional_unet_2d_condition_model_new_conv:__call__:491 - Up block 1
2026-05-29 10:53:49.689 | INFO     | models.demos.wormhole.stable_diffusion.tt.ttnn_functional_unet_2d_condition_model_new_conv:__call__:491 - Up block 2
2026-05-29 10:53:49.698 | INFO     | models.demos.wormhole.stable_diffusion.tt.ttnn_functional_unet_2d_condition_model_new_conv:__call__:491 - Up block 3
2026-05-29 10:53:49.718 | INFO     | models.demos.wormhole.stable_diffusion.tt.ttnn_functional_unet_2d_condition_model_new_conv:__call__:406 - Down block 0
2026-05-29 10:53:49.723 | info     |              Op | act_block_h_override 2 is not a valid override for padded_output_height_ntiles_per_core 7, instead 1 was selected as closest valid option! (conv2d_utils.cpp:401)
2026-05-29 10:53:49.723 | INFO     | models.demos.wormhole.stable_diffusion.tt.ttnn_functional_unet_2d_condition_model_new_conv:__call__:406 - Down block 1
2026-05-29 10:53:49.729 | INFO     | models.demos.wormhole.stable_diffusion.tt.ttnn_functional_unet_2d_condition_model_new_conv:__call__:406 - Down block 2
2026-05-29 10:53:49.732 | INFO     | models.demos.wormhole.stable_diffusion.tt.ttnn_functional_unet_2d_condition_model_new_conv:__call__:406 - Down block 3
2026-05-29 10:53:49.733 | INFO     | models.demos.wormhole.stable_diffusion.tt.ttnn_functional_unet_2d_condition_model_new_conv:__call__:460 - Mid block
2026-05-29 10:53:49.734 | warning  |              Op | Mismatch between computed MemoryConfig(memory_layout=TensorMemoryLayout::BLOCK_SHARDED,buffer_type=BufferType::L1,shard_spec=ShardSpec(grid={[(x=0,y=0) - (x=7,y=3)]},shape={32, 160},orientation=ShardOrientation::ROW_MAJOR),nd_shard_spec=NdShardSpec(shard_shape=Shape([32, 160]),grid={[(x=0,y=0) - (x=7,y=3)]},orientation=ShardOrientation::ROW_MAJOR,shard_distribution_strategy=ShardDistributionStrategy::GRID_2D),created_with_nd_shard_spec=0) and provided MemoryConfig(memory_layout=TensorMemoryLayout::BLOCK_SHARDED,buffer_type=BufferType::L1,shard_spec=ShardSpec(grid={[(x=0,y=0) - (x=7,y=7)]},shape={32, 160},orientation=ShardOrientation::ROW_MAJOR),nd_shard_spec=std::nullopt,created_with_nd_shard_spec=0) mem config. Using computed config. (matmul_op.cpp:1674)
2026-05-29 10:53:49.735 | INFO     | models.demos.wormhole.stable_diffusion.tt.ttnn_functional_unet_2d_condition_model_new_conv:__call__:491 - Up block 0
2026-05-29 10:53:49.736 | INFO     | models.demos.wormhole.stable_diffusion.tt.ttnn_functional_unet_2d_condition_model_new_conv:__call__:491 - Up block 1
2026-05-29 10:53:49.741 | INFO     | models.demos.wormhole.stable_diffusion.tt.ttnn_functional_unet_2d_condition_model_new_conv:__call__:491 - Up block 2
2026-05-29 10:53:49.749 | INFO     | models.demos.wormhole.stable_diffusion.tt.ttnn_functional_unet_2d_condition_model_new_conv:__call__:491 - Up block 3
2026-05-29 10:53:49.769 | INFO     | models.demos.wormhole.stable_diffusion.tt.ttnn_functional_unet_2d_condition_model_new_conv:__call__:406 - Down block 0
2026-05-29 10:53:49.775 | info     |              Op | act_block_h_override 2 is not a valid override for padded_output_height_ntiles_per_core 7, instead 1 was selected as closest valid option! (conv2d_utils.cpp:401)
2026-05-29 10:53:49.775 | INFO     | models.demos.wormhole.stable_diffusion.tt.ttnn_functional_unet_2d_condition_model_new_conv:__call__:406 - Down block 1
2026-05-29 10:53:49.781 | INFO     | models.demos.wormhole.stable_diffusion.tt.ttnn_functional_unet_2d_condition_model_new_conv:__call__:406 - Down block 2
2026-05-29 10:53:49.784 | INFO     | models.demos.wormhole.stable_diffusion.tt.ttnn_functional_unet_2d_condition_model_new_conv:__call__:406 - Down block 3
2026-05-29 10:53:49.784 | INFO     | models.demos.wormhole.stable_diffusion.tt.ttnn_functional_unet_2d_condition_model_new_conv:__call__:460 - Mid block
2026-05-29 10:53:49.785 | warning  |              Op | Mismatch between computed MemoryConfig(memory_layout=TensorMemoryLayout::BLOCK_SHARDED,buffer_type=BufferType::L1,shard_spec=ShardSpec(grid={[(x=0,y=0) - (x=7,y=3)]},shape={32, 160},orientation=ShardOrientation::ROW_MAJOR),nd_shard_spec=NdShardSpec(shard_shape=Shape([32, 160]),grid={[(x=0,y=0) - (x=7,y=3)]},orientation=ShardOrientation::ROW_MAJOR,shard_distribution_strategy=ShardDistributionStrategy::GRID_2D),created_with_nd_shard_spec=0) and provided MemoryConfig(memory_layout=TensorMemoryLayout::BLOCK_SHARDED,buffer_type=BufferType::L1,shard_spec=ShardSpec(grid={[(x=0,y=0) - (x=7,y=7)]},shape={32, 160},orientation=ShardOrientation::ROW_MAJOR),nd_shard_spec=std::nullopt,created_with_nd_shard_spec=0) mem config. Using computed config. (matmul_op.cpp:1674)
2026-05-29 10:53:49.786 | INFO     | models.demos.wormhole.stable_diffusion.tt.ttnn_functional_unet_2d_condition_model_new_conv:__call__:491 - Up block 0
2026-05-29 10:53:49.788 | INFO     | models.demos.wormhole.stable_diffusion.tt.ttnn_functional_unet_2d_condition_model_new_conv:__call__:491 - Up block 1
2026-05-29 10:53:49.792 | INFO     | models.demos.wormhole.stable_diffusion.tt.ttnn_functional_unet_2d_condition_model_new_conv:__call__:491 - Up block 2
2026-05-29 10:53:49.800 | INFO     | models.demos.wormhole.stable_diffusion.tt.ttnn_functional_unet_2d_condition_model_new_conv:__call__:491 - Up block 3
2026-05-29 10:53:49.821 | INFO     | models.demos.wormhole.stable_diffusion.tt.ttnn_functional_unet_2d_condition_model_new_conv:__call__:406 - Down block 0
2026-05-29 10:53:49.827 | info     |              Op | act_block_h_override 2 is not a valid override for padded_output_height_ntiles_per_core 7, instead 1 was selected as closest valid option! (conv2d_utils.cpp:401)
2026-05-29 10:53:49.827 | INFO     | models.demos.wormhole.stable_diffusion.tt.ttnn_functional_unet_2d_condition_model_new_conv:__call__:406 - Down block 1
2026-05-29 10:53:49.833 | INFO     | models.demos.wormhole.stable_diffusion.tt.ttnn_functional_unet_2d_condition_model_new_conv:__call__:406 - Down block 2
2026-05-29 10:53:49.836 | INFO     | models.demos.wormhole.stable_diffusion.tt.ttnn_functional_unet_2d_condition_model_new_conv:__call__:406 - Down block 3
2026-05-29 10:53:49.837 | INFO     | models.demos.wormhole.stable_diffusion.tt.ttnn_functional_unet_2d_condition_model_new_conv:__call__:460 - Mid block
2026-05-29 10:53:49.837 | warning  |              Op | Mismatch between computed MemoryConfig(memory_layout=TensorMemoryLayout::BLOCK_SHARDED,buffer_type=BufferType::L1,shard_spec=ShardSpec(grid={[(x=0,y=0) - (x=7,y=3)]},shape={32, 160},orientation=ShardOrientation::ROW_MAJOR),nd_shard_spec=NdShardSpec(shard_shape=Shape([32, 160]),grid={[(x=0,y=0) - (x=7,y=3)]},orientation=ShardOrientation::ROW_MAJOR,shard_distribution_strategy=ShardDistributionStrategy::GRID_2D),created_with_nd_shard_spec=0) and provided MemoryConfig(memory_layout=TensorMemoryLayout::BLOCK_SHARDED,buffer_type=BufferType::L1,shard_spec=ShardSpec(grid={[(x=0,y=0) - (x=7,y=7)]},shape={32, 160},orientation=ShardOrientation::ROW_MAJOR),nd_shard_spec=std::nullopt,created_with_nd_shard_spec=0) mem config. Using computed config. (matmul_op.cpp:1674)
2026-05-29 10:53:49.839 | INFO     | models.demos.wormhole.stable_diffusion.tt.ttnn_functional_unet_2d_condition_model_new_conv:__call__:491 - Up block 0
2026-05-29 10:53:49.840 | INFO     | models.demos.wormhole.stable_diffusion.tt.ttnn_functional_unet_2d_condition_model_new_conv:__call__:491 - Up block 1
2026-05-29 10:53:49.845 | INFO     | models.demos.wormhole.stable_diffusion.tt.ttnn_functional_unet_2d_condition_model_new_conv:__call__:491 - Up block 2
2026-05-29 10:53:49.853 | INFO     | models.demos.wormhole.stable_diffusion.tt.ttnn_functional_unet_2d_condition_model_new_conv:__call__:491 - Up block 3
2026-05-29 10:53:49.873 | INFO     | models.demos.wormhole.stable_diffusion.tt.ttnn_functional_unet_2d_condition_model_new_conv:__call__:406 - Down block 0
2026-05-29 10:53:49.879 | info     |              Op | act_block_h_override 2 is not a valid override for padded_output_height_ntiles_per_core 7, instead 1 was selected as closest valid option! (conv2d_utils.cpp:401)
2026-05-29 10:53:49.879 | INFO     | models.demos.wormhole.stable_diffusion.tt.ttnn_functional_unet_2d_condition_model_new_conv:__call__:406 - Down block 1
2026-05-29 10:53:49.885 | INFO     | models.demos.wormhole.stable_diffusion.tt.ttnn_functional_unet_2d_condition_model_new_conv:__call__:406 - Down block 2
2026-05-29 10:53:49.888 | INFO     | models.demos.wormhole.stable_diffusion.tt.ttnn_functional_unet_2d_condition_model_new_conv:__call__:406 - Down block 3
2026-05-29 10:53:49.889 | INFO     | models.demos.wormhole.stable_diffusion.tt.ttnn_functional_unet_2d_condition_model_new_conv:__call__:460 - Mid block
2026-05-29 10:53:49.889 | warning  |              Op | Mismatch between computed MemoryConfig(memory_layout=TensorMemoryLayout::BLOCK_SHARDED,buffer_type=BufferType::L1,shard_spec=ShardSpec(grid={[(x=0,y=0) - (x=7,y=3)]},shape={32, 160},orientation=ShardOrientation::ROW_MAJOR),nd_shard_spec=NdShardSpec(shard_shape=Shape([32, 160]),grid={[(x=0,y=0) - (x=7,y=3)]},orientation=ShardOrientation::ROW_MAJOR,shard_distribution_strategy=ShardDistributionStrategy::GRID_2D),created_with_nd_shard_spec=0) and provided MemoryConfig(memory_layout=TensorMemoryLayout::BLOCK_SHARDED,buffer_type=BufferType::L1,shard_spec=ShardSpec(grid={[(x=0,y=0) - (x=7,y=7)]},shape={32, 160},orientation=ShardOrientation::ROW_MAJOR),nd_shard_spec=std::nullopt,created_with_nd_shard_spec=0) mem config. Using computed config. (matmul_op.cpp:1674)
2026-05-29 10:53:49.890 | INFO     | models.demos.wormhole.stable_diffusion.tt.ttnn_functional_unet_2d_condition_model_new_conv:__call__:491 - Up block 0
2026-05-29 10:53:49.892 | INFO     | models.demos.wormhole.stable_diffusion.tt.ttnn_functional_unet_2d_condition_model_new_conv:__call__:491 - Up block 1
2026-05-29 10:53:49.896 | INFO     | models.demos.wormhole.stable_diffusion.tt.ttnn_functional_unet_2d_condition_model_new_conv:__call__:491 - Up block 2
2026-05-29 10:53:49.904 | INFO     | models.demos.wormhole.stable_diffusion.tt.ttnn_functional_unet_2d_condition_model_new_conv:__call__:491 - Up block 3
2026-05-29 10:53:49.925 | INFO     | models.demos.wormhole.stable_diffusion.tt.ttnn_functional_unet_2d_condition_model_new_conv:__call__:406 - Down block 0
2026-05-29 10:53:49.931 | info     |              Op | act_block_h_override 2 is not a valid override for padded_output_height_ntiles_per_core 7, instead 1 was selected as closest valid option! (conv2d_utils.cpp:401)
2026-05-29 10:53:49.932 | INFO     | models.demos.wormhole.stable_diffusion.tt.ttnn_functional_unet_2d_condition_model_new_conv:__call__:406 - Down block 1
2026-05-29 10:53:49.937 | INFO     | models.demos.wormhole.stable_diffusion.tt.ttnn_functional_unet_2d_condition_model_new_conv:__call__:406 - Down block 2
2026-05-29 10:53:49.941 | INFO     | models.demos.wormhole.stable_diffusion.tt.ttnn_functional_unet_2d_condition_model_new_conv:__call__:406 - Down block 3
2026-05-29 10:53:49.942 | INFO     | models.demos.wormhole.stable_diffusion.tt.ttnn_functional_unet_2d_condition_model_new_conv:__call__:460 - Mid block
2026-05-29 10:53:49.942 | warning  |              Op | Mismatch between computed MemoryConfig(memory_layout=TensorMemoryLayout::BLOCK_SHARDED,buffer_type=BufferType::L1,shard_spec=ShardSpec(grid={[(x=0,y=0) - (x=7,y=3)]},shape={32, 160},orientation=ShardOrientation::ROW_MAJOR),nd_shard_spec=NdShardSpec(shard_shape=Shape([32, 160]),grid={[(x=0,y=0) - (x=7,y=3)]},orientation=ShardOrientation::ROW_MAJOR,shard_distribution_strategy=ShardDistributionStrategy::GRID_2D),created_with_nd_shard_spec=0) and provided MemoryConfig(memory_layout=TensorMemoryLayout::BLOCK_SHARDED,buffer_type=BufferType::L1,shard_spec=ShardSpec(grid={[(x=0,y=0) - (x=7,y=7)]},shape={32, 160},orientation=ShardOrientation::ROW_MAJOR),nd_shard_spec=std::nullopt,created_with_nd_shard_spec=0) mem config. Using computed config. (matmul_op.cpp:1674)
2026-05-29 10:53:49.944 | INFO     | models.demos.wormhole.stable_diffusion.tt.ttnn_functional_unet_2d_condition_model_new_conv:__call__:491 - Up block 0
2026-05-29 10:53:49.945 | INFO     | models.demos.wormhole.stable_diffusion.tt.ttnn_functional_unet_2d_condition_model_new_conv:__call__:491 - Up block 1
2026-05-29 10:53:49.951 | INFO     | models.demos.wormhole.stable_diffusion.tt.ttnn_functional_unet_2d_condition_model_new_conv:__call__:491 - Up block 2
2026-05-29 10:53:49.959 | INFO     | models.demos.wormhole.stable_diffusion.tt.ttnn_functional_unet_2d_condition_model_new_conv:__call__:491 - Up block 3
2026-05-29 10:53:49.979 | INFO     | models.demos.wormhole.stable_diffusion.tt.ttnn_functional_unet_2d_condition_model_new_conv:__call__:406 - Down block 0
2026-05-29 10:53:49.985 | info     |              Op | act_block_h_override 2 is not a valid override for padded_output_height_ntiles_per_core 7, instead 1 was selected as closest valid option! (conv2d_utils.cpp:401)
2026-05-29 10:53:49.985 | INFO     | models.demos.wormhole.stable_diffusion.tt.ttnn_functional_unet_2d_condition_model_new_conv:__call__:406 - Down block 1
2026-05-29 10:53:49.991 | INFO     | models.demos.wormhole.stable_diffusion.tt.ttnn_functional_unet_2d_condition_model_new_conv:__call__:406 - Down block 2
2026-05-29 10:53:49.994 | INFO     | models.demos.wormhole.stable_diffusion.tt.ttnn_functional_unet_2d_condition_model_new_conv:__call__:406 - Down block 3
2026-05-29 10:53:49.995 | INFO     | models.demos.wormhole.stable_diffusion.tt.ttnn_functional_unet_2d_condition_model_new_conv:__call__:460 - Mid block
2026-05-29 10:53:49.996 | warning  |              Op | Mismatch between computed MemoryConfig(memory_layout=TensorMemoryLayout::BLOCK_SHARDED,buffer_type=BufferType::L1,shard_spec=ShardSpec(grid={[(x=0,y=0) - (x=7,y=3)]},shape={32, 160},orientation=ShardOrientation::ROW_MAJOR),nd_shard_spec=NdShardSpec(shard_shape=Shape([32, 160]),grid={[(x=0,y=0) - (x=7,y=3)]},orientation=ShardOrientation::ROW_MAJOR,shard_distribution_strategy=ShardDistributionStrategy::GRID_2D),created_with_nd_shard_spec=0) and provided MemoryConfig(memory_layout=TensorMemoryLayout::BLOCK_SHARDED,buffer_type=BufferType::L1,shard_spec=ShardSpec(grid={[(x=0,y=0) - (x=7,y=7)]},shape={32, 160},orientation=ShardOrientation::ROW_MAJOR),nd_shard_spec=std::nullopt,created_with_nd_shard_spec=0) mem config. Using computed config. (matmul_op.cpp:1674)
2026-05-29 10:53:49.997 | INFO     | models.demos.wormhole.stable_diffusion.tt.ttnn_functional_unet_2d_condition_model_new_conv:__call__:491 - Up block 0
2026-05-29 10:53:49.998 | INFO     | models.demos.wormhole.stable_diffusion.tt.ttnn_functional_unet_2d_condition_model_new_conv:__call__:491 - Up block 1
2026-05-29 10:53:50.003 | INFO     | models.demos.wormhole.stable_diffusion.tt.ttnn_functional_unet_2d_condition_model_new_conv:__call__:491 - Up block 2
2026-05-29 10:53:50.011 | INFO     | models.demos.wormhole.stable_diffusion.tt.ttnn_functional_unet_2d_condition_model_new_conv:__call__:491 - Up block 3
2026-05-29 10:53:50.031 | INFO     | models.demos.wormhole.stable_diffusion.tt.ttnn_functional_unet_2d_condition_model_new_conv:__call__:406 - Down block 0
2026-05-29 10:53:50.037 | info     |              Op | act_block_h_override 2 is not a valid override for padded_output_height_ntiles_per_core 7, instead 1 was selected as closest valid option! (conv2d_utils.cpp:401)
2026-05-29 10:53:50.037 | INFO     | models.demos.wormhole.stable_diffusion.tt.ttnn_functional_unet_2d_condition_model_new_conv:__call__:406 - Down block 1
2026-05-29 10:53:50.042 | INFO     | models.demos.wormhole.stable_diffusion.tt.ttnn_functional_unet_2d_condition_model_new_conv:__call__:406 - Down block 2
2026-05-29 10:53:50.046 | INFO     | models.demos.wormhole.stable_diffusion.tt.ttnn_functional_unet_2d_condition_model_new_conv:__call__:406 - Down block 3
2026-05-29 10:53:50.047 | INFO     | models.demos.wormhole.stable_diffusion.tt.ttnn_functional_unet_2d_condition_model_new_conv:__call__:460 - Mid block
2026-05-29 10:53:50.047 | warning  |              Op | Mismatch between computed MemoryConfig(memory_layout=TensorMemoryLayout::BLOCK_SHARDED,buffer_type=BufferType::L1,shard_spec=ShardSpec(grid={[(x=0,y=0) - (x=7,y=3)]},shape={32, 160},orientation=ShardOrientation::ROW_MAJOR),nd_shard_spec=NdShardSpec(shard_shape=Shape([32, 160]),grid={[(x=0,y=0) - (x=7,y=3)]},orientation=ShardOrientation::ROW_MAJOR,shard_distribution_strategy=ShardDistributionStrategy::GRID_2D),created_with_nd_shard_spec=0) and provided MemoryConfig(memory_layout=TensorMemoryLayout::BLOCK_SHARDED,buffer_type=BufferType::L1,shard_spec=ShardSpec(grid={[(x=0,y=0) - (x=7,y=7)]},shape={32, 160},orientation=ShardOrientation::ROW_MAJOR),nd_shard_spec=std::nullopt,created_with_nd_shard_spec=0) mem config. Using computed config. (matmul_op.cpp:1674)
2026-05-29 10:53:50.048 | INFO     | models.demos.wormhole.stable_diffusion.tt.ttnn_functional_unet_2d_condition_model_new_conv:__call__:491 - Up block 0
2026-05-29 10:53:50.050 | INFO     | models.demos.wormhole.stable_diffusion.tt.ttnn_functional_unet_2d_condition_model_new_conv:__call__:491 - Up block 1
2026-05-29 10:53:50.055 | INFO     | models.demos.wormhole.stable_diffusion.tt.ttnn_functional_unet_2d_condition_model_new_conv:__call__:491 - Up block 2
2026-05-29 10:53:50.063 | INFO     | models.demos.wormhole.stable_diffusion.tt.ttnn_functional_unet_2d_condition_model_new_conv:__call__:491 - Up block 3
  Step 37/41
2026-05-29 10:53:50.086 | INFO     | models.demos.wormhole.stable_diffusion.tt.ttnn_functional_unet_2d_condition_model_new_conv:__call__:406 - Down block 0
2026-05-29 10:53:50.092 | info     |              Op | act_block_h_override 2 is not a valid override for padded_output_height_ntiles_per_core 7, instead 1 was selected as closest valid option! (conv2d_utils.cpp:401)
2026-05-29 10:53:50.092 | INFO     | models.demos.wormhole.stable_diffusion.tt.ttnn_functional_unet_2d_condition_model_new_conv:__call__:406 - Down block 1
2026-05-29 10:53:50.098 | INFO     | models.demos.wormhole.stable_diffusion.tt.ttnn_functional_unet_2d_condition_model_new_conv:__call__:406 - Down block 2
2026-05-29 10:53:50.102 | INFO     | models.demos.wormhole.stable_diffusion.tt.ttnn_functional_unet_2d_condition_model_new_conv:__call__:406 - Down block 3
2026-05-29 10:53:50.103 | INFO     | models.demos.wormhole.stable_diffusion.tt.ttnn_functional_unet_2d_condition_model_new_conv:__call__:460 - Mid block
2026-05-29 10:53:50.103 | warning  |              Op | Mismatch between computed MemoryConfig(memory_layout=TensorMemoryLayout::BLOCK_SHARDED,buffer_type=BufferType::L1,shard_spec=ShardSpec(grid={[(x=0,y=0) - (x=7,y=3)]},shape={32, 160},orientation=ShardOrientation::ROW_MAJOR),nd_shard_spec=NdShardSpec(shard_shape=Shape([32, 160]),grid={[(x=0,y=0) - (x=7,y=3)]},orientation=ShardOrientation::ROW_MAJOR,shard_distribution_strategy=ShardDistributionStrategy::GRID_2D),created_with_nd_shard_spec=0) and provided MemoryConfig(memory_layout=TensorMemoryLayout::BLOCK_SHARDED,buffer_type=BufferType::L1,shard_spec=ShardSpec(grid={[(x=0,y=0) - (x=7,y=7)]},shape={32, 160},orientation=ShardOrientation::ROW_MAJOR),nd_shard_spec=std::nullopt,created_with_nd_shard_spec=0) mem config. Using computed config. (matmul_op.cpp:1674)
2026-05-29 10:53:50.105 | INFO     | models.demos.wormhole.stable_diffusion.tt.ttnn_functional_unet_2d_condition_model_new_conv:__call__:491 - Up block 0
2026-05-29 10:53:50.106 | INFO     | models.demos.wormhole.stable_diffusion.tt.ttnn_functional_unet_2d_condition_model_new_conv:__call__:491 - Up block 1
2026-05-29 10:53:50.111 | INFO     | models.demos.wormhole.stable_diffusion.tt.ttnn_functional_unet_2d_condition_model_new_conv:__call__:491 - Up block 2
2026-05-29 10:53:50.119 | INFO     | models.demos.wormhole.stable_diffusion.tt.ttnn_functional_unet_2d_condition_model_new_conv:__call__:491 - Up block 3
2026-05-29 10:53:50.139 | INFO     | models.demos.wormhole.stable_diffusion.tt.ttnn_functional_unet_2d_condition_model_new_conv:__call__:406 - Down block 0
2026-05-29 10:53:50.145 | info     |              Op | act_block_h_override 2 is not a valid override for padded_output_height_ntiles_per_core 7, instead 1 was selected as closest valid option! (conv2d_utils.cpp:401)
2026-05-29 10:53:50.145 | INFO     | models.demos.wormhole.stable_diffusion.tt.ttnn_functional_unet_2d_condition_model_new_conv:__call__:406 - Down block 1
2026-05-29 10:53:50.150 | INFO     | models.demos.wormhole.stable_diffusion.tt.ttnn_functional_unet_2d_condition_model_new_conv:__call__:406 - Down block 2
2026-05-29 10:53:50.154 | INFO     | models.demos.wormhole.stable_diffusion.tt.ttnn_functional_unet_2d_condition_model_new_conv:__call__:406 - Down block 3
2026-05-29 10:53:50.154 | INFO     | models.demos.wormhole.stable_diffusion.tt.ttnn_functional_unet_2d_condition_model_new_conv:__call__:460 - Mid block
2026-05-29 10:53:50.155 | warning  |              Op | Mismatch between computed MemoryConfig(memory_layout=TensorMemoryLayout::BLOCK_SHARDED,buffer_type=BufferType::L1,shard_spec=ShardSpec(grid={[(x=0,y=0) - (x=7,y=3)]},shape={32, 160},orientation=ShardOrientation::ROW_MAJOR),nd_shard_spec=NdShardSpec(shard_shape=Shape([32, 160]),grid={[(x=0,y=0) - (x=7,y=3)]},orientation=ShardOrientation::ROW_MAJOR,shard_distribution_strategy=ShardDistributionStrategy::GRID_2D),created_with_nd_shard_spec=0) and provided MemoryConfig(memory_layout=TensorMemoryLayout::BLOCK_SHARDED,buffer_type=BufferType::L1,shard_spec=ShardSpec(grid={[(x=0,y=0) - (x=7,y=7)]},shape={32, 160},orientation=ShardOrientation::ROW_MAJOR),nd_shard_spec=std::nullopt,created_with_nd_shard_spec=0) mem config. Using computed config. (matmul_op.cpp:1674)
2026-05-29 10:53:50.156 | INFO     | models.demos.wormhole.stable_diffusion.tt.ttnn_functional_unet_2d_condition_model_new_conv:__call__:491 - Up block 0
2026-05-29 10:53:50.157 | INFO     | models.demos.wormhole.stable_diffusion.tt.ttnn_functional_unet_2d_condition_model_new_conv:__call__:491 - Up block 1
2026-05-29 10:53:50.162 | INFO     | models.demos.wormhole.stable_diffusion.tt.ttnn_functional_unet_2d_condition_model_new_conv:__call__:491 - Up block 2
2026-05-29 10:53:50.171 | INFO     | models.demos.wormhole.stable_diffusion.tt.ttnn_functional_unet_2d_condition_model_new_conv:__call__:491 - Up block 3
2026-05-29 10:53:50.191 | INFO     | models.demos.wormhole.stable_diffusion.tt.ttnn_functional_unet_2d_condition_model_new_conv:__call__:406 - Down block 0
2026-05-29 10:53:50.197 | info     |              Op | act_block_h_override 2 is not a valid override for padded_output_height_ntiles_per_core 7, instead 1 was selected as closest valid option! (conv2d_utils.cpp:401)
2026-05-29 10:53:50.197 | INFO     | models.demos.wormhole.stable_diffusion.tt.ttnn_functional_unet_2d_condition_model_new_conv:__call__:406 - Down block 1
2026-05-29 10:53:50.202 | INFO     | models.demos.wormhole.stable_diffusion.tt.ttnn_functional_unet_2d_condition_model_new_conv:__call__:406 - Down block 2
2026-05-29 10:53:50.206 | INFO     | models.demos.wormhole.stable_diffusion.tt.ttnn_functional_unet_2d_condition_model_new_conv:__call__:406 - Down block 3
2026-05-29 10:53:50.207 | INFO     | models.demos.wormhole.stable_diffusion.tt.ttnn_functional_unet_2d_condition_model_new_conv:__call__:460 - Mid block
2026-05-29 10:53:50.207 | warning  |              Op | Mismatch between computed MemoryConfig(memory_layout=TensorMemoryLayout::BLOCK_SHARDED,buffer_type=BufferType::L1,shard_spec=ShardSpec(grid={[(x=0,y=0) - (x=7,y=3)]},shape={32, 160},orientation=ShardOrientation::ROW_MAJOR),nd_shard_spec=NdShardSpec(shard_shape=Shape([32, 160]),grid={[(x=0,y=0) - (x=7,y=3)]},orientation=ShardOrientation::ROW_MAJOR,shard_distribution_strategy=ShardDistributionStrategy::GRID_2D),created_with_nd_shard_spec=0) and provided MemoryConfig(memory_layout=TensorMemoryLayout::BLOCK_SHARDED,buffer_type=BufferType::L1,shard_spec=ShardSpec(grid={[(x=0,y=0) - (x=7,y=7)]},shape={32, 160},orientation=ShardOrientation::ROW_MAJOR),nd_shard_spec=std::nullopt,created_with_nd_shard_spec=0) mem config. Using computed config. (matmul_op.cpp:1674)
2026-05-29 10:53:50.209 | INFO     | models.demos.wormhole.stable_diffusion.tt.ttnn_functional_unet_2d_condition_model_new_conv:__call__:491 - Up block 0
2026-05-29 10:53:50.210 | INFO     | models.demos.wormhole.stable_diffusion.tt.ttnn_functional_unet_2d_condition_model_new_conv:__call__:491 - Up block 1
2026-05-29 10:53:50.215 | INFO     | models.demos.wormhole.stable_diffusion.tt.ttnn_functional_unet_2d_condition_model_new_conv:__call__:491 - Up block 2
2026-05-29 10:53:50.223 | INFO     | models.demos.wormhole.stable_diffusion.tt.ttnn_functional_unet_2d_condition_model_new_conv:__call__:491 - Up block 3
2026-05-29 10:53:50.243 | INFO     | models.demos.wormhole.stable_diffusion.tt.ttnn_functional_unet_2d_condition_model_new_conv:__call__:406 - Down block 0
2026-05-29 10:53:50.249 | info     |              Op | act_block_h_override 2 is not a valid override for padded_output_height_ntiles_per_core 7, instead 1 was selected as closest valid option! (conv2d_utils.cpp:401)
2026-05-29 10:53:50.249 | INFO     | models.demos.wormhole.stable_diffusion.tt.ttnn_functional_unet_2d_condition_model_new_conv:__call__:406 - Down block 1
2026-05-29 10:53:50.254 | INFO     | models.demos.wormhole.stable_diffusion.tt.ttnn_functional_unet_2d_condition_model_new_conv:__call__:406 - Down block 2
2026-05-29 10:53:50.257 | INFO     | models.demos.wormhole.stable_diffusion.tt.ttnn_functional_unet_2d_condition_model_new_conv:__call__:406 - Down block 3
2026-05-29 10:53:50.258 | INFO     | models.demos.wormhole.stable_diffusion.tt.ttnn_functional_unet_2d_condition_model_new_conv:__call__:460 - Mid block
2026-05-29 10:53:50.259 | warning  |              Op | Mismatch between computed MemoryConfig(memory_layout=TensorMemoryLayout::BLOCK_SHARDED,buffer_type=BufferType::L1,shard_spec=ShardSpec(grid={[(x=0,y=0) - (x=7,y=3)]},shape={32, 160},orientation=ShardOrientation::ROW_MAJOR),nd_shard_spec=NdShardSpec(shard_shape=Shape([32, 160]),grid={[(x=0,y=0) - (x=7,y=3)]},orientation=ShardOrientation::ROW_MAJOR,shard_distribution_strategy=ShardDistributionStrategy::GRID_2D),created_with_nd_shard_spec=0) and provided MemoryConfig(memory_layout=TensorMemoryLayout::BLOCK_SHARDED,buffer_type=BufferType::L1,shard_spec=ShardSpec(grid={[(x=0,y=0) - (x=7,y=7)]},shape={32, 160},orientation=ShardOrientation::ROW_MAJOR),nd_shard_spec=std::nullopt,created_with_nd_shard_spec=0) mem config. Using computed config. (matmul_op.cpp:1674)
2026-05-29 10:53:50.260 | INFO     | models.demos.wormhole.stable_diffusion.tt.ttnn_functional_unet_2d_condition_model_new_conv:__call__:491 - Up block 0
2026-05-29 10:53:50.261 | INFO     | models.demos.wormhole.stable_diffusion.tt.ttnn_functional_unet_2d_condition_model_new_conv:__call__:491 - Up block 1
2026-05-29 10:53:50.266 | INFO     | models.demos.wormhole.stable_diffusion.tt.ttnn_functional_unet_2d_condition_model_new_conv:__call__:491 - Up block 2
2026-05-29 10:53:50.274 | INFO     | models.demos.wormhole.stable_diffusion.tt.ttnn_functional_unet_2d_condition_model_new_conv:__call__:491 - Up block 3
2026-05-29 10:53:50.295 | INFO     | models.demos.wormhole.stable_diffusion.tt.ttnn_functional_unet_2d_condition_model_new_conv:__call__:406 - Down block 0
2026-05-29 10:53:50.301 | info     |              Op | act_block_h_override 2 is not a valid override for padded_output_height_ntiles_per_core 7, instead 1 was selected as closest valid option! (conv2d_utils.cpp:401)
2026-05-29 10:53:50.301 | INFO     | models.demos.wormhole.stable_diffusion.tt.ttnn_functional_unet_2d_condition_model_new_conv:__call__:406 - Down block 1
2026-05-29 10:53:50.306 | INFO     | models.demos.wormhole.stable_diffusion.tt.ttnn_functional_unet_2d_condition_model_new_conv:__call__:406 - Down block 2
2026-05-29 10:53:50.310 | INFO     | models.demos.wormhole.stable_diffusion.tt.ttnn_functional_unet_2d_condition_model_new_conv:__call__:406 - Down block 3
2026-05-29 10:53:50.310 | INFO     | models.demos.wormhole.stable_diffusion.tt.ttnn_functional_unet_2d_condition_model_new_conv:__call__:460 - Mid block
2026-05-29 10:53:50.311 | warning  |              Op | Mismatch between computed MemoryConfig(memory_layout=TensorMemoryLayout::BLOCK_SHARDED,buffer_type=BufferType::L1,shard_spec=ShardSpec(grid={[(x=0,y=0) - (x=7,y=3)]},shape={32, 160},orientation=ShardOrientation::ROW_MAJOR),nd_shard_spec=NdShardSpec(shard_shape=Shape([32, 160]),grid={[(x=0,y=0) - (x=7,y=3)]},orientation=ShardOrientation::ROW_MAJOR,shard_distribution_strategy=ShardDistributionStrategy::GRID_2D),created_with_nd_shard_spec=0) and provided MemoryConfig(memory_layout=TensorMemoryLayout::BLOCK_SHARDED,buffer_type=BufferType::L1,shard_spec=ShardSpec(grid={[(x=0,y=0) - (x=7,y=7)]},shape={32, 160},orientation=ShardOrientation::ROW_MAJOR),nd_shard_spec=std::nullopt,created_with_nd_shard_spec=0) mem config. Using computed config. (matmul_op.cpp:1674)
2026-05-29 10:53:50.312 | INFO     | models.demos.wormhole.stable_diffusion.tt.ttnn_functional_unet_2d_condition_model_new_conv:__call__:491 - Up block 0
2026-05-29 10:53:50.314 | INFO     | models.demos.wormhole.stable_diffusion.tt.ttnn_functional_unet_2d_condition_model_new_conv:__call__:491 - Up block 1
2026-05-29 10:53:50.319 | INFO     | models.demos.wormhole.stable_diffusion.tt.ttnn_functional_unet_2d_condition_model_new_conv:__call__:491 - Up block 2
2026-05-29 10:53:50.327 | INFO     | models.demos.wormhole.stable_diffusion.tt.ttnn_functional_unet_2d_condition_model_new_conv:__call__:491 - Up block 3
2026-05-29 10:53:50.347 | INFO     | models.demos.wormhole.stable_diffusion.tt.ttnn_functional_unet_2d_condition_model_new_conv:__call__:406 - Down block 0
2026-05-29 10:53:50.352 | info     |              Op | act_block_h_override 2 is not a valid override for padded_output_height_ntiles_per_core 7, instead 1 was selected as closest valid option! (conv2d_utils.cpp:401)
2026-05-29 10:53:50.352 | INFO     | models.demos.wormhole.stable_diffusion.tt.ttnn_functional_unet_2d_condition_model_new_conv:__call__:406 - Down block 1
2026-05-29 10:53:50.358 | INFO     | models.demos.wormhole.stable_diffusion.tt.ttnn_functional_unet_2d_condition_model_new_conv:__call__:406 - Down block 2
2026-05-29 10:53:50.361 | INFO     | models.demos.wormhole.stable_diffusion.tt.ttnn_functional_unet_2d_condition_model_new_conv:__call__:406 - Down block 3
2026-05-29 10:53:50.362 | INFO     | models.demos.wormhole.stable_diffusion.tt.ttnn_functional_unet_2d_condition_model_new_conv:__call__:460 - Mid block
2026-05-29 10:53:50.362 | warning  |              Op | Mismatch between computed MemoryConfig(memory_layout=TensorMemoryLayout::BLOCK_SHARDED,buffer_type=BufferType::L1,shard_spec=ShardSpec(grid={[(x=0,y=0) - (x=7,y=3)]},shape={32, 160},orientation=ShardOrientation::ROW_MAJOR),nd_shard_spec=NdShardSpec(shard_shape=Shape([32, 160]),grid={[(x=0,y=0) - (x=7,y=3)]},orientation=ShardOrientation::ROW_MAJOR,shard_distribution_strategy=ShardDistributionStrategy::GRID_2D),created_with_nd_shard_spec=0) and provided MemoryConfig(memory_layout=TensorMemoryLayout::BLOCK_SHARDED,buffer_type=BufferType::L1,shard_spec=ShardSpec(grid={[(x=0,y=0) - (x=7,y=7)]},shape={32, 160},orientation=ShardOrientation::ROW_MAJOR),nd_shard_spec=std::nullopt,created_with_nd_shard_spec=0) mem config. Using computed config. (matmul_op.cpp:1674)
2026-05-29 10:53:50.364 | INFO     | models.demos.wormhole.stable_diffusion.tt.ttnn_functional_unet_2d_condition_model_new_conv:__call__:491 - Up block 0
2026-05-29 10:53:50.365 | INFO     | models.demos.wormhole.stable_diffusion.tt.ttnn_functional_unet_2d_condition_model_new_conv:__call__:491 - Up block 1
2026-05-29 10:53:50.370 | INFO     | models.demos.wormhole.stable_diffusion.tt.ttnn_functional_unet_2d_condition_model_new_conv:__call__:491 - Up block 2
2026-05-29 10:53:50.378 | INFO     | models.demos.wormhole.stable_diffusion.tt.ttnn_functional_unet_2d_condition_model_new_conv:__call__:491 - Up block 3
2026-05-29 10:53:50.398 | INFO     | models.demos.wormhole.stable_diffusion.tt.ttnn_functional_unet_2d_condition_model_new_conv:__call__:406 - Down block 0
2026-05-29 10:53:50.404 | info     |              Op | act_block_h_override 2 is not a valid override for padded_output_height_ntiles_per_core 7, instead 1 was selected as closest valid option! (conv2d_utils.cpp:401)
2026-05-29 10:53:50.404 | INFO     | models.demos.wormhole.stable_diffusion.tt.ttnn_functional_unet_2d_condition_model_new_conv:__call__:406 - Down block 1
2026-05-29 10:53:50.410 | INFO     | models.demos.wormhole.stable_diffusion.tt.ttnn_functional_unet_2d_condition_model_new_conv:__call__:406 - Down block 2
2026-05-29 10:53:50.413 | INFO     | models.demos.wormhole.stable_diffusion.tt.ttnn_functional_unet_2d_condition_model_new_conv:__call__:406 - Down block 3
2026-05-29 10:53:50.414 | INFO     | models.demos.wormhole.stable_diffusion.tt.ttnn_functional_unet_2d_condition_model_new_conv:__call__:460 - Mid block
2026-05-29 10:53:50.414 | warning  |              Op | Mismatch between computed MemoryConfig(memory_layout=TensorMemoryLayout::BLOCK_SHARDED,buffer_type=BufferType::L1,shard_spec=ShardSpec(grid={[(x=0,y=0) - (x=7,y=3)]},shape={32, 160},orientation=ShardOrientation::ROW_MAJOR),nd_shard_spec=NdShardSpec(shard_shape=Shape([32, 160]),grid={[(x=0,y=0) - (x=7,y=3)]},orientation=ShardOrientation::ROW_MAJOR,shard_distribution_strategy=ShardDistributionStrategy::GRID_2D),created_with_nd_shard_spec=0) and provided MemoryConfig(memory_layout=TensorMemoryLayout::BLOCK_SHARDED,buffer_type=BufferType::L1,shard_spec=ShardSpec(grid={[(x=0,y=0) - (x=7,y=7)]},shape={32, 160},orientation=ShardOrientation::ROW_MAJOR),nd_shard_spec=std::nullopt,created_with_nd_shard_spec=0) mem config. Using computed config. (matmul_op.cpp:1674)
2026-05-29 10:53:50.416 | INFO     | models.demos.wormhole.stable_diffusion.tt.ttnn_functional_unet_2d_condition_model_new_conv:__call__:491 - Up block 0
2026-05-29 10:53:50.417 | INFO     | models.demos.wormhole.stable_diffusion.tt.ttnn_functional_unet_2d_condition_model_new_conv:__call__:491 - Up block 1
2026-05-29 10:53:50.422 | INFO     | models.demos.wormhole.stable_diffusion.tt.ttnn_functional_unet_2d_condition_model_new_conv:__call__:491 - Up block 2
2026-05-29 10:53:50.430 | INFO     | models.demos.wormhole.stable_diffusion.tt.ttnn_functional_unet_2d_condition_model_new_conv:__call__:491 - Up block 3
2026-05-29 10:53:50.450 | INFO     | models.demos.wormhole.stable_diffusion.tt.ttnn_functional_unet_2d_condition_model_new_conv:__call__:406 - Down block 0
2026-05-29 10:53:50.456 | info     |              Op | act_block_h_override 2 is not a valid override for padded_output_height_ntiles_per_core 7, instead 1 was selected as closest valid option! (conv2d_utils.cpp:401)
2026-05-29 10:53:50.456 | INFO     | models.demos.wormhole.stable_diffusion.tt.ttnn_functional_unet_2d_condition_model_new_conv:__call__:406 - Down block 1
2026-05-29 10:53:50.461 | INFO     | models.demos.wormhole.stable_diffusion.tt.ttnn_functional_unet_2d_condition_model_new_conv:__call__:406 - Down block 2
2026-05-29 10:53:50.465 | INFO     | models.demos.wormhole.stable_diffusion.tt.ttnn_functional_unet_2d_condition_model_new_conv:__call__:406 - Down block 3
2026-05-29 10:53:50.465 | INFO     | models.demos.wormhole.stable_diffusion.tt.ttnn_functional_unet_2d_condition_model_new_conv:__call__:460 - Mid block
2026-05-29 10:53:50.466 | warning  |              Op | Mismatch between computed MemoryConfig(memory_layout=TensorMemoryLayout::BLOCK_SHARDED,buffer_type=BufferType::L1,shard_spec=ShardSpec(grid={[(x=0,y=0) - (x=7,y=3)]},shape={32, 160},orientation=ShardOrientation::ROW_MAJOR),nd_shard_spec=NdShardSpec(shard_shape=Shape([32, 160]),grid={[(x=0,y=0) - (x=7,y=3)]},orientation=ShardOrientation::ROW_MAJOR,shard_distribution_strategy=ShardDistributionStrategy::GRID_2D),created_with_nd_shard_spec=0) and provided MemoryConfig(memory_layout=TensorMemoryLayout::BLOCK_SHARDED,buffer_type=BufferType::L1,shard_spec=ShardSpec(grid={[(x=0,y=0) - (x=7,y=7)]},shape={32, 160},orientation=ShardOrientation::ROW_MAJOR),nd_shard_spec=std::nullopt,created_with_nd_shard_spec=0) mem config. Using computed config. (matmul_op.cpp:1674)
2026-05-29 10:53:50.467 | INFO     | models.demos.wormhole.stable_diffusion.tt.ttnn_functional_unet_2d_condition_model_new_conv:__call__:491 - Up block 0
2026-05-29 10:53:50.469 | INFO     | models.demos.wormhole.stable_diffusion.tt.ttnn_functional_unet_2d_condition_model_new_conv:__call__:491 - Up block 1
2026-05-29 10:53:50.473 | INFO     | models.demos.wormhole.stable_diffusion.tt.ttnn_functional_unet_2d_condition_model_new_conv:__call__:491 - Up block 2
2026-05-29 10:53:50.481 | INFO     | models.demos.wormhole.stable_diffusion.tt.ttnn_functional_unet_2d_condition_model_new_conv:__call__:491 - Up block 3
  Step 38/41
2026-05-29 10:53:50.504 | INFO     | models.demos.wormhole.stable_diffusion.tt.ttnn_functional_unet_2d_condition_model_new_conv:__call__:406 - Down block 0
2026-05-29 10:53:50.511 | info     |              Op | act_block_h_override 2 is not a valid override for padded_output_height_ntiles_per_core 7, instead 1 was selected as closest valid option! (conv2d_utils.cpp:401)
2026-05-29 10:53:50.511 | INFO     | models.demos.wormhole.stable_diffusion.tt.ttnn_functional_unet_2d_condition_model_new_conv:__call__:406 - Down block 1
2026-05-29 10:53:50.517 | INFO     | models.demos.wormhole.stable_diffusion.tt.ttnn_functional_unet_2d_condition_model_new_conv:__call__:406 - Down block 2
2026-05-29 10:53:50.520 | INFO     | models.demos.wormhole.stable_diffusion.tt.ttnn_functional_unet_2d_condition_model_new_conv:__call__:406 - Down block 3
2026-05-29 10:53:50.521 | INFO     | models.demos.wormhole.stable_diffusion.tt.ttnn_functional_unet_2d_condition_model_new_conv:__call__:460 - Mid block
2026-05-29 10:53:50.521 | warning  |              Op | Mismatch between computed MemoryConfig(memory_layout=TensorMemoryLayout::BLOCK_SHARDED,buffer_type=BufferType::L1,shard_spec=ShardSpec(grid={[(x=0,y=0) - (x=7,y=3)]},shape={32, 160},orientation=ShardOrientation::ROW_MAJOR),nd_shard_spec=NdShardSpec(shard_shape=Shape([32, 160]),grid={[(x=0,y=0) - (x=7,y=3)]},orientation=ShardOrientation::ROW_MAJOR,shard_distribution_strategy=ShardDistributionStrategy::GRID_2D),created_with_nd_shard_spec=0) and provided MemoryConfig(memory_layout=TensorMemoryLayout::BLOCK_SHARDED,buffer_type=BufferType::L1,shard_spec=ShardSpec(grid={[(x=0,y=0) - (x=7,y=7)]},shape={32, 160},orientation=ShardOrientation::ROW_MAJOR),nd_shard_spec=std::nullopt,created_with_nd_shard_spec=0) mem config. Using computed config. (matmul_op.cpp:1674)
2026-05-29 10:53:50.523 | INFO     | models.demos.wormhole.stable_diffusion.tt.ttnn_functional_unet_2d_condition_model_new_conv:__call__:491 - Up block 0
2026-05-29 10:53:50.524 | INFO     | models.demos.wormhole.stable_diffusion.tt.ttnn_functional_unet_2d_condition_model_new_conv:__call__:491 - Up block 1
2026-05-29 10:53:50.529 | INFO     | models.demos.wormhole.stable_diffusion.tt.ttnn_functional_unet_2d_condition_model_new_conv:__call__:491 - Up block 2
2026-05-29 10:53:50.537 | INFO     | models.demos.wormhole.stable_diffusion.tt.ttnn_functional_unet_2d_condition_model_new_conv:__call__:491 - Up block 3
2026-05-29 10:53:50.557 | INFO     | models.demos.wormhole.stable_diffusion.tt.ttnn_functional_unet_2d_condition_model_new_conv:__call__:406 - Down block 0
2026-05-29 10:53:50.563 | info     |              Op | act_block_h_override 2 is not a valid override for padded_output_height_ntiles_per_core 7, instead 1 was selected as closest valid option! (conv2d_utils.cpp:401)
2026-05-29 10:53:50.563 | INFO     | models.demos.wormhole.stable_diffusion.tt.ttnn_functional_unet_2d_condition_model_new_conv:__call__:406 - Down block 1
2026-05-29 10:53:50.569 | INFO     | models.demos.wormhole.stable_diffusion.tt.ttnn_functional_unet_2d_condition_model_new_conv:__call__:406 - Down block 2
2026-05-29 10:53:50.573 | INFO     | models.demos.wormhole.stable_diffusion.tt.ttnn_functional_unet_2d_condition_model_new_conv:__call__:406 - Down block 3
2026-05-29 10:53:50.574 | INFO     | models.demos.wormhole.stable_diffusion.tt.ttnn_functional_unet_2d_condition_model_new_conv:__call__:460 - Mid block
2026-05-29 10:53:50.574 | warning  |              Op | Mismatch between computed MemoryConfig(memory_layout=TensorMemoryLayout::BLOCK_SHARDED,buffer_type=BufferType::L1,shard_spec=ShardSpec(grid={[(x=0,y=0) - (x=7,y=3)]},shape={32, 160},orientation=ShardOrientation::ROW_MAJOR),nd_shard_spec=NdShardSpec(shard_shape=Shape([32, 160]),grid={[(x=0,y=0) - (x=7,y=3)]},orientation=ShardOrientation::ROW_MAJOR,shard_distribution_strategy=ShardDistributionStrategy::GRID_2D),created_with_nd_shard_spec=0) and provided MemoryConfig(memory_layout=TensorMemoryLayout::BLOCK_SHARDED,buffer_type=BufferType::L1,shard_spec=ShardSpec(grid={[(x=0,y=0) - (x=7,y=7)]},shape={32, 160},orientation=ShardOrientation::ROW_MAJOR),nd_shard_spec=std::nullopt,created_with_nd_shard_spec=0) mem config. Using computed config. (matmul_op.cpp:1674)
2026-05-29 10:53:50.576 | INFO     | models.demos.wormhole.stable_diffusion.tt.ttnn_functional_unet_2d_condition_model_new_conv:__call__:491 - Up block 0
2026-05-29 10:53:50.577 | INFO     | models.demos.wormhole.stable_diffusion.tt.ttnn_functional_unet_2d_condition_model_new_conv:__call__:491 - Up block 1
2026-05-29 10:53:50.582 | INFO     | models.demos.wormhole.stable_diffusion.tt.ttnn_functional_unet_2d_condition_model_new_conv:__call__:491 - Up block 2
2026-05-29 10:53:50.590 | INFO     | models.demos.wormhole.stable_diffusion.tt.ttnn_functional_unet_2d_condition_model_new_conv:__call__:491 - Up block 3
2026-05-29 10:53:50.610 | INFO     | models.demos.wormhole.stable_diffusion.tt.ttnn_functional_unet_2d_condition_model_new_conv:__call__:406 - Down block 0
2026-05-29 10:53:50.616 | info     |              Op | act_block_h_override 2 is not a valid override for padded_output_height_ntiles_per_core 7, instead 1 was selected as closest valid option! (conv2d_utils.cpp:401)
2026-05-29 10:53:50.616 | INFO     | models.demos.wormhole.stable_diffusion.tt.ttnn_functional_unet_2d_condition_model_new_conv:__call__:406 - Down block 1
2026-05-29 10:53:50.622 | INFO     | models.demos.wormhole.stable_diffusion.tt.ttnn_functional_unet_2d_condition_model_new_conv:__call__:406 - Down block 2
2026-05-29 10:53:50.625 | INFO     | models.demos.wormhole.stable_diffusion.tt.ttnn_functional_unet_2d_condition_model_new_conv:__call__:406 - Down block 3
2026-05-29 10:53:50.626 | INFO     | models.demos.wormhole.stable_diffusion.tt.ttnn_functional_unet_2d_condition_model_new_conv:__call__:460 - Mid block
2026-05-29 10:53:50.626 | warning  |              Op | Mismatch between computed MemoryConfig(memory_layout=TensorMemoryLayout::BLOCK_SHARDED,buffer_type=BufferType::L1,shard_spec=ShardSpec(grid={[(x=0,y=0) - (x=7,y=3)]},shape={32, 160},orientation=ShardOrientation::ROW_MAJOR),nd_shard_spec=NdShardSpec(shard_shape=Shape([32, 160]),grid={[(x=0,y=0) - (x=7,y=3)]},orientation=ShardOrientation::ROW_MAJOR,shard_distribution_strategy=ShardDistributionStrategy::GRID_2D),created_with_nd_shard_spec=0) and provided MemoryConfig(memory_layout=TensorMemoryLayout::BLOCK_SHARDED,buffer_type=BufferType::L1,shard_spec=ShardSpec(grid={[(x=0,y=0) - (x=7,y=7)]},shape={32, 160},orientation=ShardOrientation::ROW_MAJOR),nd_shard_spec=std::nullopt,created_with_nd_shard_spec=0) mem config. Using computed config. (matmul_op.cpp:1674)
2026-05-29 10:53:50.628 | INFO     | models.demos.wormhole.stable_diffusion.tt.ttnn_functional_unet_2d_condition_model_new_conv:__call__:491 - Up block 0
2026-05-29 10:53:50.629 | INFO     | models.demos.wormhole.stable_diffusion.tt.ttnn_functional_unet_2d_condition_model_new_conv:__call__:491 - Up block 1
2026-05-29 10:53:50.634 | INFO     | models.demos.wormhole.stable_diffusion.tt.ttnn_functional_unet_2d_condition_model_new_conv:__call__:491 - Up block 2
2026-05-29 10:53:50.642 | INFO     | models.demos.wormhole.stable_diffusion.tt.ttnn_functional_unet_2d_condition_model_new_conv:__call__:491 - Up block 3
2026-05-29 10:53:50.662 | INFO     | models.demos.wormhole.stable_diffusion.tt.ttnn_functional_unet_2d_condition_model_new_conv:__call__:406 - Down block 0
2026-05-29 10:53:50.668 | info     |              Op | act_block_h_override 2 is not a valid override for padded_output_height_ntiles_per_core 7, instead 1 was selected as closest valid option! (conv2d_utils.cpp:401)
2026-05-29 10:53:50.668 | INFO     | models.demos.wormhole.stable_diffusion.tt.ttnn_functional_unet_2d_condition_model_new_conv:__call__:406 - Down block 1
2026-05-29 10:53:50.674 | INFO     | models.demos.wormhole.stable_diffusion.tt.ttnn_functional_unet_2d_condition_model_new_conv:__call__:406 - Down block 2
2026-05-29 10:53:50.678 | INFO     | models.demos.wormhole.stable_diffusion.tt.ttnn_functional_unet_2d_condition_model_new_conv:__call__:406 - Down block 3
2026-05-29 10:53:50.678 | INFO     | models.demos.wormhole.stable_diffusion.tt.ttnn_functional_unet_2d_condition_model_new_conv:__call__:460 - Mid block
2026-05-29 10:53:50.679 | warning  |              Op | Mismatch between computed MemoryConfig(memory_layout=TensorMemoryLayout::BLOCK_SHARDED,buffer_type=BufferType::L1,shard_spec=ShardSpec(grid={[(x=0,y=0) - (x=7,y=3)]},shape={32, 160},orientation=ShardOrientation::ROW_MAJOR),nd_shard_spec=NdShardSpec(shard_shape=Shape([32, 160]),grid={[(x=0,y=0) - (x=7,y=3)]},orientation=ShardOrientation::ROW_MAJOR,shard_distribution_strategy=ShardDistributionStrategy::GRID_2D),created_with_nd_shard_spec=0) and provided MemoryConfig(memory_layout=TensorMemoryLayout::BLOCK_SHARDED,buffer_type=BufferType::L1,shard_spec=ShardSpec(grid={[(x=0,y=0) - (x=7,y=7)]},shape={32, 160},orientation=ShardOrientation::ROW_MAJOR),nd_shard_spec=std::nullopt,created_with_nd_shard_spec=0) mem config. Using computed config. (matmul_op.cpp:1674)
2026-05-29 10:53:50.680 | INFO     | models.demos.wormhole.stable_diffusion.tt.ttnn_functional_unet_2d_condition_model_new_conv:__call__:491 - Up block 0
2026-05-29 10:53:50.682 | INFO     | models.demos.wormhole.stable_diffusion.tt.ttnn_functional_unet_2d_condition_model_new_conv:__call__:491 - Up block 1
2026-05-29 10:53:50.687 | INFO     | models.demos.wormhole.stable_diffusion.tt.ttnn_functional_unet_2d_condition_model_new_conv:__call__:491 - Up block 2
2026-05-29 10:53:50.695 | INFO     | models.demos.wormhole.stable_diffusion.tt.ttnn_functional_unet_2d_condition_model_new_conv:__call__:491 - Up block 3
2026-05-29 10:53:50.715 | INFO     | models.demos.wormhole.stable_diffusion.tt.ttnn_functional_unet_2d_condition_model_new_conv:__call__:406 - Down block 0
2026-05-29 10:53:50.721 | info     |              Op | act_block_h_override 2 is not a valid override for padded_output_height_ntiles_per_core 7, instead 1 was selected as closest valid option! (conv2d_utils.cpp:401)
2026-05-29 10:53:50.721 | INFO     | models.demos.wormhole.stable_diffusion.tt.ttnn_functional_unet_2d_condition_model_new_conv:__call__:406 - Down block 1
2026-05-29 10:53:50.726 | INFO     | models.demos.wormhole.stable_diffusion.tt.ttnn_functional_unet_2d_condition_model_new_conv:__call__:406 - Down block 2
2026-05-29 10:53:50.730 | INFO     | models.demos.wormhole.stable_diffusion.tt.ttnn_functional_unet_2d_condition_model_new_conv:__call__:406 - Down block 3
2026-05-29 10:53:50.730 | INFO     | models.demos.wormhole.stable_diffusion.tt.ttnn_functional_unet_2d_condition_model_new_conv:__call__:460 - Mid block
2026-05-29 10:53:50.731 | warning  |              Op | Mismatch between computed MemoryConfig(memory_layout=TensorMemoryLayout::BLOCK_SHARDED,buffer_type=BufferType::L1,shard_spec=ShardSpec(grid={[(x=0,y=0) - (x=7,y=3)]},shape={32, 160},orientation=ShardOrientation::ROW_MAJOR),nd_shard_spec=NdShardSpec(shard_shape=Shape([32, 160]),grid={[(x=0,y=0) - (x=7,y=3)]},orientation=ShardOrientation::ROW_MAJOR,shard_distribution_strategy=ShardDistributionStrategy::GRID_2D),created_with_nd_shard_spec=0) and provided MemoryConfig(memory_layout=TensorMemoryLayout::BLOCK_SHARDED,buffer_type=BufferType::L1,shard_spec=ShardSpec(grid={[(x=0,y=0) - (x=7,y=7)]},shape={32, 160},orientation=ShardOrientation::ROW_MAJOR),nd_shard_spec=std::nullopt,created_with_nd_shard_spec=0) mem config. Using computed config. (matmul_op.cpp:1674)
2026-05-29 10:53:50.732 | INFO     | models.demos.wormhole.stable_diffusion.tt.ttnn_functional_unet_2d_condition_model_new_conv:__call__:491 - Up block 0
2026-05-29 10:53:50.734 | INFO     | models.demos.wormhole.stable_diffusion.tt.ttnn_functional_unet_2d_condition_model_new_conv:__call__:491 - Up block 1
2026-05-29 10:53:50.738 | INFO     | models.demos.wormhole.stable_diffusion.tt.ttnn_functional_unet_2d_condition_model_new_conv:__call__:491 - Up block 2
2026-05-29 10:53:50.747 | INFO     | models.demos.wormhole.stable_diffusion.tt.ttnn_functional_unet_2d_condition_model_new_conv:__call__:491 - Up block 3
2026-05-29 10:53:50.767 | INFO     | models.demos.wormhole.stable_diffusion.tt.ttnn_functional_unet_2d_condition_model_new_conv:__call__:406 - Down block 0
2026-05-29 10:53:50.773 | info     |              Op | act_block_h_override 2 is not a valid override for padded_output_height_ntiles_per_core 7, instead 1 was selected as closest valid option! (conv2d_utils.cpp:401)
2026-05-29 10:53:50.773 | INFO     | models.demos.wormhole.stable_diffusion.tt.ttnn_functional_unet_2d_condition_model_new_conv:__call__:406 - Down block 1
2026-05-29 10:53:50.778 | INFO     | models.demos.wormhole.stable_diffusion.tt.ttnn_functional_unet_2d_condition_model_new_conv:__call__:406 - Down block 2
2026-05-29 10:53:50.782 | INFO     | models.demos.wormhole.stable_diffusion.tt.ttnn_functional_unet_2d_condition_model_new_conv:__call__:406 - Down block 3
2026-05-29 10:53:50.782 | INFO     | models.demos.wormhole.stable_diffusion.tt.ttnn_functional_unet_2d_condition_model_new_conv:__call__:460 - Mid block
2026-05-29 10:53:50.783 | warning  |              Op | Mismatch between computed MemoryConfig(memory_layout=TensorMemoryLayout::BLOCK_SHARDED,buffer_type=BufferType::L1,shard_spec=ShardSpec(grid={[(x=0,y=0) - (x=7,y=3)]},shape={32, 160},orientation=ShardOrientation::ROW_MAJOR),nd_shard_spec=NdShardSpec(shard_shape=Shape([32, 160]),grid={[(x=0,y=0) - (x=7,y=3)]},orientation=ShardOrientation::ROW_MAJOR,shard_distribution_strategy=ShardDistributionStrategy::GRID_2D),created_with_nd_shard_spec=0) and provided MemoryConfig(memory_layout=TensorMemoryLayout::BLOCK_SHARDED,buffer_type=BufferType::L1,shard_spec=ShardSpec(grid={[(x=0,y=0) - (x=7,y=7)]},shape={32, 160},orientation=ShardOrientation::ROW_MAJOR),nd_shard_spec=std::nullopt,created_with_nd_shard_spec=0) mem config. Using computed config. (matmul_op.cpp:1674)
2026-05-29 10:53:50.784 | INFO     | models.demos.wormhole.stable_diffusion.tt.ttnn_functional_unet_2d_condition_model_new_conv:__call__:491 - Up block 0
2026-05-29 10:53:50.786 | INFO     | models.demos.wormhole.stable_diffusion.tt.ttnn_functional_unet_2d_condition_model_new_conv:__call__:491 - Up block 1
2026-05-29 10:53:50.791 | INFO     | models.demos.wormhole.stable_diffusion.tt.ttnn_functional_unet_2d_condition_model_new_conv:__call__:491 - Up block 2
2026-05-29 10:53:50.799 | INFO     | models.demos.wormhole.stable_diffusion.tt.ttnn_functional_unet_2d_condition_model_new_conv:__call__:491 - Up block 3
2026-05-29 10:53:50.819 | INFO     | models.demos.wormhole.stable_diffusion.tt.ttnn_functional_unet_2d_condition_model_new_conv:__call__:406 - Down block 0
2026-05-29 10:53:50.824 | info     |              Op | act_block_h_override 2 is not a valid override for padded_output_height_ntiles_per_core 7, instead 1 was selected as closest valid option! (conv2d_utils.cpp:401)
2026-05-29 10:53:50.824 | INFO     | models.demos.wormhole.stable_diffusion.tt.ttnn_functional_unet_2d_condition_model_new_conv:__call__:406 - Down block 1
2026-05-29 10:53:50.830 | INFO     | models.demos.wormhole.stable_diffusion.tt.ttnn_functional_unet_2d_condition_model_new_conv:__call__:406 - Down block 2
2026-05-29 10:53:50.833 | INFO     | models.demos.wormhole.stable_diffusion.tt.ttnn_functional_unet_2d_condition_model_new_conv:__call__:406 - Down block 3
2026-05-29 10:53:50.834 | INFO     | models.demos.wormhole.stable_diffusion.tt.ttnn_functional_unet_2d_condition_model_new_conv:__call__:460 - Mid block
2026-05-29 10:53:50.834 | warning  |              Op | Mismatch between computed MemoryConfig(memory_layout=TensorMemoryLayout::BLOCK_SHARDED,buffer_type=BufferType::L1,shard_spec=ShardSpec(grid={[(x=0,y=0) - (x=7,y=3)]},shape={32, 160},orientation=ShardOrientation::ROW_MAJOR),nd_shard_spec=NdShardSpec(shard_shape=Shape([32, 160]),grid={[(x=0,y=0) - (x=7,y=3)]},orientation=ShardOrientation::ROW_MAJOR,shard_distribution_strategy=ShardDistributionStrategy::GRID_2D),created_with_nd_shard_spec=0) and provided MemoryConfig(memory_layout=TensorMemoryLayout::BLOCK_SHARDED,buffer_type=BufferType::L1,shard_spec=ShardSpec(grid={[(x=0,y=0) - (x=7,y=7)]},shape={32, 160},orientation=ShardOrientation::ROW_MAJOR),nd_shard_spec=std::nullopt,created_with_nd_shard_spec=0) mem config. Using computed config. (matmul_op.cpp:1674)
2026-05-29 10:53:50.836 | INFO     | models.demos.wormhole.stable_diffusion.tt.ttnn_functional_unet_2d_condition_model_new_conv:__call__:491 - Up block 0
2026-05-29 10:53:50.837 | INFO     | models.demos.wormhole.stable_diffusion.tt.ttnn_functional_unet_2d_condition_model_new_conv:__call__:491 - Up block 1
2026-05-29 10:53:50.842 | INFO     | models.demos.wormhole.stable_diffusion.tt.ttnn_functional_unet_2d_condition_model_new_conv:__call__:491 - Up block 2
2026-05-29 10:53:50.850 | INFO     | models.demos.wormhole.stable_diffusion.tt.ttnn_functional_unet_2d_condition_model_new_conv:__call__:491 - Up block 3
2026-05-29 10:53:50.870 | INFO     | models.demos.wormhole.stable_diffusion.tt.ttnn_functional_unet_2d_condition_model_new_conv:__call__:406 - Down block 0
2026-05-29 10:53:50.876 | info     |              Op | act_block_h_override 2 is not a valid override for padded_output_height_ntiles_per_core 7, instead 1 was selected as closest valid option! (conv2d_utils.cpp:401)
2026-05-29 10:53:50.876 | INFO     | models.demos.wormhole.stable_diffusion.tt.ttnn_functional_unet_2d_condition_model_new_conv:__call__:406 - Down block 1
2026-05-29 10:53:50.882 | INFO     | models.demos.wormhole.stable_diffusion.tt.ttnn_functional_unet_2d_condition_model_new_conv:__call__:406 - Down block 2
2026-05-29 10:53:50.885 | INFO     | models.demos.wormhole.stable_diffusion.tt.ttnn_functional_unet_2d_condition_model_new_conv:__call__:406 - Down block 3
2026-05-29 10:53:50.886 | INFO     | models.demos.wormhole.stable_diffusion.tt.ttnn_functional_unet_2d_condition_model_new_conv:__call__:460 - Mid block
2026-05-29 10:53:50.886 | warning  |              Op | Mismatch between computed MemoryConfig(memory_layout=TensorMemoryLayout::BLOCK_SHARDED,buffer_type=BufferType::L1,shard_spec=ShardSpec(grid={[(x=0,y=0) - (x=7,y=3)]},shape={32, 160},orientation=ShardOrientation::ROW_MAJOR),nd_shard_spec=NdShardSpec(shard_shape=Shape([32, 160]),grid={[(x=0,y=0) - (x=7,y=3)]},orientation=ShardOrientation::ROW_MAJOR,shard_distribution_strategy=ShardDistributionStrategy::GRID_2D),created_with_nd_shard_spec=0) and provided MemoryConfig(memory_layout=TensorMemoryLayout::BLOCK_SHARDED,buffer_type=BufferType::L1,shard_spec=ShardSpec(grid={[(x=0,y=0) - (x=7,y=7)]},shape={32, 160},orientation=ShardOrientation::ROW_MAJOR),nd_shard_spec=std::nullopt,created_with_nd_shard_spec=0) mem config. Using computed config. (matmul_op.cpp:1674)
2026-05-29 10:53:50.888 | INFO     | models.demos.wormhole.stable_diffusion.tt.ttnn_functional_unet_2d_condition_model_new_conv:__call__:491 - Up block 0
2026-05-29 10:53:50.889 | INFO     | models.demos.wormhole.stable_diffusion.tt.ttnn_functional_unet_2d_condition_model_new_conv:__call__:491 - Up block 1
2026-05-29 10:53:50.894 | INFO     | models.demos.wormhole.stable_diffusion.tt.ttnn_functional_unet_2d_condition_model_new_conv:__call__:491 - Up block 2
2026-05-29 10:53:50.902 | INFO     | models.demos.wormhole.stable_diffusion.tt.ttnn_functional_unet_2d_condition_model_new_conv:__call__:491 - Up block 3
  Step 39/41
2026-05-29 10:53:50.925 | INFO     | models.demos.wormhole.stable_diffusion.tt.ttnn_functional_unet_2d_condition_model_new_conv:__call__:406 - Down block 0
2026-05-29 10:53:50.931 | info     |              Op | act_block_h_override 2 is not a valid override for padded_output_height_ntiles_per_core 7, instead 1 was selected as closest valid option! (conv2d_utils.cpp:401)
2026-05-29 10:53:50.931 | INFO     | models.demos.wormhole.stable_diffusion.tt.ttnn_functional_unet_2d_condition_model_new_conv:__call__:406 - Down block 1
2026-05-29 10:53:50.937 | INFO     | models.demos.wormhole.stable_diffusion.tt.ttnn_functional_unet_2d_condition_model_new_conv:__call__:406 - Down block 2
2026-05-29 10:53:50.941 | INFO     | models.demos.wormhole.stable_diffusion.tt.ttnn_functional_unet_2d_condition_model_new_conv:__call__:406 - Down block 3
2026-05-29 10:53:50.941 | INFO     | models.demos.wormhole.stable_diffusion.tt.ttnn_functional_unet_2d_condition_model_new_conv:__call__:460 - Mid block
2026-05-29 10:53:50.942 | warning  |              Op | Mismatch between computed MemoryConfig(memory_layout=TensorMemoryLayout::BLOCK_SHARDED,buffer_type=BufferType::L1,shard_spec=ShardSpec(grid={[(x=0,y=0) - (x=7,y=3)]},shape={32, 160},orientation=ShardOrientation::ROW_MAJOR),nd_shard_spec=NdShardSpec(shard_shape=Shape([32, 160]),grid={[(x=0,y=0) - (x=7,y=3)]},orientation=ShardOrientation::ROW_MAJOR,shard_distribution_strategy=ShardDistributionStrategy::GRID_2D),created_with_nd_shard_spec=0) and provided MemoryConfig(memory_layout=TensorMemoryLayout::BLOCK_SHARDED,buffer_type=BufferType::L1,shard_spec=ShardSpec(grid={[(x=0,y=0) - (x=7,y=7)]},shape={32, 160},orientation=ShardOrientation::ROW_MAJOR),nd_shard_spec=std::nullopt,created_with_nd_shard_spec=0) mem config. Using computed config. (matmul_op.cpp:1674)
2026-05-29 10:53:50.943 | INFO     | models.demos.wormhole.stable_diffusion.tt.ttnn_functional_unet_2d_condition_model_new_conv:__call__:491 - Up block 0
2026-05-29 10:53:50.945 | INFO     | models.demos.wormhole.stable_diffusion.tt.ttnn_functional_unet_2d_condition_model_new_conv:__call__:491 - Up block 1
2026-05-29 10:53:50.950 | INFO     | models.demos.wormhole.stable_diffusion.tt.ttnn_functional_unet_2d_condition_model_new_conv:__call__:491 - Up block 2
2026-05-29 10:53:50.958 | INFO     | models.demos.wormhole.stable_diffusion.tt.ttnn_functional_unet_2d_condition_model_new_conv:__call__:491 - Up block 3
2026-05-29 10:53:50.978 | INFO     | models.demos.wormhole.stable_diffusion.tt.ttnn_functional_unet_2d_condition_model_new_conv:__call__:406 - Down block 0
2026-05-29 10:53:50.983 | info     |              Op | act_block_h_override 2 is not a valid override for padded_output_height_ntiles_per_core 7, instead 1 was selected as closest valid option! (conv2d_utils.cpp:401)
2026-05-29 10:53:50.984 | INFO     | models.demos.wormhole.stable_diffusion.tt.ttnn_functional_unet_2d_condition_model_new_conv:__call__:406 - Down block 1
2026-05-29 10:53:50.989 | INFO     | models.demos.wormhole.stable_diffusion.tt.ttnn_functional_unet_2d_condition_model_new_conv:__call__:406 - Down block 2
2026-05-29 10:53:50.992 | INFO     | models.demos.wormhole.stable_diffusion.tt.ttnn_functional_unet_2d_condition_model_new_conv:__call__:406 - Down block 3
2026-05-29 10:53:50.993 | INFO     | models.demos.wormhole.stable_diffusion.tt.ttnn_functional_unet_2d_condition_model_new_conv:__call__:460 - Mid block
2026-05-29 10:53:50.993 | warning  |              Op | Mismatch between computed MemoryConfig(memory_layout=TensorMemoryLayout::BLOCK_SHARDED,buffer_type=BufferType::L1,shard_spec=ShardSpec(grid={[(x=0,y=0) - (x=7,y=3)]},shape={32, 160},orientation=ShardOrientation::ROW_MAJOR),nd_shard_spec=NdShardSpec(shard_shape=Shape([32, 160]),grid={[(x=0,y=0) - (x=7,y=3)]},orientation=ShardOrientation::ROW_MAJOR,shard_distribution_strategy=ShardDistributionStrategy::GRID_2D),created_with_nd_shard_spec=0) and provided MemoryConfig(memory_layout=TensorMemoryLayout::BLOCK_SHARDED,buffer_type=BufferType::L1,shard_spec=ShardSpec(grid={[(x=0,y=0) - (x=7,y=7)]},shape={32, 160},orientation=ShardOrientation::ROW_MAJOR),nd_shard_spec=std::nullopt,created_with_nd_shard_spec=0) mem config. Using computed config. (matmul_op.cpp:1674)
2026-05-29 10:53:50.995 | INFO     | models.demos.wormhole.stable_diffusion.tt.ttnn_functional_unet_2d_condition_model_new_conv:__call__:491 - Up block 0
2026-05-29 10:53:50.996 | INFO     | models.demos.wormhole.stable_diffusion.tt.ttnn_functional_unet_2d_condition_model_new_conv:__call__:491 - Up block 1
2026-05-29 10:53:51.001 | INFO     | models.demos.wormhole.stable_diffusion.tt.ttnn_functional_unet_2d_condition_model_new_conv:__call__:491 - Up block 2
2026-05-29 10:53:51.009 | INFO     | models.demos.wormhole.stable_diffusion.tt.ttnn_functional_unet_2d_condition_model_new_conv:__call__:491 - Up block 3
2026-05-29 10:53:51.030 | INFO     | models.demos.wormhole.stable_diffusion.tt.ttnn_functional_unet_2d_condition_model_new_conv:__call__:406 - Down block 0
2026-05-29 10:53:51.035 | info     |              Op | act_block_h_override 2 is not a valid override for padded_output_height_ntiles_per_core 7, instead 1 was selected as closest valid option! (conv2d_utils.cpp:401)
2026-05-29 10:53:51.035 | INFO     | models.demos.wormhole.stable_diffusion.tt.ttnn_functional_unet_2d_condition_model_new_conv:__call__:406 - Down block 1
2026-05-29 10:53:51.041 | INFO     | models.demos.wormhole.stable_diffusion.tt.ttnn_functional_unet_2d_condition_model_new_conv:__call__:406 - Down block 2
2026-05-29 10:53:51.044 | INFO     | models.demos.wormhole.stable_diffusion.tt.ttnn_functional_unet_2d_condition_model_new_conv:__call__:406 - Down block 3
2026-05-29 10:53:51.045 | INFO     | models.demos.wormhole.stable_diffusion.tt.ttnn_functional_unet_2d_condition_model_new_conv:__call__:460 - Mid block
2026-05-29 10:53:51.045 | warning  |              Op | Mismatch between computed MemoryConfig(memory_layout=TensorMemoryLayout::BLOCK_SHARDED,buffer_type=BufferType::L1,shard_spec=ShardSpec(grid={[(x=0,y=0) - (x=7,y=3)]},shape={32, 160},orientation=ShardOrientation::ROW_MAJOR),nd_shard_spec=NdShardSpec(shard_shape=Shape([32, 160]),grid={[(x=0,y=0) - (x=7,y=3)]},orientation=ShardOrientation::ROW_MAJOR,shard_distribution_strategy=ShardDistributionStrategy::GRID_2D),created_with_nd_shard_spec=0) and provided MemoryConfig(memory_layout=TensorMemoryLayout::BLOCK_SHARDED,buffer_type=BufferType::L1,shard_spec=ShardSpec(grid={[(x=0,y=0) - (x=7,y=7)]},shape={32, 160},orientation=ShardOrientation::ROW_MAJOR),nd_shard_spec=std::nullopt,created_with_nd_shard_spec=0) mem config. Using computed config. (matmul_op.cpp:1674)
2026-05-29 10:53:51.047 | INFO     | models.demos.wormhole.stable_diffusion.tt.ttnn_functional_unet_2d_condition_model_new_conv:__call__:491 - Up block 0
2026-05-29 10:53:51.048 | INFO     | models.demos.wormhole.stable_diffusion.tt.ttnn_functional_unet_2d_condition_model_new_conv:__call__:491 - Up block 1
2026-05-29 10:53:51.053 | INFO     | models.demos.wormhole.stable_diffusion.tt.ttnn_functional_unet_2d_condition_model_new_conv:__call__:491 - Up block 2
2026-05-29 10:53:51.061 | INFO     | models.demos.wormhole.stable_diffusion.tt.ttnn_functional_unet_2d_condition_model_new_conv:__call__:491 - Up block 3
2026-05-29 10:53:51.081 | INFO     | models.demos.wormhole.stable_diffusion.tt.ttnn_functional_unet_2d_condition_model_new_conv:__call__:406 - Down block 0
2026-05-29 10:53:51.087 | info     |              Op | act_block_h_override 2 is not a valid override for padded_output_height_ntiles_per_core 7, instead 1 was selected as closest valid option! (conv2d_utils.cpp:401)
2026-05-29 10:53:51.087 | INFO     | models.demos.wormhole.stable_diffusion.tt.ttnn_functional_unet_2d_condition_model_new_conv:__call__:406 - Down block 1
2026-05-29 10:53:51.093 | INFO     | models.demos.wormhole.stable_diffusion.tt.ttnn_functional_unet_2d_condition_model_new_conv:__call__:406 - Down block 2
2026-05-29 10:53:51.096 | INFO     | models.demos.wormhole.stable_diffusion.tt.ttnn_functional_unet_2d_condition_model_new_conv:__call__:406 - Down block 3
2026-05-29 10:53:51.097 | INFO     | models.demos.wormhole.stable_diffusion.tt.ttnn_functional_unet_2d_condition_model_new_conv:__call__:460 - Mid block
2026-05-29 10:53:51.097 | warning  |              Op | Mismatch between computed MemoryConfig(memory_layout=TensorMemoryLayout::BLOCK_SHARDED,buffer_type=BufferType::L1,shard_spec=ShardSpec(grid={[(x=0,y=0) - (x=7,y=3)]},shape={32, 160},orientation=ShardOrientation::ROW_MAJOR),nd_shard_spec=NdShardSpec(shard_shape=Shape([32, 160]),grid={[(x=0,y=0) - (x=7,y=3)]},orientation=ShardOrientation::ROW_MAJOR,shard_distribution_strategy=ShardDistributionStrategy::GRID_2D),created_with_nd_shard_spec=0) and provided MemoryConfig(memory_layout=TensorMemoryLayout::BLOCK_SHARDED,buffer_type=BufferType::L1,shard_spec=ShardSpec(grid={[(x=0,y=0) - (x=7,y=7)]},shape={32, 160},orientation=ShardOrientation::ROW_MAJOR),nd_shard_spec=std::nullopt,created_with_nd_shard_spec=0) mem config. Using computed config. (matmul_op.cpp:1674)
2026-05-29 10:53:51.098 | INFO     | models.demos.wormhole.stable_diffusion.tt.ttnn_functional_unet_2d_condition_model_new_conv:__call__:491 - Up block 0
2026-05-29 10:53:51.100 | INFO     | models.demos.wormhole.stable_diffusion.tt.ttnn_functional_unet_2d_condition_model_new_conv:__call__:491 - Up block 1
2026-05-29 10:53:51.105 | INFO     | models.demos.wormhole.stable_diffusion.tt.ttnn_functional_unet_2d_condition_model_new_conv:__call__:491 - Up block 2
2026-05-29 10:53:51.113 | INFO     | models.demos.wormhole.stable_diffusion.tt.ttnn_functional_unet_2d_condition_model_new_conv:__call__:491 - Up block 3
2026-05-29 10:53:51.133 | INFO     | models.demos.wormhole.stable_diffusion.tt.ttnn_functional_unet_2d_condition_model_new_conv:__call__:406 - Down block 0
2026-05-29 10:53:51.139 | info     |              Op | act_block_h_override 2 is not a valid override for padded_output_height_ntiles_per_core 7, instead 1 was selected as closest valid option! (conv2d_utils.cpp:401)
2026-05-29 10:53:51.139 | INFO     | models.demos.wormhole.stable_diffusion.tt.ttnn_functional_unet_2d_condition_model_new_conv:__call__:406 - Down block 1
2026-05-29 10:53:51.145 | INFO     | models.demos.wormhole.stable_diffusion.tt.ttnn_functional_unet_2d_condition_model_new_conv:__call__:406 - Down block 2
2026-05-29 10:53:51.148 | INFO     | models.demos.wormhole.stable_diffusion.tt.ttnn_functional_unet_2d_condition_model_new_conv:__call__:406 - Down block 3
2026-05-29 10:53:51.149 | INFO     | models.demos.wormhole.stable_diffusion.tt.ttnn_functional_unet_2d_condition_model_new_conv:__call__:460 - Mid block
2026-05-29 10:53:51.149 | warning  |              Op | Mismatch between computed MemoryConfig(memory_layout=TensorMemoryLayout::BLOCK_SHARDED,buffer_type=BufferType::L1,shard_spec=ShardSpec(grid={[(x=0,y=0) - (x=7,y=3)]},shape={32, 160},orientation=ShardOrientation::ROW_MAJOR),nd_shard_spec=NdShardSpec(shard_shape=Shape([32, 160]),grid={[(x=0,y=0) - (x=7,y=3)]},orientation=ShardOrientation::ROW_MAJOR,shard_distribution_strategy=ShardDistributionStrategy::GRID_2D),created_with_nd_shard_spec=0) and provided MemoryConfig(memory_layout=TensorMemoryLayout::BLOCK_SHARDED,buffer_type=BufferType::L1,shard_spec=ShardSpec(grid={[(x=0,y=0) - (x=7,y=7)]},shape={32, 160},orientation=ShardOrientation::ROW_MAJOR),nd_shard_spec=std::nullopt,created_with_nd_shard_spec=0) mem config. Using computed config. (matmul_op.cpp:1674)
2026-05-29 10:53:51.151 | INFO     | models.demos.wormhole.stable_diffusion.tt.ttnn_functional_unet_2d_condition_model_new_conv:__call__:491 - Up block 0
2026-05-29 10:53:51.152 | INFO     | models.demos.wormhole.stable_diffusion.tt.ttnn_functional_unet_2d_condition_model_new_conv:__call__:491 - Up block 1
2026-05-29 10:53:51.157 | INFO     | models.demos.wormhole.stable_diffusion.tt.ttnn_functional_unet_2d_condition_model_new_conv:__call__:491 - Up block 2
2026-05-29 10:53:51.165 | INFO     | models.demos.wormhole.stable_diffusion.tt.ttnn_functional_unet_2d_condition_model_new_conv:__call__:491 - Up block 3
2026-05-29 10:53:51.185 | INFO     | models.demos.wormhole.stable_diffusion.tt.ttnn_functional_unet_2d_condition_model_new_conv:__call__:406 - Down block 0
2026-05-29 10:53:51.191 | info     |              Op | act_block_h_override 2 is not a valid override for padded_output_height_ntiles_per_core 7, instead 1 was selected as closest valid option! (conv2d_utils.cpp:401)
2026-05-29 10:53:51.191 | INFO     | models.demos.wormhole.stable_diffusion.tt.ttnn_functional_unet_2d_condition_model_new_conv:__call__:406 - Down block 1
2026-05-29 10:53:51.196 | INFO     | models.demos.wormhole.stable_diffusion.tt.ttnn_functional_unet_2d_condition_model_new_conv:__call__:406 - Down block 2
2026-05-29 10:53:51.200 | INFO     | models.demos.wormhole.stable_diffusion.tt.ttnn_functional_unet_2d_condition_model_new_conv:__call__:406 - Down block 3
2026-05-29 10:53:51.200 | INFO     | models.demos.wormhole.stable_diffusion.tt.ttnn_functional_unet_2d_condition_model_new_conv:__call__:460 - Mid block
2026-05-29 10:53:51.201 | warning  |              Op | Mismatch between computed MemoryConfig(memory_layout=TensorMemoryLayout::BLOCK_SHARDED,buffer_type=BufferType::L1,shard_spec=ShardSpec(grid={[(x=0,y=0) - (x=7,y=3)]},shape={32, 160},orientation=ShardOrientation::ROW_MAJOR),nd_shard_spec=NdShardSpec(shard_shape=Shape([32, 160]),grid={[(x=0,y=0) - (x=7,y=3)]},orientation=ShardOrientation::ROW_MAJOR,shard_distribution_strategy=ShardDistributionStrategy::GRID_2D),created_with_nd_shard_spec=0) and provided MemoryConfig(memory_layout=TensorMemoryLayout::BLOCK_SHARDED,buffer_type=BufferType::L1,shard_spec=ShardSpec(grid={[(x=0,y=0) - (x=7,y=7)]},shape={32, 160},orientation=ShardOrientation::ROW_MAJOR),nd_shard_spec=std::nullopt,created_with_nd_shard_spec=0) mem config. Using computed config. (matmul_op.cpp:1674)
2026-05-29 10:53:51.202 | INFO     | models.demos.wormhole.stable_diffusion.tt.ttnn_functional_unet_2d_condition_model_new_conv:__call__:491 - Up block 0
2026-05-29 10:53:51.203 | INFO     | models.demos.wormhole.stable_diffusion.tt.ttnn_functional_unet_2d_condition_model_new_conv:__call__:491 - Up block 1
2026-05-29 10:53:51.208 | INFO     | models.demos.wormhole.stable_diffusion.tt.ttnn_functional_unet_2d_condition_model_new_conv:__call__:491 - Up block 2
2026-05-29 10:53:51.216 | INFO     | models.demos.wormhole.stable_diffusion.tt.ttnn_functional_unet_2d_condition_model_new_conv:__call__:491 - Up block 3
2026-05-29 10:53:51.237 | INFO     | models.demos.wormhole.stable_diffusion.tt.ttnn_functional_unet_2d_condition_model_new_conv:__call__:406 - Down block 0
2026-05-29 10:53:51.243 | info     |              Op | act_block_h_override 2 is not a valid override for padded_output_height_ntiles_per_core 7, instead 1 was selected as closest valid option! (conv2d_utils.cpp:401)
2026-05-29 10:53:51.243 | INFO     | models.demos.wormhole.stable_diffusion.tt.ttnn_functional_unet_2d_condition_model_new_conv:__call__:406 - Down block 1
2026-05-29 10:53:51.248 | INFO     | models.demos.wormhole.stable_diffusion.tt.ttnn_functional_unet_2d_condition_model_new_conv:__call__:406 - Down block 2
2026-05-29 10:53:51.252 | INFO     | models.demos.wormhole.stable_diffusion.tt.ttnn_functional_unet_2d_condition_model_new_conv:__call__:406 - Down block 3
2026-05-29 10:53:51.252 | INFO     | models.demos.wormhole.stable_diffusion.tt.ttnn_functional_unet_2d_condition_model_new_conv:__call__:460 - Mid block
2026-05-29 10:53:51.253 | warning  |              Op | Mismatch between computed MemoryConfig(memory_layout=TensorMemoryLayout::BLOCK_SHARDED,buffer_type=BufferType::L1,shard_spec=ShardSpec(grid={[(x=0,y=0) - (x=7,y=3)]},shape={32, 160},orientation=ShardOrientation::ROW_MAJOR),nd_shard_spec=NdShardSpec(shard_shape=Shape([32, 160]),grid={[(x=0,y=0) - (x=7,y=3)]},orientation=ShardOrientation::ROW_MAJOR,shard_distribution_strategy=ShardDistributionStrategy::GRID_2D),created_with_nd_shard_spec=0) and provided MemoryConfig(memory_layout=TensorMemoryLayout::BLOCK_SHARDED,buffer_type=BufferType::L1,shard_spec=ShardSpec(grid={[(x=0,y=0) - (x=7,y=7)]},shape={32, 160},orientation=ShardOrientation::ROW_MAJOR),nd_shard_spec=std::nullopt,created_with_nd_shard_spec=0) mem config. Using computed config. (matmul_op.cpp:1674)
2026-05-29 10:53:51.254 | INFO     | models.demos.wormhole.stable_diffusion.tt.ttnn_functional_unet_2d_condition_model_new_conv:__call__:491 - Up block 0
2026-05-29 10:53:51.255 | INFO     | models.demos.wormhole.stable_diffusion.tt.ttnn_functional_unet_2d_condition_model_new_conv:__call__:491 - Up block 1
2026-05-29 10:53:51.260 | INFO     | models.demos.wormhole.stable_diffusion.tt.ttnn_functional_unet_2d_condition_model_new_conv:__call__:491 - Up block 2
2026-05-29 10:53:51.269 | INFO     | models.demos.wormhole.stable_diffusion.tt.ttnn_functional_unet_2d_condition_model_new_conv:__call__:491 - Up block 3
2026-05-29 10:53:51.289 | INFO     | models.demos.wormhole.stable_diffusion.tt.ttnn_functional_unet_2d_condition_model_new_conv:__call__:406 - Down block 0
2026-05-29 10:53:51.295 | info     |              Op | act_block_h_override 2 is not a valid override for padded_output_height_ntiles_per_core 7, instead 1 was selected as closest valid option! (conv2d_utils.cpp:401)
2026-05-29 10:53:51.295 | INFO     | models.demos.wormhole.stable_diffusion.tt.ttnn_functional_unet_2d_condition_model_new_conv:__call__:406 - Down block 1
2026-05-29 10:53:51.300 | INFO     | models.demos.wormhole.stable_diffusion.tt.ttnn_functional_unet_2d_condition_model_new_conv:__call__:406 - Down block 2
2026-05-29 10:53:51.303 | INFO     | models.demos.wormhole.stable_diffusion.tt.ttnn_functional_unet_2d_condition_model_new_conv:__call__:406 - Down block 3
2026-05-29 10:53:51.304 | INFO     | models.demos.wormhole.stable_diffusion.tt.ttnn_functional_unet_2d_condition_model_new_conv:__call__:460 - Mid block
2026-05-29 10:53:51.305 | warning  |              Op | Mismatch between computed MemoryConfig(memory_layout=TensorMemoryLayout::BLOCK_SHARDED,buffer_type=BufferType::L1,shard_spec=ShardSpec(grid={[(x=0,y=0) - (x=7,y=3)]},shape={32, 160},orientation=ShardOrientation::ROW_MAJOR),nd_shard_spec=NdShardSpec(shard_shape=Shape([32, 160]),grid={[(x=0,y=0) - (x=7,y=3)]},orientation=ShardOrientation::ROW_MAJOR,shard_distribution_strategy=ShardDistributionStrategy::GRID_2D),created_with_nd_shard_spec=0) and provided MemoryConfig(memory_layout=TensorMemoryLayout::BLOCK_SHARDED,buffer_type=BufferType::L1,shard_spec=ShardSpec(grid={[(x=0,y=0) - (x=7,y=7)]},shape={32, 160},orientation=ShardOrientation::ROW_MAJOR),nd_shard_spec=std::nullopt,created_with_nd_shard_spec=0) mem config. Using computed config. (matmul_op.cpp:1674)
2026-05-29 10:53:51.306 | INFO     | models.demos.wormhole.stable_diffusion.tt.ttnn_functional_unet_2d_condition_model_new_conv:__call__:491 - Up block 0
2026-05-29 10:53:51.307 | INFO     | models.demos.wormhole.stable_diffusion.tt.ttnn_functional_unet_2d_condition_model_new_conv:__call__:491 - Up block 1
2026-05-29 10:53:51.312 | INFO     | models.demos.wormhole.stable_diffusion.tt.ttnn_functional_unet_2d_condition_model_new_conv:__call__:491 - Up block 2
2026-05-29 10:53:51.320 | INFO     | models.demos.wormhole.stable_diffusion.tt.ttnn_functional_unet_2d_condition_model_new_conv:__call__:491 - Up block 3
  Step 40/41
2026-05-29 10:53:51.343 | INFO     | models.demos.wormhole.stable_diffusion.tt.ttnn_functional_unet_2d_condition_model_new_conv:__call__:406 - Down block 0
2026-05-29 10:53:51.349 | info     |              Op | act_block_h_override 2 is not a valid override for padded_output_height_ntiles_per_core 7, instead 1 was selected as closest valid option! (conv2d_utils.cpp:401)
2026-05-29 10:53:51.350 | INFO     | models.demos.wormhole.stable_diffusion.tt.ttnn_functional_unet_2d_condition_model_new_conv:__call__:406 - Down block 1
2026-05-29 10:53:51.355 | INFO     | models.demos.wormhole.stable_diffusion.tt.ttnn_functional_unet_2d_condition_model_new_conv:__call__:406 - Down block 2
2026-05-29 10:53:51.359 | INFO     | models.demos.wormhole.stable_diffusion.tt.ttnn_functional_unet_2d_condition_model_new_conv:__call__:406 - Down block 3
2026-05-29 10:53:51.359 | INFO     | models.demos.wormhole.stable_diffusion.tt.ttnn_functional_unet_2d_condition_model_new_conv:__call__:460 - Mid block
2026-05-29 10:53:51.360 | warning  |              Op | Mismatch between computed MemoryConfig(memory_layout=TensorMemoryLayout::BLOCK_SHARDED,buffer_type=BufferType::L1,shard_spec=ShardSpec(grid={[(x=0,y=0) - (x=7,y=3)]},shape={32, 160},orientation=ShardOrientation::ROW_MAJOR),nd_shard_spec=NdShardSpec(shard_shape=Shape([32, 160]),grid={[(x=0,y=0) - (x=7,y=3)]},orientation=ShardOrientation::ROW_MAJOR,shard_distribution_strategy=ShardDistributionStrategy::GRID_2D),created_with_nd_shard_spec=0) and provided MemoryConfig(memory_layout=TensorMemoryLayout::BLOCK_SHARDED,buffer_type=BufferType::L1,shard_spec=ShardSpec(grid={[(x=0,y=0) - (x=7,y=7)]},shape={32, 160},orientation=ShardOrientation::ROW_MAJOR),nd_shard_spec=std::nullopt,created_with_nd_shard_spec=0) mem config. Using computed config. (matmul_op.cpp:1674)
2026-05-29 10:53:51.361 | INFO     | models.demos.wormhole.stable_diffusion.tt.ttnn_functional_unet_2d_condition_model_new_conv:__call__:491 - Up block 0
2026-05-29 10:53:51.362 | INFO     | models.demos.wormhole.stable_diffusion.tt.ttnn_functional_unet_2d_condition_model_new_conv:__call__:491 - Up block 1
2026-05-29 10:53:51.367 | INFO     | models.demos.wormhole.stable_diffusion.tt.ttnn_functional_unet_2d_condition_model_new_conv:__call__:491 - Up block 2
2026-05-29 10:53:51.376 | INFO     | models.demos.wormhole.stable_diffusion.tt.ttnn_functional_unet_2d_condition_model_new_conv:__call__:491 - Up block 3
2026-05-29 10:53:51.396 | INFO     | models.demos.wormhole.stable_diffusion.tt.ttnn_functional_unet_2d_condition_model_new_conv:__call__:406 - Down block 0
2026-05-29 10:53:51.401 | info     |              Op | act_block_h_override 2 is not a valid override for padded_output_height_ntiles_per_core 7, instead 1 was selected as closest valid option! (conv2d_utils.cpp:401)
2026-05-29 10:53:51.402 | INFO     | models.demos.wormhole.stable_diffusion.tt.ttnn_functional_unet_2d_condition_model_new_conv:__call__:406 - Down block 1
2026-05-29 10:53:51.407 | INFO     | models.demos.wormhole.stable_diffusion.tt.ttnn_functional_unet_2d_condition_model_new_conv:__call__:406 - Down block 2
2026-05-29 10:53:51.410 | INFO     | models.demos.wormhole.stable_diffusion.tt.ttnn_functional_unet_2d_condition_model_new_conv:__call__:406 - Down block 3
2026-05-29 10:53:51.411 | INFO     | models.demos.wormhole.stable_diffusion.tt.ttnn_functional_unet_2d_condition_model_new_conv:__call__:460 - Mid block
2026-05-29 10:53:51.411 | warning  |              Op | Mismatch between computed MemoryConfig(memory_layout=TensorMemoryLayout::BLOCK_SHARDED,buffer_type=BufferType::L1,shard_spec=ShardSpec(grid={[(x=0,y=0) - (x=7,y=3)]},shape={32, 160},orientation=ShardOrientation::ROW_MAJOR),nd_shard_spec=NdShardSpec(shard_shape=Shape([32, 160]),grid={[(x=0,y=0) - (x=7,y=3)]},orientation=ShardOrientation::ROW_MAJOR,shard_distribution_strategy=ShardDistributionStrategy::GRID_2D),created_with_nd_shard_spec=0) and provided MemoryConfig(memory_layout=TensorMemoryLayout::BLOCK_SHARDED,buffer_type=BufferType::L1,shard_spec=ShardSpec(grid={[(x=0,y=0) - (x=7,y=7)]},shape={32, 160},orientation=ShardOrientation::ROW_MAJOR),nd_shard_spec=std::nullopt,created_with_nd_shard_spec=0) mem config. Using computed config. (matmul_op.cpp:1674)
2026-05-29 10:53:51.413 | INFO     | models.demos.wormhole.stable_diffusion.tt.ttnn_functional_unet_2d_condition_model_new_conv:__call__:491 - Up block 0
2026-05-29 10:53:51.414 | INFO     | models.demos.wormhole.stable_diffusion.tt.ttnn_functional_unet_2d_condition_model_new_conv:__call__:491 - Up block 1
2026-05-29 10:53:51.419 | INFO     | models.demos.wormhole.stable_diffusion.tt.ttnn_functional_unet_2d_condition_model_new_conv:__call__:491 - Up block 2
2026-05-29 10:53:51.427 | INFO     | models.demos.wormhole.stable_diffusion.tt.ttnn_functional_unet_2d_condition_model_new_conv:__call__:491 - Up block 3
2026-05-29 10:53:51.447 | INFO     | models.demos.wormhole.stable_diffusion.tt.ttnn_functional_unet_2d_condition_model_new_conv:__call__:406 - Down block 0
2026-05-29 10:53:51.453 | info     |              Op | act_block_h_override 2 is not a valid override for padded_output_height_ntiles_per_core 7, instead 1 was selected as closest valid option! (conv2d_utils.cpp:401)
2026-05-29 10:53:51.453 | INFO     | models.demos.wormhole.stable_diffusion.tt.ttnn_functional_unet_2d_condition_model_new_conv:__call__:406 - Down block 1
2026-05-29 10:53:51.459 | INFO     | models.demos.wormhole.stable_diffusion.tt.ttnn_functional_unet_2d_condition_model_new_conv:__call__:406 - Down block 2
2026-05-29 10:53:51.462 | INFO     | models.demos.wormhole.stable_diffusion.tt.ttnn_functional_unet_2d_condition_model_new_conv:__call__:406 - Down block 3
2026-05-29 10:53:51.463 | INFO     | models.demos.wormhole.stable_diffusion.tt.ttnn_functional_unet_2d_condition_model_new_conv:__call__:460 - Mid block
2026-05-29 10:53:51.463 | warning  |              Op | Mismatch between computed MemoryConfig(memory_layout=TensorMemoryLayout::BLOCK_SHARDED,buffer_type=BufferType::L1,shard_spec=ShardSpec(grid={[(x=0,y=0) - (x=7,y=3)]},shape={32, 160},orientation=ShardOrientation::ROW_MAJOR),nd_shard_spec=NdShardSpec(shard_shape=Shape([32, 160]),grid={[(x=0,y=0) - (x=7,y=3)]},orientation=ShardOrientation::ROW_MAJOR,shard_distribution_strategy=ShardDistributionStrategy::GRID_2D),created_with_nd_shard_spec=0) and provided MemoryConfig(memory_layout=TensorMemoryLayout::BLOCK_SHARDED,buffer_type=BufferType::L1,shard_spec=ShardSpec(grid={[(x=0,y=0) - (x=7,y=7)]},shape={32, 160},orientation=ShardOrientation::ROW_MAJOR),nd_shard_spec=std::nullopt,created_with_nd_shard_spec=0) mem config. Using computed config. (matmul_op.cpp:1674)
2026-05-29 10:53:51.465 | INFO     | models.demos.wormhole.stable_diffusion.tt.ttnn_functional_unet_2d_condition_model_new_conv:__call__:491 - Up block 0
2026-05-29 10:53:51.466 | INFO     | models.demos.wormhole.stable_diffusion.tt.ttnn_functional_unet_2d_condition_model_new_conv:__call__:491 - Up block 1
2026-05-29 10:53:51.471 | INFO     | models.demos.wormhole.stable_diffusion.tt.ttnn_functional_unet_2d_condition_model_new_conv:__call__:491 - Up block 2
2026-05-29 10:53:51.479 | INFO     | models.demos.wormhole.stable_diffusion.tt.ttnn_functional_unet_2d_condition_model_new_conv:__call__:491 - Up block 3
2026-05-29 10:53:51.499 | INFO     | models.demos.wormhole.stable_diffusion.tt.ttnn_functional_unet_2d_condition_model_new_conv:__call__:406 - Down block 0
2026-05-29 10:53:51.505 | info     |              Op | act_block_h_override 2 is not a valid override for padded_output_height_ntiles_per_core 7, instead 1 was selected as closest valid option! (conv2d_utils.cpp:401)
2026-05-29 10:53:51.505 | INFO     | models.demos.wormhole.stable_diffusion.tt.ttnn_functional_unet_2d_condition_model_new_conv:__call__:406 - Down block 1
2026-05-29 10:53:51.511 | INFO     | models.demos.wormhole.stable_diffusion.tt.ttnn_functional_unet_2d_condition_model_new_conv:__call__:406 - Down block 2
2026-05-29 10:53:51.515 | INFO     | models.demos.wormhole.stable_diffusion.tt.ttnn_functional_unet_2d_condition_model_new_conv:__call__:406 - Down block 3
2026-05-29 10:53:51.515 | INFO     | models.demos.wormhole.stable_diffusion.tt.ttnn_functional_unet_2d_condition_model_new_conv:__call__:460 - Mid block
2026-05-29 10:53:51.516 | warning  |              Op | Mismatch between computed MemoryConfig(memory_layout=TensorMemoryLayout::BLOCK_SHARDED,buffer_type=BufferType::L1,shard_spec=ShardSpec(grid={[(x=0,y=0) - (x=7,y=3)]},shape={32, 160},orientation=ShardOrientation::ROW_MAJOR),nd_shard_spec=NdShardSpec(shard_shape=Shape([32, 160]),grid={[(x=0,y=0) - (x=7,y=3)]},orientation=ShardOrientation::ROW_MAJOR,shard_distribution_strategy=ShardDistributionStrategy::GRID_2D),created_with_nd_shard_spec=0) and provided MemoryConfig(memory_layout=TensorMemoryLayout::BLOCK_SHARDED,buffer_type=BufferType::L1,shard_spec=ShardSpec(grid={[(x=0,y=0) - (x=7,y=7)]},shape={32, 160},orientation=ShardOrientation::ROW_MAJOR),nd_shard_spec=std::nullopt,created_with_nd_shard_spec=0) mem config. Using computed config. (matmul_op.cpp:1674)
2026-05-29 10:53:51.517 | INFO     | models.demos.wormhole.stable_diffusion.tt.ttnn_functional_unet_2d_condition_model_new_conv:__call__:491 - Up block 0
2026-05-29 10:53:51.519 | INFO     | models.demos.wormhole.stable_diffusion.tt.ttnn_functional_unet_2d_condition_model_new_conv:__call__:491 - Up block 1
2026-05-29 10:53:51.524 | INFO     | models.demos.wormhole.stable_diffusion.tt.ttnn_functional_unet_2d_condition_model_new_conv:__call__:491 - Up block 2
2026-05-29 10:53:51.532 | INFO     | models.demos.wormhole.stable_diffusion.tt.ttnn_functional_unet_2d_condition_model_new_conv:__call__:491 - Up block 3
2026-05-29 10:53:51.552 | INFO     | models.demos.wormhole.stable_diffusion.tt.ttnn_functional_unet_2d_condition_model_new_conv:__call__:406 - Down block 0
2026-05-29 10:53:51.558 | info     |              Op | act_block_h_override 2 is not a valid override for padded_output_height_ntiles_per_core 7, instead 1 was selected as closest valid option! (conv2d_utils.cpp:401)
2026-05-29 10:53:51.558 | INFO     | models.demos.wormhole.stable_diffusion.tt.ttnn_functional_unet_2d_condition_model_new_conv:__call__:406 - Down block 1
2026-05-29 10:53:51.563 | INFO     | models.demos.wormhole.stable_diffusion.tt.ttnn_functional_unet_2d_condition_model_new_conv:__call__:406 - Down block 2
2026-05-29 10:53:51.567 | INFO     | models.demos.wormhole.stable_diffusion.tt.ttnn_functional_unet_2d_condition_model_new_conv:__call__:406 - Down block 3
2026-05-29 10:53:51.567 | INFO     | models.demos.wormhole.stable_diffusion.tt.ttnn_functional_unet_2d_condition_model_new_conv:__call__:460 - Mid block
2026-05-29 10:53:51.568 | warning  |              Op | Mismatch between computed MemoryConfig(memory_layout=TensorMemoryLayout::BLOCK_SHARDED,buffer_type=BufferType::L1,shard_spec=ShardSpec(grid={[(x=0,y=0) - (x=7,y=3)]},shape={32, 160},orientation=ShardOrientation::ROW_MAJOR),nd_shard_spec=NdShardSpec(shard_shape=Shape([32, 160]),grid={[(x=0,y=0) - (x=7,y=3)]},orientation=ShardOrientation::ROW_MAJOR,shard_distribution_strategy=ShardDistributionStrategy::GRID_2D),created_with_nd_shard_spec=0) and provided MemoryConfig(memory_layout=TensorMemoryLayout::BLOCK_SHARDED,buffer_type=BufferType::L1,shard_spec=ShardSpec(grid={[(x=0,y=0) - (x=7,y=7)]},shape={32, 160},orientation=ShardOrientation::ROW_MAJOR),nd_shard_spec=std::nullopt,created_with_nd_shard_spec=0) mem config. Using computed config. (matmul_op.cpp:1674)
2026-05-29 10:53:51.569 | INFO     | models.demos.wormhole.stable_diffusion.tt.ttnn_functional_unet_2d_condition_model_new_conv:__call__:491 - Up block 0
2026-05-29 10:53:51.570 | INFO     | models.demos.wormhole.stable_diffusion.tt.ttnn_functional_unet_2d_condition_model_new_conv:__call__:491 - Up block 1
2026-05-29 10:53:51.575 | INFO     | models.demos.wormhole.stable_diffusion.tt.ttnn_functional_unet_2d_condition_model_new_conv:__call__:491 - Up block 2
2026-05-29 10:53:51.583 | INFO     | models.demos.wormhole.stable_diffusion.tt.ttnn_functional_unet_2d_condition_model_new_conv:__call__:491 - Up block 3
2026-05-29 10:53:51.604 | INFO     | models.demos.wormhole.stable_diffusion.tt.ttnn_functional_unet_2d_condition_model_new_conv:__call__:406 - Down block 0
2026-05-29 10:53:51.610 | info     |              Op | act_block_h_override 2 is not a valid override for padded_output_height_ntiles_per_core 7, instead 1 was selected as closest valid option! (conv2d_utils.cpp:401)
2026-05-29 10:53:51.610 | INFO     | models.demos.wormhole.stable_diffusion.tt.ttnn_functional_unet_2d_condition_model_new_conv:__call__:406 - Down block 1
2026-05-29 10:53:51.615 | INFO     | models.demos.wormhole.stable_diffusion.tt.ttnn_functional_unet_2d_condition_model_new_conv:__call__:406 - Down block 2
2026-05-29 10:53:51.619 | INFO     | models.demos.wormhole.stable_diffusion.tt.ttnn_functional_unet_2d_condition_model_new_conv:__call__:406 - Down block 3
2026-05-29 10:53:51.619 | INFO     | models.demos.wormhole.stable_diffusion.tt.ttnn_functional_unet_2d_condition_model_new_conv:__call__:460 - Mid block
2026-05-29 10:53:51.620 | warning  |              Op | Mismatch between computed MemoryConfig(memory_layout=TensorMemoryLayout::BLOCK_SHARDED,buffer_type=BufferType::L1,shard_spec=ShardSpec(grid={[(x=0,y=0) - (x=7,y=3)]},shape={32, 160},orientation=ShardOrientation::ROW_MAJOR),nd_shard_spec=NdShardSpec(shard_shape=Shape([32, 160]),grid={[(x=0,y=0) - (x=7,y=3)]},orientation=ShardOrientation::ROW_MAJOR,shard_distribution_strategy=ShardDistributionStrategy::GRID_2D),created_with_nd_shard_spec=0) and provided MemoryConfig(memory_layout=TensorMemoryLayout::BLOCK_SHARDED,buffer_type=BufferType::L1,shard_spec=ShardSpec(grid={[(x=0,y=0) - (x=7,y=7)]},shape={32, 160},orientation=ShardOrientation::ROW_MAJOR),nd_shard_spec=std::nullopt,created_with_nd_shard_spec=0) mem config. Using computed config. (matmul_op.cpp:1674)
2026-05-29 10:53:51.621 | INFO     | models.demos.wormhole.stable_diffusion.tt.ttnn_functional_unet_2d_condition_model_new_conv:__call__:491 - Up block 0
2026-05-29 10:53:51.623 | INFO     | models.demos.wormhole.stable_diffusion.tt.ttnn_functional_unet_2d_condition_model_new_conv:__call__:491 - Up block 1
2026-05-29 10:53:51.628 | INFO     | models.demos.wormhole.stable_diffusion.tt.ttnn_functional_unet_2d_condition_model_new_conv:__call__:491 - Up block 2
2026-05-29 10:53:51.636 | INFO     | models.demos.wormhole.stable_diffusion.tt.ttnn_functional_unet_2d_condition_model_new_conv:__call__:491 - Up block 3
2026-05-29 10:53:51.656 | INFO     | models.demos.wormhole.stable_diffusion.tt.ttnn_functional_unet_2d_condition_model_new_conv:__call__:406 - Down block 0
2026-05-29 10:53:51.662 | info     |              Op | act_block_h_override 2 is not a valid override for padded_output_height_ntiles_per_core 7, instead 1 was selected as closest valid option! (conv2d_utils.cpp:401)
2026-05-29 10:53:51.662 | INFO     | models.demos.wormhole.stable_diffusion.tt.ttnn_functional_unet_2d_condition_model_new_conv:__call__:406 - Down block 1
2026-05-29 10:53:51.667 | INFO     | models.demos.wormhole.stable_diffusion.tt.ttnn_functional_unet_2d_condition_model_new_conv:__call__:406 - Down block 2
2026-05-29 10:53:51.671 | INFO     | models.demos.wormhole.stable_diffusion.tt.ttnn_functional_unet_2d_condition_model_new_conv:__call__:406 - Down block 3
2026-05-29 10:53:51.671 | INFO     | models.demos.wormhole.stable_diffusion.tt.ttnn_functional_unet_2d_condition_model_new_conv:__call__:460 - Mid block
2026-05-29 10:53:51.672 | warning  |              Op | Mismatch between computed MemoryConfig(memory_layout=TensorMemoryLayout::BLOCK_SHARDED,buffer_type=BufferType::L1,shard_spec=ShardSpec(grid={[(x=0,y=0) - (x=7,y=3)]},shape={32, 160},orientation=ShardOrientation::ROW_MAJOR),nd_shard_spec=NdShardSpec(shard_shape=Shape([32, 160]),grid={[(x=0,y=0) - (x=7,y=3)]},orientation=ShardOrientation::ROW_MAJOR,shard_distribution_strategy=ShardDistributionStrategy::GRID_2D),created_with_nd_shard_spec=0) and provided MemoryConfig(memory_layout=TensorMemoryLayout::BLOCK_SHARDED,buffer_type=BufferType::L1,shard_spec=ShardSpec(grid={[(x=0,y=0) - (x=7,y=7)]},shape={32, 160},orientation=ShardOrientation::ROW_MAJOR),nd_shard_spec=std::nullopt,created_with_nd_shard_spec=0) mem config. Using computed config. (matmul_op.cpp:1674)
2026-05-29 10:53:51.673 | INFO     | models.demos.wormhole.stable_diffusion.tt.ttnn_functional_unet_2d_condition_model_new_conv:__call__:491 - Up block 0
2026-05-29 10:53:51.675 | INFO     | models.demos.wormhole.stable_diffusion.tt.ttnn_functional_unet_2d_condition_model_new_conv:__call__:491 - Up block 1
2026-05-29 10:53:51.679 | INFO     | models.demos.wormhole.stable_diffusion.tt.ttnn_functional_unet_2d_condition_model_new_conv:__call__:491 - Up block 2
2026-05-29 10:53:51.688 | INFO     | models.demos.wormhole.stable_diffusion.tt.ttnn_functional_unet_2d_condition_model_new_conv:__call__:491 - Up block 3
2026-05-29 10:53:51.708 | INFO     | models.demos.wormhole.stable_diffusion.tt.ttnn_functional_unet_2d_condition_model_new_conv:__call__:406 - Down block 0
2026-05-29 10:53:51.713 | info     |              Op | act_block_h_override 2 is not a valid override for padded_output_height_ntiles_per_core 7, instead 1 was selected as closest valid option! (conv2d_utils.cpp:401)
2026-05-29 10:53:51.713 | INFO     | models.demos.wormhole.stable_diffusion.tt.ttnn_functional_unet_2d_condition_model_new_conv:__call__:406 - Down block 1
2026-05-29 10:53:51.719 | INFO     | models.demos.wormhole.stable_diffusion.tt.ttnn_functional_unet_2d_condition_model_new_conv:__call__:406 - Down block 2
2026-05-29 10:53:51.722 | INFO     | models.demos.wormhole.stable_diffusion.tt.ttnn_functional_unet_2d_condition_model_new_conv:__call__:406 - Down block 3
2026-05-29 10:53:51.723 | INFO     | models.demos.wormhole.stable_diffusion.tt.ttnn_functional_unet_2d_condition_model_new_conv:__call__:460 - Mid block
2026-05-29 10:53:51.723 | warning  |              Op | Mismatch between computed MemoryConfig(memory_layout=TensorMemoryLayout::BLOCK_SHARDED,buffer_type=BufferType::L1,shard_spec=ShardSpec(grid={[(x=0,y=0) - (x=7,y=3)]},shape={32, 160},orientation=ShardOrientation::ROW_MAJOR),nd_shard_spec=NdShardSpec(shard_shape=Shape([32, 160]),grid={[(x=0,y=0) - (x=7,y=3)]},orientation=ShardOrientation::ROW_MAJOR,shard_distribution_strategy=ShardDistributionStrategy::GRID_2D),created_with_nd_shard_spec=0) and provided MemoryConfig(memory_layout=TensorMemoryLayout::BLOCK_SHARDED,buffer_type=BufferType::L1,shard_spec=ShardSpec(grid={[(x=0,y=0) - (x=7,y=7)]},shape={32, 160},orientation=ShardOrientation::ROW_MAJOR),nd_shard_spec=std::nullopt,created_with_nd_shard_spec=0) mem config. Using computed config. (matmul_op.cpp:1674)
2026-05-29 10:53:51.725 | INFO     | models.demos.wormhole.stable_diffusion.tt.ttnn_functional_unet_2d_condition_model_new_conv:__call__:491 - Up block 0
2026-05-29 10:53:51.726 | INFO     | models.demos.wormhole.stable_diffusion.tt.ttnn_functional_unet_2d_condition_model_new_conv:__call__:491 - Up block 1
2026-05-29 10:53:51.731 | INFO     | models.demos.wormhole.stable_diffusion.tt.ttnn_functional_unet_2d_condition_model_new_conv:__call__:491 - Up block 2
2026-05-29 10:53:51.739 | INFO     | models.demos.wormhole.stable_diffusion.tt.ttnn_functional_unet_2d_condition_model_new_conv:__call__:491 - Up block 3
  Step 41/41
  Frame 1/8 decoded
  Frame 2/8 decoded
  Frame 3/8 decoded
  Frame 4/8 decoded
  Frame 5/8 decoded
  Frame 6/8 decoded
  Frame 7/8 decoded
  Frame 8/8 decoded
  Generated in 128.5s (16.1s/frame)

Device closed.

Saved 8 frames → /home/ttuser/.local/share/tt-video-gen/videos/20260529_175144_975d1c31.gif

TTNN UNet spatial denoising: Blackhole hardware
Cross-frame temporal attention (alpha=0.35): CPU at each step
VAE decode: CPU (TTNN VAE conv_out OOMs on Blackhole)
2026-05-29 10:54:14.560 | info     |          Device | Closing user mode device drivers (tt_cluster.cpp:431)
2026-05-29 10:54:14.647 | info     |             UMD | Unpinning pages for DMA: virtual address 0x7de77a000000 and size 0x100000000 (pci_device.cpp:704)
2026-05-29 10:54:14.805 | info     |             UMD | Unpinning pages for DMA: virtual address 0x7df09a200000 and size 0x100000000 (pci_device.cpp:704)
2026-05-29 10:54:14.975 | info     |             UMD | Unpinning pages for DMA: virtual address 0x7df9ba200000 and size 0x100000000 (pci_device.cpp:704)
2026-05-29 10:54:15.205 | info     |             UMD | Unpinning pages for DMA: virtual address 0x7e02da400000 and size 0x100000000 (pci_device.cpp:704)
